record_type,sigma,player,position,consensus_rank,positional_rank,tier,pick,value,note
player_available,5.0,Ja'Marr Chase,WR,1,1,T1,6,0.194,
player_available,5.0,Ja'Marr Chase,WR,1,1,T1,19,0.0,
player_available,5.0,Ja'Marr Chase,WR,1,1,T1,30,0.0,
player_available,5.0,Ja'Marr Chase,WR,1,1,T1,43,0.0,
player_available,5.0,Ja'Marr Chase,WR,1,1,T1,54,0.0,
player_available,5.0,Ja'Marr Chase,WR,1,1,T1,67,0.0,
player_available,5.0,Ja'Marr Chase,WR,1,1,T1,78,0.0,
player_available,5.0,Ja'Marr Chase,WR,1,1,T1,91,0.0,
player_available,5.0,Ja'Marr Chase,WR,1,1,T1,102,0.0,
player_available,5.0,Ja'Marr Chase,WR,1,1,T1,115,0.0,
player_available,5.0,Ja'Marr Chase,WR,1,1,T1,126,0.0,
player_available,5.0,Ja'Marr Chase,WR,1,1,T1,139,0.0,
player_available,5.0,Ja'Marr Chase,WR,1,1,T1,150,0.0,
player_available,5.0,Ja'Marr Chase,WR,1,1,T1,163,0.0,
player_available,5.0,Ja'Marr Chase,WR,1,1,T1,174,0.0,
player_available,5.0,Bijan Robinson,RB,2,1,T1,6,0.2703,
player_available,5.0,Bijan Robinson,RB,2,1,T1,19,0.0,
player_available,5.0,Bijan Robinson,RB,2,1,T1,30,0.0,
player_available,5.0,Bijan Robinson,RB,2,1,T1,43,0.0,
player_available,5.0,Bijan Robinson,RB,2,1,T1,54,0.0,
player_available,5.0,Bijan Robinson,RB,2,1,T1,67,0.0,
player_available,5.0,Bijan Robinson,RB,2,1,T1,78,0.0,
player_available,5.0,Bijan Robinson,RB,2,1,T1,91,0.0,
player_available,5.0,Bijan Robinson,RB,2,1,T1,102,0.0,
player_available,5.0,Bijan Robinson,RB,2,1,T1,115,0.0,
player_available,5.0,Bijan Robinson,RB,2,1,T1,126,0.0,
player_available,5.0,Bijan Robinson,RB,2,1,T1,139,0.0,
player_available,5.0,Bijan Robinson,RB,2,1,T1,150,0.0,
player_available,5.0,Bijan Robinson,RB,2,1,T1,163,0.0,
player_available,5.0,Bijan Robinson,RB,2,1,T1,174,0.0,
player_available,5.0,Puka Nacua,WR,3,2,T1,6,0.359,
player_available,5.0,Puka Nacua,WR,3,2,T1,19,0.0013,
player_available,5.0,Puka Nacua,WR,3,2,T1,30,0.0,
player_available,5.0,Puka Nacua,WR,3,2,T1,43,0.0,
player_available,5.0,Puka Nacua,WR,3,2,T1,54,0.0,
player_available,5.0,Puka Nacua,WR,3,2,T1,67,0.0,
player_available,5.0,Puka Nacua,WR,3,2,T1,78,0.0,
player_available,5.0,Puka Nacua,WR,3,2,T1,91,0.0,
player_available,5.0,Puka Nacua,WR,3,2,T1,102,0.0,
player_available,5.0,Puka Nacua,WR,3,2,T1,115,0.0,
player_available,5.0,Puka Nacua,WR,3,2,T1,126,0.0,
player_available,5.0,Puka Nacua,WR,3,2,T1,139,0.0,
player_available,5.0,Puka Nacua,WR,3,2,T1,150,0.0,
player_available,5.0,Puka Nacua,WR,3,2,T1,163,0.0,
player_available,5.0,Puka Nacua,WR,3,2,T1,174,0.0,
player_available,5.0,Jahmyr Gibbs,RB,4,2,T1,6,0.417,
player_available,5.0,Jahmyr Gibbs,RB,4,2,T1,19,0.002,
player_available,5.0,Jahmyr Gibbs,RB,4,2,T1,30,0.0,
player_available,5.0,Jahmyr Gibbs,RB,4,2,T1,43,0.0,
player_available,5.0,Jahmyr Gibbs,RB,4,2,T1,54,0.0,
player_available,5.0,Jahmyr Gibbs,RB,4,2,T1,67,0.0,
player_available,5.0,Jahmyr Gibbs,RB,4,2,T1,78,0.0,
player_available,5.0,Jahmyr Gibbs,RB,4,2,T1,91,0.0,
player_available,5.0,Jahmyr Gibbs,RB,4,2,T1,102,0.0,
player_available,5.0,Jahmyr Gibbs,RB,4,2,T1,115,0.0,
player_available,5.0,Jahmyr Gibbs,RB,4,2,T1,126,0.0,
player_available,5.0,Jahmyr Gibbs,RB,4,2,T1,139,0.0,
player_available,5.0,Jahmyr Gibbs,RB,4,2,T1,150,0.0,
player_available,5.0,Jahmyr Gibbs,RB,4,2,T1,163,0.0,
player_available,5.0,Jahmyr Gibbs,RB,4,2,T1,174,0.0,
player_available,5.0,Jaxon Smith-Njigba,WR,5,3,T1,6,0.5053,
player_available,5.0,Jaxon Smith-Njigba,WR,5,3,T1,19,0.003,
player_available,5.0,Jaxon Smith-Njigba,WR,5,3,T1,30,0.0,
player_available,5.0,Jaxon Smith-Njigba,WR,5,3,T1,43,0.0,
player_available,5.0,Jaxon Smith-Njigba,WR,5,3,T1,54,0.0,
player_available,5.0,Jaxon Smith-Njigba,WR,5,3,T1,67,0.0,
player_available,5.0,Jaxon Smith-Njigba,WR,5,3,T1,78,0.0,
player_available,5.0,Jaxon Smith-Njigba,WR,5,3,T1,91,0.0,
player_available,5.0,Jaxon Smith-Njigba,WR,5,3,T1,102,0.0,
player_available,5.0,Jaxon Smith-Njigba,WR,5,3,T1,115,0.0,
player_available,5.0,Jaxon Smith-Njigba,WR,5,3,T1,126,0.0,
player_available,5.0,Jaxon Smith-Njigba,WR,5,3,T1,139,0.0,
player_available,5.0,Jaxon Smith-Njigba,WR,5,3,T1,150,0.0,
player_available,5.0,Jaxon Smith-Njigba,WR,5,3,T1,163,0.0,
player_available,5.0,Jaxon Smith-Njigba,WR,5,3,T1,174,0.0,
player_available,5.0,Amon-Ra St. Brown,WR,6,4,T1,6,0.5777,
player_available,5.0,Amon-Ra St. Brown,WR,6,4,T1,19,0.0073,
player_available,5.0,Amon-Ra St. Brown,WR,6,4,T1,30,0.0,
player_available,5.0,Amon-Ra St. Brown,WR,6,4,T1,43,0.0,
player_available,5.0,Amon-Ra St. Brown,WR,6,4,T1,54,0.0,
player_available,5.0,Amon-Ra St. Brown,WR,6,4,T1,67,0.0,
player_available,5.0,Amon-Ra St. Brown,WR,6,4,T1,78,0.0,
player_available,5.0,Amon-Ra St. Brown,WR,6,4,T1,91,0.0,
player_available,5.0,Amon-Ra St. Brown,WR,6,4,T1,102,0.0,
player_available,5.0,Amon-Ra St. Brown,WR,6,4,T1,115,0.0,
player_available,5.0,Amon-Ra St. Brown,WR,6,4,T1,126,0.0,
player_available,5.0,Amon-Ra St. Brown,WR,6,4,T1,139,0.0,
player_available,5.0,Amon-Ra St. Brown,WR,6,4,T1,150,0.0,
player_available,5.0,Amon-Ra St. Brown,WR,6,4,T1,163,0.0,
player_available,5.0,Amon-Ra St. Brown,WR,6,4,T1,174,0.0,
player_available,5.0,CeeDee Lamb,WR,7,5,T1,6,0.6573,
player_available,5.0,CeeDee Lamb,WR,7,5,T1,19,0.0107,
player_available,5.0,CeeDee Lamb,WR,7,5,T1,30,0.0,
player_available,5.0,CeeDee Lamb,WR,7,5,T1,43,0.0,
player_available,5.0,CeeDee Lamb,WR,7,5,T1,54,0.0,
player_available,5.0,CeeDee Lamb,WR,7,5,T1,67,0.0,
player_available,5.0,CeeDee Lamb,WR,7,5,T1,78,0.0,
player_available,5.0,CeeDee Lamb,WR,7,5,T1,91,0.0,
player_available,5.0,CeeDee Lamb,WR,7,5,T1,102,0.0,
player_available,5.0,CeeDee Lamb,WR,7,5,T1,115,0.0,
player_available,5.0,CeeDee Lamb,WR,7,5,T1,126,0.0,
player_available,5.0,CeeDee Lamb,WR,7,5,T1,139,0.0,
player_available,5.0,CeeDee Lamb,WR,7,5,T1,150,0.0,
player_available,5.0,CeeDee Lamb,WR,7,5,T1,163,0.0,
player_available,5.0,CeeDee Lamb,WR,7,5,T1,174,0.0,
player_available,5.0,Christian McCaffrey,RB,8,3,T1,6,0.7193,
player_available,5.0,Christian McCaffrey,RB,8,3,T1,19,0.019,
player_available,5.0,Christian McCaffrey,RB,8,3,T1,30,0.0,
player_available,5.0,Christian McCaffrey,RB,8,3,T1,43,0.0,
player_available,5.0,Christian McCaffrey,RB,8,3,T1,54,0.0,
player_available,5.0,Christian McCaffrey,RB,8,3,T1,67,0.0,
player_available,5.0,Christian McCaffrey,RB,8,3,T1,78,0.0,
player_available,5.0,Christian McCaffrey,RB,8,3,T1,91,0.0,
player_available,5.0,Christian McCaffrey,RB,8,3,T1,102,0.0,
player_available,5.0,Christian McCaffrey,RB,8,3,T1,115,0.0,
player_available,5.0,Christian McCaffrey,RB,8,3,T1,126,0.0,
player_available,5.0,Christian McCaffrey,RB,8,3,T1,139,0.0,
player_available,5.0,Christian McCaffrey,RB,8,3,T1,150,0.0,
player_available,5.0,Christian McCaffrey,RB,8,3,T1,163,0.0,
player_available,5.0,Christian McCaffrey,RB,8,3,T1,174,0.0,
player_available,5.0,Justin Jefferson,WR,9,6,T2,6,0.7877,
player_available,5.0,Justin Jefferson,WR,9,6,T2,19,0.0223,
player_available,5.0,Justin Jefferson,WR,9,6,T2,30,0.0,
player_available,5.0,Justin Jefferson,WR,9,6,T2,43,0.0,
player_available,5.0,Justin Jefferson,WR,9,6,T2,54,0.0,
player_available,5.0,Justin Jefferson,WR,9,6,T2,67,0.0,
player_available,5.0,Justin Jefferson,WR,9,6,T2,78,0.0,
player_available,5.0,Justin Jefferson,WR,9,6,T2,91,0.0,
player_available,5.0,Justin Jefferson,WR,9,6,T2,102,0.0,
player_available,5.0,Justin Jefferson,WR,9,6,T2,115,0.0,
player_available,5.0,Justin Jefferson,WR,9,6,T2,126,0.0,
player_available,5.0,Justin Jefferson,WR,9,6,T2,139,0.0,
player_available,5.0,Justin Jefferson,WR,9,6,T2,150,0.0,
player_available,5.0,Justin Jefferson,WR,9,6,T2,163,0.0,
player_available,5.0,Justin Jefferson,WR,9,6,T2,174,0.0,
player_available,5.0,Jonathan Taylor,RB,10,4,T1,6,0.8597,
player_available,5.0,Jonathan Taylor,RB,10,4,T1,19,0.0467,
player_available,5.0,Jonathan Taylor,RB,10,4,T1,30,0.0,
player_available,5.0,Jonathan Taylor,RB,10,4,T1,43,0.0,
player_available,5.0,Jonathan Taylor,RB,10,4,T1,54,0.0,
player_available,5.0,Jonathan Taylor,RB,10,4,T1,67,0.0,
player_available,5.0,Jonathan Taylor,RB,10,4,T1,78,0.0,
player_available,5.0,Jonathan Taylor,RB,10,4,T1,91,0.0,
player_available,5.0,Jonathan Taylor,RB,10,4,T1,102,0.0,
player_available,5.0,Jonathan Taylor,RB,10,4,T1,115,0.0,
player_available,5.0,Jonathan Taylor,RB,10,4,T1,126,0.0,
player_available,5.0,Jonathan Taylor,RB,10,4,T1,139,0.0,
player_available,5.0,Jonathan Taylor,RB,10,4,T1,150,0.0,
player_available,5.0,Jonathan Taylor,RB,10,4,T1,163,0.0,
player_available,5.0,Jonathan Taylor,RB,10,4,T1,174,0.0,
player_available,5.0,Drake London,WR,11,7,T2,6,0.8893,
player_available,5.0,Drake London,WR,11,7,T2,19,0.0653,
player_available,5.0,Drake London,WR,11,7,T2,30,0.0,
player_available,5.0,Drake London,WR,11,7,T2,43,0.0,
player_available,5.0,Drake London,WR,11,7,T2,54,0.0,
player_available,5.0,Drake London,WR,11,7,T2,67,0.0,
player_available,5.0,Drake London,WR,11,7,T2,78,0.0,
player_available,5.0,Drake London,WR,11,7,T2,91,0.0,
player_available,5.0,Drake London,WR,11,7,T2,102,0.0,
player_available,5.0,Drake London,WR,11,7,T2,115,0.0,
player_available,5.0,Drake London,WR,11,7,T2,126,0.0,
player_available,5.0,Drake London,WR,11,7,T2,139,0.0,
player_available,5.0,Drake London,WR,11,7,T2,150,0.0,
player_available,5.0,Drake London,WR,11,7,T2,163,0.0,
player_available,5.0,Drake London,WR,11,7,T2,174,0.0,
player_available,5.0,A.J. Brown,WR,12,8,T2,6,0.9133,
player_available,5.0,A.J. Brown,WR,12,8,T2,19,0.0913,
player_available,5.0,A.J. Brown,WR,12,8,T2,30,0.0003,
player_available,5.0,A.J. Brown,WR,12,8,T2,43,0.0,
player_available,5.0,A.J. Brown,WR,12,8,T2,54,0.0,
player_available,5.0,A.J. Brown,WR,12,8,T2,67,0.0,
player_available,5.0,A.J. Brown,WR,12,8,T2,78,0.0,
player_available,5.0,A.J. Brown,WR,12,8,T2,91,0.0,
player_available,5.0,A.J. Brown,WR,12,8,T2,102,0.0,
player_available,5.0,A.J. Brown,WR,12,8,T2,115,0.0,
player_available,5.0,A.J. Brown,WR,12,8,T2,126,0.0,
player_available,5.0,A.J. Brown,WR,12,8,T2,139,0.0,
player_available,5.0,A.J. Brown,WR,12,8,T2,150,0.0,
player_available,5.0,A.J. Brown,WR,12,8,T2,163,0.0,
player_available,5.0,A.J. Brown,WR,12,8,T2,174,0.0,
player_available,5.0,Nico Collins,WR,13,9,T2,6,0.9443,
player_available,5.0,Nico Collins,WR,13,9,T2,19,0.1327,
player_available,5.0,Nico Collins,WR,13,9,T2,30,0.0,
player_available,5.0,Nico Collins,WR,13,9,T2,43,0.0,
player_available,5.0,Nico Collins,WR,13,9,T2,54,0.0,
player_available,5.0,Nico Collins,WR,13,9,T2,67,0.0,
player_available,5.0,Nico Collins,WR,13,9,T2,78,0.0,
player_available,5.0,Nico Collins,WR,13,9,T2,91,0.0,
player_available,5.0,Nico Collins,WR,13,9,T2,102,0.0,
player_available,5.0,Nico Collins,WR,13,9,T2,115,0.0,
player_available,5.0,Nico Collins,WR,13,9,T2,126,0.0,
player_available,5.0,Nico Collins,WR,13,9,T2,139,0.0,
player_available,5.0,Nico Collins,WR,13,9,T2,150,0.0,
player_available,5.0,Nico Collins,WR,13,9,T2,163,0.0,
player_available,5.0,Nico Collins,WR,13,9,T2,174,0.0,
player_available,5.0,Ashton Jeanty,RB,14,5,T2,6,0.966,
player_available,5.0,Ashton Jeanty,RB,14,5,T2,19,0.185,
player_available,5.0,Ashton Jeanty,RB,14,5,T2,30,0.0,
player_available,5.0,Ashton Jeanty,RB,14,5,T2,43,0.0,
player_available,5.0,Ashton Jeanty,RB,14,5,T2,54,0.0,
player_available,5.0,Ashton Jeanty,RB,14,5,T2,67,0.0,
player_available,5.0,Ashton Jeanty,RB,14,5,T2,78,0.0,
player_available,5.0,Ashton Jeanty,RB,14,5,T2,91,0.0,
player_available,5.0,Ashton Jeanty,RB,14,5,T2,102,0.0,
player_available,5.0,Ashton Jeanty,RB,14,5,T2,115,0.0,
player_available,5.0,Ashton Jeanty,RB,14,5,T2,126,0.0,
player_available,5.0,Ashton Jeanty,RB,14,5,T2,139,0.0,
player_available,5.0,Ashton Jeanty,RB,14,5,T2,150,0.0,
player_available,5.0,Ashton Jeanty,RB,14,5,T2,163,0.0,
player_available,5.0,Ashton Jeanty,RB,14,5,T2,174,0.0,
player_available,5.0,Trey McBride,TE,15,1,T1,6,0.9787,
player_available,5.0,Trey McBride,TE,15,1,T1,19,0.2363,
player_available,5.0,Trey McBride,TE,15,1,T1,30,0.0027,
player_available,5.0,Trey McBride,TE,15,1,T1,43,0.0,
player_available,5.0,Trey McBride,TE,15,1,T1,54,0.0,
player_available,5.0,Trey McBride,TE,15,1,T1,67,0.0,
player_available,5.0,Trey McBride,TE,15,1,T1,78,0.0,
player_available,5.0,Trey McBride,TE,15,1,T1,91,0.0,
player_available,5.0,Trey McBride,TE,15,1,T1,102,0.0,
player_available,5.0,Trey McBride,TE,15,1,T1,115,0.0,
player_available,5.0,Trey McBride,TE,15,1,T1,126,0.0,
player_available,5.0,Trey McBride,TE,15,1,T1,139,0.0,
player_available,5.0,Trey McBride,TE,15,1,T1,150,0.0,
player_available,5.0,Trey McBride,TE,15,1,T1,163,0.0,
player_available,5.0,Trey McBride,TE,15,1,T1,174,0.0,
player_available,5.0,George Pickens,WR,16,10,T2,6,0.984,
player_available,5.0,George Pickens,WR,16,10,T2,19,0.307,
player_available,5.0,George Pickens,WR,16,10,T2,30,0.0023,
player_available,5.0,George Pickens,WR,16,10,T2,43,0.0,
player_available,5.0,George Pickens,WR,16,10,T2,54,0.0,
player_available,5.0,George Pickens,WR,16,10,T2,67,0.0,
player_available,5.0,George Pickens,WR,16,10,T2,78,0.0,
player_available,5.0,George Pickens,WR,16,10,T2,91,0.0,
player_available,5.0,George Pickens,WR,16,10,T2,102,0.0,
player_available,5.0,George Pickens,WR,16,10,T2,115,0.0,
player_available,5.0,George Pickens,WR,16,10,T2,126,0.0,
player_available,5.0,George Pickens,WR,16,10,T2,139,0.0,
player_available,5.0,George Pickens,WR,16,10,T2,150,0.0,
player_available,5.0,George Pickens,WR,16,10,T2,163,0.0,
player_available,5.0,George Pickens,WR,16,10,T2,174,0.0,
player_available,5.0,James Cook III,RB,17,6,T2,6,0.991,
player_available,5.0,James Cook III,RB,17,6,T2,19,0.381,
player_available,5.0,James Cook III,RB,17,6,T2,30,0.0043,
player_available,5.0,James Cook III,RB,17,6,T2,43,0.0,
player_available,5.0,James Cook III,RB,17,6,T2,54,0.0,
player_available,5.0,James Cook III,RB,17,6,T2,67,0.0,
player_available,5.0,James Cook III,RB,17,6,T2,78,0.0,
player_available,5.0,James Cook III,RB,17,6,T2,91,0.0,
player_available,5.0,James Cook III,RB,17,6,T2,102,0.0,
player_available,5.0,James Cook III,RB,17,6,T2,115,0.0,
player_available,5.0,James Cook III,RB,17,6,T2,126,0.0,
player_available,5.0,James Cook III,RB,17,6,T2,139,0.0,
player_available,5.0,James Cook III,RB,17,6,T2,150,0.0,
player_available,5.0,James Cook III,RB,17,6,T2,163,0.0,
player_available,5.0,James Cook III,RB,17,6,T2,174,0.0,
player_available,5.0,De'Von Achane,RB,18,7,T2,6,0.995,
player_available,5.0,De'Von Achane,RB,18,7,T2,19,0.4637,
player_available,5.0,De'Von Achane,RB,18,7,T2,30,0.01,
player_available,5.0,De'Von Achane,RB,18,7,T2,43,0.0,
player_available,5.0,De'Von Achane,RB,18,7,T2,54,0.0,
player_available,5.0,De'Von Achane,RB,18,7,T2,67,0.0,
player_available,5.0,De'Von Achane,RB,18,7,T2,78,0.0,
player_available,5.0,De'Von Achane,RB,18,7,T2,91,0.0,
player_available,5.0,De'Von Achane,RB,18,7,T2,102,0.0,
player_available,5.0,De'Von Achane,RB,18,7,T2,115,0.0,
player_available,5.0,De'Von Achane,RB,18,7,T2,126,0.0,
player_available,5.0,De'Von Achane,RB,18,7,T2,139,0.0,
player_available,5.0,De'Von Achane,RB,18,7,T2,150,0.0,
player_available,5.0,De'Von Achane,RB,18,7,T2,163,0.0,
player_available,5.0,De'Von Achane,RB,18,7,T2,174,0.0,
player_available,5.0,Chase Brown,RB,19,8,T2,6,0.9963,
player_available,5.0,Chase Brown,RB,19,8,T2,19,0.5497,
player_available,5.0,Chase Brown,RB,19,8,T2,30,0.017,
player_available,5.0,Chase Brown,RB,19,8,T2,43,0.0,
player_available,5.0,Chase Brown,RB,19,8,T2,54,0.0,
player_available,5.0,Chase Brown,RB,19,8,T2,67,0.0,
player_available,5.0,Chase Brown,RB,19,8,T2,78,0.0,
player_available,5.0,Chase Brown,RB,19,8,T2,91,0.0,
player_available,5.0,Chase Brown,RB,19,8,T2,102,0.0,
player_available,5.0,Chase Brown,RB,19,8,T2,115,0.0,
player_available,5.0,Chase Brown,RB,19,8,T2,126,0.0,
player_available,5.0,Chase Brown,RB,19,8,T2,139,0.0,
player_available,5.0,Chase Brown,RB,19,8,T2,150,0.0,
player_available,5.0,Chase Brown,RB,19,8,T2,163,0.0,
player_available,5.0,Chase Brown,RB,19,8,T2,174,0.0,
player_available,5.0,Chris Olave,WR,20,11,T2,6,0.9977,
player_available,5.0,Chris Olave,WR,20,11,T2,19,0.6173,
player_available,5.0,Chris Olave,WR,20,11,T2,30,0.03,
player_available,5.0,Chris Olave,WR,20,11,T2,43,0.0,
player_available,5.0,Chris Olave,WR,20,11,T2,54,0.0,
player_available,5.0,Chris Olave,WR,20,11,T2,67,0.0,
player_available,5.0,Chris Olave,WR,20,11,T2,78,0.0,
player_available,5.0,Chris Olave,WR,20,11,T2,91,0.0,
player_available,5.0,Chris Olave,WR,20,11,T2,102,0.0,
player_available,5.0,Chris Olave,WR,20,11,T2,115,0.0,
player_available,5.0,Chris Olave,WR,20,11,T2,126,0.0,
player_available,5.0,Chris Olave,WR,20,11,T2,139,0.0,
player_available,5.0,Chris Olave,WR,20,11,T2,150,0.0,
player_available,5.0,Chris Olave,WR,20,11,T2,163,0.0,
player_available,5.0,Chris Olave,WR,20,11,T2,174,0.0,
player_available,5.0,Brock Bowers,TE,21,2,T1,6,0.9983,
player_available,5.0,Brock Bowers,TE,21,2,T1,19,0.7037,
player_available,5.0,Brock Bowers,TE,21,2,T1,30,0.0463,
player_available,5.0,Brock Bowers,TE,21,2,T1,43,0.0,
player_available,5.0,Brock Bowers,TE,21,2,T1,54,0.0,
player_available,5.0,Brock Bowers,TE,21,2,T1,67,0.0,
player_available,5.0,Brock Bowers,TE,21,2,T1,78,0.0,
player_available,5.0,Brock Bowers,TE,21,2,T1,91,0.0,
player_available,5.0,Brock Bowers,TE,21,2,T1,102,0.0,
player_available,5.0,Brock Bowers,TE,21,2,T1,115,0.0,
player_available,5.0,Brock Bowers,TE,21,2,T1,126,0.0,
player_available,5.0,Brock Bowers,TE,21,2,T1,139,0.0,
player_available,5.0,Brock Bowers,TE,21,2,T1,150,0.0,
player_available,5.0,Brock Bowers,TE,21,2,T1,163,0.0,
player_available,5.0,Brock Bowers,TE,21,2,T1,174,0.0,
player_available,5.0,Rashee Rice,WR,22,12,T2,6,0.9993,
player_available,5.0,Rashee Rice,WR,22,12,T2,19,0.7647,
player_available,5.0,Rashee Rice,WR,22,12,T2,30,0.0697,
player_available,5.0,Rashee Rice,WR,22,12,T2,43,0.0,
player_available,5.0,Rashee Rice,WR,22,12,T2,54,0.0,
player_available,5.0,Rashee Rice,WR,22,12,T2,67,0.0,
player_available,5.0,Rashee Rice,WR,22,12,T2,78,0.0,
player_available,5.0,Rashee Rice,WR,22,12,T2,91,0.0,
player_available,5.0,Rashee Rice,WR,22,12,T2,102,0.0,
player_available,5.0,Rashee Rice,WR,22,12,T2,115,0.0,
player_available,5.0,Rashee Rice,WR,22,12,T2,126,0.0,
player_available,5.0,Rashee Rice,WR,22,12,T2,139,0.0,
player_available,5.0,Rashee Rice,WR,22,12,T2,150,0.0,
player_available,5.0,Rashee Rice,WR,22,12,T2,163,0.0,
player_available,5.0,Rashee Rice,WR,22,12,T2,174,0.0,
player_available,5.0,Omarion Hampton,RB,23,9,T2,6,0.9997,
player_available,5.0,Omarion Hampton,RB,23,9,T2,19,0.8073,
player_available,5.0,Omarion Hampton,RB,23,9,T2,30,0.0897,
player_available,5.0,Omarion Hampton,RB,23,9,T2,43,0.0,
player_available,5.0,Omarion Hampton,RB,23,9,T2,54,0.0,
player_available,5.0,Omarion Hampton,RB,23,9,T2,67,0.0,
player_available,5.0,Omarion Hampton,RB,23,9,T2,78,0.0,
player_available,5.0,Omarion Hampton,RB,23,9,T2,91,0.0,
player_available,5.0,Omarion Hampton,RB,23,9,T2,102,0.0,
player_available,5.0,Omarion Hampton,RB,23,9,T2,115,0.0,
player_available,5.0,Omarion Hampton,RB,23,9,T2,126,0.0,
player_available,5.0,Omarion Hampton,RB,23,9,T2,139,0.0,
player_available,5.0,Omarion Hampton,RB,23,9,T2,150,0.0,
player_available,5.0,Omarion Hampton,RB,23,9,T2,163,0.0,
player_available,5.0,Omarion Hampton,RB,23,9,T2,174,0.0,
player_available,5.0,DeVonta Smith,WR,24,13,T3,6,0.9997,
player_available,5.0,DeVonta Smith,WR,24,13,T3,19,0.872,
player_available,5.0,DeVonta Smith,WR,24,13,T3,30,0.1323,
player_available,5.0,DeVonta Smith,WR,24,13,T3,43,0.0,
player_available,5.0,DeVonta Smith,WR,24,13,T3,54,0.0,
player_available,5.0,DeVonta Smith,WR,24,13,T3,67,0.0,
player_available,5.0,DeVonta Smith,WR,24,13,T3,78,0.0,
player_available,5.0,DeVonta Smith,WR,24,13,T3,91,0.0,
player_available,5.0,DeVonta Smith,WR,24,13,T3,102,0.0,
player_available,5.0,DeVonta Smith,WR,24,13,T3,115,0.0,
player_available,5.0,DeVonta Smith,WR,24,13,T3,126,0.0,
player_available,5.0,DeVonta Smith,WR,24,13,T3,139,0.0,
player_available,5.0,DeVonta Smith,WR,24,13,T3,150,0.0,
player_available,5.0,DeVonta Smith,WR,24,13,T3,163,0.0,
player_available,5.0,DeVonta Smith,WR,24,13,T3,174,0.0,
player_available,5.0,Josh Allen,QB,25,1,T1,6,1.0,
player_available,5.0,Josh Allen,QB,25,1,T1,19,0.901,
player_available,5.0,Josh Allen,QB,25,1,T1,30,0.18,
player_available,5.0,Josh Allen,QB,25,1,T1,43,0.0,
player_available,5.0,Josh Allen,QB,25,1,T1,54,0.0,
player_available,5.0,Josh Allen,QB,25,1,T1,67,0.0,
player_available,5.0,Josh Allen,QB,25,1,T1,78,0.0,
player_available,5.0,Josh Allen,QB,25,1,T1,91,0.0,
player_available,5.0,Josh Allen,QB,25,1,T1,102,0.0,
player_available,5.0,Josh Allen,QB,25,1,T1,115,0.0,
player_available,5.0,Josh Allen,QB,25,1,T1,126,0.0,
player_available,5.0,Josh Allen,QB,25,1,T1,139,0.0,
player_available,5.0,Josh Allen,QB,25,1,T1,150,0.0,
player_available,5.0,Josh Allen,QB,25,1,T1,163,0.0,
player_available,5.0,Josh Allen,QB,25,1,T1,174,0.0,
player_available,5.0,Saquon Barkley,RB,26,10,T2,6,1.0,
player_available,5.0,Saquon Barkley,RB,26,10,T2,19,0.924,
player_available,5.0,Saquon Barkley,RB,26,10,T2,30,0.2313,
player_available,5.0,Saquon Barkley,RB,26,10,T2,43,0.0007,
player_available,5.0,Saquon Barkley,RB,26,10,T2,54,0.0,
player_available,5.0,Saquon Barkley,RB,26,10,T2,67,0.0,
player_available,5.0,Saquon Barkley,RB,26,10,T2,78,0.0,
player_available,5.0,Saquon Barkley,RB,26,10,T2,91,0.0,
player_available,5.0,Saquon Barkley,RB,26,10,T2,102,0.0,
player_available,5.0,Saquon Barkley,RB,26,10,T2,115,0.0,
player_available,5.0,Saquon Barkley,RB,26,10,T2,126,0.0,
player_available,5.0,Saquon Barkley,RB,26,10,T2,139,0.0,
player_available,5.0,Saquon Barkley,RB,26,10,T2,150,0.0,
player_available,5.0,Saquon Barkley,RB,26,10,T2,163,0.0,
player_available,5.0,Saquon Barkley,RB,26,10,T2,174,0.0,
player_available,5.0,Garrett Wilson,WR,27,14,T3,6,1.0,
player_available,5.0,Garrett Wilson,WR,27,14,T3,19,0.9593,
player_available,5.0,Garrett Wilson,WR,27,14,T3,30,0.3093,
player_available,5.0,Garrett Wilson,WR,27,14,T3,43,0.0013,
player_available,5.0,Garrett Wilson,WR,27,14,T3,54,0.0,
player_available,5.0,Garrett Wilson,WR,27,14,T3,67,0.0,
player_available,5.0,Garrett Wilson,WR,27,14,T3,78,0.0,
player_available,5.0,Garrett Wilson,WR,27,14,T3,91,0.0,
player_available,5.0,Garrett Wilson,WR,27,14,T3,102,0.0,
player_available,5.0,Garrett Wilson,WR,27,14,T3,115,0.0,
player_available,5.0,Garrett Wilson,WR,27,14,T3,126,0.0,
player_available,5.0,Garrett Wilson,WR,27,14,T3,139,0.0,
player_available,5.0,Garrett Wilson,WR,27,14,T3,150,0.0,
player_available,5.0,Garrett Wilson,WR,27,14,T3,163,0.0,
player_available,5.0,Garrett Wilson,WR,27,14,T3,174,0.0,
player_available,5.0,Tetairoa McMillan,WR,28,15,T3,6,1.0,
player_available,5.0,Tetairoa McMillan,WR,28,15,T3,19,0.9693,
player_available,5.0,Tetairoa McMillan,WR,28,15,T3,30,0.3627,
player_available,5.0,Tetairoa McMillan,WR,28,15,T3,43,0.0007,
player_available,5.0,Tetairoa McMillan,WR,28,15,T3,54,0.0,
player_available,5.0,Tetairoa McMillan,WR,28,15,T3,67,0.0,
player_available,5.0,Tetairoa McMillan,WR,28,15,T3,78,0.0,
player_available,5.0,Tetairoa McMillan,WR,28,15,T3,91,0.0,
player_available,5.0,Tetairoa McMillan,WR,28,15,T3,102,0.0,
player_available,5.0,Tetairoa McMillan,WR,28,15,T3,115,0.0,
player_available,5.0,Tetairoa McMillan,WR,28,15,T3,126,0.0,
player_available,5.0,Tetairoa McMillan,WR,28,15,T3,139,0.0,
player_available,5.0,Tetairoa McMillan,WR,28,15,T3,150,0.0,
player_available,5.0,Tetairoa McMillan,WR,28,15,T3,163,0.0,
player_available,5.0,Tetairoa McMillan,WR,28,15,T3,174,0.0,
player_available,5.0,Zay Flowers,WR,29,16,T3,6,1.0,
player_available,5.0,Zay Flowers,WR,29,16,T3,19,0.9843,
player_available,5.0,Zay Flowers,WR,29,16,T3,30,0.449,
player_available,5.0,Zay Flowers,WR,29,16,T3,43,0.0033,
player_available,5.0,Zay Flowers,WR,29,16,T3,54,0.0,
player_available,5.0,Zay Flowers,WR,29,16,T3,67,0.0,
player_available,5.0,Zay Flowers,WR,29,16,T3,78,0.0,
player_available,5.0,Zay Flowers,WR,29,16,T3,91,0.0,
player_available,5.0,Zay Flowers,WR,29,16,T3,102,0.0,
player_available,5.0,Zay Flowers,WR,29,16,T3,115,0.0,
player_available,5.0,Zay Flowers,WR,29,16,T3,126,0.0,
player_available,5.0,Zay Flowers,WR,29,16,T3,139,0.0,
player_available,5.0,Zay Flowers,WR,29,16,T3,150,0.0,
player_available,5.0,Zay Flowers,WR,29,16,T3,163,0.0,
player_available,5.0,Zay Flowers,WR,29,16,T3,174,0.0,
player_available,5.0,Kenneth Walker III,RB,30,11,T3,6,1.0,
player_available,5.0,Kenneth Walker III,RB,30,11,T3,19,0.9903,
player_available,5.0,Kenneth Walker III,RB,30,11,T3,30,0.5627,
player_available,5.0,Kenneth Walker III,RB,30,11,T3,43,0.0057,
player_available,5.0,Kenneth Walker III,RB,30,11,T3,54,0.0,
player_available,5.0,Kenneth Walker III,RB,30,11,T3,67,0.0,
player_available,5.0,Kenneth Walker III,RB,30,11,T3,78,0.0,
player_available,5.0,Kenneth Walker III,RB,30,11,T3,91,0.0,
player_available,5.0,Kenneth Walker III,RB,30,11,T3,102,0.0,
player_available,5.0,Kenneth Walker III,RB,30,11,T3,115,0.0,
player_available,5.0,Kenneth Walker III,RB,30,11,T3,126,0.0,
player_available,5.0,Kenneth Walker III,RB,30,11,T3,139,0.0,
player_available,5.0,Kenneth Walker III,RB,30,11,T3,150,0.0,
player_available,5.0,Kenneth Walker III,RB,30,11,T3,163,0.0,
player_available,5.0,Kenneth Walker III,RB,30,11,T3,174,0.0,
player_available,5.0,Tee Higgins,WR,31,17,T3,6,1.0,
player_available,5.0,Tee Higgins,WR,31,17,T3,19,0.992,
player_available,5.0,Tee Higgins,WR,31,17,T3,30,0.613,
player_available,5.0,Tee Higgins,WR,31,17,T3,43,0.014,
player_available,5.0,Tee Higgins,WR,31,17,T3,54,0.0,
player_available,5.0,Tee Higgins,WR,31,17,T3,67,0.0,
player_available,5.0,Tee Higgins,WR,31,17,T3,78,0.0,
player_available,5.0,Tee Higgins,WR,31,17,T3,91,0.0,
player_available,5.0,Tee Higgins,WR,31,17,T3,102,0.0,
player_available,5.0,Tee Higgins,WR,31,17,T3,115,0.0,
player_available,5.0,Tee Higgins,WR,31,17,T3,126,0.0,
player_available,5.0,Tee Higgins,WR,31,17,T3,139,0.0,
player_available,5.0,Tee Higgins,WR,31,17,T3,150,0.0,
player_available,5.0,Tee Higgins,WR,31,17,T3,163,0.0,
player_available,5.0,Tee Higgins,WR,31,17,T3,174,0.0,
player_available,5.0,Lamar Jackson,QB,32,2,T1,6,1.0,
player_available,5.0,Lamar Jackson,QB,32,2,T1,19,0.9963,
player_available,5.0,Lamar Jackson,QB,32,2,T1,30,0.7023,
player_available,5.0,Lamar Jackson,QB,32,2,T1,43,0.0187,
player_available,5.0,Lamar Jackson,QB,32,2,T1,54,0.0,
player_available,5.0,Lamar Jackson,QB,32,2,T1,67,0.0,
player_available,5.0,Lamar Jackson,QB,32,2,T1,78,0.0,
player_available,5.0,Lamar Jackson,QB,32,2,T1,91,0.0,
player_available,5.0,Lamar Jackson,QB,32,2,T1,102,0.0,
player_available,5.0,Lamar Jackson,QB,32,2,T1,115,0.0,
player_available,5.0,Lamar Jackson,QB,32,2,T1,126,0.0,
player_available,5.0,Lamar Jackson,QB,32,2,T1,139,0.0,
player_available,5.0,Lamar Jackson,QB,32,2,T1,150,0.0,
player_available,5.0,Lamar Jackson,QB,32,2,T1,163,0.0,
player_available,5.0,Lamar Jackson,QB,32,2,T1,174,0.0,
player_available,5.0,Drake Maye,QB,33,3,T2,6,1.0,
player_available,5.0,Drake Maye,QB,33,3,T2,19,0.9983,
player_available,5.0,Drake Maye,QB,33,3,T2,30,0.7703,
player_available,5.0,Drake Maye,QB,33,3,T2,43,0.028,
player_available,5.0,Drake Maye,QB,33,3,T2,54,0.0,
player_available,5.0,Drake Maye,QB,33,3,T2,67,0.0,
player_available,5.0,Drake Maye,QB,33,3,T2,78,0.0,
player_available,5.0,Drake Maye,QB,33,3,T2,91,0.0,
player_available,5.0,Drake Maye,QB,33,3,T2,102,0.0,
player_available,5.0,Drake Maye,QB,33,3,T2,115,0.0,
player_available,5.0,Drake Maye,QB,33,3,T2,126,0.0,
player_available,5.0,Drake Maye,QB,33,3,T2,139,0.0,
player_available,5.0,Drake Maye,QB,33,3,T2,150,0.0,
player_available,5.0,Drake Maye,QB,33,3,T2,163,0.0,
player_available,5.0,Drake Maye,QB,33,3,T2,174,0.0,
player_available,5.0,Ladd McConkey,WR,34,18,T3,6,1.0,
player_available,5.0,Ladd McConkey,WR,34,18,T3,19,0.998,
player_available,5.0,Ladd McConkey,WR,34,18,T3,30,0.8173,
player_available,5.0,Ladd McConkey,WR,34,18,T3,43,0.0483,
player_available,5.0,Ladd McConkey,WR,34,18,T3,54,0.0,
player_available,5.0,Ladd McConkey,WR,34,18,T3,67,0.0,
player_available,5.0,Ladd McConkey,WR,34,18,T3,78,0.0,
player_available,5.0,Ladd McConkey,WR,34,18,T3,91,0.0,
player_available,5.0,Ladd McConkey,WR,34,18,T3,102,0.0,
player_available,5.0,Ladd McConkey,WR,34,18,T3,115,0.0,
player_available,5.0,Ladd McConkey,WR,34,18,T3,126,0.0,
player_available,5.0,Ladd McConkey,WR,34,18,T3,139,0.0,
player_available,5.0,Ladd McConkey,WR,34,18,T3,150,0.0,
player_available,5.0,Ladd McConkey,WR,34,18,T3,163,0.0,
player_available,5.0,Ladd McConkey,WR,34,18,T3,174,0.0,
player_available,5.0,Jaylen Waddle,WR,35,19,T3,6,1.0,
player_available,5.0,Jaylen Waddle,WR,35,19,T3,19,0.9987,
player_available,5.0,Jaylen Waddle,WR,35,19,T3,30,0.872,
player_available,5.0,Jaylen Waddle,WR,35,19,T3,43,0.0693,
player_available,5.0,Jaylen Waddle,WR,35,19,T3,54,0.0,
player_available,5.0,Jaylen Waddle,WR,35,19,T3,67,0.0,
player_available,5.0,Jaylen Waddle,WR,35,19,T3,78,0.0,
player_available,5.0,Jaylen Waddle,WR,35,19,T3,91,0.0,
player_available,5.0,Jaylen Waddle,WR,35,19,T3,102,0.0,
player_available,5.0,Jaylen Waddle,WR,35,19,T3,115,0.0,
player_available,5.0,Jaylen Waddle,WR,35,19,T3,126,0.0,
player_available,5.0,Jaylen Waddle,WR,35,19,T3,139,0.0,
player_available,5.0,Jaylen Waddle,WR,35,19,T3,150,0.0,
player_available,5.0,Jaylen Waddle,WR,35,19,T3,163,0.0,
player_available,5.0,Jaylen Waddle,WR,35,19,T3,174,0.0,
player_available,5.0,Emeka Egbuka,WR,36,20,T3,6,1.0,
player_available,5.0,Emeka Egbuka,WR,36,20,T3,19,1.0,
player_available,5.0,Emeka Egbuka,WR,36,20,T3,30,0.9043,
player_available,5.0,Emeka Egbuka,WR,36,20,T3,43,0.1,
player_available,5.0,Emeka Egbuka,WR,36,20,T3,54,0.0003,
player_available,5.0,Emeka Egbuka,WR,36,20,T3,67,0.0,
player_available,5.0,Emeka Egbuka,WR,36,20,T3,78,0.0,
player_available,5.0,Emeka Egbuka,WR,36,20,T3,91,0.0,
player_available,5.0,Emeka Egbuka,WR,36,20,T3,102,0.0,
player_available,5.0,Emeka Egbuka,WR,36,20,T3,115,0.0,
player_available,5.0,Emeka Egbuka,WR,36,20,T3,126,0.0,
player_available,5.0,Emeka Egbuka,WR,36,20,T3,139,0.0,
player_available,5.0,Emeka Egbuka,WR,36,20,T3,150,0.0,
player_available,5.0,Emeka Egbuka,WR,36,20,T3,163,0.0,
player_available,5.0,Emeka Egbuka,WR,36,20,T3,174,0.0,
player_available,5.0,Colston Loveland,TE,37,3,T2,6,1.0,
player_available,5.0,Colston Loveland,TE,37,3,T2,19,0.9997,
player_available,5.0,Colston Loveland,TE,37,3,T2,30,0.9397,
player_available,5.0,Colston Loveland,TE,37,3,T2,43,0.1283,
player_available,5.0,Colston Loveland,TE,37,3,T2,54,0.0,
player_available,5.0,Colston Loveland,TE,37,3,T2,67,0.0,
player_available,5.0,Colston Loveland,TE,37,3,T2,78,0.0,
player_available,5.0,Colston Loveland,TE,37,3,T2,91,0.0,
player_available,5.0,Colston Loveland,TE,37,3,T2,102,0.0,
player_available,5.0,Colston Loveland,TE,37,3,T2,115,0.0,
player_available,5.0,Colston Loveland,TE,37,3,T2,126,0.0,
player_available,5.0,Colston Loveland,TE,37,3,T2,139,0.0,
player_available,5.0,Colston Loveland,TE,37,3,T2,150,0.0,
player_available,5.0,Colston Loveland,TE,37,3,T2,163,0.0,
player_available,5.0,Colston Loveland,TE,37,3,T2,174,0.0,
player_available,5.0,Derrick Henry,RB,38,12,T3,6,1.0,
player_available,5.0,Derrick Henry,RB,38,12,T3,19,0.9993,
player_available,5.0,Derrick Henry,RB,38,12,T3,30,0.9563,
player_available,5.0,Derrick Henry,RB,38,12,T3,43,0.164,
player_available,5.0,Derrick Henry,RB,38,12,T3,54,0.0,
player_available,5.0,Derrick Henry,RB,38,12,T3,67,0.0,
player_available,5.0,Derrick Henry,RB,38,12,T3,78,0.0,
player_available,5.0,Derrick Henry,RB,38,12,T3,91,0.0,
player_available,5.0,Derrick Henry,RB,38,12,T3,102,0.0,
player_available,5.0,Derrick Henry,RB,38,12,T3,115,0.0,
player_available,5.0,Derrick Henry,RB,38,12,T3,126,0.0,
player_available,5.0,Derrick Henry,RB,38,12,T3,139,0.0,
player_available,5.0,Derrick Henry,RB,38,12,T3,150,0.0,
player_available,5.0,Derrick Henry,RB,38,12,T3,163,0.0,
player_available,5.0,Derrick Henry,RB,38,12,T3,174,0.0,
player_available,5.0,Malik Nabers,WR,39,21,T3,6,1.0,
player_available,5.0,Malik Nabers,WR,39,21,T3,19,1.0,
player_available,5.0,Malik Nabers,WR,39,21,T3,30,0.968,
player_available,5.0,Malik Nabers,WR,39,21,T3,43,0.244,
player_available,5.0,Malik Nabers,WR,39,21,T3,54,0.0027,
player_available,5.0,Malik Nabers,WR,39,21,T3,67,0.0,
player_available,5.0,Malik Nabers,WR,39,21,T3,78,0.0,
player_available,5.0,Malik Nabers,WR,39,21,T3,91,0.0,
player_available,5.0,Malik Nabers,WR,39,21,T3,102,0.0,
player_available,5.0,Malik Nabers,WR,39,21,T3,115,0.0,
player_available,5.0,Malik Nabers,WR,39,21,T3,126,0.0,
player_available,5.0,Malik Nabers,WR,39,21,T3,139,0.0,
player_available,5.0,Malik Nabers,WR,39,21,T3,150,0.0,
player_available,5.0,Malik Nabers,WR,39,21,T3,163,0.0,
player_available,5.0,Malik Nabers,WR,39,21,T3,174,0.0,
player_available,5.0,Breece Hall,RB,40,13,T3,6,1.0,
player_available,5.0,Breece Hall,RB,40,13,T3,19,1.0,
player_available,5.0,Breece Hall,RB,40,13,T3,30,0.985,
player_available,5.0,Breece Hall,RB,40,13,T3,43,0.296,
player_available,5.0,Breece Hall,RB,40,13,T3,54,0.0013,
player_available,5.0,Breece Hall,RB,40,13,T3,67,0.0,
player_available,5.0,Breece Hall,RB,40,13,T3,78,0.0,
player_available,5.0,Breece Hall,RB,40,13,T3,91,0.0,
player_available,5.0,Breece Hall,RB,40,13,T3,102,0.0,
player_available,5.0,Breece Hall,RB,40,13,T3,115,0.0,
player_available,5.0,Breece Hall,RB,40,13,T3,126,0.0,
player_available,5.0,Breece Hall,RB,40,13,T3,139,0.0,
player_available,5.0,Breece Hall,RB,40,13,T3,150,0.0,
player_available,5.0,Breece Hall,RB,40,13,T3,163,0.0,
player_available,5.0,Breece Hall,RB,40,13,T3,174,0.0,
player_available,5.0,Kyren Williams,RB,41,14,T3,6,1.0,
player_available,5.0,Kyren Williams,RB,41,14,T3,19,1.0,
player_available,5.0,Kyren Williams,RB,41,14,T3,30,0.9897,
player_available,5.0,Kyren Williams,RB,41,14,T3,43,0.3763,
player_available,5.0,Kyren Williams,RB,41,14,T3,54,0.0053,
player_available,5.0,Kyren Williams,RB,41,14,T3,67,0.0,
player_available,5.0,Kyren Williams,RB,41,14,T3,78,0.0,
player_available,5.0,Kyren Williams,RB,41,14,T3,91,0.0,
player_available,5.0,Kyren Williams,RB,41,14,T3,102,0.0,
player_available,5.0,Kyren Williams,RB,41,14,T3,115,0.0,
player_available,5.0,Kyren Williams,RB,41,14,T3,126,0.0,
player_available,5.0,Kyren Williams,RB,41,14,T3,139,0.0,
player_available,5.0,Kyren Williams,RB,41,14,T3,150,0.0,
player_available,5.0,Kyren Williams,RB,41,14,T3,163,0.0,
player_available,5.0,Kyren Williams,RB,41,14,T3,174,0.0,
player_available,5.0,Terry McLaurin,WR,42,22,T3,6,1.0,
player_available,5.0,Terry McLaurin,WR,42,22,T3,19,1.0,
player_available,5.0,Terry McLaurin,WR,42,22,T3,30,0.993,
player_available,5.0,Terry McLaurin,WR,42,22,T3,43,0.4703,
player_available,5.0,Terry McLaurin,WR,42,22,T3,54,0.014,
player_available,5.0,Terry McLaurin,WR,42,22,T3,67,0.0,
player_available,5.0,Terry McLaurin,WR,42,22,T3,78,0.0,
player_available,5.0,Terry McLaurin,WR,42,22,T3,91,0.0,
player_available,5.0,Terry McLaurin,WR,42,22,T3,102,0.0,
player_available,5.0,Terry McLaurin,WR,42,22,T3,115,0.0,
player_available,5.0,Terry McLaurin,WR,42,22,T3,126,0.0,
player_available,5.0,Terry McLaurin,WR,42,22,T3,139,0.0,
player_available,5.0,Terry McLaurin,WR,42,22,T3,150,0.0,
player_available,5.0,Terry McLaurin,WR,42,22,T3,163,0.0,
player_available,5.0,Terry McLaurin,WR,42,22,T3,174,0.0,
player_available,5.0,Joe Burrow,QB,43,4,T2,6,1.0,
player_available,5.0,Joe Burrow,QB,43,4,T2,19,1.0,
player_available,5.0,Joe Burrow,QB,43,4,T2,30,0.9963,
player_available,5.0,Joe Burrow,QB,43,4,T2,43,0.5523,
player_available,5.0,Joe Burrow,QB,43,4,T2,54,0.0177,
player_available,5.0,Joe Burrow,QB,43,4,T2,67,0.0,
player_available,5.0,Joe Burrow,QB,43,4,T2,78,0.0,
player_available,5.0,Joe Burrow,QB,43,4,T2,91,0.0,
player_available,5.0,Joe Burrow,QB,43,4,T2,102,0.0,
player_available,5.0,Joe Burrow,QB,43,4,T2,115,0.0,
player_available,5.0,Joe Burrow,QB,43,4,T2,126,0.0,
player_available,5.0,Joe Burrow,QB,43,4,T2,139,0.0,
player_available,5.0,Joe Burrow,QB,43,4,T2,150,0.0,
player_available,5.0,Joe Burrow,QB,43,4,T2,163,0.0,
player_available,5.0,Joe Burrow,QB,43,4,T2,174,0.0,
player_available,5.0,Josh Jacobs,RB,44,15,T3,6,1.0,
player_available,5.0,Josh Jacobs,RB,44,15,T3,19,1.0,
player_available,5.0,Josh Jacobs,RB,44,15,T3,30,0.9967,
player_available,5.0,Josh Jacobs,RB,44,15,T3,43,0.6207,
player_available,5.0,Josh Jacobs,RB,44,15,T3,54,0.0237,
player_available,5.0,Josh Jacobs,RB,44,15,T3,67,0.0,
player_available,5.0,Josh Jacobs,RB,44,15,T3,78,0.0,
player_available,5.0,Josh Jacobs,RB,44,15,T3,91,0.0,
player_available,5.0,Josh Jacobs,RB,44,15,T3,102,0.0,
player_available,5.0,Josh Jacobs,RB,44,15,T3,115,0.0,
player_available,5.0,Josh Jacobs,RB,44,15,T3,126,0.0,
player_available,5.0,Josh Jacobs,RB,44,15,T3,139,0.0,
player_available,5.0,Josh Jacobs,RB,44,15,T3,150,0.0,
player_available,5.0,Josh Jacobs,RB,44,15,T3,163,0.0,
player_available,5.0,Josh Jacobs,RB,44,15,T3,174,0.0,
player_available,5.0,Luther Burden III,WR,45,23,T3,6,1.0,
player_available,5.0,Luther Burden III,WR,45,23,T3,19,1.0,
player_available,5.0,Luther Burden III,WR,45,23,T3,30,0.999,
player_available,5.0,Luther Burden III,WR,45,23,T3,43,0.7067,
player_available,5.0,Luther Burden III,WR,45,23,T3,54,0.0713,
player_available,5.0,Luther Burden III,WR,45,23,T3,67,0.0,
player_available,5.0,Luther Burden III,WR,45,23,T3,78,0.0,
player_available,5.0,Luther Burden III,WR,45,23,T3,91,0.0,
player_available,5.0,Luther Burden III,WR,45,23,T3,102,0.0,
player_available,5.0,Luther Burden III,WR,45,23,T3,115,0.0,
player_available,5.0,Luther Burden III,WR,45,23,T3,126,0.0,
player_available,5.0,Luther Burden III,WR,45,23,T3,139,0.0,
player_available,5.0,Luther Burden III,WR,45,23,T3,150,0.0,
player_available,5.0,Luther Burden III,WR,45,23,T3,163,0.0,
player_available,5.0,Luther Burden III,WR,45,23,T3,174,0.0,
player_available,5.0,Javonte Williams,RB,46,16,T3,6,1.0,
player_available,5.0,Javonte Williams,RB,46,16,T3,19,1.0,
player_available,5.0,Javonte Williams,RB,46,16,T3,30,0.9987,
player_available,5.0,Javonte Williams,RB,46,16,T3,43,0.749,
player_available,5.0,Javonte Williams,RB,46,16,T3,54,0.0587,
player_available,5.0,Javonte Williams,RB,46,16,T3,67,0.0,
player_available,5.0,Javonte Williams,RB,46,16,T3,78,0.0,
player_available,5.0,Javonte Williams,RB,46,16,T3,91,0.0,
player_available,5.0,Javonte Williams,RB,46,16,T3,102,0.0,
player_available,5.0,Javonte Williams,RB,46,16,T3,115,0.0,
player_available,5.0,Javonte Williams,RB,46,16,T3,126,0.0,
player_available,5.0,Javonte Williams,RB,46,16,T3,139,0.0,
player_available,5.0,Javonte Williams,RB,46,16,T3,150,0.0,
player_available,5.0,Javonte Williams,RB,46,16,T3,163,0.0,
player_available,5.0,Javonte Williams,RB,46,16,T3,174,0.0,
player_available,5.0,Travis Etienne Jr.,RB,47,17,T3,6,1.0,
player_available,5.0,Travis Etienne Jr.,RB,47,17,T3,19,1.0,
player_available,5.0,Travis Etienne Jr.,RB,47,17,T3,30,0.9993,
player_available,5.0,Travis Etienne Jr.,RB,47,17,T3,43,0.8043,
player_available,5.0,Travis Etienne Jr.,RB,47,17,T3,54,0.068,
player_available,5.0,Travis Etienne Jr.,RB,47,17,T3,67,0.0,
player_available,5.0,Travis Etienne Jr.,RB,47,17,T3,78,0.0,
player_available,5.0,Travis Etienne Jr.,RB,47,17,T3,91,0.0,
player_available,5.0,Travis Etienne Jr.,RB,47,17,T3,102,0.0,
player_available,5.0,Travis Etienne Jr.,RB,47,17,T3,115,0.0,
player_available,5.0,Travis Etienne Jr.,RB,47,17,T3,126,0.0,
player_available,5.0,Travis Etienne Jr.,RB,47,17,T3,139,0.0,
player_available,5.0,Travis Etienne Jr.,RB,47,17,T3,150,0.0,
player_available,5.0,Travis Etienne Jr.,RB,47,17,T3,163,0.0,
player_available,5.0,Travis Etienne Jr.,RB,47,17,T3,174,0.0,
player_available,5.0,Davante Adams,WR,48,24,T3,6,1.0,
player_available,5.0,Davante Adams,WR,48,24,T3,19,1.0,
player_available,5.0,Davante Adams,WR,48,24,T3,30,1.0,
player_available,5.0,Davante Adams,WR,48,24,T3,43,0.8757,
player_available,5.0,Davante Adams,WR,48,24,T3,54,0.175,
player_available,5.0,Davante Adams,WR,48,24,T3,67,0.001,
player_available,5.0,Davante Adams,WR,48,24,T3,78,0.0,
player_available,5.0,Davante Adams,WR,48,24,T3,91,0.0,
player_available,5.0,Davante Adams,WR,48,24,T3,102,0.0,
player_available,5.0,Davante Adams,WR,48,24,T3,115,0.0,
player_available,5.0,Davante Adams,WR,48,24,T3,126,0.0,
player_available,5.0,Davante Adams,WR,48,24,T3,139,0.0,
player_available,5.0,Davante Adams,WR,48,24,T3,150,0.0,
player_available,5.0,Davante Adams,WR,48,24,T3,163,0.0,
player_available,5.0,Davante Adams,WR,48,24,T3,174,0.0,
player_available,5.0,Mike Evans,WR,49,25,T4,6,1.0,
player_available,5.0,Mike Evans,WR,49,25,T4,19,1.0,
player_available,5.0,Mike Evans,WR,49,25,T4,30,0.9993,
player_available,5.0,Mike Evans,WR,49,25,T4,43,0.9087,
player_available,5.0,Mike Evans,WR,49,25,T4,54,0.2293,
player_available,5.0,Mike Evans,WR,49,25,T4,67,0.001,
player_available,5.0,Mike Evans,WR,49,25,T4,78,0.0,
player_available,5.0,Mike Evans,WR,49,25,T4,91,0.0,
player_available,5.0,Mike Evans,WR,49,25,T4,102,0.0,
player_available,5.0,Mike Evans,WR,49,25,T4,115,0.0,
player_available,5.0,Mike Evans,WR,49,25,T4,126,0.0,
player_available,5.0,Mike Evans,WR,49,25,T4,139,0.0,
player_available,5.0,Mike Evans,WR,49,25,T4,150,0.0,
player_available,5.0,Mike Evans,WR,49,25,T4,163,0.0,
player_available,5.0,Mike Evans,WR,49,25,T4,174,0.0,
player_available,5.0,DJ Moore,WR,50,26,T4,6,1.0,
player_available,5.0,DJ Moore,WR,50,26,T4,19,1.0,
player_available,5.0,DJ Moore,WR,50,26,T4,30,1.0,
player_available,5.0,DJ Moore,WR,50,26,T4,43,0.9403,
player_available,5.0,DJ Moore,WR,50,26,T4,54,0.265,
player_available,5.0,DJ Moore,WR,50,26,T4,67,0.0017,
player_available,5.0,DJ Moore,WR,50,26,T4,78,0.0,
player_available,5.0,DJ Moore,WR,50,26,T4,91,0.0,
player_available,5.0,DJ Moore,WR,50,26,T4,102,0.0,
player_available,5.0,DJ Moore,WR,50,26,T4,115,0.0,
player_available,5.0,DJ Moore,WR,50,26,T4,126,0.0,
player_available,5.0,DJ Moore,WR,50,26,T4,139,0.0,
player_available,5.0,DJ Moore,WR,50,26,T4,150,0.0,
player_available,5.0,DJ Moore,WR,50,26,T4,163,0.0,
player_available,5.0,DJ Moore,WR,50,26,T4,174,0.0,
player_available,5.0,Jameson Williams,WR,51,27,T4,6,1.0,
player_available,5.0,Jameson Williams,WR,51,27,T4,19,1.0,
player_available,5.0,Jameson Williams,WR,51,27,T4,30,1.0,
player_available,5.0,Jameson Williams,WR,51,27,T4,43,0.9603,
player_available,5.0,Jameson Williams,WR,51,27,T4,54,0.3407,
player_available,5.0,Jameson Williams,WR,51,27,T4,67,0.0017,
player_available,5.0,Jameson Williams,WR,51,27,T4,78,0.0,
player_available,5.0,Jameson Williams,WR,51,27,T4,91,0.0,
player_available,5.0,Jameson Williams,WR,51,27,T4,102,0.0,
player_available,5.0,Jameson Williams,WR,51,27,T4,115,0.0,
player_available,5.0,Jameson Williams,WR,51,27,T4,126,0.0,
player_available,5.0,Jameson Williams,WR,51,27,T4,139,0.0,
player_available,5.0,Jameson Williams,WR,51,27,T4,150,0.0,
player_available,5.0,Jameson Williams,WR,51,27,T4,163,0.0,
player_available,5.0,Jameson Williams,WR,51,27,T4,174,0.0,
player_available,5.0,Tyler Warren,TE,52,4,T2,6,1.0,
player_available,5.0,Tyler Warren,TE,52,4,T2,19,1.0,
player_available,5.0,Tyler Warren,TE,52,4,T2,30,1.0,
player_available,5.0,Tyler Warren,TE,52,4,T2,43,0.9653,
player_available,5.0,Tyler Warren,TE,52,4,T2,54,0.3243,
player_available,5.0,Tyler Warren,TE,52,4,T2,67,0.0013,
player_available,5.0,Tyler Warren,TE,52,4,T2,78,0.0,
player_available,5.0,Tyler Warren,TE,52,4,T2,91,0.0,
player_available,5.0,Tyler Warren,TE,52,4,T2,102,0.0,
player_available,5.0,Tyler Warren,TE,52,4,T2,115,0.0,
player_available,5.0,Tyler Warren,TE,52,4,T2,126,0.0,
player_available,5.0,Tyler Warren,TE,52,4,T2,139,0.0,
player_available,5.0,Tyler Warren,TE,52,4,T2,150,0.0,
player_available,5.0,Tyler Warren,TE,52,4,T2,163,0.0,
player_available,5.0,Tyler Warren,TE,52,4,T2,174,0.0,
player_available,5.0,Cam Skattebo,RB,53,18,T3,6,1.0,
player_available,5.0,Cam Skattebo,RB,53,18,T3,19,1.0,
player_available,5.0,Cam Skattebo,RB,53,18,T3,30,1.0,
player_available,5.0,Cam Skattebo,RB,53,18,T3,43,0.9797,
player_available,5.0,Cam Skattebo,RB,53,18,T3,54,0.432,
player_available,5.0,Cam Skattebo,RB,53,18,T3,67,0.0033,
player_available,5.0,Cam Skattebo,RB,53,18,T3,78,0.0,
player_available,5.0,Cam Skattebo,RB,53,18,T3,91,0.0,
player_available,5.0,Cam Skattebo,RB,53,18,T3,102,0.0,
player_available,5.0,Cam Skattebo,RB,53,18,T3,115,0.0,
player_available,5.0,Cam Skattebo,RB,53,18,T3,126,0.0,
player_available,5.0,Cam Skattebo,RB,53,18,T3,139,0.0,
player_available,5.0,Cam Skattebo,RB,53,18,T3,150,0.0,
player_available,5.0,Cam Skattebo,RB,53,18,T3,163,0.0,
player_available,5.0,Cam Skattebo,RB,53,18,T3,174,0.0,
player_available,5.0,Jayden Daniels,QB,54,5,T2,6,1.0,
player_available,5.0,Jayden Daniels,QB,54,5,T2,19,1.0,
player_available,5.0,Jayden Daniels,QB,54,5,T2,30,1.0,
player_available,5.0,Jayden Daniels,QB,54,5,T2,43,0.9893,
player_available,5.0,Jayden Daniels,QB,54,5,T2,54,0.5613,
player_available,5.0,Jayden Daniels,QB,54,5,T2,67,0.0133,
player_available,5.0,Jayden Daniels,QB,54,5,T2,78,0.0,
player_available,5.0,Jayden Daniels,QB,54,5,T2,91,0.0,
player_available,5.0,Jayden Daniels,QB,54,5,T2,102,0.0,
player_available,5.0,Jayden Daniels,QB,54,5,T2,115,0.0,
player_available,5.0,Jayden Daniels,QB,54,5,T2,126,0.0,
player_available,5.0,Jayden Daniels,QB,54,5,T2,139,0.0,
player_available,5.0,Jayden Daniels,QB,54,5,T2,150,0.0,
player_available,5.0,Jayden Daniels,QB,54,5,T2,163,0.0,
player_available,5.0,Jayden Daniels,QB,54,5,T2,174,0.0,
player_available,5.0,Jalen Hurts,QB,55,6,T2,6,1.0,
player_available,5.0,Jalen Hurts,QB,55,6,T2,19,1.0,
player_available,5.0,Jalen Hurts,QB,55,6,T2,30,1.0,
player_available,5.0,Jalen Hurts,QB,55,6,T2,43,0.991,
player_available,5.0,Jalen Hurts,QB,55,6,T2,54,0.625,
player_available,5.0,Jalen Hurts,QB,55,6,T2,67,0.0213,
player_available,5.0,Jalen Hurts,QB,55,6,T2,78,0.0,
player_available,5.0,Jalen Hurts,QB,55,6,T2,91,0.0,
player_available,5.0,Jalen Hurts,QB,55,6,T2,102,0.0,
player_available,5.0,Jalen Hurts,QB,55,6,T2,115,0.0,
player_available,5.0,Jalen Hurts,QB,55,6,T2,126,0.0,
player_available,5.0,Jalen Hurts,QB,55,6,T2,139,0.0,
player_available,5.0,Jalen Hurts,QB,55,6,T2,150,0.0,
player_available,5.0,Jalen Hurts,QB,55,6,T2,163,0.0,
player_available,5.0,Jalen Hurts,QB,55,6,T2,174,0.0,
player_available,5.0,Bucky Irving,RB,56,19,T3,6,1.0,
player_available,5.0,Bucky Irving,RB,56,19,T3,19,1.0,
player_available,5.0,Bucky Irving,RB,56,19,T3,30,1.0,
player_available,5.0,Bucky Irving,RB,56,19,T3,43,0.993,
player_available,5.0,Bucky Irving,RB,56,19,T3,54,0.648,
player_available,5.0,Bucky Irving,RB,56,19,T3,67,0.014,
player_available,5.0,Bucky Irving,RB,56,19,T3,78,0.0,
player_available,5.0,Bucky Irving,RB,56,19,T3,91,0.0,
player_available,5.0,Bucky Irving,RB,56,19,T3,102,0.0,
player_available,5.0,Bucky Irving,RB,56,19,T3,115,0.0,
player_available,5.0,Bucky Irving,RB,56,19,T3,126,0.0,
player_available,5.0,Bucky Irving,RB,56,19,T3,139,0.0,
player_available,5.0,Bucky Irving,RB,56,19,T3,150,0.0,
player_available,5.0,Bucky Irving,RB,56,19,T3,163,0.0,
player_available,5.0,Bucky Irving,RB,56,19,T3,174,0.0,
player_available,5.0,Christian Watson,WR,57,28,T4,6,1.0,
player_available,5.0,Christian Watson,WR,57,28,T4,19,1.0,
player_available,5.0,Christian Watson,WR,57,28,T4,30,1.0,
player_available,5.0,Christian Watson,WR,57,28,T4,43,0.9977,
player_available,5.0,Christian Watson,WR,57,28,T4,54,0.7967,
player_available,5.0,Christian Watson,WR,57,28,T4,67,0.0443,
player_available,5.0,Christian Watson,WR,57,28,T4,78,0.0003,
player_available,5.0,Christian Watson,WR,57,28,T4,91,0.0,
player_available,5.0,Christian Watson,WR,57,28,T4,102,0.0,
player_available,5.0,Christian Watson,WR,57,28,T4,115,0.0,
player_available,5.0,Christian Watson,WR,57,28,T4,126,0.0,
player_available,5.0,Christian Watson,WR,57,28,T4,139,0.0,
player_available,5.0,Christian Watson,WR,57,28,T4,150,0.0,
player_available,5.0,Christian Watson,WR,57,28,T4,163,0.0,
player_available,5.0,Christian Watson,WR,57,28,T4,174,0.0,
player_available,5.0,Rome Odunze,WR,58,29,T4,6,1.0,
player_available,5.0,Rome Odunze,WR,58,29,T4,19,1.0,
player_available,5.0,Rome Odunze,WR,58,29,T4,30,1.0,
player_available,5.0,Rome Odunze,WR,58,29,T4,43,0.998,
player_available,5.0,Rome Odunze,WR,58,29,T4,54,0.8473,
player_available,5.0,Rome Odunze,WR,58,29,T4,67,0.0607,
player_available,5.0,Rome Odunze,WR,58,29,T4,78,0.0003,
player_available,5.0,Rome Odunze,WR,58,29,T4,91,0.0,
player_available,5.0,Rome Odunze,WR,58,29,T4,102,0.0,
player_available,5.0,Rome Odunze,WR,58,29,T4,115,0.0,
player_available,5.0,Rome Odunze,WR,58,29,T4,126,0.0,
player_available,5.0,Rome Odunze,WR,58,29,T4,139,0.0,
player_available,5.0,Rome Odunze,WR,58,29,T4,150,0.0,
player_available,5.0,Rome Odunze,WR,58,29,T4,163,0.0,
player_available,5.0,Rome Odunze,WR,58,29,T4,174,0.0,
player_available,5.0,Quinshon Judkins,RB,59,20,T3,6,1.0,
player_available,5.0,Quinshon Judkins,RB,59,20,T3,19,1.0,
player_available,5.0,Quinshon Judkins,RB,59,20,T3,30,1.0,
player_available,5.0,Quinshon Judkins,RB,59,20,T3,43,0.9993,
player_available,5.0,Quinshon Judkins,RB,59,20,T3,54,0.848,
player_available,5.0,Quinshon Judkins,RB,59,20,T3,67,0.0577,
player_available,5.0,Quinshon Judkins,RB,59,20,T3,78,0.0,
player_available,5.0,Quinshon Judkins,RB,59,20,T3,91,0.0,
player_available,5.0,Quinshon Judkins,RB,59,20,T3,102,0.0,
player_available,5.0,Quinshon Judkins,RB,59,20,T3,115,0.0,
player_available,5.0,Quinshon Judkins,RB,59,20,T3,126,0.0,
player_available,5.0,Quinshon Judkins,RB,59,20,T3,139,0.0,
player_available,5.0,Quinshon Judkins,RB,59,20,T3,150,0.0,
player_available,5.0,Quinshon Judkins,RB,59,20,T3,163,0.0,
player_available,5.0,Quinshon Judkins,RB,59,20,T3,174,0.0,
player_available,5.0,TreVeyon Henderson,RB,60,21,T4,6,1.0,
player_available,5.0,TreVeyon Henderson,RB,60,21,T4,19,1.0,
player_available,5.0,TreVeyon Henderson,RB,60,21,T4,30,1.0,
player_available,5.0,TreVeyon Henderson,RB,60,21,T4,43,0.9997,
player_available,5.0,TreVeyon Henderson,RB,60,21,T4,54,0.8757,
player_available,5.0,TreVeyon Henderson,RB,60,21,T4,67,0.0797,
player_available,5.0,TreVeyon Henderson,RB,60,21,T4,78,0.0,
player_available,5.0,TreVeyon Henderson,RB,60,21,T4,91,0.0,
player_available,5.0,TreVeyon Henderson,RB,60,21,T4,102,0.0,
player_available,5.0,TreVeyon Henderson,RB,60,21,T4,115,0.0,
player_available,5.0,TreVeyon Henderson,RB,60,21,T4,126,0.0,
player_available,5.0,TreVeyon Henderson,RB,60,21,T4,139,0.0,
player_available,5.0,TreVeyon Henderson,RB,60,21,T4,150,0.0,
player_available,5.0,TreVeyon Henderson,RB,60,21,T4,163,0.0,
player_available,5.0,TreVeyon Henderson,RB,60,21,T4,174,0.0,
player_available,5.0,D'Andre Swift,RB,61,22,T4,6,1.0,
player_available,5.0,D'Andre Swift,RB,61,22,T4,19,1.0,
player_available,5.0,D'Andre Swift,RB,61,22,T4,30,1.0,
player_available,5.0,D'Andre Swift,RB,61,22,T4,43,1.0,
player_available,5.0,D'Andre Swift,RB,61,22,T4,54,0.9137,
player_available,5.0,D'Andre Swift,RB,61,22,T4,67,0.1103,
player_available,5.0,D'Andre Swift,RB,61,22,T4,78,0.0,
player_available,5.0,D'Andre Swift,RB,61,22,T4,91,0.0,
player_available,5.0,D'Andre Swift,RB,61,22,T4,102,0.0,
player_available,5.0,D'Andre Swift,RB,61,22,T4,115,0.0,
player_available,5.0,D'Andre Swift,RB,61,22,T4,126,0.0,
player_available,5.0,D'Andre Swift,RB,61,22,T4,139,0.0,
player_available,5.0,D'Andre Swift,RB,61,22,T4,150,0.0,
player_available,5.0,D'Andre Swift,RB,61,22,T4,163,0.0,
player_available,5.0,D'Andre Swift,RB,61,22,T4,174,0.0,
player_available,5.0,David Montgomery,RB,62,23,T4,6,1.0,
player_available,5.0,David Montgomery,RB,62,23,T4,19,1.0,
player_available,5.0,David Montgomery,RB,62,23,T4,30,1.0,
player_available,5.0,David Montgomery,RB,62,23,T4,43,1.0,
player_available,5.0,David Montgomery,RB,62,23,T4,54,0.938,
player_available,5.0,David Montgomery,RB,62,23,T4,67,0.148,
player_available,5.0,David Montgomery,RB,62,23,T4,78,0.0007,
player_available,5.0,David Montgomery,RB,62,23,T4,91,0.0,
player_available,5.0,David Montgomery,RB,62,23,T4,102,0.0,
player_available,5.0,David Montgomery,RB,62,23,T4,115,0.0,
player_available,5.0,David Montgomery,RB,62,23,T4,126,0.0,
player_available,5.0,David Montgomery,RB,62,23,T4,139,0.0,
player_available,5.0,David Montgomery,RB,62,23,T4,150,0.0,
player_available,5.0,David Montgomery,RB,62,23,T4,163,0.0,
player_available,5.0,David Montgomery,RB,62,23,T4,174,0.0,
player_available,5.0,Marvin Harrison Jr.,WR,63,30,T4,6,1.0,
player_available,5.0,Marvin Harrison Jr.,WR,63,30,T4,19,1.0,
player_available,5.0,Marvin Harrison Jr.,WR,63,30,T4,30,1.0,
player_available,5.0,Marvin Harrison Jr.,WR,63,30,T4,43,1.0,
player_available,5.0,Marvin Harrison Jr.,WR,63,30,T4,54,0.971,
player_available,5.0,Marvin Harrison Jr.,WR,63,30,T4,67,0.2817,
player_available,5.0,Marvin Harrison Jr.,WR,63,30,T4,78,0.0157,
player_available,5.0,Marvin Harrison Jr.,WR,63,30,T4,91,0.0,
player_available,5.0,Marvin Harrison Jr.,WR,63,30,T4,102,0.0,
player_available,5.0,Marvin Harrison Jr.,WR,63,30,T4,115,0.0,
player_available,5.0,Marvin Harrison Jr.,WR,63,30,T4,126,0.0,
player_available,5.0,Marvin Harrison Jr.,WR,63,30,T4,139,0.0,
player_available,5.0,Marvin Harrison Jr.,WR,63,30,T4,150,0.0,
player_available,5.0,Marvin Harrison Jr.,WR,63,30,T4,163,0.0,
player_available,5.0,Marvin Harrison Jr.,WR,63,30,T4,174,0.0,
player_available,5.0,Caleb Williams,QB,64,7,T3,6,1.0,
player_available,5.0,Caleb Williams,QB,64,7,T3,19,1.0,
player_available,5.0,Caleb Williams,QB,64,7,T3,30,1.0,
player_available,5.0,Caleb Williams,QB,64,7,T3,43,1.0,
player_available,5.0,Caleb Williams,QB,64,7,T3,54,0.9833,
player_available,5.0,Caleb Williams,QB,64,7,T3,67,0.3793,
player_available,5.0,Caleb Williams,QB,64,7,T3,78,0.0203,
player_available,5.0,Caleb Williams,QB,64,7,T3,91,0.0,
player_available,5.0,Caleb Williams,QB,64,7,T3,102,0.0,
player_available,5.0,Caleb Williams,QB,64,7,T3,115,0.0,
player_available,5.0,Caleb Williams,QB,64,7,T3,126,0.0,
player_available,5.0,Caleb Williams,QB,64,7,T3,139,0.0,
player_available,5.0,Caleb Williams,QB,64,7,T3,150,0.0,
player_available,5.0,Caleb Williams,QB,64,7,T3,163,0.0,
player_available,5.0,Caleb Williams,QB,64,7,T3,174,0.0,
player_available,5.0,Justin Herbert,QB,65,8,T3,6,1.0,
player_available,5.0,Justin Herbert,QB,65,8,T3,19,1.0,
player_available,5.0,Justin Herbert,QB,65,8,T3,30,1.0,
player_available,5.0,Justin Herbert,QB,65,8,T3,43,1.0,
player_available,5.0,Justin Herbert,QB,65,8,T3,54,0.9897,
player_available,5.0,Justin Herbert,QB,65,8,T3,67,0.4657,
player_available,5.0,Justin Herbert,QB,65,8,T3,78,0.0347,
player_available,5.0,Justin Herbert,QB,65,8,T3,91,0.0,
player_available,5.0,Justin Herbert,QB,65,8,T3,102,0.0,
player_available,5.0,Justin Herbert,QB,65,8,T3,115,0.0,
player_available,5.0,Justin Herbert,QB,65,8,T3,126,0.0,
player_available,5.0,Justin Herbert,QB,65,8,T3,139,0.0,
player_available,5.0,Justin Herbert,QB,65,8,T3,150,0.0,
player_available,5.0,Justin Herbert,QB,65,8,T3,163,0.0,
player_available,5.0,Justin Herbert,QB,65,8,T3,174,0.0,
player_available,5.0,Bhayshul Tuten,RB,66,24,T4,6,1.0,
player_available,5.0,Bhayshul Tuten,RB,66,24,T4,19,1.0,
player_available,5.0,Bhayshul Tuten,RB,66,24,T4,30,1.0,
player_available,5.0,Bhayshul Tuten,RB,66,24,T4,43,1.0,
player_available,5.0,Bhayshul Tuten,RB,66,24,T4,54,0.988,
player_available,5.0,Bhayshul Tuten,RB,66,24,T4,67,0.4093,
player_available,5.0,Bhayshul Tuten,RB,66,24,T4,78,0.005,
player_available,5.0,Bhayshul Tuten,RB,66,24,T4,91,0.0,
player_available,5.0,Bhayshul Tuten,RB,66,24,T4,102,0.0,
player_available,5.0,Bhayshul Tuten,RB,66,24,T4,115,0.0,
player_available,5.0,Bhayshul Tuten,RB,66,24,T4,126,0.0,
player_available,5.0,Bhayshul Tuten,RB,66,24,T4,139,0.0,
player_available,5.0,Bhayshul Tuten,RB,66,24,T4,150,0.0,
player_available,5.0,Bhayshul Tuten,RB,66,24,T4,163,0.0,
player_available,5.0,Bhayshul Tuten,RB,66,24,T4,174,0.0,
player_available,5.0,Tucker Kraft,TE,67,5,T2,6,1.0,
player_available,5.0,Tucker Kraft,TE,67,5,T2,19,1.0,
player_available,5.0,Tucker Kraft,TE,67,5,T2,30,1.0,
player_available,5.0,Tucker Kraft,TE,67,5,T2,43,1.0,
player_available,5.0,Tucker Kraft,TE,67,5,T2,54,0.9913,
player_available,5.0,Tucker Kraft,TE,67,5,T2,67,0.461,
player_available,5.0,Tucker Kraft,TE,67,5,T2,78,0.0047,
player_available,5.0,Tucker Kraft,TE,67,5,T2,91,0.0,
player_available,5.0,Tucker Kraft,TE,67,5,T2,102,0.0,
player_available,5.0,Tucker Kraft,TE,67,5,T2,115,0.0,
player_available,5.0,Tucker Kraft,TE,67,5,T2,126,0.0,
player_available,5.0,Tucker Kraft,TE,67,5,T2,139,0.0,
player_available,5.0,Tucker Kraft,TE,67,5,T2,150,0.0,
player_available,5.0,Tucker Kraft,TE,67,5,T2,163,0.0,
player_available,5.0,Tucker Kraft,TE,67,5,T2,174,0.0,
player_available,5.0,Jaylen Warren,RB,68,25,T4,6,1.0,
player_available,5.0,Jaylen Warren,RB,68,25,T4,19,1.0,
player_available,5.0,Jaylen Warren,RB,68,25,T4,30,1.0,
player_available,5.0,Jaylen Warren,RB,68,25,T4,43,1.0,
player_available,5.0,Jaylen Warren,RB,68,25,T4,54,0.997,
player_available,5.0,Jaylen Warren,RB,68,25,T4,67,0.5707,
player_available,5.0,Jaylen Warren,RB,68,25,T4,78,0.0083,
player_available,5.0,Jaylen Warren,RB,68,25,T4,91,0.0,
player_available,5.0,Jaylen Warren,RB,68,25,T4,102,0.0,
player_available,5.0,Jaylen Warren,RB,68,25,T4,115,0.0,
player_available,5.0,Jaylen Warren,RB,68,25,T4,126,0.0,
player_available,5.0,Jaylen Warren,RB,68,25,T4,139,0.0,
player_available,5.0,Jaylen Warren,RB,68,25,T4,150,0.0,
player_available,5.0,Jaylen Warren,RB,68,25,T4,163,0.0,
player_available,5.0,Jaylen Warren,RB,68,25,T4,174,0.0,
player_available,5.0,Harold Fannin Jr.,TE,69,6,T3,6,1.0,
player_available,5.0,Harold Fannin Jr.,TE,69,6,T3,19,1.0,
player_available,5.0,Harold Fannin Jr.,TE,69,6,T3,30,1.0,
player_available,5.0,Harold Fannin Jr.,TE,69,6,T3,43,1.0,
player_available,5.0,Harold Fannin Jr.,TE,69,6,T3,54,0.998,
player_available,5.0,Harold Fannin Jr.,TE,69,6,T3,67,0.6213,
player_available,5.0,Harold Fannin Jr.,TE,69,6,T3,78,0.0137,
player_available,5.0,Harold Fannin Jr.,TE,69,6,T3,91,0.0,
player_available,5.0,Harold Fannin Jr.,TE,69,6,T3,102,0.0,
player_available,5.0,Harold Fannin Jr.,TE,69,6,T3,115,0.0,
player_available,5.0,Harold Fannin Jr.,TE,69,6,T3,126,0.0,
player_available,5.0,Harold Fannin Jr.,TE,69,6,T3,139,0.0,
player_available,5.0,Harold Fannin Jr.,TE,69,6,T3,150,0.0,
player_available,5.0,Harold Fannin Jr.,TE,69,6,T3,163,0.0,
player_available,5.0,Harold Fannin Jr.,TE,69,6,T3,174,0.0,
player_available,5.0,DK Metcalf,WR,70,31,T4,6,1.0,
player_available,5.0,DK Metcalf,WR,70,31,T4,19,1.0,
player_available,5.0,DK Metcalf,WR,70,31,T4,30,1.0,
player_available,5.0,DK Metcalf,WR,70,31,T4,43,1.0,
player_available,5.0,DK Metcalf,WR,70,31,T4,54,0.9997,
player_available,5.0,DK Metcalf,WR,70,31,T4,67,0.786,
player_available,5.0,DK Metcalf,WR,70,31,T4,78,0.263,
player_available,5.0,DK Metcalf,WR,70,31,T4,91,0.0007,
player_available,5.0,DK Metcalf,WR,70,31,T4,102,0.0,
player_available,5.0,DK Metcalf,WR,70,31,T4,115,0.0,
player_available,5.0,DK Metcalf,WR,70,31,T4,126,0.0,
player_available,5.0,DK Metcalf,WR,70,31,T4,139,0.0,
player_available,5.0,DK Metcalf,WR,70,31,T4,150,0.0,
player_available,5.0,DK Metcalf,WR,70,31,T4,163,0.0,
player_available,5.0,DK Metcalf,WR,70,31,T4,174,0.0,
player_available,5.0,Alec Pierce,WR,71,32,T4,6,1.0,
player_available,5.0,Alec Pierce,WR,71,32,T4,19,1.0,
player_available,5.0,Alec Pierce,WR,71,32,T4,30,1.0,
player_available,5.0,Alec Pierce,WR,71,32,T4,43,1.0,
player_available,5.0,Alec Pierce,WR,71,32,T4,54,0.9997,
player_available,5.0,Alec Pierce,WR,71,32,T4,67,0.855,
player_available,5.0,Alec Pierce,WR,71,32,T4,78,0.333,
player_available,5.0,Alec Pierce,WR,71,32,T4,91,0.0057,
player_available,5.0,Alec Pierce,WR,71,32,T4,102,0.0,
player_available,5.0,Alec Pierce,WR,71,32,T4,115,0.0,
player_available,5.0,Alec Pierce,WR,71,32,T4,126,0.0,
player_available,5.0,Alec Pierce,WR,71,32,T4,139,0.0,
player_available,5.0,Alec Pierce,WR,71,32,T4,150,0.0,
player_available,5.0,Alec Pierce,WR,71,32,T4,163,0.0,
player_available,5.0,Alec Pierce,WR,71,32,T4,174,0.0,
player_available,5.0,Courtland Sutton,WR,72,33,T4,6,1.0,
player_available,5.0,Courtland Sutton,WR,72,33,T4,19,1.0,
player_available,5.0,Courtland Sutton,WR,72,33,T4,30,1.0,
player_available,5.0,Courtland Sutton,WR,72,33,T4,43,1.0,
player_available,5.0,Courtland Sutton,WR,72,33,T4,54,0.9997,
player_available,5.0,Courtland Sutton,WR,72,33,T4,67,0.889,
player_available,5.0,Courtland Sutton,WR,72,33,T4,78,0.4163,
player_available,5.0,Courtland Sutton,WR,72,33,T4,91,0.0073,
player_available,5.0,Courtland Sutton,WR,72,33,T4,102,0.0,
player_available,5.0,Courtland Sutton,WR,72,33,T4,115,0.0,
player_available,5.0,Courtland Sutton,WR,72,33,T4,126,0.0,
player_available,5.0,Courtland Sutton,WR,72,33,T4,139,0.0,
player_available,5.0,Courtland Sutton,WR,72,33,T4,150,0.0,
player_available,5.0,Courtland Sutton,WR,72,33,T4,163,0.0,
player_available,5.0,Courtland Sutton,WR,72,33,T4,174,0.0,
player_available,5.0,Trevor Lawrence,QB,73,9,T3,6,1.0,
player_available,5.0,Trevor Lawrence,QB,73,9,T3,19,1.0,
player_available,5.0,Trevor Lawrence,QB,73,9,T3,30,1.0,
player_available,5.0,Trevor Lawrence,QB,73,9,T3,43,1.0,
player_available,5.0,Trevor Lawrence,QB,73,9,T3,54,1.0,
player_available,5.0,Trevor Lawrence,QB,73,9,T3,67,0.9293,
player_available,5.0,Trevor Lawrence,QB,73,9,T3,78,0.2653,
player_available,5.0,Trevor Lawrence,QB,73,9,T3,91,0.0093,
player_available,5.0,Trevor Lawrence,QB,73,9,T3,102,0.0,
player_available,5.0,Trevor Lawrence,QB,73,9,T3,115,0.0,
player_available,5.0,Trevor Lawrence,QB,73,9,T3,126,0.0,
player_available,5.0,Trevor Lawrence,QB,73,9,T3,139,0.0,
player_available,5.0,Trevor Lawrence,QB,73,9,T3,150,0.0,
player_available,5.0,Trevor Lawrence,QB,73,9,T3,163,0.0,
player_available,5.0,Trevor Lawrence,QB,73,9,T3,174,0.0,
player_available,5.0,Brian Thomas Jr.,WR,74,34,T4,6,1.0,
player_available,5.0,Brian Thomas Jr.,WR,74,34,T4,19,1.0,
player_available,5.0,Brian Thomas Jr.,WR,74,34,T4,30,1.0,
player_available,5.0,Brian Thomas Jr.,WR,74,34,T4,43,1.0,
player_available,5.0,Brian Thomas Jr.,WR,74,34,T4,54,1.0,
player_available,5.0,Brian Thomas Jr.,WR,74,34,T4,67,0.9403,
player_available,5.0,Brian Thomas Jr.,WR,74,34,T4,78,0.5233,
player_available,5.0,Brian Thomas Jr.,WR,74,34,T4,91,0.0383,
player_available,5.0,Brian Thomas Jr.,WR,74,34,T4,102,0.0,
player_available,5.0,Brian Thomas Jr.,WR,74,34,T4,115,0.0,
player_available,5.0,Brian Thomas Jr.,WR,74,34,T4,126,0.0,
player_available,5.0,Brian Thomas Jr.,WR,74,34,T4,139,0.0,
player_available,5.0,Brian Thomas Jr.,WR,74,34,T4,150,0.0,
player_available,5.0,Brian Thomas Jr.,WR,74,34,T4,163,0.0,
player_available,5.0,Brian Thomas Jr.,WR,74,34,T4,174,0.0,
player_available,5.0,Dak Prescott,QB,75,10,T3,6,1.0,
player_available,5.0,Dak Prescott,QB,75,10,T3,19,1.0,
player_available,5.0,Dak Prescott,QB,75,10,T3,30,1.0,
player_available,5.0,Dak Prescott,QB,75,10,T3,43,1.0,
player_available,5.0,Dak Prescott,QB,75,10,T3,54,1.0,
player_available,5.0,Dak Prescott,QB,75,10,T3,67,0.9647,
player_available,5.0,Dak Prescott,QB,75,10,T3,78,0.372,
player_available,5.0,Dak Prescott,QB,75,10,T3,91,0.021,
player_available,5.0,Dak Prescott,QB,75,10,T3,102,0.0,
player_available,5.0,Dak Prescott,QB,75,10,T3,115,0.0,
player_available,5.0,Dak Prescott,QB,75,10,T3,126,0.0,
player_available,5.0,Dak Prescott,QB,75,10,T3,139,0.0,
player_available,5.0,Dak Prescott,QB,75,10,T3,150,0.0,
player_available,5.0,Dak Prescott,QB,75,10,T3,163,0.0,
player_available,5.0,Dak Prescott,QB,75,10,T3,174,0.0,
player_available,5.0,Kyle Pitts Sr.,TE,76,7,T3,6,1.0,
player_available,5.0,Kyle Pitts Sr.,TE,76,7,T3,19,1.0,
player_available,5.0,Kyle Pitts Sr.,TE,76,7,T3,30,1.0,
player_available,5.0,Kyle Pitts Sr.,TE,76,7,T3,43,1.0,
player_available,5.0,Kyle Pitts Sr.,TE,76,7,T3,54,0.9997,
player_available,5.0,Kyle Pitts Sr.,TE,76,7,T3,67,0.9467,
player_available,5.0,Kyle Pitts Sr.,TE,76,7,T3,78,0.1607,
player_available,5.0,Kyle Pitts Sr.,TE,76,7,T3,91,0.0,
player_available,5.0,Kyle Pitts Sr.,TE,76,7,T3,102,0.0,
player_available,5.0,Kyle Pitts Sr.,TE,76,7,T3,115,0.0,
player_available,5.0,Kyle Pitts Sr.,TE,76,7,T3,126,0.0,
player_available,5.0,Kyle Pitts Sr.,TE,76,7,T3,139,0.0,
player_available,5.0,Kyle Pitts Sr.,TE,76,7,T3,150,0.0,
player_available,5.0,Kyle Pitts Sr.,TE,76,7,T3,163,0.0,
player_available,5.0,Kyle Pitts Sr.,TE,76,7,T3,174,0.0,
player_available,5.0,Chris Godwin Jr.,WR,77,35,T4,6,1.0,
player_available,5.0,Chris Godwin Jr.,WR,77,35,T4,19,1.0,
player_available,5.0,Chris Godwin Jr.,WR,77,35,T4,30,1.0,
player_available,5.0,Chris Godwin Jr.,WR,77,35,T4,43,1.0,
player_available,5.0,Chris Godwin Jr.,WR,77,35,T4,54,1.0,
player_available,5.0,Chris Godwin Jr.,WR,77,35,T4,67,0.982,
player_available,5.0,Chris Godwin Jr.,WR,77,35,T4,78,0.7333,
player_available,5.0,Chris Godwin Jr.,WR,77,35,T4,91,0.124,
player_available,5.0,Chris Godwin Jr.,WR,77,35,T4,102,0.0,
player_available,5.0,Chris Godwin Jr.,WR,77,35,T4,115,0.0,
player_available,5.0,Chris Godwin Jr.,WR,77,35,T4,126,0.0,
player_available,5.0,Chris Godwin Jr.,WR,77,35,T4,139,0.0,
player_available,5.0,Chris Godwin Jr.,WR,77,35,T4,150,0.0,
player_available,5.0,Chris Godwin Jr.,WR,77,35,T4,163,0.0,
player_available,5.0,Chris Godwin Jr.,WR,77,35,T4,174,0.0,
player_available,5.0,Tony Pollard,RB,78,26,T4,6,1.0,
player_available,5.0,Tony Pollard,RB,78,26,T4,19,1.0,
player_available,5.0,Tony Pollard,RB,78,26,T4,30,1.0,
player_available,5.0,Tony Pollard,RB,78,26,T4,43,1.0,
player_available,5.0,Tony Pollard,RB,78,26,T4,54,1.0,
player_available,5.0,Tony Pollard,RB,78,26,T4,67,0.983,
player_available,5.0,Tony Pollard,RB,78,26,T4,78,0.296,
player_available,5.0,Tony Pollard,RB,78,26,T4,91,0.002,
player_available,5.0,Tony Pollard,RB,78,26,T4,102,0.0,
player_available,5.0,Tony Pollard,RB,78,26,T4,115,0.0,
player_available,5.0,Tony Pollard,RB,78,26,T4,126,0.0,
player_available,5.0,Tony Pollard,RB,78,26,T4,139,0.0,
player_available,5.0,Tony Pollard,RB,78,26,T4,150,0.0,
player_available,5.0,Tony Pollard,RB,78,26,T4,163,0.0,
player_available,5.0,Tony Pollard,RB,78,26,T4,174,0.0,
player_available,5.0,Rhamondre Stevenson,RB,79,27,T4,6,1.0,
player_available,5.0,Rhamondre Stevenson,RB,79,27,T4,19,1.0,
player_available,5.0,Rhamondre Stevenson,RB,79,27,T4,30,1.0,
player_available,5.0,Rhamondre Stevenson,RB,79,27,T4,43,1.0,
player_available,5.0,Rhamondre Stevenson,RB,79,27,T4,54,1.0,
player_available,5.0,Rhamondre Stevenson,RB,79,27,T4,67,0.987,
player_available,5.0,Rhamondre Stevenson,RB,79,27,T4,78,0.351,
player_available,5.0,Rhamondre Stevenson,RB,79,27,T4,91,0.005,
player_available,5.0,Rhamondre Stevenson,RB,79,27,T4,102,0.0,
player_available,5.0,Rhamondre Stevenson,RB,79,27,T4,115,0.0,
player_available,5.0,Rhamondre Stevenson,RB,79,27,T4,126,0.0,
player_available,5.0,Rhamondre Stevenson,RB,79,27,T4,139,0.0,
player_available,5.0,Rhamondre Stevenson,RB,79,27,T4,150,0.0,
player_available,5.0,Rhamondre Stevenson,RB,79,27,T4,163,0.0,
player_available,5.0,Rhamondre Stevenson,RB,79,27,T4,174,0.0,
player_available,5.0,Chuba Hubbard,RB,80,28,T4,6,1.0,
player_available,5.0,Chuba Hubbard,RB,80,28,T4,19,1.0,
player_available,5.0,Chuba Hubbard,RB,80,28,T4,30,1.0,
player_available,5.0,Chuba Hubbard,RB,80,28,T4,43,1.0,
player_available,5.0,Chuba Hubbard,RB,80,28,T4,54,1.0,
player_available,5.0,Chuba Hubbard,RB,80,28,T4,67,0.994,
player_available,5.0,Chuba Hubbard,RB,80,28,T4,78,0.43,
player_available,5.0,Chuba Hubbard,RB,80,28,T4,91,0.011,
player_available,5.0,Chuba Hubbard,RB,80,28,T4,102,0.0,
player_available,5.0,Chuba Hubbard,RB,80,28,T4,115,0.0,
player_available,5.0,Chuba Hubbard,RB,80,28,T4,126,0.0,
player_available,5.0,Chuba Hubbard,RB,80,28,T4,139,0.0,
player_available,5.0,Chuba Hubbard,RB,80,28,T4,150,0.0,
player_available,5.0,Chuba Hubbard,RB,80,28,T4,163,0.0,
player_available,5.0,Chuba Hubbard,RB,80,28,T4,174,0.0,
tier_available,5.0,,QB,,,T1,6,1.0,P(>=1 of QB T1 on board)
tier_available,5.0,,QB,,,T1,19,0.9997,P(>=1 of QB T1 on board)
tier_available,5.0,,QB,,,T1,30,0.7687,P(>=1 of QB T1 on board)
tier_available,5.0,,QB,,,T1,43,0.0187,P(>=1 of QB T1 on board)
tier_available,5.0,,QB,,,T1,54,0.0,P(>=1 of QB T1 on board)
tier_available,5.0,,QB,,,T1,67,0.0,P(>=1 of QB T1 on board)
tier_available,5.0,,QB,,,T1,78,0.0,P(>=1 of QB T1 on board)
tier_available,5.0,,QB,,,T1,91,0.0,P(>=1 of QB T1 on board)
tier_available,5.0,,QB,,,T1,102,0.0,P(>=1 of QB T1 on board)
tier_available,5.0,,QB,,,T1,115,0.0,P(>=1 of QB T1 on board)
tier_available,5.0,,QB,,,T1,126,0.0,P(>=1 of QB T1 on board)
tier_available,5.0,,QB,,,T1,139,0.0,P(>=1 of QB T1 on board)
tier_available,5.0,,QB,,,T1,150,0.0,P(>=1 of QB T1 on board)
tier_available,5.0,,QB,,,T1,163,0.0,P(>=1 of QB T1 on board)
tier_available,5.0,,QB,,,T1,174,0.0,P(>=1 of QB T1 on board)
tier_available,5.0,,QB,,,T2,6,1.0,P(>=1 of QB T2 on board)
tier_available,5.0,,QB,,,T2,19,1.0,P(>=1 of QB T2 on board)
tier_available,5.0,,QB,,,T2,30,1.0,P(>=1 of QB T2 on board)
tier_available,5.0,,QB,,,T2,43,1.0,P(>=1 of QB T2 on board)
tier_available,5.0,,QB,,,T2,54,0.8627,P(>=1 of QB T2 on board)
tier_available,5.0,,QB,,,T2,67,0.0343,P(>=1 of QB T2 on board)
tier_available,5.0,,QB,,,T2,78,0.0,P(>=1 of QB T2 on board)
tier_available,5.0,,QB,,,T2,91,0.0,P(>=1 of QB T2 on board)
tier_available,5.0,,QB,,,T2,102,0.0,P(>=1 of QB T2 on board)
tier_available,5.0,,QB,,,T2,115,0.0,P(>=1 of QB T2 on board)
tier_available,5.0,,QB,,,T2,126,0.0,P(>=1 of QB T2 on board)
tier_available,5.0,,QB,,,T2,139,0.0,P(>=1 of QB T2 on board)
tier_available,5.0,,QB,,,T2,150,0.0,P(>=1 of QB T2 on board)
tier_available,5.0,,QB,,,T2,163,0.0,P(>=1 of QB T2 on board)
tier_available,5.0,,QB,,,T2,174,0.0,P(>=1 of QB T2 on board)
tier_available,5.0,,QB,,,T3,6,1.0,P(>=1 of QB T3 on board)
tier_available,5.0,,QB,,,T3,19,1.0,P(>=1 of QB T3 on board)
tier_available,5.0,,QB,,,T3,30,1.0,P(>=1 of QB T3 on board)
tier_available,5.0,,QB,,,T3,43,1.0,P(>=1 of QB T3 on board)
tier_available,5.0,,QB,,,T3,54,1.0,P(>=1 of QB T3 on board)
tier_available,5.0,,QB,,,T3,67,1.0,P(>=1 of QB T3 on board)
tier_available,5.0,,QB,,,T3,78,0.9987,P(>=1 of QB T3 on board)
tier_available,5.0,,QB,,,T3,91,0.8227,P(>=1 of QB T3 on board)
tier_available,5.0,,QB,,,T3,102,0.2917,P(>=1 of QB T3 on board)
tier_available,5.0,,QB,,,T3,115,0.0,P(>=1 of QB T3 on board)
tier_available,5.0,,QB,,,T3,126,0.0,P(>=1 of QB T3 on board)
tier_available,5.0,,QB,,,T3,139,0.0,P(>=1 of QB T3 on board)
tier_available,5.0,,QB,,,T3,150,0.0,P(>=1 of QB T3 on board)
tier_available,5.0,,QB,,,T3,163,0.0,P(>=1 of QB T3 on board)
tier_available,5.0,,QB,,,T3,174,0.0,P(>=1 of QB T3 on board)
tier_available,5.0,,QB,,,T4,6,1.0,P(>=1 of QB T4 on board)
tier_available,5.0,,QB,,,T4,19,1.0,P(>=1 of QB T4 on board)
tier_available,5.0,,QB,,,T4,30,1.0,P(>=1 of QB T4 on board)
tier_available,5.0,,QB,,,T4,43,1.0,P(>=1 of QB T4 on board)
tier_available,5.0,,QB,,,T4,54,1.0,P(>=1 of QB T4 on board)
tier_available,5.0,,QB,,,T4,67,1.0,P(>=1 of QB T4 on board)
tier_available,5.0,,QB,,,T4,78,1.0,P(>=1 of QB T4 on board)
tier_available,5.0,,QB,,,T4,91,1.0,P(>=1 of QB T4 on board)
tier_available,5.0,,QB,,,T4,102,1.0,P(>=1 of QB T4 on board)
tier_available,5.0,,QB,,,T4,115,1.0,P(>=1 of QB T4 on board)
tier_available,5.0,,QB,,,T4,126,0.237,P(>=1 of QB T4 on board)
tier_available,5.0,,QB,,,T4,139,0.009,P(>=1 of QB T4 on board)
tier_available,5.0,,QB,,,T4,150,0.0,P(>=1 of QB T4 on board)
tier_available,5.0,,QB,,,T4,163,0.0,P(>=1 of QB T4 on board)
tier_available,5.0,,QB,,,T4,174,0.0,P(>=1 of QB T4 on board)
tier_available,5.0,,RB,,,T1,6,0.996,P(>=1 of RB T1 on board)
tier_available,5.0,,RB,,,T1,19,0.0663,P(>=1 of RB T1 on board)
tier_available,5.0,,RB,,,T1,30,0.0,P(>=1 of RB T1 on board)
tier_available,5.0,,RB,,,T1,43,0.0,P(>=1 of RB T1 on board)
tier_available,5.0,,RB,,,T1,54,0.0,P(>=1 of RB T1 on board)
tier_available,5.0,,RB,,,T1,67,0.0,P(>=1 of RB T1 on board)
tier_available,5.0,,RB,,,T1,78,0.0,P(>=1 of RB T1 on board)
tier_available,5.0,,RB,,,T1,91,0.0,P(>=1 of RB T1 on board)
tier_available,5.0,,RB,,,T1,102,0.0,P(>=1 of RB T1 on board)
tier_available,5.0,,RB,,,T1,115,0.0,P(>=1 of RB T1 on board)
tier_available,5.0,,RB,,,T1,126,0.0,P(>=1 of RB T1 on board)
tier_available,5.0,,RB,,,T1,139,0.0,P(>=1 of RB T1 on board)
tier_available,5.0,,RB,,,T1,150,0.0,P(>=1 of RB T1 on board)
tier_available,5.0,,RB,,,T1,163,0.0,P(>=1 of RB T1 on board)
tier_available,5.0,,RB,,,T1,174,0.0,P(>=1 of RB T1 on board)
tier_available,5.0,,RB,,,T2,6,1.0,P(>=1 of RB T2 on board)
tier_available,5.0,,RB,,,T2,19,1.0,P(>=1 of RB T2 on board)
tier_available,5.0,,RB,,,T2,30,0.3277,P(>=1 of RB T2 on board)
tier_available,5.0,,RB,,,T2,43,0.0007,P(>=1 of RB T2 on board)
tier_available,5.0,,RB,,,T2,54,0.0,P(>=1 of RB T2 on board)
tier_available,5.0,,RB,,,T2,67,0.0,P(>=1 of RB T2 on board)
tier_available,5.0,,RB,,,T2,78,0.0,P(>=1 of RB T2 on board)
tier_available,5.0,,RB,,,T2,91,0.0,P(>=1 of RB T2 on board)
tier_available,5.0,,RB,,,T2,102,0.0,P(>=1 of RB T2 on board)
tier_available,5.0,,RB,,,T2,115,0.0,P(>=1 of RB T2 on board)
tier_available,5.0,,RB,,,T2,126,0.0,P(>=1 of RB T2 on board)
tier_available,5.0,,RB,,,T2,139,0.0,P(>=1 of RB T2 on board)
tier_available,5.0,,RB,,,T2,150,0.0,P(>=1 of RB T2 on board)
tier_available,5.0,,RB,,,T2,163,0.0,P(>=1 of RB T2 on board)
tier_available,5.0,,RB,,,T2,174,0.0,P(>=1 of RB T2 on board)
tier_available,5.0,,RB,,,T3,6,1.0,P(>=1 of RB T3 on board)
tier_available,5.0,,RB,,,T3,19,1.0,P(>=1 of RB T3 on board)
tier_available,5.0,,RB,,,T3,30,1.0,P(>=1 of RB T3 on board)
tier_available,5.0,,RB,,,T3,43,1.0,P(>=1 of RB T3 on board)
tier_available,5.0,,RB,,,T3,54,0.9877,P(>=1 of RB T3 on board)
tier_available,5.0,,RB,,,T3,67,0.073,P(>=1 of RB T3 on board)
tier_available,5.0,,RB,,,T3,78,0.0,P(>=1 of RB T3 on board)
tier_available,5.0,,RB,,,T3,91,0.0,P(>=1 of RB T3 on board)
tier_available,5.0,,RB,,,T3,102,0.0,P(>=1 of RB T3 on board)
tier_available,5.0,,RB,,,T3,115,0.0,P(>=1 of RB T3 on board)
tier_available,5.0,,RB,,,T3,126,0.0,P(>=1 of RB T3 on board)
tier_available,5.0,,RB,,,T3,139,0.0,P(>=1 of RB T3 on board)
tier_available,5.0,,RB,,,T3,150,0.0,P(>=1 of RB T3 on board)
tier_available,5.0,,RB,,,T3,163,0.0,P(>=1 of RB T3 on board)
tier_available,5.0,,RB,,,T3,174,0.0,P(>=1 of RB T3 on board)
tier_available,5.0,,RB,,,T4,6,1.0,P(>=1 of RB T4 on board)
tier_available,5.0,,RB,,,T4,19,1.0,P(>=1 of RB T4 on board)
tier_available,5.0,,RB,,,T4,30,1.0,P(>=1 of RB T4 on board)
tier_available,5.0,,RB,,,T4,43,1.0,P(>=1 of RB T4 on board)
tier_available,5.0,,RB,,,T4,54,1.0,P(>=1 of RB T4 on board)
tier_available,5.0,,RB,,,T4,67,1.0,P(>=1 of RB T4 on board)
tier_available,5.0,,RB,,,T4,78,1.0,P(>=1 of RB T4 on board)
tier_available,5.0,,RB,,,T4,91,1.0,P(>=1 of RB T4 on board)
tier_available,5.0,,RB,,,T4,102,0.878,P(>=1 of RB T4 on board)
tier_available,5.0,,RB,,,T4,115,0.28,P(>=1 of RB T4 on board)
tier_available,5.0,,RB,,,T4,126,0.0,P(>=1 of RB T4 on board)
tier_available,5.0,,RB,,,T4,139,0.0,P(>=1 of RB T4 on board)
tier_available,5.0,,RB,,,T4,150,0.0,P(>=1 of RB T4 on board)
tier_available,5.0,,RB,,,T4,163,0.0,P(>=1 of RB T4 on board)
tier_available,5.0,,RB,,,T4,174,0.0,P(>=1 of RB T4 on board)
tier_available,5.0,,WR,,,T1,6,0.9927,P(>=1 of WR T1 on board)
tier_available,5.0,,WR,,,T1,19,0.022,P(>=1 of WR T1 on board)
tier_available,5.0,,WR,,,T1,30,0.0,P(>=1 of WR T1 on board)
tier_available,5.0,,WR,,,T1,43,0.0,P(>=1 of WR T1 on board)
tier_available,5.0,,WR,,,T1,54,0.0,P(>=1 of WR T1 on board)
tier_available,5.0,,WR,,,T1,67,0.0,P(>=1 of WR T1 on board)
tier_available,5.0,,WR,,,T1,78,0.0,P(>=1 of WR T1 on board)
tier_available,5.0,,WR,,,T1,91,0.0,P(>=1 of WR T1 on board)
tier_available,5.0,,WR,,,T1,102,0.0,P(>=1 of WR T1 on board)
tier_available,5.0,,WR,,,T1,115,0.0,P(>=1 of WR T1 on board)
tier_available,5.0,,WR,,,T1,126,0.0,P(>=1 of WR T1 on board)
tier_available,5.0,,WR,,,T1,139,0.0,P(>=1 of WR T1 on board)
tier_available,5.0,,WR,,,T1,150,0.0,P(>=1 of WR T1 on board)
tier_available,5.0,,WR,,,T1,163,0.0,P(>=1 of WR T1 on board)
tier_available,5.0,,WR,,,T1,174,0.0,P(>=1 of WR T1 on board)
tier_available,5.0,,WR,,,T2,6,1.0,P(>=1 of WR T2 on board)
tier_available,5.0,,WR,,,T2,19,0.979,P(>=1 of WR T2 on board)
tier_available,5.0,,WR,,,T2,30,0.1003,P(>=1 of WR T2 on board)
tier_available,5.0,,WR,,,T2,43,0.0,P(>=1 of WR T2 on board)
tier_available,5.0,,WR,,,T2,54,0.0,P(>=1 of WR T2 on board)
tier_available,5.0,,WR,,,T2,67,0.0,P(>=1 of WR T2 on board)
tier_available,5.0,,WR,,,T2,78,0.0,P(>=1 of WR T2 on board)
tier_available,5.0,,WR,,,T2,91,0.0,P(>=1 of WR T2 on board)
tier_available,5.0,,WR,,,T2,102,0.0,P(>=1 of WR T2 on board)
tier_available,5.0,,WR,,,T2,115,0.0,P(>=1 of WR T2 on board)
tier_available,5.0,,WR,,,T2,126,0.0,P(>=1 of WR T2 on board)
tier_available,5.0,,WR,,,T2,139,0.0,P(>=1 of WR T2 on board)
tier_available,5.0,,WR,,,T2,150,0.0,P(>=1 of WR T2 on board)
tier_available,5.0,,WR,,,T2,163,0.0,P(>=1 of WR T2 on board)
tier_available,5.0,,WR,,,T2,174,0.0,P(>=1 of WR T2 on board)
tier_available,5.0,,WR,,,T3,6,1.0,P(>=1 of WR T3 on board)
tier_available,5.0,,WR,,,T3,19,1.0,P(>=1 of WR T3 on board)
tier_available,5.0,,WR,,,T3,30,1.0,P(>=1 of WR T3 on board)
tier_available,5.0,,WR,,,T3,43,0.997,P(>=1 of WR T3 on board)
tier_available,5.0,,WR,,,T3,54,0.25,P(>=1 of WR T3 on board)
tier_available,5.0,,WR,,,T3,67,0.001,P(>=1 of WR T3 on board)
tier_available,5.0,,WR,,,T3,78,0.0,P(>=1 of WR T3 on board)
tier_available,5.0,,WR,,,T3,91,0.0,P(>=1 of WR T3 on board)
tier_available,5.0,,WR,,,T3,102,0.0,P(>=1 of WR T3 on board)
tier_available,5.0,,WR,,,T3,115,0.0,P(>=1 of WR T3 on board)
tier_available,5.0,,WR,,,T3,126,0.0,P(>=1 of WR T3 on board)
tier_available,5.0,,WR,,,T3,139,0.0,P(>=1 of WR T3 on board)
tier_available,5.0,,WR,,,T3,150,0.0,P(>=1 of WR T3 on board)
tier_available,5.0,,WR,,,T3,163,0.0,P(>=1 of WR T3 on board)
tier_available,5.0,,WR,,,T3,174,0.0,P(>=1 of WR T3 on board)
tier_available,5.0,,WR,,,T4,6,1.0,P(>=1 of WR T4 on board)
tier_available,5.0,,WR,,,T4,19,1.0,P(>=1 of WR T4 on board)
tier_available,5.0,,WR,,,T4,30,1.0,P(>=1 of WR T4 on board)
tier_available,5.0,,WR,,,T4,43,1.0,P(>=1 of WR T4 on board)
tier_available,5.0,,WR,,,T4,54,1.0,P(>=1 of WR T4 on board)
tier_available,5.0,,WR,,,T4,67,1.0,P(>=1 of WR T4 on board)
tier_available,5.0,,WR,,,T4,78,1.0,P(>=1 of WR T4 on board)
tier_available,5.0,,WR,,,T4,91,1.0,P(>=1 of WR T4 on board)
tier_available,5.0,,WR,,,T4,102,1.0,P(>=1 of WR T4 on board)
tier_available,5.0,,WR,,,T4,115,0.444,P(>=1 of WR T4 on board)
tier_available,5.0,,WR,,,T4,126,0.026,P(>=1 of WR T4 on board)
tier_available,5.0,,WR,,,T4,139,0.0,P(>=1 of WR T4 on board)
tier_available,5.0,,WR,,,T4,150,0.0,P(>=1 of WR T4 on board)
tier_available,5.0,,WR,,,T4,163,0.0,P(>=1 of WR T4 on board)
tier_available,5.0,,WR,,,T4,174,0.0,P(>=1 of WR T4 on board)
tier_available,5.0,,TE,,,T1,6,1.0,P(>=1 of TE T1 on board)
tier_available,5.0,,TE,,,T1,19,0.7827,P(>=1 of TE T1 on board)
tier_available,5.0,,TE,,,T1,30,0.049,P(>=1 of TE T1 on board)
tier_available,5.0,,TE,,,T1,43,0.0,P(>=1 of TE T1 on board)
tier_available,5.0,,TE,,,T1,54,0.0,P(>=1 of TE T1 on board)
tier_available,5.0,,TE,,,T1,67,0.0,P(>=1 of TE T1 on board)
tier_available,5.0,,TE,,,T1,78,0.0,P(>=1 of TE T1 on board)
tier_available,5.0,,TE,,,T1,91,0.0,P(>=1 of TE T1 on board)
tier_available,5.0,,TE,,,T1,102,0.0,P(>=1 of TE T1 on board)
tier_available,5.0,,TE,,,T1,115,0.0,P(>=1 of TE T1 on board)
tier_available,5.0,,TE,,,T1,126,0.0,P(>=1 of TE T1 on board)
tier_available,5.0,,TE,,,T1,139,0.0,P(>=1 of TE T1 on board)
tier_available,5.0,,TE,,,T1,150,0.0,P(>=1 of TE T1 on board)
tier_available,5.0,,TE,,,T1,163,0.0,P(>=1 of TE T1 on board)
tier_available,5.0,,TE,,,T1,174,0.0,P(>=1 of TE T1 on board)
tier_available,5.0,,TE,,,T2,6,1.0,P(>=1 of TE T2 on board)
tier_available,5.0,,TE,,,T2,19,1.0,P(>=1 of TE T2 on board)
tier_available,5.0,,TE,,,T2,30,1.0,P(>=1 of TE T2 on board)
tier_available,5.0,,TE,,,T2,43,1.0,P(>=1 of TE T2 on board)
tier_available,5.0,,TE,,,T2,54,0.995,P(>=1 of TE T2 on board)
tier_available,5.0,,TE,,,T2,67,0.4613,P(>=1 of TE T2 on board)
tier_available,5.0,,TE,,,T2,78,0.0047,P(>=1 of TE T2 on board)
tier_available,5.0,,TE,,,T2,91,0.0,P(>=1 of TE T2 on board)
tier_available,5.0,,TE,,,T2,102,0.0,P(>=1 of TE T2 on board)
tier_available,5.0,,TE,,,T2,115,0.0,P(>=1 of TE T2 on board)
tier_available,5.0,,TE,,,T2,126,0.0,P(>=1 of TE T2 on board)
tier_available,5.0,,TE,,,T2,139,0.0,P(>=1 of TE T2 on board)
tier_available,5.0,,TE,,,T2,150,0.0,P(>=1 of TE T2 on board)
tier_available,5.0,,TE,,,T2,163,0.0,P(>=1 of TE T2 on board)
tier_available,5.0,,TE,,,T2,174,0.0,P(>=1 of TE T2 on board)
tier_available,5.0,,TE,,,T3,6,1.0,P(>=1 of TE T3 on board)
tier_available,5.0,,TE,,,T3,19,1.0,P(>=1 of TE T3 on board)
tier_available,5.0,,TE,,,T3,30,1.0,P(>=1 of TE T3 on board)
tier_available,5.0,,TE,,,T3,43,1.0,P(>=1 of TE T3 on board)
tier_available,5.0,,TE,,,T3,54,1.0,P(>=1 of TE T3 on board)
tier_available,5.0,,TE,,,T3,67,1.0,P(>=1 of TE T3 on board)
tier_available,5.0,,TE,,,T3,78,1.0,P(>=1 of TE T3 on board)
tier_available,5.0,,TE,,,T3,91,0.2337,P(>=1 of TE T3 on board)
tier_available,5.0,,TE,,,T3,102,0.0017,P(>=1 of TE T3 on board)
tier_available,5.0,,TE,,,T3,115,0.0,P(>=1 of TE T3 on board)
tier_available,5.0,,TE,,,T3,126,0.0,P(>=1 of TE T3 on board)
tier_available,5.0,,TE,,,T3,139,0.0,P(>=1 of TE T3 on board)
tier_available,5.0,,TE,,,T3,150,0.0,P(>=1 of TE T3 on board)
tier_available,5.0,,TE,,,T3,163,0.0,P(>=1 of TE T3 on board)
tier_available,5.0,,TE,,,T3,174,0.0,P(>=1 of TE T3 on board)
tier_available,5.0,,TE,,,T4,6,1.0,P(>=1 of TE T4 on board)
tier_available,5.0,,TE,,,T4,19,1.0,P(>=1 of TE T4 on board)
tier_available,5.0,,TE,,,T4,30,1.0,P(>=1 of TE T4 on board)
tier_available,5.0,,TE,,,T4,43,1.0,P(>=1 of TE T4 on board)
tier_available,5.0,,TE,,,T4,54,1.0,P(>=1 of TE T4 on board)
tier_available,5.0,,TE,,,T4,67,1.0,P(>=1 of TE T4 on board)
tier_available,5.0,,TE,,,T4,78,1.0,P(>=1 of TE T4 on board)
tier_available,5.0,,TE,,,T4,91,1.0,P(>=1 of TE T4 on board)
tier_available,5.0,,TE,,,T4,102,1.0,P(>=1 of TE T4 on board)
tier_available,5.0,,TE,,,T4,115,0.9983,P(>=1 of TE T4 on board)
tier_available,5.0,,TE,,,T4,126,0.3957,P(>=1 of TE T4 on board)
tier_available,5.0,,TE,,,T4,139,0.006,P(>=1 of TE T4 on board)
tier_available,5.0,,TE,,,T4,150,0.0,P(>=1 of TE T4 on board)
tier_available,5.0,,TE,,,T4,163,0.0,P(>=1 of TE T4 on board)
tier_available,5.0,,TE,,,T4,174,0.0,P(>=1 of TE T4 on board)
best_available_dist,5.0,,QB,,,,6,1.0,p10 of best-available QB positional rank
best_available_dist,5.0,,QB,,,,6,1.0,p25 of best-available QB positional rank
best_available_dist,5.0,,QB,,,,6,1.0,median of best-available QB positional rank
best_available_dist,5.0,,QB,,,,6,1.0,p75 of best-available QB positional rank
best_available_dist,5.0,,QB,,,,6,1.0,p90 of best-available QB positional rank
best_available_dist,5.0,,QB,,,,6,1.0,mean of best-available QB positional rank
best_available_dist,5.0,,QB,,,,19,1.0,p10 of best-available QB positional rank
best_available_dist,5.0,,QB,,,,19,1.0,p25 of best-available QB positional rank
best_available_dist,5.0,,QB,,,,19,1.0,median of best-available QB positional rank
best_available_dist,5.0,,QB,,,,19,1.0,p75 of best-available QB positional rank
best_available_dist,5.0,,QB,,,,19,1.0,p90 of best-available QB positional rank
best_available_dist,5.0,,QB,,,,19,1.1,mean of best-available QB positional rank
best_available_dist,5.0,,QB,,,,30,1.0,p10 of best-available QB positional rank
best_available_dist,5.0,,QB,,,,30,2.0,p25 of best-available QB positional rank
best_available_dist,5.0,,QB,,,,30,2.0,median of best-available QB positional rank
best_available_dist,5.0,,QB,,,,30,2.0,p75 of best-available QB positional rank
best_available_dist,5.0,,QB,,,,30,3.0,p90 of best-available QB positional rank
best_available_dist,5.0,,QB,,,,30,2.09,mean of best-available QB positional rank
best_available_dist,5.0,,QB,,,,43,4.0,p10 of best-available QB positional rank
best_available_dist,5.0,,QB,,,,43,4.0,p25 of best-available QB positional rank
best_available_dist,5.0,,QB,,,,43,4.0,median of best-available QB positional rank
best_available_dist,5.0,,QB,,,,43,5.0,p75 of best-available QB positional rank
best_available_dist,5.0,,QB,,,,43,5.0,p90 of best-available QB positional rank
best_available_dist,5.0,,QB,,,,43,4.36,mean of best-available QB positional rank
best_available_dist,5.0,,QB,,,,54,5.0,p10 of best-available QB positional rank
best_available_dist,5.0,,QB,,,,54,5.0,p25 of best-available QB positional rank
best_available_dist,5.0,,QB,,,,54,5.0,median of best-available QB positional rank
best_available_dist,5.0,,QB,,,,54,6.0,p75 of best-available QB positional rank
best_available_dist,5.0,,QB,,,,54,7.0,p90 of best-available QB positional rank
best_available_dist,5.0,,QB,,,,54,5.56,mean of best-available QB positional rank
best_available_dist,5.0,,QB,,,,67,7.0,p10 of best-available QB positional rank
best_available_dist,5.0,,QB,,,,67,7.0,p25 of best-available QB positional rank
best_available_dist,5.0,,QB,,,,67,8.0,median of best-available QB positional rank
best_available_dist,5.0,,QB,,,,67,9.0,p75 of best-available QB positional rank
best_available_dist,5.0,,QB,,,,67,9.0,p90 of best-available QB positional rank
best_available_dist,5.0,,QB,,,,67,7.85,mean of best-available QB positional rank
best_available_dist,5.0,,QB,,,,78,9.0,p10 of best-available QB positional rank
best_available_dist,5.0,,QB,,,,78,9.0,p25 of best-available QB positional rank
best_available_dist,5.0,,QB,,,,78,10.0,median of best-available QB positional rank
best_available_dist,5.0,,QB,,,,78,11.0,p75 of best-available QB positional rank
best_available_dist,5.0,,QB,,,,78,11.0,p90 of best-available QB positional rank
best_available_dist,5.0,,QB,,,,78,10.1,mean of best-available QB positional rank
best_available_dist,5.0,,QB,,,,91,11.0,p10 of best-available QB positional rank
best_available_dist,5.0,,QB,,,,91,11.0,p25 of best-available QB positional rank
best_available_dist,5.0,,QB,,,,91,11.0,median of best-available QB positional rank
best_available_dist,5.0,,QB,,,,91,12.0,p75 of best-available QB positional rank
best_available_dist,5.0,,QB,,,,91,13.0,p90 of best-available QB positional rank
best_available_dist,5.0,,QB,,,,91,11.63,mean of best-available QB positional rank
best_available_dist,5.0,,QB,,,,102,11.0,p10 of best-available QB positional rank
best_available_dist,5.0,,QB,,,,102,12.0,p25 of best-available QB positional rank
best_available_dist,5.0,,QB,,,,102,13.0,median of best-available QB positional rank
best_available_dist,5.0,,QB,,,,102,14.0,p75 of best-available QB positional rank
best_available_dist,5.0,,QB,,,,102,14.0,p90 of best-available QB positional rank
best_available_dist,5.0,,QB,,,,102,12.96,mean of best-available QB positional rank
best_available_dist,5.0,,QB,,,,115,16.0,p10 of best-available QB positional rank
best_available_dist,5.0,,QB,,,,115,17.0,p25 of best-available QB positional rank
best_available_dist,5.0,,QB,,,,115,17.0,median of best-available QB positional rank
best_available_dist,5.0,,QB,,,,115,18.0,p75 of best-available QB positional rank
best_available_dist,5.0,,QB,,,,115,19.0,p90 of best-available QB positional rank
best_available_dist,5.0,,QB,,,,115,17.47,mean of best-available QB positional rank
best_available_dist,5.0,,QB,,,,126,20.0,p10 of best-available QB positional rank
best_available_dist,5.0,,QB,,,,126,21.0,p25 of best-available QB positional rank
best_available_dist,5.0,,QB,,,,126,21.0,median of best-available QB positional rank
best_available_dist,5.0,,QB,,,,126,21.0,p75 of best-available QB positional rank
best_available_dist,5.0,,QB,,,,126,22.0,p90 of best-available QB positional rank
best_available_dist,5.0,,QB,,,,126,20.82,mean of best-available QB positional rank
best_available_dist,5.0,,QB,,,,139,21.0,p10 of best-available QB positional rank
best_available_dist,5.0,,QB,,,,139,22.0,p25 of best-available QB positional rank
best_available_dist,5.0,,QB,,,,139,23.0,median of best-available QB positional rank
best_available_dist,5.0,,QB,,,,139,24.0,p75 of best-available QB positional rank
best_available_dist,5.0,,QB,,,,139,24.0,p90 of best-available QB positional rank
best_available_dist,5.0,,QB,,,,139,22.76,mean of best-available QB positional rank
best_available_dist,5.0,,QB,,,,150,24.0,p10 of best-available QB positional rank
best_available_dist,5.0,,QB,,,,150,24.0,p25 of best-available QB positional rank
best_available_dist,5.0,,QB,,,,150,25.0,median of best-available QB positional rank
best_available_dist,5.0,,QB,,,,150,26.0,p75 of best-available QB positional rank
best_available_dist,5.0,,QB,,,,150,26.0,p90 of best-available QB positional rank
best_available_dist,5.0,,QB,,,,150,25.04,mean of best-available QB positional rank
best_available_dist,5.0,,RB,,,,6,1.0,p10 of best-available RB positional rank
best_available_dist,5.0,,RB,,,,6,1.0,p25 of best-available RB positional rank
best_available_dist,5.0,,RB,,,,6,2.0,median of best-available RB positional rank
best_available_dist,5.0,,RB,,,,6,3.0,p75 of best-available RB positional rank
best_available_dist,5.0,,RB,,,,6,3.0,p90 of best-available RB positional rank
best_available_dist,5.0,,RB,,,,6,2.22,mean of best-available RB positional rank
best_available_dist,5.0,,RB,,,,19,5.0,p10 of best-available RB positional rank
best_available_dist,5.0,,RB,,,,19,6.0,p25 of best-available RB positional rank
best_available_dist,5.0,,RB,,,,19,6.0,median of best-available RB positional rank
best_available_dist,5.0,,RB,,,,19,7.0,p75 of best-available RB positional rank
best_available_dist,5.0,,RB,,,,19,8.0,p90 of best-available RB positional rank
best_available_dist,5.0,,RB,,,,19,6.4,mean of best-available RB positional rank
best_available_dist,5.0,,RB,,,,30,9.0,p10 of best-available RB positional rank
best_available_dist,5.0,,RB,,,,30,10.0,p25 of best-available RB positional rank
best_available_dist,5.0,,RB,,,,30,11.0,median of best-available RB positional rank
best_available_dist,5.0,,RB,,,,30,12.0,p75 of best-available RB positional rank
best_available_dist,5.0,,RB,,,,30,12.0,p90 of best-available RB positional rank
best_available_dist,5.0,,RB,,,,30,10.79,mean of best-available RB positional rank
best_available_dist,5.0,,RB,,,,43,12.0,p10 of best-available RB positional rank
best_available_dist,5.0,,RB,,,,43,13.0,p25 of best-available RB positional rank
best_available_dist,5.0,,RB,,,,43,14.0,median of best-available RB positional rank
best_available_dist,5.0,,RB,,,,43,15.0,p75 of best-available RB positional rank
best_available_dist,5.0,,RB,,,,43,15.0,p90 of best-available RB positional rank
best_available_dist,5.0,,RB,,,,43,13.83,mean of best-available RB positional rank
best_available_dist,5.0,,RB,,,,54,17.0,p10 of best-available RB positional rank
best_available_dist,5.0,,RB,,,,54,18.0,p25 of best-available RB positional rank
best_available_dist,5.0,,RB,,,,54,18.0,median of best-available RB positional rank
best_available_dist,5.0,,RB,,,,54,19.0,p75 of best-available RB positional rank
best_available_dist,5.0,,RB,,,,54,20.0,p90 of best-available RB positional rank
best_available_dist,5.0,,RB,,,,54,18.34,mean of best-available RB positional rank
best_available_dist,5.0,,RB,,,,67,21.0,p10 of best-available RB positional rank
best_available_dist,5.0,,RB,,,,67,23.0,p25 of best-available RB positional rank
best_available_dist,5.0,,RB,,,,67,24.0,median of best-available RB positional rank
best_available_dist,5.0,,RB,,,,67,25.0,p75 of best-available RB positional rank
best_available_dist,5.0,,RB,,,,67,26.0,p90 of best-available RB positional rank
best_available_dist,5.0,,RB,,,,67,23.62,mean of best-available RB positional rank
best_available_dist,5.0,,RB,,,,78,26.0,p10 of best-available RB positional rank
best_available_dist,5.0,,RB,,,,78,26.0,p25 of best-available RB positional rank
best_available_dist,5.0,,RB,,,,78,27.0,median of best-available RB positional rank
best_available_dist,5.0,,RB,,,,78,28.0,p75 of best-available RB positional rank
best_available_dist,5.0,,RB,,,,78,29.0,p90 of best-available RB positional rank
best_available_dist,5.0,,RB,,,,78,27.45,mean of best-available RB positional rank
best_available_dist,5.0,,RB,,,,91,31.0,p10 of best-available RB positional rank
best_available_dist,5.0,,RB,,,,91,31.0,p25 of best-available RB positional rank
best_available_dist,5.0,,RB,,,,91,32.0,median of best-available RB positional rank
best_available_dist,5.0,,RB,,,,91,33.0,p75 of best-available RB positional rank
best_available_dist,5.0,,RB,,,,91,33.0,p90 of best-available RB positional rank
best_available_dist,5.0,,RB,,,,91,31.9,mean of best-available RB positional rank
best_available_dist,5.0,,RB,,,,102,33.0,p10 of best-available RB positional rank
best_available_dist,5.0,,RB,,,,102,34.0,p25 of best-available RB positional rank
best_available_dist,5.0,,RB,,,,102,34.0,median of best-available RB positional rank
best_available_dist,5.0,,RB,,,,102,35.0,p75 of best-available RB positional rank
best_available_dist,5.0,,RB,,,,102,37.0,p90 of best-available RB positional rank
best_available_dist,5.0,,RB,,,,102,34.5,mean of best-available RB positional rank
best_available_dist,5.0,,RB,,,,115,35.0,p10 of best-available RB positional rank
best_available_dist,5.0,,RB,,,,115,36.0,p25 of best-available RB positional rank
best_available_dist,5.0,,RB,,,,115,37.0,median of best-available RB positional rank
best_available_dist,5.0,,RB,,,,115,37.0,p75 of best-available RB positional rank
best_available_dist,5.0,,RB,,,,115,37.0,p90 of best-available RB positional rank
best_available_dist,5.0,,RB,,,,115,36.55,mean of best-available RB positional rank
best_available_dist,5.0,,RB,,,,126,37.0,p10 of best-available RB positional rank
best_available_dist,5.0,,RB,,,,126,38.0,p25 of best-available RB positional rank
best_available_dist,5.0,,RB,,,,126,39.0,median of best-available RB positional rank
best_available_dist,5.0,,RB,,,,126,40.0,p75 of best-available RB positional rank
best_available_dist,5.0,,RB,,,,126,40.0,p90 of best-available RB positional rank
best_available_dist,5.0,,RB,,,,126,38.82,mean of best-available RB positional rank
best_available_dist,5.0,,RB,,,,139,41.0,p10 of best-available RB positional rank
best_available_dist,5.0,,RB,,,,139,42.0,p25 of best-available RB positional rank
best_available_dist,5.0,,RB,,,,139,43.0,median of best-available RB positional rank
best_available_dist,5.0,,RB,,,,139,44.0,p75 of best-available RB positional rank
best_available_dist,5.0,,RB,,,,139,45.0,p90 of best-available RB positional rank
best_available_dist,5.0,,RB,,,,139,43.12,mean of best-available RB positional rank
best_available_dist,5.0,,RB,,,,150,47.0,p10 of best-available RB positional rank
best_available_dist,5.0,,RB,,,,150,49.0,p25 of best-available RB positional rank
best_available_dist,5.0,,RB,,,,150,49.0,median of best-available RB positional rank
best_available_dist,5.0,,RB,,,,150,49.0,p75 of best-available RB positional rank
best_available_dist,5.0,,RB,,,,150,50.0,p90 of best-available RB positional rank
best_available_dist,5.0,,RB,,,,150,48.6,mean of best-available RB positional rank
best_available_dist,5.0,,WR,,,,6,1.0,p10 of best-available WR positional rank
best_available_dist,5.0,,WR,,,,6,2.0,p25 of best-available WR positional rank
best_available_dist,5.0,,WR,,,,6,3.0,median of best-available WR positional rank
best_available_dist,5.0,,WR,,,,6,3.0,p75 of best-available WR positional rank
best_available_dist,5.0,,WR,,,,6,4.0,p90 of best-available WR positional rank
best_available_dist,5.0,,WR,,,,6,2.57,mean of best-available WR positional rank
best_available_dist,5.0,,WR,,,,19,7.0,p10 of best-available WR positional rank
best_available_dist,5.0,,WR,,,,19,9.0,p25 of best-available WR positional rank
best_available_dist,5.0,,WR,,,,19,10.0,median of best-available WR positional rank
best_available_dist,5.0,,WR,,,,19,11.0,p75 of best-available WR positional rank
best_available_dist,5.0,,WR,,,,19,12.0,p90 of best-available WR positional rank
best_available_dist,5.0,,WR,,,,19,9.96,mean of best-available WR positional rank
best_available_dist,5.0,,WR,,,,30,12.0,p10 of best-available WR positional rank
best_available_dist,5.0,,WR,,,,30,14.0,p25 of best-available WR positional rank
best_available_dist,5.0,,WR,,,,30,15.0,median of best-available WR positional rank
best_available_dist,5.0,,WR,,,,30,16.0,p75 of best-available WR positional rank
best_available_dist,5.0,,WR,,,,30,17.0,p90 of best-available WR positional rank
best_available_dist,5.0,,WR,,,,30,14.64,mean of best-available WR positional rank
best_available_dist,5.0,,WR,,,,43,19.0,p10 of best-available WR positional rank
best_available_dist,5.0,,WR,,,,43,21.0,p25 of best-available WR positional rank
best_available_dist,5.0,,WR,,,,43,22.0,median of best-available WR positional rank
best_available_dist,5.0,,WR,,,,43,23.0,p75 of best-available WR positional rank
best_available_dist,5.0,,WR,,,,43,23.0,p90 of best-available WR positional rank
best_available_dist,5.0,,WR,,,,43,21.46,mean of best-available WR positional rank
best_available_dist,5.0,,WR,,,,54,24.0,p10 of best-available WR positional rank
best_available_dist,5.0,,WR,,,,54,24.75,p25 of best-available WR positional rank
best_available_dist,5.0,,WR,,,,54,26.0,median of best-available WR positional rank
best_available_dist,5.0,,WR,,,,54,27.0,p75 of best-available WR positional rank
best_available_dist,5.0,,WR,,,,54,28.0,p90 of best-available WR positional rank
best_available_dist,5.0,,WR,,,,54,25.87,mean of best-available WR positional rank
best_available_dist,5.0,,WR,,,,67,29.0,p10 of best-available WR positional rank
best_available_dist,5.0,,WR,,,,67,30.0,p25 of best-available WR positional rank
best_available_dist,5.0,,WR,,,,67,31.0,median of best-available WR positional rank
best_available_dist,5.0,,WR,,,,67,31.0,p75 of best-available WR positional rank
best_available_dist,5.0,,WR,,,,67,32.0,p90 of best-available WR positional rank
best_available_dist,5.0,,WR,,,,67,30.59,mean of best-available WR positional rank
best_available_dist,5.0,,WR,,,,78,31.0,p10 of best-available WR positional rank
best_available_dist,5.0,,WR,,,,78,31.0,p25 of best-available WR positional rank
best_available_dist,5.0,,WR,,,,78,32.0,median of best-available WR positional rank
best_available_dist,5.0,,WR,,,,78,34.0,p75 of best-available WR positional rank
best_available_dist,5.0,,WR,,,,78,35.0,p90 of best-available WR positional rank
best_available_dist,5.0,,WR,,,,78,32.67,mean of best-available WR positional rank
best_available_dist,5.0,,WR,,,,91,35.0,p10 of best-available WR positional rank
best_available_dist,5.0,,WR,,,,91,36.0,p25 of best-available WR positional rank
best_available_dist,5.0,,WR,,,,91,37.0,median of best-available WR positional rank
best_available_dist,5.0,,WR,,,,91,37.0,p75 of best-available WR positional rank
best_available_dist,5.0,,WR,,,,91,38.0,p90 of best-available WR positional rank
best_available_dist,5.0,,WR,,,,91,36.59,mean of best-available WR positional rank
best_available_dist,5.0,,WR,,,,102,38.0,p10 of best-available WR positional rank
best_available_dist,5.0,,WR,,,,102,39.0,p25 of best-available WR positional rank
best_available_dist,5.0,,WR,,,,102,40.0,median of best-available WR positional rank
best_available_dist,5.0,,WR,,,,102,42.0,p75 of best-available WR positional rank
best_available_dist,5.0,,WR,,,,102,43.0,p90 of best-available WR positional rank
best_available_dist,5.0,,WR,,,,102,40.47,mean of best-available WR positional rank
best_available_dist,5.0,,WR,,,,115,44.0,p10 of best-available WR positional rank
best_available_dist,5.0,,WR,,,,115,45.0,p25 of best-available WR positional rank
best_available_dist,5.0,,WR,,,,115,46.0,median of best-available WR positional rank
best_available_dist,5.0,,WR,,,,115,46.0,p75 of best-available WR positional rank
best_available_dist,5.0,,WR,,,,115,47.0,p90 of best-available WR positional rank
best_available_dist,5.0,,WR,,,,115,45.64,mean of best-available WR positional rank
best_available_dist,5.0,,WR,,,,126,46.0,p10 of best-available WR positional rank
best_available_dist,5.0,,WR,,,,126,47.0,p25 of best-available WR positional rank
best_available_dist,5.0,,WR,,,,126,48.0,median of best-available WR positional rank
best_available_dist,5.0,,WR,,,,126,49.0,p75 of best-available WR positional rank
best_available_dist,5.0,,WR,,,,126,49.0,p90 of best-available WR positional rank
best_available_dist,5.0,,WR,,,,126,47.97,mean of best-available WR positional rank
best_available_dist,5.0,,WR,,,,139,49.0,p10 of best-available WR positional rank
best_available_dist,5.0,,WR,,,,139,50.0,p25 of best-available WR positional rank
best_available_dist,5.0,,WR,,,,139,51.0,median of best-available WR positional rank
best_available_dist,5.0,,WR,,,,139,52.0,p75 of best-available WR positional rank
best_available_dist,5.0,,WR,,,,139,52.0,p90 of best-available WR positional rank
best_available_dist,5.0,,WR,,,,139,50.69,mean of best-available WR positional rank
best_available_dist,5.0,,WR,,,,150,52.0,p10 of best-available WR positional rank
best_available_dist,5.0,,WR,,,,150,53.0,p25 of best-available WR positional rank
best_available_dist,5.0,,WR,,,,150,54.0,median of best-available WR positional rank
best_available_dist,5.0,,WR,,,,150,55.0,p75 of best-available WR positional rank
best_available_dist,5.0,,WR,,,,150,55.0,p90 of best-available WR positional rank
best_available_dist,5.0,,WR,,,,150,53.73,mean of best-available WR positional rank
best_available_dist,5.0,,TE,,,,6,1.0,p10 of best-available TE positional rank
best_available_dist,5.0,,TE,,,,6,1.0,p25 of best-available TE positional rank
best_available_dist,5.0,,TE,,,,6,1.0,median of best-available TE positional rank
best_available_dist,5.0,,TE,,,,6,1.0,p75 of best-available TE positional rank
best_available_dist,5.0,,TE,,,,6,1.0,p90 of best-available TE positional rank
best_available_dist,5.0,,TE,,,,6,1.02,mean of best-available TE positional rank
best_available_dist,5.0,,TE,,,,19,1.0,p10 of best-available TE positional rank
best_available_dist,5.0,,TE,,,,19,2.0,p25 of best-available TE positional rank
best_available_dist,5.0,,TE,,,,19,2.0,median of best-available TE positional rank
best_available_dist,5.0,,TE,,,,19,2.0,p75 of best-available TE positional rank
best_available_dist,5.0,,TE,,,,19,3.0,p90 of best-available TE positional rank
best_available_dist,5.0,,TE,,,,19,1.98,mean of best-available TE positional rank
best_available_dist,5.0,,TE,,,,30,3.0,p10 of best-available TE positional rank
best_available_dist,5.0,,TE,,,,30,3.0,p25 of best-available TE positional rank
best_available_dist,5.0,,TE,,,,30,3.0,median of best-available TE positional rank
best_available_dist,5.0,,TE,,,,30,3.0,p75 of best-available TE positional rank
best_available_dist,5.0,,TE,,,,30,3.0,p90 of best-available TE positional rank
best_available_dist,5.0,,TE,,,,30,3.01,mean of best-available TE positional rank
best_available_dist,5.0,,TE,,,,43,3.0,p10 of best-available TE positional rank
best_available_dist,5.0,,TE,,,,43,4.0,p25 of best-available TE positional rank
best_available_dist,5.0,,TE,,,,43,4.0,median of best-available TE positional rank
best_available_dist,5.0,,TE,,,,43,4.0,p75 of best-available TE positional rank
best_available_dist,5.0,,TE,,,,43,4.0,p90 of best-available TE positional rank
best_available_dist,5.0,,TE,,,,43,3.9,mean of best-available TE positional rank
best_available_dist,5.0,,TE,,,,54,4.0,p10 of best-available TE positional rank
best_available_dist,5.0,,TE,,,,54,4.0,p25 of best-available TE positional rank
best_available_dist,5.0,,TE,,,,54,5.0,median of best-available TE positional rank
best_available_dist,5.0,,TE,,,,54,5.0,p75 of best-available TE positional rank
best_available_dist,5.0,,TE,,,,54,5.0,p90 of best-available TE positional rank
best_available_dist,5.0,,TE,,,,54,4.68,mean of best-available TE positional rank
best_available_dist,5.0,,TE,,,,67,5.0,p10 of best-available TE positional rank
best_available_dist,5.0,,TE,,,,67,5.0,p25 of best-available TE positional rank
best_available_dist,5.0,,TE,,,,67,6.0,median of best-available TE positional rank
best_available_dist,5.0,,TE,,,,67,6.0,p75 of best-available TE positional rank
best_available_dist,5.0,,TE,,,,67,7.0,p90 of best-available TE positional rank
best_available_dist,5.0,,TE,,,,67,5.72,mean of best-available TE positional rank
best_available_dist,5.0,,TE,,,,78,7.0,p10 of best-available TE positional rank
best_available_dist,5.0,,TE,,,,78,8.0,p25 of best-available TE positional rank
best_available_dist,5.0,,TE,,,,78,8.0,median of best-available TE positional rank
best_available_dist,5.0,,TE,,,,78,9.0,p75 of best-available TE positional rank
best_available_dist,5.0,,TE,,,,78,9.0,p90 of best-available TE positional rank
best_available_dist,5.0,,TE,,,,78,8.17,mean of best-available TE positional rank
best_available_dist,5.0,,TE,,,,91,10.0,p10 of best-available TE positional rank
best_available_dist,5.0,,TE,,,,91,11.0,p25 of best-available TE positional rank
best_available_dist,5.0,,TE,,,,91,12.0,median of best-available TE positional rank
best_available_dist,5.0,,TE,,,,91,12.0,p75 of best-available TE positional rank
best_available_dist,5.0,,TE,,,,91,12.0,p90 of best-available TE positional rank
best_available_dist,5.0,,TE,,,,91,11.35,mean of best-available TE positional rank
best_available_dist,5.0,,TE,,,,102,13.0,p10 of best-available TE positional rank
best_available_dist,5.0,,TE,,,,102,14.0,p25 of best-available TE positional rank
best_available_dist,5.0,,TE,,,,102,14.0,median of best-available TE positional rank
best_available_dist,5.0,,TE,,,,102,15.0,p75 of best-available TE positional rank
best_available_dist,5.0,,TE,,,,102,15.0,p90 of best-available TE positional rank
best_available_dist,5.0,,TE,,,,102,14.1,mean of best-available TE positional rank
best_available_dist,5.0,,TE,,,,115,16.0,p10 of best-available TE positional rank
best_available_dist,5.0,,TE,,,,115,16.0,p25 of best-available TE positional rank
best_available_dist,5.0,,TE,,,,115,16.0,median of best-available TE positional rank
best_available_dist,5.0,,TE,,,,115,17.0,p75 of best-available TE positional rank
best_available_dist,5.0,,TE,,,,115,17.0,p90 of best-available TE positional rank
best_available_dist,5.0,,TE,,,,115,16.49,mean of best-available TE positional rank
best_available_dist,5.0,,TE,,,,126,17.0,p10 of best-available TE positional rank
best_available_dist,5.0,,TE,,,,126,18.0,p25 of best-available TE positional rank
best_available_dist,5.0,,TE,,,,126,19.0,median of best-available TE positional rank
best_available_dist,5.0,,TE,,,,126,19.0,p75 of best-available TE positional rank
best_available_dist,5.0,,TE,,,,126,20.0,p90 of best-available TE positional rank
best_available_dist,5.0,,TE,,,,126,18.71,mean of best-available TE positional rank
best_available_dist,5.0,,TE,,,,139,21.0,p10 of best-available TE positional rank
best_available_dist,5.0,,TE,,,,139,22.0,p25 of best-available TE positional rank
best_available_dist,5.0,,TE,,,,139,23.0,median of best-available TE positional rank
best_available_dist,5.0,,TE,,,,139,23.0,p75 of best-available TE positional rank
best_available_dist,5.0,,TE,,,,139,23.0,p90 of best-available TE positional rank
best_available_dist,5.0,,TE,,,,139,22.22,mean of best-available TE positional rank
best_available_dist,5.0,,TE,,,,150,23.0,p10 of best-available TE positional rank
best_available_dist,5.0,,TE,,,,150,23.0,p25 of best-available TE positional rank
best_available_dist,5.0,,TE,,,,150,24.0,median of best-available TE positional rank
best_available_dist,5.0,,TE,,,,150,24.0,p75 of best-available TE positional rank
best_available_dist,5.0,,TE,,,,150,24.0,p90 of best-available TE positional rank
best_available_dist,5.0,,TE,,,,150,23.74,mean of best-available TE positional rank
player_available,10.0,Ja'Marr Chase,WR,1,1,T1,6,0.4457,
player_available,10.0,Ja'Marr Chase,WR,1,1,T1,19,0.0,
player_available,10.0,Ja'Marr Chase,WR,1,1,T1,30,0.0,
player_available,10.0,Ja'Marr Chase,WR,1,1,T1,43,0.0,
player_available,10.0,Ja'Marr Chase,WR,1,1,T1,54,0.0,
player_available,10.0,Ja'Marr Chase,WR,1,1,T1,67,0.0,
player_available,10.0,Ja'Marr Chase,WR,1,1,T1,78,0.0,
player_available,10.0,Ja'Marr Chase,WR,1,1,T1,91,0.0,
player_available,10.0,Ja'Marr Chase,WR,1,1,T1,102,0.0,
player_available,10.0,Ja'Marr Chase,WR,1,1,T1,115,0.0,
player_available,10.0,Ja'Marr Chase,WR,1,1,T1,126,0.0,
player_available,10.0,Ja'Marr Chase,WR,1,1,T1,139,0.0,
player_available,10.0,Ja'Marr Chase,WR,1,1,T1,150,0.0,
player_available,10.0,Ja'Marr Chase,WR,1,1,T1,163,0.0,
player_available,10.0,Ja'Marr Chase,WR,1,1,T1,174,0.0,
player_available,10.0,Bijan Robinson,RB,2,1,T1,6,0.4897,
player_available,10.0,Bijan Robinson,RB,2,1,T1,19,0.0227,
player_available,10.0,Bijan Robinson,RB,2,1,T1,30,0.0,
player_available,10.0,Bijan Robinson,RB,2,1,T1,43,0.0,
player_available,10.0,Bijan Robinson,RB,2,1,T1,54,0.0,
player_available,10.0,Bijan Robinson,RB,2,1,T1,67,0.0,
player_available,10.0,Bijan Robinson,RB,2,1,T1,78,0.0,
player_available,10.0,Bijan Robinson,RB,2,1,T1,91,0.0,
player_available,10.0,Bijan Robinson,RB,2,1,T1,102,0.0,
player_available,10.0,Bijan Robinson,RB,2,1,T1,115,0.0,
player_available,10.0,Bijan Robinson,RB,2,1,T1,126,0.0,
player_available,10.0,Bijan Robinson,RB,2,1,T1,139,0.0,
player_available,10.0,Bijan Robinson,RB,2,1,T1,150,0.0,
player_available,10.0,Bijan Robinson,RB,2,1,T1,163,0.0,
player_available,10.0,Bijan Robinson,RB,2,1,T1,174,0.0,
player_available,10.0,Puka Nacua,WR,3,2,T1,6,0.514,
player_available,10.0,Puka Nacua,WR,3,2,T1,19,0.0437,
player_available,10.0,Puka Nacua,WR,3,2,T1,30,0.0,
player_available,10.0,Puka Nacua,WR,3,2,T1,43,0.0,
player_available,10.0,Puka Nacua,WR,3,2,T1,54,0.0,
player_available,10.0,Puka Nacua,WR,3,2,T1,67,0.0,
player_available,10.0,Puka Nacua,WR,3,2,T1,78,0.0,
player_available,10.0,Puka Nacua,WR,3,2,T1,91,0.0,
player_available,10.0,Puka Nacua,WR,3,2,T1,102,0.0,
player_available,10.0,Puka Nacua,WR,3,2,T1,115,0.0,
player_available,10.0,Puka Nacua,WR,3,2,T1,126,0.0,
player_available,10.0,Puka Nacua,WR,3,2,T1,139,0.0,
player_available,10.0,Puka Nacua,WR,3,2,T1,150,0.0,
player_available,10.0,Puka Nacua,WR,3,2,T1,163,0.0,
player_available,10.0,Puka Nacua,WR,3,2,T1,174,0.0,
player_available,10.0,Jahmyr Gibbs,RB,4,2,T1,6,0.5557,
player_available,10.0,Jahmyr Gibbs,RB,4,2,T1,19,0.0627,
player_available,10.0,Jahmyr Gibbs,RB,4,2,T1,30,0.0003,
player_available,10.0,Jahmyr Gibbs,RB,4,2,T1,43,0.0,
player_available,10.0,Jahmyr Gibbs,RB,4,2,T1,54,0.0,
player_available,10.0,Jahmyr Gibbs,RB,4,2,T1,67,0.0,
player_available,10.0,Jahmyr Gibbs,RB,4,2,T1,78,0.0,
player_available,10.0,Jahmyr Gibbs,RB,4,2,T1,91,0.0,
player_available,10.0,Jahmyr Gibbs,RB,4,2,T1,102,0.0,
player_available,10.0,Jahmyr Gibbs,RB,4,2,T1,115,0.0,
player_available,10.0,Jahmyr Gibbs,RB,4,2,T1,126,0.0,
player_available,10.0,Jahmyr Gibbs,RB,4,2,T1,139,0.0,
player_available,10.0,Jahmyr Gibbs,RB,4,2,T1,150,0.0,
player_available,10.0,Jahmyr Gibbs,RB,4,2,T1,163,0.0,
player_available,10.0,Jahmyr Gibbs,RB,4,2,T1,174,0.0,
player_available,10.0,Jaxon Smith-Njigba,WR,5,3,T1,6,0.5957,
player_available,10.0,Jaxon Smith-Njigba,WR,5,3,T1,19,0.078,
player_available,10.0,Jaxon Smith-Njigba,WR,5,3,T1,30,0.0,
player_available,10.0,Jaxon Smith-Njigba,WR,5,3,T1,43,0.0,
player_available,10.0,Jaxon Smith-Njigba,WR,5,3,T1,54,0.0,
player_available,10.0,Jaxon Smith-Njigba,WR,5,3,T1,67,0.0,
player_available,10.0,Jaxon Smith-Njigba,WR,5,3,T1,78,0.0,
player_available,10.0,Jaxon Smith-Njigba,WR,5,3,T1,91,0.0,
player_available,10.0,Jaxon Smith-Njigba,WR,5,3,T1,102,0.0,
player_available,10.0,Jaxon Smith-Njigba,WR,5,3,T1,115,0.0,
player_available,10.0,Jaxon Smith-Njigba,WR,5,3,T1,126,0.0,
player_available,10.0,Jaxon Smith-Njigba,WR,5,3,T1,139,0.0,
player_available,10.0,Jaxon Smith-Njigba,WR,5,3,T1,150,0.0,
player_available,10.0,Jaxon Smith-Njigba,WR,5,3,T1,163,0.0,
player_available,10.0,Jaxon Smith-Njigba,WR,5,3,T1,174,0.0,
player_available,10.0,Amon-Ra St. Brown,WR,6,4,T1,6,0.652,
player_available,10.0,Amon-Ra St. Brown,WR,6,4,T1,19,0.1087,
player_available,10.0,Amon-Ra St. Brown,WR,6,4,T1,30,0.0007,
player_available,10.0,Amon-Ra St. Brown,WR,6,4,T1,43,0.0,
player_available,10.0,Amon-Ra St. Brown,WR,6,4,T1,54,0.0,
player_available,10.0,Amon-Ra St. Brown,WR,6,4,T1,67,0.0,
player_available,10.0,Amon-Ra St. Brown,WR,6,4,T1,78,0.0,
player_available,10.0,Amon-Ra St. Brown,WR,6,4,T1,91,0.0,
player_available,10.0,Amon-Ra St. Brown,WR,6,4,T1,102,0.0,
player_available,10.0,Amon-Ra St. Brown,WR,6,4,T1,115,0.0,
player_available,10.0,Amon-Ra St. Brown,WR,6,4,T1,126,0.0,
player_available,10.0,Amon-Ra St. Brown,WR,6,4,T1,139,0.0,
player_available,10.0,Amon-Ra St. Brown,WR,6,4,T1,150,0.0,
player_available,10.0,Amon-Ra St. Brown,WR,6,4,T1,163,0.0,
player_available,10.0,Amon-Ra St. Brown,WR,6,4,T1,174,0.0,
player_available,10.0,CeeDee Lamb,WR,7,5,T1,6,0.6863,
player_available,10.0,CeeDee Lamb,WR,7,5,T1,19,0.133,
player_available,10.0,CeeDee Lamb,WR,7,5,T1,30,0.0057,
player_available,10.0,CeeDee Lamb,WR,7,5,T1,43,0.0,
player_available,10.0,CeeDee Lamb,WR,7,5,T1,54,0.0,
player_available,10.0,CeeDee Lamb,WR,7,5,T1,67,0.0,
player_available,10.0,CeeDee Lamb,WR,7,5,T1,78,0.0,
player_available,10.0,CeeDee Lamb,WR,7,5,T1,91,0.0,
player_available,10.0,CeeDee Lamb,WR,7,5,T1,102,0.0,
player_available,10.0,CeeDee Lamb,WR,7,5,T1,115,0.0,
player_available,10.0,CeeDee Lamb,WR,7,5,T1,126,0.0,
player_available,10.0,CeeDee Lamb,WR,7,5,T1,139,0.0,
player_available,10.0,CeeDee Lamb,WR,7,5,T1,150,0.0,
player_available,10.0,CeeDee Lamb,WR,7,5,T1,163,0.0,
player_available,10.0,CeeDee Lamb,WR,7,5,T1,174,0.0,
player_available,10.0,Christian McCaffrey,RB,8,3,T1,6,0.7103,
player_available,10.0,Christian McCaffrey,RB,8,3,T1,19,0.1543,
player_available,10.0,Christian McCaffrey,RB,8,3,T1,30,0.006,
player_available,10.0,Christian McCaffrey,RB,8,3,T1,43,0.0,
player_available,10.0,Christian McCaffrey,RB,8,3,T1,54,0.0,
player_available,10.0,Christian McCaffrey,RB,8,3,T1,67,0.0,
player_available,10.0,Christian McCaffrey,RB,8,3,T1,78,0.0,
player_available,10.0,Christian McCaffrey,RB,8,3,T1,91,0.0,
player_available,10.0,Christian McCaffrey,RB,8,3,T1,102,0.0,
player_available,10.0,Christian McCaffrey,RB,8,3,T1,115,0.0,
player_available,10.0,Christian McCaffrey,RB,8,3,T1,126,0.0,
player_available,10.0,Christian McCaffrey,RB,8,3,T1,139,0.0,
player_available,10.0,Christian McCaffrey,RB,8,3,T1,150,0.0,
player_available,10.0,Christian McCaffrey,RB,8,3,T1,163,0.0,
player_available,10.0,Christian McCaffrey,RB,8,3,T1,174,0.0,
player_available,10.0,Justin Jefferson,WR,9,6,T2,6,0.7623,
player_available,10.0,Justin Jefferson,WR,9,6,T2,19,0.179,
player_available,10.0,Justin Jefferson,WR,9,6,T2,30,0.011,
player_available,10.0,Justin Jefferson,WR,9,6,T2,43,0.0,
player_available,10.0,Justin Jefferson,WR,9,6,T2,54,0.0,
player_available,10.0,Justin Jefferson,WR,9,6,T2,67,0.0,
player_available,10.0,Justin Jefferson,WR,9,6,T2,78,0.0,
player_available,10.0,Justin Jefferson,WR,9,6,T2,91,0.0,
player_available,10.0,Justin Jefferson,WR,9,6,T2,102,0.0,
player_available,10.0,Justin Jefferson,WR,9,6,T2,115,0.0,
player_available,10.0,Justin Jefferson,WR,9,6,T2,126,0.0,
player_available,10.0,Justin Jefferson,WR,9,6,T2,139,0.0,
player_available,10.0,Justin Jefferson,WR,9,6,T2,150,0.0,
player_available,10.0,Justin Jefferson,WR,9,6,T2,163,0.0,
player_available,10.0,Justin Jefferson,WR,9,6,T2,174,0.0,
player_available,10.0,Jonathan Taylor,RB,10,4,T1,6,0.778,
player_available,10.0,Jonathan Taylor,RB,10,4,T1,19,0.201,
player_available,10.0,Jonathan Taylor,RB,10,4,T1,30,0.0147,
player_available,10.0,Jonathan Taylor,RB,10,4,T1,43,0.0,
player_available,10.0,Jonathan Taylor,RB,10,4,T1,54,0.0,
player_available,10.0,Jonathan Taylor,RB,10,4,T1,67,0.0,
player_available,10.0,Jonathan Taylor,RB,10,4,T1,78,0.0,
player_available,10.0,Jonathan Taylor,RB,10,4,T1,91,0.0,
player_available,10.0,Jonathan Taylor,RB,10,4,T1,102,0.0,
player_available,10.0,Jonathan Taylor,RB,10,4,T1,115,0.0,
player_available,10.0,Jonathan Taylor,RB,10,4,T1,126,0.0,
player_available,10.0,Jonathan Taylor,RB,10,4,T1,139,0.0,
player_available,10.0,Jonathan Taylor,RB,10,4,T1,150,0.0,
player_available,10.0,Jonathan Taylor,RB,10,4,T1,163,0.0,
player_available,10.0,Jonathan Taylor,RB,10,4,T1,174,0.0,
player_available,10.0,Drake London,WR,11,7,T2,6,0.7957,
player_available,10.0,Drake London,WR,11,7,T2,19,0.226,
player_available,10.0,Drake London,WR,11,7,T2,30,0.021,
player_available,10.0,Drake London,WR,11,7,T2,43,0.0003,
player_available,10.0,Drake London,WR,11,7,T2,54,0.0,
player_available,10.0,Drake London,WR,11,7,T2,67,0.0,
player_available,10.0,Drake London,WR,11,7,T2,78,0.0,
player_available,10.0,Drake London,WR,11,7,T2,91,0.0,
player_available,10.0,Drake London,WR,11,7,T2,102,0.0,
player_available,10.0,Drake London,WR,11,7,T2,115,0.0,
player_available,10.0,Drake London,WR,11,7,T2,126,0.0,
player_available,10.0,Drake London,WR,11,7,T2,139,0.0,
player_available,10.0,Drake London,WR,11,7,T2,150,0.0,
player_available,10.0,Drake London,WR,11,7,T2,163,0.0,
player_available,10.0,Drake London,WR,11,7,T2,174,0.0,
player_available,10.0,A.J. Brown,WR,12,8,T2,6,0.8227,
player_available,10.0,A.J. Brown,WR,12,8,T2,19,0.2617,
player_available,10.0,A.J. Brown,WR,12,8,T2,30,0.032,
player_available,10.0,A.J. Brown,WR,12,8,T2,43,0.0003,
player_available,10.0,A.J. Brown,WR,12,8,T2,54,0.0,
player_available,10.0,A.J. Brown,WR,12,8,T2,67,0.0,
player_available,10.0,A.J. Brown,WR,12,8,T2,78,0.0,
player_available,10.0,A.J. Brown,WR,12,8,T2,91,0.0,
player_available,10.0,A.J. Brown,WR,12,8,T2,102,0.0,
player_available,10.0,A.J. Brown,WR,12,8,T2,115,0.0,
player_available,10.0,A.J. Brown,WR,12,8,T2,126,0.0,
player_available,10.0,A.J. Brown,WR,12,8,T2,139,0.0,
player_available,10.0,A.J. Brown,WR,12,8,T2,150,0.0,
player_available,10.0,A.J. Brown,WR,12,8,T2,163,0.0,
player_available,10.0,A.J. Brown,WR,12,8,T2,174,0.0,
player_available,10.0,Nico Collins,WR,13,9,T2,6,0.8683,
player_available,10.0,Nico Collins,WR,13,9,T2,19,0.3023,
player_available,10.0,Nico Collins,WR,13,9,T2,30,0.0377,
player_available,10.0,Nico Collins,WR,13,9,T2,43,0.0,
player_available,10.0,Nico Collins,WR,13,9,T2,54,0.0,
player_available,10.0,Nico Collins,WR,13,9,T2,67,0.0,
player_available,10.0,Nico Collins,WR,13,9,T2,78,0.0,
player_available,10.0,Nico Collins,WR,13,9,T2,91,0.0,
player_available,10.0,Nico Collins,WR,13,9,T2,102,0.0,
player_available,10.0,Nico Collins,WR,13,9,T2,115,0.0,
player_available,10.0,Nico Collins,WR,13,9,T2,126,0.0,
player_available,10.0,Nico Collins,WR,13,9,T2,139,0.0,
player_available,10.0,Nico Collins,WR,13,9,T2,150,0.0,
player_available,10.0,Nico Collins,WR,13,9,T2,163,0.0,
player_available,10.0,Nico Collins,WR,13,9,T2,174,0.0,
player_available,10.0,Ashton Jeanty,RB,14,5,T2,6,0.88,
player_available,10.0,Ashton Jeanty,RB,14,5,T2,19,0.328,
player_available,10.0,Ashton Jeanty,RB,14,5,T2,30,0.052,
player_available,10.0,Ashton Jeanty,RB,14,5,T2,43,0.0,
player_available,10.0,Ashton Jeanty,RB,14,5,T2,54,0.0,
player_available,10.0,Ashton Jeanty,RB,14,5,T2,67,0.0,
player_available,10.0,Ashton Jeanty,RB,14,5,T2,78,0.0,
player_available,10.0,Ashton Jeanty,RB,14,5,T2,91,0.0,
player_available,10.0,Ashton Jeanty,RB,14,5,T2,102,0.0,
player_available,10.0,Ashton Jeanty,RB,14,5,T2,115,0.0,
player_available,10.0,Ashton Jeanty,RB,14,5,T2,126,0.0,
player_available,10.0,Ashton Jeanty,RB,14,5,T2,139,0.0,
player_available,10.0,Ashton Jeanty,RB,14,5,T2,150,0.0,
player_available,10.0,Ashton Jeanty,RB,14,5,T2,163,0.0,
player_available,10.0,Ashton Jeanty,RB,14,5,T2,174,0.0,
player_available,10.0,Trey McBride,TE,15,1,T1,6,0.9013,
player_available,10.0,Trey McBride,TE,15,1,T1,19,0.3657,
player_available,10.0,Trey McBride,TE,15,1,T1,30,0.0633,
player_available,10.0,Trey McBride,TE,15,1,T1,43,0.0,
player_available,10.0,Trey McBride,TE,15,1,T1,54,0.0,
player_available,10.0,Trey McBride,TE,15,1,T1,67,0.0,
player_available,10.0,Trey McBride,TE,15,1,T1,78,0.0,
player_available,10.0,Trey McBride,TE,15,1,T1,91,0.0,
player_available,10.0,Trey McBride,TE,15,1,T1,102,0.0,
player_available,10.0,Trey McBride,TE,15,1,T1,115,0.0,
player_available,10.0,Trey McBride,TE,15,1,T1,126,0.0,
player_available,10.0,Trey McBride,TE,15,1,T1,139,0.0,
player_available,10.0,Trey McBride,TE,15,1,T1,150,0.0,
player_available,10.0,Trey McBride,TE,15,1,T1,163,0.0,
player_available,10.0,Trey McBride,TE,15,1,T1,174,0.0,
player_available,10.0,George Pickens,WR,16,10,T2,6,0.909,
player_available,10.0,George Pickens,WR,16,10,T2,19,0.4083,
player_available,10.0,George Pickens,WR,16,10,T2,30,0.0877,
player_available,10.0,George Pickens,WR,16,10,T2,43,0.0017,
player_available,10.0,George Pickens,WR,16,10,T2,54,0.0,
player_available,10.0,George Pickens,WR,16,10,T2,67,0.0,
player_available,10.0,George Pickens,WR,16,10,T2,78,0.0,
player_available,10.0,George Pickens,WR,16,10,T2,91,0.0,
player_available,10.0,George Pickens,WR,16,10,T2,102,0.0,
player_available,10.0,George Pickens,WR,16,10,T2,115,0.0,
player_available,10.0,George Pickens,WR,16,10,T2,126,0.0,
player_available,10.0,George Pickens,WR,16,10,T2,139,0.0,
player_available,10.0,George Pickens,WR,16,10,T2,150,0.0,
player_available,10.0,George Pickens,WR,16,10,T2,163,0.0,
player_available,10.0,George Pickens,WR,16,10,T2,174,0.0,
player_available,10.0,James Cook III,RB,17,6,T2,6,0.9307,
player_available,10.0,James Cook III,RB,17,6,T2,19,0.4567,
player_available,10.0,James Cook III,RB,17,6,T2,30,0.1077,
player_available,10.0,James Cook III,RB,17,6,T2,43,0.0017,
player_available,10.0,James Cook III,RB,17,6,T2,54,0.0,
player_available,10.0,James Cook III,RB,17,6,T2,67,0.0,
player_available,10.0,James Cook III,RB,17,6,T2,78,0.0,
player_available,10.0,James Cook III,RB,17,6,T2,91,0.0,
player_available,10.0,James Cook III,RB,17,6,T2,102,0.0,
player_available,10.0,James Cook III,RB,17,6,T2,115,0.0,
player_available,10.0,James Cook III,RB,17,6,T2,126,0.0,
player_available,10.0,James Cook III,RB,17,6,T2,139,0.0,
player_available,10.0,James Cook III,RB,17,6,T2,150,0.0,
player_available,10.0,James Cook III,RB,17,6,T2,163,0.0,
player_available,10.0,James Cook III,RB,17,6,T2,174,0.0,
player_available,10.0,De'Von Achane,RB,18,7,T2,6,0.944,
player_available,10.0,De'Von Achane,RB,18,7,T2,19,0.489,
player_available,10.0,De'Von Achane,RB,18,7,T2,30,0.1283,
player_available,10.0,De'Von Achane,RB,18,7,T2,43,0.0027,
player_available,10.0,De'Von Achane,RB,18,7,T2,54,0.0,
player_available,10.0,De'Von Achane,RB,18,7,T2,67,0.0,
player_available,10.0,De'Von Achane,RB,18,7,T2,78,0.0,
player_available,10.0,De'Von Achane,RB,18,7,T2,91,0.0,
player_available,10.0,De'Von Achane,RB,18,7,T2,102,0.0,
player_available,10.0,De'Von Achane,RB,18,7,T2,115,0.0,
player_available,10.0,De'Von Achane,RB,18,7,T2,126,0.0,
player_available,10.0,De'Von Achane,RB,18,7,T2,139,0.0,
player_available,10.0,De'Von Achane,RB,18,7,T2,150,0.0,
player_available,10.0,De'Von Achane,RB,18,7,T2,163,0.0,
player_available,10.0,De'Von Achane,RB,18,7,T2,174,0.0,
player_available,10.0,Chase Brown,RB,19,8,T2,6,0.9507,
player_available,10.0,Chase Brown,RB,19,8,T2,19,0.535,
player_available,10.0,Chase Brown,RB,19,8,T2,30,0.1553,
player_available,10.0,Chase Brown,RB,19,8,T2,43,0.006,
player_available,10.0,Chase Brown,RB,19,8,T2,54,0.0,
player_available,10.0,Chase Brown,RB,19,8,T2,67,0.0,
player_available,10.0,Chase Brown,RB,19,8,T2,78,0.0,
player_available,10.0,Chase Brown,RB,19,8,T2,91,0.0,
player_available,10.0,Chase Brown,RB,19,8,T2,102,0.0,
player_available,10.0,Chase Brown,RB,19,8,T2,115,0.0,
player_available,10.0,Chase Brown,RB,19,8,T2,126,0.0,
player_available,10.0,Chase Brown,RB,19,8,T2,139,0.0,
player_available,10.0,Chase Brown,RB,19,8,T2,150,0.0,
player_available,10.0,Chase Brown,RB,19,8,T2,163,0.0,
player_available,10.0,Chase Brown,RB,19,8,T2,174,0.0,
player_available,10.0,Chris Olave,WR,20,11,T2,6,0.9593,
player_available,10.0,Chris Olave,WR,20,11,T2,19,0.5747,
player_available,10.0,Chris Olave,WR,20,11,T2,30,0.1747,
player_available,10.0,Chris Olave,WR,20,11,T2,43,0.0073,
player_available,10.0,Chris Olave,WR,20,11,T2,54,0.0,
player_available,10.0,Chris Olave,WR,20,11,T2,67,0.0,
player_available,10.0,Chris Olave,WR,20,11,T2,78,0.0,
player_available,10.0,Chris Olave,WR,20,11,T2,91,0.0,
player_available,10.0,Chris Olave,WR,20,11,T2,102,0.0,
player_available,10.0,Chris Olave,WR,20,11,T2,115,0.0,
player_available,10.0,Chris Olave,WR,20,11,T2,126,0.0,
player_available,10.0,Chris Olave,WR,20,11,T2,139,0.0,
player_available,10.0,Chris Olave,WR,20,11,T2,150,0.0,
player_available,10.0,Chris Olave,WR,20,11,T2,163,0.0,
player_available,10.0,Chris Olave,WR,20,11,T2,174,0.0,
player_available,10.0,Brock Bowers,TE,21,2,T1,6,0.9693,
player_available,10.0,Brock Bowers,TE,21,2,T1,19,0.6173,
player_available,10.0,Brock Bowers,TE,21,2,T1,30,0.194,
player_available,10.0,Brock Bowers,TE,21,2,T1,43,0.0083,
player_available,10.0,Brock Bowers,TE,21,2,T1,54,0.0,
player_available,10.0,Brock Bowers,TE,21,2,T1,67,0.0,
player_available,10.0,Brock Bowers,TE,21,2,T1,78,0.0,
player_available,10.0,Brock Bowers,TE,21,2,T1,91,0.0,
player_available,10.0,Brock Bowers,TE,21,2,T1,102,0.0,
player_available,10.0,Brock Bowers,TE,21,2,T1,115,0.0,
player_available,10.0,Brock Bowers,TE,21,2,T1,126,0.0,
player_available,10.0,Brock Bowers,TE,21,2,T1,139,0.0,
player_available,10.0,Brock Bowers,TE,21,2,T1,150,0.0,
player_available,10.0,Brock Bowers,TE,21,2,T1,163,0.0,
player_available,10.0,Brock Bowers,TE,21,2,T1,174,0.0,
player_available,10.0,Rashee Rice,WR,22,12,T2,6,0.9767,
player_available,10.0,Rashee Rice,WR,22,12,T2,19,0.6613,
player_available,10.0,Rashee Rice,WR,22,12,T2,30,0.235,
player_available,10.0,Rashee Rice,WR,22,12,T2,43,0.0123,
player_available,10.0,Rashee Rice,WR,22,12,T2,54,0.0,
player_available,10.0,Rashee Rice,WR,22,12,T2,67,0.0,
player_available,10.0,Rashee Rice,WR,22,12,T2,78,0.0,
player_available,10.0,Rashee Rice,WR,22,12,T2,91,0.0,
player_available,10.0,Rashee Rice,WR,22,12,T2,102,0.0,
player_available,10.0,Rashee Rice,WR,22,12,T2,115,0.0,
player_available,10.0,Rashee Rice,WR,22,12,T2,126,0.0,
player_available,10.0,Rashee Rice,WR,22,12,T2,139,0.0,
player_available,10.0,Rashee Rice,WR,22,12,T2,150,0.0,
player_available,10.0,Rashee Rice,WR,22,12,T2,163,0.0,
player_available,10.0,Rashee Rice,WR,22,12,T2,174,0.0,
player_available,10.0,Omarion Hampton,RB,23,9,T2,6,0.9713,
player_available,10.0,Omarion Hampton,RB,23,9,T2,19,0.6627,
player_available,10.0,Omarion Hampton,RB,23,9,T2,30,0.2457,
player_available,10.0,Omarion Hampton,RB,23,9,T2,43,0.019,
player_available,10.0,Omarion Hampton,RB,23,9,T2,54,0.0,
player_available,10.0,Omarion Hampton,RB,23,9,T2,67,0.0,
player_available,10.0,Omarion Hampton,RB,23,9,T2,78,0.0,
player_available,10.0,Omarion Hampton,RB,23,9,T2,91,0.0,
player_available,10.0,Omarion Hampton,RB,23,9,T2,102,0.0,
player_available,10.0,Omarion Hampton,RB,23,9,T2,115,0.0,
player_available,10.0,Omarion Hampton,RB,23,9,T2,126,0.0,
player_available,10.0,Omarion Hampton,RB,23,9,T2,139,0.0,
player_available,10.0,Omarion Hampton,RB,23,9,T2,150,0.0,
player_available,10.0,Omarion Hampton,RB,23,9,T2,163,0.0,
player_available,10.0,Omarion Hampton,RB,23,9,T2,174,0.0,
player_available,10.0,DeVonta Smith,WR,24,13,T3,6,0.9827,
player_available,10.0,DeVonta Smith,WR,24,13,T3,19,0.7223,
player_available,10.0,DeVonta Smith,WR,24,13,T3,30,0.3017,
player_available,10.0,DeVonta Smith,WR,24,13,T3,43,0.03,
player_available,10.0,DeVonta Smith,WR,24,13,T3,54,0.0,
player_available,10.0,DeVonta Smith,WR,24,13,T3,67,0.0,
player_available,10.0,DeVonta Smith,WR,24,13,T3,78,0.0,
player_available,10.0,DeVonta Smith,WR,24,13,T3,91,0.0,
player_available,10.0,DeVonta Smith,WR,24,13,T3,102,0.0,
player_available,10.0,DeVonta Smith,WR,24,13,T3,115,0.0,
player_available,10.0,DeVonta Smith,WR,24,13,T3,126,0.0,
player_available,10.0,DeVonta Smith,WR,24,13,T3,139,0.0,
player_available,10.0,DeVonta Smith,WR,24,13,T3,150,0.0,
player_available,10.0,DeVonta Smith,WR,24,13,T3,163,0.0,
player_available,10.0,DeVonta Smith,WR,24,13,T3,174,0.0,
player_available,10.0,Josh Allen,QB,25,1,T1,6,0.9927,
player_available,10.0,Josh Allen,QB,25,1,T1,19,0.7523,
player_available,10.0,Josh Allen,QB,25,1,T1,30,0.3163,
player_available,10.0,Josh Allen,QB,25,1,T1,43,0.0317,
player_available,10.0,Josh Allen,QB,25,1,T1,54,0.0,
player_available,10.0,Josh Allen,QB,25,1,T1,67,0.0,
player_available,10.0,Josh Allen,QB,25,1,T1,78,0.0,
player_available,10.0,Josh Allen,QB,25,1,T1,91,0.0,
player_available,10.0,Josh Allen,QB,25,1,T1,102,0.0,
player_available,10.0,Josh Allen,QB,25,1,T1,115,0.0,
player_available,10.0,Josh Allen,QB,25,1,T1,126,0.0,
player_available,10.0,Josh Allen,QB,25,1,T1,139,0.0,
player_available,10.0,Josh Allen,QB,25,1,T1,150,0.0,
player_available,10.0,Josh Allen,QB,25,1,T1,163,0.0,
player_available,10.0,Josh Allen,QB,25,1,T1,174,0.0,
player_available,10.0,Saquon Barkley,RB,26,10,T2,6,0.9907,
player_available,10.0,Saquon Barkley,RB,26,10,T2,19,0.794,
player_available,10.0,Saquon Barkley,RB,26,10,T2,30,0.3673,
player_available,10.0,Saquon Barkley,RB,26,10,T2,43,0.047,
player_available,10.0,Saquon Barkley,RB,26,10,T2,54,0.0003,
player_available,10.0,Saquon Barkley,RB,26,10,T2,67,0.0,
player_available,10.0,Saquon Barkley,RB,26,10,T2,78,0.0,
player_available,10.0,Saquon Barkley,RB,26,10,T2,91,0.0,
player_available,10.0,Saquon Barkley,RB,26,10,T2,102,0.0,
player_available,10.0,Saquon Barkley,RB,26,10,T2,115,0.0,
player_available,10.0,Saquon Barkley,RB,26,10,T2,126,0.0,
player_available,10.0,Saquon Barkley,RB,26,10,T2,139,0.0,
player_available,10.0,Saquon Barkley,RB,26,10,T2,150,0.0,
player_available,10.0,Saquon Barkley,RB,26,10,T2,163,0.0,
player_available,10.0,Saquon Barkley,RB,26,10,T2,174,0.0,
player_available,10.0,Garrett Wilson,WR,27,14,T3,6,0.9903,
player_available,10.0,Garrett Wilson,WR,27,14,T3,19,0.8007,
player_available,10.0,Garrett Wilson,WR,27,14,T3,30,0.3867,
player_available,10.0,Garrett Wilson,WR,27,14,T3,43,0.0607,
player_available,10.0,Garrett Wilson,WR,27,14,T3,54,0.001,
player_available,10.0,Garrett Wilson,WR,27,14,T3,67,0.0,
player_available,10.0,Garrett Wilson,WR,27,14,T3,78,0.0,
player_available,10.0,Garrett Wilson,WR,27,14,T3,91,0.0,
player_available,10.0,Garrett Wilson,WR,27,14,T3,102,0.0,
player_available,10.0,Garrett Wilson,WR,27,14,T3,115,0.0,
player_available,10.0,Garrett Wilson,WR,27,14,T3,126,0.0,
player_available,10.0,Garrett Wilson,WR,27,14,T3,139,0.0,
player_available,10.0,Garrett Wilson,WR,27,14,T3,150,0.0,
player_available,10.0,Garrett Wilson,WR,27,14,T3,163,0.0,
player_available,10.0,Garrett Wilson,WR,27,14,T3,174,0.0,
player_available,10.0,Tetairoa McMillan,WR,28,15,T3,6,0.993,
player_available,10.0,Tetairoa McMillan,WR,28,15,T3,19,0.8397,
player_available,10.0,Tetairoa McMillan,WR,28,15,T3,30,0.4487,
player_available,10.0,Tetairoa McMillan,WR,28,15,T3,43,0.0787,
player_available,10.0,Tetairoa McMillan,WR,28,15,T3,54,0.0017,
player_available,10.0,Tetairoa McMillan,WR,28,15,T3,67,0.0,
player_available,10.0,Tetairoa McMillan,WR,28,15,T3,78,0.0,
player_available,10.0,Tetairoa McMillan,WR,28,15,T3,91,0.0,
player_available,10.0,Tetairoa McMillan,WR,28,15,T3,102,0.0,
player_available,10.0,Tetairoa McMillan,WR,28,15,T3,115,0.0,
player_available,10.0,Tetairoa McMillan,WR,28,15,T3,126,0.0,
player_available,10.0,Tetairoa McMillan,WR,28,15,T3,139,0.0,
player_available,10.0,Tetairoa McMillan,WR,28,15,T3,150,0.0,
player_available,10.0,Tetairoa McMillan,WR,28,15,T3,163,0.0,
player_available,10.0,Tetairoa McMillan,WR,28,15,T3,174,0.0,
player_available,10.0,Zay Flowers,WR,29,16,T3,6,0.995,
player_available,10.0,Zay Flowers,WR,29,16,T3,19,0.8723,
player_available,10.0,Zay Flowers,WR,29,16,T3,30,0.504,
player_available,10.0,Zay Flowers,WR,29,16,T3,43,0.096,
player_available,10.0,Zay Flowers,WR,29,16,T3,54,0.0023,
player_available,10.0,Zay Flowers,WR,29,16,T3,67,0.0,
player_available,10.0,Zay Flowers,WR,29,16,T3,78,0.0,
player_available,10.0,Zay Flowers,WR,29,16,T3,91,0.0,
player_available,10.0,Zay Flowers,WR,29,16,T3,102,0.0,
player_available,10.0,Zay Flowers,WR,29,16,T3,115,0.0,
player_available,10.0,Zay Flowers,WR,29,16,T3,126,0.0,
player_available,10.0,Zay Flowers,WR,29,16,T3,139,0.0,
player_available,10.0,Zay Flowers,WR,29,16,T3,150,0.0,
player_available,10.0,Zay Flowers,WR,29,16,T3,163,0.0,
player_available,10.0,Zay Flowers,WR,29,16,T3,174,0.0,
player_available,10.0,Kenneth Walker III,RB,30,11,T3,6,0.9967,
player_available,10.0,Kenneth Walker III,RB,30,11,T3,19,0.8863,
player_available,10.0,Kenneth Walker III,RB,30,11,T3,30,0.526,
player_available,10.0,Kenneth Walker III,RB,30,11,T3,43,0.1,
player_available,10.0,Kenneth Walker III,RB,30,11,T3,54,0.0033,
player_available,10.0,Kenneth Walker III,RB,30,11,T3,67,0.0,
player_available,10.0,Kenneth Walker III,RB,30,11,T3,78,0.0,
player_available,10.0,Kenneth Walker III,RB,30,11,T3,91,0.0,
player_available,10.0,Kenneth Walker III,RB,30,11,T3,102,0.0,
player_available,10.0,Kenneth Walker III,RB,30,11,T3,115,0.0,
player_available,10.0,Kenneth Walker III,RB,30,11,T3,126,0.0,
player_available,10.0,Kenneth Walker III,RB,30,11,T3,139,0.0,
player_available,10.0,Kenneth Walker III,RB,30,11,T3,150,0.0,
player_available,10.0,Kenneth Walker III,RB,30,11,T3,163,0.0,
player_available,10.0,Kenneth Walker III,RB,30,11,T3,174,0.0,
player_available,10.0,Tee Higgins,WR,31,17,T3,6,0.9983,
player_available,10.0,Tee Higgins,WR,31,17,T3,19,0.8973,
player_available,10.0,Tee Higgins,WR,31,17,T3,30,0.5653,
player_available,10.0,Tee Higgins,WR,31,17,T3,43,0.1303,
player_available,10.0,Tee Higgins,WR,31,17,T3,54,0.004,
player_available,10.0,Tee Higgins,WR,31,17,T3,67,0.0,
player_available,10.0,Tee Higgins,WR,31,17,T3,78,0.0,
player_available,10.0,Tee Higgins,WR,31,17,T3,91,0.0,
player_available,10.0,Tee Higgins,WR,31,17,T3,102,0.0,
player_available,10.0,Tee Higgins,WR,31,17,T3,115,0.0,
player_available,10.0,Tee Higgins,WR,31,17,T3,126,0.0,
player_available,10.0,Tee Higgins,WR,31,17,T3,139,0.0,
player_available,10.0,Tee Higgins,WR,31,17,T3,150,0.0,
player_available,10.0,Tee Higgins,WR,31,17,T3,163,0.0,
player_available,10.0,Tee Higgins,WR,31,17,T3,174,0.0,
player_available,10.0,Lamar Jackson,QB,32,2,T1,6,0.9967,
player_available,10.0,Lamar Jackson,QB,32,2,T1,19,0.914,
player_available,10.0,Lamar Jackson,QB,32,2,T1,30,0.603,
player_available,10.0,Lamar Jackson,QB,32,2,T1,43,0.152,
player_available,10.0,Lamar Jackson,QB,32,2,T1,54,0.0093,
player_available,10.0,Lamar Jackson,QB,32,2,T1,67,0.0,
player_available,10.0,Lamar Jackson,QB,32,2,T1,78,0.0,
player_available,10.0,Lamar Jackson,QB,32,2,T1,91,0.0,
player_available,10.0,Lamar Jackson,QB,32,2,T1,102,0.0,
player_available,10.0,Lamar Jackson,QB,32,2,T1,115,0.0,
player_available,10.0,Lamar Jackson,QB,32,2,T1,126,0.0,
player_available,10.0,Lamar Jackson,QB,32,2,T1,139,0.0,
player_available,10.0,Lamar Jackson,QB,32,2,T1,150,0.0,
player_available,10.0,Lamar Jackson,QB,32,2,T1,163,0.0,
player_available,10.0,Lamar Jackson,QB,32,2,T1,174,0.0,
player_available,10.0,Drake Maye,QB,33,3,T2,6,0.998,
player_available,10.0,Drake Maye,QB,33,3,T2,19,0.937,
player_available,10.0,Drake Maye,QB,33,3,T2,30,0.6477,
player_available,10.0,Drake Maye,QB,33,3,T2,43,0.167,
player_available,10.0,Drake Maye,QB,33,3,T2,54,0.011,
player_available,10.0,Drake Maye,QB,33,3,T2,67,0.0,
player_available,10.0,Drake Maye,QB,33,3,T2,78,0.0,
player_available,10.0,Drake Maye,QB,33,3,T2,91,0.0,
player_available,10.0,Drake Maye,QB,33,3,T2,102,0.0,
player_available,10.0,Drake Maye,QB,33,3,T2,115,0.0,
player_available,10.0,Drake Maye,QB,33,3,T2,126,0.0,
player_available,10.0,Drake Maye,QB,33,3,T2,139,0.0,
player_available,10.0,Drake Maye,QB,33,3,T2,150,0.0,
player_available,10.0,Drake Maye,QB,33,3,T2,163,0.0,
player_available,10.0,Drake Maye,QB,33,3,T2,174,0.0,
player_available,10.0,Ladd McConkey,WR,34,18,T3,6,0.9993,
player_available,10.0,Ladd McConkey,WR,34,18,T3,19,0.9363,
player_available,10.0,Ladd McConkey,WR,34,18,T3,30,0.6753,
player_available,10.0,Ladd McConkey,WR,34,18,T3,43,0.2133,
player_available,10.0,Ladd McConkey,WR,34,18,T3,54,0.02,
player_available,10.0,Ladd McConkey,WR,34,18,T3,67,0.0,
player_available,10.0,Ladd McConkey,WR,34,18,T3,78,0.0,
player_available,10.0,Ladd McConkey,WR,34,18,T3,91,0.0,
player_available,10.0,Ladd McConkey,WR,34,18,T3,102,0.0,
player_available,10.0,Ladd McConkey,WR,34,18,T3,115,0.0,
player_available,10.0,Ladd McConkey,WR,34,18,T3,126,0.0,
player_available,10.0,Ladd McConkey,WR,34,18,T3,139,0.0,
player_available,10.0,Ladd McConkey,WR,34,18,T3,150,0.0,
player_available,10.0,Ladd McConkey,WR,34,18,T3,163,0.0,
player_available,10.0,Ladd McConkey,WR,34,18,T3,174,0.0,
player_available,10.0,Jaylen Waddle,WR,35,19,T3,6,0.9997,
player_available,10.0,Jaylen Waddle,WR,35,19,T3,19,0.9533,
player_available,10.0,Jaylen Waddle,WR,35,19,T3,30,0.7163,
player_available,10.0,Jaylen Waddle,WR,35,19,T3,43,0.2383,
player_available,10.0,Jaylen Waddle,WR,35,19,T3,54,0.022,
player_available,10.0,Jaylen Waddle,WR,35,19,T3,67,0.0,
player_available,10.0,Jaylen Waddle,WR,35,19,T3,78,0.0,
player_available,10.0,Jaylen Waddle,WR,35,19,T3,91,0.0,
player_available,10.0,Jaylen Waddle,WR,35,19,T3,102,0.0,
player_available,10.0,Jaylen Waddle,WR,35,19,T3,115,0.0,
player_available,10.0,Jaylen Waddle,WR,35,19,T3,126,0.0,
player_available,10.0,Jaylen Waddle,WR,35,19,T3,139,0.0,
player_available,10.0,Jaylen Waddle,WR,35,19,T3,150,0.0,
player_available,10.0,Jaylen Waddle,WR,35,19,T3,163,0.0,
player_available,10.0,Jaylen Waddle,WR,35,19,T3,174,0.0,
player_available,10.0,Emeka Egbuka,WR,36,20,T3,6,0.9993,
player_available,10.0,Emeka Egbuka,WR,36,20,T3,19,0.9597,
player_available,10.0,Emeka Egbuka,WR,36,20,T3,30,0.748,
player_available,10.0,Emeka Egbuka,WR,36,20,T3,43,0.2457,
player_available,10.0,Emeka Egbuka,WR,36,20,T3,54,0.0353,
player_available,10.0,Emeka Egbuka,WR,36,20,T3,67,0.0007,
player_available,10.0,Emeka Egbuka,WR,36,20,T3,78,0.0,
player_available,10.0,Emeka Egbuka,WR,36,20,T3,91,0.0,
player_available,10.0,Emeka Egbuka,WR,36,20,T3,102,0.0,
player_available,10.0,Emeka Egbuka,WR,36,20,T3,115,0.0,
player_available,10.0,Emeka Egbuka,WR,36,20,T3,126,0.0,
player_available,10.0,Emeka Egbuka,WR,36,20,T3,139,0.0,
player_available,10.0,Emeka Egbuka,WR,36,20,T3,150,0.0,
player_available,10.0,Emeka Egbuka,WR,36,20,T3,163,0.0,
player_available,10.0,Emeka Egbuka,WR,36,20,T3,174,0.0,
player_available,10.0,Colston Loveland,TE,37,3,T2,6,1.0,
player_available,10.0,Colston Loveland,TE,37,3,T2,19,0.964,
player_available,10.0,Colston Loveland,TE,37,3,T2,30,0.7793,
player_available,10.0,Colston Loveland,TE,37,3,T2,43,0.2793,
player_available,10.0,Colston Loveland,TE,37,3,T2,54,0.039,
player_available,10.0,Colston Loveland,TE,37,3,T2,67,0.0,
player_available,10.0,Colston Loveland,TE,37,3,T2,78,0.0,
player_available,10.0,Colston Loveland,TE,37,3,T2,91,0.0,
player_available,10.0,Colston Loveland,TE,37,3,T2,102,0.0,
player_available,10.0,Colston Loveland,TE,37,3,T2,115,0.0,
player_available,10.0,Colston Loveland,TE,37,3,T2,126,0.0,
player_available,10.0,Colston Loveland,TE,37,3,T2,139,0.0,
player_available,10.0,Colston Loveland,TE,37,3,T2,150,0.0,
player_available,10.0,Colston Loveland,TE,37,3,T2,163,0.0,
player_available,10.0,Colston Loveland,TE,37,3,T2,174,0.0,
player_available,10.0,Derrick Henry,RB,38,12,T3,6,0.9997,
player_available,10.0,Derrick Henry,RB,38,12,T3,19,0.9767,
player_available,10.0,Derrick Henry,RB,38,12,T3,30,0.8107,
player_available,10.0,Derrick Henry,RB,38,12,T3,43,0.3193,
player_available,10.0,Derrick Henry,RB,38,12,T3,54,0.0537,
player_available,10.0,Derrick Henry,RB,38,12,T3,67,0.0,
player_available,10.0,Derrick Henry,RB,38,12,T3,78,0.0,
player_available,10.0,Derrick Henry,RB,38,12,T3,91,0.0,
player_available,10.0,Derrick Henry,RB,38,12,T3,102,0.0,
player_available,10.0,Derrick Henry,RB,38,12,T3,115,0.0,
player_available,10.0,Derrick Henry,RB,38,12,T3,126,0.0,
player_available,10.0,Derrick Henry,RB,38,12,T3,139,0.0,
player_available,10.0,Derrick Henry,RB,38,12,T3,150,0.0,
player_available,10.0,Derrick Henry,RB,38,12,T3,163,0.0,
player_available,10.0,Derrick Henry,RB,38,12,T3,174,0.0,
player_available,10.0,Malik Nabers,WR,39,21,T3,6,0.9997,
player_available,10.0,Malik Nabers,WR,39,21,T3,19,0.981,
player_available,10.0,Malik Nabers,WR,39,21,T3,30,0.8413,
player_available,10.0,Malik Nabers,WR,39,21,T3,43,0.3653,
player_available,10.0,Malik Nabers,WR,39,21,T3,54,0.0757,
player_available,10.0,Malik Nabers,WR,39,21,T3,67,0.0007,
player_available,10.0,Malik Nabers,WR,39,21,T3,78,0.0,
player_available,10.0,Malik Nabers,WR,39,21,T3,91,0.0,
player_available,10.0,Malik Nabers,WR,39,21,T3,102,0.0,
player_available,10.0,Malik Nabers,WR,39,21,T3,115,0.0,
player_available,10.0,Malik Nabers,WR,39,21,T3,126,0.0,
player_available,10.0,Malik Nabers,WR,39,21,T3,139,0.0,
player_available,10.0,Malik Nabers,WR,39,21,T3,150,0.0,
player_available,10.0,Malik Nabers,WR,39,21,T3,163,0.0,
player_available,10.0,Malik Nabers,WR,39,21,T3,174,0.0,
player_available,10.0,Breece Hall,RB,40,13,T3,6,1.0,
player_available,10.0,Breece Hall,RB,40,13,T3,19,0.9873,
player_available,10.0,Breece Hall,RB,40,13,T3,30,0.8583,
player_available,10.0,Breece Hall,RB,40,13,T3,43,0.3927,
player_available,10.0,Breece Hall,RB,40,13,T3,54,0.0853,
player_available,10.0,Breece Hall,RB,40,13,T3,67,0.001,
player_available,10.0,Breece Hall,RB,40,13,T3,78,0.0,
player_available,10.0,Breece Hall,RB,40,13,T3,91,0.0,
player_available,10.0,Breece Hall,RB,40,13,T3,102,0.0,
player_available,10.0,Breece Hall,RB,40,13,T3,115,0.0,
player_available,10.0,Breece Hall,RB,40,13,T3,126,0.0,
player_available,10.0,Breece Hall,RB,40,13,T3,139,0.0,
player_available,10.0,Breece Hall,RB,40,13,T3,150,0.0,
player_available,10.0,Breece Hall,RB,40,13,T3,163,0.0,
player_available,10.0,Breece Hall,RB,40,13,T3,174,0.0,
player_available,10.0,Kyren Williams,RB,41,14,T3,6,0.9997,
player_available,10.0,Kyren Williams,RB,41,14,T3,19,0.986,
player_available,10.0,Kyren Williams,RB,41,14,T3,30,0.8723,
player_available,10.0,Kyren Williams,RB,41,14,T3,43,0.4263,
player_available,10.0,Kyren Williams,RB,41,14,T3,54,0.1013,
player_available,10.0,Kyren Williams,RB,41,14,T3,67,0.0013,
player_available,10.0,Kyren Williams,RB,41,14,T3,78,0.0,
player_available,10.0,Kyren Williams,RB,41,14,T3,91,0.0,
player_available,10.0,Kyren Williams,RB,41,14,T3,102,0.0,
player_available,10.0,Kyren Williams,RB,41,14,T3,115,0.0,
player_available,10.0,Kyren Williams,RB,41,14,T3,126,0.0,
player_available,10.0,Kyren Williams,RB,41,14,T3,139,0.0,
player_available,10.0,Kyren Williams,RB,41,14,T3,150,0.0,
player_available,10.0,Kyren Williams,RB,41,14,T3,163,0.0,
player_available,10.0,Kyren Williams,RB,41,14,T3,174,0.0,
player_available,10.0,Terry McLaurin,WR,42,22,T3,6,1.0,
player_available,10.0,Terry McLaurin,WR,42,22,T3,19,0.994,
player_available,10.0,Terry McLaurin,WR,42,22,T3,30,0.9057,
player_available,10.0,Terry McLaurin,WR,42,22,T3,43,0.5077,
player_available,10.0,Terry McLaurin,WR,42,22,T3,54,0.1373,
player_available,10.0,Terry McLaurin,WR,42,22,T3,67,0.002,
player_available,10.0,Terry McLaurin,WR,42,22,T3,78,0.0,
player_available,10.0,Terry McLaurin,WR,42,22,T3,91,0.0,
player_available,10.0,Terry McLaurin,WR,42,22,T3,102,0.0,
player_available,10.0,Terry McLaurin,WR,42,22,T3,115,0.0,
player_available,10.0,Terry McLaurin,WR,42,22,T3,126,0.0,
player_available,10.0,Terry McLaurin,WR,42,22,T3,139,0.0,
player_available,10.0,Terry McLaurin,WR,42,22,T3,150,0.0,
player_available,10.0,Terry McLaurin,WR,42,22,T3,163,0.0,
player_available,10.0,Terry McLaurin,WR,42,22,T3,174,0.0,
player_available,10.0,Joe Burrow,QB,43,4,T2,6,1.0,
player_available,10.0,Joe Burrow,QB,43,4,T2,19,0.9927,
player_available,10.0,Joe Burrow,QB,43,4,T2,30,0.9177,
player_available,10.0,Joe Burrow,QB,43,4,T2,43,0.5197,
player_available,10.0,Joe Burrow,QB,43,4,T2,54,0.157,
player_available,10.0,Joe Burrow,QB,43,4,T2,67,0.0063,
player_available,10.0,Joe Burrow,QB,43,4,T2,78,0.0,
player_available,10.0,Joe Burrow,QB,43,4,T2,91,0.0,
player_available,10.0,Joe Burrow,QB,43,4,T2,102,0.0,
player_available,10.0,Joe Burrow,QB,43,4,T2,115,0.0,
player_available,10.0,Joe Burrow,QB,43,4,T2,126,0.0,
player_available,10.0,Joe Burrow,QB,43,4,T2,139,0.0,
player_available,10.0,Joe Burrow,QB,43,4,T2,150,0.0,
player_available,10.0,Joe Burrow,QB,43,4,T2,163,0.0,
player_available,10.0,Joe Burrow,QB,43,4,T2,174,0.0,
player_available,10.0,Josh Jacobs,RB,44,15,T3,6,1.0,
player_available,10.0,Josh Jacobs,RB,44,15,T3,19,0.9943,
player_available,10.0,Josh Jacobs,RB,44,15,T3,30,0.9287,
player_available,10.0,Josh Jacobs,RB,44,15,T3,43,0.5527,
player_available,10.0,Josh Jacobs,RB,44,15,T3,54,0.1513,
player_available,10.0,Josh Jacobs,RB,44,15,T3,67,0.006,
player_available,10.0,Josh Jacobs,RB,44,15,T3,78,0.0,
player_available,10.0,Josh Jacobs,RB,44,15,T3,91,0.0,
player_available,10.0,Josh Jacobs,RB,44,15,T3,102,0.0,
player_available,10.0,Josh Jacobs,RB,44,15,T3,115,0.0,
player_available,10.0,Josh Jacobs,RB,44,15,T3,126,0.0,
player_available,10.0,Josh Jacobs,RB,44,15,T3,139,0.0,
player_available,10.0,Josh Jacobs,RB,44,15,T3,150,0.0,
player_available,10.0,Josh Jacobs,RB,44,15,T3,163,0.0,
player_available,10.0,Josh Jacobs,RB,44,15,T3,174,0.0,
player_available,10.0,Luther Burden III,WR,45,23,T3,6,1.0,
player_available,10.0,Luther Burden III,WR,45,23,T3,19,0.9957,
player_available,10.0,Luther Burden III,WR,45,23,T3,30,0.9367,
player_available,10.0,Luther Burden III,WR,45,23,T3,43,0.593,
player_available,10.0,Luther Burden III,WR,45,23,T3,54,0.198,
player_available,10.0,Luther Burden III,WR,45,23,T3,67,0.0133,
player_available,10.0,Luther Burden III,WR,45,23,T3,78,0.0,
player_available,10.0,Luther Burden III,WR,45,23,T3,91,0.0,
player_available,10.0,Luther Burden III,WR,45,23,T3,102,0.0,
player_available,10.0,Luther Burden III,WR,45,23,T3,115,0.0,
player_available,10.0,Luther Burden III,WR,45,23,T3,126,0.0,
player_available,10.0,Luther Burden III,WR,45,23,T3,139,0.0,
player_available,10.0,Luther Burden III,WR,45,23,T3,150,0.0,
player_available,10.0,Luther Burden III,WR,45,23,T3,163,0.0,
player_available,10.0,Luther Burden III,WR,45,23,T3,174,0.0,
player_available,10.0,Javonte Williams,RB,46,16,T3,6,1.0,
player_available,10.0,Javonte Williams,RB,46,16,T3,19,0.9983,
player_available,10.0,Javonte Williams,RB,46,16,T3,30,0.9467,
player_available,10.0,Javonte Williams,RB,46,16,T3,43,0.6467,
player_available,10.0,Javonte Williams,RB,46,16,T3,54,0.2233,
player_available,10.0,Javonte Williams,RB,46,16,T3,67,0.0123,
player_available,10.0,Javonte Williams,RB,46,16,T3,78,0.0,
player_available,10.0,Javonte Williams,RB,46,16,T3,91,0.0,
player_available,10.0,Javonte Williams,RB,46,16,T3,102,0.0,
player_available,10.0,Javonte Williams,RB,46,16,T3,115,0.0,
player_available,10.0,Javonte Williams,RB,46,16,T3,126,0.0,
player_available,10.0,Javonte Williams,RB,46,16,T3,139,0.0,
player_available,10.0,Javonte Williams,RB,46,16,T3,150,0.0,
player_available,10.0,Javonte Williams,RB,46,16,T3,163,0.0,
player_available,10.0,Javonte Williams,RB,46,16,T3,174,0.0,
player_available,10.0,Travis Etienne Jr.,RB,47,17,T3,6,1.0,
player_available,10.0,Travis Etienne Jr.,RB,47,17,T3,19,0.9983,
player_available,10.0,Travis Etienne Jr.,RB,47,17,T3,30,0.965,
player_available,10.0,Travis Etienne Jr.,RB,47,17,T3,43,0.6767,
player_available,10.0,Travis Etienne Jr.,RB,47,17,T3,54,0.265,
player_available,10.0,Travis Etienne Jr.,RB,47,17,T3,67,0.015,
player_available,10.0,Travis Etienne Jr.,RB,47,17,T3,78,0.0003,
player_available,10.0,Travis Etienne Jr.,RB,47,17,T3,91,0.0,
player_available,10.0,Travis Etienne Jr.,RB,47,17,T3,102,0.0,
player_available,10.0,Travis Etienne Jr.,RB,47,17,T3,115,0.0,
player_available,10.0,Travis Etienne Jr.,RB,47,17,T3,126,0.0,
player_available,10.0,Travis Etienne Jr.,RB,47,17,T3,139,0.0,
player_available,10.0,Travis Etienne Jr.,RB,47,17,T3,150,0.0,
player_available,10.0,Travis Etienne Jr.,RB,47,17,T3,163,0.0,
player_available,10.0,Travis Etienne Jr.,RB,47,17,T3,174,0.0,
player_available,10.0,Davante Adams,WR,48,24,T3,6,1.0,
player_available,10.0,Davante Adams,WR,48,24,T3,19,0.999,
player_available,10.0,Davante Adams,WR,48,24,T3,30,0.971,
player_available,10.0,Davante Adams,WR,48,24,T3,43,0.7347,
player_available,10.0,Davante Adams,WR,48,24,T3,54,0.326,
player_available,10.0,Davante Adams,WR,48,24,T3,67,0.04,
player_available,10.0,Davante Adams,WR,48,24,T3,78,0.001,
player_available,10.0,Davante Adams,WR,48,24,T3,91,0.0,
player_available,10.0,Davante Adams,WR,48,24,T3,102,0.0,
player_available,10.0,Davante Adams,WR,48,24,T3,115,0.0,
player_available,10.0,Davante Adams,WR,48,24,T3,126,0.0,
player_available,10.0,Davante Adams,WR,48,24,T3,139,0.0,
player_available,10.0,Davante Adams,WR,48,24,T3,150,0.0,
player_available,10.0,Davante Adams,WR,48,24,T3,163,0.0,
player_available,10.0,Davante Adams,WR,48,24,T3,174,0.0,
player_available,10.0,Mike Evans,WR,49,25,T4,6,1.0,
player_available,10.0,Mike Evans,WR,49,25,T4,19,0.9987,
player_available,10.0,Mike Evans,WR,49,25,T4,30,0.9723,
player_available,10.0,Mike Evans,WR,49,25,T4,43,0.7483,
player_available,10.0,Mike Evans,WR,49,25,T4,54,0.3403,
player_available,10.0,Mike Evans,WR,49,25,T4,67,0.0457,
player_available,10.0,Mike Evans,WR,49,25,T4,78,0.0003,
player_available,10.0,Mike Evans,WR,49,25,T4,91,0.0,
player_available,10.0,Mike Evans,WR,49,25,T4,102,0.0,
player_available,10.0,Mike Evans,WR,49,25,T4,115,0.0,
player_available,10.0,Mike Evans,WR,49,25,T4,126,0.0,
player_available,10.0,Mike Evans,WR,49,25,T4,139,0.0,
player_available,10.0,Mike Evans,WR,49,25,T4,150,0.0,
player_available,10.0,Mike Evans,WR,49,25,T4,163,0.0,
player_available,10.0,Mike Evans,WR,49,25,T4,174,0.0,
player_available,10.0,DJ Moore,WR,50,26,T4,6,1.0,
player_available,10.0,DJ Moore,WR,50,26,T4,19,0.9993,
player_available,10.0,DJ Moore,WR,50,26,T4,30,0.9827,
player_available,10.0,DJ Moore,WR,50,26,T4,43,0.7927,
player_available,10.0,DJ Moore,WR,50,26,T4,54,0.3983,
player_available,10.0,DJ Moore,WR,50,26,T4,67,0.0637,
player_available,10.0,DJ Moore,WR,50,26,T4,78,0.001,
player_available,10.0,DJ Moore,WR,50,26,T4,91,0.0,
player_available,10.0,DJ Moore,WR,50,26,T4,102,0.0,
player_available,10.0,DJ Moore,WR,50,26,T4,115,0.0,
player_available,10.0,DJ Moore,WR,50,26,T4,126,0.0,
player_available,10.0,DJ Moore,WR,50,26,T4,139,0.0,
player_available,10.0,DJ Moore,WR,50,26,T4,150,0.0,
player_available,10.0,DJ Moore,WR,50,26,T4,163,0.0,
player_available,10.0,DJ Moore,WR,50,26,T4,174,0.0,
player_available,10.0,Jameson Williams,WR,51,27,T4,6,1.0,
player_available,10.0,Jameson Williams,WR,51,27,T4,19,0.9997,
player_available,10.0,Jameson Williams,WR,51,27,T4,30,0.9833,
player_available,10.0,Jameson Williams,WR,51,27,T4,43,0.8117,
player_available,10.0,Jameson Williams,WR,51,27,T4,54,0.435,
player_available,10.0,Jameson Williams,WR,51,27,T4,67,0.0857,
player_available,10.0,Jameson Williams,WR,51,27,T4,78,0.002,
player_available,10.0,Jameson Williams,WR,51,27,T4,91,0.0,
player_available,10.0,Jameson Williams,WR,51,27,T4,102,0.0,
player_available,10.0,Jameson Williams,WR,51,27,T4,115,0.0,
player_available,10.0,Jameson Williams,WR,51,27,T4,126,0.0,
player_available,10.0,Jameson Williams,WR,51,27,T4,139,0.0,
player_available,10.0,Jameson Williams,WR,51,27,T4,150,0.0,
player_available,10.0,Jameson Williams,WR,51,27,T4,163,0.0,
player_available,10.0,Jameson Williams,WR,51,27,T4,174,0.0,
player_available,10.0,Tyler Warren,TE,52,4,T2,6,1.0,
player_available,10.0,Tyler Warren,TE,52,4,T2,19,0.999,
player_available,10.0,Tyler Warren,TE,52,4,T2,30,0.983,
player_available,10.0,Tyler Warren,TE,52,4,T2,43,0.816,
player_available,10.0,Tyler Warren,TE,52,4,T2,54,0.4207,
player_available,10.0,Tyler Warren,TE,52,4,T2,67,0.058,
player_available,10.0,Tyler Warren,TE,52,4,T2,78,0.0,
player_available,10.0,Tyler Warren,TE,52,4,T2,91,0.0,
player_available,10.0,Tyler Warren,TE,52,4,T2,102,0.0,
player_available,10.0,Tyler Warren,TE,52,4,T2,115,0.0,
player_available,10.0,Tyler Warren,TE,52,4,T2,126,0.0,
player_available,10.0,Tyler Warren,TE,52,4,T2,139,0.0,
player_available,10.0,Tyler Warren,TE,52,4,T2,150,0.0,
player_available,10.0,Tyler Warren,TE,52,4,T2,163,0.0,
player_available,10.0,Tyler Warren,TE,52,4,T2,174,0.0,
player_available,10.0,Cam Skattebo,RB,53,18,T3,6,1.0,
player_available,10.0,Cam Skattebo,RB,53,18,T3,19,0.9997,
player_available,10.0,Cam Skattebo,RB,53,18,T3,30,0.9907,
player_available,10.0,Cam Skattebo,RB,53,18,T3,43,0.852,
player_available,10.0,Cam Skattebo,RB,53,18,T3,54,0.4563,
player_available,10.0,Cam Skattebo,RB,53,18,T3,67,0.072,
player_available,10.0,Cam Skattebo,RB,53,18,T3,78,0.0017,
player_available,10.0,Cam Skattebo,RB,53,18,T3,91,0.0,
player_available,10.0,Cam Skattebo,RB,53,18,T3,102,0.0,
player_available,10.0,Cam Skattebo,RB,53,18,T3,115,0.0,
player_available,10.0,Cam Skattebo,RB,53,18,T3,126,0.0,
player_available,10.0,Cam Skattebo,RB,53,18,T3,139,0.0,
player_available,10.0,Cam Skattebo,RB,53,18,T3,150,0.0,
player_available,10.0,Cam Skattebo,RB,53,18,T3,163,0.0,
player_available,10.0,Cam Skattebo,RB,53,18,T3,174,0.0,
player_available,10.0,Jayden Daniels,QB,54,5,T2,6,1.0,
player_available,10.0,Jayden Daniels,QB,54,5,T2,19,0.9993,
player_available,10.0,Jayden Daniels,QB,54,5,T2,30,0.9933,
player_available,10.0,Jayden Daniels,QB,54,5,T2,43,0.873,
player_available,10.0,Jayden Daniels,QB,54,5,T2,54,0.5133,
player_available,10.0,Jayden Daniels,QB,54,5,T2,67,0.1233,
player_available,10.0,Jayden Daniels,QB,54,5,T2,78,0.0057,
player_available,10.0,Jayden Daniels,QB,54,5,T2,91,0.0,
player_available,10.0,Jayden Daniels,QB,54,5,T2,102,0.0,
player_available,10.0,Jayden Daniels,QB,54,5,T2,115,0.0,
player_available,10.0,Jayden Daniels,QB,54,5,T2,126,0.0,
player_available,10.0,Jayden Daniels,QB,54,5,T2,139,0.0,
player_available,10.0,Jayden Daniels,QB,54,5,T2,150,0.0,
player_available,10.0,Jayden Daniels,QB,54,5,T2,163,0.0,
player_available,10.0,Jayden Daniels,QB,54,5,T2,174,0.0,
player_available,10.0,Jalen Hurts,QB,55,6,T2,6,1.0,
player_available,10.0,Jalen Hurts,QB,55,6,T2,19,1.0,
player_available,10.0,Jalen Hurts,QB,55,6,T2,30,0.9977,
player_available,10.0,Jalen Hurts,QB,55,6,T2,43,0.8947,
player_available,10.0,Jalen Hurts,QB,55,6,T2,54,0.587,
player_available,10.0,Jalen Hurts,QB,55,6,T2,67,0.155,
player_available,10.0,Jalen Hurts,QB,55,6,T2,78,0.0113,
player_available,10.0,Jalen Hurts,QB,55,6,T2,91,0.0,
player_available,10.0,Jalen Hurts,QB,55,6,T2,102,0.0,
player_available,10.0,Jalen Hurts,QB,55,6,T2,115,0.0,
player_available,10.0,Jalen Hurts,QB,55,6,T2,126,0.0,
player_available,10.0,Jalen Hurts,QB,55,6,T2,139,0.0,
player_available,10.0,Jalen Hurts,QB,55,6,T2,150,0.0,
player_available,10.0,Jalen Hurts,QB,55,6,T2,163,0.0,
player_available,10.0,Jalen Hurts,QB,55,6,T2,174,0.0,
player_available,10.0,Bucky Irving,RB,56,19,T3,6,1.0,
player_available,10.0,Bucky Irving,RB,56,19,T3,19,1.0,
player_available,10.0,Bucky Irving,RB,56,19,T3,30,0.9977,
player_available,10.0,Bucky Irving,RB,56,19,T3,43,0.915,
player_available,10.0,Bucky Irving,RB,56,19,T3,54,0.5967,
player_available,10.0,Bucky Irving,RB,56,19,T3,67,0.1287,
player_available,10.0,Bucky Irving,RB,56,19,T3,78,0.0047,
player_available,10.0,Bucky Irving,RB,56,19,T3,91,0.0,
player_available,10.0,Bucky Irving,RB,56,19,T3,102,0.0,
player_available,10.0,Bucky Irving,RB,56,19,T3,115,0.0,
player_available,10.0,Bucky Irving,RB,56,19,T3,126,0.0,
player_available,10.0,Bucky Irving,RB,56,19,T3,139,0.0,
player_available,10.0,Bucky Irving,RB,56,19,T3,150,0.0,
player_available,10.0,Bucky Irving,RB,56,19,T3,163,0.0,
player_available,10.0,Bucky Irving,RB,56,19,T3,174,0.0,
player_available,10.0,Christian Watson,WR,57,28,T4,6,1.0,
player_available,10.0,Christian Watson,WR,57,28,T4,19,1.0,
player_available,10.0,Christian Watson,WR,57,28,T4,30,0.9963,
player_available,10.0,Christian Watson,WR,57,28,T4,43,0.9297,
player_available,10.0,Christian Watson,WR,57,28,T4,54,0.6517,
player_available,10.0,Christian Watson,WR,57,28,T4,67,0.1993,
player_available,10.0,Christian Watson,WR,57,28,T4,78,0.032,
player_available,10.0,Christian Watson,WR,57,28,T4,91,0.0,
player_available,10.0,Christian Watson,WR,57,28,T4,102,0.0,
player_available,10.0,Christian Watson,WR,57,28,T4,115,0.0,
player_available,10.0,Christian Watson,WR,57,28,T4,126,0.0,
player_available,10.0,Christian Watson,WR,57,28,T4,139,0.0,
player_available,10.0,Christian Watson,WR,57,28,T4,150,0.0,
player_available,10.0,Christian Watson,WR,57,28,T4,163,0.0,
player_available,10.0,Christian Watson,WR,57,28,T4,174,0.0,
player_available,10.0,Rome Odunze,WR,58,29,T4,6,1.0,
player_available,10.0,Rome Odunze,WR,58,29,T4,19,1.0,
player_available,10.0,Rome Odunze,WR,58,29,T4,30,0.9977,
player_available,10.0,Rome Odunze,WR,58,29,T4,43,0.945,
player_available,10.0,Rome Odunze,WR,58,29,T4,54,0.714,
player_available,10.0,Rome Odunze,WR,58,29,T4,67,0.24,
player_available,10.0,Rome Odunze,WR,58,29,T4,78,0.0457,
player_available,10.0,Rome Odunze,WR,58,29,T4,91,0.0017,
player_available,10.0,Rome Odunze,WR,58,29,T4,102,0.0,
player_available,10.0,Rome Odunze,WR,58,29,T4,115,0.0,
player_available,10.0,Rome Odunze,WR,58,29,T4,126,0.0,
player_available,10.0,Rome Odunze,WR,58,29,T4,139,0.0,
player_available,10.0,Rome Odunze,WR,58,29,T4,150,0.0,
player_available,10.0,Rome Odunze,WR,58,29,T4,163,0.0,
player_available,10.0,Rome Odunze,WR,58,29,T4,174,0.0,
player_available,10.0,Quinshon Judkins,RB,59,20,T3,6,1.0,
player_available,10.0,Quinshon Judkins,RB,59,20,T3,19,1.0,
player_available,10.0,Quinshon Judkins,RB,59,20,T3,30,0.9983,
player_available,10.0,Quinshon Judkins,RB,59,20,T3,43,0.9497,
player_available,10.0,Quinshon Judkins,RB,59,20,T3,54,0.704,
player_available,10.0,Quinshon Judkins,RB,59,20,T3,67,0.206,
player_available,10.0,Quinshon Judkins,RB,59,20,T3,78,0.016,
player_available,10.0,Quinshon Judkins,RB,59,20,T3,91,0.0,
player_available,10.0,Quinshon Judkins,RB,59,20,T3,102,0.0,
player_available,10.0,Quinshon Judkins,RB,59,20,T3,115,0.0,
player_available,10.0,Quinshon Judkins,RB,59,20,T3,126,0.0,
player_available,10.0,Quinshon Judkins,RB,59,20,T3,139,0.0,
player_available,10.0,Quinshon Judkins,RB,59,20,T3,150,0.0,
player_available,10.0,Quinshon Judkins,RB,59,20,T3,163,0.0,
player_available,10.0,Quinshon Judkins,RB,59,20,T3,174,0.0,
player_available,10.0,TreVeyon Henderson,RB,60,21,T4,6,1.0,
player_available,10.0,TreVeyon Henderson,RB,60,21,T4,19,1.0,
player_available,10.0,TreVeyon Henderson,RB,60,21,T4,30,0.9987,
player_available,10.0,TreVeyon Henderson,RB,60,21,T4,43,0.9603,
player_available,10.0,TreVeyon Henderson,RB,60,21,T4,54,0.729,
player_available,10.0,TreVeyon Henderson,RB,60,21,T4,67,0.231,
player_available,10.0,TreVeyon Henderson,RB,60,21,T4,78,0.0213,
player_available,10.0,TreVeyon Henderson,RB,60,21,T4,91,0.0,
player_available,10.0,TreVeyon Henderson,RB,60,21,T4,102,0.0,
player_available,10.0,TreVeyon Henderson,RB,60,21,T4,115,0.0,
player_available,10.0,TreVeyon Henderson,RB,60,21,T4,126,0.0,
player_available,10.0,TreVeyon Henderson,RB,60,21,T4,139,0.0,
player_available,10.0,TreVeyon Henderson,RB,60,21,T4,150,0.0,
player_available,10.0,TreVeyon Henderson,RB,60,21,T4,163,0.0,
player_available,10.0,TreVeyon Henderson,RB,60,21,T4,174,0.0,
player_available,10.0,D'Andre Swift,RB,61,22,T4,6,1.0,
player_available,10.0,D'Andre Swift,RB,61,22,T4,19,1.0,
player_available,10.0,D'Andre Swift,RB,61,22,T4,30,0.9993,
player_available,10.0,D'Andre Swift,RB,61,22,T4,43,0.9703,
player_available,10.0,D'Andre Swift,RB,61,22,T4,54,0.7703,
player_available,10.0,D'Andre Swift,RB,61,22,T4,67,0.2613,
player_available,10.0,D'Andre Swift,RB,61,22,T4,78,0.029,
player_available,10.0,D'Andre Swift,RB,61,22,T4,91,0.001,
player_available,10.0,D'Andre Swift,RB,61,22,T4,102,0.0,
player_available,10.0,D'Andre Swift,RB,61,22,T4,115,0.0,
player_available,10.0,D'Andre Swift,RB,61,22,T4,126,0.0,
player_available,10.0,D'Andre Swift,RB,61,22,T4,139,0.0,
player_available,10.0,D'Andre Swift,RB,61,22,T4,150,0.0,
player_available,10.0,D'Andre Swift,RB,61,22,T4,163,0.0,
player_available,10.0,D'Andre Swift,RB,61,22,T4,174,0.0,
player_available,10.0,David Montgomery,RB,62,23,T4,6,1.0,
player_available,10.0,David Montgomery,RB,62,23,T4,19,1.0,
player_available,10.0,David Montgomery,RB,62,23,T4,30,0.9993,
player_available,10.0,David Montgomery,RB,62,23,T4,43,0.9697,
player_available,10.0,David Montgomery,RB,62,23,T4,54,0.7943,
player_available,10.0,David Montgomery,RB,62,23,T4,67,0.294,
player_available,10.0,David Montgomery,RB,62,23,T4,78,0.0357,
player_available,10.0,David Montgomery,RB,62,23,T4,91,0.0003,
player_available,10.0,David Montgomery,RB,62,23,T4,102,0.0,
player_available,10.0,David Montgomery,RB,62,23,T4,115,0.0,
player_available,10.0,David Montgomery,RB,62,23,T4,126,0.0,
player_available,10.0,David Montgomery,RB,62,23,T4,139,0.0,
player_available,10.0,David Montgomery,RB,62,23,T4,150,0.0,
player_available,10.0,David Montgomery,RB,62,23,T4,163,0.0,
player_available,10.0,David Montgomery,RB,62,23,T4,174,0.0,
player_available,10.0,Marvin Harrison Jr.,WR,63,30,T4,6,1.0,
player_available,10.0,Marvin Harrison Jr.,WR,63,30,T4,19,1.0,
player_available,10.0,Marvin Harrison Jr.,WR,63,30,T4,30,0.9987,
player_available,10.0,Marvin Harrison Jr.,WR,63,30,T4,43,0.983,
player_available,10.0,Marvin Harrison Jr.,WR,63,30,T4,54,0.8467,
player_available,10.0,Marvin Harrison Jr.,WR,63,30,T4,67,0.403,
player_available,10.0,Marvin Harrison Jr.,WR,63,30,T4,78,0.1303,
player_available,10.0,Marvin Harrison Jr.,WR,63,30,T4,91,0.0053,
player_available,10.0,Marvin Harrison Jr.,WR,63,30,T4,102,0.0,
player_available,10.0,Marvin Harrison Jr.,WR,63,30,T4,115,0.0,
player_available,10.0,Marvin Harrison Jr.,WR,63,30,T4,126,0.0,
player_available,10.0,Marvin Harrison Jr.,WR,63,30,T4,139,0.0,
player_available,10.0,Marvin Harrison Jr.,WR,63,30,T4,150,0.0,
player_available,10.0,Marvin Harrison Jr.,WR,63,30,T4,163,0.0,
player_available,10.0,Marvin Harrison Jr.,WR,63,30,T4,174,0.0,
player_available,10.0,Caleb Williams,QB,64,7,T3,6,1.0,
player_available,10.0,Caleb Williams,QB,64,7,T3,19,1.0,
player_available,10.0,Caleb Williams,QB,64,7,T3,30,0.9987,
player_available,10.0,Caleb Williams,QB,64,7,T3,43,0.9843,
player_available,10.0,Caleb Williams,QB,64,7,T3,54,0.8493,
player_available,10.0,Caleb Williams,QB,64,7,T3,67,0.4307,
player_available,10.0,Caleb Williams,QB,64,7,T3,78,0.1157,
player_available,10.0,Caleb Williams,QB,64,7,T3,91,0.0063,
player_available,10.0,Caleb Williams,QB,64,7,T3,102,0.0,
player_available,10.0,Caleb Williams,QB,64,7,T3,115,0.0,
player_available,10.0,Caleb Williams,QB,64,7,T3,126,0.0,
player_available,10.0,Caleb Williams,QB,64,7,T3,139,0.0,
player_available,10.0,Caleb Williams,QB,64,7,T3,150,0.0,
player_available,10.0,Caleb Williams,QB,64,7,T3,163,0.0,
player_available,10.0,Caleb Williams,QB,64,7,T3,174,0.0,
player_available,10.0,Justin Herbert,QB,65,8,T3,6,1.0,
player_available,10.0,Justin Herbert,QB,65,8,T3,19,1.0,
player_available,10.0,Justin Herbert,QB,65,8,T3,30,1.0,
player_available,10.0,Justin Herbert,QB,65,8,T3,43,0.9883,
player_available,10.0,Justin Herbert,QB,65,8,T3,54,0.872,
player_available,10.0,Justin Herbert,QB,65,8,T3,67,0.4583,
player_available,10.0,Justin Herbert,QB,65,8,T3,78,0.137,
player_available,10.0,Justin Herbert,QB,65,8,T3,91,0.0083,
player_available,10.0,Justin Herbert,QB,65,8,T3,102,0.0,
player_available,10.0,Justin Herbert,QB,65,8,T3,115,0.0,
player_available,10.0,Justin Herbert,QB,65,8,T3,126,0.0,
player_available,10.0,Justin Herbert,QB,65,8,T3,139,0.0,
player_available,10.0,Justin Herbert,QB,65,8,T3,150,0.0,
player_available,10.0,Justin Herbert,QB,65,8,T3,163,0.0,
player_available,10.0,Justin Herbert,QB,65,8,T3,174,0.0,
player_available,10.0,Bhayshul Tuten,RB,66,24,T4,6,1.0,
player_available,10.0,Bhayshul Tuten,RB,66,24,T4,19,1.0,
player_available,10.0,Bhayshul Tuten,RB,66,24,T4,30,1.0,
player_available,10.0,Bhayshul Tuten,RB,66,24,T4,43,0.988,
player_available,10.0,Bhayshul Tuten,RB,66,24,T4,54,0.8797,
player_available,10.0,Bhayshul Tuten,RB,66,24,T4,67,0.4387,
player_available,10.0,Bhayshul Tuten,RB,66,24,T4,78,0.081,
player_available,10.0,Bhayshul Tuten,RB,66,24,T4,91,0.002,
player_available,10.0,Bhayshul Tuten,RB,66,24,T4,102,0.0,
player_available,10.0,Bhayshul Tuten,RB,66,24,T4,115,0.0,
player_available,10.0,Bhayshul Tuten,RB,66,24,T4,126,0.0,
player_available,10.0,Bhayshul Tuten,RB,66,24,T4,139,0.0,
player_available,10.0,Bhayshul Tuten,RB,66,24,T4,150,0.0,
player_available,10.0,Bhayshul Tuten,RB,66,24,T4,163,0.0,
player_available,10.0,Bhayshul Tuten,RB,66,24,T4,174,0.0,
player_available,10.0,Tucker Kraft,TE,67,5,T2,6,1.0,
player_available,10.0,Tucker Kraft,TE,67,5,T2,19,1.0,
player_available,10.0,Tucker Kraft,TE,67,5,T2,30,1.0,
player_available,10.0,Tucker Kraft,TE,67,5,T2,43,0.991,
player_available,10.0,Tucker Kraft,TE,67,5,T2,54,0.8973,
player_available,10.0,Tucker Kraft,TE,67,5,T2,67,0.4733,
player_available,10.0,Tucker Kraft,TE,67,5,T2,78,0.0873,
player_available,10.0,Tucker Kraft,TE,67,5,T2,91,0.0,
player_available,10.0,Tucker Kraft,TE,67,5,T2,102,0.0,
player_available,10.0,Tucker Kraft,TE,67,5,T2,115,0.0,
player_available,10.0,Tucker Kraft,TE,67,5,T2,126,0.0,
player_available,10.0,Tucker Kraft,TE,67,5,T2,139,0.0,
player_available,10.0,Tucker Kraft,TE,67,5,T2,150,0.0,
player_available,10.0,Tucker Kraft,TE,67,5,T2,163,0.0,
player_available,10.0,Tucker Kraft,TE,67,5,T2,174,0.0,
player_available,10.0,Jaylen Warren,RB,68,25,T4,6,1.0,
player_available,10.0,Jaylen Warren,RB,68,25,T4,19,1.0,
player_available,10.0,Jaylen Warren,RB,68,25,T4,30,1.0,
player_available,10.0,Jaylen Warren,RB,68,25,T4,43,0.9907,
player_available,10.0,Jaylen Warren,RB,68,25,T4,54,0.921,
player_available,10.0,Jaylen Warren,RB,68,25,T4,67,0.524,
player_available,10.0,Jaylen Warren,RB,68,25,T4,78,0.1127,
player_available,10.0,Jaylen Warren,RB,68,25,T4,91,0.0017,
player_available,10.0,Jaylen Warren,RB,68,25,T4,102,0.0,
player_available,10.0,Jaylen Warren,RB,68,25,T4,115,0.0,
player_available,10.0,Jaylen Warren,RB,68,25,T4,126,0.0,
player_available,10.0,Jaylen Warren,RB,68,25,T4,139,0.0,
player_available,10.0,Jaylen Warren,RB,68,25,T4,150,0.0,
player_available,10.0,Jaylen Warren,RB,68,25,T4,163,0.0,
player_available,10.0,Jaylen Warren,RB,68,25,T4,174,0.0,
player_available,10.0,Harold Fannin Jr.,TE,69,6,T3,6,1.0,
player_available,10.0,Harold Fannin Jr.,TE,69,6,T3,19,1.0,
player_available,10.0,Harold Fannin Jr.,TE,69,6,T3,30,1.0,
player_available,10.0,Harold Fannin Jr.,TE,69,6,T3,43,0.995,
player_available,10.0,Harold Fannin Jr.,TE,69,6,T3,54,0.9337,
player_available,10.0,Harold Fannin Jr.,TE,69,6,T3,67,0.5287,
player_available,10.0,Harold Fannin Jr.,TE,69,6,T3,78,0.12,
player_available,10.0,Harold Fannin Jr.,TE,69,6,T3,91,0.0007,
player_available,10.0,Harold Fannin Jr.,TE,69,6,T3,102,0.0,
player_available,10.0,Harold Fannin Jr.,TE,69,6,T3,115,0.0,
player_available,10.0,Harold Fannin Jr.,TE,69,6,T3,126,0.0,
player_available,10.0,Harold Fannin Jr.,TE,69,6,T3,139,0.0,
player_available,10.0,Harold Fannin Jr.,TE,69,6,T3,150,0.0,
player_available,10.0,Harold Fannin Jr.,TE,69,6,T3,163,0.0,
player_available,10.0,Harold Fannin Jr.,TE,69,6,T3,174,0.0,
player_available,10.0,DK Metcalf,WR,70,31,T4,6,1.0,
player_available,10.0,DK Metcalf,WR,70,31,T4,19,1.0,
player_available,10.0,DK Metcalf,WR,70,31,T4,30,1.0,
player_available,10.0,DK Metcalf,WR,70,31,T4,43,0.9963,
player_available,10.0,DK Metcalf,WR,70,31,T4,54,0.952,
player_available,10.0,DK Metcalf,WR,70,31,T4,67,0.6963,
player_available,10.0,DK Metcalf,WR,70,31,T4,78,0.3523,
player_available,10.0,DK Metcalf,WR,70,31,T4,91,0.0767,
player_available,10.0,DK Metcalf,WR,70,31,T4,102,0.0,
player_available,10.0,DK Metcalf,WR,70,31,T4,115,0.0,
player_available,10.0,DK Metcalf,WR,70,31,T4,126,0.0,
player_available,10.0,DK Metcalf,WR,70,31,T4,139,0.0,
player_available,10.0,DK Metcalf,WR,70,31,T4,150,0.0,
player_available,10.0,DK Metcalf,WR,70,31,T4,163,0.0,
player_available,10.0,DK Metcalf,WR,70,31,T4,174,0.0,
player_available,10.0,Alec Pierce,WR,71,32,T4,6,1.0,
player_available,10.0,Alec Pierce,WR,71,32,T4,19,1.0,
player_available,10.0,Alec Pierce,WR,71,32,T4,30,1.0,
player_available,10.0,Alec Pierce,WR,71,32,T4,43,0.9977,
player_available,10.0,Alec Pierce,WR,71,32,T4,54,0.9623,
player_available,10.0,Alec Pierce,WR,71,32,T4,67,0.7053,
player_available,10.0,Alec Pierce,WR,71,32,T4,78,0.368,
player_available,10.0,Alec Pierce,WR,71,32,T4,91,0.0973,
player_available,10.0,Alec Pierce,WR,71,32,T4,102,0.002,
player_available,10.0,Alec Pierce,WR,71,32,T4,115,0.0,
player_available,10.0,Alec Pierce,WR,71,32,T4,126,0.0,
player_available,10.0,Alec Pierce,WR,71,32,T4,139,0.0,
player_available,10.0,Alec Pierce,WR,71,32,T4,150,0.0,
player_available,10.0,Alec Pierce,WR,71,32,T4,163,0.0,
player_available,10.0,Alec Pierce,WR,71,32,T4,174,0.0,
player_available,10.0,Courtland Sutton,WR,72,33,T4,6,1.0,
player_available,10.0,Courtland Sutton,WR,72,33,T4,19,1.0,
player_available,10.0,Courtland Sutton,WR,72,33,T4,30,1.0,
player_available,10.0,Courtland Sutton,WR,72,33,T4,43,0.9983,
player_available,10.0,Courtland Sutton,WR,72,33,T4,54,0.97,
player_available,10.0,Courtland Sutton,WR,72,33,T4,67,0.7473,
player_available,10.0,Courtland Sutton,WR,72,33,T4,78,0.412,
player_available,10.0,Courtland Sutton,WR,72,33,T4,91,0.1347,
player_available,10.0,Courtland Sutton,WR,72,33,T4,102,0.004,
player_available,10.0,Courtland Sutton,WR,72,33,T4,115,0.0,
player_available,10.0,Courtland Sutton,WR,72,33,T4,126,0.0,
player_available,10.0,Courtland Sutton,WR,72,33,T4,139,0.0,
player_available,10.0,Courtland Sutton,WR,72,33,T4,150,0.0,
player_available,10.0,Courtland Sutton,WR,72,33,T4,163,0.0,
player_available,10.0,Courtland Sutton,WR,72,33,T4,174,0.0,
player_available,10.0,Trevor Lawrence,QB,73,9,T3,6,1.0,
player_available,10.0,Trevor Lawrence,QB,73,9,T3,19,1.0,
player_available,10.0,Trevor Lawrence,QB,73,9,T3,30,1.0,
player_available,10.0,Trevor Lawrence,QB,73,9,T3,43,0.9997,
player_available,10.0,Trevor Lawrence,QB,73,9,T3,54,0.9783,
player_available,10.0,Trevor Lawrence,QB,73,9,T3,67,0.7683,
player_available,10.0,Trevor Lawrence,QB,73,9,T3,78,0.3657,
player_available,10.0,Trevor Lawrence,QB,73,9,T3,91,0.091,
player_available,10.0,Trevor Lawrence,QB,73,9,T3,102,0.006,
player_available,10.0,Trevor Lawrence,QB,73,9,T3,115,0.0,
player_available,10.0,Trevor Lawrence,QB,73,9,T3,126,0.0,
player_available,10.0,Trevor Lawrence,QB,73,9,T3,139,0.0,
player_available,10.0,Trevor Lawrence,QB,73,9,T3,150,0.0,
player_available,10.0,Trevor Lawrence,QB,73,9,T3,163,0.0,
player_available,10.0,Trevor Lawrence,QB,73,9,T3,174,0.0,
player_available,10.0,Brian Thomas Jr.,WR,74,34,T4,6,1.0,
player_available,10.0,Brian Thomas Jr.,WR,74,34,T4,19,1.0,
player_available,10.0,Brian Thomas Jr.,WR,74,34,T4,30,1.0,
player_available,10.0,Brian Thomas Jr.,WR,74,34,T4,43,0.999,
player_available,10.0,Brian Thomas Jr.,WR,74,34,T4,54,0.9823,
player_available,10.0,Brian Thomas Jr.,WR,74,34,T4,67,0.826,
player_available,10.0,Brian Thomas Jr.,WR,74,34,T4,78,0.4883,
player_available,10.0,Brian Thomas Jr.,WR,74,34,T4,91,0.209,
player_available,10.0,Brian Thomas Jr.,WR,74,34,T4,102,0.013,
player_available,10.0,Brian Thomas Jr.,WR,74,34,T4,115,0.0,
player_available,10.0,Brian Thomas Jr.,WR,74,34,T4,126,0.0,
player_available,10.0,Brian Thomas Jr.,WR,74,34,T4,139,0.0,
player_available,10.0,Brian Thomas Jr.,WR,74,34,T4,150,0.0,
player_available,10.0,Brian Thomas Jr.,WR,74,34,T4,163,0.0,
player_available,10.0,Brian Thomas Jr.,WR,74,34,T4,174,0.0,
player_available,10.0,Dak Prescott,QB,75,10,T3,6,1.0,
player_available,10.0,Dak Prescott,QB,75,10,T3,19,1.0,
player_available,10.0,Dak Prescott,QB,75,10,T3,30,1.0,
player_available,10.0,Dak Prescott,QB,75,10,T3,43,0.9993,
player_available,10.0,Dak Prescott,QB,75,10,T3,54,0.987,
player_available,10.0,Dak Prescott,QB,75,10,T3,67,0.8327,
player_available,10.0,Dak Prescott,QB,75,10,T3,78,0.462,
player_available,10.0,Dak Prescott,QB,75,10,T3,91,0.1483,
player_available,10.0,Dak Prescott,QB,75,10,T3,102,0.0157,
player_available,10.0,Dak Prescott,QB,75,10,T3,115,0.0,
player_available,10.0,Dak Prescott,QB,75,10,T3,126,0.0,
player_available,10.0,Dak Prescott,QB,75,10,T3,139,0.0,
player_available,10.0,Dak Prescott,QB,75,10,T3,150,0.0,
player_available,10.0,Dak Prescott,QB,75,10,T3,163,0.0,
player_available,10.0,Dak Prescott,QB,75,10,T3,174,0.0,
player_available,10.0,Kyle Pitts Sr.,TE,76,7,T3,6,1.0,
player_available,10.0,Kyle Pitts Sr.,TE,76,7,T3,19,1.0,
player_available,10.0,Kyle Pitts Sr.,TE,76,7,T3,30,1.0,
player_available,10.0,Kyle Pitts Sr.,TE,76,7,T3,43,0.999,
player_available,10.0,Kyle Pitts Sr.,TE,76,7,T3,54,0.985,
player_available,10.0,Kyle Pitts Sr.,TE,76,7,T3,67,0.7947,
player_available,10.0,Kyle Pitts Sr.,TE,76,7,T3,78,0.313,
player_available,10.0,Kyle Pitts Sr.,TE,76,7,T3,91,0.0077,
player_available,10.0,Kyle Pitts Sr.,TE,76,7,T3,102,0.0,
player_available,10.0,Kyle Pitts Sr.,TE,76,7,T3,115,0.0,
player_available,10.0,Kyle Pitts Sr.,TE,76,7,T3,126,0.0,
player_available,10.0,Kyle Pitts Sr.,TE,76,7,T3,139,0.0,
player_available,10.0,Kyle Pitts Sr.,TE,76,7,T3,150,0.0,
player_available,10.0,Kyle Pitts Sr.,TE,76,7,T3,163,0.0,
player_available,10.0,Kyle Pitts Sr.,TE,76,7,T3,174,0.0,
player_available,10.0,Chris Godwin Jr.,WR,77,35,T4,6,1.0,
player_available,10.0,Chris Godwin Jr.,WR,77,35,T4,19,1.0,
player_available,10.0,Chris Godwin Jr.,WR,77,35,T4,30,1.0,
player_available,10.0,Chris Godwin Jr.,WR,77,35,T4,43,0.999,
player_available,10.0,Chris Godwin Jr.,WR,77,35,T4,54,0.9867,
player_available,10.0,Chris Godwin Jr.,WR,77,35,T4,67,0.8827,
player_available,10.0,Chris Godwin Jr.,WR,77,35,T4,78,0.6177,
player_available,10.0,Chris Godwin Jr.,WR,77,35,T4,91,0.303,
player_available,10.0,Chris Godwin Jr.,WR,77,35,T4,102,0.0353,
player_available,10.0,Chris Godwin Jr.,WR,77,35,T4,115,0.0,
player_available,10.0,Chris Godwin Jr.,WR,77,35,T4,126,0.0,
player_available,10.0,Chris Godwin Jr.,WR,77,35,T4,139,0.0,
player_available,10.0,Chris Godwin Jr.,WR,77,35,T4,150,0.0,
player_available,10.0,Chris Godwin Jr.,WR,77,35,T4,163,0.0,
player_available,10.0,Chris Godwin Jr.,WR,77,35,T4,174,0.0,
player_available,10.0,Tony Pollard,RB,78,26,T4,6,1.0,
player_available,10.0,Tony Pollard,RB,78,26,T4,19,1.0,
player_available,10.0,Tony Pollard,RB,78,26,T4,30,1.0,
player_available,10.0,Tony Pollard,RB,78,26,T4,43,1.0,
player_available,10.0,Tony Pollard,RB,78,26,T4,54,0.9907,
player_available,10.0,Tony Pollard,RB,78,26,T4,67,0.8483,
player_available,10.0,Tony Pollard,RB,78,26,T4,78,0.4047,
player_available,10.0,Tony Pollard,RB,78,26,T4,91,0.036,
player_available,10.0,Tony Pollard,RB,78,26,T4,102,0.0033,
player_available,10.0,Tony Pollard,RB,78,26,T4,115,0.0,
player_available,10.0,Tony Pollard,RB,78,26,T4,126,0.0,
player_available,10.0,Tony Pollard,RB,78,26,T4,139,0.0,
player_available,10.0,Tony Pollard,RB,78,26,T4,150,0.0,
player_available,10.0,Tony Pollard,RB,78,26,T4,163,0.0,
player_available,10.0,Tony Pollard,RB,78,26,T4,174,0.0,
player_available,10.0,Rhamondre Stevenson,RB,79,27,T4,6,1.0,
player_available,10.0,Rhamondre Stevenson,RB,79,27,T4,19,1.0,
player_available,10.0,Rhamondre Stevenson,RB,79,27,T4,30,1.0,
player_available,10.0,Rhamondre Stevenson,RB,79,27,T4,43,1.0,
player_available,10.0,Rhamondre Stevenson,RB,79,27,T4,54,0.9927,
player_available,10.0,Rhamondre Stevenson,RB,79,27,T4,67,0.876,
player_available,10.0,Rhamondre Stevenson,RB,79,27,T4,78,0.4597,
player_available,10.0,Rhamondre Stevenson,RB,79,27,T4,91,0.0507,
player_available,10.0,Rhamondre Stevenson,RB,79,27,T4,102,0.0053,
player_available,10.0,Rhamondre Stevenson,RB,79,27,T4,115,0.0,
player_available,10.0,Rhamondre Stevenson,RB,79,27,T4,126,0.0,
player_available,10.0,Rhamondre Stevenson,RB,79,27,T4,139,0.0,
player_available,10.0,Rhamondre Stevenson,RB,79,27,T4,150,0.0,
player_available,10.0,Rhamondre Stevenson,RB,79,27,T4,163,0.0,
player_available,10.0,Rhamondre Stevenson,RB,79,27,T4,174,0.0,
player_available,10.0,Chuba Hubbard,RB,80,28,T4,6,1.0,
player_available,10.0,Chuba Hubbard,RB,80,28,T4,19,1.0,
player_available,10.0,Chuba Hubbard,RB,80,28,T4,30,1.0,
player_available,10.0,Chuba Hubbard,RB,80,28,T4,43,0.9997,
player_available,10.0,Chuba Hubbard,RB,80,28,T4,54,0.996,
player_available,10.0,Chuba Hubbard,RB,80,28,T4,67,0.892,
player_available,10.0,Chuba Hubbard,RB,80,28,T4,78,0.4753,
player_available,10.0,Chuba Hubbard,RB,80,28,T4,91,0.0597,
player_available,10.0,Chuba Hubbard,RB,80,28,T4,102,0.0063,
player_available,10.0,Chuba Hubbard,RB,80,28,T4,115,0.0,
player_available,10.0,Chuba Hubbard,RB,80,28,T4,126,0.0,
player_available,10.0,Chuba Hubbard,RB,80,28,T4,139,0.0,
player_available,10.0,Chuba Hubbard,RB,80,28,T4,150,0.0,
player_available,10.0,Chuba Hubbard,RB,80,28,T4,163,0.0,
player_available,10.0,Chuba Hubbard,RB,80,28,T4,174,0.0,
tier_available,10.0,,QB,,,T1,6,1.0,P(>=1 of QB T1 on board)
tier_available,10.0,,QB,,,T1,19,0.981,P(>=1 of QB T1 on board)
tier_available,10.0,,QB,,,T1,30,0.737,P(>=1 of QB T1 on board)
tier_available,10.0,,QB,,,T1,43,0.1797,P(>=1 of QB T1 on board)
tier_available,10.0,,QB,,,T1,54,0.0093,P(>=1 of QB T1 on board)
tier_available,10.0,,QB,,,T1,67,0.0,P(>=1 of QB T1 on board)
tier_available,10.0,,QB,,,T1,78,0.0,P(>=1 of QB T1 on board)
tier_available,10.0,,QB,,,T1,91,0.0,P(>=1 of QB T1 on board)
tier_available,10.0,,QB,,,T1,102,0.0,P(>=1 of QB T1 on board)
tier_available,10.0,,QB,,,T1,115,0.0,P(>=1 of QB T1 on board)
tier_available,10.0,,QB,,,T1,126,0.0,P(>=1 of QB T1 on board)
tier_available,10.0,,QB,,,T1,139,0.0,P(>=1 of QB T1 on board)
tier_available,10.0,,QB,,,T1,150,0.0,P(>=1 of QB T1 on board)
tier_available,10.0,,QB,,,T1,163,0.0,P(>=1 of QB T1 on board)
tier_available,10.0,,QB,,,T1,174,0.0,P(>=1 of QB T1 on board)
tier_available,10.0,,QB,,,T2,6,1.0,P(>=1 of QB T2 on board)
tier_available,10.0,,QB,,,T2,19,1.0,P(>=1 of QB T2 on board)
tier_available,10.0,,QB,,,T2,30,1.0,P(>=1 of QB T2 on board)
tier_available,10.0,,QB,,,T2,43,0.9947,P(>=1 of QB T2 on board)
tier_available,10.0,,QB,,,T2,54,0.8507,P(>=1 of QB T2 on board)
tier_available,10.0,,QB,,,T2,67,0.2687,P(>=1 of QB T2 on board)
tier_available,10.0,,QB,,,T2,78,0.017,P(>=1 of QB T2 on board)
tier_available,10.0,,QB,,,T2,91,0.0,P(>=1 of QB T2 on board)
tier_available,10.0,,QB,,,T2,102,0.0,P(>=1 of QB T2 on board)
tier_available,10.0,,QB,,,T2,115,0.0,P(>=1 of QB T2 on board)
tier_available,10.0,,QB,,,T2,126,0.0,P(>=1 of QB T2 on board)
tier_available,10.0,,QB,,,T2,139,0.0,P(>=1 of QB T2 on board)
tier_available,10.0,,QB,,,T2,150,0.0,P(>=1 of QB T2 on board)
tier_available,10.0,,QB,,,T2,163,0.0,P(>=1 of QB T2 on board)
tier_available,10.0,,QB,,,T2,174,0.0,P(>=1 of QB T2 on board)
tier_available,10.0,,QB,,,T3,6,1.0,P(>=1 of QB T3 on board)
tier_available,10.0,,QB,,,T3,19,1.0,P(>=1 of QB T3 on board)
tier_available,10.0,,QB,,,T3,30,1.0,P(>=1 of QB T3 on board)
tier_available,10.0,,QB,,,T3,43,1.0,P(>=1 of QB T3 on board)
tier_available,10.0,,QB,,,T3,54,1.0,P(>=1 of QB T3 on board)
tier_available,10.0,,QB,,,T3,67,1.0,P(>=1 of QB T3 on board)
tier_available,10.0,,QB,,,T3,78,0.999,P(>=1 of QB T3 on board)
tier_available,10.0,,QB,,,T3,91,0.8933,P(>=1 of QB T3 on board)
tier_available,10.0,,QB,,,T3,102,0.4907,P(>=1 of QB T3 on board)
tier_available,10.0,,QB,,,T3,115,0.0257,P(>=1 of QB T3 on board)
tier_available,10.0,,QB,,,T3,126,0.0,P(>=1 of QB T3 on board)
tier_available,10.0,,QB,,,T3,139,0.0,P(>=1 of QB T3 on board)
tier_available,10.0,,QB,,,T3,150,0.0,P(>=1 of QB T3 on board)
tier_available,10.0,,QB,,,T3,163,0.0,P(>=1 of QB T3 on board)
tier_available,10.0,,QB,,,T3,174,0.0,P(>=1 of QB T3 on board)
tier_available,10.0,,QB,,,T4,6,1.0,P(>=1 of QB T4 on board)
tier_available,10.0,,QB,,,T4,19,1.0,P(>=1 of QB T4 on board)
tier_available,10.0,,QB,,,T4,30,1.0,P(>=1 of QB T4 on board)
tier_available,10.0,,QB,,,T4,43,1.0,P(>=1 of QB T4 on board)
tier_available,10.0,,QB,,,T4,54,1.0,P(>=1 of QB T4 on board)
tier_available,10.0,,QB,,,T4,67,1.0,P(>=1 of QB T4 on board)
tier_available,10.0,,QB,,,T4,78,1.0,P(>=1 of QB T4 on board)
tier_available,10.0,,QB,,,T4,91,1.0,P(>=1 of QB T4 on board)
tier_available,10.0,,QB,,,T4,102,1.0,P(>=1 of QB T4 on board)
tier_available,10.0,,QB,,,T4,115,0.9973,P(>=1 of QB T4 on board)
tier_available,10.0,,QB,,,T4,126,0.6417,P(>=1 of QB T4 on board)
tier_available,10.0,,QB,,,T4,139,0.101,P(>=1 of QB T4 on board)
tier_available,10.0,,QB,,,T4,150,0.0037,P(>=1 of QB T4 on board)
tier_available,10.0,,QB,,,T4,163,0.0,P(>=1 of QB T4 on board)
tier_available,10.0,,QB,,,T4,174,0.0,P(>=1 of QB T4 on board)
tier_available,10.0,,RB,,,T1,6,0.9963,P(>=1 of RB T1 on board)
tier_available,10.0,,RB,,,T1,19,0.383,P(>=1 of RB T1 on board)
tier_available,10.0,,RB,,,T1,30,0.021,P(>=1 of RB T1 on board)
tier_available,10.0,,RB,,,T1,43,0.0,P(>=1 of RB T1 on board)
tier_available,10.0,,RB,,,T1,54,0.0,P(>=1 of RB T1 on board)
tier_available,10.0,,RB,,,T1,67,0.0,P(>=1 of RB T1 on board)
tier_available,10.0,,RB,,,T1,78,0.0,P(>=1 of RB T1 on board)
tier_available,10.0,,RB,,,T1,91,0.0,P(>=1 of RB T1 on board)
tier_available,10.0,,RB,,,T1,102,0.0,P(>=1 of RB T1 on board)
tier_available,10.0,,RB,,,T1,115,0.0,P(>=1 of RB T1 on board)
tier_available,10.0,,RB,,,T1,126,0.0,P(>=1 of RB T1 on board)
tier_available,10.0,,RB,,,T1,139,0.0,P(>=1 of RB T1 on board)
tier_available,10.0,,RB,,,T1,150,0.0,P(>=1 of RB T1 on board)
tier_available,10.0,,RB,,,T1,163,0.0,P(>=1 of RB T1 on board)
tier_available,10.0,,RB,,,T1,174,0.0,P(>=1 of RB T1 on board)
tier_available,10.0,,RB,,,T2,6,1.0,P(>=1 of RB T2 on board)
tier_available,10.0,,RB,,,T2,19,0.9977,P(>=1 of RB T2 on board)
tier_available,10.0,,RB,,,T2,30,0.7237,P(>=1 of RB T2 on board)
tier_available,10.0,,RB,,,T2,43,0.075,P(>=1 of RB T2 on board)
tier_available,10.0,,RB,,,T2,54,0.0003,P(>=1 of RB T2 on board)
tier_available,10.0,,RB,,,T2,67,0.0,P(>=1 of RB T2 on board)
tier_available,10.0,,RB,,,T2,78,0.0,P(>=1 of RB T2 on board)
tier_available,10.0,,RB,,,T2,91,0.0,P(>=1 of RB T2 on board)
tier_available,10.0,,RB,,,T2,102,0.0,P(>=1 of RB T2 on board)
tier_available,10.0,,RB,,,T2,115,0.0,P(>=1 of RB T2 on board)
tier_available,10.0,,RB,,,T2,126,0.0,P(>=1 of RB T2 on board)
tier_available,10.0,,RB,,,T2,139,0.0,P(>=1 of RB T2 on board)
tier_available,10.0,,RB,,,T2,150,0.0,P(>=1 of RB T2 on board)
tier_available,10.0,,RB,,,T2,163,0.0,P(>=1 of RB T2 on board)
tier_available,10.0,,RB,,,T2,174,0.0,P(>=1 of RB T2 on board)
tier_available,10.0,,RB,,,T3,6,1.0,P(>=1 of RB T3 on board)
tier_available,10.0,,RB,,,T3,19,1.0,P(>=1 of RB T3 on board)
tier_available,10.0,,RB,,,T3,30,1.0,P(>=1 of RB T3 on board)
tier_available,10.0,,RB,,,T3,43,1.0,P(>=1 of RB T3 on board)
tier_available,10.0,,RB,,,T3,54,0.9877,P(>=1 of RB T3 on board)
tier_available,10.0,,RB,,,T3,67,0.392,P(>=1 of RB T3 on board)
tier_available,10.0,,RB,,,T3,78,0.0227,P(>=1 of RB T3 on board)
tier_available,10.0,,RB,,,T3,91,0.0,P(>=1 of RB T3 on board)
tier_available,10.0,,RB,,,T3,102,0.0,P(>=1 of RB T3 on board)
tier_available,10.0,,RB,,,T3,115,0.0,P(>=1 of RB T3 on board)
tier_available,10.0,,RB,,,T3,126,0.0,P(>=1 of RB T3 on board)
tier_available,10.0,,RB,,,T3,139,0.0,P(>=1 of RB T3 on board)
tier_available,10.0,,RB,,,T3,150,0.0,P(>=1 of RB T3 on board)
tier_available,10.0,,RB,,,T3,163,0.0,P(>=1 of RB T3 on board)
tier_available,10.0,,RB,,,T3,174,0.0,P(>=1 of RB T3 on board)
tier_available,10.0,,RB,,,T4,6,1.0,P(>=1 of RB T4 on board)
tier_available,10.0,,RB,,,T4,19,1.0,P(>=1 of RB T4 on board)
tier_available,10.0,,RB,,,T4,30,1.0,P(>=1 of RB T4 on board)
tier_available,10.0,,RB,,,T4,43,1.0,P(>=1 of RB T4 on board)
tier_available,10.0,,RB,,,T4,54,1.0,P(>=1 of RB T4 on board)
tier_available,10.0,,RB,,,T4,67,1.0,P(>=1 of RB T4 on board)
tier_available,10.0,,RB,,,T4,78,1.0,P(>=1 of RB T4 on board)
tier_available,10.0,,RB,,,T4,91,0.9997,P(>=1 of RB T4 on board)
tier_available,10.0,,RB,,,T4,102,0.963,P(>=1 of RB T4 on board)
tier_available,10.0,,RB,,,T4,115,0.6827,P(>=1 of RB T4 on board)
tier_available,10.0,,RB,,,T4,126,0.1147,P(>=1 of RB T4 on board)
tier_available,10.0,,RB,,,T4,139,0.0007,P(>=1 of RB T4 on board)
tier_available,10.0,,RB,,,T4,150,0.0,P(>=1 of RB T4 on board)
tier_available,10.0,,RB,,,T4,163,0.0,P(>=1 of RB T4 on board)
tier_available,10.0,,RB,,,T4,174,0.0,P(>=1 of RB T4 on board)
tier_available,10.0,,WR,,,T1,6,0.998,P(>=1 of WR T1 on board)
tier_available,10.0,,WR,,,T1,19,0.3253,P(>=1 of WR T1 on board)
tier_available,10.0,,WR,,,T1,30,0.0063,P(>=1 of WR T1 on board)
tier_available,10.0,,WR,,,T1,43,0.0,P(>=1 of WR T1 on board)
tier_available,10.0,,WR,,,T1,54,0.0,P(>=1 of WR T1 on board)
tier_available,10.0,,WR,,,T1,67,0.0,P(>=1 of WR T1 on board)
tier_available,10.0,,WR,,,T1,78,0.0,P(>=1 of WR T1 on board)
tier_available,10.0,,WR,,,T1,91,0.0,P(>=1 of WR T1 on board)
tier_available,10.0,,WR,,,T1,102,0.0,P(>=1 of WR T1 on board)
tier_available,10.0,,WR,,,T1,115,0.0,P(>=1 of WR T1 on board)
tier_available,10.0,,WR,,,T1,126,0.0,P(>=1 of WR T1 on board)
tier_available,10.0,,WR,,,T1,139,0.0,P(>=1 of WR T1 on board)
tier_available,10.0,,WR,,,T1,150,0.0,P(>=1 of WR T1 on board)
tier_available,10.0,,WR,,,T1,163,0.0,P(>=1 of WR T1 on board)
tier_available,10.0,,WR,,,T1,174,0.0,P(>=1 of WR T1 on board)
tier_available,10.0,,WR,,,T2,6,1.0,P(>=1 of WR T2 on board)
tier_available,10.0,,WR,,,T2,19,0.9863,P(>=1 of WR T2 on board)
tier_available,10.0,,WR,,,T2,30,0.4953,P(>=1 of WR T2 on board)
tier_available,10.0,,WR,,,T2,43,0.0213,P(>=1 of WR T2 on board)
tier_available,10.0,,WR,,,T2,54,0.0,P(>=1 of WR T2 on board)
tier_available,10.0,,WR,,,T2,67,0.0,P(>=1 of WR T2 on board)
tier_available,10.0,,WR,,,T2,78,0.0,P(>=1 of WR T2 on board)
tier_available,10.0,,WR,,,T2,91,0.0,P(>=1 of WR T2 on board)
tier_available,10.0,,WR,,,T2,102,0.0,P(>=1 of WR T2 on board)
tier_available,10.0,,WR,,,T2,115,0.0,P(>=1 of WR T2 on board)
tier_available,10.0,,WR,,,T2,126,0.0,P(>=1 of WR T2 on board)
tier_available,10.0,,WR,,,T2,139,0.0,P(>=1 of WR T2 on board)
tier_available,10.0,,WR,,,T2,150,0.0,P(>=1 of WR T2 on board)
tier_available,10.0,,WR,,,T2,163,0.0,P(>=1 of WR T2 on board)
tier_available,10.0,,WR,,,T2,174,0.0,P(>=1 of WR T2 on board)
tier_available,10.0,,WR,,,T3,6,1.0,P(>=1 of WR T3 on board)
tier_available,10.0,,WR,,,T3,19,1.0,P(>=1 of WR T3 on board)
tier_available,10.0,,WR,,,T3,30,1.0,P(>=1 of WR T3 on board)
tier_available,10.0,,WR,,,T3,43,0.999,P(>=1 of WR T3 on board)
tier_available,10.0,,WR,,,T3,54,0.6293,P(>=1 of WR T3 on board)
tier_available,10.0,,WR,,,T3,67,0.055,P(>=1 of WR T3 on board)
tier_available,10.0,,WR,,,T3,78,0.001,P(>=1 of WR T3 on board)
tier_available,10.0,,WR,,,T3,91,0.0,P(>=1 of WR T3 on board)
tier_available,10.0,,WR,,,T3,102,0.0,P(>=1 of WR T3 on board)
tier_available,10.0,,WR,,,T3,115,0.0,P(>=1 of WR T3 on board)
tier_available,10.0,,WR,,,T3,126,0.0,P(>=1 of WR T3 on board)
tier_available,10.0,,WR,,,T3,139,0.0,P(>=1 of WR T3 on board)
tier_available,10.0,,WR,,,T3,150,0.0,P(>=1 of WR T3 on board)
tier_available,10.0,,WR,,,T3,163,0.0,P(>=1 of WR T3 on board)
tier_available,10.0,,WR,,,T3,174,0.0,P(>=1 of WR T3 on board)
tier_available,10.0,,WR,,,T4,6,1.0,P(>=1 of WR T4 on board)
tier_available,10.0,,WR,,,T4,19,1.0,P(>=1 of WR T4 on board)
tier_available,10.0,,WR,,,T4,30,1.0,P(>=1 of WR T4 on board)
tier_available,10.0,,WR,,,T4,43,1.0,P(>=1 of WR T4 on board)
tier_available,10.0,,WR,,,T4,54,1.0,P(>=1 of WR T4 on board)
tier_available,10.0,,WR,,,T4,67,1.0,P(>=1 of WR T4 on board)
tier_available,10.0,,WR,,,T4,78,1.0,P(>=1 of WR T4 on board)
tier_available,10.0,,WR,,,T4,91,1.0,P(>=1 of WR T4 on board)
tier_available,10.0,,WR,,,T4,102,1.0,P(>=1 of WR T4 on board)
tier_available,10.0,,WR,,,T4,115,0.7613,P(>=1 of WR T4 on board)
tier_available,10.0,,WR,,,T4,126,0.2433,P(>=1 of WR T4 on board)
tier_available,10.0,,WR,,,T4,139,0.0123,P(>=1 of WR T4 on board)
tier_available,10.0,,WR,,,T4,150,0.0,P(>=1 of WR T4 on board)
tier_available,10.0,,WR,,,T4,163,0.0,P(>=1 of WR T4 on board)
tier_available,10.0,,WR,,,T4,174,0.0,P(>=1 of WR T4 on board)
tier_available,10.0,,TE,,,T1,6,0.9957,P(>=1 of TE T1 on board)
tier_available,10.0,,TE,,,T1,19,0.7637,P(>=1 of TE T1 on board)
tier_available,10.0,,TE,,,T1,30,0.2437,P(>=1 of TE T1 on board)
tier_available,10.0,,TE,,,T1,43,0.0083,P(>=1 of TE T1 on board)
tier_available,10.0,,TE,,,T1,54,0.0,P(>=1 of TE T1 on board)
tier_available,10.0,,TE,,,T1,67,0.0,P(>=1 of TE T1 on board)
tier_available,10.0,,TE,,,T1,78,0.0,P(>=1 of TE T1 on board)
tier_available,10.0,,TE,,,T1,91,0.0,P(>=1 of TE T1 on board)
tier_available,10.0,,TE,,,T1,102,0.0,P(>=1 of TE T1 on board)
tier_available,10.0,,TE,,,T1,115,0.0,P(>=1 of TE T1 on board)
tier_available,10.0,,TE,,,T1,126,0.0,P(>=1 of TE T1 on board)
tier_available,10.0,,TE,,,T1,139,0.0,P(>=1 of TE T1 on board)
tier_available,10.0,,TE,,,T1,150,0.0,P(>=1 of TE T1 on board)
tier_available,10.0,,TE,,,T1,163,0.0,P(>=1 of TE T1 on board)
tier_available,10.0,,TE,,,T1,174,0.0,P(>=1 of TE T1 on board)
tier_available,10.0,,TE,,,T2,6,1.0,P(>=1 of TE T2 on board)
tier_available,10.0,,TE,,,T2,19,1.0,P(>=1 of TE T2 on board)
tier_available,10.0,,TE,,,T2,30,1.0,P(>=1 of TE T2 on board)
tier_available,10.0,,TE,,,T2,43,0.9993,P(>=1 of TE T2 on board)
tier_available,10.0,,TE,,,T2,54,0.941,P(>=1 of TE T2 on board)
tier_available,10.0,,TE,,,T2,67,0.509,P(>=1 of TE T2 on board)
tier_available,10.0,,TE,,,T2,78,0.0873,P(>=1 of TE T2 on board)
tier_available,10.0,,TE,,,T2,91,0.0,P(>=1 of TE T2 on board)
tier_available,10.0,,TE,,,T2,102,0.0,P(>=1 of TE T2 on board)
tier_available,10.0,,TE,,,T2,115,0.0,P(>=1 of TE T2 on board)
tier_available,10.0,,TE,,,T2,126,0.0,P(>=1 of TE T2 on board)
tier_available,10.0,,TE,,,T2,139,0.0,P(>=1 of TE T2 on board)
tier_available,10.0,,TE,,,T2,150,0.0,P(>=1 of TE T2 on board)
tier_available,10.0,,TE,,,T2,163,0.0,P(>=1 of TE T2 on board)
tier_available,10.0,,TE,,,T2,174,0.0,P(>=1 of TE T2 on board)
tier_available,10.0,,TE,,,T3,6,1.0,P(>=1 of TE T3 on board)
tier_available,10.0,,TE,,,T3,19,1.0,P(>=1 of TE T3 on board)
tier_available,10.0,,TE,,,T3,30,1.0,P(>=1 of TE T3 on board)
tier_available,10.0,,TE,,,T3,43,1.0,P(>=1 of TE T3 on board)
tier_available,10.0,,TE,,,T3,54,1.0,P(>=1 of TE T3 on board)
tier_available,10.0,,TE,,,T3,67,1.0,P(>=1 of TE T3 on board)
tier_available,10.0,,TE,,,T3,78,0.9997,P(>=1 of TE T3 on board)
tier_available,10.0,,TE,,,T3,91,0.5167,P(>=1 of TE T3 on board)
tier_available,10.0,,TE,,,T3,102,0.0577,P(>=1 of TE T3 on board)
tier_available,10.0,,TE,,,T3,115,0.0013,P(>=1 of TE T3 on board)
tier_available,10.0,,TE,,,T3,126,0.0,P(>=1 of TE T3 on board)
tier_available,10.0,,TE,,,T3,139,0.0,P(>=1 of TE T3 on board)
tier_available,10.0,,TE,,,T3,150,0.0,P(>=1 of TE T3 on board)
tier_available,10.0,,TE,,,T3,163,0.0,P(>=1 of TE T3 on board)
tier_available,10.0,,TE,,,T3,174,0.0,P(>=1 of TE T3 on board)
tier_available,10.0,,TE,,,T4,6,1.0,P(>=1 of TE T4 on board)
tier_available,10.0,,TE,,,T4,19,1.0,P(>=1 of TE T4 on board)
tier_available,10.0,,TE,,,T4,30,1.0,P(>=1 of TE T4 on board)
tier_available,10.0,,TE,,,T4,43,1.0,P(>=1 of TE T4 on board)
tier_available,10.0,,TE,,,T4,54,1.0,P(>=1 of TE T4 on board)
tier_available,10.0,,TE,,,T4,67,1.0,P(>=1 of TE T4 on board)
tier_available,10.0,,TE,,,T4,78,1.0,P(>=1 of TE T4 on board)
tier_available,10.0,,TE,,,T4,91,1.0,P(>=1 of TE T4 on board)
tier_available,10.0,,TE,,,T4,102,1.0,P(>=1 of TE T4 on board)
tier_available,10.0,,TE,,,T4,115,0.9867,P(>=1 of TE T4 on board)
tier_available,10.0,,TE,,,T4,126,0.62,P(>=1 of TE T4 on board)
tier_available,10.0,,TE,,,T4,139,0.0867,P(>=1 of TE T4 on board)
tier_available,10.0,,TE,,,T4,150,0.0003,P(>=1 of TE T4 on board)
tier_available,10.0,,TE,,,T4,163,0.0,P(>=1 of TE T4 on board)
tier_available,10.0,,TE,,,T4,174,0.0,P(>=1 of TE T4 on board)
best_available_dist,10.0,,QB,,,,6,1.0,p10 of best-available QB positional rank
best_available_dist,10.0,,QB,,,,6,1.0,p25 of best-available QB positional rank
best_available_dist,10.0,,QB,,,,6,1.0,median of best-available QB positional rank
best_available_dist,10.0,,QB,,,,6,1.0,p75 of best-available QB positional rank
best_available_dist,10.0,,QB,,,,6,1.0,p90 of best-available QB positional rank
best_available_dist,10.0,,QB,,,,6,1.01,mean of best-available QB positional rank
best_available_dist,10.0,,QB,,,,19,1.0,p10 of best-available QB positional rank
best_available_dist,10.0,,QB,,,,19,1.0,p25 of best-available QB positional rank
best_available_dist,10.0,,QB,,,,19,1.0,median of best-available QB positional rank
best_available_dist,10.0,,QB,,,,19,1.0,p75 of best-available QB positional rank
best_available_dist,10.0,,QB,,,,19,2.0,p90 of best-available QB positional rank
best_available_dist,10.0,,QB,,,,19,1.27,mean of best-available QB positional rank
best_available_dist,10.0,,QB,,,,30,1.0,p10 of best-available QB positional rank
best_available_dist,10.0,,QB,,,,30,1.0,p25 of best-available QB positional rank
best_available_dist,10.0,,QB,,,,30,2.0,median of best-available QB positional rank
best_available_dist,10.0,,QB,,,,30,3.0,p75 of best-available QB positional rank
best_available_dist,10.0,,QB,,,,30,3.0,p90 of best-available QB positional rank
best_available_dist,10.0,,QB,,,,30,2.03,mean of best-available QB positional rank
best_available_dist,10.0,,QB,,,,43,2.0,p10 of best-available QB positional rank
best_available_dist,10.0,,QB,,,,43,3.0,p25 of best-available QB positional rank
best_available_dist,10.0,,QB,,,,43,4.0,median of best-available QB positional rank
best_available_dist,10.0,,QB,,,,43,5.0,p75 of best-available QB positional rank
best_available_dist,10.0,,QB,,,,43,5.0,p90 of best-available QB positional rank
best_available_dist,10.0,,QB,,,,43,3.82,mean of best-available QB positional rank
best_available_dist,10.0,,QB,,,,54,4.0,p10 of best-available QB positional rank
best_available_dist,10.0,,QB,,,,54,5.0,p25 of best-available QB positional rank
best_available_dist,10.0,,QB,,,,54,5.0,median of best-available QB positional rank
best_available_dist,10.0,,QB,,,,54,6.0,p75 of best-available QB positional rank
best_available_dist,10.0,,QB,,,,54,7.0,p90 of best-available QB positional rank
best_available_dist,10.0,,QB,,,,54,5.36,mean of best-available QB positional rank
best_available_dist,10.0,,QB,,,,67,5.0,p10 of best-available QB positional rank
best_available_dist,10.0,,QB,,,,67,6.0,p25 of best-available QB positional rank
best_available_dist,10.0,,QB,,,,67,7.0,median of best-available QB positional rank
best_available_dist,10.0,,QB,,,,67,8.0,p75 of best-available QB positional rank
best_available_dist,10.0,,QB,,,,67,9.0,p90 of best-available QB positional rank
best_available_dist,10.0,,QB,,,,67,7.22,mean of best-available QB positional rank
best_available_dist,10.0,,QB,,,,78,7.0,p10 of best-available QB positional rank
best_available_dist,10.0,,QB,,,,78,8.0,p25 of best-available QB positional rank
best_available_dist,10.0,,QB,,,,78,9.0,median of best-available QB positional rank
best_available_dist,10.0,,QB,,,,78,10.0,p75 of best-available QB positional rank
best_available_dist,10.0,,QB,,,,78,11.0,p90 of best-available QB positional rank
best_available_dist,10.0,,QB,,,,78,9.32,mean of best-available QB positional rank
best_available_dist,10.0,,QB,,,,91,9.0,p10 of best-available QB positional rank
best_available_dist,10.0,,QB,,,,91,11.0,p25 of best-available QB positional rank
best_available_dist,10.0,,QB,,,,91,11.0,median of best-available QB positional rank
best_available_dist,10.0,,QB,,,,91,12.0,p75 of best-available QB positional rank
best_available_dist,10.0,,QB,,,,91,13.0,p90 of best-available QB positional rank
best_available_dist,10.0,,QB,,,,91,11.09,mean of best-available QB positional rank
best_available_dist,10.0,,QB,,,,102,11.0,p10 of best-available QB positional rank
best_available_dist,10.0,,QB,,,,102,11.0,p25 of best-available QB positional rank
best_available_dist,10.0,,QB,,,,102,13.0,median of best-available QB positional rank
best_available_dist,10.0,,QB,,,,102,13.0,p75 of best-available QB positional rank
best_available_dist,10.0,,QB,,,,102,14.0,p90 of best-available QB positional rank
best_available_dist,10.0,,QB,,,,102,12.53,mean of best-available QB positional rank
best_available_dist,10.0,,QB,,,,115,14.0,p10 of best-available QB positional rank
best_available_dist,10.0,,QB,,,,115,15.0,p25 of best-available QB positional rank
best_available_dist,10.0,,QB,,,,115,16.0,median of best-available QB positional rank
best_available_dist,10.0,,QB,,,,115,17.0,p75 of best-available QB positional rank
best_available_dist,10.0,,QB,,,,115,18.0,p90 of best-available QB positional rank
best_available_dist,10.0,,QB,,,,115,16.19,mean of best-available QB positional rank
best_available_dist,10.0,,QB,,,,126,17.0,p10 of best-available QB positional rank
best_available_dist,10.0,,QB,,,,126,18.0,p25 of best-available QB positional rank
best_available_dist,10.0,,QB,,,,126,20.0,median of best-available QB positional rank
best_available_dist,10.0,,QB,,,,126,21.0,p75 of best-available QB positional rank
best_available_dist,10.0,,QB,,,,126,22.0,p90 of best-available QB positional rank
best_available_dist,10.0,,QB,,,,126,19.55,mean of best-available QB positional rank
best_available_dist,10.0,,QB,,,,139,20.0,p10 of best-available QB positional rank
best_available_dist,10.0,,QB,,,,139,21.0,p25 of best-available QB positional rank
best_available_dist,10.0,,QB,,,,139,22.0,median of best-available QB positional rank
best_available_dist,10.0,,QB,,,,139,24.0,p75 of best-available QB positional rank
best_available_dist,10.0,,QB,,,,139,24.0,p90 of best-available QB positional rank
best_available_dist,10.0,,QB,,,,139,22.37,mean of best-available QB positional rank
best_available_dist,10.0,,QB,,,,150,23.0,p10 of best-available QB positional rank
best_available_dist,10.0,,QB,,,,150,24.0,p25 of best-available QB positional rank
best_available_dist,10.0,,QB,,,,150,25.0,median of best-available QB positional rank
best_available_dist,10.0,,QB,,,,150,25.0,p75 of best-available QB positional rank
best_available_dist,10.0,,QB,,,,150,26.0,p90 of best-available QB positional rank
best_available_dist,10.0,,QB,,,,150,24.59,mean of best-available QB positional rank
best_available_dist,10.0,,RB,,,,6,1.0,p10 of best-available RB positional rank
best_available_dist,10.0,,RB,,,,6,1.0,p25 of best-available RB positional rank
best_available_dist,10.0,,RB,,,,6,2.0,median of best-available RB positional rank
best_available_dist,10.0,,RB,,,,6,2.0,p75 of best-available RB positional rank
best_available_dist,10.0,,RB,,,,6,3.0,p90 of best-available RB positional rank
best_available_dist,10.0,,RB,,,,6,1.75,mean of best-available RB positional rank
best_available_dist,10.0,,RB,,,,19,3.0,p10 of best-available RB positional rank
best_available_dist,10.0,,RB,,,,19,4.0,p25 of best-available RB positional rank
best_available_dist,10.0,,RB,,,,19,5.0,median of best-available RB positional rank
best_available_dist,10.0,,RB,,,,19,6.0,p75 of best-available RB positional rank
best_available_dist,10.0,,RB,,,,19,7.0,p90 of best-available RB positional rank
best_available_dist,10.0,,RB,,,,19,5.02,mean of best-available RB positional rank
best_available_dist,10.0,,RB,,,,30,6.0,p10 of best-available RB positional rank
best_available_dist,10.0,,RB,,,,30,7.0,p25 of best-available RB positional rank
best_available_dist,10.0,,RB,,,,30,9.0,median of best-available RB positional rank
best_available_dist,10.0,,RB,,,,30,11.0,p75 of best-available RB positional rank
best_available_dist,10.0,,RB,,,,30,12.0,p90 of best-available RB positional rank
best_available_dist,10.0,,RB,,,,30,8.89,mean of best-available RB positional rank
best_available_dist,10.0,,RB,,,,43,11.0,p10 of best-available RB positional rank
best_available_dist,10.0,,RB,,,,43,12.0,p25 of best-available RB positional rank
best_available_dist,10.0,,RB,,,,43,13.0,median of best-available RB positional rank
best_available_dist,10.0,,RB,,,,43,14.0,p75 of best-available RB positional rank
best_available_dist,10.0,,RB,,,,43,15.0,p90 of best-available RB positional rank
best_available_dist,10.0,,RB,,,,43,12.87,mean of best-available RB positional rank
best_available_dist,10.0,,RB,,,,54,13.0,p10 of best-available RB positional rank
best_available_dist,10.0,,RB,,,,54,15.0,p25 of best-available RB positional rank
best_available_dist,10.0,,RB,,,,54,16.0,median of best-available RB positional rank
best_available_dist,10.0,,RB,,,,54,18.0,p75 of best-available RB positional rank
best_available_dist,10.0,,RB,,,,54,19.0,p90 of best-available RB positional rank
best_available_dist,10.0,,RB,,,,54,16.33,mean of best-available RB positional rank
best_available_dist,10.0,,RB,,,,67,18.0,p10 of best-available RB positional rank
best_available_dist,10.0,,RB,,,,67,20.0,p25 of best-available RB positional rank
best_available_dist,10.0,,RB,,,,67,21.0,median of best-available RB positional rank
best_available_dist,10.0,,RB,,,,67,23.0,p75 of best-available RB positional rank
best_available_dist,10.0,,RB,,,,67,24.0,p90 of best-available RB positional rank
best_available_dist,10.0,,RB,,,,67,21.32,mean of best-available RB positional rank
best_available_dist,10.0,,RB,,,,78,23.0,p10 of best-available RB positional rank
best_available_dist,10.0,,RB,,,,78,25.0,p25 of best-available RB positional rank
best_available_dist,10.0,,RB,,,,78,26.0,median of best-available RB positional rank
best_available_dist,10.0,,RB,,,,78,27.0,p75 of best-available RB positional rank
best_available_dist,10.0,,RB,,,,78,29.0,p90 of best-available RB positional rank
best_available_dist,10.0,,RB,,,,78,26.11,mean of best-available RB positional rank
best_available_dist,10.0,,RB,,,,91,28.0,p10 of best-available RB positional rank
best_available_dist,10.0,,RB,,,,91,30.0,p25 of best-available RB positional rank
best_available_dist,10.0,,RB,,,,91,31.0,median of best-available RB positional rank
best_available_dist,10.0,,RB,,,,91,32.0,p75 of best-available RB positional rank
best_available_dist,10.0,,RB,,,,91,33.0,p90 of best-available RB positional rank
best_available_dist,10.0,,RB,,,,91,30.83,mean of best-available RB positional rank
best_available_dist,10.0,,RB,,,,102,31.0,p10 of best-available RB positional rank
best_available_dist,10.0,,RB,,,,102,32.0,p25 of best-available RB positional rank
best_available_dist,10.0,,RB,,,,102,33.0,median of best-available RB positional rank
best_available_dist,10.0,,RB,,,,102,34.0,p75 of best-available RB positional rank
best_available_dist,10.0,,RB,,,,102,36.0,p90 of best-available RB positional rank
best_available_dist,10.0,,RB,,,,102,33.23,mean of best-available RB positional rank
best_available_dist,10.0,,RB,,,,115,33.0,p10 of best-available RB positional rank
best_available_dist,10.0,,RB,,,,115,34.0,p25 of best-available RB positional rank
best_available_dist,10.0,,RB,,,,115,35.0,median of best-available RB positional rank
best_available_dist,10.0,,RB,,,,115,37.0,p75 of best-available RB positional rank
best_available_dist,10.0,,RB,,,,115,37.0,p90 of best-available RB positional rank
best_available_dist,10.0,,RB,,,,115,35.15,mean of best-available RB positional rank
best_available_dist,10.0,,RB,,,,126,36.0,p10 of best-available RB positional rank
best_available_dist,10.0,,RB,,,,126,37.0,p25 of best-available RB positional rank
best_available_dist,10.0,,RB,,,,126,38.0,median of best-available RB positional rank
best_available_dist,10.0,,RB,,,,126,39.0,p75 of best-available RB positional rank
best_available_dist,10.0,,RB,,,,126,40.0,p90 of best-available RB positional rank
best_available_dist,10.0,,RB,,,,126,37.92,mean of best-available RB positional rank
best_available_dist,10.0,,RB,,,,139,38.0,p10 of best-available RB positional rank
best_available_dist,10.0,,RB,,,,139,40.0,p25 of best-available RB positional rank
best_available_dist,10.0,,RB,,,,139,42.0,median of best-available RB positional rank
best_available_dist,10.0,,RB,,,,139,44.0,p75 of best-available RB positional rank
best_available_dist,10.0,,RB,,,,139,45.0,p90 of best-available RB positional rank
best_available_dist,10.0,,RB,,,,139,41.92,mean of best-available RB positional rank
best_available_dist,10.0,,RB,,,,150,42.0,p10 of best-available RB positional rank
best_available_dist,10.0,,RB,,,,150,44.0,p25 of best-available RB positional rank
best_available_dist,10.0,,RB,,,,150,46.0,median of best-available RB positional rank
best_available_dist,10.0,,RB,,,,150,49.0,p75 of best-available RB positional rank
best_available_dist,10.0,,RB,,,,150,49.0,p90 of best-available RB positional rank
best_available_dist,10.0,,RB,,,,150,45.98,mean of best-available RB positional rank
best_available_dist,10.0,,WR,,,,6,1.0,p10 of best-available WR positional rank
best_available_dist,10.0,,WR,,,,6,1.0,p25 of best-available WR positional rank
best_available_dist,10.0,,WR,,,,6,2.0,median of best-available WR positional rank
best_available_dist,10.0,,WR,,,,6,2.25,p75 of best-available WR positional rank
best_available_dist,10.0,,WR,,,,6,3.0,p90 of best-available WR positional rank
best_available_dist,10.0,,WR,,,,6,1.9,mean of best-available WR positional rank
best_available_dist,10.0,,WR,,,,19,3.0,p10 of best-available WR positional rank
best_available_dist,10.0,,WR,,,,19,5.0,p25 of best-available WR positional rank
best_available_dist,10.0,,WR,,,,19,7.0,median of best-available WR positional rank
best_available_dist,10.0,,WR,,,,19,9.0,p75 of best-available WR positional rank
best_available_dist,10.0,,WR,,,,19,10.0,p90 of best-available WR positional rank
best_available_dist,10.0,,WR,,,,19,6.87,mean of best-available WR positional rank
best_available_dist,10.0,,WR,,,,30,9.0,p10 of best-available WR positional rank
best_available_dist,10.0,,WR,,,,30,11.0,p25 of best-available WR positional rank
best_available_dist,10.0,,WR,,,,30,13.0,median of best-available WR positional rank
best_available_dist,10.0,,WR,,,,30,14.0,p75 of best-available WR positional rank
best_available_dist,10.0,,WR,,,,30,15.0,p90 of best-available WR positional rank
best_available_dist,10.0,,WR,,,,30,12.42,mean of best-available WR positional rank
best_available_dist,10.0,,WR,,,,43,14.0,p10 of best-available WR positional rank
best_available_dist,10.0,,WR,,,,43,16.0,p25 of best-available WR positional rank
best_available_dist,10.0,,WR,,,,43,18.0,median of best-available WR positional rank
best_available_dist,10.0,,WR,,,,43,21.0,p75 of best-available WR positional rank
best_available_dist,10.0,,WR,,,,43,22.0,p90 of best-available WR positional rank
best_available_dist,10.0,,WR,,,,43,18.34,mean of best-available WR positional rank
best_available_dist,10.0,,WR,,,,54,21.0,p10 of best-available WR positional rank
best_available_dist,10.0,,WR,,,,54,22.0,p25 of best-available WR positional rank
best_available_dist,10.0,,WR,,,,54,24.0,median of best-available WR positional rank
best_available_dist,10.0,,WR,,,,54,25.0,p75 of best-available WR positional rank
best_available_dist,10.0,,WR,,,,54,27.0,p90 of best-available WR positional rank
best_available_dist,10.0,,WR,,,,54,23.76,mean of best-available WR positional rank
best_available_dist,10.0,,WR,,,,67,26.0,p10 of best-available WR positional rank
best_available_dist,10.0,,WR,,,,67,28.0,p25 of best-available WR positional rank
best_available_dist,10.0,,WR,,,,67,29.0,median of best-available WR positional rank
best_available_dist,10.0,,WR,,,,67,31.0,p75 of best-available WR positional rank
best_available_dist,10.0,,WR,,,,67,31.0,p90 of best-available WR positional rank
best_available_dist,10.0,,WR,,,,67,28.84,mean of best-available WR positional rank
best_available_dist,10.0,,WR,,,,78,30.0,p10 of best-available WR positional rank
best_available_dist,10.0,,WR,,,,78,31.0,p25 of best-available WR positional rank
best_available_dist,10.0,,WR,,,,78,32.0,median of best-available WR positional rank
best_available_dist,10.0,,WR,,,,78,33.0,p75 of best-available WR positional rank
best_available_dist,10.0,,WR,,,,78,34.0,p90 of best-available WR positional rank
best_available_dist,10.0,,WR,,,,78,31.8,mean of best-available WR positional rank
best_available_dist,10.0,,WR,,,,91,32.0,p10 of best-available WR positional rank
best_available_dist,10.0,,WR,,,,91,33.0,p25 of best-available WR positional rank
best_available_dist,10.0,,WR,,,,91,35.0,median of best-available WR positional rank
best_available_dist,10.0,,WR,,,,91,36.0,p75 of best-available WR positional rank
best_available_dist,10.0,,WR,,,,91,37.0,p90 of best-available WR positional rank
best_available_dist,10.0,,WR,,,,91,34.68,mean of best-available WR positional rank
best_available_dist,10.0,,WR,,,,102,36.0,p10 of best-available WR positional rank
best_available_dist,10.0,,WR,,,,102,37.0,p25 of best-available WR positional rank
best_available_dist,10.0,,WR,,,,102,39.0,median of best-available WR positional rank
best_available_dist,10.0,,WR,,,,102,40.0,p75 of best-available WR positional rank
best_available_dist,10.0,,WR,,,,102,41.0,p90 of best-available WR positional rank
best_available_dist,10.0,,WR,,,,102,38.77,mean of best-available WR positional rank
best_available_dist,10.0,,WR,,,,115,42.0,p10 of best-available WR positional rank
best_available_dist,10.0,,WR,,,,115,43.0,p25 of best-available WR positional rank
best_available_dist,10.0,,WR,,,,115,45.0,median of best-available WR positional rank
best_available_dist,10.0,,WR,,,,115,45.0,p75 of best-available WR positional rank
best_available_dist,10.0,,WR,,,,115,46.0,p90 of best-available WR positional rank
best_available_dist,10.0,,WR,,,,115,44.34,mean of best-available WR positional rank
best_available_dist,10.0,,WR,,,,126,45.0,p10 of best-available WR positional rank
best_available_dist,10.0,,WR,,,,126,46.0,p25 of best-available WR positional rank
best_available_dist,10.0,,WR,,,,126,47.0,median of best-available WR positional rank
best_available_dist,10.0,,WR,,,,126,48.0,p75 of best-available WR positional rank
best_available_dist,10.0,,WR,,,,126,49.0,p90 of best-available WR positional rank
best_available_dist,10.0,,WR,,,,126,46.74,mean of best-available WR positional rank
best_available_dist,10.0,,WR,,,,139,47.0,p10 of best-available WR positional rank
best_available_dist,10.0,,WR,,,,139,48.0,p25 of best-available WR positional rank
best_available_dist,10.0,,WR,,,,139,49.0,median of best-available WR positional rank
best_available_dist,10.0,,WR,,,,139,51.0,p75 of best-available WR positional rank
best_available_dist,10.0,,WR,,,,139,52.0,p90 of best-available WR positional rank
best_available_dist,10.0,,WR,,,,139,49.38,mean of best-available WR positional rank
best_available_dist,10.0,,WR,,,,150,51.0,p10 of best-available WR positional rank
best_available_dist,10.0,,WR,,,,150,52.0,p25 of best-available WR positional rank
best_available_dist,10.0,,WR,,,,150,53.0,median of best-available WR positional rank
best_available_dist,10.0,,WR,,,,150,54.0,p75 of best-available WR positional rank
best_available_dist,10.0,,WR,,,,150,55.0,p90 of best-available WR positional rank
best_available_dist,10.0,,WR,,,,150,52.92,mean of best-available WR positional rank
best_available_dist,10.0,,TE,,,,6,1.0,p10 of best-available TE positional rank
best_available_dist,10.0,,TE,,,,6,1.0,p25 of best-available TE positional rank
best_available_dist,10.0,,TE,,,,6,1.0,median of best-available TE positional rank
best_available_dist,10.0,,TE,,,,6,1.0,p75 of best-available TE positional rank
best_available_dist,10.0,,TE,,,,6,1.0,p90 of best-available TE positional rank
best_available_dist,10.0,,TE,,,,6,1.1,mean of best-available TE positional rank
best_available_dist,10.0,,TE,,,,19,1.0,p10 of best-available TE positional rank
best_available_dist,10.0,,TE,,,,19,1.0,p25 of best-available TE positional rank
best_available_dist,10.0,,TE,,,,19,2.0,median of best-available TE positional rank
best_available_dist,10.0,,TE,,,,19,2.0,p75 of best-available TE positional rank
best_available_dist,10.0,,TE,,,,19,3.0,p90 of best-available TE positional rank
best_available_dist,10.0,,TE,,,,19,1.88,mean of best-available TE positional rank
best_available_dist,10.0,,TE,,,,30,2.0,p10 of best-available TE positional rank
best_available_dist,10.0,,TE,,,,30,3.0,p25 of best-available TE positional rank
best_available_dist,10.0,,TE,,,,30,3.0,median of best-available TE positional rank
best_available_dist,10.0,,TE,,,,30,3.0,p75 of best-available TE positional rank
best_available_dist,10.0,,TE,,,,30,4.0,p90 of best-available TE positional rank
best_available_dist,10.0,,TE,,,,30,2.85,mean of best-available TE positional rank
best_available_dist,10.0,,TE,,,,43,3.0,p10 of best-available TE positional rank
best_available_dist,10.0,,TE,,,,43,3.0,p25 of best-available TE positional rank
best_available_dist,10.0,,TE,,,,43,4.0,median of best-available TE positional rank
best_available_dist,10.0,,TE,,,,43,4.0,p75 of best-available TE positional rank
best_available_dist,10.0,,TE,,,,43,5.0,p90 of best-available TE positional rank
best_available_dist,10.0,,TE,,,,43,3.83,mean of best-available TE positional rank
best_available_dist,10.0,,TE,,,,54,4.0,p10 of best-available TE positional rank
best_available_dist,10.0,,TE,,,,54,4.0,p25 of best-available TE positional rank
best_available_dist,10.0,,TE,,,,54,5.0,median of best-available TE positional rank
best_available_dist,10.0,,TE,,,,54,5.0,p75 of best-available TE positional rank
best_available_dist,10.0,,TE,,,,54,5.0,p90 of best-available TE positional rank
best_available_dist,10.0,,TE,,,,54,4.58,mean of best-available TE positional rank
best_available_dist,10.0,,TE,,,,67,5.0,p10 of best-available TE positional rank
best_available_dist,10.0,,TE,,,,67,5.0,p25 of best-available TE positional rank
best_available_dist,10.0,,TE,,,,67,5.0,median of best-available TE positional rank
best_available_dist,10.0,,TE,,,,67,6.0,p75 of best-available TE positional rank
best_available_dist,10.0,,TE,,,,67,7.0,p90 of best-available TE positional rank
best_available_dist,10.0,,TE,,,,67,5.7,mean of best-available TE positional rank
best_available_dist,10.0,,TE,,,,78,6.0,p10 of best-available TE positional rank
best_available_dist,10.0,,TE,,,,78,7.0,p25 of best-available TE positional rank
best_available_dist,10.0,,TE,,,,78,8.0,median of best-available TE positional rank
best_available_dist,10.0,,TE,,,,78,8.0,p75 of best-available TE positional rank
best_available_dist,10.0,,TE,,,,78,9.0,p90 of best-available TE positional rank
best_available_dist,10.0,,TE,,,,78,7.52,mean of best-available TE positional rank
best_available_dist,10.0,,TE,,,,91,9.0,p10 of best-available TE positional rank
best_available_dist,10.0,,TE,,,,91,10.0,p25 of best-available TE positional rank
best_available_dist,10.0,,TE,,,,91,10.0,median of best-available TE positional rank
best_available_dist,10.0,,TE,,,,91,12.0,p75 of best-available TE positional rank
best_available_dist,10.0,,TE,,,,91,12.0,p90 of best-available TE positional rank
best_available_dist,10.0,,TE,,,,91,10.57,mean of best-available TE positional rank
best_available_dist,10.0,,TE,,,,102,11.0,p10 of best-available TE positional rank
best_available_dist,10.0,,TE,,,,102,12.0,p25 of best-available TE positional rank
best_available_dist,10.0,,TE,,,,102,14.0,median of best-available TE positional rank
best_available_dist,10.0,,TE,,,,102,15.0,p75 of best-available TE positional rank
best_available_dist,10.0,,TE,,,,102,15.0,p90 of best-available TE positional rank
best_available_dist,10.0,,TE,,,,102,13.4,mean of best-available TE positional rank
best_available_dist,10.0,,TE,,,,115,15.0,p10 of best-available TE positional rank
best_available_dist,10.0,,TE,,,,115,16.0,p25 of best-available TE positional rank
best_available_dist,10.0,,TE,,,,115,16.0,median of best-available TE positional rank
best_available_dist,10.0,,TE,,,,115,17.0,p75 of best-available TE positional rank
best_available_dist,10.0,,TE,,,,115,18.0,p90 of best-available TE positional rank
best_available_dist,10.0,,TE,,,,115,16.21,mean of best-available TE positional rank
best_available_dist,10.0,,TE,,,,126,16.0,p10 of best-available TE positional rank
best_available_dist,10.0,,TE,,,,126,17.0,p25 of best-available TE positional rank
best_available_dist,10.0,,TE,,,,126,18.0,median of best-available TE positional rank
best_available_dist,10.0,,TE,,,,126,19.0,p75 of best-available TE positional rank
best_available_dist,10.0,,TE,,,,126,20.0,p90 of best-available TE positional rank
best_available_dist,10.0,,TE,,,,126,18.03,mean of best-available TE positional rank
best_available_dist,10.0,,TE,,,,139,19.0,p10 of best-available TE positional rank
best_available_dist,10.0,,TE,,,,139,20.0,p25 of best-available TE positional rank
best_available_dist,10.0,,TE,,,,139,22.0,median of best-available TE positional rank
best_available_dist,10.0,,TE,,,,139,23.0,p75 of best-available TE positional rank
best_available_dist,10.0,,TE,,,,139,23.0,p90 of best-available TE positional rank
best_available_dist,10.0,,TE,,,,139,21.26,mean of best-available TE positional rank
best_available_dist,10.0,,TE,,,,150,23.0,p10 of best-available TE positional rank
best_available_dist,10.0,,TE,,,,150,23.0,p25 of best-available TE positional rank
best_available_dist,10.0,,TE,,,,150,24.0,median of best-available TE positional rank
best_available_dist,10.0,,TE,,,,150,24.0,p75 of best-available TE positional rank
best_available_dist,10.0,,TE,,,,150,24.0,p90 of best-available TE positional rank
best_available_dist,10.0,,TE,,,,150,23.5,mean of best-available TE positional rank
player_available,20.0,Ja'Marr Chase,WR,1,1,T1,6,0.6493,
player_available,20.0,Ja'Marr Chase,WR,1,1,T1,19,0.0,
player_available,20.0,Ja'Marr Chase,WR,1,1,T1,30,0.0,
player_available,20.0,Ja'Marr Chase,WR,1,1,T1,43,0.0,
player_available,20.0,Ja'Marr Chase,WR,1,1,T1,54,0.0,
player_available,20.0,Ja'Marr Chase,WR,1,1,T1,67,0.0,
player_available,20.0,Ja'Marr Chase,WR,1,1,T1,78,0.0,
player_available,20.0,Ja'Marr Chase,WR,1,1,T1,91,0.0,
player_available,20.0,Ja'Marr Chase,WR,1,1,T1,102,0.0,
player_available,20.0,Ja'Marr Chase,WR,1,1,T1,115,0.0,
player_available,20.0,Ja'Marr Chase,WR,1,1,T1,126,0.0,
player_available,20.0,Ja'Marr Chase,WR,1,1,T1,139,0.0,
player_available,20.0,Ja'Marr Chase,WR,1,1,T1,150,0.0,
player_available,20.0,Ja'Marr Chase,WR,1,1,T1,163,0.0,
player_available,20.0,Ja'Marr Chase,WR,1,1,T1,174,0.0,
player_available,20.0,Bijan Robinson,RB,2,1,T1,6,0.652,
player_available,20.0,Bijan Robinson,RB,2,1,T1,19,0.1513,
player_available,20.0,Bijan Robinson,RB,2,1,T1,30,0.0,
player_available,20.0,Bijan Robinson,RB,2,1,T1,43,0.0,
player_available,20.0,Bijan Robinson,RB,2,1,T1,54,0.0,
player_available,20.0,Bijan Robinson,RB,2,1,T1,67,0.0,
player_available,20.0,Bijan Robinson,RB,2,1,T1,78,0.0,
player_available,20.0,Bijan Robinson,RB,2,1,T1,91,0.0,
player_available,20.0,Bijan Robinson,RB,2,1,T1,102,0.0,
player_available,20.0,Bijan Robinson,RB,2,1,T1,115,0.0,
player_available,20.0,Bijan Robinson,RB,2,1,T1,126,0.0,
player_available,20.0,Bijan Robinson,RB,2,1,T1,139,0.0,
player_available,20.0,Bijan Robinson,RB,2,1,T1,150,0.0,
player_available,20.0,Bijan Robinson,RB,2,1,T1,163,0.0,
player_available,20.0,Bijan Robinson,RB,2,1,T1,174,0.0,
player_available,20.0,Puka Nacua,WR,3,2,T1,6,0.687,
player_available,20.0,Puka Nacua,WR,3,2,T1,19,0.2343,
player_available,20.0,Puka Nacua,WR,3,2,T1,30,0.018,
player_available,20.0,Puka Nacua,WR,3,2,T1,43,0.0,
player_available,20.0,Puka Nacua,WR,3,2,T1,54,0.0,
player_available,20.0,Puka Nacua,WR,3,2,T1,67,0.0,
player_available,20.0,Puka Nacua,WR,3,2,T1,78,0.0,
player_available,20.0,Puka Nacua,WR,3,2,T1,91,0.0,
player_available,20.0,Puka Nacua,WR,3,2,T1,102,0.0,
player_available,20.0,Puka Nacua,WR,3,2,T1,115,0.0,
player_available,20.0,Puka Nacua,WR,3,2,T1,126,0.0,
player_available,20.0,Puka Nacua,WR,3,2,T1,139,0.0,
player_available,20.0,Puka Nacua,WR,3,2,T1,150,0.0,
player_available,20.0,Puka Nacua,WR,3,2,T1,163,0.0,
player_available,20.0,Puka Nacua,WR,3,2,T1,174,0.0,
player_available,20.0,Jahmyr Gibbs,RB,4,2,T1,6,0.697,
player_available,20.0,Jahmyr Gibbs,RB,4,2,T1,19,0.2763,
player_available,20.0,Jahmyr Gibbs,RB,4,2,T1,30,0.0337,
player_available,20.0,Jahmyr Gibbs,RB,4,2,T1,43,0.0007,
player_available,20.0,Jahmyr Gibbs,RB,4,2,T1,54,0.0,
player_available,20.0,Jahmyr Gibbs,RB,4,2,T1,67,0.0,
player_available,20.0,Jahmyr Gibbs,RB,4,2,T1,78,0.0,
player_available,20.0,Jahmyr Gibbs,RB,4,2,T1,91,0.0,
player_available,20.0,Jahmyr Gibbs,RB,4,2,T1,102,0.0,
player_available,20.0,Jahmyr Gibbs,RB,4,2,T1,115,0.0,
player_available,20.0,Jahmyr Gibbs,RB,4,2,T1,126,0.0,
player_available,20.0,Jahmyr Gibbs,RB,4,2,T1,139,0.0,
player_available,20.0,Jahmyr Gibbs,RB,4,2,T1,150,0.0,
player_available,20.0,Jahmyr Gibbs,RB,4,2,T1,163,0.0,
player_available,20.0,Jahmyr Gibbs,RB,4,2,T1,174,0.0,
player_available,20.0,Jaxon Smith-Njigba,WR,5,3,T1,6,0.7003,
player_available,20.0,Jaxon Smith-Njigba,WR,5,3,T1,19,0.2943,
player_available,20.0,Jaxon Smith-Njigba,WR,5,3,T1,30,0.058,
player_available,20.0,Jaxon Smith-Njigba,WR,5,3,T1,43,0.003,
player_available,20.0,Jaxon Smith-Njigba,WR,5,3,T1,54,0.0,
player_available,20.0,Jaxon Smith-Njigba,WR,5,3,T1,67,0.0,
player_available,20.0,Jaxon Smith-Njigba,WR,5,3,T1,78,0.0,
player_available,20.0,Jaxon Smith-Njigba,WR,5,3,T1,91,0.0,
player_available,20.0,Jaxon Smith-Njigba,WR,5,3,T1,102,0.0,
player_available,20.0,Jaxon Smith-Njigba,WR,5,3,T1,115,0.0,
player_available,20.0,Jaxon Smith-Njigba,WR,5,3,T1,126,0.0,
player_available,20.0,Jaxon Smith-Njigba,WR,5,3,T1,139,0.0,
player_available,20.0,Jaxon Smith-Njigba,WR,5,3,T1,150,0.0,
player_available,20.0,Jaxon Smith-Njigba,WR,5,3,T1,163,0.0,
player_available,20.0,Jaxon Smith-Njigba,WR,5,3,T1,174,0.0,
player_available,20.0,Amon-Ra St. Brown,WR,6,4,T1,6,0.7267,
player_available,20.0,Amon-Ra St. Brown,WR,6,4,T1,19,0.3243,
player_available,20.0,Amon-Ra St. Brown,WR,6,4,T1,30,0.0947,
player_available,20.0,Amon-Ra St. Brown,WR,6,4,T1,43,0.004,
player_available,20.0,Amon-Ra St. Brown,WR,6,4,T1,54,0.0,
player_available,20.0,Amon-Ra St. Brown,WR,6,4,T1,67,0.0,
player_available,20.0,Amon-Ra St. Brown,WR,6,4,T1,78,0.0,
player_available,20.0,Amon-Ra St. Brown,WR,6,4,T1,91,0.0,
player_available,20.0,Amon-Ra St. Brown,WR,6,4,T1,102,0.0,
player_available,20.0,Amon-Ra St. Brown,WR,6,4,T1,115,0.0,
player_available,20.0,Amon-Ra St. Brown,WR,6,4,T1,126,0.0,
player_available,20.0,Amon-Ra St. Brown,WR,6,4,T1,139,0.0,
player_available,20.0,Amon-Ra St. Brown,WR,6,4,T1,150,0.0,
player_available,20.0,Amon-Ra St. Brown,WR,6,4,T1,163,0.0,
player_available,20.0,Amon-Ra St. Brown,WR,6,4,T1,174,0.0,
player_available,20.0,CeeDee Lamb,WR,7,5,T1,6,0.7523,
player_available,20.0,CeeDee Lamb,WR,7,5,T1,19,0.3367,
player_available,20.0,CeeDee Lamb,WR,7,5,T1,30,0.103,
player_available,20.0,CeeDee Lamb,WR,7,5,T1,43,0.0063,
player_available,20.0,CeeDee Lamb,WR,7,5,T1,54,0.0,
player_available,20.0,CeeDee Lamb,WR,7,5,T1,67,0.0,
player_available,20.0,CeeDee Lamb,WR,7,5,T1,78,0.0,
player_available,20.0,CeeDee Lamb,WR,7,5,T1,91,0.0,
player_available,20.0,CeeDee Lamb,WR,7,5,T1,102,0.0,
player_available,20.0,CeeDee Lamb,WR,7,5,T1,115,0.0,
player_available,20.0,CeeDee Lamb,WR,7,5,T1,126,0.0,
player_available,20.0,CeeDee Lamb,WR,7,5,T1,139,0.0,
player_available,20.0,CeeDee Lamb,WR,7,5,T1,150,0.0,
player_available,20.0,CeeDee Lamb,WR,7,5,T1,163,0.0,
player_available,20.0,CeeDee Lamb,WR,7,5,T1,174,0.0,
player_available,20.0,Christian McCaffrey,RB,8,3,T1,6,0.776,
player_available,20.0,Christian McCaffrey,RB,8,3,T1,19,0.354,
player_available,20.0,Christian McCaffrey,RB,8,3,T1,30,0.134,
player_available,20.0,Christian McCaffrey,RB,8,3,T1,43,0.0117,
player_available,20.0,Christian McCaffrey,RB,8,3,T1,54,0.0,
player_available,20.0,Christian McCaffrey,RB,8,3,T1,67,0.0,
player_available,20.0,Christian McCaffrey,RB,8,3,T1,78,0.0,
player_available,20.0,Christian McCaffrey,RB,8,3,T1,91,0.0,
player_available,20.0,Christian McCaffrey,RB,8,3,T1,102,0.0,
player_available,20.0,Christian McCaffrey,RB,8,3,T1,115,0.0,
player_available,20.0,Christian McCaffrey,RB,8,3,T1,126,0.0,
player_available,20.0,Christian McCaffrey,RB,8,3,T1,139,0.0,
player_available,20.0,Christian McCaffrey,RB,8,3,T1,150,0.0,
player_available,20.0,Christian McCaffrey,RB,8,3,T1,163,0.0,
player_available,20.0,Christian McCaffrey,RB,8,3,T1,174,0.0,
player_available,20.0,Justin Jefferson,WR,9,6,T2,6,0.785,
player_available,20.0,Justin Jefferson,WR,9,6,T2,19,0.362,
player_available,20.0,Justin Jefferson,WR,9,6,T2,30,0.159,
player_available,20.0,Justin Jefferson,WR,9,6,T2,43,0.0203,
player_available,20.0,Justin Jefferson,WR,9,6,T2,54,0.0,
player_available,20.0,Justin Jefferson,WR,9,6,T2,67,0.0,
player_available,20.0,Justin Jefferson,WR,9,6,T2,78,0.0,
player_available,20.0,Justin Jefferson,WR,9,6,T2,91,0.0,
player_available,20.0,Justin Jefferson,WR,9,6,T2,102,0.0,
player_available,20.0,Justin Jefferson,WR,9,6,T2,115,0.0,
player_available,20.0,Justin Jefferson,WR,9,6,T2,126,0.0,
player_available,20.0,Justin Jefferson,WR,9,6,T2,139,0.0,
player_available,20.0,Justin Jefferson,WR,9,6,T2,150,0.0,
player_available,20.0,Justin Jefferson,WR,9,6,T2,163,0.0,
player_available,20.0,Justin Jefferson,WR,9,6,T2,174,0.0,
player_available,20.0,Jonathan Taylor,RB,10,4,T1,6,0.8007,
player_available,20.0,Jonathan Taylor,RB,10,4,T1,19,0.3967,
player_available,20.0,Jonathan Taylor,RB,10,4,T1,30,0.17,
player_available,20.0,Jonathan Taylor,RB,10,4,T1,43,0.0227,
player_available,20.0,Jonathan Taylor,RB,10,4,T1,54,0.0,
player_available,20.0,Jonathan Taylor,RB,10,4,T1,67,0.0,
player_available,20.0,Jonathan Taylor,RB,10,4,T1,78,0.0,
player_available,20.0,Jonathan Taylor,RB,10,4,T1,91,0.0,
player_available,20.0,Jonathan Taylor,RB,10,4,T1,102,0.0,
player_available,20.0,Jonathan Taylor,RB,10,4,T1,115,0.0,
player_available,20.0,Jonathan Taylor,RB,10,4,T1,126,0.0,
player_available,20.0,Jonathan Taylor,RB,10,4,T1,139,0.0,
player_available,20.0,Jonathan Taylor,RB,10,4,T1,150,0.0,
player_available,20.0,Jonathan Taylor,RB,10,4,T1,163,0.0,
player_available,20.0,Jonathan Taylor,RB,10,4,T1,174,0.0,
player_available,20.0,Drake London,WR,11,7,T2,6,0.819,
player_available,20.0,Drake London,WR,11,7,T2,19,0.4307,
player_available,20.0,Drake London,WR,11,7,T2,30,0.2097,
player_available,20.0,Drake London,WR,11,7,T2,43,0.0463,
player_available,20.0,Drake London,WR,11,7,T2,54,0.0007,
player_available,20.0,Drake London,WR,11,7,T2,67,0.0,
player_available,20.0,Drake London,WR,11,7,T2,78,0.0,
player_available,20.0,Drake London,WR,11,7,T2,91,0.0,
player_available,20.0,Drake London,WR,11,7,T2,102,0.0,
player_available,20.0,Drake London,WR,11,7,T2,115,0.0,
player_available,20.0,Drake London,WR,11,7,T2,126,0.0,
player_available,20.0,Drake London,WR,11,7,T2,139,0.0,
player_available,20.0,Drake London,WR,11,7,T2,150,0.0,
player_available,20.0,Drake London,WR,11,7,T2,163,0.0,
player_available,20.0,Drake London,WR,11,7,T2,174,0.0,
player_available,20.0,A.J. Brown,WR,12,8,T2,6,0.8093,
player_available,20.0,A.J. Brown,WR,12,8,T2,19,0.4193,
player_available,20.0,A.J. Brown,WR,12,8,T2,30,0.2057,
player_available,20.0,A.J. Brown,WR,12,8,T2,43,0.047,
player_available,20.0,A.J. Brown,WR,12,8,T2,54,0.0017,
player_available,20.0,A.J. Brown,WR,12,8,T2,67,0.0,
player_available,20.0,A.J. Brown,WR,12,8,T2,78,0.0,
player_available,20.0,A.J. Brown,WR,12,8,T2,91,0.0,
player_available,20.0,A.J. Brown,WR,12,8,T2,102,0.0,
player_available,20.0,A.J. Brown,WR,12,8,T2,115,0.0,
player_available,20.0,A.J. Brown,WR,12,8,T2,126,0.0,
player_available,20.0,A.J. Brown,WR,12,8,T2,139,0.0,
player_available,20.0,A.J. Brown,WR,12,8,T2,150,0.0,
player_available,20.0,A.J. Brown,WR,12,8,T2,163,0.0,
player_available,20.0,A.J. Brown,WR,12,8,T2,174,0.0,
player_available,20.0,Nico Collins,WR,13,9,T2,6,0.8457,
player_available,20.0,Nico Collins,WR,13,9,T2,19,0.4373,
player_available,20.0,Nico Collins,WR,13,9,T2,30,0.22,
player_available,20.0,Nico Collins,WR,13,9,T2,43,0.053,
player_available,20.0,Nico Collins,WR,13,9,T2,54,0.003,
player_available,20.0,Nico Collins,WR,13,9,T2,67,0.0,
player_available,20.0,Nico Collins,WR,13,9,T2,78,0.0,
player_available,20.0,Nico Collins,WR,13,9,T2,91,0.0,
player_available,20.0,Nico Collins,WR,13,9,T2,102,0.0,
player_available,20.0,Nico Collins,WR,13,9,T2,115,0.0,
player_available,20.0,Nico Collins,WR,13,9,T2,126,0.0,
player_available,20.0,Nico Collins,WR,13,9,T2,139,0.0,
player_available,20.0,Nico Collins,WR,13,9,T2,150,0.0,
player_available,20.0,Nico Collins,WR,13,9,T2,163,0.0,
player_available,20.0,Nico Collins,WR,13,9,T2,174,0.0,
player_available,20.0,Ashton Jeanty,RB,14,5,T2,6,0.84,
player_available,20.0,Ashton Jeanty,RB,14,5,T2,19,0.4687,
player_available,20.0,Ashton Jeanty,RB,14,5,T2,30,0.2297,
player_available,20.0,Ashton Jeanty,RB,14,5,T2,43,0.055,
player_available,20.0,Ashton Jeanty,RB,14,5,T2,54,0.0053,
player_available,20.0,Ashton Jeanty,RB,14,5,T2,67,0.0,
player_available,20.0,Ashton Jeanty,RB,14,5,T2,78,0.0,
player_available,20.0,Ashton Jeanty,RB,14,5,T2,91,0.0,
player_available,20.0,Ashton Jeanty,RB,14,5,T2,102,0.0,
player_available,20.0,Ashton Jeanty,RB,14,5,T2,115,0.0,
player_available,20.0,Ashton Jeanty,RB,14,5,T2,126,0.0,
player_available,20.0,Ashton Jeanty,RB,14,5,T2,139,0.0,
player_available,20.0,Ashton Jeanty,RB,14,5,T2,150,0.0,
player_available,20.0,Ashton Jeanty,RB,14,5,T2,163,0.0,
player_available,20.0,Ashton Jeanty,RB,14,5,T2,174,0.0,
player_available,20.0,Trey McBride,TE,15,1,T1,6,0.8627,
player_available,20.0,Trey McBride,TE,15,1,T1,19,0.489,
player_available,20.0,Trey McBride,TE,15,1,T1,30,0.2517,
player_available,20.0,Trey McBride,TE,15,1,T1,43,0.0723,
player_available,20.0,Trey McBride,TE,15,1,T1,54,0.0073,
player_available,20.0,Trey McBride,TE,15,1,T1,67,0.0,
player_available,20.0,Trey McBride,TE,15,1,T1,78,0.0,
player_available,20.0,Trey McBride,TE,15,1,T1,91,0.0,
player_available,20.0,Trey McBride,TE,15,1,T1,102,0.0,
player_available,20.0,Trey McBride,TE,15,1,T1,115,0.0,
player_available,20.0,Trey McBride,TE,15,1,T1,126,0.0,
player_available,20.0,Trey McBride,TE,15,1,T1,139,0.0,
player_available,20.0,Trey McBride,TE,15,1,T1,150,0.0,
player_available,20.0,Trey McBride,TE,15,1,T1,163,0.0,
player_available,20.0,Trey McBride,TE,15,1,T1,174,0.0,
player_available,20.0,George Pickens,WR,16,10,T2,6,0.87,
player_available,20.0,George Pickens,WR,16,10,T2,19,0.5237,
player_available,20.0,George Pickens,WR,16,10,T2,30,0.2757,
player_available,20.0,George Pickens,WR,16,10,T2,43,0.0873,
player_available,20.0,George Pickens,WR,16,10,T2,54,0.009,
player_available,20.0,George Pickens,WR,16,10,T2,67,0.0,
player_available,20.0,George Pickens,WR,16,10,T2,78,0.0,
player_available,20.0,George Pickens,WR,16,10,T2,91,0.0,
player_available,20.0,George Pickens,WR,16,10,T2,102,0.0,
player_available,20.0,George Pickens,WR,16,10,T2,115,0.0,
player_available,20.0,George Pickens,WR,16,10,T2,126,0.0,
player_available,20.0,George Pickens,WR,16,10,T2,139,0.0,
player_available,20.0,George Pickens,WR,16,10,T2,150,0.0,
player_available,20.0,George Pickens,WR,16,10,T2,163,0.0,
player_available,20.0,George Pickens,WR,16,10,T2,174,0.0,
player_available,20.0,James Cook III,RB,17,6,T2,6,0.8773,
player_available,20.0,James Cook III,RB,17,6,T2,19,0.51,
player_available,20.0,James Cook III,RB,17,6,T2,30,0.2723,
player_available,20.0,James Cook III,RB,17,6,T2,43,0.095,
player_available,20.0,James Cook III,RB,17,6,T2,54,0.014,
player_available,20.0,James Cook III,RB,17,6,T2,67,0.0,
player_available,20.0,James Cook III,RB,17,6,T2,78,0.0,
player_available,20.0,James Cook III,RB,17,6,T2,91,0.0,
player_available,20.0,James Cook III,RB,17,6,T2,102,0.0,
player_available,20.0,James Cook III,RB,17,6,T2,115,0.0,
player_available,20.0,James Cook III,RB,17,6,T2,126,0.0,
player_available,20.0,James Cook III,RB,17,6,T2,139,0.0,
player_available,20.0,James Cook III,RB,17,6,T2,150,0.0,
player_available,20.0,James Cook III,RB,17,6,T2,163,0.0,
player_available,20.0,James Cook III,RB,17,6,T2,174,0.0,
player_available,20.0,De'Von Achane,RB,18,7,T2,6,0.8943,
player_available,20.0,De'Von Achane,RB,18,7,T2,19,0.5407,
player_available,20.0,De'Von Achane,RB,18,7,T2,30,0.285,
player_available,20.0,De'Von Achane,RB,18,7,T2,43,0.098,
player_available,20.0,De'Von Achane,RB,18,7,T2,54,0.0133,
player_available,20.0,De'Von Achane,RB,18,7,T2,67,0.0003,
player_available,20.0,De'Von Achane,RB,18,7,T2,78,0.0,
player_available,20.0,De'Von Achane,RB,18,7,T2,91,0.0,
player_available,20.0,De'Von Achane,RB,18,7,T2,102,0.0,
player_available,20.0,De'Von Achane,RB,18,7,T2,115,0.0,
player_available,20.0,De'Von Achane,RB,18,7,T2,126,0.0,
player_available,20.0,De'Von Achane,RB,18,7,T2,139,0.0,
player_available,20.0,De'Von Achane,RB,18,7,T2,150,0.0,
player_available,20.0,De'Von Achane,RB,18,7,T2,163,0.0,
player_available,20.0,De'Von Achane,RB,18,7,T2,174,0.0,
player_available,20.0,Chase Brown,RB,19,8,T2,6,0.8903,
player_available,20.0,Chase Brown,RB,19,8,T2,19,0.5693,
player_available,20.0,Chase Brown,RB,19,8,T2,30,0.3197,
player_available,20.0,Chase Brown,RB,19,8,T2,43,0.119,
player_available,20.0,Chase Brown,RB,19,8,T2,54,0.02,
player_available,20.0,Chase Brown,RB,19,8,T2,67,0.0003,
player_available,20.0,Chase Brown,RB,19,8,T2,78,0.0,
player_available,20.0,Chase Brown,RB,19,8,T2,91,0.0,
player_available,20.0,Chase Brown,RB,19,8,T2,102,0.0,
player_available,20.0,Chase Brown,RB,19,8,T2,115,0.0,
player_available,20.0,Chase Brown,RB,19,8,T2,126,0.0,
player_available,20.0,Chase Brown,RB,19,8,T2,139,0.0,
player_available,20.0,Chase Brown,RB,19,8,T2,150,0.0,
player_available,20.0,Chase Brown,RB,19,8,T2,163,0.0,
player_available,20.0,Chase Brown,RB,19,8,T2,174,0.0,
player_available,20.0,Chris Olave,WR,20,11,T2,6,0.908,
player_available,20.0,Chris Olave,WR,20,11,T2,19,0.5977,
player_available,20.0,Chris Olave,WR,20,11,T2,30,0.3483,
player_available,20.0,Chris Olave,WR,20,11,T2,43,0.1423,
player_available,20.0,Chris Olave,WR,20,11,T2,54,0.023,
player_available,20.0,Chris Olave,WR,20,11,T2,67,0.0,
player_available,20.0,Chris Olave,WR,20,11,T2,78,0.0,
player_available,20.0,Chris Olave,WR,20,11,T2,91,0.0,
player_available,20.0,Chris Olave,WR,20,11,T2,102,0.0,
player_available,20.0,Chris Olave,WR,20,11,T2,115,0.0,
player_available,20.0,Chris Olave,WR,20,11,T2,126,0.0,
player_available,20.0,Chris Olave,WR,20,11,T2,139,0.0,
player_available,20.0,Chris Olave,WR,20,11,T2,150,0.0,
player_available,20.0,Chris Olave,WR,20,11,T2,163,0.0,
player_available,20.0,Chris Olave,WR,20,11,T2,174,0.0,
player_available,20.0,Brock Bowers,TE,21,2,T1,6,0.9063,
player_available,20.0,Brock Bowers,TE,21,2,T1,19,0.5903,
player_available,20.0,Brock Bowers,TE,21,2,T1,30,0.3427,
player_available,20.0,Brock Bowers,TE,21,2,T1,43,0.1437,
player_available,20.0,Brock Bowers,TE,21,2,T1,54,0.0343,
player_available,20.0,Brock Bowers,TE,21,2,T1,67,0.0007,
player_available,20.0,Brock Bowers,TE,21,2,T1,78,0.0,
player_available,20.0,Brock Bowers,TE,21,2,T1,91,0.0,
player_available,20.0,Brock Bowers,TE,21,2,T1,102,0.0,
player_available,20.0,Brock Bowers,TE,21,2,T1,115,0.0,
player_available,20.0,Brock Bowers,TE,21,2,T1,126,0.0,
player_available,20.0,Brock Bowers,TE,21,2,T1,139,0.0,
player_available,20.0,Brock Bowers,TE,21,2,T1,150,0.0,
player_available,20.0,Brock Bowers,TE,21,2,T1,163,0.0,
player_available,20.0,Brock Bowers,TE,21,2,T1,174,0.0,
player_available,20.0,Rashee Rice,WR,22,12,T2,6,0.9227,
player_available,20.0,Rashee Rice,WR,22,12,T2,19,0.6283,
player_available,20.0,Rashee Rice,WR,22,12,T2,30,0.3737,
player_available,20.0,Rashee Rice,WR,22,12,T2,43,0.161,
player_available,20.0,Rashee Rice,WR,22,12,T2,54,0.0447,
player_available,20.0,Rashee Rice,WR,22,12,T2,67,0.0017,
player_available,20.0,Rashee Rice,WR,22,12,T2,78,0.0,
player_available,20.0,Rashee Rice,WR,22,12,T2,91,0.0,
player_available,20.0,Rashee Rice,WR,22,12,T2,102,0.0,
player_available,20.0,Rashee Rice,WR,22,12,T2,115,0.0,
player_available,20.0,Rashee Rice,WR,22,12,T2,126,0.0,
player_available,20.0,Rashee Rice,WR,22,12,T2,139,0.0,
player_available,20.0,Rashee Rice,WR,22,12,T2,150,0.0,
player_available,20.0,Rashee Rice,WR,22,12,T2,163,0.0,
player_available,20.0,Rashee Rice,WR,22,12,T2,174,0.0,
player_available,20.0,Omarion Hampton,RB,23,9,T2,6,0.926,
player_available,20.0,Omarion Hampton,RB,23,9,T2,19,0.6323,
player_available,20.0,Omarion Hampton,RB,23,9,T2,30,0.3967,
player_available,20.0,Omarion Hampton,RB,23,9,T2,43,0.1677,
player_available,20.0,Omarion Hampton,RB,23,9,T2,54,0.0337,
player_available,20.0,Omarion Hampton,RB,23,9,T2,67,0.0027,
player_available,20.0,Omarion Hampton,RB,23,9,T2,78,0.0,
player_available,20.0,Omarion Hampton,RB,23,9,T2,91,0.0,
player_available,20.0,Omarion Hampton,RB,23,9,T2,102,0.0,
player_available,20.0,Omarion Hampton,RB,23,9,T2,115,0.0,
player_available,20.0,Omarion Hampton,RB,23,9,T2,126,0.0,
player_available,20.0,Omarion Hampton,RB,23,9,T2,139,0.0,
player_available,20.0,Omarion Hampton,RB,23,9,T2,150,0.0,
player_available,20.0,Omarion Hampton,RB,23,9,T2,163,0.0,
player_available,20.0,Omarion Hampton,RB,23,9,T2,174,0.0,
player_available,20.0,DeVonta Smith,WR,24,13,T3,6,0.936,
player_available,20.0,DeVonta Smith,WR,24,13,T3,19,0.688,
player_available,20.0,DeVonta Smith,WR,24,13,T3,30,0.4247,
player_available,20.0,DeVonta Smith,WR,24,13,T3,43,0.186,
player_available,20.0,DeVonta Smith,WR,24,13,T3,54,0.0553,
player_available,20.0,DeVonta Smith,WR,24,13,T3,67,0.003,
player_available,20.0,DeVonta Smith,WR,24,13,T3,78,0.0,
player_available,20.0,DeVonta Smith,WR,24,13,T3,91,0.0,
player_available,20.0,DeVonta Smith,WR,24,13,T3,102,0.0,
player_available,20.0,DeVonta Smith,WR,24,13,T3,115,0.0,
player_available,20.0,DeVonta Smith,WR,24,13,T3,126,0.0,
player_available,20.0,DeVonta Smith,WR,24,13,T3,139,0.0,
player_available,20.0,DeVonta Smith,WR,24,13,T3,150,0.0,
player_available,20.0,DeVonta Smith,WR,24,13,T3,163,0.0,
player_available,20.0,DeVonta Smith,WR,24,13,T3,174,0.0,
player_available,20.0,Josh Allen,QB,25,1,T1,6,0.9463,
player_available,20.0,Josh Allen,QB,25,1,T1,19,0.6847,
player_available,20.0,Josh Allen,QB,25,1,T1,30,0.4333,
player_available,20.0,Josh Allen,QB,25,1,T1,43,0.199,
player_available,20.0,Josh Allen,QB,25,1,T1,54,0.0667,
player_available,20.0,Josh Allen,QB,25,1,T1,67,0.0053,
player_available,20.0,Josh Allen,QB,25,1,T1,78,0.0003,
player_available,20.0,Josh Allen,QB,25,1,T1,91,0.0,
player_available,20.0,Josh Allen,QB,25,1,T1,102,0.0,
player_available,20.0,Josh Allen,QB,25,1,T1,115,0.0,
player_available,20.0,Josh Allen,QB,25,1,T1,126,0.0,
player_available,20.0,Josh Allen,QB,25,1,T1,139,0.0,
player_available,20.0,Josh Allen,QB,25,1,T1,150,0.0,
player_available,20.0,Josh Allen,QB,25,1,T1,163,0.0,
player_available,20.0,Josh Allen,QB,25,1,T1,174,0.0,
player_available,20.0,Saquon Barkley,RB,26,10,T2,6,0.9543,
player_available,20.0,Saquon Barkley,RB,26,10,T2,19,0.707,
player_available,20.0,Saquon Barkley,RB,26,10,T2,30,0.468,
player_available,20.0,Saquon Barkley,RB,26,10,T2,43,0.2087,
player_available,20.0,Saquon Barkley,RB,26,10,T2,54,0.072,
player_available,20.0,Saquon Barkley,RB,26,10,T2,67,0.005,
player_available,20.0,Saquon Barkley,RB,26,10,T2,78,0.0,
player_available,20.0,Saquon Barkley,RB,26,10,T2,91,0.0,
player_available,20.0,Saquon Barkley,RB,26,10,T2,102,0.0,
player_available,20.0,Saquon Barkley,RB,26,10,T2,115,0.0,
player_available,20.0,Saquon Barkley,RB,26,10,T2,126,0.0,
player_available,20.0,Saquon Barkley,RB,26,10,T2,139,0.0,
player_available,20.0,Saquon Barkley,RB,26,10,T2,150,0.0,
player_available,20.0,Saquon Barkley,RB,26,10,T2,163,0.0,
player_available,20.0,Saquon Barkley,RB,26,10,T2,174,0.0,
player_available,20.0,Garrett Wilson,WR,27,14,T3,6,0.9533,
player_available,20.0,Garrett Wilson,WR,27,14,T3,19,0.707,
player_available,20.0,Garrett Wilson,WR,27,14,T3,30,0.4703,
player_available,20.0,Garrett Wilson,WR,27,14,T3,43,0.223,
player_available,20.0,Garrett Wilson,WR,27,14,T3,54,0.0797,
player_available,20.0,Garrett Wilson,WR,27,14,T3,67,0.011,
player_available,20.0,Garrett Wilson,WR,27,14,T3,78,0.0003,
player_available,20.0,Garrett Wilson,WR,27,14,T3,91,0.0,
player_available,20.0,Garrett Wilson,WR,27,14,T3,102,0.0,
player_available,20.0,Garrett Wilson,WR,27,14,T3,115,0.0,
player_available,20.0,Garrett Wilson,WR,27,14,T3,126,0.0,
player_available,20.0,Garrett Wilson,WR,27,14,T3,139,0.0,
player_available,20.0,Garrett Wilson,WR,27,14,T3,150,0.0,
player_available,20.0,Garrett Wilson,WR,27,14,T3,163,0.0,
player_available,20.0,Garrett Wilson,WR,27,14,T3,174,0.0,
player_available,20.0,Tetairoa McMillan,WR,28,15,T3,6,0.9547,
player_available,20.0,Tetairoa McMillan,WR,28,15,T3,19,0.7327,
player_available,20.0,Tetairoa McMillan,WR,28,15,T3,30,0.4953,
player_available,20.0,Tetairoa McMillan,WR,28,15,T3,43,0.238,
player_available,20.0,Tetairoa McMillan,WR,28,15,T3,54,0.0977,
player_available,20.0,Tetairoa McMillan,WR,28,15,T3,67,0.012,
player_available,20.0,Tetairoa McMillan,WR,28,15,T3,78,0.0003,
player_available,20.0,Tetairoa McMillan,WR,28,15,T3,91,0.0,
player_available,20.0,Tetairoa McMillan,WR,28,15,T3,102,0.0,
player_available,20.0,Tetairoa McMillan,WR,28,15,T3,115,0.0,
player_available,20.0,Tetairoa McMillan,WR,28,15,T3,126,0.0,
player_available,20.0,Tetairoa McMillan,WR,28,15,T3,139,0.0,
player_available,20.0,Tetairoa McMillan,WR,28,15,T3,150,0.0,
player_available,20.0,Tetairoa McMillan,WR,28,15,T3,163,0.0,
player_available,20.0,Tetairoa McMillan,WR,28,15,T3,174,0.0,
player_available,20.0,Zay Flowers,WR,29,16,T3,6,0.962,
player_available,20.0,Zay Flowers,WR,29,16,T3,19,0.7497,
player_available,20.0,Zay Flowers,WR,29,16,T3,30,0.5127,
player_available,20.0,Zay Flowers,WR,29,16,T3,43,0.2507,
player_available,20.0,Zay Flowers,WR,29,16,T3,54,0.1087,
player_available,20.0,Zay Flowers,WR,29,16,T3,67,0.0183,
player_available,20.0,Zay Flowers,WR,29,16,T3,78,0.001,
player_available,20.0,Zay Flowers,WR,29,16,T3,91,0.0,
player_available,20.0,Zay Flowers,WR,29,16,T3,102,0.0,
player_available,20.0,Zay Flowers,WR,29,16,T3,115,0.0,
player_available,20.0,Zay Flowers,WR,29,16,T3,126,0.0,
player_available,20.0,Zay Flowers,WR,29,16,T3,139,0.0,
player_available,20.0,Zay Flowers,WR,29,16,T3,150,0.0,
player_available,20.0,Zay Flowers,WR,29,16,T3,163,0.0,
player_available,20.0,Zay Flowers,WR,29,16,T3,174,0.0,
player_available,20.0,Kenneth Walker III,RB,30,11,T3,6,0.9763,
player_available,20.0,Kenneth Walker III,RB,30,11,T3,19,0.7727,
player_available,20.0,Kenneth Walker III,RB,30,11,T3,30,0.5433,
player_available,20.0,Kenneth Walker III,RB,30,11,T3,43,0.2683,
player_available,20.0,Kenneth Walker III,RB,30,11,T3,54,0.1153,
player_available,20.0,Kenneth Walker III,RB,30,11,T3,67,0.0187,
player_available,20.0,Kenneth Walker III,RB,30,11,T3,78,0.0007,
player_available,20.0,Kenneth Walker III,RB,30,11,T3,91,0.0,
player_available,20.0,Kenneth Walker III,RB,30,11,T3,102,0.0,
player_available,20.0,Kenneth Walker III,RB,30,11,T3,115,0.0,
player_available,20.0,Kenneth Walker III,RB,30,11,T3,126,0.0,
player_available,20.0,Kenneth Walker III,RB,30,11,T3,139,0.0,
player_available,20.0,Kenneth Walker III,RB,30,11,T3,150,0.0,
player_available,20.0,Kenneth Walker III,RB,30,11,T3,163,0.0,
player_available,20.0,Kenneth Walker III,RB,30,11,T3,174,0.0,
player_available,20.0,Tee Higgins,WR,31,17,T3,6,0.9697,
player_available,20.0,Tee Higgins,WR,31,17,T3,19,0.7797,
player_available,20.0,Tee Higgins,WR,31,17,T3,30,0.5637,
player_available,20.0,Tee Higgins,WR,31,17,T3,43,0.3113,
player_available,20.0,Tee Higgins,WR,31,17,T3,54,0.1447,
player_available,20.0,Tee Higgins,WR,31,17,T3,67,0.0227,
player_available,20.0,Tee Higgins,WR,31,17,T3,78,0.0013,
player_available,20.0,Tee Higgins,WR,31,17,T3,91,0.0,
player_available,20.0,Tee Higgins,WR,31,17,T3,102,0.0,
player_available,20.0,Tee Higgins,WR,31,17,T3,115,0.0,
player_available,20.0,Tee Higgins,WR,31,17,T3,126,0.0,
player_available,20.0,Tee Higgins,WR,31,17,T3,139,0.0,
player_available,20.0,Tee Higgins,WR,31,17,T3,150,0.0,
player_available,20.0,Tee Higgins,WR,31,17,T3,163,0.0,
player_available,20.0,Tee Higgins,WR,31,17,T3,174,0.0,
player_available,20.0,Lamar Jackson,QB,32,2,T1,6,0.968,
player_available,20.0,Lamar Jackson,QB,32,2,T1,19,0.795,
player_available,20.0,Lamar Jackson,QB,32,2,T1,30,0.5697,
player_available,20.0,Lamar Jackson,QB,32,2,T1,43,0.3053,
player_available,20.0,Lamar Jackson,QB,32,2,T1,54,0.139,
player_available,20.0,Lamar Jackson,QB,32,2,T1,67,0.023,
player_available,20.0,Lamar Jackson,QB,32,2,T1,78,0.0007,
player_available,20.0,Lamar Jackson,QB,32,2,T1,91,0.0003,
player_available,20.0,Lamar Jackson,QB,32,2,T1,102,0.0,
player_available,20.0,Lamar Jackson,QB,32,2,T1,115,0.0,
player_available,20.0,Lamar Jackson,QB,32,2,T1,126,0.0,
player_available,20.0,Lamar Jackson,QB,32,2,T1,139,0.0,
player_available,20.0,Lamar Jackson,QB,32,2,T1,150,0.0,
player_available,20.0,Lamar Jackson,QB,32,2,T1,163,0.0,
player_available,20.0,Lamar Jackson,QB,32,2,T1,174,0.0,
player_available,20.0,Drake Maye,QB,33,3,T2,6,0.9747,
player_available,20.0,Drake Maye,QB,33,3,T2,19,0.821,
player_available,20.0,Drake Maye,QB,33,3,T2,30,0.6017,
player_available,20.0,Drake Maye,QB,33,3,T2,43,0.3443,
player_available,20.0,Drake Maye,QB,33,3,T2,54,0.1667,
player_available,20.0,Drake Maye,QB,33,3,T2,67,0.0433,
player_available,20.0,Drake Maye,QB,33,3,T2,78,0.0023,
player_available,20.0,Drake Maye,QB,33,3,T2,91,0.0,
player_available,20.0,Drake Maye,QB,33,3,T2,102,0.0,
player_available,20.0,Drake Maye,QB,33,3,T2,115,0.0,
player_available,20.0,Drake Maye,QB,33,3,T2,126,0.0,
player_available,20.0,Drake Maye,QB,33,3,T2,139,0.0,
player_available,20.0,Drake Maye,QB,33,3,T2,150,0.0,
player_available,20.0,Drake Maye,QB,33,3,T2,163,0.0,
player_available,20.0,Drake Maye,QB,33,3,T2,174,0.0,
player_available,20.0,Ladd McConkey,WR,34,18,T3,6,0.9777,
player_available,20.0,Ladd McConkey,WR,34,18,T3,19,0.818,
player_available,20.0,Ladd McConkey,WR,34,18,T3,30,0.6127,
player_available,20.0,Ladd McConkey,WR,34,18,T3,43,0.342,
player_available,20.0,Ladd McConkey,WR,34,18,T3,54,0.1713,
player_available,20.0,Ladd McConkey,WR,34,18,T3,67,0.044,
player_available,20.0,Ladd McConkey,WR,34,18,T3,78,0.002,
player_available,20.0,Ladd McConkey,WR,34,18,T3,91,0.0003,
player_available,20.0,Ladd McConkey,WR,34,18,T3,102,0.0,
player_available,20.0,Ladd McConkey,WR,34,18,T3,115,0.0,
player_available,20.0,Ladd McConkey,WR,34,18,T3,126,0.0,
player_available,20.0,Ladd McConkey,WR,34,18,T3,139,0.0,
player_available,20.0,Ladd McConkey,WR,34,18,T3,150,0.0,
player_available,20.0,Ladd McConkey,WR,34,18,T3,163,0.0,
player_available,20.0,Ladd McConkey,WR,34,18,T3,174,0.0,
player_available,20.0,Jaylen Waddle,WR,35,19,T3,6,0.9777,
player_available,20.0,Jaylen Waddle,WR,35,19,T3,19,0.8383,
player_available,20.0,Jaylen Waddle,WR,35,19,T3,30,0.648,
player_available,20.0,Jaylen Waddle,WR,35,19,T3,43,0.3797,
player_available,20.0,Jaylen Waddle,WR,35,19,T3,54,0.2037,
player_available,20.0,Jaylen Waddle,WR,35,19,T3,67,0.0553,
player_available,20.0,Jaylen Waddle,WR,35,19,T3,78,0.0067,
player_available,20.0,Jaylen Waddle,WR,35,19,T3,91,0.0,
player_available,20.0,Jaylen Waddle,WR,35,19,T3,102,0.0,
player_available,20.0,Jaylen Waddle,WR,35,19,T3,115,0.0,
player_available,20.0,Jaylen Waddle,WR,35,19,T3,126,0.0,
player_available,20.0,Jaylen Waddle,WR,35,19,T3,139,0.0,
player_available,20.0,Jaylen Waddle,WR,35,19,T3,150,0.0,
player_available,20.0,Jaylen Waddle,WR,35,19,T3,163,0.0,
player_available,20.0,Jaylen Waddle,WR,35,19,T3,174,0.0,
player_available,20.0,Emeka Egbuka,WR,36,20,T3,6,0.981,
player_available,20.0,Emeka Egbuka,WR,36,20,T3,19,0.8403,
player_available,20.0,Emeka Egbuka,WR,36,20,T3,30,0.653,
player_available,20.0,Emeka Egbuka,WR,36,20,T3,43,0.3877,
player_available,20.0,Emeka Egbuka,WR,36,20,T3,54,0.196,
player_available,20.0,Emeka Egbuka,WR,36,20,T3,67,0.05,
player_available,20.0,Emeka Egbuka,WR,36,20,T3,78,0.0043,
player_available,20.0,Emeka Egbuka,WR,36,20,T3,91,0.0,
player_available,20.0,Emeka Egbuka,WR,36,20,T3,102,0.0,
player_available,20.0,Emeka Egbuka,WR,36,20,T3,115,0.0,
player_available,20.0,Emeka Egbuka,WR,36,20,T3,126,0.0,
player_available,20.0,Emeka Egbuka,WR,36,20,T3,139,0.0,
player_available,20.0,Emeka Egbuka,WR,36,20,T3,150,0.0,
player_available,20.0,Emeka Egbuka,WR,36,20,T3,163,0.0,
player_available,20.0,Emeka Egbuka,WR,36,20,T3,174,0.0,
player_available,20.0,Colston Loveland,TE,37,3,T2,6,0.9823,
player_available,20.0,Colston Loveland,TE,37,3,T2,19,0.8637,
player_available,20.0,Colston Loveland,TE,37,3,T2,30,0.672,
player_available,20.0,Colston Loveland,TE,37,3,T2,43,0.3907,
player_available,20.0,Colston Loveland,TE,37,3,T2,54,0.209,
player_available,20.0,Colston Loveland,TE,37,3,T2,67,0.0597,
player_available,20.0,Colston Loveland,TE,37,3,T2,78,0.0027,
player_available,20.0,Colston Loveland,TE,37,3,T2,91,0.0,
player_available,20.0,Colston Loveland,TE,37,3,T2,102,0.0,
player_available,20.0,Colston Loveland,TE,37,3,T2,115,0.0,
player_available,20.0,Colston Loveland,TE,37,3,T2,126,0.0,
player_available,20.0,Colston Loveland,TE,37,3,T2,139,0.0,
player_available,20.0,Colston Loveland,TE,37,3,T2,150,0.0,
player_available,20.0,Colston Loveland,TE,37,3,T2,163,0.0,
player_available,20.0,Colston Loveland,TE,37,3,T2,174,0.0,
player_available,20.0,Derrick Henry,RB,38,12,T3,6,0.9877,
player_available,20.0,Derrick Henry,RB,38,12,T3,19,0.882,
player_available,20.0,Derrick Henry,RB,38,12,T3,30,0.6947,
player_available,20.0,Derrick Henry,RB,38,12,T3,43,0.426,
player_available,20.0,Derrick Henry,RB,38,12,T3,54,0.214,
player_available,20.0,Derrick Henry,RB,38,12,T3,67,0.0577,
player_available,20.0,Derrick Henry,RB,38,12,T3,78,0.0063,
player_available,20.0,Derrick Henry,RB,38,12,T3,91,0.0,
player_available,20.0,Derrick Henry,RB,38,12,T3,102,0.0,
player_available,20.0,Derrick Henry,RB,38,12,T3,115,0.0,
player_available,20.0,Derrick Henry,RB,38,12,T3,126,0.0,
player_available,20.0,Derrick Henry,RB,38,12,T3,139,0.0,
player_available,20.0,Derrick Henry,RB,38,12,T3,150,0.0,
player_available,20.0,Derrick Henry,RB,38,12,T3,163,0.0,
player_available,20.0,Derrick Henry,RB,38,12,T3,174,0.0,
player_available,20.0,Malik Nabers,WR,39,21,T3,6,0.9867,
player_available,20.0,Malik Nabers,WR,39,21,T3,19,0.882,
player_available,20.0,Malik Nabers,WR,39,21,T3,30,0.7003,
player_available,20.0,Malik Nabers,WR,39,21,T3,43,0.443,
player_available,20.0,Malik Nabers,WR,39,21,T3,54,0.25,
player_available,20.0,Malik Nabers,WR,39,21,T3,67,0.086,
player_available,20.0,Malik Nabers,WR,39,21,T3,78,0.0103,
player_available,20.0,Malik Nabers,WR,39,21,T3,91,0.0,
player_available,20.0,Malik Nabers,WR,39,21,T3,102,0.0,
player_available,20.0,Malik Nabers,WR,39,21,T3,115,0.0,
player_available,20.0,Malik Nabers,WR,39,21,T3,126,0.0,
player_available,20.0,Malik Nabers,WR,39,21,T3,139,0.0,
player_available,20.0,Malik Nabers,WR,39,21,T3,150,0.0,
player_available,20.0,Malik Nabers,WR,39,21,T3,163,0.0,
player_available,20.0,Malik Nabers,WR,39,21,T3,174,0.0,
player_available,20.0,Breece Hall,RB,40,13,T3,6,0.9853,
player_available,20.0,Breece Hall,RB,40,13,T3,19,0.892,
player_available,20.0,Breece Hall,RB,40,13,T3,30,0.731,
player_available,20.0,Breece Hall,RB,40,13,T3,43,0.4633,
player_available,20.0,Breece Hall,RB,40,13,T3,54,0.242,
player_available,20.0,Breece Hall,RB,40,13,T3,67,0.0757,
player_available,20.0,Breece Hall,RB,40,13,T3,78,0.0113,
player_available,20.0,Breece Hall,RB,40,13,T3,91,0.0,
player_available,20.0,Breece Hall,RB,40,13,T3,102,0.0,
player_available,20.0,Breece Hall,RB,40,13,T3,115,0.0,
player_available,20.0,Breece Hall,RB,40,13,T3,126,0.0,
player_available,20.0,Breece Hall,RB,40,13,T3,139,0.0,
player_available,20.0,Breece Hall,RB,40,13,T3,150,0.0,
player_available,20.0,Breece Hall,RB,40,13,T3,163,0.0,
player_available,20.0,Breece Hall,RB,40,13,T3,174,0.0,
player_available,20.0,Kyren Williams,RB,41,14,T3,6,0.9907,
player_available,20.0,Kyren Williams,RB,41,14,T3,19,0.904,
player_available,20.0,Kyren Williams,RB,41,14,T3,30,0.75,
player_available,20.0,Kyren Williams,RB,41,14,T3,43,0.4803,
player_available,20.0,Kyren Williams,RB,41,14,T3,54,0.2587,
player_available,20.0,Kyren Williams,RB,41,14,T3,67,0.09,
player_available,20.0,Kyren Williams,RB,41,14,T3,78,0.013,
player_available,20.0,Kyren Williams,RB,41,14,T3,91,0.0003,
player_available,20.0,Kyren Williams,RB,41,14,T3,102,0.0,
player_available,20.0,Kyren Williams,RB,41,14,T3,115,0.0,
player_available,20.0,Kyren Williams,RB,41,14,T3,126,0.0,
player_available,20.0,Kyren Williams,RB,41,14,T3,139,0.0,
player_available,20.0,Kyren Williams,RB,41,14,T3,150,0.0,
player_available,20.0,Kyren Williams,RB,41,14,T3,163,0.0,
player_available,20.0,Kyren Williams,RB,41,14,T3,174,0.0,
player_available,20.0,Terry McLaurin,WR,42,22,T3,6,0.99,
player_available,20.0,Terry McLaurin,WR,42,22,T3,19,0.9073,
player_available,20.0,Terry McLaurin,WR,42,22,T3,30,0.7477,
player_available,20.0,Terry McLaurin,WR,42,22,T3,43,0.5107,
player_available,20.0,Terry McLaurin,WR,42,22,T3,54,0.3107,
player_available,20.0,Terry McLaurin,WR,42,22,T3,67,0.1317,
player_available,20.0,Terry McLaurin,WR,42,22,T3,78,0.034,
player_available,20.0,Terry McLaurin,WR,42,22,T3,91,0.0027,
player_available,20.0,Terry McLaurin,WR,42,22,T3,102,0.0,
player_available,20.0,Terry McLaurin,WR,42,22,T3,115,0.0,
player_available,20.0,Terry McLaurin,WR,42,22,T3,126,0.0,
player_available,20.0,Terry McLaurin,WR,42,22,T3,139,0.0,
player_available,20.0,Terry McLaurin,WR,42,22,T3,150,0.0,
player_available,20.0,Terry McLaurin,WR,42,22,T3,163,0.0,
player_available,20.0,Terry McLaurin,WR,42,22,T3,174,0.0,
player_available,20.0,Joe Burrow,QB,43,4,T2,6,0.9927,
player_available,20.0,Joe Burrow,QB,43,4,T2,19,0.9133,
player_available,20.0,Joe Burrow,QB,43,4,T2,30,0.769,
player_available,20.0,Joe Burrow,QB,43,4,T2,43,0.5133,
player_available,20.0,Joe Burrow,QB,43,4,T2,54,0.3057,
player_available,20.0,Joe Burrow,QB,43,4,T2,67,0.1253,
player_available,20.0,Joe Burrow,QB,43,4,T2,78,0.0303,
player_available,20.0,Joe Burrow,QB,43,4,T2,91,0.0023,
player_available,20.0,Joe Burrow,QB,43,4,T2,102,0.0,
player_available,20.0,Joe Burrow,QB,43,4,T2,115,0.0,
player_available,20.0,Joe Burrow,QB,43,4,T2,126,0.0,
player_available,20.0,Joe Burrow,QB,43,4,T2,139,0.0,
player_available,20.0,Joe Burrow,QB,43,4,T2,150,0.0,
player_available,20.0,Joe Burrow,QB,43,4,T2,163,0.0,
player_available,20.0,Joe Burrow,QB,43,4,T2,174,0.0,
player_available,20.0,Josh Jacobs,RB,44,15,T3,6,0.9933,
player_available,20.0,Josh Jacobs,RB,44,15,T3,19,0.924,
player_available,20.0,Josh Jacobs,RB,44,15,T3,30,0.7873,
player_available,20.0,Josh Jacobs,RB,44,15,T3,43,0.5337,
player_available,20.0,Josh Jacobs,RB,44,15,T3,54,0.3073,
player_available,20.0,Josh Jacobs,RB,44,15,T3,67,0.1167,
player_available,20.0,Josh Jacobs,RB,44,15,T3,78,0.0163,
player_available,20.0,Josh Jacobs,RB,44,15,T3,91,0.0007,
player_available,20.0,Josh Jacobs,RB,44,15,T3,102,0.0,
player_available,20.0,Josh Jacobs,RB,44,15,T3,115,0.0,
player_available,20.0,Josh Jacobs,RB,44,15,T3,126,0.0,
player_available,20.0,Josh Jacobs,RB,44,15,T3,139,0.0,
player_available,20.0,Josh Jacobs,RB,44,15,T3,150,0.0,
player_available,20.0,Josh Jacobs,RB,44,15,T3,163,0.0,
player_available,20.0,Josh Jacobs,RB,44,15,T3,174,0.0,
player_available,20.0,Luther Burden III,WR,45,23,T3,6,0.993,
player_available,20.0,Luther Burden III,WR,45,23,T3,19,0.9317,
player_available,20.0,Luther Burden III,WR,45,23,T3,30,0.8027,
player_available,20.0,Luther Burden III,WR,45,23,T3,43,0.5727,
player_available,20.0,Luther Burden III,WR,45,23,T3,54,0.3587,
player_available,20.0,Luther Burden III,WR,45,23,T3,67,0.161,
player_available,20.0,Luther Burden III,WR,45,23,T3,78,0.0507,
player_available,20.0,Luther Burden III,WR,45,23,T3,91,0.0023,
player_available,20.0,Luther Burden III,WR,45,23,T3,102,0.0,
player_available,20.0,Luther Burden III,WR,45,23,T3,115,0.0,
player_available,20.0,Luther Burden III,WR,45,23,T3,126,0.0,
player_available,20.0,Luther Burden III,WR,45,23,T3,139,0.0,
player_available,20.0,Luther Burden III,WR,45,23,T3,150,0.0,
player_available,20.0,Luther Burden III,WR,45,23,T3,163,0.0,
player_available,20.0,Luther Burden III,WR,45,23,T3,174,0.0,
player_available,20.0,Javonte Williams,RB,46,16,T3,6,0.9957,
player_available,20.0,Javonte Williams,RB,46,16,T3,19,0.933,
player_available,20.0,Javonte Williams,RB,46,16,T3,30,0.8183,
player_available,20.0,Javonte Williams,RB,46,16,T3,43,0.588,
player_available,20.0,Javonte Williams,RB,46,16,T3,54,0.352,
player_available,20.0,Javonte Williams,RB,46,16,T3,67,0.1343,
player_available,20.0,Javonte Williams,RB,46,16,T3,78,0.0333,
player_available,20.0,Javonte Williams,RB,46,16,T3,91,0.0017,
player_available,20.0,Javonte Williams,RB,46,16,T3,102,0.0,
player_available,20.0,Javonte Williams,RB,46,16,T3,115,0.0,
player_available,20.0,Javonte Williams,RB,46,16,T3,126,0.0,
player_available,20.0,Javonte Williams,RB,46,16,T3,139,0.0,
player_available,20.0,Javonte Williams,RB,46,16,T3,150,0.0,
player_available,20.0,Javonte Williams,RB,46,16,T3,163,0.0,
player_available,20.0,Javonte Williams,RB,46,16,T3,174,0.0,
player_available,20.0,Travis Etienne Jr.,RB,47,17,T3,6,0.996,
player_available,20.0,Travis Etienne Jr.,RB,47,17,T3,19,0.946,
player_available,20.0,Travis Etienne Jr.,RB,47,17,T3,30,0.8263,
player_available,20.0,Travis Etienne Jr.,RB,47,17,T3,43,0.592,
player_available,20.0,Travis Etienne Jr.,RB,47,17,T3,54,0.3703,
player_available,20.0,Travis Etienne Jr.,RB,47,17,T3,67,0.15,
player_available,20.0,Travis Etienne Jr.,RB,47,17,T3,78,0.035,
player_available,20.0,Travis Etienne Jr.,RB,47,17,T3,91,0.0017,
player_available,20.0,Travis Etienne Jr.,RB,47,17,T3,102,0.0,
player_available,20.0,Travis Etienne Jr.,RB,47,17,T3,115,0.0,
player_available,20.0,Travis Etienne Jr.,RB,47,17,T3,126,0.0,
player_available,20.0,Travis Etienne Jr.,RB,47,17,T3,139,0.0,
player_available,20.0,Travis Etienne Jr.,RB,47,17,T3,150,0.0,
player_available,20.0,Travis Etienne Jr.,RB,47,17,T3,163,0.0,
player_available,20.0,Travis Etienne Jr.,RB,47,17,T3,174,0.0,
player_available,20.0,Davante Adams,WR,48,24,T3,6,0.9957,
player_available,20.0,Davante Adams,WR,48,24,T3,19,0.9423,
player_available,20.0,Davante Adams,WR,48,24,T3,30,0.83,
player_available,20.0,Davante Adams,WR,48,24,T3,43,0.6177,
player_available,20.0,Davante Adams,WR,48,24,T3,54,0.3967,
player_available,20.0,Davante Adams,WR,48,24,T3,67,0.1877,
player_available,20.0,Davante Adams,WR,48,24,T3,78,0.0743,
player_available,20.0,Davante Adams,WR,48,24,T3,91,0.0093,
player_available,20.0,Davante Adams,WR,48,24,T3,102,0.0,
player_available,20.0,Davante Adams,WR,48,24,T3,115,0.0,
player_available,20.0,Davante Adams,WR,48,24,T3,126,0.0,
player_available,20.0,Davante Adams,WR,48,24,T3,139,0.0,
player_available,20.0,Davante Adams,WR,48,24,T3,150,0.0,
player_available,20.0,Davante Adams,WR,48,24,T3,163,0.0,
player_available,20.0,Davante Adams,WR,48,24,T3,174,0.0,
player_available,20.0,Mike Evans,WR,49,25,T4,6,0.9973,
player_available,20.0,Mike Evans,WR,49,25,T4,19,0.9587,
player_available,20.0,Mike Evans,WR,49,25,T4,30,0.862,
player_available,20.0,Mike Evans,WR,49,25,T4,43,0.6463,
player_available,20.0,Mike Evans,WR,49,25,T4,54,0.4457,
player_available,20.0,Mike Evans,WR,49,25,T4,67,0.2367,
player_available,20.0,Mike Evans,WR,49,25,T4,78,0.096,
player_available,20.0,Mike Evans,WR,49,25,T4,91,0.012,
player_available,20.0,Mike Evans,WR,49,25,T4,102,0.0,
player_available,20.0,Mike Evans,WR,49,25,T4,115,0.0,
player_available,20.0,Mike Evans,WR,49,25,T4,126,0.0,
player_available,20.0,Mike Evans,WR,49,25,T4,139,0.0,
player_available,20.0,Mike Evans,WR,49,25,T4,150,0.0,
player_available,20.0,Mike Evans,WR,49,25,T4,163,0.0,
player_available,20.0,Mike Evans,WR,49,25,T4,174,0.0,
player_available,20.0,DJ Moore,WR,50,26,T4,6,0.9963,
player_available,20.0,DJ Moore,WR,50,26,T4,19,0.9583,
player_available,20.0,DJ Moore,WR,50,26,T4,30,0.8687,
player_available,20.0,DJ Moore,WR,50,26,T4,43,0.6503,
player_available,20.0,DJ Moore,WR,50,26,T4,54,0.45,
player_available,20.0,DJ Moore,WR,50,26,T4,67,0.224,
player_available,20.0,DJ Moore,WR,50,26,T4,78,0.098,
player_available,20.0,DJ Moore,WR,50,26,T4,91,0.0173,
player_available,20.0,DJ Moore,WR,50,26,T4,102,0.001,
player_available,20.0,DJ Moore,WR,50,26,T4,115,0.0,
player_available,20.0,DJ Moore,WR,50,26,T4,126,0.0,
player_available,20.0,DJ Moore,WR,50,26,T4,139,0.0,
player_available,20.0,DJ Moore,WR,50,26,T4,150,0.0,
player_available,20.0,DJ Moore,WR,50,26,T4,163,0.0,
player_available,20.0,DJ Moore,WR,50,26,T4,174,0.0,
player_available,20.0,Jameson Williams,WR,51,27,T4,6,0.9983,
player_available,20.0,Jameson Williams,WR,51,27,T4,19,0.9593,
player_available,20.0,Jameson Williams,WR,51,27,T4,30,0.8667,
player_available,20.0,Jameson Williams,WR,51,27,T4,43,0.6707,
player_available,20.0,Jameson Williams,WR,51,27,T4,54,0.4853,
player_available,20.0,Jameson Williams,WR,51,27,T4,67,0.2587,
player_available,20.0,Jameson Williams,WR,51,27,T4,78,0.1177,
player_available,20.0,Jameson Williams,WR,51,27,T4,91,0.02,
player_available,20.0,Jameson Williams,WR,51,27,T4,102,0.001,
player_available,20.0,Jameson Williams,WR,51,27,T4,115,0.0,
player_available,20.0,Jameson Williams,WR,51,27,T4,126,0.0,
player_available,20.0,Jameson Williams,WR,51,27,T4,139,0.0,
player_available,20.0,Jameson Williams,WR,51,27,T4,150,0.0,
player_available,20.0,Jameson Williams,WR,51,27,T4,163,0.0,
player_available,20.0,Jameson Williams,WR,51,27,T4,174,0.0,
player_available,20.0,Tyler Warren,TE,52,4,T2,6,0.999,
player_available,20.0,Tyler Warren,TE,52,4,T2,19,0.9627,
player_available,20.0,Tyler Warren,TE,52,4,T2,30,0.8777,
player_available,20.0,Tyler Warren,TE,52,4,T2,43,0.68,
player_available,20.0,Tyler Warren,TE,52,4,T2,54,0.462,
player_available,20.0,Tyler Warren,TE,52,4,T2,67,0.203,
player_available,20.0,Tyler Warren,TE,52,4,T2,78,0.0663,
player_available,20.0,Tyler Warren,TE,52,4,T2,91,0.0023,
player_available,20.0,Tyler Warren,TE,52,4,T2,102,0.0,
player_available,20.0,Tyler Warren,TE,52,4,T2,115,0.0,
player_available,20.0,Tyler Warren,TE,52,4,T2,126,0.0,
player_available,20.0,Tyler Warren,TE,52,4,T2,139,0.0,
player_available,20.0,Tyler Warren,TE,52,4,T2,150,0.0,
player_available,20.0,Tyler Warren,TE,52,4,T2,163,0.0,
player_available,20.0,Tyler Warren,TE,52,4,T2,174,0.0,
player_available,20.0,Cam Skattebo,RB,53,18,T3,6,0.9997,
player_available,20.0,Cam Skattebo,RB,53,18,T3,19,0.9687,
player_available,20.0,Cam Skattebo,RB,53,18,T3,30,0.894,
player_available,20.0,Cam Skattebo,RB,53,18,T3,43,0.7163,
player_available,20.0,Cam Skattebo,RB,53,18,T3,54,0.4983,
player_available,20.0,Cam Skattebo,RB,53,18,T3,67,0.234,
player_available,20.0,Cam Skattebo,RB,53,18,T3,78,0.084,
player_available,20.0,Cam Skattebo,RB,53,18,T3,91,0.009,
player_available,20.0,Cam Skattebo,RB,53,18,T3,102,0.0,
player_available,20.0,Cam Skattebo,RB,53,18,T3,115,0.0,
player_available,20.0,Cam Skattebo,RB,53,18,T3,126,0.0,
player_available,20.0,Cam Skattebo,RB,53,18,T3,139,0.0,
player_available,20.0,Cam Skattebo,RB,53,18,T3,150,0.0,
player_available,20.0,Cam Skattebo,RB,53,18,T3,163,0.0,
player_available,20.0,Cam Skattebo,RB,53,18,T3,174,0.0,
player_available,20.0,Jayden Daniels,QB,54,5,T2,6,0.998,
player_available,20.0,Jayden Daniels,QB,54,5,T2,19,0.9727,
player_available,20.0,Jayden Daniels,QB,54,5,T2,30,0.8987,
player_available,20.0,Jayden Daniels,QB,54,5,T2,43,0.7313,
player_available,20.0,Jayden Daniels,QB,54,5,T2,54,0.5263,
player_available,20.0,Jayden Daniels,QB,54,5,T2,67,0.2843,
player_available,20.0,Jayden Daniels,QB,54,5,T2,78,0.144,
player_available,20.0,Jayden Daniels,QB,54,5,T2,91,0.034,
player_available,20.0,Jayden Daniels,QB,54,5,T2,102,0.0013,
player_available,20.0,Jayden Daniels,QB,54,5,T2,115,0.0,
player_available,20.0,Jayden Daniels,QB,54,5,T2,126,0.0,
player_available,20.0,Jayden Daniels,QB,54,5,T2,139,0.0,
player_available,20.0,Jayden Daniels,QB,54,5,T2,150,0.0,
player_available,20.0,Jayden Daniels,QB,54,5,T2,163,0.0,
player_available,20.0,Jayden Daniels,QB,54,5,T2,174,0.0,
player_available,20.0,Jalen Hurts,QB,55,6,T2,6,0.9997,
player_available,20.0,Jalen Hurts,QB,55,6,T2,19,0.9733,
player_available,20.0,Jalen Hurts,QB,55,6,T2,30,0.8947,
player_available,20.0,Jalen Hurts,QB,55,6,T2,43,0.73,
player_available,20.0,Jalen Hurts,QB,55,6,T2,54,0.526,
player_available,20.0,Jalen Hurts,QB,55,6,T2,67,0.293,
player_available,20.0,Jalen Hurts,QB,55,6,T2,78,0.154,
player_available,20.0,Jalen Hurts,QB,55,6,T2,91,0.0397,
player_available,20.0,Jalen Hurts,QB,55,6,T2,102,0.0027,
player_available,20.0,Jalen Hurts,QB,55,6,T2,115,0.0,
player_available,20.0,Jalen Hurts,QB,55,6,T2,126,0.0,
player_available,20.0,Jalen Hurts,QB,55,6,T2,139,0.0,
player_available,20.0,Jalen Hurts,QB,55,6,T2,150,0.0,
player_available,20.0,Jalen Hurts,QB,55,6,T2,163,0.0,
player_available,20.0,Jalen Hurts,QB,55,6,T2,174,0.0,
player_available,20.0,Bucky Irving,RB,56,19,T3,6,0.9997,
player_available,20.0,Bucky Irving,RB,56,19,T3,19,0.9803,
player_available,20.0,Bucky Irving,RB,56,19,T3,30,0.9277,
player_available,20.0,Bucky Irving,RB,56,19,T3,43,0.7507,
player_available,20.0,Bucky Irving,RB,56,19,T3,54,0.5397,
player_available,20.0,Bucky Irving,RB,56,19,T3,67,0.269,
player_available,20.0,Bucky Irving,RB,56,19,T3,78,0.1067,
player_available,20.0,Bucky Irving,RB,56,19,T3,91,0.0173,
player_available,20.0,Bucky Irving,RB,56,19,T3,102,0.0023,
player_available,20.0,Bucky Irving,RB,56,19,T3,115,0.0,
player_available,20.0,Bucky Irving,RB,56,19,T3,126,0.0,
player_available,20.0,Bucky Irving,RB,56,19,T3,139,0.0,
player_available,20.0,Bucky Irving,RB,56,19,T3,150,0.0,
player_available,20.0,Bucky Irving,RB,56,19,T3,163,0.0,
player_available,20.0,Bucky Irving,RB,56,19,T3,174,0.0,
player_available,20.0,Christian Watson,WR,57,28,T4,6,0.999,
player_available,20.0,Christian Watson,WR,57,28,T4,19,0.9813,
player_available,20.0,Christian Watson,WR,57,28,T4,30,0.9217,
player_available,20.0,Christian Watson,WR,57,28,T4,43,0.7667,
player_available,20.0,Christian Watson,WR,57,28,T4,54,0.584,
player_available,20.0,Christian Watson,WR,57,28,T4,67,0.3337,
player_available,20.0,Christian Watson,WR,57,28,T4,78,0.1957,
player_available,20.0,Christian Watson,WR,57,28,T4,91,0.065,
player_available,20.0,Christian Watson,WR,57,28,T4,102,0.004,
player_available,20.0,Christian Watson,WR,57,28,T4,115,0.0,
player_available,20.0,Christian Watson,WR,57,28,T4,126,0.0,
player_available,20.0,Christian Watson,WR,57,28,T4,139,0.0,
player_available,20.0,Christian Watson,WR,57,28,T4,150,0.0,
player_available,20.0,Christian Watson,WR,57,28,T4,163,0.0,
player_available,20.0,Christian Watson,WR,57,28,T4,174,0.0,
player_available,20.0,Rome Odunze,WR,58,29,T4,6,0.9997,
player_available,20.0,Rome Odunze,WR,58,29,T4,19,0.9847,
player_available,20.0,Rome Odunze,WR,58,29,T4,30,0.9323,
player_available,20.0,Rome Odunze,WR,58,29,T4,43,0.792,
player_available,20.0,Rome Odunze,WR,58,29,T4,54,0.602,
player_available,20.0,Rome Odunze,WR,58,29,T4,67,0.355,
player_available,20.0,Rome Odunze,WR,58,29,T4,78,0.208,
player_available,20.0,Rome Odunze,WR,58,29,T4,91,0.0797,
player_available,20.0,Rome Odunze,WR,58,29,T4,102,0.0077,
player_available,20.0,Rome Odunze,WR,58,29,T4,115,0.0,
player_available,20.0,Rome Odunze,WR,58,29,T4,126,0.0,
player_available,20.0,Rome Odunze,WR,58,29,T4,139,0.0,
player_available,20.0,Rome Odunze,WR,58,29,T4,150,0.0,
player_available,20.0,Rome Odunze,WR,58,29,T4,163,0.0,
player_available,20.0,Rome Odunze,WR,58,29,T4,174,0.0,
player_available,20.0,Quinshon Judkins,RB,59,20,T3,6,0.9993,
player_available,20.0,Quinshon Judkins,RB,59,20,T3,19,0.9837,
player_available,20.0,Quinshon Judkins,RB,59,20,T3,30,0.9393,
player_available,20.0,Quinshon Judkins,RB,59,20,T3,43,0.8003,
player_available,20.0,Quinshon Judkins,RB,59,20,T3,54,0.612,
player_available,20.0,Quinshon Judkins,RB,59,20,T3,67,0.3407,
player_available,20.0,Quinshon Judkins,RB,59,20,T3,78,0.1333,
player_available,20.0,Quinshon Judkins,RB,59,20,T3,91,0.0237,
player_available,20.0,Quinshon Judkins,RB,59,20,T3,102,0.0027,
player_available,20.0,Quinshon Judkins,RB,59,20,T3,115,0.0,
player_available,20.0,Quinshon Judkins,RB,59,20,T3,126,0.0,
player_available,20.0,Quinshon Judkins,RB,59,20,T3,139,0.0,
player_available,20.0,Quinshon Judkins,RB,59,20,T3,150,0.0,
player_available,20.0,Quinshon Judkins,RB,59,20,T3,163,0.0,
player_available,20.0,Quinshon Judkins,RB,59,20,T3,174,0.0,
player_available,20.0,TreVeyon Henderson,RB,60,21,T4,6,0.9993,
player_available,20.0,TreVeyon Henderson,RB,60,21,T4,19,0.9877,
player_available,20.0,TreVeyon Henderson,RB,60,21,T4,30,0.9433,
player_available,20.0,TreVeyon Henderson,RB,60,21,T4,43,0.8233,
player_available,20.0,TreVeyon Henderson,RB,60,21,T4,54,0.6327,
player_available,20.0,TreVeyon Henderson,RB,60,21,T4,67,0.3663,
player_available,20.0,TreVeyon Henderson,RB,60,21,T4,78,0.1633,
player_available,20.0,TreVeyon Henderson,RB,60,21,T4,91,0.038,
player_available,20.0,TreVeyon Henderson,RB,60,21,T4,102,0.0017,
player_available,20.0,TreVeyon Henderson,RB,60,21,T4,115,0.0,
player_available,20.0,TreVeyon Henderson,RB,60,21,T4,126,0.0,
player_available,20.0,TreVeyon Henderson,RB,60,21,T4,139,0.0,
player_available,20.0,TreVeyon Henderson,RB,60,21,T4,150,0.0,
player_available,20.0,TreVeyon Henderson,RB,60,21,T4,163,0.0,
player_available,20.0,TreVeyon Henderson,RB,60,21,T4,174,0.0,
player_available,20.0,D'Andre Swift,RB,61,22,T4,6,0.9997,
player_available,20.0,D'Andre Swift,RB,61,22,T4,19,0.988,
player_available,20.0,D'Andre Swift,RB,61,22,T4,30,0.9447,
player_available,20.0,D'Andre Swift,RB,61,22,T4,43,0.8303,
player_available,20.0,D'Andre Swift,RB,61,22,T4,54,0.649,
player_available,20.0,D'Andre Swift,RB,61,22,T4,67,0.3727,
player_available,20.0,D'Andre Swift,RB,61,22,T4,78,0.1593,
player_available,20.0,D'Andre Swift,RB,61,22,T4,91,0.0367,
player_available,20.0,D'Andre Swift,RB,61,22,T4,102,0.004,
player_available,20.0,D'Andre Swift,RB,61,22,T4,115,0.0007,
player_available,20.0,D'Andre Swift,RB,61,22,T4,126,0.0,
player_available,20.0,D'Andre Swift,RB,61,22,T4,139,0.0,
player_available,20.0,D'Andre Swift,RB,61,22,T4,150,0.0,
player_available,20.0,D'Andre Swift,RB,61,22,T4,163,0.0,
player_available,20.0,D'Andre Swift,RB,61,22,T4,174,0.0,
player_available,20.0,David Montgomery,RB,62,23,T4,6,0.9997,
player_available,20.0,David Montgomery,RB,62,23,T4,19,0.991,
player_available,20.0,David Montgomery,RB,62,23,T4,30,0.9583,
player_available,20.0,David Montgomery,RB,62,23,T4,43,0.8497,
player_available,20.0,David Montgomery,RB,62,23,T4,54,0.6807,
player_available,20.0,David Montgomery,RB,62,23,T4,67,0.3963,
player_available,20.0,David Montgomery,RB,62,23,T4,78,0.182,
player_available,20.0,David Montgomery,RB,62,23,T4,91,0.0483,
player_available,20.0,David Montgomery,RB,62,23,T4,102,0.0067,
player_available,20.0,David Montgomery,RB,62,23,T4,115,0.0,
player_available,20.0,David Montgomery,RB,62,23,T4,126,0.0,
player_available,20.0,David Montgomery,RB,62,23,T4,139,0.0,
player_available,20.0,David Montgomery,RB,62,23,T4,150,0.0,
player_available,20.0,David Montgomery,RB,62,23,T4,163,0.0,
player_available,20.0,David Montgomery,RB,62,23,T4,174,0.0,
player_available,20.0,Marvin Harrison Jr.,WR,63,30,T4,6,0.999,
player_available,20.0,Marvin Harrison Jr.,WR,63,30,T4,19,0.989,
player_available,20.0,Marvin Harrison Jr.,WR,63,30,T4,30,0.9617,
player_available,20.0,Marvin Harrison Jr.,WR,63,30,T4,43,0.87,
player_available,20.0,Marvin Harrison Jr.,WR,63,30,T4,54,0.7047,
player_available,20.0,Marvin Harrison Jr.,WR,63,30,T4,67,0.4593,
player_available,20.0,Marvin Harrison Jr.,WR,63,30,T4,78,0.293,
player_available,20.0,Marvin Harrison Jr.,WR,63,30,T4,91,0.141,
player_available,20.0,Marvin Harrison Jr.,WR,63,30,T4,102,0.0203,
player_available,20.0,Marvin Harrison Jr.,WR,63,30,T4,115,0.0007,
player_available,20.0,Marvin Harrison Jr.,WR,63,30,T4,126,0.0,
player_available,20.0,Marvin Harrison Jr.,WR,63,30,T4,139,0.0,
player_available,20.0,Marvin Harrison Jr.,WR,63,30,T4,150,0.0,
player_available,20.0,Marvin Harrison Jr.,WR,63,30,T4,163,0.0,
player_available,20.0,Marvin Harrison Jr.,WR,63,30,T4,174,0.0,
player_available,20.0,Caleb Williams,QB,64,7,T3,6,1.0,
player_available,20.0,Caleb Williams,QB,64,7,T3,19,0.991,
player_available,20.0,Caleb Williams,QB,64,7,T3,30,0.9667,
player_available,20.0,Caleb Williams,QB,64,7,T3,43,0.8727,
player_available,20.0,Caleb Williams,QB,64,7,T3,54,0.6997,
player_available,20.0,Caleb Williams,QB,64,7,T3,67,0.4567,
player_available,20.0,Caleb Williams,QB,64,7,T3,78,0.2873,
player_available,20.0,Caleb Williams,QB,64,7,T3,91,0.1433,
player_available,20.0,Caleb Williams,QB,64,7,T3,102,0.0263,
player_available,20.0,Caleb Williams,QB,64,7,T3,115,0.0007,
player_available,20.0,Caleb Williams,QB,64,7,T3,126,0.0,
player_available,20.0,Caleb Williams,QB,64,7,T3,139,0.0,
player_available,20.0,Caleb Williams,QB,64,7,T3,150,0.0,
player_available,20.0,Caleb Williams,QB,64,7,T3,163,0.0,
player_available,20.0,Caleb Williams,QB,64,7,T3,174,0.0,
player_available,20.0,Justin Herbert,QB,65,8,T3,6,1.0,
player_available,20.0,Justin Herbert,QB,65,8,T3,19,0.9947,
player_available,20.0,Justin Herbert,QB,65,8,T3,30,0.966,
player_available,20.0,Justin Herbert,QB,65,8,T3,43,0.876,
player_available,20.0,Justin Herbert,QB,65,8,T3,54,0.7327,
player_available,20.0,Justin Herbert,QB,65,8,T3,67,0.4913,
player_available,20.0,Justin Herbert,QB,65,8,T3,78,0.2927,
player_available,20.0,Justin Herbert,QB,65,8,T3,91,0.148,
player_available,20.0,Justin Herbert,QB,65,8,T3,102,0.0327,
player_available,20.0,Justin Herbert,QB,65,8,T3,115,0.0017,
player_available,20.0,Justin Herbert,QB,65,8,T3,126,0.0,
player_available,20.0,Justin Herbert,QB,65,8,T3,139,0.0,
player_available,20.0,Justin Herbert,QB,65,8,T3,150,0.0,
player_available,20.0,Justin Herbert,QB,65,8,T3,163,0.0,
player_available,20.0,Justin Herbert,QB,65,8,T3,174,0.0,
player_available,20.0,Bhayshul Tuten,RB,66,24,T4,6,0.999,
player_available,20.0,Bhayshul Tuten,RB,66,24,T4,19,0.9917,
player_available,20.0,Bhayshul Tuten,RB,66,24,T4,30,0.9687,
player_available,20.0,Bhayshul Tuten,RB,66,24,T4,43,0.876,
player_available,20.0,Bhayshul Tuten,RB,66,24,T4,54,0.7367,
player_available,20.0,Bhayshul Tuten,RB,66,24,T4,67,0.482,
player_available,20.0,Bhayshul Tuten,RB,66,24,T4,78,0.243,
player_available,20.0,Bhayshul Tuten,RB,66,24,T4,91,0.0803,
player_available,20.0,Bhayshul Tuten,RB,66,24,T4,102,0.016,
player_available,20.0,Bhayshul Tuten,RB,66,24,T4,115,0.0,
player_available,20.0,Bhayshul Tuten,RB,66,24,T4,126,0.0,
player_available,20.0,Bhayshul Tuten,RB,66,24,T4,139,0.0,
player_available,20.0,Bhayshul Tuten,RB,66,24,T4,150,0.0,
player_available,20.0,Bhayshul Tuten,RB,66,24,T4,163,0.0,
player_available,20.0,Bhayshul Tuten,RB,66,24,T4,174,0.0,
player_available,20.0,Tucker Kraft,TE,67,5,T2,6,0.9997,
player_available,20.0,Tucker Kraft,TE,67,5,T2,19,0.9923,
player_available,20.0,Tucker Kraft,TE,67,5,T2,30,0.973,
player_available,20.0,Tucker Kraft,TE,67,5,T2,43,0.897,
player_available,20.0,Tucker Kraft,TE,67,5,T2,54,0.747,
player_available,20.0,Tucker Kraft,TE,67,5,T2,67,0.481,
player_available,20.0,Tucker Kraft,TE,67,5,T2,78,0.239,
player_available,20.0,Tucker Kraft,TE,67,5,T2,91,0.036,
player_available,20.0,Tucker Kraft,TE,67,5,T2,102,0.0037,
player_available,20.0,Tucker Kraft,TE,67,5,T2,115,0.0,
player_available,20.0,Tucker Kraft,TE,67,5,T2,126,0.0,
player_available,20.0,Tucker Kraft,TE,67,5,T2,139,0.0,
player_available,20.0,Tucker Kraft,TE,67,5,T2,150,0.0,
player_available,20.0,Tucker Kraft,TE,67,5,T2,163,0.0,
player_available,20.0,Tucker Kraft,TE,67,5,T2,174,0.0,
player_available,20.0,Jaylen Warren,RB,68,25,T4,6,0.9997,
player_available,20.0,Jaylen Warren,RB,68,25,T4,19,0.995,
player_available,20.0,Jaylen Warren,RB,68,25,T4,30,0.9763,
player_available,20.0,Jaylen Warren,RB,68,25,T4,43,0.897,
player_available,20.0,Jaylen Warren,RB,68,25,T4,54,0.7657,
player_available,20.0,Jaylen Warren,RB,68,25,T4,67,0.5137,
player_available,20.0,Jaylen Warren,RB,68,25,T4,78,0.2607,
player_available,20.0,Jaylen Warren,RB,68,25,T4,91,0.0903,
player_available,20.0,Jaylen Warren,RB,68,25,T4,102,0.0193,
player_available,20.0,Jaylen Warren,RB,68,25,T4,115,0.0013,
player_available,20.0,Jaylen Warren,RB,68,25,T4,126,0.0,
player_available,20.0,Jaylen Warren,RB,68,25,T4,139,0.0,
player_available,20.0,Jaylen Warren,RB,68,25,T4,150,0.0,
player_available,20.0,Jaylen Warren,RB,68,25,T4,163,0.0,
player_available,20.0,Jaylen Warren,RB,68,25,T4,174,0.0,
player_available,20.0,Harold Fannin Jr.,TE,69,6,T3,6,1.0,
player_available,20.0,Harold Fannin Jr.,TE,69,6,T3,19,0.9957,
player_available,20.0,Harold Fannin Jr.,TE,69,6,T3,30,0.9813,
player_available,20.0,Harold Fannin Jr.,TE,69,6,T3,43,0.9103,
player_available,20.0,Harold Fannin Jr.,TE,69,6,T3,54,0.776,
player_available,20.0,Harold Fannin Jr.,TE,69,6,T3,67,0.512,
player_available,20.0,Harold Fannin Jr.,TE,69,6,T3,78,0.266,
player_available,20.0,Harold Fannin Jr.,TE,69,6,T3,91,0.0463,
player_available,20.0,Harold Fannin Jr.,TE,69,6,T3,102,0.0057,
player_available,20.0,Harold Fannin Jr.,TE,69,6,T3,115,0.0,
player_available,20.0,Harold Fannin Jr.,TE,69,6,T3,126,0.0,
player_available,20.0,Harold Fannin Jr.,TE,69,6,T3,139,0.0,
player_available,20.0,Harold Fannin Jr.,TE,69,6,T3,150,0.0,
player_available,20.0,Harold Fannin Jr.,TE,69,6,T3,163,0.0,
player_available,20.0,Harold Fannin Jr.,TE,69,6,T3,174,0.0,
player_available,20.0,DK Metcalf,WR,70,31,T4,6,1.0,
player_available,20.0,DK Metcalf,WR,70,31,T4,19,0.9963,
player_available,20.0,DK Metcalf,WR,70,31,T4,30,0.9823,
player_available,20.0,DK Metcalf,WR,70,31,T4,43,0.9203,
player_available,20.0,DK Metcalf,WR,70,31,T4,54,0.8087,
player_available,20.0,DK Metcalf,WR,70,31,T4,67,0.607,
player_available,20.0,DK Metcalf,WR,70,31,T4,78,0.4323,
player_available,20.0,DK Metcalf,WR,70,31,T4,91,0.2687,
player_available,20.0,DK Metcalf,WR,70,31,T4,102,0.0933,
player_available,20.0,DK Metcalf,WR,70,31,T4,115,0.0047,
player_available,20.0,DK Metcalf,WR,70,31,T4,126,0.0,
player_available,20.0,DK Metcalf,WR,70,31,T4,139,0.0,
player_available,20.0,DK Metcalf,WR,70,31,T4,150,0.0,
player_available,20.0,DK Metcalf,WR,70,31,T4,163,0.0,
player_available,20.0,DK Metcalf,WR,70,31,T4,174,0.0,
player_available,20.0,Alec Pierce,WR,71,32,T4,6,0.9997,
player_available,20.0,Alec Pierce,WR,71,32,T4,19,0.996,
player_available,20.0,Alec Pierce,WR,71,32,T4,30,0.9807,
player_available,20.0,Alec Pierce,WR,71,32,T4,43,0.921,
player_available,20.0,Alec Pierce,WR,71,32,T4,54,0.824,
player_available,20.0,Alec Pierce,WR,71,32,T4,67,0.6237,
player_available,20.0,Alec Pierce,WR,71,32,T4,78,0.4483,
player_available,20.0,Alec Pierce,WR,71,32,T4,91,0.2723,
player_available,20.0,Alec Pierce,WR,71,32,T4,102,0.0947,
player_available,20.0,Alec Pierce,WR,71,32,T4,115,0.0043,
player_available,20.0,Alec Pierce,WR,71,32,T4,126,0.0,
player_available,20.0,Alec Pierce,WR,71,32,T4,139,0.0,
player_available,20.0,Alec Pierce,WR,71,32,T4,150,0.0,
player_available,20.0,Alec Pierce,WR,71,32,T4,163,0.0,
player_available,20.0,Alec Pierce,WR,71,32,T4,174,0.0,
player_available,20.0,Courtland Sutton,WR,72,33,T4,6,1.0,
player_available,20.0,Courtland Sutton,WR,72,33,T4,19,0.998,
player_available,20.0,Courtland Sutton,WR,72,33,T4,30,0.9873,
player_available,20.0,Courtland Sutton,WR,72,33,T4,43,0.9337,
player_available,20.0,Courtland Sutton,WR,72,33,T4,54,0.8317,
player_available,20.0,Courtland Sutton,WR,72,33,T4,67,0.6457,
player_available,20.0,Courtland Sutton,WR,72,33,T4,78,0.466,
player_available,20.0,Courtland Sutton,WR,72,33,T4,91,0.3007,
player_available,20.0,Courtland Sutton,WR,72,33,T4,102,0.1313,
player_available,20.0,Courtland Sutton,WR,72,33,T4,115,0.012,
player_available,20.0,Courtland Sutton,WR,72,33,T4,126,0.0,
player_available,20.0,Courtland Sutton,WR,72,33,T4,139,0.0,
player_available,20.0,Courtland Sutton,WR,72,33,T4,150,0.0,
player_available,20.0,Courtland Sutton,WR,72,33,T4,163,0.0,
player_available,20.0,Courtland Sutton,WR,72,33,T4,174,0.0,
player_available,20.0,Trevor Lawrence,QB,73,9,T3,6,1.0,
player_available,20.0,Trevor Lawrence,QB,73,9,T3,19,0.9977,
player_available,20.0,Trevor Lawrence,QB,73,9,T3,30,0.9863,
player_available,20.0,Trevor Lawrence,QB,73,9,T3,43,0.9413,
player_available,20.0,Trevor Lawrence,QB,73,9,T3,54,0.8427,
player_available,20.0,Trevor Lawrence,QB,73,9,T3,67,0.6483,
player_available,20.0,Trevor Lawrence,QB,73,9,T3,78,0.464,
player_available,20.0,Trevor Lawrence,QB,73,9,T3,91,0.2733,
player_available,20.0,Trevor Lawrence,QB,73,9,T3,102,0.127,
player_available,20.0,Trevor Lawrence,QB,73,9,T3,115,0.014,
player_available,20.0,Trevor Lawrence,QB,73,9,T3,126,0.0,
player_available,20.0,Trevor Lawrence,QB,73,9,T3,139,0.0,
player_available,20.0,Trevor Lawrence,QB,73,9,T3,150,0.0,
player_available,20.0,Trevor Lawrence,QB,73,9,T3,163,0.0,
player_available,20.0,Trevor Lawrence,QB,73,9,T3,174,0.0,
player_available,20.0,Brian Thomas Jr.,WR,74,34,T4,6,1.0,
player_available,20.0,Brian Thomas Jr.,WR,74,34,T4,19,0.999,
player_available,20.0,Brian Thomas Jr.,WR,74,34,T4,30,0.988,
player_available,20.0,Brian Thomas Jr.,WR,74,34,T4,43,0.9507,
player_available,20.0,Brian Thomas Jr.,WR,74,34,T4,54,0.863,
player_available,20.0,Brian Thomas Jr.,WR,74,34,T4,67,0.6843,
player_available,20.0,Brian Thomas Jr.,WR,74,34,T4,78,0.516,
player_available,20.0,Brian Thomas Jr.,WR,74,34,T4,91,0.3317,
player_available,20.0,Brian Thomas Jr.,WR,74,34,T4,102,0.1517,
player_available,20.0,Brian Thomas Jr.,WR,74,34,T4,115,0.0227,
player_available,20.0,Brian Thomas Jr.,WR,74,34,T4,126,0.0,
player_available,20.0,Brian Thomas Jr.,WR,74,34,T4,139,0.0,
player_available,20.0,Brian Thomas Jr.,WR,74,34,T4,150,0.0,
player_available,20.0,Brian Thomas Jr.,WR,74,34,T4,163,0.0,
player_available,20.0,Brian Thomas Jr.,WR,74,34,T4,174,0.0,
player_available,20.0,Dak Prescott,QB,75,10,T3,6,1.0,
player_available,20.0,Dak Prescott,QB,75,10,T3,19,0.999,
player_available,20.0,Dak Prescott,QB,75,10,T3,30,0.9883,
player_available,20.0,Dak Prescott,QB,75,10,T3,43,0.9557,
player_available,20.0,Dak Prescott,QB,75,10,T3,54,0.8797,
player_available,20.0,Dak Prescott,QB,75,10,T3,67,0.6963,
player_available,20.0,Dak Prescott,QB,75,10,T3,78,0.5053,
player_available,20.0,Dak Prescott,QB,75,10,T3,91,0.3127,
player_available,20.0,Dak Prescott,QB,75,10,T3,102,0.156,
player_available,20.0,Dak Prescott,QB,75,10,T3,115,0.0193,
player_available,20.0,Dak Prescott,QB,75,10,T3,126,0.0,
player_available,20.0,Dak Prescott,QB,75,10,T3,139,0.0,
player_available,20.0,Dak Prescott,QB,75,10,T3,150,0.0,
player_available,20.0,Dak Prescott,QB,75,10,T3,163,0.0,
player_available,20.0,Dak Prescott,QB,75,10,T3,174,0.0,
player_available,20.0,Kyle Pitts Sr.,TE,76,7,T3,6,1.0,
player_available,20.0,Kyle Pitts Sr.,TE,76,7,T3,19,1.0,
player_available,20.0,Kyle Pitts Sr.,TE,76,7,T3,30,0.9913,
player_available,20.0,Kyle Pitts Sr.,TE,76,7,T3,43,0.9563,
player_available,20.0,Kyle Pitts Sr.,TE,76,7,T3,54,0.866,
player_available,20.0,Kyle Pitts Sr.,TE,76,7,T3,67,0.65,
player_available,20.0,Kyle Pitts Sr.,TE,76,7,T3,78,0.393,
player_available,20.0,Kyle Pitts Sr.,TE,76,7,T3,91,0.0893,
player_available,20.0,Kyle Pitts Sr.,TE,76,7,T3,102,0.015,
player_available,20.0,Kyle Pitts Sr.,TE,76,7,T3,115,0.003,
player_available,20.0,Kyle Pitts Sr.,TE,76,7,T3,126,0.0,
player_available,20.0,Kyle Pitts Sr.,TE,76,7,T3,139,0.0,
player_available,20.0,Kyle Pitts Sr.,TE,76,7,T3,150,0.0,
player_available,20.0,Kyle Pitts Sr.,TE,76,7,T3,163,0.0,
player_available,20.0,Kyle Pitts Sr.,TE,76,7,T3,174,0.0,
player_available,20.0,Chris Godwin Jr.,WR,77,35,T4,6,1.0,
player_available,20.0,Chris Godwin Jr.,WR,77,35,T4,19,0.9983,
player_available,20.0,Chris Godwin Jr.,WR,77,35,T4,30,0.9943,
player_available,20.0,Chris Godwin Jr.,WR,77,35,T4,43,0.959,
player_available,20.0,Chris Godwin Jr.,WR,77,35,T4,54,0.8883,
player_available,20.0,Chris Godwin Jr.,WR,77,35,T4,67,0.731,
player_available,20.0,Chris Godwin Jr.,WR,77,35,T4,78,0.5623,
player_available,20.0,Chris Godwin Jr.,WR,77,35,T4,91,0.3847,
player_available,20.0,Chris Godwin Jr.,WR,77,35,T4,102,0.2117,
player_available,20.0,Chris Godwin Jr.,WR,77,35,T4,115,0.0393,
player_available,20.0,Chris Godwin Jr.,WR,77,35,T4,126,0.001,
player_available,20.0,Chris Godwin Jr.,WR,77,35,T4,139,0.0,
player_available,20.0,Chris Godwin Jr.,WR,77,35,T4,150,0.0,
player_available,20.0,Chris Godwin Jr.,WR,77,35,T4,163,0.0,
player_available,20.0,Chris Godwin Jr.,WR,77,35,T4,174,0.0,
player_available,20.0,Tony Pollard,RB,78,26,T4,6,1.0,
player_available,20.0,Tony Pollard,RB,78,26,T4,19,1.0,
player_available,20.0,Tony Pollard,RB,78,26,T4,30,0.9947,
player_available,20.0,Tony Pollard,RB,78,26,T4,43,0.967,
player_available,20.0,Tony Pollard,RB,78,26,T4,54,0.8923,
player_available,20.0,Tony Pollard,RB,78,26,T4,67,0.715,
player_available,20.0,Tony Pollard,RB,78,26,T4,78,0.4693,
player_available,20.0,Tony Pollard,RB,78,26,T4,91,0.2037,
player_available,20.0,Tony Pollard,RB,78,26,T4,102,0.1053,
player_available,20.0,Tony Pollard,RB,78,26,T4,115,0.0347,
player_available,20.0,Tony Pollard,RB,78,26,T4,126,0.002,
player_available,20.0,Tony Pollard,RB,78,26,T4,139,0.0,
player_available,20.0,Tony Pollard,RB,78,26,T4,150,0.0,
player_available,20.0,Tony Pollard,RB,78,26,T4,163,0.0,
player_available,20.0,Tony Pollard,RB,78,26,T4,174,0.0,
player_available,20.0,Rhamondre Stevenson,RB,79,27,T4,6,1.0,
player_available,20.0,Rhamondre Stevenson,RB,79,27,T4,19,0.9997,
player_available,20.0,Rhamondre Stevenson,RB,79,27,T4,30,0.9943,
player_available,20.0,Rhamondre Stevenson,RB,79,27,T4,43,0.9703,
player_available,20.0,Rhamondre Stevenson,RB,79,27,T4,54,0.9077,
player_available,20.0,Rhamondre Stevenson,RB,79,27,T4,67,0.739,
player_available,20.0,Rhamondre Stevenson,RB,79,27,T4,78,0.4927,
player_available,20.0,Rhamondre Stevenson,RB,79,27,T4,91,0.212,
player_available,20.0,Rhamondre Stevenson,RB,79,27,T4,102,0.1057,
player_available,20.0,Rhamondre Stevenson,RB,79,27,T4,115,0.0387,
player_available,20.0,Rhamondre Stevenson,RB,79,27,T4,126,0.001,
player_available,20.0,Rhamondre Stevenson,RB,79,27,T4,139,0.0,
player_available,20.0,Rhamondre Stevenson,RB,79,27,T4,150,0.0,
player_available,20.0,Rhamondre Stevenson,RB,79,27,T4,163,0.0,
player_available,20.0,Rhamondre Stevenson,RB,79,27,T4,174,0.0,
player_available,20.0,Chuba Hubbard,RB,80,28,T4,6,1.0,
player_available,20.0,Chuba Hubbard,RB,80,28,T4,19,0.9993,
player_available,20.0,Chuba Hubbard,RB,80,28,T4,30,0.9937,
player_available,20.0,Chuba Hubbard,RB,80,28,T4,43,0.9693,
player_available,20.0,Chuba Hubbard,RB,80,28,T4,54,0.9117,
player_available,20.0,Chuba Hubbard,RB,80,28,T4,67,0.737,
player_available,20.0,Chuba Hubbard,RB,80,28,T4,78,0.4987,
player_available,20.0,Chuba Hubbard,RB,80,28,T4,91,0.2333,
player_available,20.0,Chuba Hubbard,RB,80,28,T4,102,0.1147,
player_available,20.0,Chuba Hubbard,RB,80,28,T4,115,0.0413,
player_available,20.0,Chuba Hubbard,RB,80,28,T4,126,0.0017,
player_available,20.0,Chuba Hubbard,RB,80,28,T4,139,0.0,
player_available,20.0,Chuba Hubbard,RB,80,28,T4,150,0.0,
player_available,20.0,Chuba Hubbard,RB,80,28,T4,163,0.0,
player_available,20.0,Chuba Hubbard,RB,80,28,T4,174,0.0,
tier_available,20.0,,QB,,,T1,6,0.9973,P(>=1 of QB T1 on board)
tier_available,20.0,,QB,,,T1,19,0.9393,P(>=1 of QB T1 on board)
tier_available,20.0,,QB,,,T1,30,0.7613,P(>=1 of QB T1 on board)
tier_available,20.0,,QB,,,T1,43,0.4467,P(>=1 of QB T1 on board)
tier_available,20.0,,QB,,,T1,54,0.1983,P(>=1 of QB T1 on board)
tier_available,20.0,,QB,,,T1,67,0.028,P(>=1 of QB T1 on board)
tier_available,20.0,,QB,,,T1,78,0.001,P(>=1 of QB T1 on board)
tier_available,20.0,,QB,,,T1,91,0.0003,P(>=1 of QB T1 on board)
tier_available,20.0,,QB,,,T1,102,0.0,P(>=1 of QB T1 on board)
tier_available,20.0,,QB,,,T1,115,0.0,P(>=1 of QB T1 on board)
tier_available,20.0,,QB,,,T1,126,0.0,P(>=1 of QB T1 on board)
tier_available,20.0,,QB,,,T1,139,0.0,P(>=1 of QB T1 on board)
tier_available,20.0,,QB,,,T1,150,0.0,P(>=1 of QB T1 on board)
tier_available,20.0,,QB,,,T1,163,0.0,P(>=1 of QB T1 on board)
tier_available,20.0,,QB,,,T1,174,0.0,P(>=1 of QB T1 on board)
tier_available,20.0,,QB,,,T2,6,1.0,P(>=1 of QB T2 on board)
tier_available,20.0,,QB,,,T2,19,1.0,P(>=1 of QB T2 on board)
tier_available,20.0,,QB,,,T2,30,1.0,P(>=1 of QB T2 on board)
tier_available,20.0,,QB,,,T2,43,0.9817,P(>=1 of QB T2 on board)
tier_available,20.0,,QB,,,T2,54,0.8867,P(>=1 of QB T2 on board)
tier_available,20.0,,QB,,,T2,67,0.5917,P(>=1 of QB T2 on board)
tier_available,20.0,,QB,,,T2,78,0.3017,P(>=1 of QB T2 on board)
tier_available,20.0,,QB,,,T2,91,0.0737,P(>=1 of QB T2 on board)
tier_available,20.0,,QB,,,T2,102,0.004,P(>=1 of QB T2 on board)
tier_available,20.0,,QB,,,T2,115,0.0,P(>=1 of QB T2 on board)
tier_available,20.0,,QB,,,T2,126,0.0,P(>=1 of QB T2 on board)
tier_available,20.0,,QB,,,T2,139,0.0,P(>=1 of QB T2 on board)
tier_available,20.0,,QB,,,T2,150,0.0,P(>=1 of QB T2 on board)
tier_available,20.0,,QB,,,T2,163,0.0,P(>=1 of QB T2 on board)
tier_available,20.0,,QB,,,T2,174,0.0,P(>=1 of QB T2 on board)
tier_available,20.0,,QB,,,T3,6,1.0,P(>=1 of QB T3 on board)
tier_available,20.0,,QB,,,T3,19,1.0,P(>=1 of QB T3 on board)
tier_available,20.0,,QB,,,T3,30,1.0,P(>=1 of QB T3 on board)
tier_available,20.0,,QB,,,T3,43,1.0,P(>=1 of QB T3 on board)
tier_available,20.0,,QB,,,T3,54,1.0,P(>=1 of QB T3 on board)
tier_available,20.0,,QB,,,T3,67,1.0,P(>=1 of QB T3 on board)
tier_available,20.0,,QB,,,T3,78,0.997,P(>=1 of QB T3 on board)
tier_available,20.0,,QB,,,T3,91,0.9657,P(>=1 of QB T3 on board)
tier_available,20.0,,QB,,,T3,102,0.76,P(>=1 of QB T3 on board)
tier_available,20.0,,QB,,,T3,115,0.303,P(>=1 of QB T3 on board)
tier_available,20.0,,QB,,,T3,126,0.0603,P(>=1 of QB T3 on board)
tier_available,20.0,,QB,,,T3,139,0.002,P(>=1 of QB T3 on board)
tier_available,20.0,,QB,,,T3,150,0.0003,P(>=1 of QB T3 on board)
tier_available,20.0,,QB,,,T3,163,0.0,P(>=1 of QB T3 on board)
tier_available,20.0,,QB,,,T3,174,0.0,P(>=1 of QB T3 on board)
tier_available,20.0,,QB,,,T4,6,1.0,P(>=1 of QB T4 on board)
tier_available,20.0,,QB,,,T4,19,1.0,P(>=1 of QB T4 on board)
tier_available,20.0,,QB,,,T4,30,1.0,P(>=1 of QB T4 on board)
tier_available,20.0,,QB,,,T4,43,1.0,P(>=1 of QB T4 on board)
tier_available,20.0,,QB,,,T4,54,1.0,P(>=1 of QB T4 on board)
tier_available,20.0,,QB,,,T4,67,1.0,P(>=1 of QB T4 on board)
tier_available,20.0,,QB,,,T4,78,1.0,P(>=1 of QB T4 on board)
tier_available,20.0,,QB,,,T4,91,1.0,P(>=1 of QB T4 on board)
tier_available,20.0,,QB,,,T4,102,1.0,P(>=1 of QB T4 on board)
tier_available,20.0,,QB,,,T4,115,0.9977,P(>=1 of QB T4 on board)
tier_available,20.0,,QB,,,T4,126,0.926,P(>=1 of QB T4 on board)
tier_available,20.0,,QB,,,T4,139,0.497,P(>=1 of QB T4 on board)
tier_available,20.0,,QB,,,T4,150,0.161,P(>=1 of QB T4 on board)
tier_available,20.0,,QB,,,T4,163,0.0,P(>=1 of QB T4 on board)
tier_available,20.0,,QB,,,T4,174,0.0,P(>=1 of QB T4 on board)
tier_available,20.0,,RB,,,T1,6,0.9987,P(>=1 of RB T1 on board)
tier_available,20.0,,RB,,,T1,19,0.784,P(>=1 of RB T1 on board)
tier_available,20.0,,RB,,,T1,30,0.3063,P(>=1 of RB T1 on board)
tier_available,20.0,,RB,,,T1,43,0.0347,P(>=1 of RB T1 on board)
tier_available,20.0,,RB,,,T1,54,0.0,P(>=1 of RB T1 on board)
tier_available,20.0,,RB,,,T1,67,0.0,P(>=1 of RB T1 on board)
tier_available,20.0,,RB,,,T1,78,0.0,P(>=1 of RB T1 on board)
tier_available,20.0,,RB,,,T1,91,0.0,P(>=1 of RB T1 on board)
tier_available,20.0,,RB,,,T1,102,0.0,P(>=1 of RB T1 on board)
tier_available,20.0,,RB,,,T1,115,0.0,P(>=1 of RB T1 on board)
tier_available,20.0,,RB,,,T1,126,0.0,P(>=1 of RB T1 on board)
tier_available,20.0,,RB,,,T1,139,0.0,P(>=1 of RB T1 on board)
tier_available,20.0,,RB,,,T1,150,0.0,P(>=1 of RB T1 on board)
tier_available,20.0,,RB,,,T1,163,0.0,P(>=1 of RB T1 on board)
tier_available,20.0,,RB,,,T1,174,0.0,P(>=1 of RB T1 on board)
tier_available,20.0,,RB,,,T2,6,1.0,P(>=1 of RB T2 on board)
tier_available,20.0,,RB,,,T2,19,0.9977,P(>=1 of RB T2 on board)
tier_available,20.0,,RB,,,T2,30,0.932,P(>=1 of RB T2 on board)
tier_available,20.0,,RB,,,T2,43,0.557,P(>=1 of RB T2 on board)
tier_available,20.0,,RB,,,T2,54,0.1483,P(>=1 of RB T2 on board)
tier_available,20.0,,RB,,,T2,67,0.0083,P(>=1 of RB T2 on board)
tier_available,20.0,,RB,,,T2,78,0.0,P(>=1 of RB T2 on board)
tier_available,20.0,,RB,,,T2,91,0.0,P(>=1 of RB T2 on board)
tier_available,20.0,,RB,,,T2,102,0.0,P(>=1 of RB T2 on board)
tier_available,20.0,,RB,,,T2,115,0.0,P(>=1 of RB T2 on board)
tier_available,20.0,,RB,,,T2,126,0.0,P(>=1 of RB T2 on board)
tier_available,20.0,,RB,,,T2,139,0.0,P(>=1 of RB T2 on board)
tier_available,20.0,,RB,,,T2,150,0.0,P(>=1 of RB T2 on board)
tier_available,20.0,,RB,,,T2,163,0.0,P(>=1 of RB T2 on board)
tier_available,20.0,,RB,,,T2,174,0.0,P(>=1 of RB T2 on board)
tier_available,20.0,,RB,,,T3,6,1.0,P(>=1 of RB T3 on board)
tier_available,20.0,,RB,,,T3,19,1.0,P(>=1 of RB T3 on board)
tier_available,20.0,,RB,,,T3,30,1.0,P(>=1 of RB T3 on board)
tier_available,20.0,,RB,,,T3,43,1.0,P(>=1 of RB T3 on board)
tier_available,20.0,,RB,,,T3,54,0.9927,P(>=1 of RB T3 on board)
tier_available,20.0,,RB,,,T3,67,0.8243,P(>=1 of RB T3 on board)
tier_available,20.0,,RB,,,T3,78,0.3693,P(>=1 of RB T3 on board)
tier_available,20.0,,RB,,,T3,91,0.053,P(>=1 of RB T3 on board)
tier_available,20.0,,RB,,,T3,102,0.005,P(>=1 of RB T3 on board)
tier_available,20.0,,RB,,,T3,115,0.0,P(>=1 of RB T3 on board)
tier_available,20.0,,RB,,,T3,126,0.0,P(>=1 of RB T3 on board)
tier_available,20.0,,RB,,,T3,139,0.0,P(>=1 of RB T3 on board)
tier_available,20.0,,RB,,,T3,150,0.0,P(>=1 of RB T3 on board)
tier_available,20.0,,RB,,,T3,163,0.0,P(>=1 of RB T3 on board)
tier_available,20.0,,RB,,,T3,174,0.0,P(>=1 of RB T3 on board)
tier_available,20.0,,RB,,,T4,6,1.0,P(>=1 of RB T4 on board)
tier_available,20.0,,RB,,,T4,19,1.0,P(>=1 of RB T4 on board)
tier_available,20.0,,RB,,,T4,30,1.0,P(>=1 of RB T4 on board)
tier_available,20.0,,RB,,,T4,43,1.0,P(>=1 of RB T4 on board)
tier_available,20.0,,RB,,,T4,54,1.0,P(>=1 of RB T4 on board)
tier_available,20.0,,RB,,,T4,67,1.0,P(>=1 of RB T4 on board)
tier_available,20.0,,RB,,,T4,78,1.0,P(>=1 of RB T4 on board)
tier_available,20.0,,RB,,,T4,91,1.0,P(>=1 of RB T4 on board)
tier_available,20.0,,RB,,,T4,102,0.9957,P(>=1 of RB T4 on board)
tier_available,20.0,,RB,,,T4,115,0.943,P(>=1 of RB T4 on board)
tier_available,20.0,,RB,,,T4,126,0.6553,P(>=1 of RB T4 on board)
tier_available,20.0,,RB,,,T4,139,0.1573,P(>=1 of RB T4 on board)
tier_available,20.0,,RB,,,T4,150,0.0487,P(>=1 of RB T4 on board)
tier_available,20.0,,RB,,,T4,163,0.0,P(>=1 of RB T4 on board)
tier_available,20.0,,RB,,,T4,174,0.0,P(>=1 of RB T4 on board)
tier_available,20.0,,WR,,,T1,6,1.0,P(>=1 of WR T1 on board)
tier_available,20.0,,WR,,,T1,19,0.7737,P(>=1 of WR T1 on board)
tier_available,20.0,,WR,,,T1,30,0.239,P(>=1 of WR T1 on board)
tier_available,20.0,,WR,,,T1,43,0.0133,P(>=1 of WR T1 on board)
tier_available,20.0,,WR,,,T1,54,0.0,P(>=1 of WR T1 on board)
tier_available,20.0,,WR,,,T1,67,0.0,P(>=1 of WR T1 on board)
tier_available,20.0,,WR,,,T1,78,0.0,P(>=1 of WR T1 on board)
tier_available,20.0,,WR,,,T1,91,0.0,P(>=1 of WR T1 on board)
tier_available,20.0,,WR,,,T1,102,0.0,P(>=1 of WR T1 on board)
tier_available,20.0,,WR,,,T1,115,0.0,P(>=1 of WR T1 on board)
tier_available,20.0,,WR,,,T1,126,0.0,P(>=1 of WR T1 on board)
tier_available,20.0,,WR,,,T1,139,0.0,P(>=1 of WR T1 on board)
tier_available,20.0,,WR,,,T1,150,0.0,P(>=1 of WR T1 on board)
tier_available,20.0,,WR,,,T1,163,0.0,P(>=1 of WR T1 on board)
tier_available,20.0,,WR,,,T1,174,0.0,P(>=1 of WR T1 on board)
tier_available,20.0,,WR,,,T2,6,1.0,P(>=1 of WR T2 on board)
tier_available,20.0,,WR,,,T2,19,0.9967,P(>=1 of WR T2 on board)
tier_available,20.0,,WR,,,T2,30,0.89,P(>=1 of WR T2 on board)
tier_available,20.0,,WR,,,T2,43,0.449,P(>=1 of WR T2 on board)
tier_available,20.0,,WR,,,T2,54,0.079,P(>=1 of WR T2 on board)
tier_available,20.0,,WR,,,T2,67,0.0017,P(>=1 of WR T2 on board)
tier_available,20.0,,WR,,,T2,78,0.0,P(>=1 of WR T2 on board)
tier_available,20.0,,WR,,,T2,91,0.0,P(>=1 of WR T2 on board)
tier_available,20.0,,WR,,,T2,102,0.0,P(>=1 of WR T2 on board)
tier_available,20.0,,WR,,,T2,115,0.0,P(>=1 of WR T2 on board)
tier_available,20.0,,WR,,,T2,126,0.0,P(>=1 of WR T2 on board)
tier_available,20.0,,WR,,,T2,139,0.0,P(>=1 of WR T2 on board)
tier_available,20.0,,WR,,,T2,150,0.0,P(>=1 of WR T2 on board)
tier_available,20.0,,WR,,,T2,163,0.0,P(>=1 of WR T2 on board)
tier_available,20.0,,WR,,,T2,174,0.0,P(>=1 of WR T2 on board)
tier_available,20.0,,WR,,,T3,6,1.0,P(>=1 of WR T3 on board)
tier_available,20.0,,WR,,,T3,19,1.0,P(>=1 of WR T3 on board)
tier_available,20.0,,WR,,,T3,30,1.0,P(>=1 of WR T3 on board)
tier_available,20.0,,WR,,,T3,43,0.9993,P(>=1 of WR T3 on board)
tier_available,20.0,,WR,,,T3,54,0.952,P(>=1 of WR T3 on board)
tier_available,20.0,,WR,,,T3,67,0.5757,P(>=1 of WR T3 on board)
tier_available,20.0,,WR,,,T3,78,0.1667,P(>=1 of WR T3 on board)
tier_available,20.0,,WR,,,T3,91,0.0143,P(>=1 of WR T3 on board)
tier_available,20.0,,WR,,,T3,102,0.0,P(>=1 of WR T3 on board)
tier_available,20.0,,WR,,,T3,115,0.0,P(>=1 of WR T3 on board)
tier_available,20.0,,WR,,,T3,126,0.0,P(>=1 of WR T3 on board)
tier_available,20.0,,WR,,,T3,139,0.0,P(>=1 of WR T3 on board)
tier_available,20.0,,WR,,,T3,150,0.0,P(>=1 of WR T3 on board)
tier_available,20.0,,WR,,,T3,163,0.0,P(>=1 of WR T3 on board)
tier_available,20.0,,WR,,,T3,174,0.0,P(>=1 of WR T3 on board)
tier_available,20.0,,WR,,,T4,6,1.0,P(>=1 of WR T4 on board)
tier_available,20.0,,WR,,,T4,19,1.0,P(>=1 of WR T4 on board)
tier_available,20.0,,WR,,,T4,30,1.0,P(>=1 of WR T4 on board)
tier_available,20.0,,WR,,,T4,43,1.0,P(>=1 of WR T4 on board)
tier_available,20.0,,WR,,,T4,54,1.0,P(>=1 of WR T4 on board)
tier_available,20.0,,WR,,,T4,67,1.0,P(>=1 of WR T4 on board)
tier_available,20.0,,WR,,,T4,78,1.0,P(>=1 of WR T4 on board)
tier_available,20.0,,WR,,,T4,91,1.0,P(>=1 of WR T4 on board)
tier_available,20.0,,WR,,,T4,102,1.0,P(>=1 of WR T4 on board)
tier_available,20.0,,WR,,,T4,115,0.964,P(>=1 of WR T4 on board)
tier_available,20.0,,WR,,,T4,126,0.7023,P(>=1 of WR T4 on board)
tier_available,20.0,,WR,,,T4,139,0.3197,P(>=1 of WR T4 on board)
tier_available,20.0,,WR,,,T4,150,0.0597,P(>=1 of WR T4 on board)
tier_available,20.0,,WR,,,T4,163,0.0,P(>=1 of WR T4 on board)
tier_available,20.0,,WR,,,T4,174,0.0,P(>=1 of WR T4 on board)
tier_available,20.0,,TE,,,T1,6,0.989,P(>=1 of TE T1 on board)
tier_available,20.0,,TE,,,T1,19,0.802,P(>=1 of TE T1 on board)
tier_available,20.0,,TE,,,T1,30,0.5137,P(>=1 of TE T1 on board)
tier_available,20.0,,TE,,,T1,43,0.2067,P(>=1 of TE T1 on board)
tier_available,20.0,,TE,,,T1,54,0.0417,P(>=1 of TE T1 on board)
tier_available,20.0,,TE,,,T1,67,0.0007,P(>=1 of TE T1 on board)
tier_available,20.0,,TE,,,T1,78,0.0,P(>=1 of TE T1 on board)
tier_available,20.0,,TE,,,T1,91,0.0,P(>=1 of TE T1 on board)
tier_available,20.0,,TE,,,T1,102,0.0,P(>=1 of TE T1 on board)
tier_available,20.0,,TE,,,T1,115,0.0,P(>=1 of TE T1 on board)
tier_available,20.0,,TE,,,T1,126,0.0,P(>=1 of TE T1 on board)
tier_available,20.0,,TE,,,T1,139,0.0,P(>=1 of TE T1 on board)
tier_available,20.0,,TE,,,T1,150,0.0,P(>=1 of TE T1 on board)
tier_available,20.0,,TE,,,T1,163,0.0,P(>=1 of TE T1 on board)
tier_available,20.0,,TE,,,T1,174,0.0,P(>=1 of TE T1 on board)
tier_available,20.0,,TE,,,T2,6,1.0,P(>=1 of TE T2 on board)
tier_available,20.0,,TE,,,T2,19,1.0,P(>=1 of TE T2 on board)
tier_available,20.0,,TE,,,T2,30,0.9993,P(>=1 of TE T2 on board)
tier_available,20.0,,TE,,,T2,43,0.978,P(>=1 of TE T2 on board)
tier_available,20.0,,TE,,,T2,54,0.8903,P(>=1 of TE T2 on board)
tier_available,20.0,,TE,,,T2,67,0.616,P(>=1 of TE T2 on board)
tier_available,20.0,,TE,,,T2,78,0.2937,P(>=1 of TE T2 on board)
tier_available,20.0,,TE,,,T2,91,0.0383,P(>=1 of TE T2 on board)
tier_available,20.0,,TE,,,T2,102,0.0037,P(>=1 of TE T2 on board)
tier_available,20.0,,TE,,,T2,115,0.0,P(>=1 of TE T2 on board)
tier_available,20.0,,TE,,,T2,126,0.0,P(>=1 of TE T2 on board)
tier_available,20.0,,TE,,,T2,139,0.0,P(>=1 of TE T2 on board)
tier_available,20.0,,TE,,,T2,150,0.0,P(>=1 of TE T2 on board)
tier_available,20.0,,TE,,,T2,163,0.0,P(>=1 of TE T2 on board)
tier_available,20.0,,TE,,,T2,174,0.0,P(>=1 of TE T2 on board)
tier_available,20.0,,TE,,,T3,6,1.0,P(>=1 of TE T3 on board)
tier_available,20.0,,TE,,,T3,19,1.0,P(>=1 of TE T3 on board)
tier_available,20.0,,TE,,,T3,30,1.0,P(>=1 of TE T3 on board)
tier_available,20.0,,TE,,,T3,43,1.0,P(>=1 of TE T3 on board)
tier_available,20.0,,TE,,,T3,54,1.0,P(>=1 of TE T3 on board)
tier_available,20.0,,TE,,,T3,67,1.0,P(>=1 of TE T3 on board)
tier_available,20.0,,TE,,,T3,78,0.9947,P(>=1 of TE T3 on board)
tier_available,20.0,,TE,,,T3,91,0.7377,P(>=1 of TE T3 on board)
tier_available,20.0,,TE,,,T3,102,0.318,P(>=1 of TE T3 on board)
tier_available,20.0,,TE,,,T3,115,0.0757,P(>=1 of TE T3 on board)
tier_available,20.0,,TE,,,T3,126,0.0113,P(>=1 of TE T3 on board)
tier_available,20.0,,TE,,,T3,139,0.0003,P(>=1 of TE T3 on board)
tier_available,20.0,,TE,,,T3,150,0.0,P(>=1 of TE T3 on board)
tier_available,20.0,,TE,,,T3,163,0.0,P(>=1 of TE T3 on board)
tier_available,20.0,,TE,,,T3,174,0.0,P(>=1 of TE T3 on board)
tier_available,20.0,,TE,,,T4,6,1.0,P(>=1 of TE T4 on board)
tier_available,20.0,,TE,,,T4,19,1.0,P(>=1 of TE T4 on board)
tier_available,20.0,,TE,,,T4,30,1.0,P(>=1 of TE T4 on board)
tier_available,20.0,,TE,,,T4,43,1.0,P(>=1 of TE T4 on board)
tier_available,20.0,,TE,,,T4,54,1.0,P(>=1 of TE T4 on board)
tier_available,20.0,,TE,,,T4,67,1.0,P(>=1 of TE T4 on board)
tier_available,20.0,,TE,,,T4,78,1.0,P(>=1 of TE T4 on board)
tier_available,20.0,,TE,,,T4,91,1.0,P(>=1 of TE T4 on board)
tier_available,20.0,,TE,,,T4,102,1.0,P(>=1 of TE T4 on board)
tier_available,20.0,,TE,,,T4,115,0.9877,P(>=1 of TE T4 on board)
tier_available,20.0,,TE,,,T4,126,0.823,P(>=1 of TE T4 on board)
tier_available,20.0,,TE,,,T4,139,0.3563,P(>=1 of TE T4 on board)
tier_available,20.0,,TE,,,T4,150,0.0377,P(>=1 of TE T4 on board)
tier_available,20.0,,TE,,,T4,163,0.0,P(>=1 of TE T4 on board)
tier_available,20.0,,TE,,,T4,174,0.0,P(>=1 of TE T4 on board)
best_available_dist,20.0,,QB,,,,6,1.0,p10 of best-available QB positional rank
best_available_dist,20.0,,QB,,,,6,1.0,p25 of best-available QB positional rank
best_available_dist,20.0,,QB,,,,6,1.0,median of best-available QB positional rank
best_available_dist,20.0,,QB,,,,6,1.0,p75 of best-available QB positional rank
best_available_dist,20.0,,QB,,,,6,1.0,p90 of best-available QB positional rank
best_available_dist,20.0,,QB,,,,6,1.06,mean of best-available QB positional rank
best_available_dist,20.0,,QB,,,,19,1.0,p10 of best-available QB positional rank
best_available_dist,20.0,,QB,,,,19,1.0,p25 of best-available QB positional rank
best_available_dist,20.0,,QB,,,,19,1.0,median of best-available QB positional rank
best_available_dist,20.0,,QB,,,,19,2.0,p75 of best-available QB positional rank
best_available_dist,20.0,,QB,,,,19,2.0,p90 of best-available QB positional rank
best_available_dist,20.0,,QB,,,,19,1.39,mean of best-available QB positional rank
best_available_dist,20.0,,QB,,,,30,1.0,p10 of best-available QB positional rank
best_available_dist,20.0,,QB,,,,30,1.0,p25 of best-available QB positional rank
best_available_dist,20.0,,QB,,,,30,2.0,median of best-available QB positional rank
best_available_dist,20.0,,QB,,,,30,2.0,p75 of best-available QB positional rank
best_available_dist,20.0,,QB,,,,30,3.0,p90 of best-available QB positional rank
best_available_dist,20.0,,QB,,,,30,1.91,mean of best-available QB positional rank
best_available_dist,20.0,,QB,,,,43,1.0,p10 of best-available QB positional rank
best_available_dist,20.0,,QB,,,,43,2.0,p25 of best-available QB positional rank
best_available_dist,20.0,,QB,,,,43,3.0,median of best-available QB positional rank
best_available_dist,20.0,,QB,,,,43,4.0,p75 of best-available QB positional rank
best_available_dist,20.0,,QB,,,,43,5.0,p90 of best-available QB positional rank
best_available_dist,20.0,,QB,,,,43,2.92,mean of best-available QB positional rank
best_available_dist,20.0,,QB,,,,54,2.0,p10 of best-available QB positional rank
best_available_dist,20.0,,QB,,,,54,3.0,p25 of best-available QB positional rank
best_available_dist,20.0,,QB,,,,54,4.0,median of best-available QB positional rank
best_available_dist,20.0,,QB,,,,54,5.0,p75 of best-available QB positional rank
best_available_dist,20.0,,QB,,,,54,6.0,p90 of best-available QB positional rank
best_available_dist,20.0,,QB,,,,54,4.17,mean of best-available QB positional rank
best_available_dist,20.0,,QB,,,,67,4.0,p10 of best-available QB positional rank
best_available_dist,20.0,,QB,,,,67,5.0,p25 of best-available QB positional rank
best_available_dist,20.0,,QB,,,,67,6.0,median of best-available QB positional rank
best_available_dist,20.0,,QB,,,,67,7.0,p75 of best-available QB positional rank
best_available_dist,20.0,,QB,,,,67,8.0,p90 of best-available QB positional rank
best_available_dist,20.0,,QB,,,,67,5.99,mean of best-available QB positional rank
best_available_dist,20.0,,QB,,,,78,5.0,p10 of best-available QB positional rank
best_available_dist,20.0,,QB,,,,78,6.0,p25 of best-available QB positional rank
best_available_dist,20.0,,QB,,,,78,7.0,median of best-available QB positional rank
best_available_dist,20.0,,QB,,,,78,9.0,p75 of best-available QB positional rank
best_available_dist,20.0,,QB,,,,78,10.0,p90 of best-available QB positional rank
best_available_dist,20.0,,QB,,,,78,7.53,mean of best-available QB positional rank
best_available_dist,20.0,,QB,,,,91,7.0,p10 of best-available QB positional rank
best_available_dist,20.0,,QB,,,,91,8.0,p25 of best-available QB positional rank
best_available_dist,20.0,,QB,,,,91,9.0,median of best-available QB positional rank
best_available_dist,20.0,,QB,,,,91,11.0,p75 of best-available QB positional rank
best_available_dist,20.0,,QB,,,,91,12.0,p90 of best-available QB positional rank
best_available_dist,20.0,,QB,,,,91,9.26,mean of best-available QB positional rank
best_available_dist,20.0,,QB,,,,102,9.0,p10 of best-available QB positional rank
best_available_dist,20.0,,QB,,,,102,10.0,p25 of best-available QB positional rank
best_available_dist,20.0,,QB,,,,102,11.0,median of best-available QB positional rank
best_available_dist,20.0,,QB,,,,102,12.0,p75 of best-available QB positional rank
best_available_dist,20.0,,QB,,,,102,14.0,p90 of best-available QB positional rank
best_available_dist,20.0,,QB,,,,102,11.22,mean of best-available QB positional rank
best_available_dist,20.0,,QB,,,,115,11.0,p10 of best-available QB positional rank
best_available_dist,20.0,,QB,,,,115,12.0,p25 of best-available QB positional rank
best_available_dist,20.0,,QB,,,,115,14.0,median of best-available QB positional rank
best_available_dist,20.0,,QB,,,,115,16.0,p75 of best-available QB positional rank
best_available_dist,20.0,,QB,,,,115,17.0,p90 of best-available QB positional rank
best_available_dist,20.0,,QB,,,,115,13.91,mean of best-available QB positional rank
best_available_dist,20.0,,QB,,,,126,13.0,p10 of best-available QB positional rank
best_available_dist,20.0,,QB,,,,126,15.0,p25 of best-available QB positional rank
best_available_dist,20.0,,QB,,,,126,17.0,median of best-available QB positional rank
best_available_dist,20.0,,QB,,,,126,18.0,p75 of best-available QB positional rank
best_available_dist,20.0,,QB,,,,126,20.0,p90 of best-available QB positional rank
best_available_dist,20.0,,QB,,,,126,16.67,mean of best-available QB positional rank
best_available_dist,20.0,,QB,,,,139,17.0,p10 of best-available QB positional rank
best_available_dist,20.0,,QB,,,,139,18.0,p25 of best-available QB positional rank
best_available_dist,20.0,,QB,,,,139,21.0,median of best-available QB positional rank
best_available_dist,20.0,,QB,,,,139,22.0,p75 of best-available QB positional rank
best_available_dist,20.0,,QB,,,,139,23.0,p90 of best-available QB positional rank
best_available_dist,20.0,,QB,,,,139,20.18,mean of best-available QB positional rank
best_available_dist,20.0,,QB,,,,150,19.0,p10 of best-available QB positional rank
best_available_dist,20.0,,QB,,,,150,21.0,p25 of best-available QB positional rank
best_available_dist,20.0,,QB,,,,150,23.0,median of best-available QB positional rank
best_available_dist,20.0,,QB,,,,150,24.0,p75 of best-available QB positional rank
best_available_dist,20.0,,QB,,,,150,25.0,p90 of best-available QB positional rank
best_available_dist,20.0,,QB,,,,150,22.67,mean of best-available QB positional rank
best_available_dist,20.0,,RB,,,,6,1.0,p10 of best-available RB positional rank
best_available_dist,20.0,,RB,,,,6,1.0,p25 of best-available RB positional rank
best_available_dist,20.0,,RB,,,,6,1.0,median of best-available RB positional rank
best_available_dist,20.0,,RB,,,,6,2.0,p75 of best-available RB positional rank
best_available_dist,20.0,,RB,,,,6,2.0,p90 of best-available RB positional rank
best_available_dist,20.0,,RB,,,,6,1.45,mean of best-available RB positional rank
best_available_dist,20.0,,RB,,,,19,1.0,p10 of best-available RB positional rank
best_available_dist,20.0,,RB,,,,19,2.0,p25 of best-available RB positional rank
best_available_dist,20.0,,RB,,,,19,3.0,median of best-available RB positional rank
best_available_dist,20.0,,RB,,,,19,4.0,p75 of best-available RB positional rank
best_available_dist,20.0,,RB,,,,19,6.0,p90 of best-available RB positional rank
best_available_dist,20.0,,RB,,,,19,3.23,mean of best-available RB positional rank
best_available_dist,20.0,,RB,,,,30,3.0,p10 of best-available RB positional rank
best_available_dist,20.0,,RB,,,,30,4.0,p25 of best-available RB positional rank
best_available_dist,20.0,,RB,,,,30,6.0,median of best-available RB positional rank
best_available_dist,20.0,,RB,,,,30,8.0,p75 of best-available RB positional rank
best_available_dist,20.0,,RB,,,,30,9.0,p90 of best-available RB positional rank
best_available_dist,20.0,,RB,,,,30,6.01,mean of best-available RB positional rank
best_available_dist,20.0,,RB,,,,43,6.0,p10 of best-available RB positional rank
best_available_dist,20.0,,RB,,,,43,7.0,p25 of best-available RB positional rank
best_available_dist,20.0,,RB,,,,43,10.0,median of best-available RB positional rank
best_available_dist,20.0,,RB,,,,43,12.0,p75 of best-available RB positional rank
best_available_dist,20.0,,RB,,,,43,13.0,p90 of best-available RB positional rank
best_available_dist,20.0,,RB,,,,43,9.69,mean of best-available RB positional rank
best_available_dist,20.0,,RB,,,,54,10.0,p10 of best-available RB positional rank
best_available_dist,20.0,,RB,,,,54,12.0,p25 of best-available RB positional rank
best_available_dist,20.0,,RB,,,,54,13.0,median of best-available RB positional rank
best_available_dist,20.0,,RB,,,,54,15.0,p75 of best-available RB positional rank
best_available_dist,20.0,,RB,,,,54,17.0,p90 of best-available RB positional rank
best_available_dist,20.0,,RB,,,,54,13.27,mean of best-available RB positional rank
best_available_dist,20.0,,RB,,,,67,13.0,p10 of best-available RB positional rank
best_available_dist,20.0,,RB,,,,67,15.0,p25 of best-available RB positional rank
best_available_dist,20.0,,RB,,,,67,17.0,median of best-available RB positional rank
best_available_dist,20.0,,RB,,,,67,20.0,p75 of best-available RB positional rank
best_available_dist,20.0,,RB,,,,67,21.0,p90 of best-available RB positional rank
best_available_dist,20.0,,RB,,,,67,17.26,mean of best-available RB positional rank
best_available_dist,20.0,,RB,,,,78,17.0,p10 of best-available RB positional rank
best_available_dist,20.0,,RB,,,,78,19.0,p25 of best-available RB positional rank
best_available_dist,20.0,,RB,,,,78,22.0,median of best-available RB positional rank
best_available_dist,20.0,,RB,,,,78,25.0,p75 of best-available RB positional rank
best_available_dist,20.0,,RB,,,,78,26.0,p90 of best-available RB positional rank
best_available_dist,20.0,,RB,,,,78,21.8,mean of best-available RB positional rank
best_available_dist,20.0,,RB,,,,91,22.0,p10 of best-available RB positional rank
best_available_dist,20.0,,RB,,,,91,25.0,p25 of best-available RB positional rank
best_available_dist,20.0,,RB,,,,91,27.0,median of best-available RB positional rank
best_available_dist,20.0,,RB,,,,91,29.0,p75 of best-available RB positional rank
best_available_dist,20.0,,RB,,,,91,31.0,p90 of best-available RB positional rank
best_available_dist,20.0,,RB,,,,91,26.78,mean of best-available RB positional rank
best_available_dist,20.0,,RB,,,,102,26.0,p10 of best-available RB positional rank
best_available_dist,20.0,,RB,,,,102,28.0,p25 of best-available RB positional rank
best_available_dist,20.0,,RB,,,,102,30.0,median of best-available RB positional rank
best_available_dist,20.0,,RB,,,,102,32.0,p75 of best-available RB positional rank
best_available_dist,20.0,,RB,,,,102,34.0,p90 of best-available RB positional rank
best_available_dist,20.0,,RB,,,,102,29.87,mean of best-available RB positional rank
best_available_dist,20.0,,RB,,,,115,28.0,p10 of best-available RB positional rank
best_available_dist,20.0,,RB,,,,115,31.0,p25 of best-available RB positional rank
best_available_dist,20.0,,RB,,,,115,32.0,median of best-available RB positional rank
best_available_dist,20.0,,RB,,,,115,34.0,p75 of best-available RB positional rank
best_available_dist,20.0,,RB,,,,115,36.0,p90 of best-available RB positional rank
best_available_dist,20.0,,RB,,,,115,32.18,mean of best-available RB positional rank
best_available_dist,20.0,,RB,,,,126,32.0,p10 of best-available RB positional rank
best_available_dist,20.0,,RB,,,,126,33.0,p25 of best-available RB positional rank
best_available_dist,20.0,,RB,,,,126,35.0,median of best-available RB positional rank
best_available_dist,20.0,,RB,,,,126,37.0,p75 of best-available RB positional rank
best_available_dist,20.0,,RB,,,,126,38.0,p90 of best-available RB positional rank
best_available_dist,20.0,,RB,,,,126,35.15,mean of best-available RB positional rank
best_available_dist,20.0,,RB,,,,139,35.0,p10 of best-available RB positional rank
best_available_dist,20.0,,RB,,,,139,37.0,p25 of best-available RB positional rank
best_available_dist,20.0,,RB,,,,139,39.0,median of best-available RB positional rank
best_available_dist,20.0,,RB,,,,139,41.0,p75 of best-available RB positional rank
best_available_dist,20.0,,RB,,,,139,43.0,p90 of best-available RB positional rank
best_available_dist,20.0,,RB,,,,139,39.27,mean of best-available RB positional rank
best_available_dist,20.0,,RB,,,,150,37.0,p10 of best-available RB positional rank
best_available_dist,20.0,,RB,,,,150,39.0,p25 of best-available RB positional rank
best_available_dist,20.0,,RB,,,,150,42.0,median of best-available RB positional rank
best_available_dist,20.0,,RB,,,,150,44.0,p75 of best-available RB positional rank
best_available_dist,20.0,,RB,,,,150,46.0,p90 of best-available RB positional rank
best_available_dist,20.0,,RB,,,,150,41.68,mean of best-available RB positional rank
best_available_dist,20.0,,WR,,,,6,1.0,p10 of best-available WR positional rank
best_available_dist,20.0,,WR,,,,6,1.0,p25 of best-available WR positional rank
best_available_dist,20.0,,WR,,,,6,1.0,median of best-available WR positional rank
best_available_dist,20.0,,WR,,,,6,2.0,p75 of best-available WR positional rank
best_available_dist,20.0,,WR,,,,6,2.0,p90 of best-available WR positional rank
best_available_dist,20.0,,WR,,,,6,1.47,mean of best-available WR positional rank
best_available_dist,20.0,,WR,,,,19,2.0,p10 of best-available WR positional rank
best_available_dist,20.0,,WR,,,,19,3.0,p25 of best-available WR positional rank
best_available_dist,20.0,,WR,,,,19,4.0,median of best-available WR positional rank
best_available_dist,20.0,,WR,,,,19,5.0,p75 of best-available WR positional rank
best_available_dist,20.0,,WR,,,,19,7.0,p90 of best-available WR positional rank
best_available_dist,20.0,,WR,,,,19,4.16,mean of best-available WR positional rank
best_available_dist,20.0,,WR,,,,30,4.0,p10 of best-available WR positional rank
best_available_dist,20.0,,WR,,,,30,6.0,p25 of best-available WR positional rank
best_available_dist,20.0,,WR,,,,30,8.0,median of best-available WR positional rank
best_available_dist,20.0,,WR,,,,30,10.0,p75 of best-available WR positional rank
best_available_dist,20.0,,WR,,,,30,12.0,p90 of best-available WR positional rank
best_available_dist,20.0,,WR,,,,30,7.84,mean of best-available WR positional rank
best_available_dist,20.0,,WR,,,,43,8.0,p10 of best-available WR positional rank
best_available_dist,20.0,,WR,,,,43,11.0,p25 of best-available WR positional rank
best_available_dist,20.0,,WR,,,,43,13.0,median of best-available WR positional rank
best_available_dist,20.0,,WR,,,,43,15.25,p75 of best-available WR positional rank
best_available_dist,20.0,,WR,,,,43,18.0,p90 of best-available WR positional rank
best_available_dist,20.0,,WR,,,,43,13.0,mean of best-available WR positional rank
best_available_dist,20.0,,WR,,,,54,13.0,p10 of best-available WR positional rank
best_available_dist,20.0,,WR,,,,54,15.0,p25 of best-available WR positional rank
best_available_dist,20.0,,WR,,,,54,18.0,median of best-available WR positional rank
best_available_dist,20.0,,WR,,,,54,21.0,p75 of best-available WR positional rank
best_available_dist,20.0,,WR,,,,54,23.0,p90 of best-available WR positional rank
best_available_dist,20.0,,WR,,,,54,18.05,mean of best-available WR positional rank
best_available_dist,20.0,,WR,,,,67,18.0,p10 of best-available WR positional rank
best_available_dist,20.0,,WR,,,,67,21.0,p25 of best-available WR positional rank
best_available_dist,20.0,,WR,,,,67,24.0,median of best-available WR positional rank
best_available_dist,20.0,,WR,,,,67,26.0,p75 of best-available WR positional rank
best_available_dist,20.0,,WR,,,,67,29.0,p90 of best-available WR positional rank
best_available_dist,20.0,,WR,,,,67,23.63,mean of best-available WR positional rank
best_available_dist,20.0,,WR,,,,78,23.0,p10 of best-available WR positional rank
best_available_dist,20.0,,WR,,,,78,26.0,p25 of best-available WR positional rank
best_available_dist,20.0,,WR,,,,78,28.0,median of best-available WR positional rank
best_available_dist,20.0,,WR,,,,78,30.0,p75 of best-available WR positional rank
best_available_dist,20.0,,WR,,,,78,32.0,p90 of best-available WR positional rank
best_available_dist,20.0,,WR,,,,78,27.98,mean of best-available WR positional rank
best_available_dist,20.0,,WR,,,,91,28.0,p10 of best-available WR positional rank
best_available_dist,20.0,,WR,,,,91,30.0,p25 of best-available WR positional rank
best_available_dist,20.0,,WR,,,,91,32.0,median of best-available WR positional rank
best_available_dist,20.0,,WR,,,,91,33.0,p75 of best-available WR positional rank
best_available_dist,20.0,,WR,,,,91,35.0,p90 of best-available WR positional rank
best_available_dist,20.0,,WR,,,,91,31.61,mean of best-available WR positional rank
best_available_dist,20.0,,WR,,,,102,31.0,p10 of best-available WR positional rank
best_available_dist,20.0,,WR,,,,102,33.0,p25 of best-available WR positional rank
best_available_dist,20.0,,WR,,,,102,35.0,median of best-available WR positional rank
best_available_dist,20.0,,WR,,,,102,37.0,p75 of best-available WR positional rank
best_available_dist,20.0,,WR,,,,102,39.0,p90 of best-available WR positional rank
best_available_dist,20.0,,WR,,,,102,35.1,mean of best-available WR positional rank
best_available_dist,20.0,,WR,,,,115,36.0,p10 of best-available WR positional rank
best_available_dist,20.0,,WR,,,,115,38.0,p25 of best-available WR positional rank
best_available_dist,20.0,,WR,,,,115,40.0,median of best-available WR positional rank
best_available_dist,20.0,,WR,,,,115,43.0,p75 of best-available WR positional rank
best_available_dist,20.0,,WR,,,,115,44.0,p90 of best-available WR positional rank
best_available_dist,20.0,,WR,,,,115,40.12,mean of best-available WR positional rank
best_available_dist,20.0,,WR,,,,126,40.0,p10 of best-available WR positional rank
best_available_dist,20.0,,WR,,,,126,42.0,p25 of best-available WR positional rank
best_available_dist,20.0,,WR,,,,126,44.0,median of best-available WR positional rank
best_available_dist,20.0,,WR,,,,126,46.0,p75 of best-available WR positional rank
best_available_dist,20.0,,WR,,,,126,47.0,p90 of best-available WR positional rank
best_available_dist,20.0,,WR,,,,126,43.97,mean of best-available WR positional rank
best_available_dist,20.0,,WR,,,,139,44.0,p10 of best-available WR positional rank
best_available_dist,20.0,,WR,,,,139,45.0,p25 of best-available WR positional rank
best_available_dist,20.0,,WR,,,,139,47.0,median of best-available WR positional rank
best_available_dist,20.0,,WR,,,,139,48.0,p75 of best-available WR positional rank
best_available_dist,20.0,,WR,,,,139,50.0,p90 of best-available WR positional rank
best_available_dist,20.0,,WR,,,,139,46.68,mean of best-available WR positional rank
best_available_dist,20.0,,WR,,,,150,46.0,p10 of best-available WR positional rank
best_available_dist,20.0,,WR,,,,150,48.0,p25 of best-available WR positional rank
best_available_dist,20.0,,WR,,,,150,51.0,median of best-available WR positional rank
best_available_dist,20.0,,WR,,,,150,52.0,p75 of best-available WR positional rank
best_available_dist,20.0,,WR,,,,150,53.0,p90 of best-available WR positional rank
best_available_dist,20.0,,WR,,,,150,50.21,mean of best-available WR positional rank
best_available_dist,20.0,,TE,,,,6,1.0,p10 of best-available TE positional rank
best_available_dist,20.0,,TE,,,,6,1.0,p25 of best-available TE positional rank
best_available_dist,20.0,,TE,,,,6,1.0,median of best-available TE positional rank
best_available_dist,20.0,,TE,,,,6,1.0,p75 of best-available TE positional rank
best_available_dist,20.0,,TE,,,,6,2.0,p90 of best-available TE positional rank
best_available_dist,20.0,,TE,,,,6,1.15,mean of best-available TE positional rank
best_available_dist,20.0,,TE,,,,19,1.0,p10 of best-available TE positional rank
best_available_dist,20.0,,TE,,,,19,1.0,p25 of best-available TE positional rank
best_available_dist,20.0,,TE,,,,19,2.0,median of best-available TE positional rank
best_available_dist,20.0,,TE,,,,19,2.0,p75 of best-available TE positional rank
best_available_dist,20.0,,TE,,,,19,3.0,p90 of best-available TE positional rank
best_available_dist,20.0,,TE,,,,19,1.73,mean of best-available TE positional rank
best_available_dist,20.0,,TE,,,,30,1.0,p10 of best-available TE positional rank
best_available_dist,20.0,,TE,,,,30,1.0,p25 of best-available TE positional rank
best_available_dist,20.0,,TE,,,,30,2.0,median of best-available TE positional rank
best_available_dist,20.0,,TE,,,,30,3.0,p75 of best-available TE positional rank
best_available_dist,20.0,,TE,,,,30,4.0,p90 of best-available TE positional rank
best_available_dist,20.0,,TE,,,,30,2.4,mean of best-available TE positional rank
best_available_dist,20.0,,TE,,,,43,2.0,p10 of best-available TE positional rank
best_available_dist,20.0,,TE,,,,43,3.0,p25 of best-available TE positional rank
best_available_dist,20.0,,TE,,,,43,3.0,median of best-available TE positional rank
best_available_dist,20.0,,TE,,,,43,4.0,p75 of best-available TE positional rank
best_available_dist,20.0,,TE,,,,43,5.0,p90 of best-available TE positional rank
best_available_dist,20.0,,TE,,,,43,3.36,mean of best-available TE positional rank
best_available_dist,20.0,,TE,,,,54,3.0,p10 of best-available TE positional rank
best_available_dist,20.0,,TE,,,,54,4.0,p25 of best-available TE positional rank
best_available_dist,20.0,,TE,,,,54,4.0,median of best-available TE positional rank
best_available_dist,20.0,,TE,,,,54,5.0,p75 of best-available TE positional rank
best_available_dist,20.0,,TE,,,,54,6.0,p90 of best-available TE positional rank
best_available_dist,20.0,,TE,,,,54,4.23,mean of best-available TE positional rank
best_available_dist,20.0,,TE,,,,67,4.0,p10 of best-available TE positional rank
best_available_dist,20.0,,TE,,,,67,4.0,p25 of best-available TE positional rank
best_available_dist,20.0,,TE,,,,67,5.0,median of best-available TE positional rank
best_available_dist,20.0,,TE,,,,67,6.0,p75 of best-available TE positional rank
best_available_dist,20.0,,TE,,,,67,7.0,p90 of best-available TE positional rank
best_available_dist,20.0,,TE,,,,67,5.32,mean of best-available TE positional rank
best_available_dist,20.0,,TE,,,,78,5.0,p10 of best-available TE positional rank
best_available_dist,20.0,,TE,,,,78,5.0,p25 of best-available TE positional rank
best_available_dist,20.0,,TE,,,,78,7.0,median of best-available TE positional rank
best_available_dist,20.0,,TE,,,,78,8.0,p75 of best-available TE positional rank
best_available_dist,20.0,,TE,,,,78,9.0,p90 of best-available TE positional rank
best_available_dist,20.0,,TE,,,,78,6.65,mean of best-available TE positional rank
best_available_dist,20.0,,TE,,,,91,7.0,p10 of best-available TE positional rank
best_available_dist,20.0,,TE,,,,91,8.0,p25 of best-available TE positional rank
best_available_dist,20.0,,TE,,,,91,9.0,median of best-available TE positional rank
best_available_dist,20.0,,TE,,,,91,10.0,p75 of best-available TE positional rank
best_available_dist,20.0,,TE,,,,91,12.0,p90 of best-available TE positional rank
best_available_dist,20.0,,TE,,,,91,9.3,mean of best-available TE positional rank
best_available_dist,20.0,,TE,,,,102,9.0,p10 of best-available TE positional rank
best_available_dist,20.0,,TE,,,,102,10.0,p25 of best-available TE positional rank
best_available_dist,20.0,,TE,,,,102,12.0,median of best-available TE positional rank
best_available_dist,20.0,,TE,,,,102,13.0,p75 of best-available TE positional rank
best_available_dist,20.0,,TE,,,,102,14.0,p90 of best-available TE positional rank
best_available_dist,20.0,,TE,,,,102,11.65,mean of best-available TE positional rank
best_available_dist,20.0,,TE,,,,115,11.0,p10 of best-available TE positional rank
best_available_dist,20.0,,TE,,,,115,13.0,p25 of best-available TE positional rank
best_available_dist,20.0,,TE,,,,115,15.0,median of best-available TE positional rank
best_available_dist,20.0,,TE,,,,115,16.0,p75 of best-available TE positional rank
best_available_dist,20.0,,TE,,,,115,17.0,p90 of best-available TE positional rank
best_available_dist,20.0,,TE,,,,115,14.37,mean of best-available TE positional rank
best_available_dist,20.0,,TE,,,,126,14.0,p10 of best-available TE positional rank
best_available_dist,20.0,,TE,,,,126,16.0,p25 of best-available TE positional rank
best_available_dist,20.0,,TE,,,,126,17.0,median of best-available TE positional rank
best_available_dist,20.0,,TE,,,,126,18.0,p75 of best-available TE positional rank
best_available_dist,20.0,,TE,,,,126,19.0,p90 of best-available TE positional rank
best_available_dist,20.0,,TE,,,,126,16.55,mean of best-available TE positional rank
best_available_dist,20.0,,TE,,,,139,16.0,p10 of best-available TE positional rank
best_available_dist,20.0,,TE,,,,139,18.0,p25 of best-available TE positional rank
best_available_dist,20.0,,TE,,,,139,20.0,median of best-available TE positional rank
best_available_dist,20.0,,TE,,,,139,21.0,p75 of best-available TE positional rank
best_available_dist,20.0,,TE,,,,139,22.0,p90 of best-available TE positional rank
best_available_dist,20.0,,TE,,,,139,19.37,mean of best-available TE positional rank
best_available_dist,20.0,,TE,,,,150,20.0,p10 of best-available TE positional rank
best_available_dist,20.0,,TE,,,,150,22.0,p25 of best-available TE positional rank
best_available_dist,20.0,,TE,,,,150,23.0,median of best-available TE positional rank
best_available_dist,20.0,,TE,,,,150,23.0,p75 of best-available TE positional rank
best_available_dist,20.0,,TE,,,,150,24.0,p90 of best-available TE positional rank
best_available_dist,20.0,,TE,,,,150,22.46,mean of best-available TE positional rank
