ranking_source,source,season,player_id,player_name,team,adp_rank,adp_value,spread_sd,rank_best,rank_worst,as_of_date,position,is_preseason_final,ingested_at,scoring_format,tier,bye_week,sos_season
expert,fantasypros_ecr,2021,00-0033280,Christian McCaffrey,CAR,1,1.05,0.26,1.0,3.0,2021-08-27,RB,1,2026-07-26T23:25:47.591283+00:00,,,,
expert,fantasypros_ecr,2021,00-0033893,Dalvin Cook,MIN,2,2.25,0.72,1.0,6.0,2021-08-27,RB,1,2026-07-26T23:25:47.591283+00:00,,,,
expert,fantasypros_ecr,2021,00-0033906,Alvin Kamara,NO,3,3.39,1.18,2.0,7.0,2021-08-27,RB,1,2026-07-26T23:25:47.591283+00:00,,,,
expert,fantasypros_ecr,2021,00-0031381,Davante Adams,GB,4,6.07,2.08,5.0,12.0,2021-08-27,WR,1,2026-07-26T23:25:47.591283+00:00,,,,
expert,fantasypros_ecr,2021,00-0033045,Ezekiel Elliott,DAL,5,6.59,3.43,3.0,23.0,2021-08-27,RB,1,2026-07-26T23:25:47.591283+00:00,,,,
expert,fantasypros_ecr,2021,00-0032764,Derrick Henry,TEN,6,7.34,5.62,2.0,27.0,2021-08-27,RB,1,2026-07-26T23:25:47.591283+00:00,,,,
expert,fantasypros_ecr,2021,00-0033699,Austin Ekeler,LAC,7,8.52,4.63,3.0,28.0,2021-08-27,RB,1,2026-07-26T23:25:47.591283+00:00,,,,
expert,fantasypros_ecr,2021,00-0033293,Aaron Jones,GB,8,8.86,4.31,3.0,22.0,2021-08-27,RB,1,2026-07-26T23:25:47.591283+00:00,,,,
expert,fantasypros_ecr,2021,00-0033040,Tyreek Hill,KC,9,10.27,2.38,5.0,21.0,2021-08-27,WR,1,2026-07-26T23:25:47.591283+00:00,,,,
expert,fantasypros_ecr,2021,00-0031588,Stefon Diggs,BUF,10,10.89,2.2,5.0,16.0,2021-08-27,WR,1,2026-07-26T23:25:47.591283+00:00,,,,
expert,fantasypros_ecr,2021,00-0034844,Saquon Barkley,NYG,11,11.08,6.3,2.0,34.0,2021-08-27,RB,1,2026-07-26T23:25:47.591283+00:00,,,,
expert,fantasypros_ecr,2021,00-0030564,DeAndre Hopkins,ARI,12,12.52,2.4,7.0,22.0,2021-08-27,WR,1,2026-07-26T23:25:47.591283+00:00,,,,
expert,fantasypros_ecr,2021,00-0034837,Calvin Ridley,ATL,13,13.39,2.62,5.0,24.0,2021-08-27,WR,1,2026-07-26T23:25:47.591283+00:00,,,,
expert,fantasypros_ecr,2021,00-0030506,Travis Kelce,KC,14,16.07,2.6,6.0,18.0,2021-08-27,TE,1,2026-07-26T23:25:47.591283+00:00,,,,
expert,fantasypros_ecr,2021,00-0036223,Jonathan Taylor,IND,15,17.29,7.72,4.0,34.0,2021-08-27,RB,1,2026-07-26T23:25:47.591283+00:00,,,,
expert,fantasypros_ecr,2021,00-0034791,Nick Chubb,CLE,16,18.39,7.22,4.0,33.0,2021-08-27,RB,1,2026-07-26T23:25:47.591283+00:00,,,,
expert,fantasypros_ecr,2021,00-0036322,Justin Jefferson,MIN,17,19.7,5.03,12.0,33.0,2021-08-27,WR,1,2026-07-26T23:25:47.591283+00:00,,,,
expert,fantasypros_ecr,2021,00-0035640,D.K. Metcalf,SEA,18,20.14,5.26,12.0,36.0,2021-08-27,WR,1,2026-07-26T23:25:47.591283+00:00,,,,
expert,fantasypros_ecr,2021,00-0031610,Darren Waller,LV,19,20.25,3.6,16.0,31.0,2021-08-27,TE,1,2026-07-26T23:25:47.591283+00:00,,,,
expert,fantasypros_ecr,2021,00-0036328,Antonio Gibson,WAS,20,20.47,5.65,7.0,40.0,2021-08-27,RB,1,2026-07-26T23:25:47.591283+00:00,,,,
expert,fantasypros_ecr,2021,00-0035676,A.J. Brown,TEN,21,20.67,5.81,12.0,37.0,2021-08-27,WR,1,2026-07-26T23:25:47.591283+00:00,,,,
expert,fantasypros_ecr,2021,00-0030279,Keenan Allen,LAC,22,21.24,5.51,11.0,46.0,2021-08-27,WR,1,2026-07-26T23:25:47.591283+00:00,,,,
expert,fantasypros_ecr,2021,00-0033897,Joe Mixon,CIN,23,22.7,7.87,8.0,51.0,2021-08-27,RB,1,2026-07-26T23:25:47.591283+00:00,,,,
expert,fantasypros_ecr,2021,00-0036893,Najee Harris,PIT,24,24.02,9.2,6.0,65.0,2021-08-27,RB,1,2026-07-26T23:25:47.591283+00:00,,,,
expert,fantasypros_ecr,2021,00-0031428,Allen Robinson II,CHI,25,24.5,4.35,15.0,34.0,2021-08-27,WR,1,2026-07-26T23:25:47.591283+00:00,,,,
expert,fantasypros_ecr,2021,00-0033873,Patrick Mahomes II,KC,26,25.27,10.95,18.0,56.0,2021-08-27,QB,1,2026-07-26T23:25:47.591283+00:00,,,,
expert,fantasypros_ecr,2021,00-0033288,George Kittle,SF,27,26.44,7.25,18.0,48.0,2021-08-27,TE,1,2026-07-26T23:25:47.591283+00:00,,,,
expert,fantasypros_ecr,2021,00-0035659,Terry McLaurin,WAS,28,27.77,3.82,16.0,38.0,2021-08-27,WR,1,2026-07-26T23:25:47.591283+00:00,,,,
expert,fantasypros_ecr,2021,00-0036360,Clyde Edwards-Helaire,KC,29,28.85,7.91,8.0,57.0,2021-08-27,RB,1,2026-07-26T23:25:47.591283+00:00,,,,
expert,fantasypros_ecr,2021,00-0036358,CeeDee Lamb,DAL,30,31.76,7.04,13.0,65.0,2021-08-27,WR,1,2026-07-26T23:25:47.591283+00:00,,,,
expert,fantasypros_ecr,2021,00-0030431,Robert Woods,LAR,31,33.81,4.86,24.0,50.0,2021-08-27,WR,1,2026-07-26T23:25:47.591283+00:00,,,,
expert,fantasypros_ecr,2021,00-0036275,D'Andre Swift,DET,32,34.38,12.47,8.0,119.0,2021-08-27,RB,1,2026-07-26T23:25:47.591283+00:00,,,,
expert,fantasypros_ecr,2021,00-0031544,Amari Cooper,DAL,33,35.88,5.3,25.0,55.0,2021-08-27,WR,1,2026-07-26T23:25:47.591283+00:00,,,,
expert,fantasypros_ecr,2021,00-0033921,Chris Godwin,TB,34,37.02,6.79,24.0,73.0,2021-08-27,WR,1,2026-07-26T23:25:47.591283+00:00,,,,
expert,fantasypros_ecr,2021,00-0035685,David Montgomery,CHI,35,38.24,9.32,18.0,66.0,2021-08-27,RB,1,2026-07-26T23:25:47.591283+00:00,,,,
expert,fantasypros_ecr,2021,00-0033594,Chris Carson,SEA,36,38.51,7.87,20.0,60.0,2021-08-27,RB,1,2026-07-26T23:25:47.591283+00:00,,,,
expert,fantasypros_ecr,2021,00-0031408,Mike Evans,TB,37,38.63,6.52,25.0,67.0,2021-08-27,WR,1,2026-07-26T23:25:47.591283+00:00,,,,
expert,fantasypros_ecr,2021,00-0033908,Cooper Kupp,LAR,38,40.3,6.62,29.0,85.0,2021-08-27,WR,1,2026-07-26T23:25:47.591283+00:00,,,,
expert,fantasypros_ecr,2021,00-0036158,J.K. Dobbins,BAL,39,40.86,7.9,23.0,68.0,2021-08-27,RB,1,2026-07-26T23:25:47.591283+00:00,,,,
expert,fantasypros_ecr,2021,00-0034827,D.J. Moore,CAR,40,40.88,7.55,29.0,75.0,2021-08-27,WR,1,2026-07-26T23:25:47.591283+00:00,,,,
expert,fantasypros_ecr,2021,00-0035216,Diontae Johnson,PIT,41,41.76,7.88,28.0,73.0,2021-08-27,WR,1,2026-07-26T23:25:47.591283+00:00,,,,
expert,fantasypros_ecr,2021,00-0035831,James Robinson,JAC,42,41.96,14.64,20.0,119.0,2021-08-27,RB,1,2026-07-26T23:25:47.591283+00:00,,,,
expert,fantasypros_ecr,2021,00-0027944,Julio Jones,TEN,43,42.15,11.68,25.0,116.0,2021-08-27,WR,1,2026-07-26T23:25:47.591283+00:00,,,,
expert,fantasypros_ecr,2021,00-0034857,Josh Allen,BUF,44,42.23,9.04,19.0,61.0,2021-08-27,QB,1,2026-07-26T23:25:47.591283+00:00,,,,
expert,fantasypros_ecr,2021,00-0032211,Tyler Lockett,SEA,45,43.23,8.15,30.0,73.0,2021-08-27,WR,1,2026-07-26T23:25:47.591283+00:00,,,,
expert,fantasypros_ecr,2021,00-0035243,Miles Sanders,PHI,46,47.24,10.36,27.0,76.0,2021-08-27,RB,1,2026-07-26T23:25:47.591283+00:00,,,,
expert,fantasypros_ecr,2021,00-0035228,Kyler Murray,ARI,47,51.44,9.77,19.0,70.0,2021-08-27,QB,1,2026-07-26T23:25:47.591283+00:00,,,,
expert,fantasypros_ecr,2021,00-0030035,Adam Thielen,MIN,48,51.88,11.42,35.0,122.0,2021-08-27,WR,1,2026-07-26T23:25:47.591283+00:00,,,,
expert,fantasypros_ecr,2021,00-0035700,Josh Jacobs,LV,49,52.56,8.04,27.0,80.0,2021-08-27,RB,1,2026-07-26T23:25:47.591283+00:00,,,,
expert,fantasypros_ecr,2021,00-0036410,Tee Higgins,CIN,50,52.86,11.35,32.0,82.0,2021-08-27,WR,1,2026-07-26T23:25:47.591283+00:00,,,,
expert,fantasypros_ecr,2021,00-0035229,T.J. Hockenson,DET,51,53.2,9.77,26.0,86.0,2021-08-27,TE,1,2026-07-26T23:25:47.591283+00:00,,,,
expert,fantasypros_ecr,2021,00-0034753,Mark Andrews,BAL,52,54.64,7.94,26.0,76.0,2021-08-27,TE,1,2026-07-26T23:25:47.591283+00:00,,,,
expert,fantasypros_ecr,2021,00-0032063,Mike Davis,ATL,53,55.09,10.1,31.0,83.0,2021-08-27,RB,1,2026-07-26T23:25:47.591283+00:00,,,,
expert,fantasypros_ecr,2021,00-0034796,Lamar Jackson,BAL,54,55.44,10.19,19.0,87.0,2021-08-27,QB,1,2026-07-26T23:25:47.591283+00:00,,,,
expert,fantasypros_ecr,2021,00-0036261,Brandon Aiyuk,SF,55,55.93,10.1,35.0,83.0,2021-08-27,WR,1,2026-07-26T23:25:47.591283+00:00,,,,
expert,fantasypros_ecr,2021,00-0036970,Kyle Pitts,ATL,56,56.42,13.29,26.0,106.0,2021-08-27,TE,1,2026-07-26T23:25:47.591283+00:00,,,,
expert,fantasypros_ecr,2021,00-0035664,Darrell Henderson,LAR,57,57.58,17.99,32.0,149.0,2021-08-27,RB,1,2026-07-26T23:25:47.591283+00:00,,,,
expert,fantasypros_ecr,2021,00-0033923,Kareem Hunt,CLE,58,58.4,9.08,37.0,87.0,2021-08-27,RB,1,2026-07-26T23:25:47.591283+00:00,,,,
expert,fantasypros_ecr,2021,00-0035311,Myles Gaskin,MIA,59,60.31,14.11,32.0,100.0,2021-08-27,RB,1,2026-07-26T23:25:47.591283+00:00,,,,
expert,fantasypros_ecr,2021,00-0033077,Dak Prescott,DAL,60,61.85,10.05,38.0,95.0,2021-08-27,QB,1,2026-07-26T23:25:47.591283+00:00,,,,
expert,fantasypros_ecr,2021,00-0031235,Odell Beckham Jr.,CLE,61,64.81,12.91,39.0,109.0,2021-08-27,WR,1,2026-07-26T23:25:47.591283+00:00,,,,
expert,fantasypros_ecr,2021,00-0033932,Kenny Golladay,NYG,62,65.64,14.4,36.0,113.0,2021-08-27,WR,1,2026-07-26T23:25:47.591283+00:00,,,,
expert,fantasypros_ecr,2021,00-0036326,Chase Claypool,PIT,63,66.34,13.1,41.0,148.0,2021-08-27,WR,1,2026-07-26T23:25:47.591283+00:00,,,,
expert,fantasypros_ecr,2021,00-0036900,Ja'Marr Chase,CIN,64,66.38,15.01,44.0,147.0,2021-08-27,WR,1,2026-07-26T23:25:47.591283+00:00,,,,
expert,fantasypros_ecr,2021,00-0033857,JuJu Smith-Schuster,PIT,65,66.91,17.2,41.0,149.0,2021-08-27,WR,1,2026-07-26T23:25:47.591283+00:00,,,,
expert,fantasypros_ecr,2021,00-0032688,Robby Anderson,CAR,66,68.51,16.65,41.0,154.0,2021-08-27,WR,1,2026-07-26T23:25:47.591283+00:00,,,,
expert,fantasypros_ecr,2021,00-0029263,Russell Wilson,SEA,67,69.54,9.12,38.0,103.0,2021-08-27,QB,1,2026-07-26T23:25:47.591283+00:00,,,,
expert,fantasypros_ecr,2021,00-0034681,Chase Edmonds,ARI,68,69.67,13.58,35.0,112.0,2021-08-27,RB,1,2026-07-26T23:25:47.591283+00:00,,,,
expert,fantasypros_ecr,2021,00-0036407,Jerry Jeudy,DEN,69,69.79,15.19,39.0,135.0,2021-08-27,WR,1,2026-07-26T23:25:47.591283+00:00,,,,
expert,fantasypros_ecr,2021,00-0033009,Tyler Boyd,CIN,70,71.31,12.45,45.0,109.0,2021-08-27,WR,1,2026-07-26T23:25:47.591283+00:00,,,,
expert,fantasypros_ecr,2021,00-0023459,Aaron Rodgers,GB,71,72.01,9.72,54.0,103.0,2021-08-27,QB,1,2026-07-26T23:25:47.591283+00:00,,,,
expert,fantasypros_ecr,2021,00-0034348,Courtland Sutton,DEN,72,75.15,11.34,50.0,124.0,2021-08-27,WR,1,2026-07-26T23:25:47.591283+00:00,,,,
expert,fantasypros_ecr,2021,00-0036997,Javonte Williams,DEN,73,75.24,17.63,37.0,134.0,2021-08-27,RB,1,2026-07-26T23:25:47.591283+00:00,,,,
expert,fantasypros_ecr,2021,00-0036355,Justin Herbert,LAC,74,76.77,9.03,55.0,96.0,2021-08-27,QB,1,2026-07-26T23:25:47.591283+00:00,,,,
expert,fantasypros_ecr,2021,00-0035657,Damien Harris,NE,75,79.01,16.89,51.0,134.0,2021-08-27,RB,1,2026-07-26T23:25:47.591283+00:00,,,,
expert,fantasypros_ecr,2021,00-0035644,Noah Fant,DEN,76,81.77,14.5,53.0,121.0,2021-08-27,TE,1,2026-07-26T23:25:47.591283+00:00,,,,
expert,fantasypros_ecr,2021,00-0035719,Deebo Samuel,SF,77,81.99,16.16,50.0,160.0,2021-08-27,WR,1,2026-07-26T23:25:47.591283+00:00,,,,
expert,fantasypros_ecr,2021,00-0031236,Brandin Cooks,HOU,78,82.03,18.74,45.0,182.0,2021-08-27,WR,1,2026-07-26T23:25:47.591283+00:00,,,,
expert,fantasypros_ecr,2021,00-0031260,Logan Thomas,WAS,79,85.54,19.75,46.0,139.0,2021-08-27,TE,1,2026-07-26T23:25:47.591283+00:00,,,,
expert,fantasypros_ecr,2021,00-0031687,Raheem Mostert,SF,80,86.2,18.03,56.0,174.0,2021-08-27,RB,1,2026-07-26T23:25:47.591283+00:00,,,,
expert,fantasypros_ecr,2021,00-0029701,Ryan Tannehill,TEN,81,88.59,10.57,53.0,114.0,2021-08-27,QB,1,2026-07-26T23:25:47.591283+00:00,,,,
expert,fantasypros_ecr,2021,00-0032144,Melvin Gordon III,DEN,82,88.98,18.92,47.0,170.0,2021-08-27,RB,1,2026-07-26T23:25:47.591283+00:00,,,,
expert,fantasypros_ecr,2021,00-0019596,Tom Brady,TB,83,89.44,11.26,60.0,116.0,2021-08-27,QB,1,2026-07-26T23:25:47.591283+00:00,,,,
expert,fantasypros_ecr,2021,00-0034777,D.J. Chark Jr.,JAC,84,89.75,28.93,43.0,301.0,2021-08-27,WR,1,2026-07-26T23:25:47.591283+00:00,,,,
expert,fantasypros_ecr,2021,00-0033127,Will Fuller V,MIA,85,89.8,18.08,50.0,157.0,2021-08-27,WR,1,2026-07-26T23:25:47.591283+00:00,,,,
expert,fantasypros_ecr,2021,00-0033871,Corey Davis,NYJ,86,91.2,20.09,50.0,183.0,2021-08-27,WR,1,2026-07-26T23:25:47.591283+00:00,,,,
expert,fantasypros_ecr,2021,00-0036984,Trey Sermon,SF,87,92.24,30.9,47.0,322.0,2021-08-27,RB,1,2026-07-26T23:25:47.591283+00:00,,,,
expert,fantasypros_ecr,2021,00-0036924,Michael Carter,NYJ,88,92.73,22.04,54.0,177.0,2021-08-27,RB,1,2026-07-26T23:25:47.591283+00:00,,,,
expert,fantasypros_ecr,2021,00-0036912,DeVonta Smith,PHI,89,93.19,23.24,48.0,194.0,2021-08-27,WR,1,2026-07-26T23:25:47.591283+00:00,,,,
expert,fantasypros_ecr,2021,00-0027793,Antonio Brown,TB,90,93.5,23.2,60.0,196.0,2021-08-27,WR,1,2026-07-26T23:25:47.591283+00:00,,,,
expert,fantasypros_ecr,2021,00-0036389,Jalen Hurts,PHI,91,94.83,13.9,56.0,150.0,2021-08-27,QB,1,2026-07-26T23:25:47.591283+00:00,,,,
expert,fantasypros_ecr,2021,00-0031382,Jarvis Landry,CLE,92,95.09,14.86,56.0,141.0,2021-08-27,WR,1,2026-07-26T23:25:47.591283+00:00,,,,
expert,fantasypros_ecr,2021,00-0036268,Laviska Shenault Jr.,JAC,93,95.64,24.88,49.0,291.0,2021-08-27,WR,1,2026-07-26T23:25:47.591283+00:00,,,,
expert,fantasypros_ecr,2021,00-0034351,Dallas Goedert,PHI,94,96.88,19.17,63.0,153.0,2021-08-27,TE,1,2026-07-26T23:25:47.591283+00:00,,,,
expert,fantasypros_ecr,2021,00-0034816,Ronald Jones II,TB,95,98.19,20.52,60.0,182.0,2021-08-27,RB,1,2026-07-26T23:25:47.591283+00:00,,,,
expert,fantasypros_ecr,2021,00-0026498,Matthew Stafford,LAR,96,98.27,11.1,70.0,150.0,2021-08-27,QB,1,2026-07-26T23:25:47.591283+00:00,,,,
expert,fantasypros_ecr,2021,00-0033282,Curtis Samuel,WAS,97,102.14,23.76,55.0,247.0,2021-08-27,WR,1,2026-07-26T23:25:47.591283+00:00,,,,
expert,fantasypros_ecr,2021,00-0033757,Robert Tonyan,GB,98,102.35,18.85,63.0,173.0,2021-08-27,TE,1,2026-07-26T23:25:47.591283+00:00,,,,
expert,fantasypros_ecr,2021,00-0033110,Tyler Higbee,LAR,99,104.15,22.17,63.0,163.0,2021-08-27,TE,1,2026-07-26T23:25:47.591283+00:00,,,,
expert,fantasypros_ecr,2021,00-0033553,James Conner,ARI,100,105.04,19.76,66.0,210.0,2021-08-27,RB,1,2026-07-26T23:25:47.591283+00:00,,,,
expert,fantasypros_ecr,2021,00-0034367,Nyheim Hines,IND,101,105.08,21.04,76.0,180.0,2021-08-27,RB,1,2026-07-26T23:25:47.591283+00:00,,,,
expert,fantasypros_ecr,2021,00-0033118,Kenyan Drake,LV,102,105.17,21.21,71.0,266.0,2021-08-27,RB,1,2026-07-26T23:25:47.591283+00:00,,,,
expert,fantasypros_ecr,2021,00-0036251,Zack Moss,BUF,103,105.68,17.97,66.0,180.0,2021-08-27,RB,1,2026-07-26T23:25:47.591283+00:00,,,,
expert,fantasypros_ecr,2021,00-0036442,Joe Burrow,CIN,104,106.79,10.42,68.0,154.0,2021-08-27,QB,1,2026-07-26T23:25:47.591283+00:00,,,,
expert,fantasypros_ecr,2021,00-0034764,Michael Gallup,DAL,105,107.91,19.76,72.0,210.0,2021-08-27,WR,1,2026-07-26T23:25:47.591283+00:00,,,,
expert,fantasypros_ecr,2021,00-0033536,Mike Williams,LAC,106,107.98,22.35,67.0,218.0,2021-08-27,WR,1,2026-07-26T23:25:47.591283+00:00,,,,
expert,fantasypros_ecr,2021,00-0033856,Leonard Fournette,TB,107,109.02,21.18,64.0,195.0,2021-08-27,RB,1,2026-07-26T23:25:47.591283+00:00,,,,
expert,fantasypros_ecr,2021,00-0032765,Michael Thomas,NO,108,112.99,43.28,21.0,265.0,2021-08-27,WR,1,2026-07-26T23:25:47.591283+00:00,,,,
expert,fantasypros_ecr,2021,00-0029293,Marvin Jones Jr.,JAC,109,115.26,23.62,64.0,186.0,2021-08-27,WR,1,2026-07-26T23:25:47.591283+00:00,,,,
expert,fantasypros_ecr,2021,00-0033948,Jamaal Williams,DET,110,115.52,19.62,71.0,188.0,2021-08-27,RB,1,2026-07-26T23:25:47.591283+00:00,,,,
expert,fantasypros_ecr,2021,00-0034829,Mike Gesicki,MIA,111,115.58,17.68,63.0,161.0,2021-08-27,TE,1,2026-07-26T23:25:47.591283+00:00,,,,
expert,fantasypros_ecr,2021,00-0032187,David Johnson,HOU,112,116.44,34.81,60.0,275.0,2021-08-27,RB,1,2026-07-26T23:25:47.591283+00:00,,,,
expert,fantasypros_ecr,2021,00-0035250,Devin Singletary,BUF,113,118.89,17.95,67.0,185.0,2021-08-27,RB,1,2026-07-26T23:25:47.591283+00:00,,,,
expert,fantasypros_ecr,2021,00-0036265,AJ Dillon,GB,114,119.95,19.13,76.0,184.0,2021-08-27,RB,1,2026-07-26T23:25:47.591283+00:00,,,,
expert,fantasypros_ecr,2021,00-0034970,Irv Smith Jr.,MIN,115,120.89,23.93,78.0,260.0,2021-08-27,TE,1,2026-07-26T23:25:47.591283+00:00,,,,
expert,fantasypros_ecr,2021,00-0036252,Michael Pittman Jr.,IND,116,121.99,25.39,77.0,205.0,2021-08-27,WR,1,2026-07-26T23:25:47.591283+00:00,,,,
expert,fantasypros_ecr,2021,00-0035261,Tony Pollard,DAL,117,122.55,18.0,71.0,209.0,2021-08-27,RB,1,2026-07-26T23:25:47.591283+00:00,,,,
expert,fantasypros_ecr,2021,00-0026143,Matt Ryan,ATL,118,122.63,18.57,91.0,224.0,2021-08-27,QB,1,2026-07-26T23:25:47.591283+00:00,,,,
expert,fantasypros_ecr,2021,00-0033858,Jonnu Smith,NE,119,123.01,21.02,69.0,169.0,2021-08-27,TE,1,2026-07-26T23:25:47.591283+00:00,,,,
expert,fantasypros_ecr,2021,00-0036309,Darnell Mooney,CHI,120,123.05,27.04,62.0,216.0,2021-08-27,WR,1,2026-07-26T23:25:47.591283+00:00,,,,
expert,fantasypros_ecr,2021,00-0031547,DeVante Parker,MIA,121,123.92,27.82,74.0,205.0,2021-08-27,WR,1,2026-07-26T23:25:47.591283+00:00,,,,
expert,fantasypros_ecr,2021,00-0036613,Jaylen Waddle,MIA,122,125.28,30.41,71.0,220.0,2021-08-27,WR,1,2026-07-26T23:25:47.591283+00:00,,,,
expert,fantasypros_ecr,2021,00-0036971,Trevor Lawrence,JAC,123,125.36,22.42,91.0,216.0,2021-08-27,QB,1,2026-07-26T23:25:47.591283+00:00,,,,
expert,fantasypros_ecr,2021,00-0029604,Kirk Cousins,MIN,124,125.55,20.1,95.0,228.0,2021-08-27,QB,1,2026-07-26T23:25:47.591283+00:00,,,,
expert,fantasypros_ecr,2021,00-0034184,Gus Edwards,BAL,125,126.55,19.7,85.0,259.0,2021-08-27,RB,1,2026-07-26T23:25:47.591283+00:00,,,,
expert,fantasypros_ecr,2021,00-0035662,Marquise Brown,BAL,126,129.67,27.02,86.0,229.0,2021-08-27,WR,1,2026-07-26T23:25:47.591283+00:00,,,,
expert,fantasypros_ecr,2021,00-0033881,Evan Engram,NYG,127,130.04,18.56,69.0,232.0,2021-08-27,TE,1,2026-07-26T23:25:47.591283+00:00,,,,
expert,fantasypros_ecr,2021,00-0032602,J.D. McKissic,WAS,128,130.63,28.88,80.0,261.0,2021-08-27,RB,1,2026-07-26T23:25:47.591283+00:00,,,,
expert,fantasypros_ecr,2021,00-0034109,Phillip Lindsay,HOU,129,134.36,24.78,83.0,217.0,2021-08-27,RB,1,2026-07-26T23:25:47.591283+00:00,,,,
expert,fantasypros_ecr,2021,00-0031062,James White,NE,130,134.89,28.89,83.0,270.0,2021-08-27,RB,1,2026-07-26T23:25:47.591283+00:00,,,,
expert,fantasypros_ecr,2021,00-0036212,Tua Tagovailoa,MIA,131,140.76,29.12,91.0,245.0,2021-08-27,QB,1,2026-07-26T23:25:47.591283+00:00,,,,
expert,fantasypros_ecr,2021,00-0034855,Baker Mayfield,CLE,132,141.24,25.69,109.0,252.0,2021-08-27,QB,1,2026-07-26T23:25:47.591283+00:00,,,,
expert,fantasypros_ecr,2021,00-0033090,Hunter Henry,NE,133,145.44,23.29,90.0,255.0,2021-08-27,TE,1,2026-07-26T23:25:47.591283+00:00,,,,
expert,fantasypros_ecr,2021,00-0036980,Elijah Moore,NYJ,134,146.78,43.81,79.0,302.0,2021-08-27,WR,1,2026-07-26T23:25:47.591283+00:00,,,,
expert,fantasypros_ecr,2021,00-0030513,Latavius Murray,NO,135,147.98,32.55,98.0,303.0,2021-08-27,RB,1,2026-07-26T23:25:47.591283+00:00,,,,
expert,fantasypros_ecr,2021,00-0029000,Cole Beasley,BUF,136,149.45,34.76,73.0,230.0,2021-08-27,WR,1,2026-07-26T23:25:47.591283+00:00,,,,
expert,fantasypros_ecr,2021,00-0023682,Ryan Fitzpatrick,WAS,137,149.66,37.1,105.0,385.0,2021-08-27,QB,1,2026-07-26T23:25:47.591283+00:00,,,,
expert,fantasypros_ecr,2021,00-0030456,Giovani Bernard,TB,138,150.27,36.32,83.0,257.0,2021-08-27,RB,1,2026-07-26T23:25:47.591283+00:00,,,,
expert,fantasypros_ecr,2021,00-0035140,Mecole Hardman,KC,139,150.37,31.07,87.0,223.0,2021-08-27,WR,1,2026-07-26T23:25:47.591283+00:00,,,,
expert,fantasypros_ecr,2021,00-0027656,Rob Gronkowski,TB,140,150.51,28.48,69.0,291.0,2021-08-27,TE,1,2026-07-26T23:25:47.591283+00:00,,,,
expert,fantasypros_ecr,2021,00-0034411,Russell Gage,ATL,141,152.18,37.01,72.0,280.0,2021-08-27,WR,1,2026-07-26T23:25:47.591283+00:00,,,,
expert,fantasypros_ecr,2021,00-0022924,Ben Roethlisberger,PIT,142,152.37,25.49,114.0,256.0,2021-08-27,QB,1,2026-07-26T23:25:47.591283+00:00,,,,
expert,fantasypros_ecr,2021,00-0029608,T.Y. Hilton,IND,143,152.77,26.93,95.0,247.0,2021-08-27,WR,1,2026-07-26T23:25:47.591283+00:00,,,,
expert,fantasypros_ecr,2021,00-0036290,Cole Kmet,CHI,144,155.36,30.44,94.0,258.0,2021-08-27,TE,1,2026-07-26T23:25:47.591283+00:00,,,,
expert,fantasypros_ecr,2021,00-0032385,Sterling Shepard,NYG,145,156.59,27.93,102.0,226.0,2021-08-27,WR,1,2026-07-26T23:25:47.591283+00:00,,,,
expert,fantasypros_ecr,2021,00-0036357,Henry Ruggs III,LV,146,158.05,30.44,75.0,234.0,2021-08-27,WR,1,2026-07-26T23:25:47.591283+00:00,,,,
expert,fantasypros_ecr,2021,00-0034972,Alexander Mattison,MIN,147,158.11,19.74,104.0,227.0,2021-08-27,RB,1,2026-07-26T23:25:47.591283+00:00,,,,
expert,fantasypros_ecr,2021,00-0033895,Gerald Everett,SEA,148,158.49,34.14,92.0,267.0,2021-08-27,TE,1,2026-07-26T23:25:47.591283+00:00,,,,
expert,fantasypros_ecr,2021,00-0036219,Marquez Callaway,NO,149,161.42,63.69,67.0,378.0,2021-08-27,WR,1,2026-07-26T23:25:47.591283+00:00,,,,
expert,fantasypros_ecr,2021,00-0033658,Blake Jarwin,DAL,150,162.38,28.26,108.0,267.0,2021-08-27,TE,1,2026-07-26T23:25:47.591283+00:00,,,,
expert,fantasypros_ecr,2021,00-0034960,Jakobi Meyers,NE,151,162.99,44.98,62.0,274.0,2021-08-27,WR,1,2026-07-26T23:25:47.591283+00:00,,,,
expert,fantasypros_ecr,2021,00-0036945,Justin Fields,CHI,152,163.75,49.07,100.0,336.0,2021-08-27,QB,1,2026-07-26T23:25:47.591283+00:00,,,,
expert,fantasypros_ecr,2021,00-0033556,Tarik Cohen,CHI,153,163.82,47.89,71.0,296.0,2021-08-27,RB,1,2026-07-26T23:25:47.591283+00:00,,,,
expert,fantasypros_ecr,2021,00-0034845,Sony Michel,LAR,154,163.83,47.24,62.0,310.0,2021-08-27,RB,1,2026-07-26T23:25:47.591283+00:00,,,,
expert,fantasypros_ecr,2021,00-0031280,Derek Carr,LV,155,164.38,30.21,114.0,275.0,2021-08-27,QB,1,2026-07-26T23:25:47.591283+00:00,,,,
expert,fantasypros_ecr,2021,00-0031549,Nelson Agholor,NE,156,165.92,32.6,111.0,295.0,2021-08-27,WR,1,2026-07-26T23:25:47.591283+00:00,,,,
expert,fantasypros_ecr,2021,00-0032392,Austin Hooper,CLE,157,165.97,30.49,78.0,259.0,2021-08-27,TE,1,2026-07-26T23:25:47.591283+00:00,,,,
expert,fantasypros_ecr,2021,00-0035710,Daniel Jones,NYG,158,166.21,29.99,115.0,284.0,2021-08-27,QB,1,2026-07-26T23:25:47.591283+00:00,,,,
expert,fantasypros_ecr,2021,00-0036387,Jalen Reagor,PHI,159,167.59,31.54,101.0,271.0,2021-08-27,WR,1,2026-07-26T23:25:47.591283+00:00,,,,
expert,fantasypros_ecr,2021,00-0036422,Adam Trautman,NO,160,167.91,42.92,94.0,294.0,2021-08-27,TE,1,2026-07-26T23:25:47.591283+00:00,,,,
expert,fantasypros_ecr,2021,00-0032058,Tevin Coleman,NYJ,161,169.25,38.27,110.0,321.0,2021-08-27,RB,1,2026-07-26T23:25:47.591283+00:00,,,,
expert,fantasypros_ecr,2021,00-0027061,Jared Cook,LAC,162,171.31,33.25,95.0,291.0,2021-08-27,TE,1,2026-07-26T23:25:47.591283+00:00,,,,
expert,fantasypros_ecr,2021,00-0029597,Justin Tucker,BAL,163,174.4,12.65,120.0,265.0,2021-08-27,K,1,2026-07-26T23:25:47.591283+00:00,,,,
expert,fantasypros_ecr,2021,00-0034750,Rashaad Penny,SEA,164,175.61,31.03,115.0,362.0,2021-08-27,RB,1,2026-07-26T23:25:47.591283+00:00,,,,
expert,fantasypros_ecr,2021,00-0031941,Jamison Crowder,NYJ,165,175.85,37.48,88.0,295.0,2021-08-27,WR,1,2026-07-26T23:25:47.591283+00:00,,,,
expert,fantasypros_ecr,2021,00-0030061,Zach Ertz,PHI,166,176.08,36.6,94.0,305.0,2021-08-27,TE,1,2026-07-26T23:25:47.591283+00:00,,,,
expert,fantasypros_ecr,2021,00-0036936,Rondale Moore,ARI,167,176.86,42.48,97.0,336.0,2021-08-27,WR,1,2026-07-26T23:25:47.591283+00:00,,,,
expert,fantasypros_ecr,2021,00-0037012,Trey Lance,SF,168,177.32,64.22,95.0,349.0,2021-08-27,QB,1,2026-07-26T23:25:47.591283+00:00,,,,
expert,fantasypros_ecr,2021,00-0036550,Rashod Bateman,BAL,169,179.17,46.45,98.0,341.0,2021-08-27,WR,1,2026-07-26T23:25:47.591283+00:00,,,,
expert,fantasypros_ecr,2021,00-0027685,Emmanuel Sanders,BUF,170,181.26,29.41,101.0,242.0,2021-08-27,WR,1,2026-07-26T23:25:47.591283+00:00,,,,
expert,fantasypros_ecr,2021,00-0033303,Harrison Butker,KC,171,182.56,14.89,131.0,276.0,2021-08-27,K,1,2026-07-26T23:25:47.591283+00:00,,,,
expert,fantasypros_ecr,2021,00-0033455,Anthony Firkser,TEN,172,182.61,40.6,108.0,350.0,2021-08-27,TE,1,2026-07-26T23:25:47.591283+00:00,,,,
expert,fantasypros_ecr,2021,00-0034869,Sam Darnold,CAR,173,184.03,36.53,118.0,333.0,2021-08-27,QB,1,2026-07-26T23:25:47.591283+00:00,,,,
expert,fantasypros_ecr,2021,00-0031051,John Brown,LV,174,185.25,33.42,113.0,317.0,2021-08-27,WR,1,2026-07-26T23:25:47.591283+00:00,,,,
expert,fantasypros_ecr,2021,00-0033702,Younghoe Koo,ATL,175,187.15,15.86,163.0,266.0,2021-08-27,K,1,2026-07-26T23:25:47.591283+00:00,,,,
expert,fantasypros_ecr,2021,00-0034765,Tre'Quan Smith,NO,176,187.39,41.46,88.0,311.0,2021-08-27,WR,1,2026-07-26T23:25:47.591283+00:00,,,,
expert,fantasypros_ecr,2021,00-0032950,Carson Wentz,IND,177,187.65,47.49,106.0,347.0,2021-08-27,QB,1,2026-07-26T23:25:47.591283+00:00,,,,
expert,fantasypros_ecr,2021,00-0036196,Gabriel Davis,BUF,178,191.24,36.87,86.0,316.0,2021-08-27,WR,1,2026-07-26T23:25:47.591283+00:00,,,,
expert,fantasypros_ecr,2021,00-0037013,Zach Wilson,NYJ,179,191.52,41.51,103.0,338.0,2021-08-27,QB,1,2026-07-26T23:25:47.591283+00:00,,,,
expert,fantasypros_ecr,2021,00-0034775,Christian Kirk,ARI,180,193.06,27.22,111.0,262.0,2021-08-27,WR,1,2026-07-26T23:25:47.591283+00:00,,,,
expert,fantasypros_ecr,2021,00-0035639,Parris Campbell,IND,181,193.36,31.82,86.0,301.0,2021-08-27,WR,1,2026-07-26T23:25:47.591283+00:00,,,,
expert,fantasypros_ecr,2021,00-0036020,Salvon Ahmed,MIA,182,193.95,33.59,120.0,315.0,2021-08-27,RB,1,2026-07-26T23:25:47.591283+00:00,,,,
expert,fantasypros_ecr,2021,00-0031387,Eric Ebron,PIT,183,194.28,30.95,121.0,267.0,2021-08-27,TE,1,2026-07-26T23:25:47.591283+00:00,,,,
expert,fantasypros_ecr,2021,00-0034301,Darrel Williams,KC,184,197.21,43.04,130.0,336.0,2021-08-27,RB,1,2026-07-26T23:25:47.591283+00:00,,,,
expert,fantasypros_ecr,2021,00-0029621,Greg Zuerlein,DAL,185,197.99,14.76,138.0,268.0,2021-08-27,K,1,2026-07-26T23:25:47.591283+00:00,,,,
expert,fantasypros_ecr,2021,00-0036955,Terrace Marshall Jr.,CAR,186,198.78,46.83,107.0,338.0,2021-08-27,WR,1,2026-07-26T23:25:47.591283+00:00,,,,
expert,fantasypros_ecr,2021,00-0036919,Kenneth Gainwell,PHI,187,198.8,48.68,120.0,357.0,2021-08-27,RB,1,2026-07-26T23:25:47.591283+00:00,,,,
expert,fantasypros_ecr,2021,00-0033951,Marlon Mack,IND,188,199.19,38.03,130.0,360.0,2021-08-27,RB,1,2026-07-26T23:25:47.591283+00:00,,,,
expert,fantasypros_ecr,2021,00-0036365,Bryan Edwards,LV,189,199.32,39.8,97.0,339.0,2021-08-27,WR,1,2026-07-26T23:25:47.591283+00:00,,,,
expert,fantasypros_ecr,2021,00-0031806,Malcolm Brown,MIA,190,201.69,46.22,110.0,313.0,2021-08-27,RB,1,2026-07-26T23:25:47.591283+00:00,,,,
expert,fantasypros_ecr,2021,00-0032054,Breshad Perriman,DET,191,204.05,30.1,126.0,315.0,2021-08-27,WR,1,2026-07-26T23:25:47.591283+00:00,,,,
expert,fantasypros_ecr,2021,00-0031045,Carlos Hyde,JAC,192,204.08,49.95,120.0,359.0,2021-08-27,RB,1,2026-07-26T23:25:47.591283+00:00,,,,
expert,fantasypros_ecr,2021,00-0030874,Damien Williams,CHI,193,205.2,44.29,128.0,321.0,2021-08-27,RB,1,2026-07-26T23:25:47.591283+00:00,,,,
expert,fantasypros_ecr,2021,00-0036297,Darrynton Evans,TEN,194,208.56,36.6,145.0,310.0,2021-08-27,RB,1,2026-07-26T23:25:47.591283+00:00,,,,
expert,fantasypros_ecr,2021,00-0027942,A.J. Green,ARI,195,208.82,28.75,109.0,304.0,2021-08-27,WR,1,2026-07-26T23:25:47.591283+00:00,,,,
expert,fantasypros_ecr,2021,00-0036963,Amon-Ra St. Brown,DET,196,209.09,46.76,122.0,364.0,2021-08-27,WR,1,2026-07-26T23:25:47.591283+00:00,,,,
expert,fantasypros_ecr,2021,00-0034794,Jason Sanders,MIA,197,209.76,14.14,175.0,273.0,2021-08-27,K,1,2026-07-26T23:25:47.591283+00:00,,,,
expert,fantasypros_ecr,2021,00-0035535,Darius Slayton,NYG,198,212.49,31.39,147.0,345.0,2021-08-27,WR,1,2026-07-26T23:25:47.591283+00:00,,,,
expert,fantasypros_ecr,2021,00-0034414,Boston Scott,PHI,199,212.87,43.22,123.0,357.0,2021-08-27,RB,1,2026-07-26T23:25:47.591283+00:00,,,,
expert,fantasypros_ecr,2021,00-0034440,Justin Jackson,LAC,200,213.97,42.44,130.0,329.0,2021-08-27,RB,1,2026-07-26T23:25:47.591283+00:00,,,,
expert,fantasypros_ecr,2021,00-0031503,Jameis Winston,NO,201,214.25,67.54,98.0,355.0,2021-08-27,QB,1,2026-07-26T23:25:47.591283+00:00,,,,
expert,fantasypros_ecr,2021,00-0028002,Randall Cobb,GB,202,214.9,41.53,97.0,328.0,2021-08-27,WR,1,2026-07-26T23:25:47.591283+00:00,,,,
expert,fantasypros_ecr,2021,00-0034521,Allen Lazard,GB,203,218.6,29.08,141.0,299.0,2021-08-27,WR,1,2026-07-26T23:25:47.591283+00:00,,,,
expert,fantasypros_ecr,2021,00-0036555,Chuba Hubbard,CAR,204,219.68,45.3,132.0,347.0,2021-08-27,RB,1,2026-07-26T23:25:47.591283+00:00,,,,
expert,fantasypros_ecr,2021,00-0034830,Hayden Hurst,ATL,205,220.45,37.19,133.0,299.0,2021-08-27,TE,1,2026-07-26T23:25:47.591283+00:00,,,,
expert,fantasypros_ecr,2021,00-0036875,Rhamondre Stevenson,NE,206,221.37,60.53,120.0,360.0,2021-08-27,RB,1,2026-07-26T23:25:47.591283+00:00,,,,
expert,fantasypros_ecr,2021,00-0031325,Sammy Watkins,BAL,207,222.15,31.46,99.0,339.0,2021-08-27,WR,1,2026-07-26T23:25:47.591283+00:00,,,,
expert,fantasypros_ecr,2021,00-0032160,Tyrell Williams,DET,208,222.43,52.99,100.0,370.0,2021-08-27,WR,1,2026-07-26T23:25:47.591283+00:00,,,,
expert,fantasypros_ecr,2021,00-0033106,Jared Goff,DET,209,223.24,44.21,116.0,320.0,2021-08-27,QB,1,2026-07-26T23:25:47.591283+00:00,,,,
expert,fantasypros_ecr,2021,00-0032569,Wil Lutz,NO,210,223.7,38.13,145.0,330.0,2021-08-27,K,1,2026-07-26T23:25:47.591283+00:00,,,,
expert,fantasypros_ecr,2021,00-0027966,Mark Ingram II,HOU,211,224.52,46.97,130.0,355.0,2021-08-27,RB,1,2026-07-26T23:25:47.591283+00:00,,,,
expert,fantasypros_ecr,2021,00-0036370,Joshua Kelley,LAC,212,225.07,35.82,144.0,322.0,2021-08-27,RB,1,2026-07-26T23:25:47.591283+00:00,,,,
expert,fantasypros_ecr,2021,00-0023853,Matt Prater,ARI,213,225.4,14.42,179.0,276.0,2021-08-27,K,1,2026-07-26T23:25:47.591283+00:00,,,,
expert,fantasypros_ecr,2021,00-0035849,Rodrigo Blankenship,IND,214,225.65,22.79,178.0,309.0,2021-08-27,K,1,2026-07-26T23:25:47.591283+00:00,,,,
expert,fantasypros_ecr,2021,00-0035860,Tony Jones Jr.,NO,215,225.67,74.25,115.0,373.0,2021-08-27,RB,1,2026-07-26T23:25:47.591283+00:00,,,,
expert,fantasypros_ecr,2021,00-0036162,Tyler Bass,BUF,216,227.64,33.68,166.0,346.0,2021-08-27,K,1,2026-07-26T23:25:47.591283+00:00,,,,
expert,fantasypros_ecr,2021,00-0023252,Robbie Gould,SF,217,229.65,19.5,169.0,302.0,2021-08-27,K,1,2026-07-26T23:25:47.591283+00:00,,,,
expert,fantasypros_ecr,2021,00-0026968,Ryan Succop,TB,218,232.33,23.65,183.0,288.0,2021-08-27,K,1,2026-07-26T23:25:47.591283+00:00,,,,
expert,fantasypros_ecr,2021,00-0031492,Jason Myers,SEA,219,235.26,15.2,183.0,308.0,2021-08-27,K,1,2026-07-26T23:25:47.591283+00:00,,,,
expert,fantasypros_ecr,2021,00-0034272,Marquez Valdes-Scantling,GB,220,235.92,25.6,175.0,301.0,2021-08-27,WR,1,2026-07-26T23:25:47.591283+00:00,,,,
expert,fantasypros_ecr,2021,00-0035217,Benny Snell Jr.,PIT,221,236.39,45.13,156.0,366.0,2021-08-27,RB,1,2026-07-26T23:25:47.591283+00:00,,,,
expert,fantasypros_ecr,2021,00-0036078,Xavier Jones,LAR,222,236.74,63.18,136.0,389.0,2021-08-27,RB,1,2026-07-26T23:25:47.591283+00:00,,,,
expert,fantasypros_ecr,2021,00-0036255,Denzel Mims,NYJ,223,239.59,45.99,126.0,367.0,2021-08-27,WR,1,2026-07-26T23:25:47.591283+00:00,,,,
expert,fantasypros_ecr,2021,00-0027939,Cam Newton,NE,224,240.5,61.27,95.0,381.0,2021-08-27,QB,1,2026-07-26T23:25:47.591283+00:00,,,,
expert,fantasypros_ecr,2021,00-0036412,KJ Hamler,DEN,225,241.91,34.65,132.0,371.0,2021-08-27,WR,1,2026-07-26T23:25:47.591283+00:00,,,,
expert,fantasypros_ecr,2021,00-0035537,Ty Johnson,NYJ,226,242.29,63.58,98.0,362.0,2021-08-27,RB,1,2026-07-26T23:25:47.591283+00:00,,,,
expert,fantasypros_ecr,2021,00-0031376,Jerick McKinnon,KC,227,242.31,41.29,130.0,356.0,2021-08-27,RB,1,2026-07-26T23:25:47.591283+00:00,,,,
expert,fantasypros_ecr,2021,00-0032972,Devontae Booker,NYG,228,242.42,57.02,120.0,381.0,2021-08-27,RB,1,2026-07-26T23:25:47.591283+00:00,,,,
expert,fantasypros_ecr,2021,00-0035689,Dawson Knox,BUF,229,243.2,29.25,142.0,353.0,2021-08-27,TE,1,2026-07-26T23:25:47.591283+00:00,,,,
expert,fantasypros_ecr,2021,00-0036415,Van Jefferson,LAR,230,244.82,29.51,157.0,337.0,2021-08-27,WR,1,2026-07-26T23:25:47.591283+00:00,,,,
expert,fantasypros_ecr,2021,00-0033943,Josh Reynolds,TEN,231,247.95,32.19,183.0,330.0,2021-08-27,WR,1,2026-07-26T23:25:47.591283+00:00,,,,
expert,fantasypros_ecr,2021,00-0034011,Dan Arnold,CAR,232,248.15,40.5,127.0,340.0,2021-08-27,TE,1,2026-07-26T23:25:47.591283+00:00,,,,
expert,fantasypros_ecr,2021,00-0034353,Anthony Miller,HOU,233,248.64,38.23,169.0,378.0,2021-08-27,WR,1,2026-07-26T23:25:47.591283+00:00,,,,
expert,fantasypros_ecr,2021,00-0025580,Mason Crosby,GB,234,248.92,18.43,192.0,324.0,2021-08-27,K,1,2026-07-26T23:25:47.591283+00:00,,,,
expert,fantasypros_ecr,2021,00-0034115,Jeff Wilson Jr.,SF,235,249.49,50.52,149.0,388.0,2021-08-27,RB,1,2026-07-26T23:25:47.591283+00:00,,,,
expert,fantasypros_ecr,2021,00-0034983,Hunter Renfrow,LV,236,249.75,31.69,156.0,311.0,2021-08-27,WR,1,2026-07-26T23:25:47.591283+00:00,,,,
expert,fantasypros_ecr,2021,00-0034084,Michael Badgley,LAC,237,249.85,19.72,204.0,353.0,2021-08-27,K,1,2026-07-26T23:25:47.591283+00:00,,,,
expert,fantasypros_ecr,2021,00-0033879,O.J. Howard,TB,238,250.35,31.83,136.0,341.0,2021-08-27,TE,1,2026-07-26T23:25:47.591283+00:00,,,,
expert,fantasypros_ecr,2021,00-0035273,Qadree Ollison,ATL,239,250.7,63.53,144.0,390.0,2021-08-27,RB,1,2026-07-26T23:25:47.591283+00:00,,,,
expert,fantasypros_ecr,2021,00-0033375,Tim Patrick,DEN,240,252.81,32.59,174.0,358.0,2021-08-27,WR,1,2026-07-26T23:25:47.591283+00:00,,,,
expert,fantasypros_ecr,2021,00-0026189,DeSean Jackson,LAR,241,253.01,31.65,167.0,374.0,2021-08-27,WR,1,2026-07-26T23:25:47.591283+00:00,,,,
expert,fantasypros_ecr,2021,00-0032918,C.J. Ham,MIN,242,254.33,60.01,173.0,316.0,2021-08-27,RB,1,2026-07-26T23:25:47.591283+00:00,,,,
expert,fantasypros_ecr,2021,00-0033526,Samaje Perine,CIN,243,255.96,56.65,143.0,387.0,2021-08-27,RB,1,2026-07-26T23:25:47.591283+00:00,,,,
expert,fantasypros_ecr,2021,00-0033376,Patrick Ricard,BAL,244,257.33,49.82,187.0,296.0,2021-08-27,RB,1,2026-07-26T23:25:47.591283+00:00,,,,
expert,fantasypros_ecr,2021,00-0033725,Corey Clement,NYG,245,257.5,62.12,156.0,322.0,2021-08-27,RB,1,2026-07-26T23:25:47.591283+00:00,,,,
expert,fantasypros_ecr,2021,00-0034161,Daniel Carlson,LV,246,259.21,26.05,191.0,325.0,2021-08-27,K,1,2026-07-26T23:25:47.591283+00:00,,,,
expert,fantasypros_ecr,2021,00-0036269,La'Mical Perine,NYJ,247,261.95,40.04,186.0,382.0,2021-08-27,RB,1,2026-07-26T23:25:47.591283+00:00,,,,
expert,fantasypros_ecr,2021,00-0036271,Quez Watkins,PHI,248,262.32,58.96,156.0,374.0,2021-08-27,WR,1,2026-07-26T23:25:47.591283+00:00,,,,
expert,fantasypros_ecr,2021,00-0036554,Nico Collins,HOU,249,262.38,46.7,151.0,384.0,2021-08-27,WR,1,2026-07-26T23:25:47.591283+00:00,,,,
expert,fantasypros_ecr,2021,00-0036913,Kadarius Toney,NYG,250,262.41,39.89,160.0,367.0,2021-08-27,WR,1,2026-07-26T23:25:47.591283+00:00,,,,
expert,fantasypros_ecr,2021,00-0033308,Matt Breida,BUF,251,262.43,43.95,149.0,393.0,2021-08-27,RB,1,2026-07-26T23:25:47.591283+00:00,,,,
expert,fantasypros_ecr,2021,00-0036336,Anthony McFarland Jr.,PIT,252,263.55,39.23,181.0,362.0,2021-08-27,RB,1,2026-07-26T23:25:47.591283+00:00,,,,
expert,fantasypros_ecr,2021,00-0035125,Alec Ingold,LV,253,264.0,67.19,169.0,313.0,2021-08-27,RB,1,2026-07-26T23:25:47.591283+00:00,,,,
expert,fantasypros_ecr,2021,00-0033950,Wayne Gallman,SF,254,264.47,42.68,148.0,368.0,2021-08-27,RB,1,2026-07-26T23:25:47.591283+00:00,,,,
expert,fantasypros_ecr,2021,00-0029822,Brandon McManus,DEN,255,264.87,21.77,212.0,298.0,2021-08-27,K,1,2026-07-26T23:25:47.591283+00:00,,,,
expert,fantasypros_ecr,2021,00-0033862,Zane Gonzalez,DET,256,265.67,44.86,218.0,339.0,2021-08-27,K,1,2026-07-26T23:25:47.591283+00:00,,,,
expert,fantasypros_ecr,2021,00-0035269,Matt Gay,LAR,257,266.48,37.88,194.0,342.0,2021-08-27,K,1,2026-07-26T23:25:47.591283+00:00,,,,
expert,fantasypros_ecr,2021,00-0034349,Kerryon Johnson,FA,258,267.02,44.53,168.0,382.0,2021-08-27,RB,1,2026-07-26T23:25:47.591283+00:00,,,,
expert,fantasypros_ecr,2021,00-0034766,Chris Herndon IV,NYJ,259,267.08,34.62,191.0,389.0,2021-08-27,TE,1,2026-07-26T23:25:47.591283+00:00,,,,
expert,fantasypros_ecr,2021,00-0030181,Jack Doyle,IND,260,267.13,33.33,173.0,350.0,2021-08-27,TE,1,2026-07-26T23:25:47.591283+00:00,,,,
expert,fantasypros_ecr,2021,00-0034676,James Washington,PIT,261,267.32,28.76,216.0,366.0,2021-08-27,WR,1,2026-07-26T23:25:47.591283+00:00,,,,
expert,fantasypros_ecr,2021,00-0031237,Teddy Bridgewater,DEN,262,267.7,63.63,121.0,367.0,2021-08-27,QB,1,2026-07-26T23:25:47.591283+00:00,,,,
expert,fantasypros_ecr,2021,00-0036626,Dyami Brown,WAS,263,268.23,54.54,157.0,377.0,2021-08-27,WR,1,2026-07-26T23:25:47.591283+00:00,,,,
expert,fantasypros_ecr,2021,00-0033217,Mo Alie-Cox,IND,264,270.19,44.38,161.0,353.0,2021-08-27,TE,1,2026-07-26T23:25:47.591283+00:00,,,,
expert,fantasypros_ecr,2021,00-0034383,Dalton Schultz,DAL,265,270.46,41.11,135.0,361.0,2021-08-27,TE,1,2026-07-26T23:25:47.591283+00:00,,,,
expert,fantasypros_ecr,2021,00-0033357,Taysom Hill,NO,266,271.69,63.39,91.0,380.0,2021-08-27,QB,1,2026-07-26T23:25:47.591283+00:00,,,,
expert,fantasypros_ecr,2021,00-0036991,Amari Rodgers,GB,267,271.7,39.3,172.0,377.0,2021-08-27,WR,1,2026-07-26T23:25:47.591283+00:00,,,,
expert,fantasypros_ecr,2021,00-0033787,Jake Elliott,PHI,268,271.93,26.92,204.0,342.0,2021-08-27,K,1,2026-07-26T23:25:47.591283+00:00,,,,
expert,fantasypros_ecr,2021,00-0027696,Jimmy Graham,CHI,269,272.81,31.79,163.0,376.0,2021-08-27,TE,1,2026-07-26T23:25:47.591283+00:00,,,,
expert,fantasypros_ecr,2021,00-0035192,Joey Slye,CAR,270,273.49,21.48,204.0,326.0,2021-08-27,K,1,2026-07-26T23:25:47.591283+00:00,,,,
expert,fantasypros_ecr,2021,00-0035350,Preston Williams,MIA,271,275.27,41.46,198.0,384.0,2021-08-27,WR,1,2026-07-26T23:25:47.591283+00:00,,,,
expert,fantasypros_ecr,2021,00-0033537,Deshaun Watson,HOU,272,275.45,80.99,103.0,387.0,2021-08-27,QB,1,2026-07-26T23:25:47.591283+00:00,,,,
expert,fantasypros_ecr,2021,00-0036827,Javian Hawkins,FA,273,276.84,56.29,143.0,390.0,2021-08-27,RB,1,2026-07-26T23:25:47.591283+00:00,,,,
expert,fantasypros_ecr,2021,00-0034364,Jordan Akins,HOU,274,278.85,43.46,153.0,368.0,2021-08-27,TE,1,2026-07-26T23:25:47.591283+00:00,,,,
expert,fantasypros_ecr,2021,00-0036450,Ke'Shawn Vaughn,TB,275,279.65,48.9,181.0,379.0,2021-08-27,RB,1,2026-07-26T23:25:47.591283+00:00,,,,
expert,fantasypros_ecr,2021,00-0032977,Rashard Higgins,CLE,276,279.95,27.54,222.0,376.0,2021-08-27,WR,1,2026-07-26T23:25:47.591283+00:00,,,,
expert,fantasypros_ecr,2021,00-0036988,Josh Palmer,LAC,277,280.17,58.61,171.0,389.0,2021-08-27,WR,1,2026-07-26T23:25:47.591283+00:00,,,,
expert,fantasypros_ecr,2021,00-0036488,Quinn Nordin,NE,278,281.0,44.59,219.0,322.0,2021-08-27,K,1,2026-07-26T23:25:47.591283+00:00,,,,
expert,fantasypros_ecr,2021,00-0031136,Chris Boswell,PIT,279,281.1,19.34,198.0,332.0,2021-08-27,K,1,2026-07-26T23:25:47.591283+00:00,,,,
expert,fantasypros_ecr,2021,00-0035208,Olamide Zaccheaus,ATL,280,281.56,51.2,161.0,378.0,2021-08-27,WR,1,2026-07-26T23:25:47.591283+00:00,,,,
expert,fantasypros_ecr,2021,00-0032726,Ka'imi Fairbairn,HOU,281,281.72,33.6,215.0,353.0,2021-08-27,K,1,2026-07-26T23:25:47.591283+00:00,,,,
expert,fantasypros_ecr,2021,00-0033681,Keelan Cole Sr.,NYJ,282,281.98,45.99,179.0,409.0,2021-08-27,WR,1,2026-07-26T23:25:47.591283+00:00,,,,
expert,fantasypros_ecr,2021,00-0034366,Keke Coutee,HOU,283,282.73,32.2,182.0,376.0,2021-08-27,WR,1,2026-07-26T23:25:47.591283+00:00,,,,
expert,fantasypros_ecr,2021,00-0032134,C.J. Uzomah,CIN,284,283.03,45.13,188.0,373.0,2021-08-27,TE,1,2026-07-26T23:25:47.591283+00:00,,,,
expert,fantasypros_ecr,2021,00-0036894,Pat Freiermuth,PIT,285,283.23,56.55,152.0,394.0,2021-08-27,TE,1,2026-07-26T23:25:47.591283+00:00,,,,
expert,fantasypros_ecr,2021,00-0035329,Donald Parham Jr.,LAC,286,283.77,42.64,163.0,366.0,2021-08-27,TE,1,2026-07-26T23:25:47.591283+00:00,,,,
expert,fantasypros_ecr,2021,00-0036277,Quintez Cephus,DET,287,283.91,32.04,204.0,369.0,2021-08-27,WR,1,2026-07-26T23:25:47.591283+00:00,,,,
expert,fantasypros_ecr,2021,00-0036040,Juwan Johnson,NO,288,284.13,72.78,152.0,458.0,2021-08-27,TE,1,2026-07-26T23:25:47.591283+00:00,,,,
expert,fantasypros_ecr,2021,00-0032775,Demarcus Robinson,KC,289,284.73,55.18,147.0,387.0,2021-08-27,WR,1,2026-07-26T23:25:47.591283+00:00,,,,
expert,fantasypros_ecr,2021,00-0033307,Kendrick Bourne,NE,290,285.54,36.45,210.0,372.0,2021-08-27,WR,1,2026-07-26T23:25:47.591283+00:00,,,,
expert,fantasypros_ecr,2021,00-0030496,Le'Veon Bell,FA,291,287.27,47.3,161.0,387.0,2021-08-27,RB,1,2026-07-26T23:25:47.591283+00:00,,,,
expert,fantasypros_ecr,2021,00-0030098,Dustin Hopkins,WAS,292,287.95,24.97,216.0,332.0,2021-08-27,K,1,2026-07-26T23:25:47.591283+00:00,,,,
expert,fantasypros_ecr,2021,00-0033251,Zach Pascal,IND,293,288.15,30.83,216.0,381.0,2021-08-27,WR,1,2026-07-26T23:25:47.591283+00:00,,,,
expert,fantasypros_ecr,2021,00-0032426,Alex Collins,SEA,294,288.55,62.46,189.0,380.0,2021-08-27,RB,1,2026-07-26T23:25:47.591283+00:00,,,,
expert,fantasypros_ecr,2021,00-0036233,Donovan Peoples-Jones,CLE,295,288.71,44.11,160.0,380.0,2021-08-27,WR,1,2026-07-26T23:25:47.591283+00:00,,,,
expert,fantasypros_ecr,2021,00-0036620,D'Wayne Eskridge,SEA,296,288.99,45.27,173.0,374.0,2021-08-27,WR,1,2026-07-26T23:25:47.591283+00:00,,,,
expert,fantasypros_ecr,2021,00-0034297,Byron Pringle,KC,297,289.85,54.01,174.0,393.0,2021-08-27,WR,1,2026-07-26T23:25:47.591283+00:00,,,,
expert,fantasypros_ecr,2021,00-0036650,Larry Rountree III,LAC,298,290.88,66.73,134.0,386.0,2021-08-27,RB,1,2026-07-26T23:25:47.591283+00:00,,,,
expert,fantasypros_ecr,2021,00-0035624,N'Keal Harry,NE,299,291.51,36.89,214.0,396.0,2021-08-27,WR,1,2026-07-26T23:25:47.591283+00:00,,,,
expert,fantasypros_ecr,2021,00-0028660,Dan Bailey,FA,300,291.97,26.99,233.0,342.0,2021-08-27,K,1,2026-07-26T23:25:47.591283+00:00,,,,
expert,fantasypros_ecr,2021,00-0032087,Josh Lambo,JAC,301,292.75,21.97,179.0,332.0,2021-08-27,K,1,2026-07-26T23:25:47.591283+00:00,,,,
expert,fantasypros_ecr,2021,00-0033025,Jalen Richard,LV,302,292.84,32.02,188.0,389.0,2021-08-27,RB,1,2026-07-26T23:25:47.591283+00:00,,,,
expert,fantasypros_ecr,2021,00-0027891,Golden Tate,FA,303,292.95,45.84,223.0,374.0,2021-08-27,WR,1,2026-07-26T23:25:47.591283+00:00,,,,
expert,fantasypros_ecr,2021,00-0027981,Kyle Rudolph,NYG,304,293.12,29.99,236.0,360.0,2021-08-27,TE,1,2026-07-26T23:25:47.591283+00:00,,,,
expert,fantasypros_ecr,2021,00-0031345,Jimmy Garoppolo,SF,305,294.12,51.01,149.0,385.0,2021-08-27,QB,1,2026-07-26T23:25:47.591283+00:00,,,,
expert,fantasypros_ecr,2021,00-0036425,DeeJay Dallas,SEA,306,294.77,36.32,187.0,387.0,2021-08-27,RB,1,2026-07-26T23:25:47.591283+00:00,,,,
expert,fantasypros_ecr,2021,00-0032241,Todd Gurley II,FA,307,295.07,52.31,186.0,384.0,2021-08-27,RB,1,2026-07-26T23:25:47.591283+00:00,,,,
expert,fantasypros_ecr,2021,00-0032870,Aldrick Rosas,NO,308,297.5,47.73,215.0,328.0,2021-08-27,K,1,2026-07-26T23:25:47.591283+00:00,,,,
expert,fantasypros_ecr,2021,00-0034365,Ian Thomas,CAR,309,299.46,33.0,226.0,381.0,2021-08-27,TE,1,2026-07-26T23:25:47.591283+00:00,,,,
expert,fantasypros_ecr,2021,00-0026858,Graham Gano,NYG,310,299.61,26.0,224.0,353.0,2021-08-27,K,1,2026-07-26T23:25:47.591283+00:00,,,,
expert,fantasypros_ecr,2021,00-0036567,Elijah Mitchell,SF,311,300.38,62.73,190.0,386.0,2021-08-27,RB,1,2026-07-26T23:25:47.591283+00:00,,,,
expert,fantasypros_ecr,2021,00-0034159,Will Dissly,SEA,312,300.86,34.01,191.0,374.0,2021-08-27,TE,1,2026-07-26T23:25:47.591283+00:00,,,,
expert,fantasypros_ecr,2021,00-0033138,Sam Ficken,TEN,313,300.92,25.49,252.0,332.0,2021-08-27,K,1,2026-07-26T23:25:47.591283+00:00,,,,
expert,fantasypros_ecr,2021,00-0031203,Cairo Santos,CHI,314,301.27,29.06,213.0,346.0,2021-08-27,K,1,2026-07-26T23:25:47.591283+00:00,,,,
expert,fantasypros_ecr,2021,00-0030968,Keith Smith,ATL,315,301.33,54.65,225.0,350.0,2021-08-27,RB,1,2026-07-26T23:25:47.591283+00:00,,,,
expert,fantasypros_ecr,2021,00-0032009,Adam Humphries,WAS,316,301.41,54.22,181.0,381.0,2021-08-27,WR,1,2026-07-26T23:25:47.591283+00:00,,,,
expert,fantasypros_ecr,2021,00-0035215,Deonte Harris,NO,317,301.46,49.05,169.0,373.0,2021-08-27,WR,1,2026-07-26T23:25:47.591283+00:00,,,,
expert,fantasypros_ecr,2021,00-0036972,Mac Jones,NE,318,301.5,50.37,161.0,385.0,2021-08-27,QB,1,2026-07-26T23:25:47.591283+00:00,,,,
expert,fantasypros_ecr,2021,00-0035592,Travis Fulgham,PHI,319,301.72,35.87,189.0,386.0,2021-08-27,WR,1,2026-07-26T23:25:47.591283+00:00,,,,
expert,fantasypros_ecr,2021,00-0035704,Drew Lock,DEN,320,301.76,43.76,177.0,385.0,2021-08-27,QB,1,2026-07-26T23:25:47.591283+00:00,,,,
expert,fantasypros_ecr,2021,00-0028118,Tyrod Taylor,HOU,321,302.63,53.22,159.0,389.0,2021-08-27,QB,1,2026-07-26T23:25:47.591283+00:00,,,,
expert,fantasypros_ecr,2021,00-0030288,Rex Burkhead,HOU,322,302.72,32.09,181.0,393.0,2021-08-27,RB,1,2026-07-26T23:25:47.591283+00:00,,,,
expert,fantasypros_ecr,2021,00-0035457,Tyron Johnson,LAC,323,303.11,32.47,242.0,385.0,2021-08-27,WR,1,2026-07-26T23:25:47.591283+00:00,,,,
expert,fantasypros_ecr,2021,00-0035358,Chase McLaughlin,CLE,324,303.13,28.37,254.0,342.0,2021-08-27,K,1,2026-07-26T23:25:47.591283+00:00,,,,
expert,fantasypros_ecr,2021,00-0032780,Jordan Howard,PHI,325,303.24,39.34,183.0,368.0,2021-08-27,RB,1,2026-07-26T23:25:47.591283+00:00,,,,
expert,fantasypros_ecr,2021,00-0032062,Blake Bell,KC,326,304.5,66.5,238.0,371.0,2021-08-27,TE,1,2026-07-26T23:25:47.591283+00:00,,,,
expert,fantasypros_ecr,2021,00-0029892,Kyle Juszczyk,SF,327,305.5,54.98,188.0,388.0,2021-08-27,RB,1,2026-07-26T23:25:47.591283+00:00,,,,
expert,fantasypros_ecr,2021,00-0032257,Duke Johnson Jr.,FA,328,305.81,42.86,181.0,385.0,2021-08-27,RB,1,2026-07-26T23:25:47.591283+00:00,,,,
expert,fantasypros_ecr,2021,00-0033296,Alex Armah,NO,329,307.0,73.61,203.0,363.0,2021-08-27,RB,1,2026-07-26T23:25:47.591283+00:00,,,,
expert,fantasypros_ecr,2021,00-0024333,Stephen Gostkowski,FA,330,307.07,20.19,234.0,353.0,2021-08-27,K,1,2026-07-26T23:25:47.591283+00:00,,,,
expert,fantasypros_ecr,2021,00-0036860,Jake Funk,LAR,331,307.11,53.93,187.0,393.0,2021-08-27,RB,1,2026-07-26T23:25:47.591283+00:00,,,,
expert,fantasypros_ecr,2021,00-0035145,Austin Seibert,CIN,332,307.24,21.7,213.0,353.0,2021-08-27,K,1,2026-07-26T23:25:47.591283+00:00,,,,
expert,fantasypros_ecr,2021,00-0032214,Tyler Kroft,NYJ,333,307.73,70.49,161.0,394.0,2021-08-27,TE,1,2026-07-26T23:25:47.591283+00:00,,,,
expert,fantasypros_ecr,2021,00-0036755,Jaret Patterson,WAS,334,307.74,44.27,226.0,387.0,2021-08-27,RB,1,2026-07-26T23:25:47.591283+00:00,,,,
expert,fantasypros_ecr,2021,00-0030850,Cody Parkey,CLE,335,308.81,23.54,241.0,353.0,2021-08-27,K,1,2026-07-26T23:25:47.591283+00:00,,,,
expert,fantasypros_ecr,2021,00-0033896,Adam Shaheen,MIA,336,309.67,6.02,304.0,318.0,2021-08-27,TE,1,2026-07-26T23:25:47.591283+00:00,,,,
expert,fantasypros_ecr,2021,00-0036854,Evan McPherson,CIN,337,310.15,29.06,223.0,353.0,2021-08-27,K,1,2026-07-26T23:25:47.591283+00:00,,,,
expert,fantasypros_ecr,2021,00-0034270,Tyler Conklin,MIN,338,310.57,33.85,229.0,357.0,2021-08-27,TE,1,2026-07-26T23:25:47.591283+00:00,,,,
expert,fantasypros_ecr,2021,00-0034164,Trenton Cannon,CAR,339,310.67,73.33,207.0,365.0,2021-08-27,RB,1,2026-07-26T23:25:47.591283+00:00,,,,
expert,fantasypros_ecr,2021,00-0025565,Nick Folk,NE,340,310.7,22.77,249.0,351.0,2021-08-27,K,1,2026-07-26T23:25:47.591283+00:00,,,,
expert,fantasypros_ecr,2021,00-0034450,Greg Joseph,MIN,341,311.45,21.94,265.0,353.0,2021-08-27,K,1,2026-07-26T23:25:47.591283+00:00,,,,
expert,fantasypros_ecr,2021,00-0033955,Jeremy McNichols,TEN,342,311.6,41.9,258.0,380.0,2021-08-27,RB,1,2026-07-26T23:25:47.591283+00:00,,,,
expert,fantasypros_ecr,2021,00-0035298,Scotty Miller,TB,343,311.95,28.54,244.0,390.0,2021-08-27,WR,1,2026-07-26T23:25:47.591283+00:00,,,,
expert,fantasypros_ecr,2021,00-0036669,Kylin Hill,GB,344,312.17,46.11,235.0,386.0,2021-08-27,RB,1,2026-07-26T23:25:47.591283+00:00,,,,
expert,fantasypros_ecr,2021,00-0036177,Tucker McCann,TEN,345,312.73,25.54,252.0,342.0,2021-08-27,K,1,2026-07-26T23:25:47.591283+00:00,,,,
expert,fantasypros_ecr,2021,00-0034799,Kalen Ballage,PIT,346,312.91,35.6,227.0,388.0,2021-08-27,RB,1,2026-07-26T23:25:47.591283+00:00,,,,
expert,fantasypros_ecr,2021,00-0033246,Johnny Mundt,LAR,347,314.0,67.0,247.0,381.0,2021-08-27,TE,1,2026-07-26T23:25:47.591283+00:00,,,,
expert,fantasypros_ecr,2021,00-0033733,Greg Ward,PHI,348,315.08,28.94,247.0,379.0,2021-08-27,WR,1,2026-07-26T23:25:47.591283+00:00,,,,
expert,fantasypros_ecr,2021,00-0027876,Tim Tebow,JAC,349,315.67,35.19,267.0,349.0,2021-08-27,TE,1,2026-07-26T23:25:47.591283+00:00,,,,
expert,fantasypros_ecr,2021,00-0035291,Trayveon Williams,CIN,350,315.9,44.01,223.0,388.0,2021-08-27,RB,1,2026-07-26T23:25:47.591283+00:00,,,,
expert,fantasypros_ecr,2021,00-0036383,Eno Benjamin,ARI,351,316.12,36.37,193.0,385.0,2021-08-27,RB,1,2026-07-26T23:25:47.591283+00:00,,,,
expert,fantasypros_ecr,2021,00-0036857,Chris Evans,CIN,352,317.51,52.3,193.0,393.0,2021-08-27,RB,1,2026-07-26T23:25:47.591283+00:00,,,,
expert,fantasypros_ecr,2021,00-0036232,Harrison Bryant,CLE,353,317.56,32.27,233.0,376.0,2021-08-27,TE,1,2026-07-26T23:25:47.591283+00:00,,,,
expert,fantasypros_ecr,2021,00-0036096,J.J. Taylor,NE,354,318.25,60.27,237.0,392.0,2021-08-27,RB,1,2026-07-26T23:25:47.591283+00:00,,,,
expert,fantasypros_ecr,2021,00-0036436,Sam Sloman,PIT,355,318.69,14.21,276.0,342.0,2021-08-27,K,1,2026-07-26T23:25:47.591283+00:00,,,,
expert,fantasypros_ecr,2021,00-0029421,Randy Bullock,DET,356,319.91,22.89,240.0,353.0,2021-08-27,K,1,2026-07-26T23:25:47.591283+00:00,,,,
expert,fantasypros_ecr,2021,00-0036879,Sam Ehlinger,IND,357,320.0,0.0,320.0,320.0,2021-08-27,QB,1,2026-07-26T23:25:47.591283+00:00,,,,
expert,fantasypros_ecr,2021,00-0030549,Tyler Eifert,FA,358,320.68,34.6,267.0,389.0,2021-08-27,TE,1,2026-07-26T23:25:47.591283+00:00,,,,
expert,fantasypros_ecr,2021,00-0035256,Bryce Love,FA,359,320.79,19.32,283.0,365.0,2021-08-27,RB,1,2026-07-26T23:25:47.591283+00:00,,,,
expert,fantasypros_ecr,2021,00-0035631,Drew Sample,CIN,360,320.83,40.46,236.0,394.0,2021-08-27,TE,1,2026-07-26T23:25:47.591283+00:00,,,,
expert,fantasypros_ecr,2021,00-0034652,Cameron Batson,TEN,361,321.0,41.7,265.0,365.0,2021-08-27,WR,1,2026-07-26T23:25:47.591283+00:00,,,,
expert,fantasypros_ecr,2021,00-0035527,Andy Isabella,ARI,362,321.33,32.78,263.0,418.0,2021-08-27,WR,1,2026-07-26T23:25:47.591283+00:00,,,,
expert,fantasypros_ecr,2021,00-0036254,Collin Johnson,JAC,363,321.7,52.57,222.0,390.0,2021-08-27,WR,1,2026-07-26T23:25:47.591283+00:00,,,,
expert,fantasypros_ecr,2021,00-0036627,Dez Fitzpatrick,TEN,364,322.26,46.11,204.0,396.0,2021-08-27,WR,1,2026-07-26T23:25:47.591283+00:00,,,,
expert,fantasypros_ecr,2021,00-0032128,Chris Conley,HOU,365,323.17,52.13,208.0,392.0,2021-08-27,WR,1,2026-07-26T23:25:47.591283+00:00,,,,
expert,fantasypros_ecr,2021,00-0031868,Damiere Byrd,CHI,366,323.43,50.02,226.0,381.0,2021-08-27,WR,1,2026-07-26T23:25:47.591283+00:00,,,,
expert,fantasypros_ecr,2021,00-0033839,Dede Westbrook,MIN,367,323.97,34.14,268.0,390.0,2021-08-27,WR,1,2026-07-26T23:25:47.591283+00:00,,,,
expert,fantasypros_ecr,2021,00-0034378,Ito Smith,MIN,368,324.06,29.83,254.0,382.0,2021-08-27,RB,1,2026-07-26T23:25:47.591283+00:00,,,,
expert,fantasypros_ecr,2021,00-0036670,Jermar Jefferson,DET,369,324.13,34.2,227.0,386.0,2021-08-27,RB,1,2026-07-26T23:25:47.591283+00:00,,,,
expert,fantasypros_ecr,2021,00-0034400,Jordan Wilkins,IND,370,324.38,27.65,257.0,392.0,2021-08-27,RB,1,2026-07-26T23:25:47.591283+00:00,,,,
expert,fantasypros_ecr,2021,00-0034975,Justice Hill,BAL,371,324.6,27.69,256.0,392.0,2021-08-27,RB,1,2026-07-26T23:25:47.591283+00:00,,,,
expert,fantasypros_ecr,2021,00-0036423,Albert Okwuegbunam,DEN,372,324.62,35.14,207.0,382.0,2021-08-27,TE,1,2026-07-26T23:25:47.591283+00:00,,,,
expert,fantasypros_ecr,2021,00-0033885,David Njoku,CLE,373,324.7,29.22,258.0,391.0,2021-08-27,TE,1,2026-07-26T23:25:47.591283+00:00,,,,
expert,fantasypros_ecr,2021,00-0036469,Matt Ammendola,NYJ,374,325.0,14.47,300.0,342.0,2021-08-27,K,1,2026-07-26T23:25:47.591283+00:00,,,,
expert,fantasypros_ecr,2021,00-0031595,Michael Burton,KC,375,325.0,3.0,322.0,328.0,2021-08-27,RB,1,2026-07-26T23:25:47.591283+00:00,,,,
expert,fantasypros_ecr,2021,00-0035148,Darwin Thompson,KC,376,325.09,41.38,245.0,380.0,2021-08-27,RB,1,2026-07-26T23:25:47.591283+00:00,,,,
expert,fantasypros_ecr,2021,00-0031558,Maxx Williams,ARI,377,326.0,43.61,256.0,374.0,2021-08-27,TE,1,2026-07-26T23:25:47.591283+00:00,,,,
expert,fantasypros_ecr,2021,00-0025394,Adrian Peterson,FA,378,326.07,33.53,222.0,388.0,2021-08-27,RB,1,2026-07-26T23:25:47.591283+00:00,,,,
expert,fantasypros_ecr,2021,00-0033567,Brian Hill,TEN,379,326.25,24.2,245.0,368.0,2021-08-27,RB,1,2026-07-26T23:25:47.591283+00:00,,,,
expert,fantasypros_ecr,2021,00-0034928,Steven Sims Jr.,BUF,380,326.38,35.87,265.0,388.0,2021-08-27,WR,1,2026-07-26T23:25:47.591283+00:00,,,,
expert,fantasypros_ecr,2021,00-0031484,Chris Manhertz,JAC,381,327.0,56.5,249.0,381.0,2021-08-27,TE,1,2026-07-26T23:25:47.591283+00:00,,,,
expert,fantasypros_ecr,2021,00-0034331,Jaylen Samuels,PIT,382,327.0,0.0,327.0,327.0,2021-08-27,RB,1,2026-07-26T23:25:47.591283+00:00,,,,
expert,fantasypros_ecr,2021,00-0032791,Jakeem Grant Sr.,MIA,383,327.67,17.17,306.0,348.0,2021-08-27,WR,1,2026-07-26T23:25:47.591283+00:00,,,,
expert,fantasypros_ecr,2021,00-0034208,Mike Boone,DEN,384,327.84,46.65,213.0,392.0,2021-08-27,RB,1,2026-07-26T23:25:47.591283+00:00,,,,
expert,fantasypros_ecr,2021,00-0022921,Larry Fitzgerald,FA,385,327.94,38.72,263.0,395.0,2021-08-27,WR,1,2026-07-26T23:25:47.591283+00:00,,,,
expert,fantasypros_ecr,2021,00-0026035,Danny Amendola,FA,386,328.18,26.77,270.0,377.0,2021-08-27,WR,1,2026-07-26T23:25:47.591283+00:00,,,,
expert,fantasypros_ecr,2021,00-0036572,Shi Smith,CAR,387,328.5,38.71,275.0,379.0,2021-08-27,WR,1,2026-07-26T23:25:47.591283+00:00,,,,
expert,fantasypros_ecr,2021,00-0033589,David Moore,CAR,388,328.55,49.06,243.0,396.0,2021-08-27,WR,1,2026-07-26T23:25:47.591283+00:00,,,,
expert,fantasypros_ecr,2021,00-0029137,Alshon Jeffery,FA,389,328.69,25.81,271.0,370.0,2021-08-27,WR,1,2026-07-26T23:25:47.591283+00:00,,,,
expert,fantasypros_ecr,2021,00-0036637,Noah Gray,KC,390,328.86,46.8,250.0,417.0,2021-08-27,TE,1,2026-07-26T23:25:47.591283+00:00,,,,
expert,fantasypros_ecr,2021,00-0031285,Devonta Freeman,NO,391,329.35,30.53,277.0,393.0,2021-08-27,RB,1,2026-07-26T23:25:47.591283+00:00,,,,
expert,fantasypros_ecr,2021,00-0034798,Durham Smythe,MIA,392,329.5,44.5,285.0,374.0,2021-08-27,TE,1,2026-07-26T23:25:47.591283+00:00,,,,
expert,fantasypros_ecr,2021,00-0036849,Tutu Atwell,LAR,393,329.84,39.9,240.0,384.0,2021-08-27,WR,1,2026-07-26T23:25:47.591283+00:00,,,,
expert,fantasypros_ecr,2021,00-0032200,Ty Montgomery,NO,394,331.0,26.6,311.0,381.0,2021-08-27,RB,1,2026-07-26T23:25:47.591283+00:00,,,,
expert,fantasypros_ecr,2021,00-0033854,Dare Ogunbowale,JAC,395,331.13,44.84,186.0,392.0,2021-08-27,RB,1,2026-07-26T23:25:47.591283+00:00,,,,
expert,fantasypros_ecr,2021,00-0035414,Jalen Guyton,LAC,396,331.28,43.56,224.0,393.0,2021-08-27,WR,1,2026-07-26T23:25:47.591283+00:00,,,,
expert,fantasypros_ecr,2021,00-0035703,Miles Boykin,BAL,397,331.57,29.14,270.0,395.0,2021-08-27,WR,1,2026-07-26T23:25:47.591283+00:00,,,,
expert,fantasypros_ecr,2021,00-0036578,Gerrid Doaks,MIA,398,331.75,37.14,277.0,388.0,2021-08-27,RB,1,2026-07-26T23:25:47.591283+00:00,,,,
expert,fantasypros_ecr,2021,00-0033387,Jacob Hollister,BUF,399,333.05,32.91,254.0,376.0,2021-08-27,TE,1,2026-07-26T23:25:47.591283+00:00,,,,
expert,fantasypros_ecr,2021,00-0035406,Lil'Jordan Humphrey,NO,400,333.33,38.11,297.0,414.0,2021-08-27,WR,1,2026-07-26T23:25:47.591283+00:00,,,,
expert,fantasypros_ecr,2021,00-0033466,Isaiah McKenzie,BUF,401,333.6,48.37,223.0,395.0,2021-08-27,WR,1,2026-07-26T23:25:47.591283+00:00,,,,
expert,fantasypros_ecr,2021,00-0033891,Zay Jones,LV,402,333.67,89.93,240.0,455.0,2021-08-27,WR,1,2026-07-26T23:25:47.591283+00:00,,,,
expert,fantasypros_ecr,2021,00-0027973,Andy Dalton,CHI,403,334.12,37.78,182.0,387.0,2021-08-27,QB,1,2026-07-26T23:25:47.591283+00:00,,,,
expert,fantasypros_ecr,2021,00-0035628,D'Ernest Johnson,CLE,404,334.33,6.18,329.0,343.0,2021-08-27,RB,1,2026-07-26T23:25:47.591283+00:00,,,,
expert,fantasypros_ecr,2021,00-0027029,LeSean McCoy,FA,405,335.63,23.59,293.0,376.0,2021-08-27,RB,1,2026-07-26T23:25:47.591283+00:00,,,,
expert,fantasypros_ecr,2021,00-0034132,Christian Blake,ATL,406,335.67,36.23,295.0,383.0,2021-08-27,WR,1,2026-07-26T23:25:47.591283+00:00,,,,
expert,fantasypros_ecr,2021,00-0030404,Chris Thompson,FA,407,335.76,24.68,270.0,386.0,2021-08-27,RB,1,2026-07-26T23:25:47.591283+00:00,,,,
expert,fantasypros_ecr,2021,00-0034838,Royce Freeman,DEN,408,335.84,38.57,195.0,392.0,2021-08-27,RB,1,2026-07-26T23:25:47.591283+00:00,,,,
expert,fantasypros_ecr,2021,00-0036647,Cornell Powell,KC,409,336.96,56.42,229.0,466.0,2021-08-27,WR,1,2026-07-26T23:25:47.591283+00:00,,,,
expert,fantasypros_ecr,2021,00-0034432,Bo Scarbrough,LV,410,337.5,48.5,289.0,386.0,2021-08-27,RB,1,2026-07-26T23:25:47.591283+00:00,,,,
expert,fantasypros_ecr,2021,00-0036906,Khalil Herbert,CHI,411,337.58,30.77,268.0,385.0,2021-08-27,RB,1,2026-07-26T23:25:47.591283+00:00,,,,
expert,fantasypros_ecr,2021,00-0036630,Tylan Wallace,BAL,412,337.97,40.7,269.0,480.0,2021-08-27,WR,1,2026-07-26T23:25:47.591283+00:00,,,,
expert,fantasypros_ecr,2021,00-0034487,Trent Sherfield,SF,413,338.33,123.18,203.0,501.0,2021-08-27,WR,1,2026-07-26T23:25:47.591283+00:00,,,,
expert,fantasypros_ecr,2021,00-0034971,Jalen Hurd,SF,414,338.6,37.12,263.0,384.0,2021-08-27,WR,1,2026-07-26T23:25:47.591283+00:00,,,,
expert,fantasypros_ecr,2021,00-0031951,James O'Shaughnessy,JAC,415,338.82,30.95,282.0,385.0,2021-08-27,TE,1,2026-07-26T23:25:47.591283+00:00,,,,
expert,fantasypros_ecr,2021,00-0030578,Cordarrelle Patterson,ATL,416,339.08,42.92,205.0,395.0,2021-08-27,WR,1,2026-07-26T23:25:47.591283+00:00,,,,
expert,fantasypros_ecr,2021,00-0037005,Tommy Tremble,CAR,417,339.17,28.78,287.0,371.0,2021-08-27,TE,1,2026-07-26T23:25:47.591283+00:00,,,,
expert,fantasypros_ecr,2021,00-0036515,Chris Naggar,NYJ,418,339.5,13.5,326.0,353.0,2021-08-27,K,1,2026-07-26T23:25:47.591283+00:00,,,,
expert,fantasypros_ecr,2021,00-0029632,Mohamed Sanu,SF,419,339.75,26.26,283.0,379.0,2021-08-27,WR,1,2026-07-26T23:25:47.591283+00:00,,,,
expert,fantasypros_ecr,2021,00-0036654,Demetric Felton,CLE,420,340.5,7.5,333.0,348.0,2021-08-27,WR,1,2026-07-26T23:25:47.591283+00:00,,,,
expert,fantasypros_ecr,2021,00-0033460,John Ross,NYG,421,341.08,51.47,290.0,661.0,2021-08-27,WR,1,2026-07-26T23:25:47.591283+00:00,,,,
expert,fantasypros_ecr,2021,00-0036331,Devin Duvernay,BAL,422,341.39,39.99,216.0,384.0,2021-08-27,WR,1,2026-07-26T23:25:47.591283+00:00,,,,
expert,fantasypros_ecr,2021,00-0036918,Jacob Harris,LAR,423,341.52,45.53,235.0,453.0,2021-08-27,TE,1,2026-07-26T23:25:47.591283+00:00,,,,
expert,fantasypros_ecr,2021,00-0034686,Auden Tate,CIN,424,342.04,38.88,262.0,396.0,2021-08-27,WR,1,2026-07-26T23:25:47.591283+00:00,,,,
expert,fantasypros_ecr,2021,00-0033925,D'Onta Foreman,ATL,425,342.14,30.54,295.0,382.0,2021-08-27,RB,1,2026-07-26T23:25:47.591283+00:00,,,,
expert,fantasypros_ecr,2021,00-0032464,Kalif Raymond,DET,426,342.25,82.82,200.0,407.0,2021-08-27,WR,1,2026-07-26T23:25:47.591283+00:00,,,,
expert,fantasypros_ecr,2021,00-0036427,Tyler Johnson,TB,427,342.29,48.87,271.0,518.0,2021-08-27,WR,1,2026-07-26T23:25:47.591283+00:00,,,,
expert,fantasypros_ecr,2021,00-0032741,Peyton Barber,WAS,428,342.87,28.31,241.0,393.0,2021-08-27,RB,1,2026-07-26T23:25:47.591283+00:00,,,,
expert,fantasypros_ecr,2021,00-0031384,Richard Rodgers,PHI,429,343.17,33.5,294.0,388.0,2021-08-27,TE,1,2026-07-26T23:25:47.591283+00:00,,,,
expert,fantasypros_ecr,2021,00-0030085,Kenny Stills,BUF,430,343.8,38.47,280.0,387.0,2021-08-27,WR,1,2026-07-26T23:25:47.591283+00:00,,,,
expert,fantasypros_ecr,2021,00-0034981,Foster Moreau,LV,431,344.08,34.62,244.0,394.0,2021-08-27,TE,1,2026-07-26T23:25:47.591283+00:00,,,,
expert,fantasypros_ecr,2021,00-0036734,Pooka Williams Jr.,CIN,432,345.5,23.07,316.0,377.0,2021-08-27,RB,1,2026-07-26T23:25:47.591283+00:00,,,,
expert,fantasypros_ecr,2021,00-0023500,Frank Gore,FA,433,345.8,26.94,288.0,380.0,2021-08-27,RB,1,2026-07-26T23:25:47.591283+00:00,,,,
expert,fantasypros_ecr,2021,00-0031273,Cameron Brate,TB,434,346.0,23.23,288.0,389.0,2021-08-27,TE,1,2026-07-26T23:25:47.591283+00:00,,,,
expert,fantasypros_ecr,2021,00-0035671,Jace Sternberger,GB,435,346.0,24.02,313.0,391.0,2021-08-27,TE,1,2026-07-26T23:25:47.591283+00:00,,,,
expert,fantasypros_ecr,2021,00-0034104,Cam Sims,WAS,436,346.31,37.8,262.0,391.0,2021-08-27,WR,1,2026-07-26T23:25:47.591283+00:00,,,,
expert,fantasypros_ecr,2021,00-0034426,Javon Wims,FA,437,346.5,29.5,317.0,376.0,2021-08-27,WR,1,2026-07-26T23:25:47.591283+00:00,,,,
expert,fantasypros_ecr,2021,00-0036556,Brevin Jordan,HOU,438,346.69,37.7,273.0,463.0,2021-08-27,TE,1,2026-07-26T23:25:47.591283+00:00,,,,
expert,fantasypros_ecr,2021,00-0035806,JaMycal Hasty,SF,439,346.8,37.27,274.0,379.0,2021-08-27,RB,1,2026-07-26T23:25:47.591283+00:00,,,,
expert,fantasypros_ecr,2021,00-0035184,Devine Ozigbo,JAC,440,347.58,22.72,299.0,386.0,2021-08-27,RB,1,2026-07-26T23:25:47.591283+00:00,,,,
expert,fantasypros_ecr,2021,00-0033258,Darrell Daniels,ARI,441,348.5,27.5,321.0,376.0,2021-08-27,TE,1,2026-07-26T23:25:47.591283+00:00,,,,
expert,fantasypros_ecr,2021,00-0034286,Richie James Jr.,SF,442,349.2,32.5,306.0,387.0,2021-08-27,WR,1,2026-07-26T23:25:47.591283+00:00,,,,
expert,fantasypros_ecr,2021,00-0032208,Phillip Dorsett II,JAC,443,350.67,17.52,326.0,365.0,2021-08-27,WR,1,2026-07-26T23:25:47.591283+00:00,,,,
expert,fantasypros_ecr,2021,00-0036340,Antonio Gandy-Golden,WAS,444,350.9,26.97,297.0,396.0,2021-08-27,WR,1,2026-07-26T23:25:47.591283+00:00,,,,
expert,fantasypros_ecr,2021,00-0030663,Willie Snead IV,LV,445,351.5,27.96,297.0,383.0,2021-08-27,WR,1,2026-07-26T23:25:47.591283+00:00,,,,
expert,fantasypros_ecr,2021,00-0030108,Ryan Griffin,NYJ,446,351.71,23.73,314.0,387.0,2021-08-27,TE,1,2026-07-26T23:25:47.591283+00:00,,,,
expert,fantasypros_ecr,2021,00-0034309,Chad Beebe,MIN,447,351.8,25.95,309.0,384.0,2021-08-27,WR,1,2026-07-26T23:25:47.591283+00:00,,,,
expert,fantasypros_ecr,2021,00-0036898,Davis Mills,HOU,448,351.87,30.57,284.0,397.0,2021-08-27,QB,1,2026-07-26T23:25:47.591283+00:00,,,,
expert,fantasypros_ecr,2021,00-0034772,Antonio Callaway,KC,449,353.0,58.0,295.0,411.0,2021-08-27,WR,1,2026-07-26T23:25:47.591283+00:00,,,,
expert,fantasypros_ecr,2021,00-0032778,Tajae Sharpe,ATL,450,354.0,38.0,316.0,392.0,2021-08-27,WR,1,2026-07-26T23:25:47.591283+00:00,,,,
expert,fantasypros_ecr,2021,00-0029615,Lamar Miller,WAS,451,354.0,23.0,331.0,377.0,2021-08-27,RB,1,2026-07-26T23:25:47.591283+00:00,,,,
expert,fantasypros_ecr,2021,00-0036876,Kylen Granson,IND,452,354.08,55.09,282.0,517.0,2021-08-27,TE,1,2026-07-26T23:25:47.591283+00:00,,,,
expert,fantasypros_ecr,2021,00-0036842,Kene Nwangwu,MIN,453,354.18,30.56,296.0,386.0,2021-08-27,RB,1,2026-07-26T23:25:47.591283+00:00,,,,
expert,fantasypros_ecr,2021,00-0034073,Ross Dwelley,SF,454,354.75,30.09,325.0,394.0,2021-08-27,TE,1,2026-07-26T23:25:47.591283+00:00,,,,
expert,fantasypros_ecr,2021,00-0036424,Brycen Hopkins,LAR,455,355.0,16.28,337.0,391.0,2021-08-27,TE,1,2026-07-26T23:25:47.591283+00:00,,,,
expert,fantasypros_ecr,2021,00-0035594,Travis Homer,SEA,456,355.22,13.08,336.0,380.0,2021-08-27,RB,1,2026-07-26T23:25:47.591283+00:00,,,,
expert,fantasypros_ecr,2021,00-0035289,Gardner Minshew II,JAC,457,356.35,15.86,334.0,382.0,2021-08-27,QB,1,2026-07-26T23:25:47.591283+00:00,,,,
expert,fantasypros_ecr,2021,00-0036264,Jordan Love,GB,458,356.45,17.73,322.0,387.0,2021-08-27,QB,1,2026-07-26T23:25:47.591283+00:00,,,,
expert,fantasypros_ecr,2021,00-0036226,Jacob Eason,IND,459,356.52,28.1,294.0,394.0,2021-08-27,QB,1,2026-07-26T23:25:47.591283+00:00,,,,
expert,fantasypros_ecr,2021,00-0030710,Trey Burton,FA,460,357.38,21.7,325.0,391.0,2021-08-27,TE,1,2026-07-26T23:25:47.591283+00:00,,,,
expert,fantasypros_ecr,2021,00-0035232,Dwayne Haskins,PIT,461,357.5,16.98,337.0,384.0,2021-08-27,QB,1,2026-07-26T23:25:47.591283+00:00,,,,
expert,fantasypros_ecr,2021,00-0033439,Pharaoh Brown,HOU,462,358.5,30.5,328.0,389.0,2021-08-27,TE,1,2026-07-26T23:25:47.591283+00:00,,,,
expert,fantasypros_ecr,2021,00-0037004,Hunter Long,MIA,463,359.31,18.15,330.0,388.0,2021-08-27,TE,1,2026-07-26T23:25:47.591283+00:00,,,,
expert,fantasypros_ecr,2021,00-0036008,Hunter Bryant,DET,464,359.33,19.14,342.0,386.0,2021-08-27,TE,1,2026-07-26T23:25:47.591283+00:00,,,,
expert,fantasypros_ecr,2021,00-0032141,Geoff Swaim,TEN,465,359.58,26.15,290.0,391.0,2021-08-27,TE,1,2026-07-26T23:25:47.591283+00:00,,,,
expert,fantasypros_ecr,2021,00-0036523,Trey Ragas,LV,466,360.0,33.0,327.0,393.0,2021-08-27,RB,1,2026-07-26T23:25:47.591283+00:00,,,,
expert,fantasypros_ecr,2021,00-0032209,T.J. Yeldon,FA,467,360.0,1.0,359.0,361.0,2021-08-27,RB,1,2026-07-26T23:25:47.591283+00:00,,,,
expert,fantasypros_ecr,2021,00-0029738,Darren Fells,DET,468,360.33,24.09,323.0,389.0,2021-08-27,TE,1,2026-07-26T23:25:47.591283+00:00,,,,
expert,fantasypros_ecr,2021,00-0036188,Antonio Williams,BUF,469,361.0,4.0,357.0,365.0,2021-08-27,RB,1,2026-07-26T23:25:47.591283+00:00,,,,
expert,fantasypros_ecr,2021,00-0032394,Nick Vannett,NO,470,361.5,13.33,335.0,376.0,2021-08-27,TE,1,2026-07-26T23:25:47.591283+00:00,,,,
expert,fantasypros_ecr,2021,00-0030669,Albert Wilson,MIA,471,361.69,81.83,270.0,655.0,2021-08-27,WR,1,2026-07-26T23:25:47.591283+00:00,,,,
expert,fantasypros_ecr,2021,00-0036635,Ihmir Smith-Marsette,MIN,472,361.92,52.39,278.0,503.0,2021-08-27,WR,1,2026-07-26T23:25:47.591283+00:00,,,,
expert,fantasypros_ecr,2021,00-0033275,Phillip Walker,CAR,473,362.0,28.0,334.0,390.0,2021-08-27,QB,1,2026-07-26T23:25:47.591283+00:00,,,,
expert,fantasypros_ecr,2021,00-0035645,Gunner Olszewski,NE,474,362.0,5.0,357.0,367.0,2021-08-27,WR,1,2026-07-26T23:25:47.591283+00:00,,,,
expert,fantasypros_ecr,2021,00-0037011,Tre' McKitty,LAC,475,362.5,8.5,354.0,371.0,2021-08-27,TE,1,2026-07-26T23:25:47.591283+00:00,,,,
expert,fantasypros_ecr,2021,00-0036569,Gary Brightwell,NYG,476,362.67,25.25,327.0,382.0,2021-08-27,RB,1,2026-07-26T23:25:47.591283+00:00,,,,
expert,fantasypros_ecr,2021,00-0036435,Raymond Calais,LAR,477,363.0,22.12,321.0,383.0,2021-08-27,RB,1,2026-07-26T23:25:47.591283+00:00,,,,
expert,fantasypros_ecr,2021,00-0029567,Nick Foles,CHI,478,363.5,9.5,354.0,373.0,2021-08-27,QB,1,2026-07-26T23:25:47.591283+00:00,,,,
expert,fantasypros_ecr,2021,00-0033869,Mitchell Trubisky,BUF,479,363.57,21.06,337.0,395.0,2021-08-27,QB,1,2026-07-26T23:25:47.591283+00:00,,,,
expert,fantasypros_ecr,2021,00-0031800,Taylor Heinicke,WAS,480,363.94,25.8,305.0,397.0,2021-08-27,QB,1,2026-07-26T23:25:47.591283+00:00,,,,
expert,fantasypros_ecr,2021,00-0024243,Marcedes Lewis,GB,481,364.0,30.0,334.0,394.0,2021-08-27,TE,1,2026-07-26T23:25:47.591283+00:00,,,,
expert,fantasypros_ecr,2021,00-0034418,Cedrick Wilson,DAL,482,364.3,21.59,328.0,395.0,2021-08-27,WR,1,2026-07-26T23:25:47.591283+00:00,,,,
expert,fantasypros_ecr,2021,00-0031598,Nick Boyle,BAL,483,366.18,26.14,308.0,394.0,2021-08-27,TE,1,2026-07-26T23:25:47.591283+00:00,,,,
expert,fantasypros_ecr,2021,00-0034419,Braxton Berrios,NYJ,484,367.4,5.89,360.0,377.0,2021-08-27,WR,1,2026-07-26T23:25:47.591283+00:00,,,,
expert,fantasypros_ecr,2021,00-0032268,Marcus Mariota,LV,485,367.83,22.43,329.0,397.0,2021-08-27,QB,1,2026-07-26T23:25:47.591283+00:00,,,,
expert,fantasypros_ecr,2021,00-0032104,Ameer Abdullah,MIN,486,368.0,22.88,336.0,393.0,2021-08-27,RB,1,2026-07-26T23:25:47.591283+00:00,,,,
expert,fantasypros_ecr,2021,00-0035660,Kahale Warring,NE,487,368.14,16.05,347.0,394.0,2021-08-27,TE,1,2026-07-26T23:25:47.591283+00:00,,,,
expert,fantasypros_ecr,2021,00-0036398,John Hightower,PHI,488,368.5,14.5,354.0,383.0,2021-08-27,WR,1,2026-07-26T23:25:47.591283+00:00,,,,
expert,fantasypros_ecr,2021,00-0036247,Freddie Swain,SEA,489,369.9,87.96,290.0,618.0,2021-08-27,WR,1,2026-07-26T23:25:47.591283+00:00,,,,
expert,fantasypros_ecr,2021,00-0035297,Kelvin Harmon,WAS,490,370.0,62.79,310.0,487.0,2021-08-27,WR,1,2026-07-26T23:25:47.591283+00:00,,,,
expert,fantasypros_ecr,2021,00-0036907,Dazz Newsome,CHI,491,370.55,94.73,285.0,653.0,2021-08-27,WR,1,2026-07-26T23:25:47.591283+00:00,,,,
expert,fantasypros_ecr,2021,00-0028237,Chris Hogan,NO,492,374.5,15.5,359.0,390.0,2021-08-27,WR,1,2026-07-26T23:25:47.591283+00:00,,,,
expert,fantasypros_ecr,2021,00-0034279,Equanimeous St. Brown,GB,493,376.5,50.07,333.0,460.0,2021-08-27,WR,1,2026-07-26T23:25:47.591283+00:00,,,,
expert,fantasypros_ecr,2021,00-0035246,J.J. Arcega-Whiteside,PHI,494,381.33,16.05,359.0,396.0,2021-08-27,WR,1,2026-07-26T23:25:47.591283+00:00,,,,
expert,fantasypros_ecr,2021,00-0030068,Marquise Goodwin,CHI,495,382.6,149.63,226.0,666.0,2021-08-27,WR,1,2026-07-26T23:25:47.591283+00:00,,,,
expert,fantasypros_ecr,2021,00-0036999,Anthony Schwartz,CLE,496,384.92,81.92,322.0,648.0,2021-08-27,WR,1,2026-07-26T23:25:47.591283+00:00,,,,
expert,fantasypros_ecr,2021,00-0036810,Cade Johnson,SEA,497,387.5,15.5,372.0,403.0,2021-08-27,WR,1,2026-07-26T23:25:47.591283+00:00,,,,
expert,fantasypros_ecr,2021,00-0031395,Garrett Gilbert,DAL,498,389.0,8.0,381.0,397.0,2021-08-27,QB,1,2026-07-26T23:25:47.591283+00:00,,,,
expert,fantasypros_ecr,2021,00-0036951,Frank Darby,ATL,499,390.17,35.9,349.0,464.0,2021-08-27,WR,1,2026-07-26T23:25:47.591283+00:00,,,,
expert,fantasypros_ecr,2021,00-0036308,Isaiah Coulter,CHI,500,397.67,106.69,271.0,532.0,2021-08-27,WR,1,2026-07-26T23:25:47.591283+00:00,,,,
expert,fantasypros_ecr,2021,00-0036482,Mike Strachan,IND,501,399.0,104.57,286.0,570.0,2021-08-27,WR,1,2026-07-26T23:25:47.591283+00:00,,,,
expert,fantasypros_ecr,2021,00-0035249,Josh Oliver,BAL,502,399.4,40.72,368.0,479.0,2021-08-27,TE,1,2026-07-26T23:25:47.591283+00:00,,,,
expert,fantasypros_ecr,2021,00-0032055,Devin Funchess,GB,503,399.8,140.15,286.0,669.0,2021-08-27,WR,1,2026-07-26T23:25:47.591283+00:00,,,,
expert,fantasypros_ecr,2021,00-0034407,Ray-Ray McCloud,PIT,504,401.0,61.0,340.0,462.0,2021-08-27,WR,1,2026-07-26T23:25:47.591283+00:00,,,,
expert,fantasypros_ecr,2021,00-0036510,Kenny Yeboah,NYJ,505,407.5,81.92,354.0,549.0,2021-08-27,TE,1,2026-07-26T23:25:47.591283+00:00,,,,
expert,fantasypros_ecr,2021,00-0034788,Jaeden Graham,ATL,506,408.0,17.0,391.0,425.0,2021-08-27,TE,1,2026-07-26T23:25:47.591283+00:00,,,,
expert,fantasypros_ecr,2021,00-0036877,Jaelon Darden,TB,507,410.5,141.31,303.0,652.0,2021-08-27,WR,1,2026-07-26T23:25:47.591283+00:00,,,,
expert,fantasypros_ecr,2021,00-0036259,Jauan Jennings,SF,508,420.5,176.5,244.0,597.0,2021-08-27,WR,1,2026-07-26T23:25:47.591283+00:00,,,,
expert,fantasypros_ecr,2021,00-0035308,Tommy Sweeney,BUF,509,437.0,69.0,368.0,506.0,2021-08-27,TE,1,2026-07-26T23:25:47.591283+00:00,,,,
expert,fantasypros_ecr,2021,00-0036345,K.J. Osborn,MIN,510,441.0,71.0,370.0,512.0,2021-08-27,WR,1,2026-07-26T23:25:47.591283+00:00,,,,
expert,fantasypros_ecr,2021,00-0036646,Simi Fehoko,DAL,511,461.0,135.65,338.0,650.0,2021-08-27,WR,1,2026-07-26T23:25:47.591283+00:00,,,,
expert,fantasypros_ecr,2021,00-0031545,Kevin White,NO,512,480.0,135.0,345.0,615.0,2021-08-27,WR,1,2026-07-26T23:25:47.591283+00:00,,,,
expert,fantasypros_ecr,2021,00-0036652,Racey McMath,TEN,513,482.0,124.0,358.0,606.0,2021-08-27,WR,1,2026-07-26T23:25:47.591283+00:00,,,,
expert,fantasypros_ecr,2021,00-0033591,Noah Brown,DAL,514,499.5,135.5,364.0,635.0,2021-08-27,WR,1,2026-07-26T23:25:47.591283+00:00,,,,
expert,fantasypros_ecr,2021,00-0031787,Jake Kumerow,BUF,515,504.0,159.0,345.0,663.0,2021-08-27,WR,1,2026-07-26T23:25:47.591283+00:00,,,,
expert,fantasypros_ecr,2021,00-0035480,Malik Taylor,GB,516,509.5,149.5,360.0,659.0,2021-08-27,WR,1,2026-07-26T23:25:47.591283+00:00,,,,
expert,fantasypros_ecr,2021,00-0032626,Geronimo Allison,DET,517,515.0,139.0,376.0,654.0,2021-08-27,WR,1,2026-07-26T23:25:47.591283+00:00,,,,
expert,fantasypros_ecr,2021,00-0036571,Marquez Stevenson,BUF,518,517.0,155.0,362.0,672.0,2021-08-27,WR,1,2026-07-26T23:25:47.591283+00:00,,,,
expert,fantasypros_ecr,2021,00-0036753,Sage Surratt,DET,519,530.0,156.0,374.0,686.0,2021-08-27,WR,1,2026-07-26T23:25:47.591283+00:00,,,,
expert,fantasypros_ecr,2022,00-0033280,Christian McCaffrey,CAR,1,1.61,1.25,1.0,7.0,2022-08-26,RB,1,2026-07-26T23:25:47.823806+00:00,,,,
expert,fantasypros_ecr,2022,00-0036223,Jonathan Taylor,IND,2,2.05,0.76,1.0,4.0,2022-08-26,RB,1,2026-07-26T23:25:47.823806+00:00,,,,
expert,fantasypros_ecr,2022,00-0033699,Austin Ekeler,LAC,3,3.53,1.92,1.0,16.0,2022-08-26,RB,1,2026-07-26T23:25:47.823806+00:00,,,,
expert,fantasypros_ecr,2022,00-0033893,Dalvin Cook,MIN,4,6.78,4.04,3.0,25.0,2022-08-26,RB,1,2026-07-26T23:25:47.823806+00:00,,,,
expert,fantasypros_ecr,2022,00-0036322,Justin Jefferson,MIN,5,7.42,2.3,3.0,11.0,2022-08-26,WR,1,2026-07-26T23:25:47.823806+00:00,,,,
expert,fantasypros_ecr,2022,00-0033908,Cooper Kupp,LAR,6,8.16,2.53,2.0,13.0,2022-08-26,WR,1,2026-07-26T23:25:47.823806+00:00,,,,
expert,fantasypros_ecr,2022,00-0036893,Najee Harris,PIT,7,8.25,4.94,1.0,21.0,2022-08-26,RB,1,2026-07-26T23:25:47.823806+00:00,,,,
expert,fantasypros_ecr,2022,00-0032764,Derrick Henry,TEN,8,9.71,5.86,2.0,27.0,2022-08-26,RB,1,2026-07-26T23:25:47.823806+00:00,,,,
expert,fantasypros_ecr,2022,00-0036275,D'Andre Swift,DET,9,10.72,5.16,3.0,27.0,2022-08-26,RB,1,2026-07-26T23:25:47.823806+00:00,,,,
expert,fantasypros_ecr,2022,00-0030506,Travis Kelce,KC,10,10.89,4.21,9.0,30.0,2022-08-26,TE,1,2026-07-26T23:25:47.823806+00:00,,,,
expert,fantasypros_ecr,2022,00-0036900,Ja'Marr Chase,CIN,11,11.2,2.49,4.0,22.0,2022-08-26,WR,1,2026-07-26T23:25:47.823806+00:00,,,,
expert,fantasypros_ecr,2022,00-0033897,Joe Mixon,CIN,12,11.43,5.12,3.0,25.0,2022-08-26,RB,1,2026-07-26T23:25:47.823806+00:00,,,,
expert,fantasypros_ecr,2022,00-0031588,Stefon Diggs,BUF,13,13.43,2.47,8.0,23.0,2022-08-26,WR,1,2026-07-26T23:25:47.823806+00:00,,,,
expert,fantasypros_ecr,2022,00-0031381,Davante Adams,LV,14,14.26,2.72,10.0,29.0,2022-08-26,WR,1,2026-07-26T23:25:47.823806+00:00,,,,
expert,fantasypros_ecr,2022,00-0033906,Alvin Kamara,NO,15,14.87,6.85,4.0,38.0,2022-08-26,RB,1,2026-07-26T23:25:47.823806+00:00,,,,
expert,fantasypros_ecr,2022,00-0034844,Saquon Barkley,NYG,16,15.7,6.71,2.0,32.0,2022-08-26,RB,1,2026-07-26T23:25:47.823806+00:00,,,,
expert,fantasypros_ecr,2022,00-0033293,Aaron Jones,GB,17,15.78,5.73,5.0,32.0,2022-08-26,RB,1,2026-07-26T23:25:47.823806+00:00,,,,
expert,fantasypros_ecr,2022,00-0036358,CeeDee Lamb,DAL,18,16.78,2.7,13.0,23.0,2022-08-26,WR,1,2026-07-26T23:25:47.823806+00:00,,,,
expert,fantasypros_ecr,2022,00-0034753,Mark Andrews,BAL,19,19.48,4.99,9.0,51.0,2022-08-26,TE,1,2026-07-26T23:25:47.823806+00:00,,,,
expert,fantasypros_ecr,2022,00-0033856,Leonard Fournette,TB,20,19.75,6.69,7.0,41.0,2022-08-26,RB,1,2026-07-26T23:25:47.823806+00:00,,,,
expert,fantasypros_ecr,2022,00-0031408,Mike Evans,TB,21,24.47,4.82,16.0,39.0,2022-08-26,WR,1,2026-07-26T23:25:47.823806+00:00,,,,
expert,fantasypros_ecr,2022,00-0033040,Tyreek Hill,MIA,22,24.7,5.82,14.0,46.0,2022-08-26,WR,1,2026-07-26T23:25:47.823806+00:00,,,,
expert,fantasypros_ecr,2022,00-0030279,Keenan Allen,LAC,23,25.02,5.93,17.0,47.0,2022-08-26,WR,1,2026-07-26T23:25:47.823806+00:00,,,,
expert,fantasypros_ecr,2022,00-0036997,Javonte Williams,DEN,24,25.3,6.87,7.0,49.0,2022-08-26,RB,1,2026-07-26T23:25:47.823806+00:00,,,,
expert,fantasypros_ecr,2022,00-0035719,Deebo Samuel,SF,25,26.13,6.47,14.0,46.0,2022-08-26,WR,1,2026-07-26T23:25:47.823806+00:00,,,,
expert,fantasypros_ecr,2022,00-0036252,Michael Pittman Jr.,IND,26,27.04,6.53,17.0,53.0,2022-08-26,WR,1,2026-07-26T23:25:47.823806+00:00,,,,
expert,fantasypros_ecr,2022,00-0034791,Nick Chubb,CLE,27,28.39,5.61,12.0,48.0,2022-08-26,RB,1,2026-07-26T23:25:47.823806+00:00,,,,
expert,fantasypros_ecr,2022,00-0035676,A.J. Brown,PHI,28,28.78,7.46,15.0,58.0,2022-08-26,WR,1,2026-07-26T23:25:47.823806+00:00,,,,
expert,fantasypros_ecr,2022,00-0036410,Tee Higgins,CIN,29,29.29,6.89,20.0,54.0,2022-08-26,WR,1,2026-07-26T23:25:47.823806+00:00,,,,
expert,fantasypros_ecr,2022,00-0033553,James Conner,ARI,30,31.14,7.08,18.0,60.0,2022-08-26,RB,1,2026-07-26T23:25:47.823806+00:00,,,,
expert,fantasypros_ecr,2022,00-0034827,DJ Moore,CAR,31,31.95,8.2,17.0,59.0,2022-08-26,WR,1,2026-07-26T23:25:47.823806+00:00,,,,
expert,fantasypros_ecr,2022,00-0036970,Kyle Pitts,ATL,32,33.41,10.11,9.0,57.0,2022-08-26,TE,1,2026-07-26T23:25:47.823806+00:00,,,,
expert,fantasypros_ecr,2022,00-0033045,Ezekiel Elliott,DAL,33,34.24,8.38,17.0,60.0,2022-08-26,RB,1,2026-07-26T23:25:47.823806+00:00,,,,
expert,fantasypros_ecr,2022,00-0034857,Josh Allen,BUF,34,36.39,1.19,34.0,42.0,2022-08-26,QB,1,2026-07-26T23:25:47.823806+00:00,,,,
expert,fantasypros_ecr,2022,00-0035216,Diontae Johnson,PIT,35,37.89,9.11,20.0,63.0,2022-08-26,WR,1,2026-07-26T23:25:47.823806+00:00,,,,
expert,fantasypros_ecr,2022,00-0036973,Travis Etienne Jr.,JAC,36,38.28,9.68,16.0,66.0,2022-08-26,RB,1,2026-07-26T23:25:47.823806+00:00,,,,
expert,fantasypros_ecr,2022,00-0036613,Jaylen Waddle,MIA,37,40.45,9.85,22.0,83.0,2022-08-26,WR,1,2026-07-26T23:25:47.823806+00:00,,,,
expert,fantasypros_ecr,2022,00-0038120,Breece Hall,NYJ,38,41.25,9.92,18.0,70.0,2022-08-26,RB,1,2026-07-26T23:25:47.823806+00:00,,,,
expert,fantasypros_ecr,2022,00-0033536,Mike Williams,LAC,39,43.57,11.79,22.0,80.0,2022-08-26,WR,1,2026-07-26T23:25:47.823806+00:00,,,,
expert,fantasypros_ecr,2022,00-0035685,David Montgomery,CHI,40,43.72,11.78,21.0,82.0,2022-08-26,RB,1,2026-07-26T23:25:47.823806+00:00,,,,
expert,fantasypros_ecr,2022,00-0034348,Courtland Sutton,DEN,41,44.25,12.98,23.0,77.0,2022-08-26,WR,1,2026-07-26T23:25:47.823806+00:00,,,,
expert,fantasypros_ecr,2022,00-0035659,Terry McLaurin,WAS,42,44.81,9.16,26.0,76.0,2022-08-26,WR,1,2026-07-26T23:25:47.823806+00:00,,,,
expert,fantasypros_ecr,2022,00-0036414,Cam Akers,LAR,43,45.25,11.82,16.0,84.0,2022-08-26,RB,1,2026-07-26T23:25:47.823806+00:00,,,,
expert,fantasypros_ecr,2022,00-0036355,Justin Herbert,LAC,44,45.33,8.49,36.0,78.0,2022-08-26,QB,1,2026-07-26T23:25:47.823806+00:00,,,,
expert,fantasypros_ecr,2022,00-0031236,Brandin Cooks,HOU,45,46.11,9.6,26.0,76.0,2022-08-26,WR,1,2026-07-26T23:25:47.823806+00:00,,,,
expert,fantasypros_ecr,2022,00-0031428,Allen Robinson II,LAR,46,50.14,11.32,28.0,77.0,2022-08-26,WR,1,2026-07-26T23:25:47.823806+00:00,,,,
expert,fantasypros_ecr,2022,00-0033873,Patrick Mahomes II,KC,47,50.61,11.52,37.0,85.0,2022-08-26,QB,1,2026-07-26T23:25:47.823806+00:00,,,,
expert,fantasypros_ecr,2022,00-0033288,George Kittle,SF,48,51.57,10.01,30.0,84.0,2022-08-26,TE,1,2026-07-26T23:25:47.823806+00:00,,,,
expert,fantasypros_ecr,2022,00-0036158,J.K. Dobbins,BAL,49,51.85,9.82,35.0,83.0,2022-08-26,RB,1,2026-07-26T23:25:47.823806+00:00,,,,
expert,fantasypros_ecr,2022,00-0034796,Lamar Jackson,BAL,50,53.11,11.7,36.0,99.0,2022-08-26,QB,1,2026-07-26T23:25:47.823806+00:00,,,,
expert,fantasypros_ecr,2022,00-0036265,AJ Dillon,GB,51,54.16,9.93,35.0,77.0,2022-08-26,RB,1,2026-07-26T23:25:47.823806+00:00,,,,
expert,fantasypros_ecr,2022,00-0035640,DK Metcalf,SEA,52,54.48,10.63,29.0,77.0,2022-08-26,WR,1,2026-07-26T23:25:47.823806+00:00,,,,
expert,fantasypros_ecr,2022,00-0031610,Darren Waller,LV,53,54.97,9.22,30.0,89.0,2022-08-26,TE,1,2026-07-26T23:25:47.823806+00:00,,,,
expert,fantasypros_ecr,2022,00-0036567,Elijah Mitchell,SF,54,55.41,11.76,32.0,84.0,2022-08-26,RB,1,2026-07-26T23:25:47.823806+00:00,,,,
expert,fantasypros_ecr,2022,00-0035700,Josh Jacobs,LV,55,55.66,13.27,25.0,92.0,2022-08-26,RB,1,2026-07-26T23:25:47.823806+00:00,,,,
expert,fantasypros_ecr,2022,00-0035662,Marquise Brown,ARI,56,58.35,12.76,34.0,97.0,2022-08-26,WR,1,2026-07-26T23:25:47.823806+00:00,,,,
expert,fantasypros_ecr,2022,00-0036309,Darnell Mooney,CHI,57,58.45,10.92,33.0,97.0,2022-08-26,WR,1,2026-07-26T23:25:47.823806+00:00,,,,
expert,fantasypros_ecr,2022,00-0032765,Michael Thomas,NO,58,60.7,17.72,24.0,122.0,2022-08-26,WR,1,2026-07-26T23:25:47.823806+00:00,,,,
expert,fantasypros_ecr,2022,00-0036407,Jerry Jeudy,DEN,59,62.25,12.5,32.0,106.0,2022-08-26,WR,1,2026-07-26T23:25:47.823806+00:00,,,,
expert,fantasypros_ecr,2022,00-0036550,Rashod Bateman,BAL,60,62.84,13.38,39.0,113.0,2022-08-26,WR,1,2026-07-26T23:25:47.823806+00:00,,,,
expert,fantasypros_ecr,2022,00-0034681,Chase Edmonds,MIA,61,63.13,15.67,25.0,108.0,2022-08-26,RB,1,2026-07-26T23:25:47.823806+00:00,,,,
expert,fantasypros_ecr,2022,00-0036963,Amon-Ra St. Brown,DET,62,63.16,13.83,33.0,103.0,2022-08-26,WR,1,2026-07-26T23:25:47.823806+00:00,,,,
expert,fantasypros_ecr,2022,00-0033921,Chris Godwin,TB,63,64.98,19.72,29.0,109.0,2022-08-26,WR,1,2026-07-26T23:25:47.823806+00:00,,,,
expert,fantasypros_ecr,2022,00-0034383,Dalton Schultz,DAL,64,65.3,15.01,30.0,128.0,2022-08-26,TE,1,2026-07-26T23:25:47.823806+00:00,,,,
expert,fantasypros_ecr,2022,00-0035228,Kyler Murray,ARI,65,65.83,12.55,40.0,91.0,2022-08-26,QB,1,2026-07-26T23:25:47.823806+00:00,,,,
expert,fantasypros_ecr,2022,00-0033857,JuJu Smith-Schuster,KC,66,66.91,15.37,42.0,122.0,2022-08-26,WR,1,2026-07-26T23:25:47.823806+00:00,,,,
expert,fantasypros_ecr,2022,00-0036389,Jalen Hurts,PHI,67,67.43,12.02,40.0,100.0,2022-08-26,QB,1,2026-07-26T23:25:47.823806+00:00,,,,
expert,fantasypros_ecr,2022,00-0036360,Clyde Edwards-Helaire,KC,68,68.98,12.31,44.0,115.0,2022-08-26,RB,1,2026-07-26T23:25:47.823806+00:00,,,,
expert,fantasypros_ecr,2022,00-0031544,Amari Cooper,CLE,69,69.83,15.33,34.0,110.0,2022-08-26,WR,1,2026-07-26T23:25:47.823806+00:00,,,,
expert,fantasypros_ecr,2022,00-0033923,Kareem Hunt,CLE,70,71.62,14.13,41.0,120.0,2022-08-26,RB,1,2026-07-26T23:25:47.823806+00:00,,,,
expert,fantasypros_ecr,2022,00-0036328,Antonio Gibson,WAS,71,72.42,24.12,32.0,147.0,2022-08-26,RB,1,2026-07-26T23:25:47.823806+00:00,,,,
expert,fantasypros_ecr,2022,00-0036980,Elijah Moore,NYJ,72,73.01,15.3,34.0,118.0,2022-08-26,WR,1,2026-07-26T23:25:47.823806+00:00,,,,
expert,fantasypros_ecr,2022,00-0035261,Tony Pollard,DAL,73,73.31,13.98,38.0,108.0,2022-08-26,RB,1,2026-07-26T23:25:47.823806+00:00,,,,
expert,fantasypros_ecr,2022,00-0035243,Miles Sanders,PHI,74,74.96,12.11,47.0,116.0,2022-08-26,RB,1,2026-07-26T23:25:47.823806+00:00,,,,
expert,fantasypros_ecr,2022,00-0036196,Gabriel Davis,BUF,75,75.15,16.17,39.0,111.0,2022-08-26,WR,1,2026-07-26T23:25:47.823806+00:00,,,,
expert,fantasypros_ecr,2022,00-0036442,Joe Burrow,CIN,76,78.41,13.03,45.0,111.0,2022-08-26,QB,1,2026-07-26T23:25:47.823806+00:00,,,,
expert,fantasypros_ecr,2022,00-0035657,Damien Harris,NE,77,79.28,10.87,48.0,116.0,2022-08-26,RB,1,2026-07-26T23:25:47.823806+00:00,,,,
expert,fantasypros_ecr,2022,00-0030035,Adam Thielen,MIN,78,80.05,15.29,54.0,112.0,2022-08-26,WR,1,2026-07-26T23:25:47.823806+00:00,,,,
expert,fantasypros_ecr,2022,00-0036875,Rhamondre Stevenson,NE,79,80.34,14.95,35.0,116.0,2022-08-26,RB,1,2026-07-26T23:25:47.823806+00:00,,,,
expert,fantasypros_ecr,2022,00-0035229,T.J. Hockenson,DET,80,80.98,11.94,51.0,110.0,2022-08-26,TE,1,2026-07-26T23:25:47.823806+00:00,,,,
expert,fantasypros_ecr,2022,00-0034351,Dallas Goedert,PHI,81,81.83,14.04,52.0,135.0,2022-08-26,TE,1,2026-07-26T23:25:47.823806+00:00,,,,
expert,fantasypros_ecr,2022,00-0034750,Rashaad Penny,SEA,82,82.19,14.09,44.0,143.0,2022-08-26,RB,1,2026-07-26T23:25:47.823806+00:00,,,,
expert,fantasypros_ecr,2022,00-0030578,Cordarrelle Patterson,ATL,83,82.2,17.9,27.0,127.0,2022-08-26,RB,1,2026-07-26T23:25:47.823806+00:00,,,,
expert,fantasypros_ecr,2022,00-0019596,Tom Brady,TB,84,84.8,11.11,50.0,124.0,2022-08-26,QB,1,2026-07-26T23:25:47.823806+00:00,,,,
expert,fantasypros_ecr,2022,00-0035250,Devin Singletary,BUF,85,85.07,14.66,38.0,132.0,2022-08-26,RB,1,2026-07-26T23:25:47.823806+00:00,,,,
expert,fantasypros_ecr,2022,00-0029263,Russell Wilson,DEN,86,85.57,12.34,50.0,124.0,2022-08-26,QB,1,2026-07-26T23:25:47.823806+00:00,,,,
expert,fantasypros_ecr,2022,00-0033077,Dak Prescott,DAL,87,89.39,10.46,68.0,124.0,2022-08-26,QB,1,2026-07-26T23:25:47.823806+00:00,,,,
expert,fantasypros_ecr,2022,00-0034983,Hunter Renfrow,LV,88,89.55,16.22,47.0,134.0,2022-08-26,WR,1,2026-07-26T23:25:47.823806+00:00,,,,
expert,fantasypros_ecr,2022,00-0036261,Brandon Aiyuk,SF,89,90.44,16.98,47.0,121.0,2022-08-26,WR,1,2026-07-26T23:25:47.823806+00:00,,,,
expert,fantasypros_ecr,2022,00-0032144,Melvin Gordon III,DEN,90,90.93,13.26,56.0,117.0,2022-08-26,RB,1,2026-07-26T23:25:47.823806+00:00,,,,
expert,fantasypros_ecr,2022,00-0037238,Drake London,ATL,91,91.16,18.25,54.0,150.0,2022-08-26,WR,1,2026-07-26T23:25:47.823806+00:00,,,,
expert,fantasypros_ecr,2022,00-0036912,DeVonta Smith,PHI,92,91.64,14.91,59.0,134.0,2022-08-26,WR,1,2026-07-26T23:25:47.823806+00:00,,,,
expert,fantasypros_ecr,2022,00-0030061,Zach Ertz,ARI,93,93.83,13.91,67.0,140.0,2022-08-26,TE,1,2026-07-26T23:25:47.823806+00:00,,,,
expert,fantasypros_ecr,2022,00-0034775,Christian Kirk,JAC,94,94.16,15.33,57.0,123.0,2022-08-26,WR,1,2026-07-26T23:25:47.823806+00:00,,,,
expert,fantasypros_ecr,2022,00-0037012,Trey Lance,SF,95,96.7,19.09,50.0,163.0,2022-08-26,QB,1,2026-07-26T23:25:47.823806+00:00,,,,
expert,fantasypros_ecr,2022,00-0037258,Dameon Pierce,HOU,96,96.76,27.32,44.0,161.0,2022-08-26,RB,1,2026-07-26T23:25:47.823806+00:00,,,,
expert,fantasypros_ecr,2022,00-0034521,Allen Lazard,GB,97,97.32,18.91,58.0,145.0,2022-08-26,WR,1,2026-07-26T23:25:47.823806+00:00,,,,
expert,fantasypros_ecr,2022,00-0032211,Tyler Lockett,SEA,98,98.2,14.04,63.0,130.0,2022-08-26,WR,1,2026-07-26T23:25:47.823806+00:00,,,,
expert,fantasypros_ecr,2022,00-0037248,James Cook,BUF,99,99.77,17.16,62.0,167.0,2022-08-26,RB,1,2026-07-26T23:25:47.823806+00:00,,,,
expert,fantasypros_ecr,2022,00-0026498,Matthew Stafford,LAR,100,101.26,12.45,69.0,160.0,2022-08-26,QB,1,2026-07-26T23:25:47.823806+00:00,,,,
expert,fantasypros_ecr,2022,00-0038134,Ken Walker III,SEA,101,102.28,20.2,49.0,143.0,2022-08-26,RB,1,2026-07-26T23:25:47.823806+00:00,,,,
expert,fantasypros_ecr,2022,00-0023459,Aaron Rodgers,GB,102,102.56,12.9,78.0,132.0,2022-08-26,QB,1,2026-07-26T23:25:47.823806+00:00,,,,
expert,fantasypros_ecr,2022,00-0030431,Robert Woods,TEN,103,103.69,18.58,57.0,195.0,2022-08-26,WR,1,2026-07-26T23:25:47.823806+00:00,,,,
expert,fantasypros_ecr,2022,00-0030564,DeAndre Hopkins,ARI,104,103.81,15.53,72.0,151.0,2022-08-26,WR,1,2026-07-26T23:25:47.823806+00:00,,,,
expert,fantasypros_ecr,2022,00-0036913,Kadarius Toney,NYG,105,106.49,14.55,66.0,156.0,2022-08-26,WR,1,2026-07-26T23:25:47.823806+00:00,,,,
expert,fantasypros_ecr,2022,00-0034367,Nyheim Hines,IND,106,107.85,15.79,82.0,162.0,2022-08-26,RB,1,2026-07-26T23:25:47.823806+00:00,,,,
expert,fantasypros_ecr,2022,00-0036924,Michael Carter,NYJ,107,108.58,19.34,64.0,161.0,2022-08-26,RB,1,2026-07-26T23:25:47.823806+00:00,,,,
expert,fantasypros_ecr,2022,00-0036894,Pat Freiermuth,PIT,108,108.61,18.18,71.0,153.0,2022-08-26,TE,1,2026-07-26T23:25:47.823806+00:00,,,,
expert,fantasypros_ecr,2022,00-0036290,Cole Kmet,CHI,109,110.38,21.53,71.0,167.0,2022-08-26,TE,1,2026-07-26T23:25:47.823806+00:00,,,,
expert,fantasypros_ecr,2022,00-0035689,Dawson Knox,BUF,110,113.43,22.3,67.0,190.0,2022-08-26,TE,1,2026-07-26T23:25:47.823806+00:00,,,,
expert,fantasypros_ecr,2022,00-0029604,Kirk Cousins,MIN,111,114.77,13.72,79.0,160.0,2022-08-26,QB,1,2026-07-26T23:25:47.823806+00:00,,,,
expert,fantasypros_ecr,2022,00-0031280,Derek Carr,LV,112,115.52,13.68,79.0,164.0,2022-08-26,QB,1,2026-07-26T23:25:47.823806+00:00,,,,
expert,fantasypros_ecr,2022,00-0037239,Chris Olave,NO,113,117.36,17.4,80.0,205.0,2022-08-26,WR,1,2026-07-26T23:25:47.823806+00:00,,,,
expert,fantasypros_ecr,2022,00-0035664,Darrell Henderson Jr.,LAR,114,117.62,17.33,81.0,174.0,2022-08-26,RB,1,2026-07-26T23:25:47.823806+00:00,,,,
expert,fantasypros_ecr,2022,00-0036326,Chase Claypool,PIT,115,118.19,13.34,86.0,150.0,2022-08-26,WR,1,2026-07-26T23:25:47.823806+00:00,,,,
expert,fantasypros_ecr,2022,00-0037742,Treylon Burks,TEN,116,121.55,26.29,70.0,203.0,2022-08-26,WR,1,2026-07-26T23:25:47.823806+00:00,,,,
expert,fantasypros_ecr,2022,00-0036919,Kenneth Gainwell,PHI,117,121.56,22.24,64.0,176.0,2022-08-26,RB,1,2026-07-26T23:25:47.823806+00:00,,,,
expert,fantasypros_ecr,2022,00-0035831,James Robinson,JAC,118,122.9,25.94,64.0,217.0,2022-08-26,RB,1,2026-07-26T23:25:47.823806+00:00,,,,
expert,fantasypros_ecr,2022,00-0033009,Tyler Boyd,CIN,119,123.91,17.02,98.0,206.0,2022-08-26,WR,1,2026-07-26T23:25:47.823806+00:00,,,,
expert,fantasypros_ecr,2022,00-0034972,Alexander Mattison,MIN,120,124.07,14.93,92.0,162.0,2022-08-26,RB,1,2026-07-26T23:25:47.823806+00:00,,,,
expert,fantasypros_ecr,2022,00-0034960,Jakobi Meyers,NE,121,124.41,17.46,101.0,202.0,2022-08-26,WR,1,2026-07-26T23:25:47.823806+00:00,,,,
expert,fantasypros_ecr,2022,00-0037740,Garrett Wilson,NYJ,122,124.61,22.36,96.0,261.0,2022-08-26,WR,1,2026-07-26T23:25:47.823806+00:00,,,,
expert,fantasypros_ecr,2022,00-0032602,J.D. McKissic,WAS,123,124.93,24.07,91.0,204.0,2022-08-26,RB,1,2026-07-26T23:25:47.823806+00:00,,,,
expert,fantasypros_ecr,2022,00-0034411,Russell Gage,TB,124,125.02,23.26,97.0,210.0,2022-08-26,WR,1,2026-07-26T23:25:47.823806+00:00,,,,
expert,fantasypros_ecr,2022,00-0038090,Skyy Moore,KC,125,130.2,26.77,76.0,242.0,2022-08-26,WR,1,2026-07-26T23:25:47.823806+00:00,,,,
expert,fantasypros_ecr,2022,00-0034829,Mike Gesicki,MIA,126,137.11,28.44,93.0,299.0,2022-08-26,TE,1,2026-07-26T23:25:47.823806+00:00,,,,
expert,fantasypros_ecr,2022,00-0033090,Hunter Henry,NE,127,137.88,21.95,95.0,291.0,2022-08-26,TE,1,2026-07-26T23:25:47.823806+00:00,,,,
expert,fantasypros_ecr,2022,00-0036212,Tua Tagovailoa,MIA,128,139.43,20.19,119.0,193.0,2022-08-26,QB,1,2026-07-26T23:25:47.823806+00:00,,,,
expert,fantasypros_ecr,2022,00-0031547,DeVante Parker,NE,129,139.53,28.32,100.0,240.0,2022-08-26,WR,1,2026-07-26T23:25:47.823806+00:00,,,,
expert,fantasypros_ecr,2022,00-0031382,Jarvis Landry,NO,130,141.53,22.77,109.0,240.0,2022-08-26,WR,1,2026-07-26T23:25:47.823806+00:00,,,,
expert,fantasypros_ecr,2022,00-0036936,Rondale Moore,ARI,131,142.31,26.59,81.0,210.0,2022-08-26,WR,1,2026-07-26T23:25:47.823806+00:00,,,,
expert,fantasypros_ecr,2022,00-0033948,Jamaal Williams,DET,132,143.04,24.1,114.0,264.0,2022-08-26,RB,1,2026-07-26T23:25:47.823806+00:00,,,,
expert,fantasypros_ecr,2022,00-0034272,Marquez Valdes-Scantling,KC,133,143.57,26.04,103.0,229.0,2022-08-26,WR,1,2026-07-26T23:25:47.823806+00:00,,,,
expert,fantasypros_ecr,2022,00-0037746,Brian Robinson Jr.,WAS,134,143.85,45.77,81.0,365.0,2022-08-26,RB,1,2026-07-26T23:25:47.823806+00:00,,,,
expert,fantasypros_ecr,2022,00-0036945,Justin Fields,CHI,135,144.81,26.88,87.0,241.0,2022-08-26,QB,1,2026-07-26T23:25:47.823806+00:00,,,,
expert,fantasypros_ecr,2022,00-0036906,Khalil Herbert,CHI,136,145.61,27.44,88.0,237.0,2022-08-26,RB,1,2026-07-26T23:25:47.823806+00:00,,,,
expert,fantasypros_ecr,2022,00-0034970,Irv Smith Jr.,MIN,137,146.18,27.98,93.0,273.0,2022-08-26,TE,1,2026-07-26T23:25:47.823806+00:00,,,,
expert,fantasypros_ecr,2022,00-0037247,George Pickens,PIT,138,146.92,43.01,77.0,315.0,2022-08-26,WR,1,2026-07-26T23:25:47.823806+00:00,,,,
expert,fantasypros_ecr,2022,00-0036423,Albert Okwuegbunam,DEN,139,146.95,29.3,93.0,271.0,2022-08-26,TE,1,2026-07-26T23:25:47.823806+00:00,,,,
expert,fantasypros_ecr,2022,00-0033885,David Njoku,CLE,140,149.5,29.32,95.0,282.0,2022-08-26,TE,1,2026-07-26T23:25:47.823806+00:00,,,,
expert,fantasypros_ecr,2022,00-0035644,Noah Fant,SEA,141,150.18,25.63,102.0,294.0,2022-08-26,TE,1,2026-07-26T23:25:47.823806+00:00,,,,
expert,fantasypros_ecr,2022,00-0034777,DJ Chark Jr.,DET,142,150.77,24.72,111.0,226.0,2022-08-26,WR,1,2026-07-26T23:25:47.823806+00:00,,,,
expert,fantasypros_ecr,2022,00-0034764,Michael Gallup,DAL,143,150.86,34.78,98.0,243.0,2022-08-26,WR,1,2026-07-26T23:25:47.823806+00:00,,,,
expert,fantasypros_ecr,2022,00-0037263,Tyler Allgeier,ATL,144,151.74,34.6,102.0,280.0,2022-08-26,RB,1,2026-07-26T23:25:47.823806+00:00,,,,
expert,fantasypros_ecr,2022,00-0038045,Isaiah Spiller,LAC,145,151.89,37.56,90.0,296.0,2022-08-26,RB,1,2026-07-26T23:25:47.823806+00:00,,,,
expert,fantasypros_ecr,2022,00-0037256,Rachaad White,TB,146,152.39,42.33,91.0,328.0,2022-08-26,RB,1,2026-07-26T23:25:47.823806+00:00,,,,
expert,fantasypros_ecr,2022,00-0033932,Kenny Golladay,NYG,147,153.01,31.83,107.0,258.0,2022-08-26,WR,1,2026-07-26T23:25:47.823806+00:00,,,,
expert,fantasypros_ecr,2022,00-0036971,Trevor Lawrence,JAC,148,153.93,24.53,100.0,241.0,2022-08-26,QB,1,2026-07-26T23:25:47.823806+00:00,,,,
expert,fantasypros_ecr,2022,00-0027944,Julio Jones,TB,149,155.15,37.84,105.0,304.0,2022-08-26,WR,1,2026-07-26T23:25:47.823806+00:00,,,,
expert,fantasypros_ecr,2022,00-0037741,Jahan Dotson,WAS,150,156.08,33.09,97.0,263.0,2022-08-26,WR,1,2026-07-26T23:25:47.823806+00:00,,,,
expert,fantasypros_ecr,2022,00-0031687,Raheem Mostert,MIA,151,157.85,27.82,114.0,272.0,2022-08-26,RB,1,2026-07-26T23:25:47.823806+00:00,,,,
expert,fantasypros_ecr,2022,00-0033895,Gerald Everett,LAC,152,161.4,23.17,128.0,258.0,2022-08-26,TE,1,2026-07-26T23:25:47.823806+00:00,,,,
expert,fantasypros_ecr,2022,00-0033110,Tyler Higbee,LAR,153,161.74,19.42,102.0,232.0,2022-08-26,TE,1,2026-07-26T23:25:47.823806+00:00,,,,
expert,fantasypros_ecr,2022,00-0036554,Nico Collins,HOU,154,164.64,36.11,94.0,244.0,2022-08-26,WR,1,2026-07-26T23:25:47.823806+00:00,,,,
expert,fantasypros_ecr,2022,00-0033757,Robert Tonyan,GB,155,164.94,30.93,89.0,287.0,2022-08-26,TE,1,2026-07-26T23:25:47.823806+00:00,,,,
expert,fantasypros_ecr,2022,00-0031503,Jameis Winston,NO,156,167.36,26.73,119.0,254.0,2022-08-26,QB,1,2026-07-26T23:25:47.823806+00:00,,,,
expert,fantasypros_ecr,2022,00-0026143,Matt Ryan,IND,157,167.58,25.14,119.0,275.0,2022-08-26,QB,1,2026-07-26T23:25:47.823806+00:00,,,,
expert,fantasypros_ecr,2022,00-0033881,Evan Engram,JAC,158,168.38,30.45,104.0,299.0,2022-08-26,TE,1,2026-07-26T23:25:47.823806+00:00,,,,
expert,fantasypros_ecr,2022,00-0037197,Isiah Pacheco,KC,159,172.17,64.61,88.0,386.0,2022-08-26,RB,1,2026-07-26T23:25:47.823806+00:00,,,,
expert,fantasypros_ecr,2022,00-0032392,Austin Hooper,TEN,160,172.34,30.11,102.0,273.0,2022-08-26,TE,1,2026-07-26T23:25:47.823806+00:00,,,,
expert,fantasypros_ecr,2022,00-0033871,Corey Davis,NYJ,161,174.31,29.71,129.0,277.0,2022-08-26,WR,1,2026-07-26T23:25:47.823806+00:00,,,,
expert,fantasypros_ecr,2022,00-0036988,Joshua Palmer,LAC,162,177.18,33.78,112.0,265.0,2022-08-26,WR,1,2026-07-26T23:25:47.823806+00:00,,,,
expert,fantasypros_ecr,2022,00-0029597,Justin Tucker,BAL,163,177.96,10.97,171.0,239.0,2022-08-26,K,1,2026-07-26T23:25:47.823806+00:00,,,,
expert,fantasypros_ecr,2022,00-0032688,Robbie Anderson,CAR,164,178.4,30.34,121.0,268.0,2022-08-26,WR,1,2026-07-26T23:25:47.823806+00:00,,,,
expert,fantasypros_ecr,2022,00-0035140,Mecole Hardman,KC,165,181.4,35.85,109.0,328.0,2022-08-26,WR,1,2026-07-26T23:25:47.823806+00:00,,,,
expert,fantasypros_ecr,2022,00-0034301,Darrel Williams,ARI,166,182.06,53.56,92.0,380.0,2022-08-26,RB,1,2026-07-26T23:25:47.823806+00:00,,,,
expert,fantasypros_ecr,2022,00-0033951,Marlon Mack,HOU,167,182.51,43.3,131.0,327.0,2022-08-26,RB,1,2026-07-26T23:25:47.823806+00:00,,,,
expert,fantasypros_ecr,2022,00-0029701,Ryan Tannehill,TEN,168,182.79,35.15,124.0,338.0,2022-08-26,QB,1,2026-07-26T23:25:47.823806+00:00,,,,
expert,fantasypros_ecr,2022,00-0027966,Mark Ingram II,NO,169,183.1,40.85,111.0,312.0,2022-08-26,RB,1,2026-07-26T23:25:47.823806+00:00,,,,
expert,fantasypros_ecr,2022,00-0036345,K.J. Osborn,MIN,170,185.45,34.28,112.0,290.0,2022-08-26,WR,1,2026-07-26T23:25:47.823806+00:00,,,,
expert,fantasypros_ecr,2022,00-0034845,Sony Michel,MIA,171,186.74,41.6,115.0,310.0,2022-08-26,RB,1,2026-07-26T23:25:47.823806+00:00,,,,
expert,fantasypros_ecr,2022,00-0036162,Tyler Bass,BUF,172,187.02,11.51,175.0,224.0,2022-08-26,K,1,2026-07-26T23:25:47.823806+00:00,,,,
expert,fantasypros_ecr,2022,00-0036415,Van Jefferson,LAR,173,189.45,31.45,123.0,290.0,2022-08-26,WR,1,2026-07-26T23:25:47.823806+00:00,,,,
expert,fantasypros_ecr,2022,00-0029293,Marvin Jones Jr.,JAC,174,190.07,34.82,106.0,304.0,2022-08-26,WR,1,2026-07-26T23:25:47.823806+00:00,,,,
expert,fantasypros_ecr,2022,00-0037240,Jameson Williams,DET,175,190.56,35.34,129.0,297.0,2022-08-26,WR,1,2026-07-26T23:25:47.823806+00:00,,,,
expert,fantasypros_ecr,2022,00-0037666,Jalen Tolbert,DAL,176,191.14,59.87,107.0,369.0,2022-08-26,WR,1,2026-07-26T23:25:47.823806+00:00,,,,
expert,fantasypros_ecr,2022,00-0033925,D'Onta Foreman,CAR,177,191.94,38.97,127.0,329.0,2022-08-26,RB,1,2026-07-26T23:25:47.823806+00:00,,,,
expert,fantasypros_ecr,2022,00-0031260,Logan Thomas,WAS,178,192.69,36.91,95.0,289.0,2022-08-26,TE,1,2026-07-26T23:25:47.823806+00:00,,,,
expert,fantasypros_ecr,2022,00-0034830,Hayden Hurst,CIN,179,193.14,32.5,135.0,282.0,2022-08-26,TE,1,2026-07-26T23:25:47.823806+00:00,,,,
expert,fantasypros_ecr,2022,00-0036972,Mac Jones,NE,180,194.08,33.22,126.0,320.0,2022-08-26,QB,1,2026-07-26T23:25:47.823806+00:00,,,,
expert,fantasypros_ecr,2022,00-0034816,Ronald Jones II,KC,181,194.38,73.05,91.0,363.0,2022-08-26,RB,1,2026-07-26T23:25:47.823806+00:00,,,,
expert,fantasypros_ecr,2022,00-0034184,Gus Edwards,BAL,182,194.93,51.78,108.0,374.0,2022-08-26,RB,1,2026-07-26T23:25:47.823806+00:00,,,,
expert,fantasypros_ecr,2022,00-0035269,Matt Gay,LAR,183,194.94,18.36,175.0,288.0,2022-08-26,K,1,2026-07-26T23:25:47.823806+00:00,,,,
expert,fantasypros_ecr,2022,00-0038040,Zamir White,LV,184,194.99,49.29,127.0,327.0,2022-08-26,RB,1,2026-07-26T23:25:47.823806+00:00,,,,
expert,fantasypros_ecr,2022,00-0035710,Daniel Jones,NYG,185,195.36,42.32,126.0,357.0,2022-08-26,QB,1,2026-07-26T23:25:47.823806+00:00,,,,
expert,fantasypros_ecr,2022,00-0037816,Romeo Doubs,GB,186,196.35,59.67,103.0,378.0,2022-08-26,WR,1,2026-07-26T23:25:47.823806+00:00,,,,
expert,fantasypros_ecr,2022,00-0038124,Christian Watson,GB,187,200.15,42.88,110.0,301.0,2022-08-26,WR,1,2026-07-26T23:25:47.823806+00:00,,,,
expert,fantasypros_ecr,2022,00-0038117,Wan'Dale Robinson,NYG,188,200.81,42.63,128.0,345.0,2022-08-26,WR,1,2026-07-26T23:25:47.823806+00:00,,,,
expert,fantasypros_ecr,2022,00-0033466,Isaiah McKenzie,BUF,189,200.82,61.9,97.0,304.0,2022-08-26,WR,1,2026-07-26T23:25:47.823806+00:00,,,,
expert,fantasypros_ecr,2022,00-0036854,Evan McPherson,CIN,190,204.37,27.93,175.0,302.0,2022-08-26,K,1,2026-07-26T23:25:47.823806+00:00,,,,
expert,fantasypros_ecr,2022,00-0034161,Daniel Carlson,LV,191,204.68,19.74,179.0,281.0,2022-08-26,K,1,2026-07-26T23:25:47.823806+00:00,,,,
expert,fantasypros_ecr,2022,00-0031941,Jamison Crowder,BUF,192,206.8,38.15,123.0,367.0,2022-08-26,WR,1,2026-07-26T23:25:47.823806+00:00,,,,
expert,fantasypros_ecr,2022,00-0036556,Brevin Jordan,HOU,193,208.76,39.88,104.0,305.0,2022-08-26,TE,1,2026-07-26T23:25:47.823806+00:00,,,,
expert,fantasypros_ecr,2022,00-0036412,KJ Hamler,DEN,194,210.66,38.87,129.0,324.0,2022-08-26,WR,1,2026-07-26T23:25:47.823806+00:00,,,,
expert,fantasypros_ecr,2022,00-0035639,Parris Campbell,IND,195,210.93,33.12,122.0,295.0,2022-08-26,WR,1,2026-07-26T23:25:47.823806+00:00,,,,
expert,fantasypros_ecr,2022,00-0033526,Samaje Perine,CIN,196,211.03,40.8,136.0,337.0,2022-08-26,RB,1,2026-07-26T23:25:47.823806+00:00,,,,
expert,fantasypros_ecr,2022,00-0037664,Alec Pierce,IND,197,212.32,43.8,111.0,372.0,2022-08-26,WR,1,2026-07-26T23:25:47.823806+00:00,,,,
expert,fantasypros_ecr,2022,00-0033282,Curtis Samuel,WAS,198,214.15,25.6,123.0,285.0,2022-08-26,WR,1,2026-07-26T23:25:47.823806+00:00,,,,
expert,fantasypros_ecr,2022,00-0032385,Sterling Shepard,NYG,199,214.59,47.48,134.0,377.0,2022-08-26,WR,1,2026-07-26T23:25:47.823806+00:00,,,,
expert,fantasypros_ecr,2022,00-0033307,Kendrick Bourne,NE,200,214.91,31.66,133.0,315.0,2022-08-26,WR,1,2026-07-26T23:25:47.823806+00:00,,,,
expert,fantasypros_ecr,2022,00-0026968,Ryan Succop,TB,201,215.71,13.89,184.0,253.0,2022-08-26,K,1,2026-07-26T23:25:47.823806+00:00,,,,
expert,fantasypros_ecr,2022,00-0036233,Donovan Peoples-Jones,CLE,202,216.39,23.05,148.0,297.0,2022-08-26,WR,1,2026-07-26T23:25:47.823806+00:00,,,,
expert,fantasypros_ecr,2022,00-0033303,Harrison Butker,KC,203,216.67,19.22,175.0,281.0,2022-08-26,K,1,2026-07-26T23:25:47.823806+00:00,,,,
expert,fantasypros_ecr,2022,00-0037257,David Bell,CLE,204,217.9,36.07,134.0,311.0,2022-08-26,WR,1,2026-07-26T23:25:47.823806+00:00,,,,
expert,fantasypros_ecr,2022,00-0037827,Tyrion Davis-Price,SF,205,219.94,57.75,120.0,388.0,2022-08-26,RB,1,2026-07-26T23:25:47.823806+00:00,,,,
expert,fantasypros_ecr,2022,00-0032950,Carson Wentz,WAS,206,220.05,40.15,158.0,320.0,2022-08-26,QB,1,2026-07-26T23:25:47.823806+00:00,,,,
expert,fantasypros_ecr,2022,00-0036555,Chuba Hubbard,CAR,207,220.37,51.64,138.0,382.0,2022-08-26,RB,1,2026-07-26T23:25:47.823806+00:00,,,,
expert,fantasypros_ecr,2022,00-0037013,Zach Wilson,NYJ,208,222.27,47.21,130.0,326.0,2022-08-26,QB,1,2026-07-26T23:25:47.823806+00:00,,,,
expert,fantasypros_ecr,2022,00-0033118,Kenyan Drake,FA,209,223.18,56.32,138.0,361.0,2022-08-26,RB,1,2026-07-26T23:25:47.823806+00:00,,,,
expert,fantasypros_ecr,2022,00-0023853,Matt Prater,ARI,210,223.35,12.9,189.0,282.0,2022-08-26,K,1,2026-07-26T23:25:47.823806+00:00,,,,
expert,fantasypros_ecr,2022,00-0030874,Damien Williams,ATL,211,223.37,41.55,143.0,327.0,2022-08-26,RB,1,2026-07-26T23:25:47.823806+00:00,,,,
expert,fantasypros_ecr,2022,00-0033106,Jared Goff,DET,212,223.89,43.82,163.0,334.0,2022-08-26,QB,1,2026-07-26T23:25:47.823806+00:00,,,,
expert,fantasypros_ecr,2022,00-0034414,Boston Scott,PHI,213,226.87,44.85,143.0,359.0,2022-08-26,RB,1,2026-07-26T23:25:47.823806+00:00,,,,
expert,fantasypros_ecr,2022,00-0032104,Ameer Abdullah,LV,214,228.02,71.96,120.0,392.0,2022-08-26,RB,1,2026-07-26T23:25:47.823806+00:00,,,,
expert,fantasypros_ecr,2022,00-0036268,Laviska Shenault Jr.,JAC,215,228.9,34.13,151.0,333.0,2022-08-26,WR,1,2026-07-26T23:25:47.823806+00:00,,,,
expert,fantasypros_ecr,2022,00-0027942,A.J. Green,ARI,216,229.21,29.4,130.0,333.0,2022-08-26,WR,1,2026-07-26T23:25:47.823806+00:00,,,,
expert,fantasypros_ecr,2022,00-0031376,Jerick McKinnon,KC,217,229.78,49.27,117.0,357.0,2022-08-26,RB,1,2026-07-26T23:25:47.823806+00:00,,,,
expert,fantasypros_ecr,2022,00-0035628,D'Ernest Johnson,CLE,218,232.65,38.86,154.0,362.0,2022-08-26,RB,1,2026-07-26T23:25:47.823806+00:00,,,,
expert,fantasypros_ecr,2022,00-0034794,Jason Sanders,MIA,219,234.39,22.18,191.0,302.0,2022-08-26,K,1,2026-07-26T23:25:47.823806+00:00,,,,
expert,fantasypros_ecr,2022,00-0035849,Rodrigo Blankenship,IND,220,234.42,16.18,191.0,294.0,2022-08-26,K,1,2026-07-26T23:25:47.823806+00:00,,,,
expert,fantasypros_ecr,2022,00-0033217,Mo Alie-Cox,IND,221,234.5,38.5,166.0,325.0,2022-08-26,TE,1,2026-07-26T23:25:47.823806+00:00,,,,
expert,fantasypros_ecr,2022,00-0033702,Younghoe Koo,ATL,222,234.93,33.17,181.0,353.0,2022-08-26,K,1,2026-07-26T23:25:47.823806+00:00,,,,
expert,fantasypros_ecr,2022,00-0033891,Zay Jones,JAC,223,235.78,29.56,137.0,314.0,2022-08-26,WR,1,2026-07-26T23:25:47.823806+00:00,,,,
expert,fantasypros_ecr,2022,00-0036984,Trey Sermon,SF,224,237.57,47.84,157.0,386.0,2022-08-26,RB,1,2026-07-26T23:25:47.823806+00:00,,,,
expert,fantasypros_ecr,2022,00-0034115,Jeff Wilson Jr.,SF,225,238.35,46.5,154.0,364.0,2022-08-26,RB,1,2026-07-26T23:25:47.823806+00:00,,,,
expert,fantasypros_ecr,2022,00-0032870,Aldrick Rosas,FA,226,239.0,48.0,191.0,287.0,2022-08-26,K,1,2026-07-26T23:25:47.823806+00:00,,,,
expert,fantasypros_ecr,2022,00-0036955,Terrace Marshall Jr.,CAR,227,239.55,37.13,151.0,396.0,2022-08-26,WR,1,2026-07-26T23:25:47.823806+00:00,,,,
expert,fantasypros_ecr,2022,00-0033127,William Fuller V,FA,228,240.1,43.81,173.0,384.0,2022-08-26,WR,1,2026-07-26T23:25:47.823806+00:00,,,,
expert,fantasypros_ecr,2022,00-0036857,Chris Evans,CIN,229,240.27,61.61,116.0,364.0,2022-08-26,RB,1,2026-07-26T23:25:47.823806+00:00,,,,
expert,fantasypros_ecr,2022,00-0033858,Jonnu Smith,NE,230,240.92,33.59,166.0,341.0,2022-08-26,TE,1,2026-07-26T23:25:47.823806+00:00,,,,
expert,fantasypros_ecr,2022,00-0025565,Nick Folk,NE,231,242.69,27.68,202.0,339.0,2022-08-26,K,1,2026-07-26T23:25:47.823806+00:00,,,,
expert,fantasypros_ecr,2022,00-0034297,Byron Pringle,CHI,232,242.95,26.68,162.0,310.0,2022-08-26,WR,1,2026-07-26T23:25:47.823806+00:00,,,,
expert,fantasypros_ecr,2022,00-0029822,Brandon McManus,DEN,233,243.73,18.73,204.0,310.0,2022-08-26,K,1,2026-07-26T23:25:47.823806+00:00,,,,
expert,fantasypros_ecr,2022,00-0031273,Cameron Brate,TB,234,243.93,41.1,144.0,340.0,2022-08-26,TE,1,2026-07-26T23:25:47.823806+00:00,,,,
expert,fantasypros_ecr,2022,00-0034419,Braxton Berrios,NYJ,235,245.13,36.7,152.0,378.0,2022-08-26,WR,1,2026-07-26T23:25:47.823806+00:00,,,,
expert,fantasypros_ecr,2022,00-0034253,Dontrell Hilliard,TEN,236,245.23,69.09,117.0,393.0,2022-08-26,RB,1,2026-07-26T23:25:47.823806+00:00,,,,
expert,fantasypros_ecr,2022,00-0032063,Mike Davis,BAL,237,245.38,46.31,127.0,368.0,2022-08-26,RB,1,2026-07-26T23:25:47.823806+00:00,,,,
expert,fantasypros_ecr,2022,00-0036898,Davis Mills,HOU,238,246.47,39.3,165.0,338.0,2022-08-26,QB,1,2026-07-26T23:25:47.823806+00:00,,,,
expert,fantasypros_ecr,2022,00-0035311,Myles Gaskin,MIA,239,247.08,66.26,138.0,367.0,2022-08-26,RB,1,2026-07-26T23:25:47.823806+00:00,,,,
expert,fantasypros_ecr,2022,00-0030288,Rex Burkhead,HOU,240,248.44,45.43,147.0,362.0,2022-08-26,RB,1,2026-07-26T23:25:47.823806+00:00,,,,
expert,fantasypros_ecr,2022,00-0023252,Robbie Gould,SF,241,248.76,21.48,215.0,324.0,2022-08-26,K,1,2026-07-26T23:25:47.823806+00:00,,,,
expert,fantasypros_ecr,2022,00-0034855,Baker Mayfield,CAR,242,248.84,47.7,163.0,358.0,2022-08-26,QB,1,2026-07-26T23:25:47.823806+00:00,,,,
expert,fantasypros_ecr,2022,00-0031325,Sammy Watkins,GB,243,249.08,41.97,151.0,350.0,2022-08-26,WR,1,2026-07-26T23:25:47.823806+00:00,,,,
expert,fantasypros_ecr,2022,00-0036422,Adam Trautman,NO,244,250.28,40.04,165.0,354.0,2022-08-26,TE,1,2026-07-26T23:25:47.823806+00:00,,,,
expert,fantasypros_ecr,2022,00-0028002,Randall Cobb,GB,245,251.26,34.65,176.0,361.0,2022-08-26,WR,1,2026-07-26T23:25:47.823806+00:00,,,,
expert,fantasypros_ecr,2022,00-0036365,Bryan Edwards,ATL,246,252.32,28.47,187.0,372.0,2022-08-26,WR,1,2026-07-26T23:25:47.823806+00:00,,,,
expert,fantasypros_ecr,2022,00-0033787,Jake Elliott,PHI,247,252.62,18.01,204.0,309.0,2022-08-26,K,1,2026-07-26T23:25:47.823806+00:00,,,,
expert,fantasypros_ecr,2022,00-0031235,Odell Beckham Jr.,FA,248,252.94,46.61,146.0,381.0,2022-08-26,WR,1,2026-07-26T23:25:47.823806+00:00,,,,
expert,fantasypros_ecr,2022,00-0036251,Zack Moss,BUF,249,253.25,46.55,158.0,372.0,2022-08-26,RB,1,2026-07-26T23:25:47.823806+00:00,,,,
expert,fantasypros_ecr,2022,00-0036383,Eno Benjamin,ARI,250,255.82,62.93,139.0,358.0,2022-08-26,RB,1,2026-07-26T23:25:47.823806+00:00,,,,
expert,fantasypros_ecr,2022,00-0032200,Ty Montgomery,NE,251,255.83,62.24,146.0,393.0,2022-08-26,RB,1,2026-07-26T23:25:47.823806+00:00,,,,
expert,fantasypros_ecr,2022,00-0030098,Dustin Hopkins,LAC,252,259.09,24.34,184.0,309.0,2022-08-26,K,1,2026-07-26T23:25:47.823806+00:00,,,,
expert,fantasypros_ecr,2022,00-0029621,Greg Zuerlein,NYJ,253,260.3,40.95,181.0,353.0,2022-08-26,K,1,2026-07-26T23:25:47.823806+00:00,,,,
expert,fantasypros_ecr,2022,00-0034418,Cedrick Wilson Jr.,MIA,254,260.63,31.19,187.0,373.0,2022-08-26,WR,1,2026-07-26T23:25:47.823806+00:00,,,,
expert,fantasypros_ecr,2022,00-0036182,Nick Westbrook-Ikhine,TEN,255,261.59,43.7,173.0,369.0,2022-08-26,WR,1,2026-07-26T23:25:47.823806+00:00,,,,
expert,fantasypros_ecr,2022,00-0036331,Devin Duvernay,BAL,256,262.1,39.86,186.0,367.0,2022-08-26,WR,1,2026-07-26T23:25:47.823806+00:00,,,,
expert,fantasypros_ecr,2022,00-0031549,Nelson Agholor,NE,257,263.62,33.02,175.0,377.0,2022-08-26,WR,1,2026-07-26T23:25:47.823806+00:00,,,,
expert,fantasypros_ecr,2022,00-0032134,C.J. Uzomah,NYJ,258,264.44,32.21,167.0,354.0,2022-08-26,TE,1,2026-07-26T23:25:47.823806+00:00,,,,
expert,fantasypros_ecr,2022,00-0036219,Marquez Callaway,NO,259,264.6,41.74,203.0,396.0,2022-08-26,WR,1,2026-07-26T23:25:47.823806+00:00,,,,
expert,fantasypros_ecr,2022,00-0034011,Dan Arnold,JAC,260,264.98,36.58,167.0,393.0,2022-08-26,TE,1,2026-07-26T23:25:47.823806+00:00,,,,
expert,fantasypros_ecr,2022,00-0027981,Kyle Rudolph,TB,261,266.0,45.64,144.0,352.0,2022-08-26,TE,1,2026-07-26T23:25:47.823806+00:00,,,,
expert,fantasypros_ecr,2022,00-0033537,Deshaun Watson,CLE,262,268.39,64.36,125.0,387.0,2022-08-26,QB,1,2026-07-26T23:25:47.823806+00:00,,,,
expert,fantasypros_ecr,2022,00-0037614,John Metchie III,HOU,263,269.33,32.22,229.0,372.0,2022-08-26,WR,1,2026-07-26T23:25:47.823806+00:00,,,,
expert,fantasypros_ecr,2022,00-0033308,Matt Breida,NYG,264,269.48,42.85,156.0,368.0,2022-08-26,RB,1,2026-07-26T23:25:47.823806+00:00,,,,
expert,fantasypros_ecr,2022,00-0037745,Velus Jones Jr.,CHI,265,270.24,41.91,177.0,367.0,2022-08-26,WR,1,2026-07-26T23:25:47.823806+00:00,,,,
expert,fantasypros_ecr,2022,00-0038115,Daniel Bellinger,NYG,266,270.85,34.23,190.0,367.0,2022-08-26,TE,1,2026-07-26T23:25:47.823806+00:00,,,,
expert,fantasypros_ecr,2022,00-0032268,Marcus Mariota,ATL,267,271.85,48.77,163.0,375.0,2022-08-26,QB,1,2026-07-26T23:25:47.823806+00:00,,,,
expert,fantasypros_ecr,2022,00-0032569,Wil Lutz,NO,268,271.94,22.27,214.0,309.0,2022-08-26,K,1,2026-07-26T23:25:47.823806+00:00,,,,
expert,fantasypros_ecr,2022,00-0031136,Chris Boswell,PIT,269,273.23,21.01,224.0,339.0,2022-08-26,K,1,2026-07-26T23:25:47.823806+00:00,,,,
expert,fantasypros_ecr,2022,00-0034270,Tyler Conklin,NYJ,270,273.49,38.39,168.0,366.0,2022-08-26,TE,1,2026-07-26T23:25:47.823806+00:00,,,,
expert,fantasypros_ecr,2022,00-0037273,Kyle Philips,TEN,271,274.3,48.11,161.0,396.0,2022-08-26,WR,1,2026-07-26T23:25:47.823806+00:00,,,,
expert,fantasypros_ecr,2022,00-0037570,Dennis Houston,DAL,272,276.5,13.5,263.0,290.0,2022-08-26,WR,1,2026-07-26T23:25:47.823806+00:00,,,,
expert,fantasypros_ecr,2022,00-0027685,Emmanuel Sanders,FA,273,276.67,42.42,195.0,376.0,2022-08-26,WR,1,2026-07-26T23:25:47.823806+00:00,,,,
expert,fantasypros_ecr,2022,00-0025580,Mason Crosby,GB,274,276.95,21.24,224.0,324.0,2022-08-26,K,1,2026-07-26T23:25:47.823806+00:00,,,,
expert,fantasypros_ecr,2022,00-0034765,Tre'Quan Smith,NO,275,277.91,41.66,214.0,378.0,2022-08-26,WR,1,2026-07-26T23:25:47.823806+00:00,,,,
expert,fantasypros_ecr,2022,00-0037744,Trey McBride,ARI,276,278.36,32.8,190.0,391.0,2022-08-26,TE,1,2026-07-26T23:25:47.823806+00:00,,,,
expert,fantasypros_ecr,2022,00-0030332,Brett Maher,DAL,277,278.48,36.51,218.0,342.0,2022-08-26,K,1,2026-07-26T23:25:47.823806+00:00,,,,
expert,fantasypros_ecr,2022,00-0037617,Hassan Haskins,TEN,278,280.01,47.69,158.0,356.0,2022-08-26,RB,1,2026-07-26T23:25:47.823806+00:00,,,,
expert,fantasypros_ecr,2022,00-0029000,Cole Beasley,FA,279,280.4,40.44,194.0,370.0,2022-08-26,WR,1,2026-07-26T23:25:47.823806+00:00,,,,
expert,fantasypros_ecr,2022,00-0037252,Greg Dulcich,DEN,280,280.51,36.49,182.0,351.0,2022-08-26,TE,1,2026-07-26T23:25:47.823806+00:00,,,,
expert,fantasypros_ecr,2022,00-0035537,Ty Johnson,NYJ,281,280.8,40.45,183.0,388.0,2022-08-26,RB,1,2026-07-26T23:25:47.823806+00:00,,,,
expert,fantasypros_ecr,2022,00-0034450,Greg Joseph,MIN,282,282.73,32.46,191.0,353.0,2022-08-26,K,1,2026-07-26T23:25:47.823806+00:00,,,,
expert,fantasypros_ecr,2022,00-0033138,Sam Ficken,FA,283,283.5,55.5,228.0,339.0,2022-08-26,K,1,2026-07-26T23:25:47.823806+00:00,,,,
expert,fantasypros_ecr,2022,00-0036232,Harrison Bryant,CLE,284,283.95,37.87,209.0,353.0,2022-08-26,TE,1,2026-07-26T23:25:47.823806+00:00,,,,
expert,fantasypros_ecr,2022,00-0033943,Josh Reynolds,DET,285,284.95,33.98,212.0,378.0,2022-08-26,WR,1,2026-07-26T23:25:47.823806+00:00,,,,
expert,fantasypros_ecr,2022,00-0034440,Justin Jackson,DET,286,285.21,49.41,174.0,383.0,2022-08-26,RB,1,2026-07-26T23:25:47.823806+00:00,,,,
expert,fantasypros_ecr,2022,00-0033879,O.J. Howard,BUF,287,286.34,42.15,190.0,394.0,2022-08-26,TE,1,2026-07-26T23:25:47.823806+00:00,,,,
expert,fantasypros_ecr,2022,00-0036370,Joshua Kelley,LAC,288,286.9,49.74,152.0,379.0,2022-08-26,RB,1,2026-07-26T23:25:47.823806+00:00,,,,
expert,fantasypros_ecr,2022,00-0035535,Darius Slayton,NYG,289,287.24,37.23,208.0,396.0,2022-08-26,WR,1,2026-07-26T23:25:47.823806+00:00,,,,
expert,fantasypros_ecr,2022,00-0027061,Jared Cook,FA,290,287.83,41.99,232.0,394.0,2022-08-26,TE,1,2026-07-26T23:25:47.823806+00:00,,,,
expert,fantasypros_ecr,2022,00-0031492,Jason Myers,SEA,291,288.41,28.36,218.0,353.0,2022-08-26,K,1,2026-07-26T23:25:47.823806+00:00,,,,
expert,fantasypros_ecr,2022,00-0036271,Quez Watkins,PHI,292,288.48,25.92,218.0,346.0,2022-08-26,WR,1,2026-07-26T23:25:47.823806+00:00,,,,
expert,fantasypros_ecr,2022,00-0036133,James Proche II,BAL,293,289.17,42.04,196.0,364.0,2022-08-26,WR,1,2026-07-26T23:25:47.823806+00:00,,,,
expert,fantasypros_ecr,2022,00-0037228,Jaylen Warren,PIT,294,289.31,51.85,177.0,392.0,2022-08-26,RB,1,2026-07-26T23:25:47.823806+00:00,,,,
expert,fantasypros_ecr,2022,00-0026858,Graham Gano,NYG,295,290.68,21.81,216.0,337.0,2022-08-26,K,1,2026-07-26T23:25:47.823806+00:00,,,,
expert,fantasypros_ecr,2022,00-0037838,Isaiah Likely,BAL,296,291.76,56.9,165.0,394.0,2022-08-26,TE,1,2026-07-26T23:25:47.823806+00:00,,,,
expert,fantasypros_ecr,2022,00-0037085,Tyler Badie,BAL,297,292.12,51.38,176.0,393.0,2022-08-26,RB,1,2026-07-26T23:25:47.823806+00:00,,,,
expert,fantasypros_ecr,2022,00-0030456,Giovani Bernard,TB,298,292.4,42.19,175.0,386.0,2022-08-26,RB,1,2026-07-26T23:25:47.823806+00:00,,,,
expert,fantasypros_ecr,2022,00-0036387,Jalen Reagor,PHI,299,293.19,37.07,206.0,396.0,2022-08-26,WR,1,2026-07-26T23:25:47.823806+00:00,,,,
expert,fantasypros_ecr,2022,00-0036450,Ke'Shawn Vaughn,TB,300,293.97,27.6,214.0,360.0,2022-08-26,RB,1,2026-07-26T23:25:47.823806+00:00,,,,
expert,fantasypros_ecr,2022,00-0029421,Randy Bullock,TEN,301,294.24,26.76,184.0,342.0,2022-08-26,K,1,2026-07-26T23:25:47.823806+00:00,,,,
expert,fantasypros_ecr,2022,00-0037005,Tommy Tremble,CAR,302,294.48,31.89,237.0,360.0,2022-08-26,TE,1,2026-07-26T23:25:47.823806+00:00,,,,
expert,fantasypros_ecr,2022,00-0035594,Travis Homer,SEA,303,294.62,50.81,183.0,374.0,2022-08-26,RB,1,2026-07-26T23:25:47.823806+00:00,,,,
expert,fantasypros_ecr,2022,00-0029892,Kyle Juszczyk,SF,304,294.8,46.38,177.0,336.0,2022-08-26,RB,1,2026-07-26T23:25:47.823806+00:00,,,,
expert,fantasypros_ecr,2022,00-0037525,Jordan Mason,SF,305,295.2,41.61,238.0,359.0,2022-08-26,RB,1,2026-07-26T23:25:47.823806+00:00,,,,
expert,fantasypros_ecr,2022,00-0034109,Phillip Lindsay,IND,306,296.51,34.78,189.0,393.0,2022-08-26,RB,1,2026-07-26T23:25:47.823806+00:00,,,,
expert,fantasypros_ecr,2022,00-0035208,Olamide Zaccheaus,ATL,307,297.46,44.42,210.0,395.0,2022-08-26,WR,1,2026-07-26T23:25:47.823806+00:00,,,,
expert,fantasypros_ecr,2022,00-0031203,Cairo Santos,CHI,308,297.79,28.53,213.0,350.0,2022-08-26,K,1,2026-07-26T23:25:47.823806+00:00,,,,
expert,fantasypros_ecr,2022,00-0032128,Chris Conley,HOU,309,298.43,48.22,214.0,365.0,2022-08-26,WR,1,2026-07-26T23:25:47.823806+00:00,,,,
expert,fantasypros_ecr,2022,00-0038098,Pierre Strong Jr.,NE,310,298.51,39.14,199.0,377.0,2022-08-26,RB,1,2026-07-26T23:25:47.823806+00:00,,,,
expert,fantasypros_ecr,2022,00-0032187,David Johnson,FA,311,298.55,43.73,192.0,386.0,2022-08-26,RB,1,2026-07-26T23:25:47.823806+00:00,,,,
expert,fantasypros_ecr,2022,00-0036277,Quintez Cephus,DET,312,299.04,35.28,226.0,390.0,2022-08-26,WR,1,2026-07-26T23:25:47.823806+00:00,,,,
expert,fantasypros_ecr,2022,00-0038104,Tyquan Thornton,NE,313,299.17,47.11,225.0,395.0,2022-08-26,WR,1,2026-07-26T23:25:47.823806+00:00,,,,
expert,fantasypros_ecr,2022,00-0033869,Mitch Trubisky,PIT,314,299.82,45.18,172.0,382.0,2022-08-26,QB,1,2026-07-26T23:25:47.823806+00:00,,,,
expert,fantasypros_ecr,2022,00-0037276,Ty Chandler,MIN,315,300.25,55.1,199.0,380.0,2022-08-26,RB,1,2026-07-26T23:25:47.823806+00:00,,,,
expert,fantasypros_ecr,2022,00-0033555,Mack Hollins,LV,316,300.75,44.15,243.0,384.0,2022-08-26,WR,1,2026-07-26T23:25:47.823806+00:00,,,,
expert,fantasypros_ecr,2022,00-0035414,Jalen Guyton,LAC,317,300.91,37.16,223.0,390.0,2022-08-26,WR,1,2026-07-26T23:25:47.823806+00:00,,,,
expert,fantasypros_ecr,2022,00-0036626,Dyami Brown,WAS,318,302.62,31.21,223.0,384.0,2022-08-26,WR,1,2026-07-26T23:25:47.823806+00:00,,,,
expert,fantasypros_ecr,2022,00-0037840,Kyren Williams,LAR,319,302.83,43.65,162.0,388.0,2022-08-26,RB,1,2026-07-26T23:25:47.823806+00:00,,,,
expert,fantasypros_ecr,2022,00-0037828,Danny Gray,SF,320,303.05,56.83,198.0,390.0,2022-08-26,WR,1,2026-07-26T23:25:47.823806+00:00,,,,
expert,fantasypros_ecr,2022,00-0032726,Ka'imi Fairbairn,HOU,321,304.14,29.72,191.0,353.0,2022-08-26,K,1,2026-07-26T23:25:47.823806+00:00,,,,
expert,fantasypros_ecr,2022,00-0036297,Darrynton Evans,CHI,322,304.23,37.58,199.0,393.0,2022-08-26,RB,1,2026-07-26T23:25:47.823806+00:00,,,,
expert,fantasypros_ecr,2022,00-0036569,Gary Brightwell,NYG,323,304.33,6.94,296.0,313.0,2022-08-26,RB,1,2026-07-26T23:25:47.823806+00:00,,,,
expert,fantasypros_ecr,2022,00-0037087,Trestan Ebner,CHI,324,305.59,49.24,217.0,384.0,2022-08-26,RB,1,2026-07-26T23:25:47.823806+00:00,,,,
expert,fantasypros_ecr,2022,00-0037265,Snoop Conner,JAC,325,305.74,41.75,227.0,380.0,2022-08-26,RB,1,2026-07-26T23:25:47.823806+00:00,,,,
expert,fantasypros_ecr,2022,00-0035358,Chase McLaughlin,FA,326,306.05,33.3,181.0,339.0,2022-08-26,K,1,2026-07-26T23:25:47.823806+00:00,,,,
expert,fantasypros_ecr,2022,00-0032087,Josh Lambo,FA,327,307.93,34.33,175.0,353.0,2022-08-26,K,1,2026-07-26T23:25:47.823806+00:00,,,,
expert,fantasypros_ecr,2022,00-0036020,Salvon Ahmed,MIA,328,308.25,32.66,238.0,393.0,2022-08-26,RB,1,2026-07-26T23:25:47.823806+00:00,,,,
expert,fantasypros_ecr,2022,00-0038097,Cade York,CLE,329,309.44,25.54,253.0,353.0,2022-08-26,K,1,2026-07-26T23:25:47.823806+00:00,,,,
expert,fantasypros_ecr,2022,00-0029239,Brandon Bolden,LV,330,309.89,58.21,189.0,388.0,2022-08-26,RB,1,2026-07-26T23:25:47.823806+00:00,,,,
expert,fantasypros_ecr,2022,00-0033591,Noah Brown,DAL,331,310.8,48.32,214.0,395.0,2022-08-26,WR,1,2026-07-26T23:25:47.823806+00:00,,,,
expert,fantasypros_ecr,2022,00-0032977,Rashard Higgins,CAR,332,310.9,49.46,226.0,390.0,2022-08-26,WR,1,2026-07-26T23:25:47.823806+00:00,,,,
expert,fantasypros_ecr,2022,00-0035329,Donald Parham Jr.,LAC,333,311.77,33.64,255.0,394.0,2022-08-26,TE,1,2026-07-26T23:25:47.823806+00:00,,,,
expert,fantasypros_ecr,2022,00-0029608,T.Y. Hilton,FA,334,311.93,29.36,268.0,379.0,2022-08-26,WR,1,2026-07-26T23:25:47.823806+00:00,,,,
expert,fantasypros_ecr,2022,00-0034909,Tristan Vizcaino,NE,335,312.19,40.4,181.0,353.0,2022-08-26,K,1,2026-07-26T23:25:47.823806+00:00,,,,
expert,fantasypros_ecr,2022,00-0033862,Zane Gonzalez,CAR,336,312.21,21.72,262.0,342.0,2022-08-26,K,1,2026-07-26T23:25:47.823806+00:00,,,,
expert,fantasypros_ecr,2022,00-0037261,Khalil Shakir,BUF,337,313.07,43.77,220.0,384.0,2022-08-26,WR,1,2026-07-26T23:25:47.823806+00:00,,,,
expert,fantasypros_ecr,2022,00-0027793,Antonio Brown,FA,338,313.4,39.81,262.0,385.0,2022-08-26,WR,1,2026-07-26T23:25:47.823806+00:00,,,,
expert,fantasypros_ecr,2022,00-0034676,James Washington,DAL,339,315.55,46.15,203.0,390.0,2022-08-26,WR,1,2026-07-26T23:25:47.823806+00:00,,,,
expert,fantasypros_ecr,2022,00-0037837,Calvin Austin III,PIT,340,315.61,34.4,263.0,387.0,2022-08-26,WR,1,2026-07-26T23:25:47.823806+00:00,,,,
expert,fantasypros_ecr,2022,00-0036259,Jauan Jennings,SF,341,316.0,37.29,247.0,392.0,2022-08-26,WR,1,2026-07-26T23:25:47.823806+00:00,,,,
expert,fantasypros_ecr,2022,00-0033455,Anthony Firkser,ATL,342,316.15,39.4,236.0,374.0,2022-08-26,TE,1,2026-07-26T23:25:47.823806+00:00,,,,
expert,fantasypros_ecr,2022,00-0037755,Jelani Woods,IND,343,316.26,39.09,253.0,394.0,2022-08-26,TE,1,2026-07-26T23:25:47.823806+00:00,,,,
expert,fantasypros_ecr,2022,00-0034838,Royce Freeman,HOU,344,316.5,72.15,201.0,388.0,2022-08-26,RB,1,2026-07-26T23:25:47.823806+00:00,,,,
expert,fantasypros_ecr,2022,00-0032778,Tajae Sharpe,CHI,345,316.67,41.8,271.0,372.0,2022-08-26,WR,1,2026-07-26T23:25:47.823806+00:00,,,,
expert,fantasypros_ecr,2022,00-0033357,Taysom Hill,NO,346,317.0,61.9,178.0,397.0,2022-08-26,TE,1,2026-07-26T23:25:47.823806+00:00,,,,
expert,fantasypros_ecr,2022,00-0038129,Cade Otton,TB,347,317.97,38.48,236.0,394.0,2022-08-26,TE,1,2026-07-26T23:25:47.823806+00:00,,,,
expert,fantasypros_ecr,2022,00-0037077,Sam Howell,WAS,348,318.75,24.06,280.0,346.0,2022-08-26,QB,1,2026-07-26T23:25:47.823806+00:00,,,,
expert,fantasypros_ecr,2022,00-0037594,Julius Chestnut,TEN,349,319.0,47.12,238.0,353.0,2022-08-26,RB,1,2026-07-26T23:25:47.823806+00:00,,,,
expert,fantasypros_ecr,2022,00-0035192,Joey Slye,WAS,350,319.15,22.44,276.0,353.0,2022-08-26,K,1,2026-07-26T23:25:47.823806+00:00,,,,
expert,fantasypros_ecr,2022,00-0037471,James McCourt,JAC,351,319.5,12.5,307.0,332.0,2022-08-26,K,1,2026-07-26T23:25:47.823806+00:00,,,,
expert,fantasypros_ecr,2022,00-0036628,John Bates,WAS,352,319.68,38.96,242.0,389.0,2022-08-26,TE,1,2026-07-26T23:25:47.823806+00:00,,,,
expert,fantasypros_ecr,2022,00-0034981,Foster Moreau,LV,353,320.17,39.31,232.0,391.0,2022-08-26,TE,1,2026-07-26T23:25:47.823806+00:00,,,,
expert,fantasypros_ecr,2022,00-0032257,Duke Johnson Jr.,BUF,354,320.54,27.99,256.0,392.0,2022-08-26,RB,1,2026-07-26T23:25:47.823806+00:00,,,,
expert,fantasypros_ecr,2022,00-0031045,Carlos Hyde,FA,355,320.83,12.01,307.0,342.0,2022-08-26,RB,1,2026-07-26T23:25:47.823806+00:00,,,,
expert,fantasypros_ecr,2022,00-0036488,Quinn Nordin,FA,356,321.0,13.59,300.0,342.0,2022-08-26,K,1,2026-07-26T23:25:47.823806+00:00,,,,
expert,fantasypros_ecr,2022,00-0035145,Austin Seibert,DET,357,321.05,22.94,272.0,353.0,2022-08-26,K,1,2026-07-26T23:25:47.823806+00:00,,,,
expert,fantasypros_ecr,2022,00-0032775,Demarcus Robinson,BAL,358,321.19,40.33,265.0,396.0,2022-08-26,WR,1,2026-07-26T23:25:47.823806+00:00,,,,
expert,fantasypros_ecr,2022,00-0036425,DeeJay Dallas,SEA,359,321.28,42.89,234.0,389.0,2022-08-26,RB,1,2026-07-26T23:25:47.823806+00:00,,,,
expert,fantasypros_ecr,2022,00-0036999,Anthony Schwartz,CLE,360,321.3,29.92,279.0,395.0,2022-08-26,WR,1,2026-07-26T23:25:47.823806+00:00,,,,
expert,fantasypros_ecr,2022,00-0033119,Jacoby Brissett,CLE,361,321.44,33.08,241.0,385.0,2022-08-26,QB,1,2026-07-26T23:25:47.823806+00:00,,,,
expert,fantasypros_ecr,2022,00-0034614,Godwin Igwebuike,DET,362,321.5,60.5,261.0,382.0,2022-08-26,RB,1,2026-07-26T23:25:47.823806+00:00,,,,
expert,fantasypros_ecr,2022,00-0037267,Jerome Ford,CLE,363,321.83,28.83,238.0,393.0,2022-08-26,RB,1,2026-07-26T23:25:47.823806+00:00,,,,
expert,fantasypros_ecr,2022,00-0036991,Amari Rodgers,GB,364,321.98,45.05,231.0,396.0,2022-08-26,WR,1,2026-07-26T23:25:47.823806+00:00,,,,
expert,fantasypros_ecr,2022,00-0034386,Justin Watson,KC,365,322.63,38.1,263.0,384.0,2022-08-26,WR,1,2026-07-26T23:25:47.823806+00:00,,,,
expert,fantasypros_ecr,2022,00-0036654,Demetric Felton Jr.,CLE,366,323.5,36.58,280.0,392.0,2022-08-26,RB,1,2026-07-26T23:25:47.823806+00:00,,,,
expert,fantasypros_ecr,2022,00-0032951,Laquon Treadwell,JAC,367,323.54,38.69,269.0,395.0,2022-08-26,WR,1,2026-07-26T23:25:47.823806+00:00,,,,
expert,fantasypros_ecr,2022,00-0036816,Riley Patterson,DET,368,323.6,16.01,287.0,342.0,2022-08-26,K,1,2026-07-26T23:25:47.823806+00:00,,,,
expert,fantasypros_ecr,2022,00-0033658,Blake Jarwin,FA,369,323.86,41.23,267.0,374.0,2022-08-26,TE,1,2026-07-26T23:25:47.823806+00:00,,,,
expert,fantasypros_ecr,2022,00-0035021,Ashton Dulin,IND,370,324.14,42.17,243.0,395.0,2022-08-26,WR,1,2026-07-26T23:25:47.823806+00:00,,,,
expert,fantasypros_ecr,2022,00-0035215,Deonte Harty,NO,371,324.36,41.55,243.0,378.0,2022-08-26,WR,1,2026-07-26T23:25:47.823806+00:00,,,,
expert,fantasypros_ecr,2022,00-0033556,Tarik Cohen,FA,372,324.71,7.69,311.0,336.0,2022-08-26,RB,1,2026-07-26T23:25:47.823806+00:00,,,,
expert,fantasypros_ecr,2022,00-0038102,Kenny Pickett,PIT,373,325.35,32.81,244.0,387.0,2022-08-26,QB,1,2026-07-26T23:25:47.823806+00:00,,,,
expert,fantasypros_ecr,2022,00-0037436,Jalen Wydermyer,NE,374,325.5,58.36,255.0,394.0,2022-08-26,TE,1,2026-07-26T23:25:47.823806+00:00,,,,
expert,fantasypros_ecr,2022,00-0037299,Keaontay Ingram,ARI,375,325.67,39.42,256.0,389.0,2022-08-26,RB,1,2026-07-26T23:25:47.823806+00:00,,,,
expert,fantasypros_ecr,2022,00-0031806,Malcolm Brown,FA,376,326.0,24.18,264.0,370.0,2022-08-26,RB,1,2026-07-26T23:25:47.823806+00:00,,,,
expert,fantasypros_ecr,2022,00-0030513,Latavius Murray,FA,377,326.03,23.0,277.0,388.0,2022-08-26,RB,1,2026-07-26T23:25:47.823806+00:00,,,,
expert,fantasypros_ecr,2022,00-0037410,Jashaun Corbin,NYG,378,327.0,25.02,289.0,359.0,2022-08-26,RB,1,2026-07-26T23:25:47.823806+00:00,,,,
expert,fantasypros_ecr,2022,00-0033950,Wayne Gallman Jr.,FA,379,327.17,21.03,277.0,374.0,2022-08-26,RB,1,2026-07-26T23:25:47.823806+00:00,,,,
expert,fantasypros_ecr,2022,00-0036842,Kene Nwangwu,MIN,380,327.2,41.67,237.0,393.0,2022-08-26,RB,1,2026-07-26T23:25:47.823806+00:00,,,,
expert,fantasypros_ecr,2022,00-0032972,Devontae Booker,FA,381,327.49,22.13,273.0,384.0,2022-08-26,RB,1,2026-07-26T23:25:47.823806+00:00,,,,
expert,fantasypros_ecr,2022,00-0035289,Gardner Minshew II,PHI,382,327.67,28.34,291.0,360.0,2022-08-26,QB,1,2026-07-26T23:25:47.823806+00:00,,,,
expert,fantasypros_ecr,2022,00-0031345,Jimmy Garoppolo,SF,383,327.94,35.51,202.0,397.0,2022-08-26,QB,1,2026-07-26T23:25:47.823806+00:00,,,,
expert,fantasypros_ecr,2022,00-0035704,Drew Lock,SEA,384,329.6,36.02,242.0,393.0,2022-08-26,QB,1,2026-07-26T23:25:47.823806+00:00,,,,
expert,fantasypros_ecr,2022,00-0032058,Tevin Coleman,NYJ,385,330.27,25.06,237.0,382.0,2022-08-26,RB,1,2026-07-26T23:25:47.823806+00:00,,,,
expert,fantasypros_ecr,2022,00-0036849,Tutu Atwell,LAR,386,330.67,32.72,270.0,396.0,2022-08-26,WR,1,2026-07-26T23:25:47.823806+00:00,,,,
expert,fantasypros_ecr,2022,00-0032398,Chris Moore,HOU,387,331.0,28.91,304.0,379.0,2022-08-26,WR,1,2026-07-26T23:25:47.823806+00:00,,,,
expert,fantasypros_ecr,2022,00-0030565,Geno Smith,SEA,388,331.27,33.06,247.0,397.0,2022-08-26,QB,1,2026-07-26T23:25:47.823806+00:00,,,,
expert,fantasypros_ecr,2022,00-0033376,Patrick Ricard,BAL,389,331.33,38.44,277.0,360.0,2022-08-26,RB,1,2026-07-26T23:25:47.823806+00:00,,,,
expert,fantasypros_ecr,2022,00-0035924,Jonathan Ward,ARI,390,331.67,18.08,316.0,357.0,2022-08-26,RB,1,2026-07-26T23:25:47.823806+00:00,,,,
expert,fantasypros_ecr,2022,00-0031285,Devonta Freeman,FA,391,331.7,18.46,293.0,366.0,2022-08-26,RB,1,2026-07-26T23:25:47.823806+00:00,,,,
expert,fantasypros_ecr,2022,00-0037546,Abram Smith,NO,392,332.88,41.14,251.0,383.0,2022-08-26,RB,1,2026-07-26T23:25:47.823806+00:00,,,,
expert,fantasypros_ecr,2022,00-0036247,Freddie Swain,SEA,393,332.92,35.06,269.0,390.0,2022-08-26,WR,1,2026-07-26T23:25:47.823806+00:00,,,,
expert,fantasypros_ecr,2022,00-0036755,Jaret Patterson,WAS,394,333.2,27.29,259.0,393.0,2022-08-26,RB,1,2026-07-26T23:25:47.823806+00:00,,,,
expert,fantasypros_ecr,2022,00-0034766,Chris Herndon IV,FA,395,333.5,39.27,260.0,371.0,2022-08-26,TE,1,2026-07-26T23:25:47.823806+00:00,,,,
expert,fantasypros_ecr,2022,00-0031237,Teddy Bridgewater,MIA,396,333.71,20.31,297.0,370.0,2022-08-26,QB,1,2026-07-26T23:25:47.823806+00:00,,,,
expert,fantasypros_ecr,2022,00-0034869,Sam Darnold,CAR,397,334.18,24.71,274.0,387.0,2022-08-26,QB,1,2026-07-26T23:25:47.823806+00:00,,,,
expert,fantasypros_ecr,2022,00-0032141,Geoff Swaim,TEN,398,334.21,23.78,282.0,374.0,2022-08-26,TE,1,2026-07-26T23:25:47.823806+00:00,,,,
expert,fantasypros_ecr,2022,00-0034279,Equanimeous St. Brown,CHI,399,334.89,35.75,268.0,396.0,2022-08-26,WR,1,2026-07-26T23:25:47.823806+00:00,,,,
expert,fantasypros_ecr,2022,00-0033681,Keelan Cole Sr.,LV,400,334.94,34.9,261.0,379.0,2022-08-26,WR,1,2026-07-26T23:25:47.823806+00:00,,,,
expert,fantasypros_ecr,2022,00-0034648,Ryan Santoso,FA,401,335.0,13.31,308.0,353.0,2022-08-26,K,1,2026-07-26T23:25:47.823806+00:00,,,,
expert,fantasypros_ecr,2022,00-0026189,DeSean Jackson,FA,402,335.0,38.36,293.0,386.0,2022-08-26,WR,1,2026-07-26T23:25:47.823806+00:00,,,,
expert,fantasypros_ecr,2022,00-0036620,Dee Eskridge,SEA,403,335.16,35.64,279.0,395.0,2022-08-26,WR,1,2026-07-26T23:25:47.823806+00:00,,,,
expert,fantasypros_ecr,2022,00-0036862,Ben Skowronek,LAR,404,335.38,27.63,290.0,384.0,2022-08-26,WR,1,2026-07-26T23:25:47.823806+00:00,,,,
expert,fantasypros_ecr,2022,00-0035217,Benny Snell Jr.,PIT,405,335.67,35.63,253.0,388.0,2022-08-26,RB,1,2026-07-26T23:25:47.823806+00:00,,,,
expert,fantasypros_ecr,2022,00-0036427,Tyler Johnson,TB,406,335.74,31.29,270.0,390.0,2022-08-26,WR,1,2026-07-26T23:25:47.823806+00:00,,,,
expert,fantasypros_ecr,2022,00-0033439,Pharaoh Brown,HOU,407,336.0,22.81,291.0,374.0,2022-08-26,TE,1,2026-07-26T23:25:47.823806+00:00,,,,
expert,fantasypros_ecr,2022,00-0032160,Tyrell Williams,FA,408,336.0,50.19,262.0,395.0,2022-08-26,WR,1,2026-07-26T23:25:47.823806+00:00,,,,
expert,fantasypros_ecr,2022,00-0035624,N'Keal Harry,CHI,409,336.42,31.7,262.0,379.0,2022-08-26,WR,1,2026-07-26T23:25:47.823806+00:00,,,,
expert,fantasypros_ecr,2022,00-0035860,Tony Jones Jr.,NO,410,337.21,32.26,256.0,385.0,2022-08-26,RB,1,2026-07-26T23:25:47.823806+00:00,,,,
expert,fantasypros_ecr,2022,00-0033854,Dare Ogunbowale,HOU,411,337.43,40.71,260.0,393.0,2022-08-26,RB,1,2026-07-26T23:25:47.823806+00:00,,,,
expert,fantasypros_ecr,2022,00-0034686,Auden Tate,FA,412,337.56,27.41,290.0,379.0,2022-08-26,WR,1,2026-07-26T23:25:47.823806+00:00,,,,
expert,fantasypros_ecr,2022,00-0034052,Brandon Zylstra,CAR,413,338.0,5.0,333.0,343.0,2022-08-26,WR,1,2026-07-26T23:25:47.823806+00:00,,,,
expert,fantasypros_ecr,2022,00-0035273,Qadree Ollison,ATL,414,338.4,42.82,262.0,387.0,2022-08-26,RB,1,2026-07-26T23:25:47.823806+00:00,,,,
expert,fantasypros_ecr,2022,00-0036650,Larry Rountree III,LAC,415,338.6,17.07,312.0,359.0,2022-08-26,RB,1,2026-07-26T23:25:47.823806+00:00,,,,
expert,fantasypros_ecr,2022,00-0036332,Josiah Deguara,GB,416,338.71,37.27,190.0,389.0,2022-08-26,TE,1,2026-07-26T23:25:47.823806+00:00,,,,
expert,fantasypros_ecr,2022,00-0032214,Tyler Kroft,SF,417,339.0,34.94,305.0,394.0,2022-08-26,TE,1,2026-07-26T23:25:47.823806+00:00,,,,
expert,fantasypros_ecr,2022,00-0038122,Desmond Ridder,ATL,418,339.95,38.63,258.0,397.0,2022-08-26,QB,1,2026-07-26T23:25:47.823806+00:00,,,,
expert,fantasypros_ecr,2022,00-0036918,Jacob Harris,LAR,419,340.0,18.93,318.0,363.0,2022-08-26,TE,1,2026-07-26T23:25:47.823806+00:00,,,,
expert,fantasypros_ecr,2022,00-0036876,Kylen Granson,IND,420,340.08,37.34,236.0,391.0,2022-08-26,TE,1,2026-07-26T23:25:47.823806+00:00,,,,
expert,fantasypros_ecr,2022,00-0038128,Malik Willis,TEN,421,340.13,35.89,259.0,392.0,2022-08-26,QB,1,2026-07-26T23:25:47.823806+00:00,,,,
expert,fantasypros_ecr,2022,00-0032464,Kalif Raymond,DET,422,340.2,28.66,295.0,383.0,2022-08-26,WR,1,2026-07-26T23:25:47.823806+00:00,,,,
expert,fantasypros_ecr,2022,00-0033572,Jamal Agnew,JAC,423,340.91,31.18,297.0,391.0,2022-08-26,WR,1,2026-07-26T23:25:47.823806+00:00,,,,
expert,fantasypros_ecr,2022,00-0032780,Jordan Howard,FA,424,341.8,20.27,318.0,371.0,2022-08-26,RB,1,2026-07-26T23:25:47.823806+00:00,,,,
expert,fantasypros_ecr,2022,00-0033251,Zach Pascal,PHI,425,341.95,34.23,271.0,390.0,2022-08-26,WR,1,2026-07-26T23:25:47.823806+00:00,,,,
expert,fantasypros_ecr,2022,00-0032918,C.J. Ham,MIN,426,342.33,28.55,316.0,382.0,2022-08-26,RB,1,2026-07-26T23:25:47.823806+00:00,,,,
expert,fantasypros_ecr,2022,00-0030496,Le'Veon Bell,FA,427,342.8,25.34,322.0,392.0,2022-08-26,RB,1,2026-07-26T23:25:47.823806+00:00,,,,
expert,fantasypros_ecr,2022,00-0032208,Phillip Dorsett II,HOU,428,345.0,32.16,293.0,390.0,2022-08-26,WR,1,2026-07-26T23:25:47.823806+00:00,,,,
expert,fantasypros_ecr,2022,00-0035126,Antoine Wesley,ARI,429,345.11,31.6,295.0,383.0,2022-08-26,WR,1,2026-07-26T23:25:47.823806+00:00,,,,
expert,fantasypros_ecr,2022,00-0034208,Mike Boone,DEN,430,345.2,30.02,296.0,386.0,2022-08-26,RB,1,2026-07-26T23:25:47.823806+00:00,,,,
expert,fantasypros_ecr,2022,00-0036255,Denzel Mims,NYJ,431,345.3,21.61,306.0,372.0,2022-08-26,WR,1,2026-07-26T23:25:47.823806+00:00,,,,
expert,fantasypros_ecr,2022,00-0031387,Eric Ebron,FA,432,345.56,39.6,273.0,391.0,2022-08-26,TE,1,2026-07-26T23:25:47.823806+00:00,,,,
expert,fantasypros_ecr,2022,00-0037216,Justyn Ross,KC,433,345.8,28.87,313.0,383.0,2022-08-26,WR,1,2026-07-26T23:25:47.823806+00:00,,,,
expert,fantasypros_ecr,2022,00-0033955,Jeremy McNichols,PIT,434,346.0,27.69,312.0,382.0,2022-08-26,RB,1,2026-07-26T23:25:47.823806+00:00,,,,
expert,fantasypros_ecr,2022,00-0037286,Kevin Harris,NE,435,346.1,22.34,312.0,380.0,2022-08-26,RB,1,2026-07-26T23:25:47.823806+00:00,,,,
expert,fantasypros_ecr,2022,00-0035125,Alec Ingold,MIA,436,348.0,11.0,337.0,359.0,2022-08-26,RB,1,2026-07-26T23:25:47.823806+00:00,,,,
expert,fantasypros_ecr,2022,00-0036630,Tylan Wallace,BAL,437,348.15,29.55,304.0,396.0,2022-08-26,WR,1,2026-07-26T23:25:47.823806+00:00,,,,
expert,fantasypros_ecr,2022,00-0034159,Will Dissly,SEA,438,348.31,28.44,273.0,394.0,2022-08-26,TE,1,2026-07-26T23:25:47.823806+00:00,,,,
expert,fantasypros_ecr,2022,00-0031763,DeAndre Carter,LAC,439,348.75,39.28,290.0,391.0,2022-08-26,WR,1,2026-07-26T23:25:47.823806+00:00,,,,
expert,fantasypros_ecr,2022,00-0036670,Jermar Jefferson,DET,440,349.2,42.81,277.0,388.0,2022-08-26,RB,1,2026-07-26T23:25:47.823806+00:00,,,,
expert,fantasypros_ecr,2022,00-0030968,Keith Smith,ATL,441,349.5,12.5,337.0,362.0,2022-08-26,RB,1,2026-07-26T23:25:47.823806+00:00,,,,
expert,fantasypros_ecr,2022,00-0034975,Justice Hill,BAL,442,349.57,38.22,270.0,392.0,2022-08-26,RB,1,2026-07-26T23:25:47.823806+00:00,,,,
expert,fantasypros_ecr,2022,00-0036336,Anthony McFarland Jr.,PIT,443,349.79,29.1,286.0,388.0,2022-08-26,RB,1,2026-07-26T23:25:47.823806+00:00,,,,
expert,fantasypros_ecr,2022,00-0035268,Ryquell Armstead,JAC,444,350.4,34.13,301.0,392.0,2022-08-26,RB,1,2026-07-26T23:25:47.823806+00:00,,,,
expert,fantasypros_ecr,2022,00-0036627,Dez Fitzpatrick,TEN,445,351.6,14.54,334.0,375.0,2022-08-26,WR,1,2026-07-26T23:25:47.823806+00:00,,,,
expert,fantasypros_ecr,2022,00-0037131,Kennedy Brooks,PHI,446,351.71,32.45,304.0,392.0,2022-08-26,RB,1,2026-07-26T23:25:47.823806+00:00,,,,
expert,fantasypros_ecr,2022,00-0035567,Craig Reynolds,DET,447,352.15,25.26,310.0,392.0,2022-08-26,RB,1,2026-07-26T23:25:47.823806+00:00,,,,
expert,fantasypros_ecr,2022,00-0036040,Juwan Johnson,NO,448,352.32,23.39,319.0,394.0,2022-08-26,TE,1,2026-07-26T23:25:47.823806+00:00,,,,
expert,fantasypros_ecr,2022,00-0035715,Derrick Gore,FA,449,353.04,30.16,295.0,393.0,2022-08-26,RB,1,2026-07-26T23:25:47.823806+00:00,,,,
expert,fantasypros_ecr,2022,00-0036635,Ihmir Smith-Marsette,MIN,450,355.17,24.65,301.0,383.0,2022-08-26,WR,1,2026-07-26T23:25:47.823806+00:00,,,,
expert,fantasypros_ecr,2022,00-0031951,James O'Shaughnessy,CHI,451,355.63,25.12,319.0,394.0,2022-08-26,TE,1,2026-07-26T23:25:47.823806+00:00,,,,
expert,fantasypros_ecr,2022,00-0034365,Ian Thomas,CAR,452,355.7,11.08,335.0,381.0,2022-08-26,TE,1,2026-07-26T23:25:47.823806+00:00,,,,
expert,fantasypros_ecr,2022,00-0032054,Breshad Perriman,TB,453,356.5,13.5,343.0,370.0,2022-08-26,WR,1,2026-07-26T23:25:47.823806+00:00,,,,
expert,fantasypros_ecr,2022,00-0035806,JaMycal Hasty,SF,454,357.1,33.63,272.0,386.0,2022-08-26,RB,1,2026-07-26T23:25:47.823806+00:00,,,,
expert,fantasypros_ecr,2022,00-0034364,Jordan Akins,NYG,455,357.4,36.58,267.0,391.0,2022-08-26,TE,1,2026-07-26T23:25:47.823806+00:00,,,,
expert,fantasypros_ecr,2022,00-0034798,Durham Smythe,MIA,456,358.45,14.46,332.0,374.0,2022-08-26,TE,1,2026-07-26T23:25:47.823806+00:00,,,,
expert,fantasypros_ecr,2022,00-0034487,Trent Sherfield,MIA,457,358.67,15.97,340.0,379.0,2022-08-26,WR,1,2026-07-26T23:25:47.823806+00:00,,,,
expert,fantasypros_ecr,2022,00-0036669,Kylin Hill,GB,458,358.88,9.94,335.0,370.0,2022-08-26,RB,1,2026-07-26T23:25:47.823806+00:00,,,,
expert,fantasypros_ecr,2022,00-0027696,Jimmy Graham,FA,459,359.4,15.41,335.0,376.0,2022-08-26,TE,1,2026-07-26T23:25:47.823806+00:00,,,,
expert,fantasypros_ecr,2022,00-0032394,Nick Vannett,NO,460,359.5,25.5,334.0,385.0,2022-08-26,TE,1,2026-07-26T23:25:47.823806+00:00,,,,
expert,fantasypros_ecr,2022,00-0036250,Tyler Davis,GB,461,359.75,17.81,341.0,386.0,2022-08-26,TE,1,2026-07-26T23:25:47.823806+00:00,,,,
expert,fantasypros_ecr,2022,00-0034073,Ross Dwelley,SF,462,360.0,31.5,316.0,388.0,2022-08-26,TE,1,2026-07-26T23:25:47.823806+00:00,,,,
expert,fantasypros_ecr,2022,00-0032062,Blake Bell,KC,463,360.6,27.41,315.0,389.0,2022-08-26,TE,1,2026-07-26T23:25:47.823806+00:00,,,,
expert,fantasypros_ecr,2022,00-0031598,Nick Boyle,BAL,464,360.67,21.76,341.0,391.0,2022-08-26,TE,1,2026-07-26T23:25:47.823806+00:00,,,,
expert,fantasypros_ecr,2022,00-0037011,Tre' McKitty,LAC,465,361.0,18.71,336.0,381.0,2022-08-26,TE,1,2026-07-26T23:25:47.823806+00:00,,,,
expert,fantasypros_ecr,2022,00-0024243,Marcedes Lewis,GB,466,361.33,44.09,299.0,394.0,2022-08-26,TE,1,2026-07-26T23:25:47.823806+00:00,,,,
expert,fantasypros_ecr,2022,00-0037805,Jeremy Ruckert,NYJ,467,361.56,20.55,309.0,391.0,2022-08-26,TE,1,2026-07-26T23:25:47.823806+00:00,,,,
expert,fantasypros_ecr,2022,00-0036646,Simi Fehoko,DAL,468,362.0,23.16,337.0,395.0,2022-08-26,WR,1,2026-07-26T23:25:47.823806+00:00,,,,
expert,fantasypros_ecr,2022,00-0037078,Cole Turner,WAS,469,362.0,31.02,319.0,391.0,2022-08-26,TE,1,2026-07-26T23:25:47.823806+00:00,,,,
expert,fantasypros_ecr,2022,00-0033114,Mike Thomas,CIN,470,362.0,19.87,346.0,390.0,2022-08-26,WR,1,2026-07-26T23:25:47.823806+00:00,,,,
expert,fantasypros_ecr,2022,00-0029664,Josh Gordon,KC,471,362.0,16.0,346.0,378.0,2022-08-26,WR,1,2026-07-26T23:25:47.823806+00:00,,,,
expert,fantasypros_ecr,2022,00-0037509,Sincere McCormick,LV,472,362.0,3.0,359.0,365.0,2022-08-26,RB,1,2026-07-26T23:25:47.823806+00:00,,,,
expert,fantasypros_ecr,2022,00-0036139,Rico Dowdle,DAL,473,362.5,38.73,296.0,393.0,2022-08-26,RB,1,2026-07-26T23:25:47.823806+00:00,,,,
expert,fantasypros_ecr,2022,00-0035864,Kendall Hinton,DEN,474,362.5,16.5,346.0,379.0,2022-08-26,WR,1,2026-07-26T23:25:47.823806+00:00,,,,
expert,fantasypros_ecr,2022,00-0037809,Chigoziem Okonkwo,TEN,475,363.25,20.76,324.0,390.0,2022-08-26,TE,1,2026-07-26T23:25:47.823806+00:00,,,,
expert,fantasypros_ecr,2022,00-0035993,Tyler Huntley,BAL,476,363.83,26.6,321.0,397.0,2022-08-26,QB,1,2026-07-26T23:25:47.823806+00:00,,,,
expert,fantasypros_ecr,2022,00-0028118,Tyrod Taylor,NYG,477,364.0,32.52,330.0,397.0,2022-08-26,QB,1,2026-07-26T23:25:47.823806+00:00,,,,
expert,fantasypros_ecr,2022,00-0038046,Charlie Kolar,BAL,478,364.5,4.5,360.0,369.0,2022-08-26,TE,1,2026-07-26T23:25:47.823806+00:00,,,,
expert,fantasypros_ecr,2022,00-0035703,Miles Boykin,PIT,479,365.5,27.81,333.0,396.0,2022-08-26,WR,1,2026-07-26T23:25:47.823806+00:00,,,,
expert,fantasypros_ecr,2022,00-0038041,Jake Ferguson,DAL,480,365.77,20.53,319.0,391.0,2022-08-26,TE,1,2026-07-26T23:25:47.823806+00:00,,,,
expert,fantasypros_ecr,2022,00-0026158,Joe Flacco,NYJ,481,366.0,20.51,334.0,397.0,2022-08-26,QB,1,2026-07-26T23:25:47.823806+00:00,,,,
expert,fantasypros_ecr,2022,00-0032355,Chester Rogers,HOU,482,366.0,20.0,346.0,386.0,2022-08-26,WR,1,2026-07-26T23:25:47.823806+00:00,,,,
expert,fantasypros_ecr,2022,00-0036244,Colby Parkinson,SEA,483,366.5,4.5,362.0,371.0,2022-08-26,TE,1,2026-07-26T23:25:47.823806+00:00,,,,
expert,fantasypros_ecr,2022,00-0031558,Maxx Williams,ARI,484,366.6,9.67,354.0,376.0,2022-08-26,TE,1,2026-07-26T23:25:47.823806+00:00,,,,
expert,fantasypros_ecr,2022,00-0037004,Hunter Long,MIA,485,366.67,11.81,350.0,376.0,2022-08-26,TE,1,2026-07-26T23:25:47.823806+00:00,,,,
expert,fantasypros_ecr,2022,00-0035222,Zach Gentry,PIT,486,367.5,10.83,349.0,376.0,2022-08-26,TE,1,2026-07-26T23:25:47.823806+00:00,,,,
expert,fantasypros_ecr,2022,00-0030108,Ryan Griffin,CHI,487,367.71,12.13,341.0,376.0,2022-08-26,TE,1,2026-07-26T23:25:47.823806+00:00,,,,
expert,fantasypros_ecr,2022,00-0035006,Bisi Johnson,MIN,488,368.0,5.0,363.0,373.0,2022-08-26,WR,1,2026-07-26T23:25:47.823806+00:00,,,,
expert,fantasypros_ecr,2022,00-0037272,Montrell Washington,DEN,489,368.83,33.56,295.0,392.0,2022-08-26,WR,1,2026-07-26T23:25:47.823806+00:00,,,,
expert,fantasypros_ecr,2022,00-0037120,Tyler Goodson,GB,490,369.0,12.08,359.0,386.0,2022-08-26,RB,1,2026-07-26T23:25:47.823806+00:00,,,,
expert,fantasypros_ecr,2022,00-0033246,Johnny Mundt,MIN,491,369.67,6.85,360.0,375.0,2022-08-26,TE,1,2026-07-26T23:25:47.823806+00:00,,,,
expert,fantasypros_ecr,2022,00-0032980,Marcus Johnson,SF,492,370.5,4.5,366.0,375.0,2022-08-26,WR,1,2026-07-26T23:25:47.823806+00:00,,,,
expert,fantasypros_ecr,2022,00-0031868,Damiere Byrd,ATL,493,372.67,18.37,350.0,395.0,2022-08-26,WR,1,2026-07-26T23:25:47.823806+00:00,,,,
expert,fantasypros_ecr,2022,00-0037091,Bo Melton,SEA,494,373.0,13.88,356.0,390.0,2022-08-26,WR,1,2026-07-26T23:25:47.823806+00:00,,,,
expert,fantasypros_ecr,2022,00-0033215,Cyril Grayson Jr.,FA,495,373.5,5.12,369.0,382.0,2022-08-26,WR,1,2026-07-26T23:25:47.823806+00:00,,,,
expert,fantasypros_ecr,2022,00-0031595,Michael Burton,KC,496,373.5,8.5,365.0,382.0,2022-08-26,RB,1,2026-07-26T23:25:47.823806+00:00,,,,
expert,fantasypros_ecr,2022,00-0034104,Cam Sims,WAS,497,375.0,3.0,372.0,378.0,2022-08-26,WR,1,2026-07-26T23:25:47.823806+00:00,,,,
expert,fantasypros_ecr,2022,00-0036637,Noah Gray,KC,498,376.0,23.26,330.0,391.0,2022-08-26,TE,1,2026-07-26T23:25:47.823806+00:00,,,,
expert,fantasypros_ecr,2022,00-0034407,Ray-Ray McCloud,SF,499,376.0,19.49,343.0,396.0,2022-08-26,WR,1,2026-07-26T23:25:47.823806+00:00,,,,
expert,fantasypros_ecr,2022,00-0035631,Drew Sample,CIN,500,377.2,14.97,349.0,394.0,2022-08-26,TE,1,2026-07-26T23:25:47.823806+00:00,,,,
expert,fantasypros_ecr,2022,00-0036754,Brock Wright,DET,501,377.5,11.5,366.0,389.0,2022-08-26,TE,1,2026-07-26T23:25:47.823806+00:00,,,,
expert,fantasypros_ecr,2022,00-0035350,Preston Williams,MIA,502,379.25,3.19,375.0,384.0,2022-08-26,WR,1,2026-07-26T23:25:47.823806+00:00,,,,
expert,fantasypros_ecr,2022,00-0036493,Deon Jackson,IND,503,380.0,12.0,368.0,392.0,2022-08-26,RB,1,2026-07-26T23:25:47.823806+00:00,,,,
expert,fantasypros_ecr,2022,00-0036228,Dezmon Patmon,IND,504,387.0,8.83,375.0,396.0,2022-08-26,WR,1,2026-07-26T23:25:47.823806+00:00,,,,
expert,fantasypros_ecr,2023,00-0036322,Justin Jefferson,MIN,1,1.24,0.71,1.0,5.0,2023-08-25,WR,1,2026-07-26T23:25:48.069273+00:00,,,,
expert,fantasypros_ecr,2023,00-0036900,Ja'Marr Chase,CIN,2,2.36,1.07,1.0,5.0,2023-08-25,WR,1,2026-07-26T23:25:48.069273+00:00,,,,
expert,fantasypros_ecr,2023,00-0033280,Christian McCaffrey,SF,3,3.49,2.0,1.0,15.0,2023-08-25,RB,1,2026-07-26T23:25:48.069273+00:00,,,,
expert,fantasypros_ecr,2023,00-0033908,Cooper Kupp,LAR,4,5.04,2.65,1.0,16.0,2023-08-25,WR,1,2026-07-26T23:25:48.069273+00:00,,,,
expert,fantasypros_ecr,2023,00-0033040,Tyreek Hill,MIA,5,5.14,1.48,2.0,12.0,2023-08-25,WR,1,2026-07-26T23:25:48.069273+00:00,,,,
expert,fantasypros_ecr,2023,00-0030506,Travis Kelce,KC,6,6.74,3.31,4.0,30.0,2023-08-25,TE,1,2026-07-26T23:25:48.069273+00:00,,,,
expert,fantasypros_ecr,2023,00-0033699,Austin Ekeler,LAC,7,7.5,2.14,3.0,15.0,2023-08-25,RB,1,2026-07-26T23:25:48.069273+00:00,,,,
expert,fantasypros_ecr,2023,00-0031588,Stefon Diggs,BUF,8,8.89,2.32,4.0,14.0,2023-08-25,WR,1,2026-07-26T23:25:48.069273+00:00,,,,
expert,fantasypros_ecr,2023,00-0036358,CeeDee Lamb,DAL,9,10.47,2.57,5.0,24.0,2023-08-25,WR,1,2026-07-26T23:25:48.069273+00:00,,,,
expert,fantasypros_ecr,2023,00-0036963,Amon-Ra St. Brown,DET,10,11.57,3.32,2.0,24.0,2023-08-25,WR,1,2026-07-26T23:25:48.069273+00:00,,,,
expert,fantasypros_ecr,2023,00-0034844,Saquon Barkley,NYG,11,12.27,3.9,4.0,37.0,2023-08-25,RB,1,2026-07-26T23:25:48.069273+00:00,,,,
expert,fantasypros_ecr,2023,00-0035676,A.J. Brown,PHI,12,12.43,2.26,5.0,22.0,2023-08-25,WR,1,2026-07-26T23:25:48.069273+00:00,,,,
expert,fantasypros_ecr,2023,00-0031381,Davante Adams,LV,13,12.88,3.71,7.0,27.0,2023-08-25,WR,1,2026-07-26T23:25:48.069273+00:00,,,,
expert,fantasypros_ecr,2023,00-0037740,Garrett Wilson,NYJ,14,14.59,3.77,8.0,35.0,2023-08-25,WR,1,2026-07-26T23:25:48.069273+00:00,,,,
expert,fantasypros_ecr,2023,00-0038542,Bijan Robinson,ATL,15,14.82,9.1,2.0,95.0,2023-08-25,RB,1,2026-07-26T23:25:48.069273+00:00,,,,
expert,fantasypros_ecr,2023,00-0035261,Tony Pollard,DAL,16,17.57,7.92,3.0,59.0,2023-08-25,RB,1,2026-07-26T23:25:48.069273+00:00,,,,
expert,fantasypros_ecr,2023,00-0034791,Nick Chubb,CLE,17,18.22,5.53,6.0,31.0,2023-08-25,RB,1,2026-07-26T23:25:48.069273+00:00,,,,
expert,fantasypros_ecr,2023,00-0036613,Jaylen Waddle,MIA,18,19.37,5.49,12.0,40.0,2023-08-25,WR,1,2026-07-26T23:25:48.069273+00:00,,,,
expert,fantasypros_ecr,2023,00-0037239,Chris Olave,NO,19,20.86,5.55,12.0,48.0,2023-08-25,WR,1,2026-07-26T23:25:48.069273+00:00,,,,
expert,fantasypros_ecr,2023,00-0032764,Derrick Henry,TEN,20,21.85,4.66,7.0,38.0,2023-08-25,RB,1,2026-07-26T23:25:48.069273+00:00,,,,
expert,fantasypros_ecr,2023,00-0036912,DeVonta Smith,PHI,21,24.0,6.56,15.0,45.0,2023-08-25,WR,1,2026-07-26T23:25:48.069273+00:00,,,,
expert,fantasypros_ecr,2023,00-0030279,Keenan Allen,LAC,22,26.7,8.8,14.0,56.0,2023-08-25,WR,1,2026-07-26T23:25:48.069273+00:00,,,,
expert,fantasypros_ecr,2023,00-0035700,Josh Jacobs,LV,23,26.95,12.1,12.0,86.0,2023-08-25,RB,1,2026-07-26T23:25:48.069273+00:00,,,,
expert,fantasypros_ecr,2023,00-0033873,Patrick Mahomes II,KC,24,27.04,4.43,21.0,46.0,2023-08-25,QB,1,2026-07-26T23:25:48.069273+00:00,,,,
expert,fantasypros_ecr,2023,00-0036410,Tee Higgins,CIN,25,27.61,6.58,13.0,44.0,2023-08-25,WR,1,2026-07-26T23:25:48.069273+00:00,,,,
expert,fantasypros_ecr,2023,00-0036223,Jonathan Taylor,IND,26,28.14,11.75,10.0,80.0,2023-08-25,RB,1,2026-07-26T23:25:48.069273+00:00,,,,
expert,fantasypros_ecr,2023,00-0036389,Jalen Hurts,PHI,27,28.2,6.27,20.0,59.0,2023-08-25,QB,1,2026-07-26T23:25:48.069273+00:00,,,,
expert,fantasypros_ecr,2023,00-0034857,Josh Allen,BUF,28,28.64,6.37,23.0,68.0,2023-08-25,QB,1,2026-07-26T23:25:48.069273+00:00,,,,
expert,fantasypros_ecr,2023,00-0035640,DK Metcalf,SEA,29,30.97,7.19,14.0,46.0,2023-08-25,WR,1,2026-07-26T23:25:48.069273+00:00,,,,
expert,fantasypros_ecr,2023,00-0036875,Rhamondre Stevenson,NE,30,31.2,10.34,15.0,81.0,2023-08-25,RB,1,2026-07-26T23:25:48.069273+00:00,,,,
expert,fantasypros_ecr,2023,00-0034753,Mark Andrews,BAL,31,31.23,8.6,6.0,51.0,2023-08-25,TE,1,2026-07-26T23:25:48.069273+00:00,,,,
expert,fantasypros_ecr,2023,00-0033897,Joe Mixon,CIN,32,34.0,13.76,15.0,81.0,2023-08-25,RB,1,2026-07-26T23:25:48.069273+00:00,,,,
expert,fantasypros_ecr,2023,00-0034837,Calvin Ridley,JAC,33,34.69,13.01,11.0,90.0,2023-08-25,WR,1,2026-07-26T23:25:48.069273+00:00,,,,
expert,fantasypros_ecr,2023,00-0031544,Amari Cooper,CLE,34,36.06,6.38,20.0,60.0,2023-08-25,WR,1,2026-07-26T23:25:48.069273+00:00,,,,
expert,fantasypros_ecr,2023,00-0036893,Najee Harris,PIT,35,36.43,12.9,16.0,96.0,2023-08-25,RB,1,2026-07-26T23:25:48.069273+00:00,,,,
expert,fantasypros_ecr,2023,00-0039139,Jahmyr Gibbs,DET,36,39.94,14.89,15.0,109.0,2023-08-25,RB,1,2026-07-26T23:25:48.069273+00:00,,,,
expert,fantasypros_ecr,2023,00-0034796,Lamar Jackson,BAL,37,42.41,10.74,24.0,95.0,2023-08-25,QB,1,2026-07-26T23:25:48.069273+00:00,,,,
expert,fantasypros_ecr,2023,00-0033293,Aaron Jones,GB,38,42.57,11.8,21.0,88.0,2023-08-25,RB,1,2026-07-26T23:25:48.069273+00:00,,,,
expert,fantasypros_ecr,2023,00-0036973,Travis Etienne Jr.,JAC,39,42.64,12.38,17.0,92.0,2023-08-25,RB,1,2026-07-26T23:25:48.069273+00:00,,,,
expert,fantasypros_ecr,2023,00-0035719,Deebo Samuel,SF,40,43.11,9.23,14.0,72.0,2023-08-25,WR,1,2026-07-26T23:25:48.069273+00:00,,,,
expert,fantasypros_ecr,2023,00-0033921,Chris Godwin,TB,41,44.27,11.01,19.0,72.0,2023-08-25,WR,1,2026-07-26T23:25:48.069273+00:00,,,,
expert,fantasypros_ecr,2023,00-0037238,Drake London,ATL,42,44.95,8.61,27.0,65.0,2023-08-25,WR,1,2026-07-26T23:25:48.069273+00:00,,,,
expert,fantasypros_ecr,2023,00-0030564,DeAndre Hopkins,TEN,43,45.06,9.63,22.0,69.0,2023-08-25,WR,1,2026-07-26T23:25:48.069273+00:00,,,,
expert,fantasypros_ecr,2023,00-0034827,DJ Moore,CHI,44,45.36,8.63,27.0,72.0,2023-08-25,WR,1,2026-07-26T23:25:48.069273+00:00,,,,
expert,fantasypros_ecr,2023,00-0035659,Terry McLaurin,WAS,45,46.79,8.68,32.0,76.0,2023-08-25,WR,1,2026-07-26T23:25:48.069273+00:00,,,,
expert,fantasypros_ecr,2023,00-0036442,Joe Burrow,CIN,46,47.62,8.94,29.0,84.0,2023-08-25,QB,1,2026-07-26T23:25:48.069273+00:00,,,,
expert,fantasypros_ecr,2023,00-0036407,Jerry Jeudy,DEN,47,48.49,14.55,27.0,114.0,2023-08-25,WR,1,2026-07-26T23:25:48.069273+00:00,,,,
expert,fantasypros_ecr,2023,00-0035216,Diontae Johnson,PIT,48,51.23,11.69,22.0,81.0,2023-08-25,WR,1,2026-07-26T23:25:48.069273+00:00,,,,
expert,fantasypros_ecr,2023,00-0038124,Christian Watson,GB,49,51.38,10.53,27.0,75.0,2023-08-25,WR,1,2026-07-26T23:25:48.069273+00:00,,,,
expert,fantasypros_ecr,2023,00-0036945,Justin Fields,CHI,50,51.83,13.7,24.0,101.0,2023-08-25,QB,1,2026-07-26T23:25:48.069273+00:00,,,,
expert,fantasypros_ecr,2023,00-0035229,T.J. Hockenson,MIN,51,52.57,11.77,26.0,82.0,2023-08-25,TE,1,2026-07-26T23:25:48.069273+00:00,,,,
expert,fantasypros_ecr,2023,00-0036261,Brandon Aiyuk,SF,52,52.78,9.76,33.0,76.0,2023-08-25,WR,1,2026-07-26T23:25:48.069273+00:00,,,,
expert,fantasypros_ecr,2023,00-0036355,Justin Herbert,LAC,53,52.8,9.89,29.0,112.0,2023-08-25,QB,1,2026-07-26T23:25:48.069273+00:00,,,,
expert,fantasypros_ecr,2023,00-0032211,Tyler Lockett,SEA,54,53.4,12.04,29.0,104.0,2023-08-25,WR,1,2026-07-26T23:25:48.069273+00:00,,,,
expert,fantasypros_ecr,2023,00-0038120,Breece Hall,NYJ,55,53.85,17.17,18.0,114.0,2023-08-25,RB,1,2026-07-26T23:25:48.069273+00:00,,,,
expert,fantasypros_ecr,2023,00-0033536,Mike Williams,LAC,56,55.74,10.76,34.0,85.0,2023-08-25,WR,1,2026-07-26T23:25:48.069273+00:00,,,,
expert,fantasypros_ecr,2023,00-0034775,Christian Kirk,JAC,57,57.66,10.71,33.0,80.0,2023-08-25,WR,1,2026-07-26T23:25:48.069273+00:00,,,,
expert,fantasypros_ecr,2023,00-0035662,Marquise Brown,ARI,58,59.02,10.98,35.0,87.0,2023-08-25,WR,1,2026-07-26T23:25:48.069273+00:00,,,,
expert,fantasypros_ecr,2023,00-0038134,Kenneth Walker III,SEA,59,61.27,15.84,21.0,92.0,2023-08-25,RB,1,2026-07-26T23:25:48.069273+00:00,,,,
expert,fantasypros_ecr,2023,00-0031408,Mike Evans,TB,60,62.4,10.3,34.0,91.0,2023-08-25,WR,1,2026-07-26T23:25:48.069273+00:00,,,,
expert,fantasypros_ecr,2023,00-0036252,Michael Pittman Jr.,IND,61,62.46,11.12,39.0,90.0,2023-08-25,WR,1,2026-07-26T23:25:48.069273+00:00,,,,
expert,fantasypros_ecr,2023,00-0035243,Miles Sanders,CAR,62,63.32,15.3,31.0,100.0,2023-08-25,RB,1,2026-07-26T23:25:48.069273+00:00,,,,
expert,fantasypros_ecr,2023,00-0031610,Darren Waller,NYG,63,64.99,16.19,30.0,111.0,2023-08-25,TE,1,2026-07-26T23:25:48.069273+00:00,,,,
expert,fantasypros_ecr,2023,00-0034972,Alexander Mattison,MIN,64,65.04,18.73,25.0,121.0,2023-08-25,RB,1,2026-07-26T23:25:48.069273+00:00,,,,
expert,fantasypros_ecr,2023,00-0037258,Dameon Pierce,HOU,65,65.68,16.93,28.0,100.0,2023-08-25,RB,1,2026-07-26T23:25:48.069273+00:00,,,,
expert,fantasypros_ecr,2023,00-0036971,Trevor Lawrence,JAC,66,67.66,12.32,50.0,102.0,2023-08-25,QB,1,2026-07-26T23:25:48.069273+00:00,,,,
expert,fantasypros_ecr,2023,00-0033553,James Conner,ARI,67,69.43,13.59,41.0,99.0,2023-08-25,RB,1,2026-07-26T23:25:48.069273+00:00,,,,
expert,fantasypros_ecr,2023,00-0036158,J.K. Dobbins,BAL,68,69.71,17.29,32.0,115.0,2023-08-25,RB,1,2026-07-26T23:25:48.069273+00:00,,,,
expert,fantasypros_ecr,2023,00-0037741,Jahan Dotson,WAS,69,70.81,12.28,42.0,121.0,2023-08-25,WR,1,2026-07-26T23:25:48.069273+00:00,,,,
expert,fantasypros_ecr,2023,00-0036414,Cam Akers,LAR,70,71.03,14.91,38.0,122.0,2023-08-25,RB,1,2026-07-26T23:25:48.069273+00:00,,,,
expert,fantasypros_ecr,2023,00-0033288,George Kittle,SF,71,71.18,12.13,45.0,132.0,2023-08-25,TE,1,2026-07-26T23:25:48.069273+00:00,,,,
expert,fantasypros_ecr,2023,00-0037256,Rachaad White,TB,72,71.35,13.97,41.0,99.0,2023-08-25,RB,1,2026-07-26T23:25:48.069273+00:00,,,,
expert,fantasypros_ecr,2023,00-0037247,George Pickens,PIT,73,74.56,11.28,42.0,110.0,2023-08-25,WR,1,2026-07-26T23:25:48.069273+00:00,,,,
expert,fantasypros_ecr,2023,00-0034351,Dallas Goedert,PHI,74,74.74,8.9,52.0,106.0,2023-08-25,TE,1,2026-07-26T23:25:48.069273+00:00,,,,
expert,fantasypros_ecr,2023,00-0036970,Kyle Pitts,ATL,75,74.93,14.24,48.0,133.0,2023-08-25,TE,1,2026-07-26T23:25:48.069273+00:00,,,,
expert,fantasypros_ecr,2023,00-0038994,Jordan Addison,MIN,76,76.61,20.69,43.0,231.0,2023-08-25,WR,1,2026-07-26T23:25:48.069273+00:00,,,,
expert,fantasypros_ecr,2023,00-0033906,Alvin Kamara,NO,77,77.1,15.38,38.0,115.0,2023-08-25,RB,1,2026-07-26T23:25:48.069273+00:00,,,,
expert,fantasypros_ecr,2023,00-0037248,James Cook,BUF,78,77.97,15.45,31.0,118.0,2023-08-25,RB,1,2026-07-26T23:25:48.069273+00:00,,,,
expert,fantasypros_ecr,2023,00-0036997,Javonte Williams,DEN,79,78.65,16.56,35.0,118.0,2023-08-25,RB,1,2026-07-26T23:25:48.069273+00:00,,,,
expert,fantasypros_ecr,2023,00-0031236,Brandin Cooks,DAL,80,79.32,11.01,54.0,110.0,2023-08-25,WR,1,2026-07-26T23:25:48.069273+00:00,,,,
expert,fantasypros_ecr,2023,00-0035685,David Montgomery,DET,81,81.82,11.01,49.0,100.0,2023-08-25,RB,1,2026-07-26T23:25:48.069273+00:00,,,,
expert,fantasypros_ecr,2023,00-0038543,Jaxon Smith-Njigba,SEA,82,82.79,22.75,44.0,214.0,2023-08-25,WR,1,2026-07-26T23:25:48.069273+00:00,,,,
expert,fantasypros_ecr,2023,00-0036196,Gabe Davis,BUF,83,82.83,16.62,56.0,137.0,2023-08-25,WR,1,2026-07-26T23:25:48.069273+00:00,,,,
expert,fantasypros_ecr,2023,00-0034348,Courtland Sutton,DEN,84,84.71,16.41,52.0,145.0,2023-08-25,WR,1,2026-07-26T23:25:48.069273+00:00,,,,
expert,fantasypros_ecr,2023,00-0036275,D'Andre Swift,PHI,85,86.54,15.87,37.0,128.0,2023-08-25,RB,1,2026-07-26T23:25:48.069273+00:00,,,,
expert,fantasypros_ecr,2023,00-0037742,Treylon Burks,TEN,86,86.94,17.36,60.0,134.0,2023-08-25,WR,1,2026-07-26T23:25:48.069273+00:00,,,,
expert,fantasypros_ecr,2023,00-0037197,Isiah Pacheco,KC,87,90.64,12.92,52.0,129.0,2023-08-25,RB,1,2026-07-26T23:25:48.069273+00:00,,,,
expert,fantasypros_ecr,2023,00-0036980,Elijah Moore,CLE,88,90.93,14.23,60.0,122.0,2023-08-25,WR,1,2026-07-26T23:25:48.069273+00:00,,,,
expert,fantasypros_ecr,2023,00-0033857,JuJu Smith-Schuster,NE,89,91.6,20.1,61.0,174.0,2023-08-25,WR,1,2026-07-26T23:25:48.069273+00:00,,,,
expert,fantasypros_ecr,2023,00-0039064,Zay Flowers,BAL,90,91.68,24.32,47.0,244.0,2023-08-25,WR,1,2026-07-26T23:25:48.069273+00:00,,,,
expert,fantasypros_ecr,2023,00-0032765,Michael Thomas,NO,91,92.1,16.65,44.0,140.0,2023-08-25,WR,1,2026-07-26T23:25:48.069273+00:00,,,,
expert,fantasypros_ecr,2023,00-0033893,Dalvin Cook,NYJ,92,93.17,27.16,38.0,312.0,2023-08-25,RB,1,2026-07-26T23:25:48.069273+00:00,,,,
expert,fantasypros_ecr,2023,00-0033537,Deshaun Watson,CLE,93,94.02,16.56,50.0,131.0,2023-08-25,QB,1,2026-07-26T23:25:48.069273+00:00,,,,
expert,fantasypros_ecr,2023,00-0036328,Antonio Gibson,WAS,94,95.17,10.89,59.0,129.0,2023-08-25,RB,1,2026-07-26T23:25:48.069273+00:00,,,,
expert,fantasypros_ecr,2023,00-0033077,Dak Prescott,DAL,95,99.71,14.43,64.0,139.0,2023-08-25,QB,1,2026-07-26T23:25:48.069273+00:00,,,,
expert,fantasypros_ecr,2023,00-0033881,Evan Engram,JAC,96,101.06,14.1,53.0,142.0,2023-08-25,TE,1,2026-07-26T23:25:48.069273+00:00,,,,
expert,fantasypros_ecr,2023,00-0034960,Jakobi Meyers,LV,97,101.47,16.51,74.0,145.0,2023-08-25,WR,1,2026-07-26T23:25:48.069273+00:00,,,,
expert,fantasypros_ecr,2023,00-0036906,Khalil Herbert,CHI,98,101.63,15.52,70.0,155.0,2023-08-25,RB,1,2026-07-26T23:25:48.069273+00:00,,,,
expert,fantasypros_ecr,2023,00-0036550,Rashod Bateman,BAL,99,101.89,22.36,49.0,186.0,2023-08-25,WR,1,2026-07-26T23:25:48.069273+00:00,,,,
expert,fantasypros_ecr,2023,00-0036212,Tua Tagovailoa,MIA,100,102.0,13.61,55.0,146.0,2023-08-25,QB,1,2026-07-26T23:25:48.069273+00:00,,,,
expert,fantasypros_ecr,2023,00-0038544,Quentin Johnston,LAC,101,102.3,23.67,57.0,222.0,2023-08-25,WR,1,2026-07-26T23:25:48.069273+00:00,,,,
expert,fantasypros_ecr,2023,00-0035710,Daniel Jones,NYG,102,102.67,16.23,55.0,159.0,2023-08-25,QB,1,2026-07-26T23:25:48.069273+00:00,,,,
expert,fantasypros_ecr,2023,00-0036894,Pat Freiermuth,PIT,103,103.44,15.33,62.0,138.0,2023-08-25,TE,1,2026-07-26T23:25:48.069273+00:00,,,,
expert,fantasypros_ecr,2023,00-0036265,AJ Dillon,GB,104,103.86,10.25,82.0,135.0,2023-08-25,RB,1,2026-07-26T23:25:48.069273+00:00,,,,
expert,fantasypros_ecr,2023,00-0038090,Skyy Moore,KC,105,104.03,25.32,61.0,186.0,2023-08-25,WR,1,2026-07-26T23:25:48.069273+00:00,,,,
expert,fantasypros_ecr,2023,00-0029604,Kirk Cousins,MIN,106,107.91,10.72,84.0,133.0,2023-08-25,QB,1,2026-07-26T23:25:48.069273+00:00,,,,
expert,fantasypros_ecr,2023,00-0037746,Brian Robinson Jr.,WAS,107,108.57,12.78,80.0,177.0,2023-08-25,RB,1,2026-07-26T23:25:48.069273+00:00,,,,
expert,fantasypros_ecr,2023,00-0033526,Samaje Perine,DEN,108,109.9,16.34,83.0,183.0,2023-08-25,RB,1,2026-07-26T23:25:48.069273+00:00,,,,
expert,fantasypros_ecr,2023,00-0030565,Geno Smith,SEA,109,110.54,12.56,84.0,148.0,2023-08-25,QB,1,2026-07-26T23:25:48.069273+00:00,,,,
expert,fantasypros_ecr,2023,00-0036913,Kadarius Toney,KC,110,113.41,25.13,63.0,205.0,2023-08-25,WR,1,2026-07-26T23:25:48.069273+00:00,,,,
expert,fantasypros_ecr,2023,00-0039165,Zach Charbonnet,SEA,111,113.99,17.64,74.0,177.0,2023-08-25,RB,1,2026-07-26T23:25:48.069273+00:00,,,,
expert,fantasypros_ecr,2023,00-0039164,Anthony Richardson,IND,112,115.06,27.63,50.0,306.0,2023-08-25,QB,1,2026-07-26T23:25:48.069273+00:00,,,,
expert,fantasypros_ecr,2023,00-0033885,David Njoku,CLE,113,115.37,15.83,73.0,153.0,2023-08-25,TE,1,2026-07-26T23:25:48.069273+00:00,,,,
expert,fantasypros_ecr,2023,00-0036554,Nico Collins,HOU,114,116.33,22.11,70.0,203.0,2023-08-25,WR,1,2026-07-26T23:25:48.069273+00:00,,,,
expert,fantasypros_ecr,2023,00-0037816,Romeo Doubs,GB,115,120.92,24.09,65.0,195.0,2023-08-25,WR,1,2026-07-26T23:25:48.069273+00:00,,,,
expert,fantasypros_ecr,2023,00-0034521,Allen Lazard,NYJ,116,121.18,19.25,77.0,196.0,2023-08-25,WR,1,2026-07-26T23:25:48.069273+00:00,,,,
expert,fantasypros_ecr,2023,00-0031376,Jerick McKinnon,KC,117,121.43,19.66,72.0,199.0,2023-08-25,RB,1,2026-07-26T23:25:48.069273+00:00,,,,
expert,fantasypros_ecr,2023,00-0023459,Aaron Rodgers,NYJ,118,122.03,16.37,84.0,197.0,2023-08-25,QB,1,2026-07-26T23:25:48.069273+00:00,,,,
expert,fantasypros_ecr,2023,00-0033891,Zay Jones,JAC,119,123.49,21.86,70.0,200.0,2023-08-25,WR,1,2026-07-26T23:25:48.069273+00:00,,,,
expert,fantasypros_ecr,2023,00-0033948,Jamaal Williams,NO,120,123.5,17.16,84.0,177.0,2023-08-25,RB,1,2026-07-26T23:25:48.069273+00:00,,,,
expert,fantasypros_ecr,2023,00-0033009,Tyler Boyd,CIN,121,124.14,20.92,75.0,219.0,2023-08-25,WR,1,2026-07-26T23:25:48.069273+00:00,,,,
expert,fantasypros_ecr,2023,00-0036309,Darnell Mooney,CHI,122,124.61,21.51,68.0,188.0,2023-08-25,WR,1,2026-07-26T23:25:48.069273+00:00,,,,
expert,fantasypros_ecr,2023,00-0036936,Rondale Moore,ARI,123,125.18,28.91,74.0,242.0,2023-08-25,WR,1,2026-07-26T23:25:48.069273+00:00,,,,
expert,fantasypros_ecr,2023,00-0033106,Jared Goff,DET,124,126.19,11.02,95.0,162.0,2023-08-25,QB,1,2026-07-26T23:25:48.069273+00:00,,,,
expert,fantasypros_ecr,2023,00-0031235,Odell Beckham Jr.,BAL,125,126.3,26.92,70.0,244.0,2023-08-25,WR,1,2026-07-26T23:25:48.069273+00:00,,,,
expert,fantasypros_ecr,2023,00-0034383,Dalton Schultz,HOU,126,130.36,22.39,76.0,236.0,2023-08-25,TE,1,2026-07-26T23:25:48.069273+00:00,,,,
expert,fantasypros_ecr,2023,00-0033110,Tyler Higbee,LAR,127,130.84,17.39,97.0,164.0,2023-08-25,TE,1,2026-07-26T23:25:48.069273+00:00,,,,
expert,fantasypros_ecr,2023,00-0029263,Russell Wilson,DEN,128,132.33,16.58,101.0,193.0,2023-08-25,QB,1,2026-07-26T23:25:48.069273+00:00,,,,
expert,fantasypros_ecr,2023,00-0030035,Adam Thielen,CAR,129,134.33,27.36,69.0,234.0,2023-08-25,WR,1,2026-07-26T23:25:48.069273+00:00,,,,
expert,fantasypros_ecr,2023,00-0034750,Rashaad Penny,PHI,130,134.43,27.38,92.0,237.0,2023-08-25,RB,1,2026-07-26T23:25:48.069273+00:00,,,,
expert,fantasypros_ecr,2023,00-0035657,Damien Harris,BUF,131,135.98,28.22,92.0,257.0,2023-08-25,RB,1,2026-07-26T23:25:48.069273+00:00,,,,
expert,fantasypros_ecr,2023,00-0037240,Jameson Williams,DET,132,136.74,23.83,77.0,208.0,2023-08-25,WR,1,2026-07-26T23:25:48.069273+00:00,,,,
expert,fantasypros_ecr,2023,00-0037228,Jaylen Warren,PIT,133,136.87,26.09,98.0,245.0,2023-08-25,RB,1,2026-07-26T23:25:48.069273+00:00,,,,
expert,fantasypros_ecr,2023,00-0039040,De'Von Achane,MIA,134,138.14,38.27,80.0,287.0,2023-08-25,RB,1,2026-07-26T23:25:48.069273+00:00,,,,
expert,fantasypros_ecr,2023,00-0037809,Chigoziem Okonkwo,TEN,135,140.37,15.32,89.0,209.0,2023-08-25,TE,1,2026-07-26T23:25:48.069273+00:00,,,,
expert,fantasypros_ecr,2023,00-0031687,Raheem Mostert,MIA,136,141.65,21.0,96.0,199.0,2023-08-25,RB,1,2026-07-26T23:25:48.069273+00:00,,,,
expert,fantasypros_ecr,2023,00-0034115,Jeff Wilson Jr.,MIA,137,141.82,21.32,88.0,201.0,2023-08-25,RB,1,2026-07-26T23:25:48.069273+00:00,,,,
expert,fantasypros_ecr,2023,00-0034764,Michael Gallup,DAL,138,145.2,25.76,85.0,251.0,2023-08-25,WR,1,2026-07-26T23:25:48.069273+00:00,,,,
expert,fantasypros_ecr,2023,00-0036567,Elijah Mitchell,SF,139,145.24,21.79,111.0,217.0,2023-08-25,RB,1,2026-07-26T23:25:48.069273+00:00,,,,
expert,fantasypros_ecr,2023,00-0034777,DJ Chark Jr.,CAR,140,146.82,22.98,81.0,226.0,2023-08-25,WR,1,2026-07-26T23:25:48.069273+00:00,,,,
expert,fantasypros_ecr,2023,00-0036919,Kenneth Gainwell,PHI,141,148.38,33.24,99.0,283.0,2023-08-25,RB,1,2026-07-26T23:25:48.069273+00:00,,,,
expert,fantasypros_ecr,2023,00-0038933,Dalton Kincaid,BUF,142,148.5,33.09,71.0,294.0,2023-08-25,TE,1,2026-07-26T23:25:48.069273+00:00,,,,
expert,fantasypros_ecr,2023,00-0036290,Cole Kmet,CHI,143,148.7,23.72,97.0,236.0,2023-08-25,TE,1,2026-07-26T23:25:48.069273+00:00,,,,
expert,fantasypros_ecr,2023,00-0037263,Tyler Allgeier,ATL,144,148.9,23.77,90.0,237.0,2023-08-25,RB,1,2026-07-26T23:25:48.069273+00:00,,,,
expert,fantasypros_ecr,2023,00-0035250,Devin Singletary,HOU,145,151.57,28.51,100.0,272.0,2023-08-25,RB,1,2026-07-26T23:25:48.069273+00:00,,,,
expert,fantasypros_ecr,2023,00-0038555,Tank Bigsby,JAC,146,152.27,35.34,94.0,277.0,2023-08-25,RB,1,2026-07-26T23:25:48.069273+00:00,,,,
expert,fantasypros_ecr,2023,00-0031280,Derek Carr,NO,147,153.18,16.45,126.0,200.0,2023-08-25,QB,1,2026-07-26T23:25:48.069273+00:00,,,,
expert,fantasypros_ecr,2023,00-0033895,Gerald Everett,LAC,148,154.36,21.83,104.0,244.0,2023-08-25,TE,1,2026-07-26T23:25:48.069273+00:00,,,,
expert,fantasypros_ecr,2023,00-0026498,Matthew Stafford,LAR,149,155.23,14.17,126.0,197.0,2023-08-25,QB,1,2026-07-26T23:25:48.069273+00:00,,,,
expert,fantasypros_ecr,2023,00-0036345,K.J. Osborn,MIN,150,155.9,30.26,77.0,224.0,2023-08-25,WR,1,2026-07-26T23:25:48.069273+00:00,,,,
expert,fantasypros_ecr,2023,00-0036233,Donovan Peoples-Jones,CLE,151,156.7,25.75,91.0,224.0,2023-08-25,WR,1,2026-07-26T23:25:48.069273+00:00,,,,
expert,fantasypros_ecr,2023,00-0037252,Greg Dulcich,DEN,152,158.11,36.54,97.0,273.0,2023-08-25,TE,1,2026-07-26T23:25:48.069273+00:00,,,,
expert,fantasypros_ecr,2023,00-0033045,Ezekiel Elliott,NE,153,158.45,41.86,88.0,323.0,2023-08-25,RB,1,2026-07-26T23:25:48.069273+00:00,,,,
expert,fantasypros_ecr,2023,00-0036264,Jordan Love,GB,154,162.5,19.28,112.0,202.0,2023-08-25,QB,1,2026-07-26T23:25:48.069273+00:00,,,,
expert,fantasypros_ecr,2023,00-0038102,Kenny Pickett,PIT,155,163.24,16.64,126.0,197.0,2023-08-25,QB,1,2026-07-26T23:25:48.069273+00:00,,,,
expert,fantasypros_ecr,2023,00-0036165,Isaiah Hodgins,NYG,156,166.85,31.03,89.0,262.0,2023-08-25,WR,1,2026-07-26T23:25:48.069273+00:00,,,,
expert,fantasypros_ecr,2023,00-0036040,Juwan Johnson,NO,157,166.96,35.44,105.0,352.0,2023-08-25,TE,1,2026-07-26T23:25:48.069273+00:00,,,,
expert,fantasypros_ecr,2023,00-0037664,Alec Pierce,IND,158,167.45,28.03,110.0,247.0,2023-08-25,WR,1,2026-07-26T23:25:48.069273+00:00,,,,
expert,fantasypros_ecr,2023,00-0033282,Curtis Samuel,WAS,159,167.79,27.57,109.0,256.0,2023-08-25,WR,1,2026-07-26T23:25:48.069273+00:00,,,,
expert,fantasypros_ecr,2023,00-0039062,Jonathan Mingo,CAR,160,168.14,45.46,73.0,297.0,2023-08-25,WR,1,2026-07-26T23:25:48.069273+00:00,,,,
expert,fantasypros_ecr,2023,00-0039065,Sam LaPorta,DET,161,168.53,38.96,118.0,289.0,2023-08-25,TE,1,2026-07-26T23:25:48.069273+00:00,,,,
expert,fantasypros_ecr,2023,00-0036415,Van Jefferson,LAR,162,168.64,33.74,103.0,271.0,2023-08-25,WR,1,2026-07-26T23:25:48.069273+00:00,,,,
expert,fantasypros_ecr,2023,00-0037545,Rashid Shaheed,NO,163,169.74,26.28,119.0,242.0,2023-08-25,WR,1,2026-07-26T23:25:48.069273+00:00,,,,
expert,fantasypros_ecr,2023,00-0034983,Hunter Renfrow,LV,164,169.83,32.54,91.0,247.0,2023-08-25,WR,1,2026-07-26T23:25:48.069273+00:00,,,,
expert,fantasypros_ecr,2023,00-0029597,Justin Tucker,BAL,165,173.9,4.27,165.0,209.0,2023-08-25,K,1,2026-07-26T23:25:48.069273+00:00,,,,
expert,fantasypros_ecr,2023,00-0037834,Brock Purdy,SF,166,173.98,40.97,116.0,319.0,2023-08-25,QB,1,2026-07-26T23:25:48.069273+00:00,,,,
expert,fantasypros_ecr,2023,00-0038551,Kendre Miller,NO,167,176.54,38.95,108.0,280.0,2023-08-25,RB,1,2026-07-26T23:25:48.069273+00:00,,,,
expert,fantasypros_ecr,2023,00-0039146,Jayden Reed,GB,168,179.26,43.94,106.0,317.0,2023-08-25,WR,1,2026-07-26T23:25:48.069273+00:00,,,,
expert,fantasypros_ecr,2023,00-0034272,Marquez Valdes-Scantling,KC,169,181.14,31.06,109.0,270.0,2023-08-25,WR,1,2026-07-26T23:25:48.069273+00:00,,,,
expert,fantasypros_ecr,2023,00-0038976,Marvin Mims Jr.,DEN,170,181.88,46.27,87.0,294.0,2023-08-25,WR,1,2026-07-26T23:25:48.069273+00:00,,,,
expert,fantasypros_ecr,2023,00-0039021,Roschon Johnson,CHI,171,182.34,45.82,97.0,350.0,2023-08-25,RB,1,2026-07-26T23:25:48.069273+00:00,,,,
expert,fantasypros_ecr,2023,00-0039067,Rashee Rice,KC,172,182.5,42.79,110.0,313.0,2023-08-25,WR,1,2026-07-26T23:25:48.069273+00:00,,,,
expert,fantasypros_ecr,2023,00-0036162,Tyler Bass,BUF,173,182.83,10.78,167.0,233.0,2023-08-25,K,1,2026-07-26T23:25:48.069273+00:00,,,,
expert,fantasypros_ecr,2023,00-0035535,Darius Slayton,NYG,174,184.42,31.33,119.0,315.0,2023-08-25,WR,1,2026-07-26T23:25:48.069273+00:00,,,,
expert,fantasypros_ecr,2023,00-0031547,DeVante Parker,NE,175,187.97,25.37,123.0,257.0,2023-08-25,WR,1,2026-07-26T23:25:48.069273+00:00,,,,
expert,fantasypros_ecr,2023,00-0035639,Parris Campbell,NYG,176,188.2,27.84,120.0,244.0,2023-08-25,WR,1,2026-07-26T23:25:48.069273+00:00,,,,
expert,fantasypros_ecr,2023,00-0033925,D'Onta Foreman,CHI,177,188.46,39.76,118.0,309.0,2023-08-25,RB,1,2026-07-26T23:25:48.069273+00:00,,,,
expert,fantasypros_ecr,2023,00-0036555,Chuba Hubbard,CAR,178,189.17,31.41,129.0,272.0,2023-08-25,RB,1,2026-07-26T23:25:48.069273+00:00,,,,
expert,fantasypros_ecr,2023,00-0030431,Robert Woods,HOU,179,189.5,34.08,107.0,306.0,2023-08-25,WR,1,2026-07-26T23:25:48.069273+00:00,,,,
expert,fantasypros_ecr,2023,00-0033303,Harrison Butker,KC,180,190.72,11.07,172.0,224.0,2023-08-25,K,1,2026-07-26T23:25:48.069273+00:00,,,,
expert,fantasypros_ecr,2023,00-0039150,Bryce Young,CAR,181,192.32,35.77,146.0,313.0,2023-08-25,QB,1,2026-07-26T23:25:48.069273+00:00,,,,
expert,fantasypros_ecr,2023,00-0034970,Irv Smith Jr.,CIN,182,193.32,39.1,138.0,299.0,2023-08-25,TE,1,2026-07-26T23:25:48.069273+00:00,,,,
expert,fantasypros_ecr,2023,00-0037614,John Metchie III,HOU,183,194.05,31.19,107.0,311.0,2023-08-25,WR,1,2026-07-26T23:25:48.069273+00:00,,,,
expert,fantasypros_ecr,2023,00-0036854,Evan McPherson,CIN,184,194.3,11.92,176.0,239.0,2023-08-25,K,1,2026-07-26T23:25:48.069273+00:00,,,,
expert,fantasypros_ecr,2023,00-0029701,Ryan Tannehill,TEN,185,196.35,35.66,148.0,318.0,2023-08-25,QB,1,2026-07-26T23:25:48.069273+00:00,,,,
expert,fantasypros_ecr,2023,00-0036988,Joshua Palmer,LAC,186,197.05,31.03,123.0,301.0,2023-08-25,WR,1,2026-07-26T23:25:48.069273+00:00,,,,
expert,fantasypros_ecr,2023,00-0038938,Jalin Hyatt,NYG,187,197.08,36.48,87.0,297.0,2023-08-25,WR,1,2026-07-26T23:25:48.069273+00:00,,,,
expert,fantasypros_ecr,2023,00-0035228,Kyler Murray,ARI,188,197.35,46.85,130.0,334.0,2023-08-25,QB,1,2026-07-26T23:25:48.069273+00:00,,,,
expert,fantasypros_ecr,2023,00-0034161,Daniel Carlson,LV,189,197.47,22.46,173.0,284.0,2023-08-25,K,1,2026-07-26T23:25:48.069273+00:00,,,,
expert,fantasypros_ecr,2023,00-0038117,Wan'Dale Robinson,NYG,190,198.3,39.91,119.0,333.0,2023-08-25,WR,1,2026-07-26T23:25:48.069273+00:00,,,,
expert,fantasypros_ecr,2023,00-0036326,Chase Claypool,CHI,191,198.65,24.63,125.0,262.0,2023-08-25,WR,1,2026-07-26T23:25:48.069273+00:00,,,,
expert,fantasypros_ecr,2023,00-0037077,Sam Howell,WAS,192,198.76,46.16,116.0,320.0,2023-08-25,QB,1,2026-07-26T23:25:48.069273+00:00,,,,
expert,fantasypros_ecr,2023,00-0034830,Hayden Hurst,CAR,193,199.71,36.24,127.0,288.0,2023-08-25,TE,1,2026-07-26T23:25:48.069273+00:00,,,,
expert,fantasypros_ecr,2023,00-0038977,Tank Dell,HOU,194,202.63,51.3,70.0,304.0,2023-08-25,WR,1,2026-07-26T23:25:48.069273+00:00,,,,
expert,fantasypros_ecr,2023,00-0031428,Allen Robinson II,PIT,195,205.83,30.66,120.0,290.0,2023-08-25,WR,1,2026-07-26T23:25:48.069273+00:00,,,,
expert,fantasypros_ecr,2023,00-0035140,Mecole Hardman Jr.,NYJ,196,206.84,25.16,134.0,285.0,2023-08-25,WR,1,2026-07-26T23:25:48.069273+00:00,,,,
expert,fantasypros_ecr,2023,00-0037267,Jerome Ford,CLE,197,207.29,42.11,123.0,329.0,2023-08-25,RB,1,2026-07-26T23:25:48.069273+00:00,,,,
expert,fantasypros_ecr,2023,00-0038040,Zamir White,LV,198,208.78,41.47,128.0,315.0,2023-08-25,RB,1,2026-07-26T23:25:48.069273+00:00,,,,
expert,fantasypros_ecr,2023,00-0034184,Gus Edwards,BAL,199,210.49,38.19,147.0,312.0,2023-08-25,RB,1,2026-07-26T23:25:48.069273+00:00,,,,
expert,fantasypros_ecr,2023,00-0038559,Michael Wilson,ARI,200,210.54,46.28,123.0,340.0,2023-08-25,WR,1,2026-07-26T23:25:48.069273+00:00,,,,
expert,fantasypros_ecr,2023,00-0038041,Jake Ferguson,DAL,201,210.72,55.55,138.0,352.0,2023-08-25,TE,1,2026-07-26T23:25:48.069273+00:00,,,,
expert,fantasypros_ecr,2023,00-0039032,Tyjae Spears,TEN,202,212.84,53.85,121.0,360.0,2023-08-25,RB,1,2026-07-26T23:25:48.069273+00:00,,,,
expert,fantasypros_ecr,2023,00-0033090,Hunter Henry,NE,203,212.99,43.7,142.0,344.0,2023-08-25,TE,1,2026-07-26T23:25:48.069273+00:00,,,,
expert,fantasypros_ecr,2023,00-0036360,Clyde Edwards-Helaire,KC,204,213.86,42.4,118.0,315.0,2023-08-25,RB,1,2026-07-26T23:25:48.069273+00:00,,,,
expert,fantasypros_ecr,2023,00-0038997,Josh Downs,IND,205,216.79,27.25,120.0,301.0,2023-08-25,WR,1,2026-07-26T23:25:48.069273+00:00,,,,
expert,fantasypros_ecr,2023,00-0033702,Younghoe Koo,ATL,206,218.75,15.72,184.0,281.0,2023-08-25,K,1,2026-07-26T23:25:48.069273+00:00,,,,
expert,fantasypros_ecr,2023,00-0030578,Cordarrelle Patterson,ATL,207,219.1,43.46,138.0,319.0,2023-08-25,RB,1,2026-07-26T23:25:48.069273+00:00,,,,
expert,fantasypros_ecr,2023,00-0039163,C.J. Stroud,HOU,208,219.41,38.36,148.0,334.0,2023-08-25,QB,1,2026-07-26T23:25:48.069273+00:00,,,,
expert,fantasypros_ecr,2023,00-0035689,Dawson Knox,BUF,209,219.47,45.06,132.0,318.0,2023-08-25,TE,1,2026-07-26T23:25:48.069273+00:00,,,,
expert,fantasypros_ecr,2023,00-0034794,Jason Sanders,MIA,210,221.94,11.21,191.0,276.0,2023-08-25,K,1,2026-07-26T23:25:48.069273+00:00,,,,
expert,fantasypros_ecr,2023,00-0034829,Mike Gesicki,NE,211,222.6,48.06,138.0,333.0,2023-08-25,TE,1,2026-07-26T23:25:48.069273+00:00,,,,
expert,fantasypros_ecr,2023,00-0038104,Tyquan Thornton,NE,212,222.73,30.74,156.0,330.0,2023-08-25,WR,1,2026-07-26T23:25:48.069273+00:00,,,,
expert,fantasypros_ecr,2023,00-0037744,Trey McBride,ARI,213,222.86,40.35,139.0,305.0,2023-08-25,TE,1,2026-07-26T23:25:48.069273+00:00,,,,
expert,fantasypros_ecr,2023,00-0031345,Jimmy Garoppolo,LV,214,223.86,41.18,148.0,338.0,2023-08-25,QB,1,2026-07-26T23:25:48.069273+00:00,,,,
expert,fantasypros_ecr,2023,00-0036972,Mac Jones,NE,215,226.3,37.12,169.0,330.0,2023-08-25,QB,1,2026-07-26T23:25:48.069273+00:00,,,,
expert,fantasypros_ecr,2023,00-0029822,Brandon McManus,JAC,216,228.04,9.97,186.0,253.0,2023-08-25,K,1,2026-07-26T23:25:48.069273+00:00,,,,
expert,fantasypros_ecr,2023,00-0039144,Luke Musgrave,GB,217,228.82,54.15,138.0,341.0,2023-08-25,TE,1,2026-07-26T23:25:48.069273+00:00,,,,
expert,fantasypros_ecr,2023,00-0036955,Terrace Marshall Jr.,CAR,218,229.68,31.42,156.0,361.0,2023-08-25,WR,1,2026-07-26T23:25:48.069273+00:00,,,,
expert,fantasypros_ecr,2023,00-0034411,Russell Gage,TB,219,230.14,36.97,166.0,343.0,2023-08-25,WR,1,2026-07-26T23:25:48.069273+00:00,,,,
expert,fantasypros_ecr,2023,00-0033856,Leonard Fournette,FA,220,230.52,52.96,128.0,364.0,2023-08-25,RB,1,2026-07-26T23:25:48.069273+00:00,,,,
expert,fantasypros_ecr,2023,00-0033787,Jake Elliott,PHI,221,230.62,15.85,191.0,281.0,2023-08-25,K,1,2026-07-26T23:25:48.069273+00:00,,,,
expert,fantasypros_ecr,2023,00-0031492,Jason Myers,SEA,222,231.26,21.82,185.0,309.0,2023-08-25,K,1,2026-07-26T23:25:48.069273+00:00,,,,
expert,fantasypros_ecr,2023,00-0033555,Mack Hollins,ATL,223,232.81,30.42,136.0,308.0,2023-08-25,WR,1,2026-07-26T23:25:48.069273+00:00,,,,
expert,fantasypros_ecr,2023,00-0036370,Joshua Kelley,LAC,224,235.72,39.09,141.0,362.0,2023-08-25,RB,1,2026-07-26T23:25:48.069273+00:00,,,,
expert,fantasypros_ecr,2023,00-0039075,Puka Nacua,LAR,225,236.35,41.85,144.0,311.0,2023-08-25,WR,1,2026-07-26T23:25:48.069273+00:00,,,,
expert,fantasypros_ecr,2023,00-0033923,Kareem Hunt,FA,226,236.48,46.54,124.0,336.0,2023-08-25,RB,1,2026-07-26T23:25:48.069273+00:00,,,,
expert,fantasypros_ecr,2023,00-0034286,Richie James Jr.,KC,227,236.51,33.02,151.0,330.0,2023-08-25,WR,1,2026-07-26T23:25:48.069273+00:00,,,,
expert,fantasypros_ecr,2023,00-0035644,Noah Fant,SEA,228,236.8,37.56,147.0,310.0,2023-08-25,TE,1,2026-07-26T23:25:48.069273+00:00,,,,
expert,fantasypros_ecr,2023,00-0037261,Khalil Shakir,BUF,229,239.87,39.12,144.0,346.0,2023-08-25,WR,1,2026-07-26T23:25:48.069273+00:00,,,,
expert,fantasypros_ecr,2023,00-0029293,Marvin Jones Jr.,DET,230,240.33,28.63,161.0,350.0,2023-08-25,WR,1,2026-07-26T23:25:48.069273+00:00,,,,
expert,fantasypros_ecr,2023,00-0038122,Desmond Ridder,ATL,231,240.82,42.24,148.0,327.0,2023-08-25,QB,1,2026-07-26T23:25:48.069273+00:00,,,,
expert,fantasypros_ecr,2023,00-0036924,Michael Carter,NYJ,232,242.61,48.67,149.0,368.0,2023-08-25,RB,1,2026-07-26T23:25:48.069273+00:00,,,,
expert,fantasypros_ecr,2023,00-0025565,Nick Folk,NE,233,242.75,25.26,204.0,302.0,2023-08-25,K,1,2026-07-26T23:25:48.069273+00:00,,,,
expert,fantasypros_ecr,2023,00-0033943,Josh Reynolds,DET,234,244.0,31.29,174.0,364.0,2023-08-25,WR,1,2026-07-26T23:25:48.069273+00:00,,,,
expert,fantasypros_ecr,2023,00-0034270,Tyler Conklin,NYJ,235,244.26,53.04,152.0,356.0,2023-08-25,TE,1,2026-07-26T23:25:48.069273+00:00,,,,
expert,fantasypros_ecr,2023,00-0037276,Ty Chandler,MIN,236,244.51,54.58,146.0,384.0,2023-08-25,RB,1,2026-07-26T23:25:48.069273+00:00,,,,
expert,fantasypros_ecr,2023,00-0032385,Sterling Shepard,NYG,237,244.82,44.61,109.0,385.0,2023-08-25,WR,1,2026-07-26T23:25:48.069273+00:00,,,,
expert,fantasypros_ecr,2023,00-0030061,Zach Ertz,ARI,238,246.08,42.38,138.0,389.0,2023-08-25,TE,1,2026-07-26T23:25:48.069273+00:00,,,,
expert,fantasypros_ecr,2023,00-0035269,Matt Gay,IND,239,246.34,25.09,191.0,308.0,2023-08-25,K,1,2026-07-26T23:25:48.069273+00:00,,,,
expert,fantasypros_ecr,2023,00-0037216,Justyn Ross,KC,240,248.05,50.93,150.0,379.0,2023-08-25,WR,1,2026-07-26T23:25:48.069273+00:00,,,,
expert,fantasypros_ecr,2023,00-0034681,Chase Edmonds,TB,241,248.45,41.93,129.0,360.0,2023-08-25,RB,1,2026-07-26T23:25:48.069273+00:00,,,,
expert,fantasypros_ecr,2023,00-0033307,Kendrick Bourne,NE,242,248.85,28.81,185.0,354.0,2023-08-25,WR,1,2026-07-26T23:25:48.069273+00:00,,,,
expert,fantasypros_ecr,2023,00-0038597,Chase Brown,CIN,243,249.2,45.79,139.0,346.0,2023-08-25,RB,1,2026-07-26T23:25:48.069273+00:00,,,,
expert,fantasypros_ecr,2023,00-0039066,Michael Mayer,LV,244,249.63,39.82,157.0,348.0,2023-08-25,TE,1,2026-07-26T23:25:48.069273+00:00,,,,
expert,fantasypros_ecr,2023,00-0026858,Graham Gano,NYG,245,249.63,22.68,204.0,318.0,2023-08-25,K,1,2026-07-26T23:25:48.069273+00:00,,,,
expert,fantasypros_ecr,2023,00-0034450,Greg Joseph,MIN,246,252.6,21.1,200.0,302.0,2023-08-25,K,1,2026-07-26T23:25:48.069273+00:00,,,,
expert,fantasypros_ecr,2023,00-0029621,Greg Zuerlein,NYJ,247,255.25,26.7,194.0,339.0,2023-08-25,K,1,2026-07-26T23:25:48.069273+00:00,,,,
expert,fantasypros_ecr,2023,00-0035500,Greg Dortch,ARI,248,255.27,43.17,134.0,361.0,2023-08-25,WR,1,2026-07-26T23:25:48.069273+00:00,,,,
expert,fantasypros_ecr,2023,00-0038562,Jake Moody,SF,249,258.3,32.48,204.0,329.0,2023-08-25,K,1,2026-07-26T23:25:48.069273+00:00,,,,
expert,fantasypros_ecr,2023,00-0038979,Cedric Tillman,CLE,250,258.52,30.32,174.0,340.0,2023-08-25,WR,1,2026-07-26T23:25:48.069273+00:00,,,,
expert,fantasypros_ecr,2023,00-0038129,Cade Otton,TB,251,260.32,37.97,153.0,349.0,2023-08-25,TE,1,2026-07-26T23:25:48.069273+00:00,,,,
expert,fantasypros_ecr,2023,00-0036849,Tutu Atwell,LAR,252,261.21,34.36,208.0,349.0,2023-08-25,WR,1,2026-07-26T23:25:48.069273+00:00,,,,
expert,fantasypros_ecr,2023,00-0032569,Wil Lutz,NO,253,263.51,20.75,211.0,352.0,2023-08-25,K,1,2026-07-26T23:25:48.069273+00:00,,,,
expert,fantasypros_ecr,2023,00-0033466,Isaiah McKenzie,IND,254,263.52,34.27,195.0,349.0,2023-08-25,WR,1,2026-07-26T23:25:48.069273+00:00,,,,
expert,fantasypros_ecr,2023,00-0035215,Deonte Harty,BUF,255,264.1,42.67,175.0,375.0,2023-08-25,WR,1,2026-07-26T23:25:48.069273+00:00,,,,
expert,fantasypros_ecr,2023,00-0037840,Kyren Williams,LAR,256,264.95,42.62,138.0,359.0,2023-08-25,RB,1,2026-07-26T23:25:48.069273+00:00,,,,
expert,fantasypros_ecr,2023,00-0038622,Deuce Vaughn,DAL,257,266.41,52.79,129.0,382.0,2023-08-25,RB,1,2026-07-26T23:25:48.069273+00:00,,,,
expert,fantasypros_ecr,2023,00-0033357,Taysom Hill,NO,258,266.42,43.55,138.0,360.0,2023-08-25,TE,1,2026-07-26T23:25:48.069273+00:00,,,,
expert,fantasypros_ecr,2023,00-0037755,Jelani Woods,IND,259,268.08,32.32,153.0,341.0,2023-08-25,TE,1,2026-07-26T23:25:48.069273+00:00,,,,
expert,fantasypros_ecr,2023,00-0023853,Matt Prater,ARI,260,268.51,27.03,218.0,342.0,2023-08-25,K,1,2026-07-26T23:25:48.069273+00:00,,,,
expert,fantasypros_ecr,2023,00-0023252,Robbie Gould,FA,261,268.69,44.26,218.0,342.0,2023-08-25,K,1,2026-07-26T23:25:48.069273+00:00,,,,
expert,fantasypros_ecr,2023,00-0034419,Braxton Berrios,MIA,262,268.78,26.96,203.0,345.0,2023-08-25,WR,1,2026-07-26T23:25:48.069273+00:00,,,,
expert,fantasypros_ecr,2023,00-0034855,Baker Mayfield,TB,263,270.07,36.53,178.0,343.0,2023-08-25,QB,1,2026-07-26T23:25:48.069273+00:00,,,,
expert,fantasypros_ecr,2023,00-0036268,Laviska Shenault Jr.,CAR,264,270.22,26.18,206.0,351.0,2023-08-25,WR,1,2026-07-26T23:25:48.069273+00:00,,,,
expert,fantasypros_ecr,2023,00-0036271,Quez Watkins,PHI,265,271.66,24.26,223.0,376.0,2023-08-25,WR,1,2026-07-26T23:25:48.069273+00:00,,,,
expert,fantasypros_ecr,2023,00-0026968,Ryan Succop,FA,266,273.47,47.6,216.0,353.0,2023-08-25,K,1,2026-07-26T23:25:48.069273+00:00,,,,
expert,fantasypros_ecr,2023,00-0037838,Isaiah Likely,BAL,267,274.42,30.25,179.0,349.0,2023-08-25,TE,1,2026-07-26T23:25:48.069273+00:00,,,,
expert,fantasypros_ecr,2023,00-0038098,Pierre Strong Jr.,NE,268,275.49,41.41,189.0,383.0,2023-08-25,RB,1,2026-07-26T23:25:48.069273+00:00,,,,
expert,fantasypros_ecr,2023,00-0039136,Zach Evans,LAR,269,275.87,34.52,180.0,388.0,2023-08-25,RB,1,2026-07-26T23:25:48.069273+00:00,,,,
expert,fantasypros_ecr,2023,00-0037273,Kyle Philips,TEN,270,276.29,34.71,194.0,367.0,2023-08-25,WR,1,2026-07-26T23:25:48.069273+00:00,,,,
expert,fantasypros_ecr,2023,00-0033589,David Moore,TB,271,276.33,58.21,195.0,328.0,2023-08-25,WR,1,2026-07-26T23:25:48.069273+00:00,,,,
expert,fantasypros_ecr,2023,00-0031260,Logan Thomas,WAS,272,277.4,35.83,164.0,368.0,2023-08-25,TE,1,2026-07-26T23:25:48.069273+00:00,,,,
expert,fantasypros_ecr,2023,00-0037299,Keaontay Ingram,ARI,273,277.58,46.32,172.0,358.0,2023-08-25,RB,1,2026-07-26T23:25:48.069273+00:00,,,,
expert,fantasypros_ecr,2023,00-0036816,Riley Patterson,DET,274,280.18,27.48,215.0,339.0,2023-08-25,K,1,2026-07-26T23:25:48.069273+00:00,,,,
expert,fantasypros_ecr,2023,00-0030098,Dustin Hopkins,LAC,275,280.28,26.98,219.0,332.0,2023-08-25,K,1,2026-07-26T23:25:48.069273+00:00,,,,
expert,fantasypros_ecr,2023,00-0038045,Isaiah Spiller,LAC,276,280.82,37.96,146.0,363.0,2023-08-25,RB,1,2026-07-26T23:25:48.069273+00:00,,,,
expert,fantasypros_ecr,2023,00-0031136,Chris Boswell,PIT,277,281.06,22.7,211.0,339.0,2023-08-25,K,1,2026-07-26T23:25:48.069273+00:00,,,,
expert,fantasypros_ecr,2023,00-0036182,Nick Westbrook-Ikhine,TEN,278,282.6,30.37,223.0,365.0,2023-08-25,WR,1,2026-07-26T23:25:48.069273+00:00,,,,
expert,fantasypros_ecr,2023,00-0037257,David Bell,CLE,279,285.49,38.26,220.0,390.0,2023-08-25,WR,1,2026-07-26T23:25:48.069273+00:00,,,,
expert,fantasypros_ecr,2023,00-0038397,Evan Hull,IND,280,286.25,45.69,168.0,365.0,2023-08-25,RB,1,2026-07-26T23:25:48.069273+00:00,,,,
expert,fantasypros_ecr,2023,00-0038794,Jaleel McLaughlin,DEN,281,287.0,66.92,196.0,355.0,2023-08-25,RB,1,2026-07-26T23:25:48.069273+00:00,,,,
expert,fantasypros_ecr,2023,00-0030513,Latavius Murray,BUF,282,287.58,39.98,172.0,385.0,2023-08-25,RB,1,2026-07-26T23:25:48.069273+00:00,,,,
expert,fantasypros_ecr,2023,00-0027944,Julio Jones,FA,283,290.08,41.63,231.0,375.0,2023-08-25,WR,1,2026-07-26T23:25:48.069273+00:00,,,,
expert,fantasypros_ecr,2023,00-0030332,Brett Maher,DEN,284,290.58,38.3,170.0,342.0,2023-08-25,K,1,2026-07-26T23:25:48.069273+00:00,,,,
expert,fantasypros_ecr,2023,00-0037525,Jordan Mason,SF,285,291.63,29.84,193.0,347.0,2023-08-25,RB,1,2026-07-26T23:25:48.069273+00:00,,,,
expert,fantasypros_ecr,2023,00-0038608,Kayshon Boutte,NE,286,291.72,32.29,226.0,396.0,2023-08-25,WR,1,2026-07-26T23:25:48.069273+00:00,,,,
expert,fantasypros_ecr,2023,00-0036412,KJ Hamler,FA,287,291.77,32.96,229.0,377.0,2023-08-25,WR,1,2026-07-26T23:25:48.069273+00:00,,,,
expert,fantasypros_ecr,2023,00-0038567,Chad Ryland,NE,288,292.5,35.67,251.0,339.0,2023-08-25,K,1,2026-07-26T23:25:48.069273+00:00,,,,
expert,fantasypros_ecr,2023,00-0036331,Devin Duvernay,BAL,289,292.87,40.19,226.0,396.0,2023-08-25,WR,1,2026-07-26T23:25:48.069273+00:00,,,,
expert,fantasypros_ecr,2023,00-0036139,Rico Dowdle,DAL,290,292.88,49.61,217.0,393.0,2023-08-25,RB,1,2026-07-26T23:25:48.069273+00:00,,,,
expert,fantasypros_ecr,2023,00-0039052,Trey Palmer,TB,291,293.22,51.76,186.0,379.0,2023-08-25,WR,1,2026-07-26T23:25:48.069273+00:00,,,,
expert,fantasypros_ecr,2023,00-0032688,Robbie Chosen,MIA,292,293.51,40.18,195.0,396.0,2023-08-25,WR,1,2026-07-26T23:25:48.069273+00:00,,,,
expert,fantasypros_ecr,2023,00-0037837,Calvin Austin III,PIT,293,293.97,47.57,205.0,373.0,2023-08-25,WR,1,2026-07-26T23:25:48.069273+00:00,,,,
expert,fantasypros_ecr,2023,00-0034297,Byron Pringle,WAS,294,294.67,79.24,196.0,390.0,2023-08-25,WR,1,2026-07-26T23:25:48.069273+00:00,,,,
expert,fantasypros_ecr,2023,00-0038621,Demario Douglas,NE,295,294.73,45.05,229.0,384.0,2023-08-25,WR,1,2026-07-26T23:25:48.069273+00:00,,,,
expert,fantasypros_ecr,2023,00-0038389,Israel Abanikanda,NYJ,296,294.89,30.24,181.0,368.0,2023-08-25,RB,1,2026-07-26T23:25:48.069273+00:00,,,,
expert,fantasypros_ecr,2023,00-0037224,Cameron Dicker,LAC,297,296.27,32.99,221.0,342.0,2023-08-25,K,1,2026-07-26T23:25:48.069273+00:00,,,,
expert,fantasypros_ecr,2023,00-0037692,Brandon Aubrey,DAL,298,296.32,34.22,246.0,350.0,2023-08-25,K,1,2026-07-26T23:25:48.069273+00:00,,,,
expert,fantasypros_ecr,2023,00-0036259,Jauan Jennings,SF,299,296.4,34.64,214.0,374.0,2023-08-25,WR,1,2026-07-26T23:25:48.069273+00:00,,,,
expert,fantasypros_ecr,2023,00-0036493,Deon Jackson,IND,300,297.12,47.51,178.0,364.0,2023-08-25,RB,1,2026-07-26T23:25:48.069273+00:00,,,,
expert,fantasypros_ecr,2023,00-0038454,Keaton Mitchell,BAL,301,297.8,62.57,183.0,361.0,2023-08-25,RB,1,2026-07-26T23:25:48.069273+00:00,,,,
expert,fantasypros_ecr,2023,00-0036251,Zack Moss,IND,302,297.85,35.05,227.0,380.0,2023-08-25,RB,1,2026-07-26T23:25:48.069273+00:00,,,,
expert,fantasypros_ecr,2023,00-0031203,Cairo Santos,CHI,303,298.6,29.15,191.0,353.0,2023-08-25,K,1,2026-07-26T23:25:48.069273+00:00,,,,
expert,fantasypros_ecr,2023,00-0031382,Jarvis Landry,FA,304,298.75,42.93,242.0,395.0,2023-08-25,WR,1,2026-07-26T23:25:48.069273+00:00,,,,
expert,fantasypros_ecr,2023,00-0033308,Matt Breida,NYG,305,298.91,32.88,192.0,378.0,2023-08-25,RB,1,2026-07-26T23:25:48.069273+00:00,,,,
expert,fantasypros_ecr,2023,00-0033591,Noah Brown,HOU,306,300.54,30.7,242.0,369.0,2023-08-25,WR,1,2026-07-26T23:25:48.069273+00:00,,,,
expert,fantasypros_ecr,2023,00-0038097,Cade York,CLE,307,300.91,27.38,231.0,353.0,2023-08-25,K,1,2026-07-26T23:25:48.069273+00:00,,,,
expert,fantasypros_ecr,2023,00-0037563,Malik Davis,DAL,308,301.26,37.95,217.0,393.0,2023-08-25,RB,1,2026-07-26T23:25:48.069273+00:00,,,,
expert,fantasypros_ecr,2023,00-0039046,DeWayne McBride,MIN,309,302.0,33.78,183.0,388.0,2023-08-25,RB,1,2026-07-26T23:25:48.069273+00:00,,,,
expert,fantasypros_ecr,2023,00-0035806,JaMycal Hasty,JAC,310,302.28,32.78,183.0,383.0,2023-08-25,RB,1,2026-07-26T23:25:48.069273+00:00,,,,
expert,fantasypros_ecr,2023,00-0032398,Chris Moore,TEN,311,302.38,35.76,242.0,378.0,2023-08-25,WR,1,2026-07-26T23:25:48.069273+00:00,,,,
expert,fantasypros_ecr,2023,00-0035849,Rodrigo Blankenship,FA,312,302.42,41.04,219.0,351.0,2023-08-25,K,1,2026-07-26T23:25:48.069273+00:00,,,,
expert,fantasypros_ecr,2023,00-0036857,Chris Evans,CIN,313,302.63,49.01,182.0,386.0,2023-08-25,RB,1,2026-07-26T23:25:48.069273+00:00,,,,
expert,fantasypros_ecr,2023,00-0035628,D'Ernest Johnson,JAC,314,303.01,37.53,185.0,388.0,2023-08-25,RB,1,2026-07-26T23:25:48.069273+00:00,,,,
expert,fantasypros_ecr,2023,00-0032464,Kalif Raymond,DET,315,303.63,47.72,222.0,396.0,2023-08-25,WR,1,2026-07-26T23:25:48.069273+00:00,,,,
expert,fantasypros_ecr,2023,00-0032726,Ka'imi Fairbairn,HOU,316,303.93,26.75,184.0,353.0,2023-08-25,K,1,2026-07-26T23:25:48.069273+00:00,,,,
expert,fantasypros_ecr,2023,00-0036862,Ben Skowronek,LAR,317,304.06,27.06,242.0,378.0,2023-08-25,WR,1,2026-07-26T23:25:48.069273+00:00,,,,
expert,fantasypros_ecr,2023,00-0032392,Austin Hooper,LV,318,304.69,25.82,232.0,351.0,2023-08-25,TE,1,2026-07-26T23:25:48.069273+00:00,,,,
expert,fantasypros_ecr,2023,00-0038951,Sean Tucker,TB,319,305.49,43.59,172.0,392.0,2023-08-25,RB,1,2026-07-26T23:25:48.069273+00:00,,,,
expert,fantasypros_ecr,2023,00-0035414,Jalen Guyton,LAC,320,305.67,60.64,226.0,373.0,2023-08-25,WR,1,2026-07-26T23:25:48.069273+00:00,,,,
expert,fantasypros_ecr,2023,00-0033862,Zane Gonzalez,SF,321,306.0,39.63,252.0,346.0,2023-08-25,K,1,2026-07-26T23:25:48.069273+00:00,,,,
expert,fantasypros_ecr,2023,00-0034921,Elliott Fry,FA,322,306.0,55.0,251.0,361.0,2023-08-25,K,1,2026-07-26T23:25:48.069273+00:00,,,,
expert,fantasypros_ecr,2023,00-0031549,Nelson Agholor,BAL,323,306.32,38.46,220.0,382.0,2023-08-25,WR,1,2026-07-26T23:25:48.069273+00:00,,,,
expert,fantasypros_ecr,2023,00-0037012,Trey Lance,SF,324,306.81,42.91,178.0,382.0,2023-08-25,QB,1,2026-07-26T23:25:48.069273+00:00,,,,
expert,fantasypros_ecr,2023,00-0034975,Justice Hill,BAL,325,308.5,45.16,212.0,389.0,2023-08-25,RB,1,2026-07-26T23:25:48.069273+00:00,,,,
expert,fantasypros_ecr,2023,00-0038115,Daniel Bellinger,NYG,326,308.67,35.21,207.0,394.0,2023-08-25,TE,1,2026-07-26T23:25:48.069273+00:00,,,,
expert,fantasypros_ecr,2023,00-0028002,Randall Cobb,NYJ,327,309.06,41.06,240.0,377.0,2023-08-25,WR,1,2026-07-26T23:25:48.069273+00:00,,,,
expert,fantasypros_ecr,2023,00-0036219,Marquez Callaway,DEN,328,309.61,41.73,206.0,375.0,2023-08-25,WR,1,2026-07-26T23:25:48.069273+00:00,,,,
expert,fantasypros_ecr,2023,00-0025580,Mason Crosby,FA,329,309.61,36.97,173.0,342.0,2023-08-25,K,1,2026-07-26T23:25:48.069273+00:00,,,,
expert,fantasypros_ecr,2023,00-0035192,Joey Slye,WAS,330,309.95,28.67,239.0,353.0,2023-08-25,K,1,2026-07-26T23:25:48.069273+00:00,,,,
expert,fantasypros_ecr,2023,00-0037157,Zonovan Knight,NYJ,331,310.03,35.32,220.0,388.0,2023-08-25,RB,1,2026-07-26T23:25:48.069273+00:00,,,,
expert,fantasypros_ecr,2023,00-0035831,James Robinson,NYG,332,310.09,41.51,198.0,388.0,2023-08-25,RB,1,2026-07-26T23:25:48.069273+00:00,,,,
expert,fantasypros_ecr,2023,00-0034173,Eddy Pineiro,CAR,333,311.0,27.74,233.0,353.0,2023-08-25,K,1,2026-07-26T23:25:48.069273+00:00,,,,
expert,fantasypros_ecr,2023,00-0038618,Xavier Hutchinson,HOU,334,311.35,43.65,212.0,390.0,2023-08-25,WR,1,2026-07-26T23:25:48.069273+00:00,,,,
expert,fantasypros_ecr,2023,00-0035860,Tony Jones Jr.,DEN,335,311.5,9.5,302.0,321.0,2023-08-25,RB,1,2026-07-26T23:25:48.069273+00:00,,,,
expert,fantasypros_ecr,2023,00-0036277,Quintez Cephus,DET,336,312.0,16.0,296.0,328.0,2023-08-25,WR,1,2026-07-26T23:25:48.069273+00:00,,,,
expert,fantasypros_ecr,2023,00-0037429,Raheem Blackshear,CAR,337,312.54,43.11,231.0,382.0,2023-08-25,RB,1,2026-07-26T23:25:48.069273+00:00,,,,
expert,fantasypros_ecr,2023,00-0036450,Ke'Shawn Vaughn,TB,338,313.31,45.78,230.0,392.0,2023-08-25,RB,1,2026-07-26T23:25:48.069273+00:00,,,,
expert,fantasypros_ecr,2023,00-0034084,Michael Badgley,TEN,339,313.34,27.46,203.0,353.0,2023-08-25,K,1,2026-07-26T23:25:48.069273+00:00,,,,
expert,fantasypros_ecr,2023,00-0035291,Trayveon Williams,CIN,340,313.58,36.7,219.0,386.0,2023-08-25,RB,1,2026-07-26T23:25:48.069273+00:00,,,,
expert,fantasypros_ecr,2023,00-0034418,Cedrick Wilson Jr.,MIA,341,313.79,42.78,243.0,390.0,2023-08-25,WR,1,2026-07-26T23:25:48.069273+00:00,,,,
expert,fantasypros_ecr,2023,00-0036422,Adam Trautman,DEN,342,314.44,34.97,209.0,385.0,2023-08-25,TE,1,2026-07-26T23:25:48.069273+00:00,,,,
expert,fantasypros_ecr,2023,00-0034909,Tristan Vizcaino,FA,343,314.47,22.85,233.0,342.0,2023-08-25,K,1,2026-07-26T23:25:48.069273+00:00,,,,
expert,fantasypros_ecr,2023,00-0031941,Jamison Crowder,NYG,344,314.94,38.81,247.0,395.0,2023-08-25,WR,1,2026-07-26T23:25:48.069273+00:00,,,,
expert,fantasypros_ecr,2023,00-0034487,Trent Sherfield,BUF,345,315.78,42.81,247.0,384.0,2023-08-25,WR,1,2026-07-26T23:25:48.069273+00:00,,,,
expert,fantasypros_ecr,2023,00-0034414,Boston Scott,PHI,346,316.1,33.14,256.0,393.0,2023-08-25,RB,1,2026-07-26T23:25:48.069273+00:00,,,,
expert,fantasypros_ecr,2023,00-0038612,A.T. Perry,NO,347,316.92,39.6,206.0,396.0,2023-08-25,WR,1,2026-07-26T23:25:48.069273+00:00,,,,
expert,fantasypros_ecr,2023,00-0037594,Julius Chestnut,TEN,348,318.0,23.9,277.0,337.0,2023-08-25,RB,1,2026-07-26T23:25:48.069273+00:00,,,,
expert,fantasypros_ecr,2023,00-0038941,Tyler Scott,CHI,349,318.26,42.42,222.0,396.0,2023-08-25,WR,1,2026-07-26T23:25:48.069273+00:00,,,,
expert,fantasypros_ecr,2023,00-0038354,Tanner Brown,LAR,350,318.27,15.7,288.0,339.0,2023-08-25,K,1,2026-07-26T23:25:48.069273+00:00,,,,
expert,fantasypros_ecr,2023,00-0035358,Chase McLaughlin,TB,351,319.11,26.12,268.0,353.0,2023-08-25,K,1,2026-07-26T23:25:48.069273+00:00,,,,
expert,fantasypros_ecr,2023,00-0036898,Davis Mills,HOU,352,319.5,39.5,280.0,359.0,2023-08-25,QB,1,2026-07-26T23:25:48.069273+00:00,,,,
expert,fantasypros_ecr,2023,00-0037277,Teagan Quitoriano,HOU,353,320.0,46.0,274.0,366.0,2023-08-25,TE,1,2026-07-26T23:25:48.069273+00:00,,,,
expert,fantasypros_ecr,2023,00-0038396,Eric Gray,NYG,354,321.43,29.49,238.0,393.0,2023-08-25,RB,1,2026-07-26T23:25:48.069273+00:00,,,,
expert,fantasypros_ecr,2023,00-0036572,Shi Smith,CAR,355,322.0,34.65,297.0,371.0,2023-08-25,WR,1,2026-07-26T23:25:48.069273+00:00,,,,
expert,fantasypros_ecr,2023,00-0033119,Jacoby Brissett,WAS,356,322.31,32.69,195.0,376.0,2023-08-25,QB,1,2026-07-26T23:25:48.069273+00:00,,,,
expert,fantasypros_ecr,2023,00-0027688,Colt McCoy,ARI,357,322.53,34.05,228.0,385.0,2023-08-25,QB,1,2026-07-26T23:25:48.069273+00:00,,,,
expert,fantasypros_ecr,2023,00-0035208,Olamide Zaccheaus,PHI,358,322.65,36.75,268.0,384.0,2023-08-25,WR,1,2026-07-26T23:25:48.069273+00:00,,,,
expert,fantasypros_ecr,2023,00-0038402,Anders Carlson,GB,359,322.9,22.93,273.0,353.0,2023-08-25,K,1,2026-07-26T23:25:48.069273+00:00,,,,
expert,fantasypros_ecr,2023,00-0033572,Jamal Agnew,JAC,360,323.06,39.03,263.0,386.0,2023-08-25,WR,1,2026-07-26T23:25:48.069273+00:00,,,,
expert,fantasypros_ecr,2023,00-0036928,Kyle Trask,TB,361,323.16,43.63,202.0,387.0,2023-08-25,QB,1,2026-07-26T23:25:48.069273+00:00,,,,
expert,fantasypros_ecr,2023,00-0037617,Hassan Haskins,TEN,362,323.34,28.13,270.0,392.0,2023-08-25,RB,1,2026-07-26T23:25:48.069273+00:00,,,,
expert,fantasypros_ecr,2023,00-0038518,Deneric Prince,KC,363,323.55,38.94,243.0,393.0,2023-08-25,RB,1,2026-07-26T23:25:48.069273+00:00,,,,
expert,fantasypros_ecr,2023,00-0037666,Jalen Tolbert,DAL,364,323.97,44.93,226.0,396.0,2023-08-25,WR,1,2026-07-26T23:25:48.069273+00:00,,,,
expert,fantasypros_ecr,2023,00-0037078,Cole Turner,WAS,365,325.08,41.89,254.0,389.0,2023-08-25,TE,1,2026-07-26T23:25:48.069273+00:00,,,,
expert,fantasypros_ecr,2023,00-0034816,Ronald Jones II,DAL,366,326.09,31.13,238.0,388.0,2023-08-25,RB,1,2026-07-26T23:25:48.069273+00:00,,,,
expert,fantasypros_ecr,2023,00-0038636,Kenny McIntosh,SEA,367,326.24,33.42,257.0,386.0,2023-08-25,RB,1,2026-07-26T23:25:48.069273+00:00,,,,
expert,fantasypros_ecr,2023,00-0027973,Andy Dalton,CAR,368,326.33,42.49,268.0,368.0,2023-08-25,QB,1,2026-07-26T23:25:48.069273+00:00,,,,
expert,fantasypros_ecr,2023,00-0029421,Randy Bullock,FA,369,326.5,17.39,305.0,353.0,2023-08-25,K,1,2026-07-26T23:25:48.069273+00:00,,,,
expert,fantasypros_ecr,2023,00-0032144,Melvin Gordon III,BAL,370,327.68,26.71,256.0,382.0,2023-08-25,RB,1,2026-07-26T23:25:48.069273+00:00,,,,
expert,fantasypros_ecr,2023,00-0035567,Craig Reynolds,DET,371,327.88,40.83,274.0,381.0,2023-08-25,RB,1,2026-07-26T23:25:48.069273+00:00,,,,
expert,fantasypros_ecr,2023,00-0037487,Deven Thompkins,TB,372,328.33,40.8,285.0,383.0,2023-08-25,WR,1,2026-07-26T23:25:48.069273+00:00,,,,
expert,fantasypros_ecr,2023,00-0037557,Ronnie Rivers,LAR,373,328.33,22.88,301.0,357.0,2023-08-25,RB,1,2026-07-26T23:25:48.069273+00:00,,,,
expert,fantasypros_ecr,2023,00-0034798,Durham Smythe,MIA,374,328.73,36.11,260.0,391.0,2023-08-25,TE,1,2026-07-26T23:25:48.069273+00:00,,,,
expert,fantasypros_ecr,2023,00-0037827,Tyrion Davis-Price,SF,375,328.81,30.27,258.0,393.0,2023-08-25,RB,1,2026-07-26T23:25:48.069273+00:00,,,,
expert,fantasypros_ecr,2023,00-0038547,Luke Schoonmaker,DAL,376,329.17,25.13,255.0,362.0,2023-08-25,TE,1,2026-07-26T23:25:48.069273+00:00,,,,
expert,fantasypros_ecr,2023,00-0029892,Kyle Juszczyk,SF,377,329.63,25.3,294.0,388.0,2023-08-25,RB,1,2026-07-26T23:25:48.069273+00:00,,,,
expert,fantasypros_ecr,2023,00-0038611,Chris Rodriguez Jr.,WAS,378,329.91,37.38,243.0,392.0,2023-08-25,RB,1,2026-07-26T23:25:48.069273+00:00,,,,
expert,fantasypros_ecr,2023,00-0032268,Marcus Mariota,PHI,379,330.0,52.0,278.0,382.0,2023-08-25,QB,1,2026-07-26T23:25:48.069273+00:00,,,,
expert,fantasypros_ecr,2023,00-0032104,Ameer Abdullah,LV,380,330.09,34.19,240.0,388.0,2023-08-25,RB,1,2026-07-26T23:25:48.069273+00:00,,,,
expert,fantasypros_ecr,2023,00-0033854,Dare Ogunbowale,HOU,381,331.0,0.0,331.0,331.0,2023-08-25,RB,1,2026-07-26T23:25:48.069273+00:00,,,,
expert,fantasypros_ecr,2023,00-0037606,Caleb Shudak,FA,382,331.6,11.0,311.0,342.0,2023-08-25,K,1,2026-07-26T23:25:48.069273+00:00,,,,
expert,fantasypros_ecr,2023,00-0033757,Robert Tonyan,CHI,383,332.02,30.27,221.0,390.0,2023-08-25,TE,1,2026-07-26T23:25:48.069273+00:00,,,,
expert,fantasypros_ecr,2023,00-0033858,Jonnu Smith,ATL,384,332.24,26.27,246.0,394.0,2023-08-25,TE,1,2026-07-26T23:25:48.069273+00:00,,,,
expert,fantasypros_ecr,2023,00-0036423,Albert Okwuegbunam,DEN,385,332.4,29.51,273.0,387.0,2023-08-25,TE,1,2026-07-26T23:25:48.069273+00:00,,,,
expert,fantasypros_ecr,2023,00-0033932,Kenny Golladay,FA,386,332.6,28.97,295.0,373.0,2023-08-25,WR,1,2026-07-26T23:25:48.069273+00:00,,,,
expert,fantasypros_ecr,2023,00-0038590,Justin Shorter,BUF,387,332.6,21.39,304.0,358.0,2023-08-25,WR,1,2026-07-26T23:25:48.069273+00:00,,,,
expert,fantasypros_ecr,2023,00-0036637,Noah Gray,KC,388,334.23,25.87,265.0,372.0,2023-08-25,TE,1,2026-07-26T23:25:48.069273+00:00,,,,
expert,fantasypros_ecr,2023,00-0036387,Jalen Reagor,MIN,389,334.75,36.11,292.0,372.0,2023-08-25,WR,1,2026-07-26T23:25:48.069273+00:00,,,,
expert,fantasypros_ecr,2023,00-0032602,J.D. McKissic,FA,390,334.86,21.43,301.0,388.0,2023-08-25,RB,1,2026-07-26T23:25:48.069273+00:00,,,,
expert,fantasypros_ecr,2023,00-0036425,DeeJay Dallas,SEA,391,334.95,25.51,268.0,392.0,2023-08-25,RB,1,2026-07-26T23:25:48.069273+00:00,,,,
expert,fantasypros_ecr,2023,00-0033118,Kenyan Drake,IND,392,335.18,27.39,286.0,388.0,2023-08-25,RB,1,2026-07-26T23:25:48.069273+00:00,,,,
expert,fantasypros_ecr,2023,00-0032200,Ty Montgomery,NE,393,335.5,36.34,272.0,387.0,2023-08-25,RB,1,2026-07-26T23:25:48.069273+00:00,,,,
expert,fantasypros_ecr,2023,00-0036626,Dyami Brown,WAS,394,335.83,32.38,269.0,396.0,2023-08-25,WR,1,2026-07-26T23:25:48.069273+00:00,,,,
expert,fantasypros_ecr,2023,00-0026625,Brian Hoyer,LV,395,336.4,28.75,281.0,358.0,2023-08-25,QB,1,2026-07-26T23:25:48.069273+00:00,,,,
expert,fantasypros_ecr,2023,00-0034159,Will Dissly,SEA,396,337.03,28.15,256.0,381.0,2023-08-25,TE,1,2026-07-26T23:25:48.069273+00:00,,,,
expert,fantasypros_ecr,2023,00-0035341,Trenton Irwin,CIN,397,337.07,32.22,285.0,376.0,2023-08-25,WR,1,2026-07-26T23:25:48.069273+00:00,,,,
expert,fantasypros_ecr,2023,00-0039152,Will Levis,TEN,398,337.22,29.53,262.0,397.0,2023-08-25,QB,1,2026-07-26T23:25:48.069273+00:00,,,,
expert,fantasypros_ecr,2023,00-0034253,Dontrell Hilliard,FA,399,337.22,16.26,313.0,364.0,2023-08-25,RB,1,2026-07-26T23:25:48.069273+00:00,,,,
expert,fantasypros_ecr,2023,00-0038996,Tucker Kraft,GB,400,337.4,29.5,276.0,394.0,2023-08-25,TE,1,2026-07-26T23:25:48.069273+00:00,,,,
expert,fantasypros_ecr,2023,00-0037013,Zach Wilson,NYJ,401,338.0,40.19,264.0,379.0,2023-08-25,QB,1,2026-07-26T23:25:48.069273+00:00,,,,
expert,fantasypros_ecr,2023,00-0032775,Demarcus Robinson,LAR,402,339.73,30.38,279.0,379.0,2023-08-25,WR,1,2026-07-26T23:25:48.069273+00:00,,,,
expert,fantasypros_ecr,2023,00-0037098,Samori Toure,GB,403,339.75,29.74,268.0,390.0,2023-08-25,WR,1,2026-07-26T23:25:48.069273+00:00,,,,
expert,fantasypros_ecr,2023,00-0036255,Denzel Mims,FA,404,340.0,34.45,298.0,384.0,2023-08-25,WR,1,2026-07-26T23:25:48.069273+00:00,,,,
expert,fantasypros_ecr,2023,00-0036654,Demetric Felton Jr.,CLE,405,340.17,17.86,322.0,368.0,2023-08-25,RB,1,2026-07-26T23:25:48.069273+00:00,,,,
expert,fantasypros_ecr,2023,00-0034869,Sam Darnold,SF,406,340.21,27.18,266.0,387.0,2023-08-25,QB,1,2026-07-26T23:25:48.069273+00:00,,,,
expert,fantasypros_ecr,2023,00-0034301,Darrel Williams,NO,407,341.0,17.56,307.0,365.0,2023-08-25,RB,1,2026-07-26T23:25:48.069273+00:00,,,,
expert,fantasypros_ecr,2023,00-0038576,Charlie Jones,CIN,408,341.29,38.9,269.0,395.0,2023-08-25,WR,1,2026-07-26T23:25:48.069273+00:00,,,,
expert,fantasypros_ecr,2023,00-0035311,Myles Gaskin,MIA,409,341.39,19.34,311.0,392.0,2023-08-25,RB,1,2026-07-26T23:25:48.069273+00:00,,,,
expert,fantasypros_ecr,2023,00-0035289,Gardner Minshew II,IND,410,341.76,28.87,257.0,397.0,2023-08-25,QB,1,2026-07-26T23:25:48.069273+00:00,,,,
expert,fantasypros_ecr,2023,00-0036020,Salvon Ahmed,MIA,411,341.78,21.36,302.0,392.0,2023-08-25,RB,1,2026-07-26T23:25:48.069273+00:00,,,,
expert,fantasypros_ecr,2023,00-0038558,Darnell Washington,PIT,412,341.8,26.51,220.0,381.0,2023-08-25,TE,1,2026-07-26T23:25:48.069273+00:00,,,,
expert,fantasypros_ecr,2023,00-0035664,Darrell Henderson Jr.,FA,413,342.0,23.49,309.0,377.0,2023-08-25,RB,1,2026-07-26T23:25:48.069273+00:00,,,,
expert,fantasypros_ecr,2023,00-0034981,Foster Moreau,NO,414,342.37,28.48,260.0,391.0,2023-08-25,TE,1,2026-07-26T23:25:48.069273+00:00,,,,
expert,fantasypros_ecr,2023,00-0038393,Dontayvion Wicks,GB,415,342.45,33.62,293.0,384.0,2023-08-25,WR,1,2026-07-26T23:25:48.069273+00:00,,,,
expert,fantasypros_ecr,2023,00-0038579,Aidan O'Connell,LV,416,343.0,22.08,315.0,370.0,2023-08-25,QB,1,2026-07-26T23:25:48.069273+00:00,,,,
expert,fantasypros_ecr,2023,00-0034854,KhaDarel Hodge,ATL,417,343.2,33.47,297.0,383.0,2023-08-25,WR,1,2026-07-26T23:25:48.069273+00:00,,,,
expert,fantasypros_ecr,2023,00-0035329,Donald Parham Jr.,LAC,418,343.66,31.45,266.0,391.0,2023-08-25,TE,1,2026-07-26T23:25:48.069273+00:00,,,,
expert,fantasypros_ecr,2023,00-0036336,Anthony McFarland Jr.,PIT,419,343.8,30.95,300.0,372.0,2023-08-25,RB,1,2026-07-26T23:25:48.069273+00:00,,,,
expert,fantasypros_ecr,2023,00-0034386,Justin Watson,KC,420,343.93,32.85,265.0,390.0,2023-08-25,WR,1,2026-07-26T23:25:48.069273+00:00,,,,
expert,fantasypros_ecr,2023,00-0032950,Carson Wentz,FA,421,344.0,17.99,315.0,360.0,2023-08-25,QB,1,2026-07-26T23:25:48.069273+00:00,,,,
expert,fantasypros_ecr,2023,00-0033879,O.J. Howard,FA,422,344.0,50.0,294.0,394.0,2023-08-25,TE,1,2026-07-26T23:25:48.069273+00:00,,,,
expert,fantasypros_ecr,2023,00-0036842,Kene Nwangwu,MIN,423,344.22,27.37,300.0,393.0,2023-08-25,RB,1,2026-07-26T23:25:48.069273+00:00,,,,
expert,fantasypros_ecr,2023,00-0027696,Jimmy Graham,NO,424,344.5,5.5,339.0,350.0,2023-08-25,TE,1,2026-07-26T23:25:48.069273+00:00,,,,
expert,fantasypros_ecr,2023,00-0035021,Ashton Dulin,IND,425,346.33,34.89,297.0,372.0,2023-08-25,WR,1,2026-07-26T23:25:48.069273+00:00,,,,
expert,fantasypros_ecr,2023,00-0036984,Trey Sermon,PHI,426,346.4,18.02,312.0,361.0,2023-08-25,RB,1,2026-07-26T23:25:48.069273+00:00,,,,
expert,fantasypros_ecr,2023,00-0031763,DeAndre Carter,LV,427,346.67,24.13,309.0,375.0,2023-08-25,WR,1,2026-07-26T23:25:48.069273+00:00,,,,
expert,fantasypros_ecr,2023,00-0035537,Ty Johnson,BUF,428,347.2,21.83,324.0,382.0,2023-08-25,RB,1,2026-07-26T23:25:48.069273+00:00,,,,
expert,fantasypros_ecr,2023,00-0037005,Tommy Tremble,CAR,429,348.25,46.16,272.0,386.0,2023-08-25,TE,1,2026-07-26T23:25:48.069273+00:00,,,,
expert,fantasypros_ecr,2023,00-0038092,Erik Ezukanma,MIA,430,348.6,31.13,290.0,372.0,2023-08-25,WR,1,2026-07-26T23:25:48.069273+00:00,,,,
expert,fantasypros_ecr,2023,00-0037085,Tyler Badie,DEN,431,348.6,28.18,304.0,388.0,2023-08-25,RB,1,2026-07-26T23:25:48.069273+00:00,,,,
expert,fantasypros_ecr,2023,00-0031503,Jameis Winston,NO,432,348.89,26.75,304.0,397.0,2023-08-25,QB,1,2026-07-26T23:25:48.069273+00:00,,,,
expert,fantasypros_ecr,2023,00-0033725,Corey Clement,ARI,433,349.09,31.02,295.0,393.0,2023-08-25,RB,1,2026-07-26T23:25:48.069273+00:00,,,,
expert,fantasypros_ecr,2023,00-0038108,Bailey Zappe,NE,434,349.3,30.47,254.0,387.0,2023-08-25,QB,1,2026-07-26T23:25:48.069273+00:00,,,,
expert,fantasypros_ecr,2023,00-0036556,Brevin Jordan,HOU,435,349.52,31.13,249.0,384.0,2023-08-25,TE,1,2026-07-26T23:25:48.069273+00:00,,,,
expert,fantasypros_ecr,2023,00-0030068,Marquise Goodwin,CLE,436,350.33,26.86,298.0,373.0,2023-08-25,WR,1,2026-07-26T23:25:48.069273+00:00,,,,
expert,fantasypros_ecr,2023,00-0038409,Lew Nichols III,GB,437,351.0,13.0,338.0,364.0,2023-08-25,RB,1,2026-07-26T23:25:48.069273+00:00,,,,
expert,fantasypros_ecr,2023,00-0038606,Parker Washington,JAC,438,351.13,35.36,268.0,396.0,2023-08-25,WR,1,2026-07-26T23:25:48.069273+00:00,,,,
expert,fantasypros_ecr,2023,00-0037286,Kevin Harris,NE,439,351.37,20.64,315.0,382.0,2023-08-25,RB,1,2026-07-26T23:25:48.069273+00:00,,,,
expert,fantasypros_ecr,2023,00-0034401,Mike White,MIA,440,351.43,30.32,290.0,390.0,2023-08-25,QB,1,2026-07-26T23:25:48.069273+00:00,,,,
expert,fantasypros_ecr,2023,00-0031800,Taylor Heinicke,ATL,441,351.73,23.55,311.0,394.0,2023-08-25,QB,1,2026-07-26T23:25:48.069273+00:00,,,,
expert,fantasypros_ecr,2023,00-0037745,Velus Jones Jr.,CHI,442,352.83,33.05,295.0,390.0,2023-08-25,WR,1,2026-07-26T23:25:48.069273+00:00,,,,
expert,fantasypros_ecr,2023,00-0032134,C.J. Uzomah,NYJ,443,353.27,28.1,288.0,394.0,2023-08-25,TE,1,2026-07-26T23:25:48.069273+00:00,,,,
expert,fantasypros_ecr,2023,00-0033251,Zach Pascal,ARI,444,353.31,26.68,315.0,395.0,2023-08-25,WR,1,2026-07-26T23:25:48.069273+00:00,,,,
expert,fantasypros_ecr,2023,00-0035249,Josh Oliver,MIN,445,353.63,18.43,327.0,394.0,2023-08-25,TE,1,2026-07-26T23:25:48.069273+00:00,,,,
expert,fantasypros_ecr,2023,00-0033217,Mo Alie-Cox,IND,446,354.27,20.13,318.0,391.0,2023-08-25,TE,1,2026-07-26T23:25:48.069273+00:00,,,,
expert,fantasypros_ecr,2023,00-0038619,Andrei Iosivas,CIN,447,354.56,35.53,282.0,396.0,2023-08-25,WR,1,2026-07-26T23:25:48.069273+00:00,,,,
expert,fantasypros_ecr,2023,00-0030874,Damien Williams,LV,448,354.75,25.61,330.0,392.0,2023-08-25,RB,1,2026-07-26T23:25:48.069273+00:00,,,,
expert,fantasypros_ecr,2023,00-0038935,Brenton Strange,JAC,449,355.0,12.72,341.0,373.0,2023-08-25,TE,1,2026-07-26T23:25:48.069273+00:00,,,,
expert,fantasypros_ecr,2023,00-0030288,Rex Burkhead,FA,450,355.17,19.81,330.0,393.0,2023-08-25,RB,1,2026-07-26T23:25:48.069273+00:00,,,,
expert,fantasypros_ecr,2023,00-0032063,Mike Davis,FA,451,355.5,3.5,352.0,359.0,2023-08-25,RB,1,2026-07-26T23:25:48.069273+00:00,,,,
expert,fantasypros_ecr,2023,00-0034364,Jordan Akins,CLE,452,356.22,20.48,325.0,390.0,2023-08-25,TE,1,2026-07-26T23:25:48.069273+00:00,,,,
expert,fantasypros_ecr,2023,00-0027966,Mark Ingram II,FA,453,356.25,22.68,329.0,392.0,2023-08-25,RB,1,2026-07-26T23:25:48.069273+00:00,,,,
expert,fantasypros_ecr,2023,00-0034208,Mike Boone,HOU,454,356.4,20.55,329.0,379.0,2023-08-25,RB,1,2026-07-26T23:25:48.069273+00:00,,,,
expert,fantasypros_ecr,2023,00-0035125,Alec Ingold,MIA,455,357.0,28.0,329.0,385.0,2023-08-25,RB,1,2026-07-26T23:25:48.069273+00:00,,,,
expert,fantasypros_ecr,2023,00-0036232,Harrison Bryant,CLE,456,357.41,25.22,307.0,390.0,2023-08-25,TE,1,2026-07-26T23:25:48.069273+00:00,,,,
expert,fantasypros_ecr,2023,00-0038582,Clayton Tune,ARI,457,357.69,30.95,311.0,397.0,2023-08-25,QB,1,2026-07-26T23:25:48.069273+00:00,,,,
expert,fantasypros_ecr,2023,00-0037291,Jalen Nailor,MIN,458,358.0,28.51,286.0,378.0,2023-08-25,WR,1,2026-07-26T23:25:48.069273+00:00,,,,
expert,fantasypros_ecr,2023,00-0037282,James Mitchell,DET,459,361.0,16.31,344.0,383.0,2023-08-25,TE,1,2026-07-26T23:25:48.069273+00:00,,,,
expert,fantasypros_ecr,2023,00-0029239,Brandon Bolden,LV,460,361.25,26.32,296.0,388.0,2023-08-25,RB,1,2026-07-26T23:25:48.069273+00:00,,,,
expert,fantasypros_ecr,2023,00-0036876,Kylen Granson,IND,461,361.55,19.84,314.0,394.0,2023-08-25,TE,1,2026-07-26T23:25:48.069273+00:00,,,,
expert,fantasypros_ecr,2023,00-0038563,Tre Tucker,LV,462,361.7,20.3,328.0,384.0,2023-08-25,WR,1,2026-07-26T23:25:48.069273+00:00,,,,
expert,fantasypros_ecr,2023,00-0034279,Equanimeous St. Brown,CHI,463,362.0,16.08,340.0,378.0,2023-08-25,WR,1,2026-07-26T23:25:48.069273+00:00,,,,
expert,fantasypros_ecr,2023,00-0038550,Hendon Hooker,DET,464,362.0,2.0,360.0,364.0,2023-08-25,QB,1,2026-07-26T23:25:48.069273+00:00,,,,
expert,fantasypros_ecr,2023,00-0035264,Jarrett Stidham,DEN,465,362.33,26.87,320.0,397.0,2023-08-25,QB,1,2026-07-26T23:25:48.069273+00:00,,,,
expert,fantasypros_ecr,2023,00-0038046,Charlie Kolar,BAL,466,363.0,28.0,335.0,391.0,2023-08-25,TE,1,2026-07-26T23:25:48.069273+00:00,,,,
expert,fantasypros_ecr,2023,00-0036754,Brock Wright,DET,467,364.83,21.29,323.0,391.0,2023-08-25,TE,1,2026-07-26T23:25:48.069273+00:00,,,,
expert,fantasypros_ecr,2023,00-0035993,Tyler Huntley,BAL,468,365.0,21.01,325.0,391.0,2023-08-25,QB,1,2026-07-26T23:25:48.069273+00:00,,,,
expert,fantasypros_ecr,2023,00-0037569,Peyton Hendershot,DAL,469,365.1,18.29,338.0,391.0,2023-08-25,TE,1,2026-07-26T23:25:48.069273+00:00,,,,
expert,fantasypros_ecr,2023,00-0037805,Jeremy Ruckert,NYJ,470,365.27,16.44,346.0,389.0,2023-08-25,TE,1,2026-07-26T23:25:48.069273+00:00,,,,
expert,fantasypros_ecr,2023,00-0036628,John Bates,WAS,471,365.5,19.5,346.0,385.0,2023-08-25,TE,1,2026-07-26T23:25:48.069273+00:00,,,,
expert,fantasypros_ecr,2023,00-0035298,Scott Miller,ATL,472,365.9,14.23,338.0,379.0,2023-08-25,WR,1,2026-07-26T23:25:48.069273+00:00,,,,
expert,fantasypros_ecr,2023,00-0036244,Colby Parkinson,SEA,473,367.63,14.26,349.0,394.0,2023-08-25,TE,1,2026-07-26T23:25:48.069273+00:00,,,,
expert,fantasypros_ecr,2023,00-0039041,Elijah Higgins,MIA,474,368.2,12.2,348.0,386.0,2023-08-25,TE,1,2026-07-26T23:25:48.069273+00:00,,,,
expert,fantasypros_ecr,2023,00-0034765,Tre'Quan Smith,NO,475,368.5,12.67,345.0,386.0,2023-08-25,WR,1,2026-07-26T23:25:48.069273+00:00,,,,
expert,fantasypros_ecr,2023,00-0036332,Josiah Deguara,GB,476,368.67,26.39,332.0,393.0,2023-08-25,TE,1,2026-07-26T23:25:48.069273+00:00,,,,
expert,fantasypros_ecr,2023,00-0038128,Malik Willis,TEN,477,370.13,22.07,338.0,397.0,2023-08-25,QB,1,2026-07-26T23:25:48.069273+00:00,,,,
expert,fantasypros_ecr,2023,00-0035594,Travis Homer,CHI,478,370.75,12.87,354.0,388.0,2023-08-25,RB,1,2026-07-26T23:25:48.069273+00:00,,,,
expert,fantasypros_ecr,2023,00-0037828,Danny Gray,SF,479,371.0,14.61,346.0,383.0,2023-08-25,WR,1,2026-07-26T23:25:48.069273+00:00,,,,
expert,fantasypros_ecr,2023,00-0039107,Stetson Bennett,LAR,480,372.0,25.0,347.0,397.0,2023-08-25,QB,1,2026-07-26T23:25:48.069273+00:00,,,,
expert,fantasypros_ecr,2023,00-0034646,Brandon Powell,MIN,481,374.75,19.42,343.0,395.0,2023-08-25,WR,1,2026-07-26T23:25:48.069273+00:00,,,,
expert,fantasypros_ecr,2023,00-0038406,Zack Kuntz,NYJ,482,375.5,18.5,357.0,394.0,2023-08-25,TE,1,2026-07-26T23:25:48.069273+00:00,,,,
expert,fantasypros_ecr,2023,00-0034011,Dan Arnold,PHI,483,376.5,2.5,374.0,379.0,2023-08-25,TE,1,2026-07-26T23:25:48.069273+00:00,,,,
expert,fantasypros_ecr,2023,00-0033576,Eric Saubert,MIA,484,382.5,11.5,371.0,394.0,2023-08-25,TE,1,2026-07-26T23:25:48.069273+00:00,,,,
expert,fantasypros_ecr,2023,00-0032156,Trevor Siemian,CIN,485,382.5,8.5,374.0,391.0,2023-08-25,QB,1,2026-07-26T23:25:48.069273+00:00,,,,
expert,fantasypros_ecr,2024,00-0033280,Christian McCaffrey,SF,1,1.81,1.99,1.0,11.0,2024-08-30,RB,1,2026-07-26T23:25:48.407461+00:00,,,,
expert,fantasypros_ecr,2024,00-0036358,CeeDee Lamb,DAL,2,2.48,0.81,1.0,7.0,2024-08-30,WR,1,2026-07-26T23:25:48.407461+00:00,,,,
expert,fantasypros_ecr,2024,00-0033040,Tyreek Hill,MIA,3,3.12,1.37,2.0,8.0,2024-08-30,WR,1,2026-07-26T23:25:48.407461+00:00,,,,
expert,fantasypros_ecr,2024,00-0036963,Amon-Ra St. Brown,DET,4,4.78,1.4,3.0,9.0,2024-08-30,WR,1,2026-07-26T23:25:48.407461+00:00,,,,
expert,fantasypros_ecr,2024,00-0036900,Ja'Marr Chase,CIN,5,5.12,1.66,2.0,12.0,2024-08-30,WR,1,2026-07-26T23:25:48.407461+00:00,,,,
expert,fantasypros_ecr,2024,00-0038120,Breece Hall,NYJ,6,6.17,2.09,1.0,11.0,2024-08-30,RB,1,2026-07-26T23:25:48.407461+00:00,,,,
expert,fantasypros_ecr,2024,00-0038542,Bijan Robinson,ATL,7,6.73,1.63,1.0,11.0,2024-08-30,RB,1,2026-07-26T23:25:48.407461+00:00,,,,
expert,fantasypros_ecr,2024,00-0036322,Justin Jefferson,MIN,8,6.88,1.73,3.0,12.0,2024-08-30,WR,1,2026-07-26T23:25:48.407461+00:00,,,,
expert,fantasypros_ecr,2024,00-0035676,A.J. Brown,PHI,9,9.13,1.45,5.0,12.0,2024-08-30,WR,1,2026-07-26T23:25:48.407461+00:00,,,,
expert,fantasypros_ecr,2024,00-0037740,Garrett Wilson,NYJ,10,9.74,1.69,4.0,15.0,2024-08-30,WR,1,2026-07-26T23:25:48.407461+00:00,,,,
expert,fantasypros_ecr,2024,00-0039139,Jahmyr Gibbs,DET,11,13.26,2.93,8.0,23.0,2024-08-30,RB,1,2026-07-26T23:25:48.407461+00:00,,,,
expert,fantasypros_ecr,2024,00-0036223,Jonathan Taylor,IND,12,14.31,4.98,8.0,45.0,2024-08-30,RB,1,2026-07-26T23:25:48.407461+00:00,,,,
expert,fantasypros_ecr,2024,00-0039075,Puka Nacua,LAR,13,15.31,5.77,9.0,36.0,2024-08-30,WR,1,2026-07-26T23:25:48.407461+00:00,,,,
expert,fantasypros_ecr,2024,00-0034844,Saquon Barkley,PHI,14,15.77,5.06,8.0,38.0,2024-08-30,RB,1,2026-07-26T23:25:48.407461+00:00,,,,
expert,fantasypros_ecr,2024,00-0039849,Marvin Harrison Jr.,ARI,15,17.08,5.67,9.0,43.0,2024-08-30,WR,1,2026-07-26T23:25:48.407461+00:00,,,,
expert,fantasypros_ecr,2024,00-0031381,Davante Adams,LV,16,17.71,5.93,9.0,49.0,2024-08-30,WR,1,2026-07-26T23:25:48.407461+00:00,,,,
expert,fantasypros_ecr,2024,00-0037238,Drake London,ATL,17,19.65,5.19,12.0,37.0,2024-08-30,WR,1,2026-07-26T23:25:48.407461+00:00,,,,
expert,fantasypros_ecr,2024,00-0037239,Chris Olave,NO,18,21.39,5.43,14.0,40.0,2024-08-30,WR,1,2026-07-26T23:25:48.407461+00:00,,,,
expert,fantasypros_ecr,2024,00-0036973,Travis Etienne Jr.,JAC,19,23.2,8.42,13.0,47.0,2024-08-30,RB,1,2026-07-26T23:25:48.407461+00:00,,,,
expert,fantasypros_ecr,2024,00-0034857,Josh Allen,BUF,20,23.42,6.64,18.0,49.0,2024-08-30,QB,1,2026-07-26T23:25:48.407461+00:00,,,,
expert,fantasypros_ecr,2024,00-0036613,Jaylen Waddle,MIA,21,27.68,7.85,11.0,47.0,2024-08-30,WR,1,2026-07-26T23:25:48.407461+00:00,,,,
expert,fantasypros_ecr,2024,00-0036389,Jalen Hurts,PHI,22,27.87,6.89,18.0,54.0,2024-08-30,QB,1,2026-07-26T23:25:48.407461+00:00,,,,
expert,fantasypros_ecr,2024,00-0033908,Cooper Kupp,LAR,23,29.0,10.15,10.0,64.0,2024-08-30,WR,1,2026-07-26T23:25:48.407461+00:00,,,,
expert,fantasypros_ecr,2024,00-0036252,Michael Pittman Jr.,IND,24,29.07,10.71,12.0,62.0,2024-08-30,WR,1,2026-07-26T23:25:48.407461+00:00,,,,
expert,fantasypros_ecr,2024,00-0031408,Mike Evans,TB,25,29.36,7.82,12.0,62.0,2024-08-30,WR,1,2026-07-26T23:25:48.407461+00:00,,,,
expert,fantasypros_ecr,2024,00-0036554,Nico Collins,HOU,26,29.86,10.2,12.0,78.0,2024-08-30,WR,1,2026-07-26T23:25:48.407461+00:00,,,,
expert,fantasypros_ecr,2024,00-0039065,Sam LaPorta,DET,27,30.36,10.72,22.0,81.0,2024-08-30,TE,1,2026-07-26T23:25:48.407461+00:00,,,,
expert,fantasypros_ecr,2024,00-0037197,Isiah Pacheco,KC,28,30.91,9.95,11.0,52.0,2024-08-30,RB,1,2026-07-26T23:25:48.407461+00:00,,,,
expert,fantasypros_ecr,2024,00-0039040,De'Von Achane,MIA,29,31.66,12.55,11.0,67.0,2024-08-30,RB,1,2026-07-26T23:25:48.407461+00:00,,,,
expert,fantasypros_ecr,2024,00-0033873,Patrick Mahomes II,KC,30,32.21,7.5,18.0,54.0,2024-08-30,QB,1,2026-07-26T23:25:48.407461+00:00,,,,
expert,fantasypros_ecr,2024,00-0036261,Brandon Aiyuk,SF,31,32.46,9.66,12.0,65.0,2024-08-30,WR,1,2026-07-26T23:25:48.407461+00:00,,,,
expert,fantasypros_ecr,2024,00-0030506,Travis Kelce,KC,32,32.52,12.18,23.0,76.0,2024-08-30,TE,1,2026-07-26T23:25:48.407461+00:00,,,,
expert,fantasypros_ecr,2024,00-0037840,Kyren Williams,LAR,33,32.86,13.12,13.0,67.0,2024-08-30,RB,1,2026-07-26T23:25:48.407461+00:00,,,,
expert,fantasypros_ecr,2024,00-0034796,Lamar Jackson,BAL,34,34.4,6.98,18.0,54.0,2024-08-30,QB,1,2026-07-26T23:25:48.407461+00:00,,,,
expert,fantasypros_ecr,2024,00-0032764,Derrick Henry,BAL,35,34.55,11.92,13.0,69.0,2024-08-30,RB,1,2026-07-26T23:25:48.407461+00:00,,,,
expert,fantasypros_ecr,2024,00-0035719,Deebo Samuel Sr.,SF,36,34.87,9.31,12.0,62.0,2024-08-30,WR,1,2026-07-26T23:25:48.407461+00:00,,,,
expert,fantasypros_ecr,2024,00-0036912,DeVonta Smith,PHI,37,36.59,6.53,21.0,56.0,2024-08-30,WR,1,2026-07-26T23:25:48.407461+00:00,,,,
expert,fantasypros_ecr,2024,00-0034827,DJ Moore,CHI,38,36.66,8.26,12.0,62.0,2024-08-30,WR,1,2026-07-26T23:25:48.407461+00:00,,,,
expert,fantasypros_ecr,2024,00-0035640,DK Metcalf,SEA,39,36.82,7.56,22.0,54.0,2024-08-30,WR,1,2026-07-26T23:25:48.407461+00:00,,,,
expert,fantasypros_ecr,2024,00-0039337,Malik Nabers,NYG,40,38.8,11.6,15.0,83.0,2024-08-30,WR,1,2026-07-26T23:25:48.407461+00:00,,,,
expert,fantasypros_ecr,2024,00-0035700,Josh Jacobs,GB,41,39.48,11.3,17.0,67.0,2024-08-30,RB,1,2026-07-26T23:25:48.407461+00:00,,,,
expert,fantasypros_ecr,2024,00-0037256,Rachaad White,TB,42,40.46,11.78,20.0,70.0,2024-08-30,RB,1,2026-07-26T23:25:48.407461+00:00,,,,
expert,fantasypros_ecr,2024,00-0033906,Alvin Kamara,NO,43,40.7,16.78,16.0,77.0,2024-08-30,RB,1,2026-07-26T23:25:48.407461+00:00,,,,
expert,fantasypros_ecr,2024,00-0037248,James Cook,BUF,44,43.93,9.71,17.0,71.0,2024-08-30,RB,1,2026-07-26T23:25:48.407461+00:00,,,,
expert,fantasypros_ecr,2024,00-0031588,Stefon Diggs,HOU,45,46.45,13.93,20.0,83.0,2024-08-30,WR,1,2026-07-26T23:25:48.407461+00:00,,,,
expert,fantasypros_ecr,2024,00-0031544,Amari Cooper,CLE,46,46.9,7.76,23.0,65.0,2024-08-30,WR,1,2026-07-26T23:25:48.407461+00:00,,,,
expert,fantasypros_ecr,2024,00-0033897,Joe Mixon,HOU,47,49.04,7.73,32.0,77.0,2024-08-30,RB,1,2026-07-26T23:25:48.407461+00:00,,,,
expert,fantasypros_ecr,2024,00-0038134,Kenneth Walker III,SEA,48,50.46,7.99,23.0,69.0,2024-08-30,RB,1,2026-07-26T23:25:48.407461+00:00,,,,
expert,fantasypros_ecr,2024,00-0037744,Trey McBride,ARI,49,51.8,16.31,23.0,97.0,2024-08-30,TE,1,2026-07-26T23:25:48.407461+00:00,,,,
expert,fantasypros_ecr,2024,00-0039067,Rashee Rice,KC,50,52.28,16.27,15.0,102.0,2024-08-30,WR,1,2026-07-26T23:25:48.407461+00:00,,,,
expert,fantasypros_ecr,2024,00-0039164,Anthony Richardson,IND,51,52.77,10.61,29.0,86.0,2024-08-30,QB,1,2026-07-26T23:25:48.407461+00:00,,,,
expert,fantasypros_ecr,2024,00-0035659,Terry McLaurin,WAS,52,52.97,10.61,30.0,71.0,2024-08-30,WR,1,2026-07-26T23:25:48.407461+00:00,,,,
expert,fantasypros_ecr,2024,00-0039064,Zay Flowers,BAL,53,53.22,10.82,30.0,93.0,2024-08-30,WR,1,2026-07-26T23:25:48.407461+00:00,,,,
expert,fantasypros_ecr,2024,00-0036410,Tee Higgins,CIN,54,54.02,9.2,32.0,83.0,2024-08-30,WR,1,2026-07-26T23:25:48.407461+00:00,,,,
expert,fantasypros_ecr,2024,00-0039163,C.J. Stroud,HOU,55,54.22,9.08,26.0,84.0,2024-08-30,QB,1,2026-07-26T23:25:48.407461+00:00,,,,
expert,fantasypros_ecr,2024,00-0035228,Kyler Murray,ARI,56,57.02,9.72,34.0,86.0,2024-08-30,QB,1,2026-07-26T23:25:48.407461+00:00,,,,
expert,fantasypros_ecr,2024,00-0037247,George Pickens,PIT,57,58.1,12.78,34.0,108.0,2024-08-30,WR,1,2026-07-26T23:25:48.407461+00:00,,,,
expert,fantasypros_ecr,2024,00-0034775,Christian Kirk,JAC,58,59.41,12.02,36.0,94.0,2024-08-30,WR,1,2026-07-26T23:25:48.407461+00:00,,,,
expert,fantasypros_ecr,2024,00-0038977,Tank Dell,HOU,59,60.61,13.0,42.0,106.0,2024-08-30,WR,1,2026-07-26T23:25:48.407461+00:00,,,,
expert,fantasypros_ecr,2024,00-0034753,Mark Andrews,BAL,60,61.61,17.55,25.0,97.0,2024-08-30,TE,1,2026-07-26T23:25:48.407461+00:00,,,,
expert,fantasypros_ecr,2024,00-0036442,Joe Burrow,CIN,61,62.5,10.32,46.0,125.0,2024-08-30,QB,1,2026-07-26T23:25:48.407461+00:00,,,,
expert,fantasypros_ecr,2024,00-0033553,James Conner,ARI,62,62.7,10.47,27.0,88.0,2024-08-30,RB,1,2026-07-26T23:25:48.407461+00:00,,,,
expert,fantasypros_ecr,2024,00-0033293,Aaron Jones,MIN,63,63.12,8.96,36.0,91.0,2024-08-30,RB,1,2026-07-26T23:25:48.407461+00:00,,,,
expert,fantasypros_ecr,2024,00-0033921,Chris Godwin,TB,64,63.42,12.31,35.0,94.0,2024-08-30,WR,1,2026-07-26T23:25:48.407461+00:00,,,,
expert,fantasypros_ecr,2024,00-0036875,Rhamondre Stevenson,NE,65,63.65,10.11,32.0,99.0,2024-08-30,RB,1,2026-07-26T23:25:48.407461+00:00,,,,
expert,fantasypros_ecr,2024,00-0033077,Dak Prescott,DAL,66,65.47,12.64,34.0,106.0,2024-08-30,QB,1,2026-07-26T23:25:48.407461+00:00,,,,
expert,fantasypros_ecr,2024,00-0038933,Dalton Kincaid,BUF,67,65.76,15.77,29.0,99.0,2024-08-30,TE,1,2026-07-26T23:25:48.407461+00:00,,,,
expert,fantasypros_ecr,2024,00-0035216,Diontae Johnson,CAR,68,68.04,12.25,37.0,94.0,2024-08-30,WR,1,2026-07-26T23:25:48.407461+00:00,,,,
expert,fantasypros_ecr,2024,00-0030279,Keenan Allen,CHI,69,68.66,14.78,26.0,111.0,2024-08-30,WR,1,2026-07-26T23:25:48.407461+00:00,,,,
expert,fantasypros_ecr,2024,00-0036264,Jordan Love,GB,70,69.03,8.79,51.0,91.0,2024-08-30,QB,1,2026-07-26T23:25:48.407461+00:00,,,,
expert,fantasypros_ecr,2024,00-0035685,David Montgomery,DET,71,69.31,9.12,48.0,95.0,2024-08-30,RB,1,2026-07-26T23:25:48.407461+00:00,,,,
expert,fantasypros_ecr,2024,00-0034837,Calvin Ridley,TEN,72,71.92,12.92,38.0,108.0,2024-08-30,WR,1,2026-07-26T23:25:48.407461+00:00,,,,
expert,fantasypros_ecr,2024,00-0036275,D'Andre Swift,CHI,73,73.37,9.88,50.0,101.0,2024-08-30,RB,1,2026-07-26T23:25:48.407461+00:00,,,,
expert,fantasypros_ecr,2024,00-0036893,Najee Harris,PIT,74,74.07,9.33,45.0,100.0,2024-08-30,RB,1,2026-07-26T23:25:48.407461+00:00,,,,
expert,fantasypros_ecr,2024,00-0036997,Javonte Williams,DEN,75,76.13,13.56,40.0,116.0,2024-08-30,RB,1,2026-07-26T23:25:48.407461+00:00,,,,
expert,fantasypros_ecr,2024,00-0039910,Jayden Daniels,WAS,76,77.19,13.24,54.0,126.0,2024-08-30,QB,1,2026-07-26T23:25:48.407461+00:00,,,,
expert,fantasypros_ecr,2024,00-0033881,Evan Engram,JAC,77,78.86,11.23,49.0,100.0,2024-08-30,TE,1,2026-07-26T23:25:48.407461+00:00,,,,
expert,fantasypros_ecr,2024,00-0038040,Zamir White,LV,78,79.7,13.51,52.0,116.0,2024-08-30,RB,1,2026-07-26T23:25:48.407461+00:00,,,,
expert,fantasypros_ecr,2024,00-0031687,Raheem Mostert,MIA,79,80.42,14.02,48.0,119.0,2024-08-30,RB,1,2026-07-26T23:25:48.407461+00:00,,,,
expert,fantasypros_ecr,2024,00-0035261,Tony Pollard,TEN,80,81.86,12.42,55.0,116.0,2024-08-30,RB,1,2026-07-26T23:25:48.407461+00:00,,,,
expert,fantasypros_ecr,2024,00-0037834,Brock Purdy,SF,81,82.85,10.07,58.0,126.0,2024-08-30,QB,1,2026-07-26T23:25:48.407461+00:00,,,,
expert,fantasypros_ecr,2024,00-0036970,Kyle Pitts,ATL,82,83.95,13.92,38.0,108.0,2024-08-30,TE,1,2026-07-26T23:25:48.407461+00:00,,,,
expert,fantasypros_ecr,2024,00-0039146,Jayden Reed,GB,83,84.5,14.13,47.0,125.0,2024-08-30,WR,1,2026-07-26T23:25:48.407461+00:00,,,,
expert,fantasypros_ecr,2024,00-0038543,Jaxon Smith-Njigba,SEA,84,85.05,14.53,35.0,125.0,2024-08-30,WR,1,2026-07-26T23:25:48.407461+00:00,,,,
expert,fantasypros_ecr,2024,00-0037746,Brian Robinson Jr.,WAS,85,87.91,12.56,67.0,126.0,2024-08-30,RB,1,2026-07-26T23:25:48.407461+00:00,,,,
expert,fantasypros_ecr,2024,00-0037228,Jaylen Warren,PIT,86,87.96,15.61,58.0,132.0,2024-08-30,RB,1,2026-07-26T23:25:48.407461+00:00,,,,
expert,fantasypros_ecr,2024,00-0033288,George Kittle,SF,87,89.04,10.14,51.0,100.0,2024-08-30,TE,1,2026-07-26T23:25:48.407461+00:00,,,,
expert,fantasypros_ecr,2024,00-0039918,Caleb Williams,CHI,88,89.54,13.19,54.0,128.0,2024-08-30,QB,1,2026-07-26T23:25:48.407461+00:00,,,,
expert,fantasypros_ecr,2024,00-0036212,Tua Tagovailoa,MIA,89,91.76,10.41,70.0,121.0,2024-08-30,QB,1,2026-07-26T23:25:48.407461+00:00,,,,
expert,fantasypros_ecr,2024,00-0039032,Tyjae Spears,TEN,90,92.62,13.76,67.0,127.0,2024-08-30,RB,1,2026-07-26T23:25:48.407461+00:00,,,,
expert,fantasypros_ecr,2024,00-0035250,Devin Singletary,NYG,91,93.03,13.84,70.0,129.0,2024-08-30,RB,1,2026-07-26T23:25:48.407461+00:00,,,,
expert,fantasypros_ecr,2024,00-0030564,DeAndre Hopkins,TEN,92,94.1,13.82,53.0,139.0,2024-08-30,WR,1,2026-07-26T23:25:48.407461+00:00,,,,
expert,fantasypros_ecr,2024,00-0033106,Jared Goff,DET,93,94.42,11.68,61.0,127.0,2024-08-30,QB,1,2026-07-26T23:25:48.407461+00:00,,,,
expert,fantasypros_ecr,2024,00-0038041,Jake Ferguson,DAL,94,95.74,8.68,62.0,114.0,2024-08-30,TE,1,2026-07-26T23:25:48.407461+00:00,,,,
expert,fantasypros_ecr,2024,00-0039919,Rome Odunze,CHI,95,97.66,20.78,65.0,170.0,2024-08-30,WR,1,2026-07-26T23:25:48.407461+00:00,,,,
expert,fantasypros_ecr,2024,00-0036971,Trevor Lawrence,JAC,96,97.9,12.85,73.0,136.0,2024-08-30,QB,1,2026-07-26T23:25:48.407461+00:00,,,,
expert,fantasypros_ecr,2024,00-0034348,Courtland Sutton,DEN,97,98.35,13.68,65.0,134.0,2024-08-30,WR,1,2026-07-26T23:25:48.407461+00:00,,,,
expert,fantasypros_ecr,2024,00-0033885,David Njoku,CLE,98,98.5,6.47,76.0,116.0,2024-08-30,TE,1,2026-07-26T23:25:48.407461+00:00,,,,
expert,fantasypros_ecr,2024,00-0039894,Xavier Worthy,KC,99,101.62,24.72,60.0,198.0,2024-08-30,WR,1,2026-07-26T23:25:48.407461+00:00,,,,
expert,fantasypros_ecr,2024,00-0038597,Chase Brown,CIN,100,103.21,17.81,70.0,162.0,2024-08-30,RB,1,2026-07-26T23:25:48.407461+00:00,,,,
expert,fantasypros_ecr,2024,00-0039915,Ladd McConkey,LAC,101,104.13,24.13,65.0,223.0,2024-08-30,WR,1,2026-07-26T23:25:48.407461+00:00,,,,
expert,fantasypros_ecr,2024,00-0033699,Austin Ekeler,WAS,102,104.54,16.89,67.0,148.0,2024-08-30,RB,1,2026-07-26T23:25:48.407461+00:00,,,,
expert,fantasypros_ecr,2024,00-0039338,Brock Bowers,LV,103,105.32,11.6,78.0,157.0,2024-08-30,TE,1,2026-07-26T23:25:48.407461+00:00,,,,
expert,fantasypros_ecr,2024,00-0038124,Christian Watson,GB,104,105.38,18.04,61.0,153.0,2024-08-30,WR,1,2026-07-26T23:25:48.407461+00:00,,,,
expert,fantasypros_ecr,2024,00-0039893,Brian Thomas Jr.,JAC,105,106.22,24.47,63.0,257.0,2024-08-30,WR,1,2026-07-26T23:25:48.407461+00:00,,,,
expert,fantasypros_ecr,2024,00-0036251,Zack Moss,CIN,106,106.48,16.14,69.0,148.0,2024-08-30,RB,1,2026-07-26T23:25:48.407461+00:00,,,,
expert,fantasypros_ecr,2024,00-0035662,Marquise Brown,KC,107,106.97,18.98,55.0,156.0,2024-08-30,WR,1,2026-07-26T23:25:48.407461+00:00,,,,
expert,fantasypros_ecr,2024,00-0038994,Jordan Addison,MIN,108,107.13,17.13,63.0,152.0,2024-08-30,WR,1,2026-07-26T23:25:48.407461+00:00,,,,
expert,fantasypros_ecr,2024,00-0034351,Dallas Goedert,PHI,109,107.2,7.94,94.0,143.0,2024-08-30,TE,1,2026-07-26T23:25:48.407461+00:00,,,,
expert,fantasypros_ecr,2024,00-0029604,Kirk Cousins,ATL,110,109.56,12.48,58.0,149.0,2024-08-30,QB,1,2026-07-26T23:25:48.407461+00:00,,,,
expert,fantasypros_ecr,2024,00-0036355,Justin Herbert,LAC,111,110.8,12.76,75.0,144.0,2024-08-30,QB,1,2026-07-26T23:25:48.407461+00:00,,,,
expert,fantasypros_ecr,2024,00-0037267,Jerome Ford,CLE,112,112.19,16.51,72.0,152.0,2024-08-30,RB,1,2026-07-26T23:25:48.407461+00:00,,,,
expert,fantasypros_ecr,2024,00-0039344,Jonathon Brooks,CAR,113,112.22,22.66,64.0,200.0,2024-08-30,RB,1,2026-07-26T23:25:48.407461+00:00,,,,
expert,fantasypros_ecr,2024,00-0026498,Matthew Stafford,LAR,114,114.65,9.48,85.0,147.0,2024-08-30,QB,1,2026-07-26T23:25:48.407461+00:00,,,,
expert,fantasypros_ecr,2024,00-0032211,Tyler Lockett,SEA,115,116.94,17.68,83.0,165.0,2024-08-30,WR,1,2026-07-26T23:25:48.407461+00:00,,,,
expert,fantasypros_ecr,2024,00-0036894,Pat Freiermuth,PIT,116,119.97,20.81,97.0,228.0,2024-08-30,TE,1,2026-07-26T23:25:48.407461+00:00,,,,
expert,fantasypros_ecr,2024,00-0034960,Jakobi Meyers,LV,117,120.03,13.34,87.0,156.0,2024-08-30,WR,1,2026-07-26T23:25:48.407461+00:00,,,,
expert,fantasypros_ecr,2024,00-0037240,Jameson Williams,DET,118,121.74,18.47,70.0,167.0,2024-08-30,WR,1,2026-07-26T23:25:48.407461+00:00,,,,
expert,fantasypros_ecr,2024,00-0034383,Dalton Schultz,HOU,119,122.02,14.7,103.0,183.0,2024-08-30,TE,1,2026-07-26T23:25:48.407461+00:00,,,,
expert,fantasypros_ecr,2024,00-0034184,Gus Edwards,LAC,120,122.66,13.25,88.0,155.0,2024-08-30,RB,1,2026-07-26T23:25:48.407461+00:00,,,,
expert,fantasypros_ecr,2024,00-0039901,Keon Coleman,BUF,121,123.36,22.26,65.0,183.0,2024-08-30,WR,1,2026-07-26T23:25:48.407461+00:00,,,,
expert,fantasypros_ecr,2024,00-0023459,Aaron Rodgers,NYJ,122,124.71,16.12,86.0,192.0,2024-08-30,QB,1,2026-07-26T23:25:48.407461+00:00,,,,
expert,fantasypros_ecr,2024,00-0036988,Joshua Palmer,LAC,123,125.41,20.96,75.0,182.0,2024-08-30,WR,1,2026-07-26T23:25:48.407461+00:00,,,,
expert,fantasypros_ecr,2024,00-0033045,Ezekiel Elliott,DAL,124,126.91,18.63,79.0,221.0,2024-08-30,RB,1,2026-07-26T23:25:48.407461+00:00,,,,
expert,fantasypros_ecr,2024,00-0033537,Deshaun Watson,CLE,125,129.97,18.27,103.0,216.0,2024-08-30,QB,1,2026-07-26T23:25:48.407461+00:00,,,,
expert,fantasypros_ecr,2024,00-0039165,Zach Charbonnet,SEA,126,130.02,11.69,92.0,162.0,2024-08-30,RB,1,2026-07-26T23:25:48.407461+00:00,,,,
expert,fantasypros_ecr,2024,00-0037816,Romeo Doubs,GB,127,130.72,18.43,90.0,198.0,2024-08-30,WR,1,2026-07-26T23:25:48.407461+00:00,,,,
expert,fantasypros_ecr,2024,00-0036555,Chuba Hubbard,CAR,128,131.09,14.83,92.0,176.0,2024-08-30,RB,1,2026-07-26T23:25:48.407461+00:00,,,,
expert,fantasypros_ecr,2024,00-0034791,Nick Chubb,CLE,129,132.09,20.13,67.0,191.0,2024-08-30,RB,1,2026-07-26T23:25:48.407461+00:00,,,,
expert,fantasypros_ecr,2024,00-0030565,Geno Smith,SEA,130,132.49,17.36,106.0,200.0,2024-08-30,QB,1,2026-07-26T23:25:48.407461+00:00,,,,
expert,fantasypros_ecr,2024,00-0037261,Khalil Shakir,BUF,131,134.02,24.56,80.0,232.0,2024-08-30,WR,1,2026-07-26T23:25:48.407461+00:00,,,,
expert,fantasypros_ecr,2024,00-0034855,Baker Mayfield,TB,132,135.17,16.51,107.0,244.0,2024-08-30,QB,1,2026-07-26T23:25:48.407461+00:00,,,,
expert,fantasypros_ecr,2024,00-0035229,T.J. Hockenson,MIN,133,135.57,29.23,100.0,261.0,2024-08-30,TE,1,2026-07-26T23:25:48.407461+00:00,,,,
expert,fantasypros_ecr,2024,00-0039738,Blake Corum,LAR,134,136.03,17.79,89.0,232.0,2024-08-30,RB,1,2026-07-26T23:25:48.407461+00:00,,,,
expert,fantasypros_ecr,2024,00-0033282,Curtis Samuel,BUF,135,136.25,21.0,94.0,198.0,2024-08-30,WR,1,2026-07-26T23:25:48.407461+00:00,,,,
expert,fantasypros_ecr,2024,00-0039921,Trey Benson,ARI,136,139.76,14.1,92.0,173.0,2024-08-30,RB,1,2026-07-26T23:25:48.407461+00:00,,,,
expert,fantasypros_ecr,2024,00-0037545,Rashid Shaheed,NO,137,139.91,17.94,94.0,194.0,2024-08-30,WR,1,2026-07-26T23:25:48.407461+00:00,,,,
expert,fantasypros_ecr,2024,00-0031236,Brandin Cooks,DAL,138,140.39,18.14,89.0,180.0,2024-08-30,WR,1,2026-07-26T23:25:48.407461+00:00,,,,
expert,fantasypros_ecr,2024,00-0036139,Rico Dowdle,DAL,139,141.58,22.39,97.0,239.0,2024-08-30,RB,1,2026-07-26T23:25:48.407461+00:00,,,,
expert,fantasypros_ecr,2024,00-0038794,Jaleel McLaughlin,DEN,140,141.95,17.84,89.0,214.0,2024-08-30,RB,1,2026-07-26T23:25:48.407461+00:00,,,,
expert,fantasypros_ecr,2024,00-0033536,Mike Williams,NYJ,141,144.24,21.03,95.0,210.0,2024-08-30,WR,1,2026-07-26T23:25:48.407461+00:00,,,,
expert,fantasypros_ecr,2024,00-0039144,Luke Musgrave,GB,142,146.13,22.67,103.0,257.0,2024-08-30,TE,1,2026-07-26T23:25:48.407461+00:00,,,,
expert,fantasypros_ecr,2024,00-0039152,Will Levis,TEN,143,146.32,18.15,118.0,244.0,2024-08-30,QB,1,2026-07-26T23:25:48.407461+00:00,,,,
expert,fantasypros_ecr,2024,00-0036328,Antonio Gibson,NE,144,146.68,17.86,119.0,218.0,2024-08-30,RB,1,2026-07-26T23:25:48.407461+00:00,,,,
expert,fantasypros_ecr,2024,00-0036158,J.K. Dobbins,LAC,145,146.77,24.39,86.0,240.0,2024-08-30,RB,1,2026-07-26T23:25:48.407461+00:00,,,,
expert,fantasypros_ecr,2024,00-0036407,Jerry Jeudy,CLE,146,147.32,17.75,71.0,186.0,2024-08-30,WR,1,2026-07-26T23:25:48.407461+00:00,,,,
expert,fantasypros_ecr,2024,00-0037276,Ty Chandler,MIN,147,148.5,18.09,119.0,265.0,2024-08-30,RB,1,2026-07-26T23:25:48.407461+00:00,,,,
expert,fantasypros_ecr,2024,00-0038997,Josh Downs,IND,148,149.0,23.84,98.0,232.0,2024-08-30,WR,1,2026-07-26T23:25:48.407461+00:00,,,,
expert,fantasypros_ecr,2024,00-0037263,Tyler Allgeier,ATL,149,149.39,12.51,116.0,221.0,2024-08-30,RB,1,2026-07-26T23:25:48.407461+00:00,,,,
expert,fantasypros_ecr,2024,00-0036290,Cole Kmet,CHI,150,152.2,32.87,100.0,258.0,2024-08-30,TE,1,2026-07-26T23:25:48.407461+00:00,,,,
expert,fantasypros_ecr,2024,00-0033090,Hunter Henry,NE,151,154.94,25.53,111.0,253.0,2024-08-30,TE,1,2026-07-26T23:25:48.407461+00:00,,,,
expert,fantasypros_ecr,2024,00-0030035,Adam Thielen,CAR,152,158.92,25.95,91.0,234.0,2024-08-30,WR,1,2026-07-26T23:25:48.407461+00:00,,,,
expert,fantasypros_ecr,2024,00-0036196,Gabe Davis,JAC,153,161.56,20.43,83.0,207.0,2024-08-30,WR,1,2026-07-26T23:25:48.407461+00:00,,,,
expert,fantasypros_ecr,2024,00-0038393,Dontayvion Wicks,GB,154,164.95,31.76,103.0,343.0,2024-08-30,WR,1,2026-07-26T23:25:48.407461+00:00,,,,
expert,fantasypros_ecr,2024,00-0034270,Tyler Conklin,NYJ,155,165.72,36.79,113.0,276.0,2024-08-30,TE,1,2026-07-26T23:25:48.407461+00:00,,,,
expert,fantasypros_ecr,2024,00-0038621,DeMario Douglas,NE,156,167.26,20.46,109.0,225.0,2024-08-30,WR,1,2026-07-26T23:25:48.407461+00:00,,,,
expert,fantasypros_ecr,2024,00-0039875,Ray Davis,BUF,157,168.77,32.2,122.0,313.0,2024-08-30,RB,1,2026-07-26T23:25:48.407461+00:00,,,,
expert,fantasypros_ecr,2024,00-0039890,Adonai Mitchell,IND,158,169.98,24.49,115.0,259.0,2024-08-30,WR,1,2026-07-26T23:25:48.407461+00:00,,,,
expert,fantasypros_ecr,2024,00-0039874,Jaylen Wright,MIA,159,171.22,36.42,120.0,321.0,2024-08-30,RB,1,2026-07-26T23:25:48.407461+00:00,,,,
expert,fantasypros_ecr,2024,00-0039907,Ja'Lynn Polk,NE,160,171.52,29.2,112.0,267.0,2024-08-30,WR,1,2026-07-26T23:25:48.407461+00:00,,,,
expert,fantasypros_ecr,2024,00-0039811,MarShawn Lloyd,GB,161,172.03,30.88,132.0,317.0,2024-08-30,RB,1,2026-07-26T23:25:48.407461+00:00,,,,
expert,fantasypros_ecr,2024,00-0031280,Derek Carr,NO,162,172.94,34.5,127.0,287.0,2024-08-30,QB,1,2026-07-26T23:25:48.407461+00:00,,,,
expert,fantasypros_ecr,2024,00-0036309,Darnell Mooney,ATL,163,173.76,23.75,118.0,238.0,2024-08-30,WR,1,2026-07-26T23:25:48.407461+00:00,,,,
expert,fantasypros_ecr,2024,00-0035710,Daniel Jones,NYG,164,173.92,36.27,115.0,284.0,2024-08-30,QB,1,2026-07-26T23:25:48.407461+00:00,,,,
expert,fantasypros_ecr,2024,00-0036906,Khalil Herbert,CHI,165,173.93,28.79,119.0,267.0,2024-08-30,RB,1,2026-07-26T23:25:48.407461+00:00,,,,
expert,fantasypros_ecr,2024,00-0038559,Michael Wilson,ARI,166,176.57,19.44,122.0,223.0,2024-08-30,WR,1,2026-07-26T23:25:48.407461+00:00,,,,
expert,fantasypros_ecr,2024,00-0039150,Bryce Young,CAR,167,178.33,35.09,127.0,278.0,2024-08-30,QB,1,2026-07-26T23:25:48.407461+00:00,,,,
expert,fantasypros_ecr,2024,00-0038129,Cade Otton,TB,168,178.57,27.68,126.0,258.0,2024-08-30,TE,1,2026-07-26T23:25:48.407461+00:00,,,,
expert,fantasypros_ecr,2024,00-0039361,Bucky Irving,TB,169,179.19,31.63,132.0,316.0,2024-08-30,RB,1,2026-07-26T23:25:48.407461+00:00,,,,
expert,fantasypros_ecr,2024,00-0039021,Roschon Johnson,CHI,170,179.8,28.58,124.0,286.0,2024-08-30,RB,1,2026-07-26T23:25:48.407461+00:00,,,,
expert,fantasypros_ecr,2024,00-0033357,Taysom Hill,NO,171,181.28,56.58,110.0,575.0,2024-08-30,TE,1,2026-07-26T23:25:48.407461+00:00,,,,
expert,fantasypros_ecr,2024,00-0038117,Wan'Dale Robinson,NYG,172,183.09,21.92,114.0,241.0,2024-08-30,WR,1,2026-07-26T23:25:48.407461+00:00,,,,
expert,fantasypros_ecr,2024,00-0037741,Jahan Dotson,PHI,173,183.51,36.01,106.0,269.0,2024-08-30,WR,1,2026-07-26T23:25:48.407461+00:00,,,,
expert,fantasypros_ecr,2024,00-0036550,Rashod Bateman,BAL,174,185.03,22.89,121.0,243.0,2024-08-30,WR,1,2026-07-26T23:25:48.407461+00:00,,,,
expert,fantasypros_ecr,2024,00-0034869,Sam Darnold,MIN,175,185.9,50.46,127.0,323.0,2024-08-30,QB,1,2026-07-26T23:25:48.407461+00:00,,,,
expert,fantasypros_ecr,2024,00-0035644,Noah Fant,SEA,176,188.9,37.91,114.0,299.0,2024-08-30,TE,1,2026-07-26T23:25:48.407461+00:00,,,,
expert,fantasypros_ecr,2024,00-0029597,Justin Tucker,BAL,177,189.83,4.98,172.0,219.0,2024-08-30,K,1,2026-07-26T23:25:48.407461+00:00,,,,
expert,fantasypros_ecr,2024,00-0039794,Braelon Allen,NYJ,178,191.75,32.5,143.0,299.0,2024-08-30,RB,1,2026-07-26T23:25:48.407461+00:00,,,,
expert,fantasypros_ecr,2024,00-0037692,Brandon Aubrey,DAL,179,192.21,9.84,175.0,284.0,2024-08-30,K,1,2026-07-26T23:25:48.407461+00:00,,,,
expert,fantasypros_ecr,2024,00-0039342,Xavier Legette,CAR,180,193.38,26.05,139.0,288.0,2024-08-30,WR,1,2026-07-26T23:25:48.407461+00:00,,,,
expert,fantasypros_ecr,2024,00-0033303,Harrison Butker,KC,181,196.94,6.95,186.0,237.0,2024-08-30,K,1,2026-07-26T23:25:48.407461+00:00,,,,
expert,fantasypros_ecr,2024,00-0038976,Marvin Mims Jr.,DEN,182,199.38,26.58,153.0,285.0,2024-08-30,WR,1,2026-07-26T23:25:48.407461+00:00,,,,
expert,fantasypros_ecr,2024,00-0036040,Juwan Johnson,NO,183,203.61,36.55,126.0,311.0,2024-08-30,TE,1,2026-07-26T23:25:48.407461+00:00,,,,
expert,fantasypros_ecr,2024,00-0034794,Jason Sanders,MIA,184,204.04,9.26,186.0,236.0,2024-08-30,K,1,2026-07-26T23:25:48.407461+00:00,,,,
expert,fantasypros_ecr,2024,00-0038551,Kendre Miller,NO,185,204.39,47.51,137.0,344.0,2024-08-30,RB,1,2026-07-26T23:25:48.407461+00:00,,,,
expert,fantasypros_ecr,2024,00-0039732,Bo Nix,DEN,186,204.97,46.68,133.0,313.0,2024-08-30,QB,1,2026-07-26T23:25:48.407461+00:00,,,,
expert,fantasypros_ecr,2024,00-0032726,Ka'imi Fairbairn,HOU,187,205.27,12.79,191.0,302.0,2024-08-30,K,1,2026-07-26T23:25:48.407461+00:00,,,,
expert,fantasypros_ecr,2024,00-0037809,Chigoziem Okonkwo,TEN,188,207.8,37.53,123.0,306.0,2024-08-30,TE,1,2026-07-26T23:25:48.407461+00:00,,,,
expert,fantasypros_ecr,2024,00-0039916,Ricky Pearsall,SF,189,209.23,25.39,148.0,291.0,2024-08-30,WR,1,2026-07-26T23:25:48.407461+00:00,,,,
expert,fantasypros_ecr,2024,00-0032775,Demarcus Robinson,LAR,190,209.54,35.9,135.0,330.0,2024-08-30,WR,1,2026-07-26T23:25:48.407461+00:00,,,,
expert,fantasypros_ecr,2024,00-0038544,Quentin Johnston,LAC,191,209.6,35.69,128.0,321.0,2024-08-30,WR,1,2026-07-26T23:25:48.407461+00:00,,,,
expert,fantasypros_ecr,2024,00-0033787,Jake Elliott,PHI,192,210.2,15.64,187.0,335.0,2024-08-30,K,1,2026-07-26T23:25:48.407461+00:00,,,,
expert,fantasypros_ecr,2024,00-0039384,Tyrone Tracy Jr.,NYG,193,210.48,46.29,134.0,322.0,2024-08-30,RB,1,2026-07-26T23:25:48.407461+00:00,,,,
expert,fantasypros_ecr,2024,00-0038562,Jake Moody,SF,194,210.59,10.49,189.0,255.0,2024-08-30,K,1,2026-07-26T23:25:48.407461+00:00,,,,
expert,fantasypros_ecr,2024,00-0039391,Kimani Vidal,LAC,195,210.74,43.49,132.0,315.0,2024-08-30,RB,1,2026-07-26T23:25:48.407461+00:00,,,,
expert,fantasypros_ecr,2024,00-0037838,Isaiah Likely,BAL,196,212.12,34.5,130.0,299.0,2024-08-30,TE,1,2026-07-26T23:25:48.407461+00:00,,,,
expert,fantasypros_ecr,2024,00-0036162,Tyler Bass,BUF,197,212.65,8.9,194.0,242.0,2024-08-30,K,1,2026-07-26T23:25:48.407461+00:00,,,,
expert,fantasypros_ecr,2024,00-0034972,Alexander Mattison,LV,198,213.37,32.81,151.0,303.0,2024-08-30,RB,1,2026-07-26T23:25:48.407461+00:00,,,,
expert,fantasypros_ecr,2024,00-0033702,Younghoe Koo,ATL,199,213.83,8.22,195.0,254.0,2024-08-30,K,1,2026-07-26T23:25:48.407461+00:00,,,,
expert,fantasypros_ecr,2024,00-0039810,Jermaine Burton,CIN,200,214.62,33.18,148.0,318.0,2024-08-30,WR,1,2026-07-26T23:25:48.407461+00:00,,,,
expert,fantasypros_ecr,2024,00-0037258,Dameon Pierce,HOU,201,215.42,39.17,148.0,320.0,2024-08-30,RB,1,2026-07-26T23:25:48.407461+00:00,,,,
expert,fantasypros_ecr,2024,00-0029263,Russell Wilson,PIT,202,216.26,46.17,127.0,315.0,2024-08-30,QB,1,2026-07-26T23:25:48.407461+00:00,,,,
expert,fantasypros_ecr,2024,00-0033009,Tyler Boyd,TEN,203,217.14,27.08,127.0,334.0,2024-08-30,WR,1,2026-07-26T23:25:48.407461+00:00,,,,
expert,fantasypros_ecr,2024,00-0033858,Jonnu Smith,MIA,204,219.0,45.82,114.0,429.0,2024-08-30,TE,1,2026-07-26T23:25:48.407461+00:00,,,,
expert,fantasypros_ecr,2024,00-0036980,Elijah Moore,CLE,205,220.45,30.73,130.0,319.0,2024-08-30,WR,1,2026-07-26T23:25:48.407461+00:00,,,,
expert,fantasypros_ecr,2024,00-0036854,Evan McPherson,CIN,206,220.69,10.31,195.0,255.0,2024-08-30,K,1,2026-07-26T23:25:48.407461+00:00,,,,
expert,fantasypros_ecr,2024,00-0039855,Jalen McMillan,TB,207,220.76,33.65,144.0,295.0,2024-08-30,WR,1,2026-07-26T23:25:48.407461+00:00,,,,
expert,fantasypros_ecr,2024,00-0037525,Jordan Mason,SF,208,221.41,60.03,137.0,369.0,2024-08-30,RB,1,2026-07-26T23:25:48.407461+00:00,,,,
expert,fantasypros_ecr,2024,00-0039912,Ben Sinnott,WAS,209,222.31,40.79,129.0,344.0,2024-08-30,TE,1,2026-07-26T23:25:48.407461+00:00,,,,
expert,fantasypros_ecr,2024,00-0039373,Audric Estime,DEN,210,223.18,29.16,158.0,312.0,2024-08-30,RB,1,2026-07-26T23:25:48.407461+00:00,,,,
expert,fantasypros_ecr,2024,00-0034975,Justice Hill,BAL,211,223.7,33.05,154.0,328.0,2024-08-30,RB,1,2026-07-26T23:25:48.407461+00:00,,,,
expert,fantasypros_ecr,2024,00-0038555,Tank Bigsby,JAC,212,224.88,34.43,152.0,295.0,2024-08-30,RB,1,2026-07-26T23:25:48.407461+00:00,,,,
expert,fantasypros_ecr,2024,00-0038938,Jalin Hyatt,NYG,213,225.05,21.86,179.0,309.0,2024-08-30,WR,1,2026-07-26T23:25:48.407461+00:00,,,,
expert,fantasypros_ecr,2024,00-0038402,Anders Carlson,FA,214,225.67,17.93,212.0,251.0,2024-08-30,K,1,2026-07-26T23:25:48.407461+00:00,,,,
expert,fantasypros_ecr,2024,00-0035535,Darius Slayton,NYG,215,226.07,28.65,170.0,375.0,2024-08-30,WR,1,2026-07-26T23:25:48.407461+00:00,,,,
expert,fantasypros_ecr,2024,00-0039739,Roman Wilson,PIT,216,226.6,27.35,135.0,291.0,2024-08-30,WR,1,2026-07-26T23:25:48.407461+00:00,,,,
expert,fantasypros_ecr,2024,00-0036919,Kenneth Gainwell,PHI,217,226.65,29.66,150.0,293.0,2024-08-30,RB,1,2026-07-26T23:25:48.407461+00:00,,,,
expert,fantasypros_ecr,2024,00-0035500,Greg Dortch,ARI,218,227.15,47.2,125.0,421.0,2024-08-30,WR,1,2026-07-26T23:25:48.407461+00:00,,,,
expert,fantasypros_ecr,2024,00-0038996,Tucker Kraft,GB,219,232.81,39.33,140.0,319.0,2024-08-30,TE,1,2026-07-26T23:25:48.407461+00:00,,,,
expert,fantasypros_ecr,2024,00-0030061,Zach Ertz,WAS,220,233.27,43.45,133.0,322.0,2024-08-30,TE,1,2026-07-26T23:25:48.407461+00:00,,,,
expert,fantasypros_ecr,2024,00-0035269,Matt Gay,IND,221,233.46,16.26,203.0,323.0,2024-08-30,K,1,2026-07-26T23:25:48.407461+00:00,,,,
expert,fantasypros_ecr,2024,00-0036360,Clyde Edwards-Helaire,KC,222,234.84,34.69,168.0,398.0,2024-08-30,RB,1,2026-07-26T23:25:48.407461+00:00,,,,
expert,fantasypros_ecr,2024,00-0034829,Mike Gesicki,CIN,223,236.26,29.33,140.0,308.0,2024-08-30,TE,1,2026-07-26T23:25:48.407461+00:00,,,,
expert,fantasypros_ecr,2024,00-0035145,Austin Seibert,FA,224,236.5,12.5,224.0,249.0,2024-08-30,K,1,2026-07-26T23:25:48.407461+00:00,,,,
expert,fantasypros_ecr,2024,00-0039868,Troy Franklin,DEN,225,236.79,33.94,179.0,366.0,2024-08-30,WR,1,2026-07-26T23:25:48.407461+00:00,,,,
expert,fantasypros_ecr,2024,00-0039355,Luke McCaffrey,WAS,226,236.82,44.68,125.0,371.0,2024-08-30,WR,1,2026-07-26T23:25:48.407461+00:00,,,,
expert,fantasypros_ecr,2024,00-0038619,Andrei Iosivas,CIN,227,237.41,34.21,144.0,327.0,2024-08-30,WR,1,2026-07-26T23:25:48.407461+00:00,,,,
expert,fantasypros_ecr,2024,00-0037224,Cameron Dicker,LAC,228,237.73,18.61,212.0,335.0,2024-08-30,K,1,2026-07-26T23:25:48.407461+00:00,,,,
expert,fantasypros_ecr,2024,00-0033948,Jamaal Williams,NO,229,238.87,33.97,154.0,334.0,2024-08-30,RB,1,2026-07-26T23:25:48.407461+00:00,,,,
expert,fantasypros_ecr,2024,00-0039853,Javon Baker,NE,230,239.47,42.17,173.0,373.0,2024-08-30,WR,1,2026-07-26T23:25:48.407461+00:00,,,,
expert,fantasypros_ecr,2024,00-0035243,Miles Sanders,CAR,231,240.35,36.79,159.0,336.0,2024-08-30,RB,1,2026-07-26T23:25:48.407461+00:00,,,,
expert,fantasypros_ecr,2024,00-0030098,Dustin Hopkins,CLE,232,240.39,21.23,208.0,335.0,2024-08-30,K,1,2026-07-26T23:25:48.407461+00:00,,,,
expert,fantasypros_ecr,2024,00-0039920,Malachi Corley,NYJ,233,241.09,35.89,127.0,372.0,2024-08-30,WR,1,2026-07-26T23:25:48.407461+00:00,,,,
expert,fantasypros_ecr,2024,00-0029822,Brandon McManus,FA,234,241.2,36.85,199.0,287.0,2024-08-30,K,1,2026-07-26T23:25:48.407461+00:00,,,,
expert,fantasypros_ecr,2024,00-0037666,Jalen Tolbert,DAL,235,242.22,45.0,139.0,375.0,2024-08-30,WR,1,2026-07-26T23:25:48.407461+00:00,,,,
expert,fantasypros_ecr,2024,00-0039851,Drake Maye,NE,236,243.01,42.66,121.0,321.0,2024-08-30,QB,1,2026-07-26T23:25:48.407461+00:00,,,,
expert,fantasypros_ecr,2024,00-0039172,Jake Bates,DET,237,245.18,38.54,189.0,330.0,2024-08-30,K,1,2026-07-26T23:25:48.407461+00:00,,,,
expert,fantasypros_ecr,2024,00-0031203,Cairo Santos,CHI,238,245.36,13.72,207.0,296.0,2024-08-30,K,1,2026-07-26T23:25:48.407461+00:00,,,,
expert,fantasypros_ecr,2024,00-0034777,DJ Chark Jr.,LAC,239,246.59,28.86,149.0,345.0,2024-08-30,WR,1,2026-07-26T23:25:48.407461+00:00,,,,
expert,fantasypros_ecr,2024,00-0036244,Colby Parkinson,LAR,240,246.67,50.32,133.0,420.0,2024-08-30,TE,1,2026-07-26T23:25:48.407461+00:00,,,,
expert,fantasypros_ecr,2024,00-0033526,Samaje Perine,KC,241,247.24,34.03,143.0,309.0,2024-08-30,RB,1,2026-07-26T23:25:48.407461+00:00,,,,
expert,fantasypros_ecr,2024,00-0031492,Jason Myers,SEA,242,247.28,17.59,200.0,310.0,2024-08-30,K,1,2026-07-26T23:25:48.407461+00:00,,,,
expert,fantasypros_ecr,2024,00-0039649,Brayden Narveson,GB,243,247.33,20.27,227.0,275.0,2024-08-30,K,1,2026-07-26T23:25:48.407461+00:00,,,,
expert,fantasypros_ecr,2024,00-0038454,Keaton Mitchell,BAL,244,247.99,40.43,164.0,346.0,2024-08-30,RB,1,2026-07-26T23:25:48.407461+00:00,,,,
expert,fantasypros_ecr,2024,00-0037252,Greg Dulcich,DEN,245,249.48,37.86,146.0,332.0,2024-08-30,TE,1,2026-07-26T23:25:48.407461+00:00,,,,
expert,fantasypros_ecr,2024,00-0033925,D'Onta Foreman,CLE,246,250.96,39.09,174.0,366.0,2024-08-30,RB,1,2026-07-26T23:25:48.407461+00:00,,,,
expert,fantasypros_ecr,2024,00-0033307,Kendrick Bourne,NE,247,251.02,29.25,173.0,377.0,2024-08-30,WR,1,2026-07-26T23:25:48.407461+00:00,,,,
expert,fantasypros_ecr,2024,00-0039066,Michael Mayer,LV,248,253.37,35.24,137.0,342.0,2024-08-30,TE,1,2026-07-26T23:25:48.407461+00:00,,,,
expert,fantasypros_ecr,2024,00-0039062,Jonathan Mingo,CAR,249,254.78,32.77,156.0,348.0,2024-08-30,WR,1,2026-07-26T23:25:48.407461+00:00,,,,
expert,fantasypros_ecr,2024,00-0039746,Will Shipley,PHI,250,256.02,24.39,190.0,314.0,2024-08-30,RB,1,2026-07-26T23:25:48.407461+00:00,,,,
expert,fantasypros_ecr,2024,00-0031235,Odell Beckham Jr.,MIA,251,256.4,30.19,172.0,366.0,2024-08-30,WR,1,2026-07-26T23:25:48.407461+00:00,,,,
expert,fantasypros_ecr,2024,00-0039407,Dylan Laube,LV,252,257.71,38.03,155.0,340.0,2024-08-30,RB,1,2026-07-26T23:25:48.407461+00:00,,,,
expert,fantasypros_ecr,2024,00-0039404,Will Reichard,MIN,253,257.75,38.36,202.0,310.0,2024-08-30,K,1,2026-07-26T23:25:48.407461+00:00,,,,
expert,fantasypros_ecr,2024,00-0033891,Zay Jones,ARI,254,258.31,45.03,175.0,398.0,2024-08-30,WR,1,2026-07-26T23:25:48.407461+00:00,,,,
expert,fantasypros_ecr,2024,00-0035289,Gardner Minshew II,LV,255,258.72,35.19,152.0,348.0,2024-08-30,QB,1,2026-07-26T23:25:48.407461+00:00,,,,
expert,fantasypros_ecr,2024,00-0037742,Treylon Burks,TEN,256,259.71,28.8,186.0,349.0,2024-08-30,WR,1,2026-07-26T23:25:48.407461+00:00,,,,
expert,fantasypros_ecr,2024,00-0034173,Eddy Pineiro,CAR,257,261.8,58.47,209.0,371.0,2024-08-30,K,1,2026-07-26T23:25:48.407461+00:00,,,,
expert,fantasypros_ecr,2024,00-0036984,Trey Sermon,IND,258,261.94,35.42,179.0,357.0,2024-08-30,RB,1,2026-07-26T23:25:48.407461+00:00,,,,
expert,fantasypros_ecr,2024,00-0033943,Josh Reynolds,DEN,259,262.53,29.27,176.0,384.0,2024-08-30,WR,1,2026-07-26T23:25:48.407461+00:00,,,,
expert,fantasypros_ecr,2024,00-0033895,Gerald Everett,CHI,260,262.66,31.08,157.0,344.0,2024-08-30,TE,1,2026-07-26T23:25:48.407461+00:00,,,,
expert,fantasypros_ecr,2024,00-0036945,Justin Fields,PIT,261,263.06,55.93,118.0,589.0,2024-08-30,QB,1,2026-07-26T23:25:48.407461+00:00,,,,
expert,fantasypros_ecr,2024,00-0029621,Greg Zuerlein,NYJ,262,265.64,32.39,192.0,347.0,2024-08-30,K,1,2026-07-26T23:25:48.407461+00:00,,,,
expert,fantasypros_ecr,2024,00-0036626,Dyami Brown,WAS,263,266.35,50.61,176.0,387.0,2024-08-30,WR,1,2026-07-26T23:25:48.407461+00:00,,,,
expert,fantasypros_ecr,2024,00-0039356,Ja'Tavion Sanders,CAR,264,267.06,23.13,206.0,327.0,2024-08-30,TE,1,2026-07-26T23:25:48.407461+00:00,,,,
expert,fantasypros_ecr,2024,00-0034161,Daniel Carlson,LV,265,267.98,29.95,197.0,335.0,2024-08-30,K,1,2026-07-26T23:25:48.407461+00:00,,,,
expert,fantasypros_ecr,2024,00-0039847,Theo Johnson,NYG,266,268.14,32.31,201.0,377.0,2024-08-30,TE,1,2026-07-26T23:25:48.407461+00:00,,,,
expert,fantasypros_ecr,2024,00-0039750,Joshua Karty,LAR,267,269.42,30.93,234.0,332.0,2024-08-30,K,1,2026-07-26T23:25:48.407461+00:00,,,,
expert,fantasypros_ecr,2024,00-0038612,A.T. Perry,NO,268,270.03,28.42,198.0,364.0,2024-08-30,WR,1,2026-07-26T23:25:48.407461+00:00,,,,
expert,fantasypros_ecr,2024,00-0023853,Matt Prater,ARI,269,270.8,43.28,227.0,382.0,2024-08-30,K,1,2026-07-26T23:25:48.407461+00:00,,,,
expert,fantasypros_ecr,2024,00-0038097,Cade York,WAS,270,272.0,17.0,255.0,289.0,2024-08-30,K,1,2026-07-26T23:25:48.407461+00:00,,,,
expert,fantasypros_ecr,2024,00-0038396,Eric Gray,NYG,271,272.26,31.52,179.0,329.0,2024-08-30,RB,1,2026-07-26T23:25:48.407461+00:00,,,,
expert,fantasypros_ecr,2024,00-0036345,K.J. Osborn,NE,272,273.33,33.47,169.0,442.0,2024-08-30,WR,1,2026-07-26T23:25:48.407461+00:00,,,,
expert,fantasypros_ecr,2024,00-0034450,Greg Joseph,FA,273,273.5,61.43,210.0,418.0,2024-08-30,K,1,2026-07-26T23:25:48.407461+00:00,,,,
expert,fantasypros_ecr,2024,00-0039325,Carson Steele,KC,274,274.21,47.12,166.0,396.0,2024-08-30,RB,1,2026-07-26T23:25:48.407461+00:00,,,,
expert,fantasypros_ecr,2024,00-0035689,Dawson Knox,BUF,275,274.49,26.2,210.0,353.0,2024-08-30,TE,1,2026-07-26T23:25:48.407461+00:00,,,,
expert,fantasypros_ecr,2024,00-0038979,Cedric Tillman,CLE,276,274.8,24.25,187.0,330.0,2024-08-30,WR,1,2026-07-26T23:25:48.407461+00:00,,,,
expert,fantasypros_ecr,2024,00-0037664,Alec Pierce,IND,277,276.72,29.32,210.0,377.0,2024-08-30,WR,1,2026-07-26T23:25:48.407461+00:00,,,,
expert,fantasypros_ecr,2024,00-0032464,Kalif Raymond,DET,278,276.82,38.27,180.0,400.0,2024-08-30,WR,1,2026-07-26T23:25:48.407461+00:00,,,,
expert,fantasypros_ecr,2024,00-0039409,Cam Little,JAC,279,277.27,39.55,242.0,348.0,2024-08-30,K,1,2026-07-26T23:25:48.407461+00:00,,,,
expert,fantasypros_ecr,2024,00-0038563,Tre Tucker,LV,280,277.45,36.73,207.0,406.0,2024-08-30,WR,1,2026-07-26T23:25:48.407461+00:00,,,,
expert,fantasypros_ecr,2024,00-0039052,Trey Palmer,TB,281,278.63,26.88,201.0,366.0,2024-08-30,WR,1,2026-07-26T23:25:48.407461+00:00,,,,
expert,fantasypros_ecr,2024,00-0036414,Cam Akers,HOU,282,279.59,43.67,159.0,372.0,2024-08-30,RB,1,2026-07-26T23:25:48.407461+00:00,,,,
expert,fantasypros_ecr,2024,00-0034830,Hayden Hurst,LAC,283,280.23,35.72,178.0,374.0,2024-08-30,TE,1,2026-07-26T23:25:48.407461+00:00,,,,
expert,fantasypros_ecr,2024,00-0030578,Cordarrelle Patterson,PIT,284,280.28,27.55,176.0,342.0,2024-08-30,RB,1,2026-07-26T23:25:48.407461+00:00,,,,
expert,fantasypros_ecr,2024,00-0039751,Jordan Whittington,LAR,285,280.3,53.52,175.0,376.0,2024-08-30,WR,1,2026-07-26T23:25:48.407461+00:00,,,,
expert,fantasypros_ecr,2024,00-0033893,Dalvin Cook,DAL,286,280.93,40.76,179.0,345.0,2024-08-30,RB,1,2026-07-26T23:25:48.407461+00:00,,,,
expert,fantasypros_ecr,2024,00-0032569,Wil Lutz,DEN,287,282.55,45.69,205.0,426.0,2024-08-30,K,1,2026-07-26T23:25:48.407461+00:00,,,,
expert,fantasypros_ecr,2024,00-0034407,Ray-Ray McCloud III,ATL,288,282.9,49.26,204.0,386.0,2024-08-30,WR,1,2026-07-26T23:25:48.407461+00:00,,,,
expert,fantasypros_ecr,2024,00-0033375,Tim Patrick,DET,289,284.13,64.79,162.0,606.0,2024-08-30,WR,1,2026-07-26T23:25:48.407461+00:00,,,,
expert,fantasypros_ecr,2024,00-0039792,Devontez Walker,BAL,290,285.21,30.16,228.0,373.0,2024-08-30,WR,1,2026-07-26T23:25:48.407461+00:00,,,,
expert,fantasypros_ecr,2024,00-0038797,Emanuel Wilson,GB,291,285.67,52.4,189.0,379.0,2024-08-30,RB,1,2026-07-26T23:25:48.407461+00:00,,,,
expert,fantasypros_ecr,2024,00-0038905,Blake Grupe,NO,292,285.86,31.25,223.0,335.0,2024-08-30,K,1,2026-07-26T23:25:48.407461+00:00,,,,
expert,fantasypros_ecr,2024,00-0038622,Deuce Vaughn,DAL,293,286.34,28.0,230.0,394.0,2024-08-30,RB,1,2026-07-26T23:25:48.407461+00:00,,,,
expert,fantasypros_ecr,2024,00-0026858,Graham Gano,NYG,294,287.0,58.74,221.0,404.0,2024-08-30,K,1,2026-07-26T23:25:48.407461+00:00,,,,
expert,fantasypros_ecr,2024,00-0038098,Pierre Strong Jr.,CLE,295,287.11,25.57,193.0,357.0,2024-08-30,RB,1,2026-07-26T23:25:48.407461+00:00,,,,
expert,fantasypros_ecr,2024,00-0038397,Evan Hull,IND,296,287.28,27.09,177.0,364.0,2024-08-30,RB,1,2026-07-26T23:25:48.407461+00:00,,,,
expert,fantasypros_ecr,2024,00-0035628,D'Ernest Johnson,JAC,297,289.72,20.83,231.0,368.0,2024-08-30,RB,1,2026-07-26T23:25:48.407461+00:00,,,,
expert,fantasypros_ecr,2024,00-0038705,Emari Demercado,ARI,298,290.87,26.52,245.0,460.0,2024-08-30,RB,1,2026-07-26T23:25:48.407461+00:00,,,,
expert,fantasypros_ecr,2024,00-0033110,Tyler Higbee,LAR,299,291.61,34.72,227.0,369.0,2024-08-30,TE,1,2026-07-26T23:25:48.407461+00:00,,,,
expert,fantasypros_ecr,2024,00-0036415,Van Jefferson,PIT,300,291.73,49.07,183.0,405.0,2024-08-30,WR,1,2026-07-26T23:25:48.407461+00:00,,,,
expert,fantasypros_ecr,2024,00-0038115,Daniel Bellinger,NYG,301,292.32,29.51,228.0,351.0,2024-08-30,TE,1,2026-07-26T23:25:48.407461+00:00,,,,
expert,fantasypros_ecr,2024,00-0037291,Jalen Nailor,MIN,302,292.91,45.47,209.0,390.0,2024-08-30,WR,1,2026-07-26T23:25:48.407461+00:00,,,,
expert,fantasypros_ecr,2024,00-0039415,Brenden Rice,LAC,303,294.1,27.96,229.0,398.0,2024-08-30,WR,1,2026-07-26T23:25:48.407461+00:00,,,,
expert,fantasypros_ecr,2024,00-0033591,Noah Brown,WAS,304,294.1,26.88,223.0,399.0,2024-08-30,WR,1,2026-07-26T23:25:48.407461+00:00,,,,
expert,fantasypros_ecr,2024,00-0039880,Malik Washington,MIA,305,294.73,42.3,207.0,419.0,2024-08-30,WR,1,2026-07-26T23:25:48.407461+00:00,,,,
expert,fantasypros_ecr,2024,00-0035358,Chase McLaughlin,TB,306,297.45,46.43,212.0,391.0,2024-08-30,K,1,2026-07-26T23:25:48.407461+00:00,,,,
expert,fantasypros_ecr,2024,00-0031549,Nelson Agholor,BAL,307,297.73,36.5,241.0,414.0,2024-08-30,WR,1,2026-07-26T23:25:48.407461+00:00,,,,
expert,fantasypros_ecr,2024,00-0036924,Michael Carter,ARI,308,298.13,33.05,218.0,391.0,2024-08-30,RB,1,2026-07-26T23:25:48.407461+00:00,,,,
expert,fantasypros_ecr,2024,00-0038389,Israel Abanikanda,NYJ,309,298.35,34.97,221.0,429.0,2024-08-30,RB,1,2026-07-26T23:25:48.407461+00:00,,,,
expert,fantasypros_ecr,2024,00-0034115,Jeff Wilson Jr.,MIA,310,298.82,36.5,240.0,483.0,2024-08-30,RB,1,2026-07-26T23:25:48.407461+00:00,,,,
expert,fantasypros_ecr,2024,00-0039046,DeWayne McBride,FA,311,299.0,14.0,285.0,313.0,2024-08-30,RB,1,2026-07-26T23:25:48.407461+00:00,,,,
expert,fantasypros_ecr,2024,00-0031136,Chris Boswell,PIT,312,299.13,47.31,197.0,403.0,2024-08-30,K,1,2026-07-26T23:25:48.407461+00:00,,,,
expert,fantasypros_ecr,2024,00-0039365,Jacob Cowing,SF,313,299.69,35.51,225.0,457.0,2024-08-30,WR,1,2026-07-26T23:25:48.407461+00:00,,,,
expert,fantasypros_ecr,2024,00-0039363,Isaac Guerendo,SF,314,299.79,27.28,245.0,405.0,2024-08-30,RB,1,2026-07-26T23:25:48.407461+00:00,,,,
expert,fantasypros_ecr,2024,00-0036913,Kadarius Toney,FA,315,300.21,30.09,220.0,395.0,2024-08-30,WR,1,2026-07-26T23:25:48.407461+00:00,,,,
expert,fantasypros_ecr,2024,00-0035021,Ashton Dulin,IND,316,300.5,54.5,246.0,355.0,2024-08-30,WR,1,2026-07-26T23:25:48.407461+00:00,,,,
expert,fantasypros_ecr,2024,00-0036876,Kylen Granson,IND,317,300.57,31.86,248.0,411.0,2024-08-30,TE,1,2026-07-26T23:25:48.407461+00:00,,,,
expert,fantasypros_ecr,2024,00-0036955,Terrace Marshall Jr.,SF,318,302.25,54.21,220.0,352.0,2024-08-30,WR,1,2026-07-26T23:25:48.407461+00:00,,,,
expert,fantasypros_ecr,2024,00-0038496,Xavier Gipson,NYJ,319,303.47,35.99,204.0,374.0,2024-08-30,WR,1,2026-07-26T23:25:48.407461+00:00,,,,
expert,fantasypros_ecr,2024,00-0036259,Jauan Jennings,SF,320,303.49,32.04,231.0,381.0,2024-08-30,WR,1,2026-07-26T23:25:48.407461+00:00,,,,
expert,fantasypros_ecr,2024,00-0038611,Chris Rodriguez Jr.,WAS,321,303.73,23.96,245.0,392.0,2024-08-30,RB,1,2026-07-26T23:25:48.407461+00:00,,,,
expert,fantasypros_ecr,2024,00-0033119,Jacoby Brissett,NE,322,303.78,47.09,232.0,683.0,2024-08-30,QB,1,2026-07-26T23:25:48.407461+00:00,,,,
expert,fantasypros_ecr,2024,00-0035208,Olamide Zaccheaus,WAS,323,304.52,39.94,229.0,368.0,2024-08-30,WR,1,2026-07-26T23:25:48.407461+00:00,,,,
expert,fantasypros_ecr,2024,00-0037837,Calvin Austin III,PIT,324,304.84,30.83,222.0,379.0,2024-08-30,WR,1,2026-07-26T23:25:48.407461+00:00,,,,
expert,fantasypros_ecr,2024,00-0035537,Ty Johnson,BUF,325,304.86,20.46,250.0,343.0,2024-08-30,RB,1,2026-07-26T23:25:48.407461+00:00,,,,
expert,fantasypros_ecr,2024,00-0038518,Deneric Prince,FA,326,305.37,47.76,230.0,532.0,2024-08-30,RB,1,2026-07-26T23:25:48.407461+00:00,,,,
expert,fantasypros_ecr,2024,00-0039311,Emani Bailey,KC,327,306.5,32.5,274.0,339.0,2024-08-30,RB,1,2026-07-26T23:25:48.407461+00:00,,,,
expert,fantasypros_ecr,2024,00-0038579,Aidan O'Connell,LV,328,306.94,40.99,211.0,653.0,2024-08-30,QB,1,2026-07-26T23:25:48.407461+00:00,,,,
expert,fantasypros_ecr,2024,00-0030431,Robert Woods,HOU,329,306.97,40.3,243.0,544.0,2024-08-30,WR,1,2026-07-26T23:25:48.407461+00:00,,,,
expert,fantasypros_ecr,2024,00-0031376,Jerick McKinnon,FA,330,307.81,35.52,235.0,385.0,2024-08-30,RB,1,2026-07-26T23:25:48.407461+00:00,,,,
expert,fantasypros_ecr,2024,00-0032765,Michael Thomas,FA,331,307.9,59.68,165.0,539.0,2024-08-30,WR,1,2026-07-26T23:25:48.407461+00:00,,,,
expert,fantasypros_ecr,2024,00-0034159,Will Dissly,LAC,332,308.49,30.9,231.0,365.0,2024-08-30,TE,1,2026-07-26T23:25:48.407461+00:00,,,,
expert,fantasypros_ecr,2024,00-0038941,Tyler Scott,CHI,333,309.31,30.55,226.0,461.0,2024-08-30,WR,1,2026-07-26T23:25:48.407461+00:00,,,,
expert,fantasypros_ecr,2024,00-0036849,Tutu Atwell,LAR,334,310.37,43.92,186.0,561.0,2024-08-30,WR,1,2026-07-26T23:25:48.407461+00:00,,,,
expert,fantasypros_ecr,2024,00-0034521,Allen Lazard,NYJ,335,310.4,49.95,216.0,540.0,2024-08-30,WR,1,2026-07-26T23:25:48.407461+00:00,,,,
expert,fantasypros_ecr,2024,00-0039798,Isaiah Davis,NYJ,336,310.6,29.69,259.0,363.0,2024-08-30,RB,1,2026-07-26T23:25:48.407461+00:00,,,,
expert,fantasypros_ecr,2024,00-0039796,Rasheen Ali,BAL,337,311.88,31.29,194.0,389.0,2024-08-30,RB,1,2026-07-26T23:25:48.407461+00:00,,,,
expert,fantasypros_ecr,2024,00-0029892,Kyle Juszczyk,SF,338,312.29,22.2,277.0,365.0,2024-08-30,RB,1,2026-07-26T23:25:48.407461+00:00,,,,
expert,fantasypros_ecr,2024,00-0033923,Kareem Hunt,FA,339,312.49,42.73,242.0,535.0,2024-08-30,RB,1,2026-07-26T23:25:48.407461+00:00,,,,
expert,fantasypros_ecr,2024,00-0038045,Isaiah Spiller,LAC,340,312.91,27.23,268.0,409.0,2024-08-30,RB,1,2026-07-26T23:25:48.407461+00:00,,,,
expert,fantasypros_ecr,2024,00-0036370,Joshua Kelley,FA,341,314.71,30.53,268.0,395.0,2024-08-30,RB,1,2026-07-26T23:25:48.407461+00:00,,,,
expert,fantasypros_ecr,2024,00-0036020,Salvon Ahmed,FA,342,315.34,38.47,290.0,533.0,2024-08-30,RB,1,2026-07-26T23:25:48.407461+00:00,,,,
expert,fantasypros_ecr,2024,00-0039364,Sione Vaki,DET,343,315.53,46.74,232.0,387.0,2024-08-30,RB,1,2026-07-26T23:25:48.407461+00:00,,,,
expert,fantasypros_ecr,2024,00-0037557,Ronnie Rivers,LAR,344,315.65,22.36,286.0,428.0,2024-08-30,RB,1,2026-07-26T23:25:48.407461+00:00,,,,
expert,fantasypros_ecr,2024,00-0037091,Bo Melton,GB,345,316.59,51.18,229.0,538.0,2024-08-30,WR,1,2026-07-26T23:25:48.407461+00:00,,,,
expert,fantasypros_ecr,2024,00-0036755,Jaret Patterson,FA,346,317.59,26.98,265.0,368.0,2024-08-30,RB,1,2026-07-26T23:25:48.407461+00:00,,,,
expert,fantasypros_ecr,2024,00-0034838,Royce Freeman,FA,347,318.28,26.03,273.0,402.0,2024-08-30,RB,1,2026-07-26T23:25:48.407461+00:00,,,,
expert,fantasypros_ecr,2024,00-0038678,Jordan Mims,NO,348,318.5,50.5,268.0,369.0,2024-08-30,RB,1,2026-07-26T23:25:48.407461+00:00,,,,
expert,fantasypros_ecr,2024,00-0025565,Nick Folk,TEN,349,319.33,43.41,262.0,367.0,2024-08-30,K,1,2026-07-26T23:25:48.407461+00:00,,,,
expert,fantasypros_ecr,2024,00-0033308,Matt Breida,FA,350,319.96,26.34,282.0,389.0,2024-08-30,RB,1,2026-07-26T23:25:48.407461+00:00,,,,
expert,fantasypros_ecr,2024,00-0033246,Johnny Mundt,MIN,351,321.32,26.8,270.0,359.0,2024-08-30,TE,1,2026-07-26T23:25:48.407461+00:00,,,,
expert,fantasypros_ecr,2024,00-0033856,Leonard Fournette,FA,352,321.6,13.94,296.0,334.0,2024-08-30,RB,1,2026-07-26T23:25:48.407461+00:00,,,,
expert,fantasypros_ecr,2024,00-0039917,Michael Penix Jr.,ATL,353,322.12,51.85,241.0,658.0,2024-08-30,QB,1,2026-07-26T23:25:48.407461+00:00,,,,
expert,fantasypros_ecr,2024,00-0038951,Sean Tucker,TB,354,322.13,39.07,242.0,395.0,2024-08-30,RB,1,2026-07-26T23:25:48.407461+00:00,,,,
expert,fantasypros_ecr,2024,00-0034418,Cedrick Wilson Jr.,NO,355,322.92,37.25,240.0,383.0,2024-08-30,WR,1,2026-07-26T23:25:48.407461+00:00,,,,
expert,fantasypros_ecr,2024,00-0034272,Marquez Valdes-Scantling,BUF,356,323.19,52.26,247.0,563.0,2024-08-30,WR,1,2026-07-26T23:25:48.407461+00:00,,,,
expert,fantasypros_ecr,2024,00-0035125,Alec Ingold,MIA,357,323.91,28.98,273.0,379.0,2024-08-30,RB,1,2026-07-26T23:25:48.407461+00:00,,,,
expert,fantasypros_ecr,2024,00-0031260,Logan Thomas,FA,358,327.2,42.95,255.0,376.0,2024-08-30,TE,1,2026-07-26T23:25:48.407461+00:00,,,,
expert,fantasypros_ecr,2024,00-0039573,Blake Watson,DEN,359,327.59,40.84,253.0,411.0,2024-08-30,RB,1,2026-07-26T23:25:48.407461+00:00,,,,
expert,fantasypros_ecr,2024,00-0034386,Justin Watson,KC,360,328.87,31.68,266.0,386.0,2024-08-30,WR,1,2026-07-26T23:25:48.407461+00:00,,,,
expert,fantasypros_ecr,2024,00-0037120,Tyler Goodson,IND,361,329.0,37.49,277.0,426.0,2024-08-30,RB,1,2026-07-26T23:25:48.407461+00:00,,,,
expert,fantasypros_ecr,2024,00-0029293,Marvin Jones Jr.,FA,362,330.0,19.0,311.0,349.0,2024-08-30,WR,1,2026-07-26T23:25:48.407461+00:00,,,,
expert,fantasypros_ecr,2024,00-0039359,Cade Stover,HOU,363,332.5,31.3,244.0,384.0,2024-08-30,TE,1,2026-07-26T23:25:48.407461+00:00,,,,
expert,fantasypros_ecr,2024,00-0034983,Hunter Renfrow,FA,364,333.06,48.75,264.0,452.0,2024-08-30,WR,1,2026-07-26T23:25:48.407461+00:00,,,,
expert,fantasypros_ecr,2024,00-0035329,Donald Parham Jr.,DEN,365,333.63,35.17,292.0,430.0,2024-08-30,TE,1,2026-07-26T23:25:48.407461+00:00,,,,
expert,fantasypros_ecr,2024,00-0037614,John Metchie III,HOU,366,333.73,48.12,241.0,423.0,2024-08-30,WR,1,2026-07-26T23:25:48.407461+00:00,,,,
expert,fantasypros_ecr,2024,00-0037077,Sam Howell,SEA,367,333.86,56.24,242.0,654.0,2024-08-30,QB,1,2026-07-26T23:25:48.407461+00:00,,,,
expert,fantasypros_ecr,2024,00-0035291,Trayveon Williams,CIN,368,333.89,28.46,290.0,389.0,2024-08-30,RB,1,2026-07-26T23:25:48.407461+00:00,,,,
expert,fantasypros_ecr,2024,00-0035567,Craig Reynolds,DET,369,334.97,33.6,287.0,424.0,2024-08-30,RB,1,2026-07-26T23:25:48.407461+00:00,,,,
expert,fantasypros_ecr,2024,00-0039647,Dillon Johnson,FA,370,335.0,11.34,319.0,344.0,2024-08-30,RB,1,2026-07-26T23:25:48.407461+00:00,,,,
expert,fantasypros_ecr,2024,00-0036637,Noah Gray,KC,371,335.21,31.58,275.0,443.0,2024-08-30,TE,1,2026-07-26T23:25:48.407461+00:00,,,,
expert,fantasypros_ecr,2024,00-0039814,Erick All Jr.,CIN,372,335.25,32.97,263.0,412.0,2024-08-30,TE,1,2026-07-26T23:25:48.407461+00:00,,,,
expert,fantasypros_ecr,2024,00-0038589,Josh Whyle,TEN,373,335.45,23.27,302.0,384.0,2024-08-30,TE,1,2026-07-26T23:25:48.407461+00:00,,,,
expert,fantasypros_ecr,2024,00-0034367,Nyheim Hines,CLE,374,335.83,34.65,253.0,397.0,2024-08-30,RB,1,2026-07-26T23:25:48.407461+00:00,,,,
expert,fantasypros_ecr,2024,00-0033555,Mack Hollins,BUF,375,335.85,34.77,268.0,394.0,2024-08-30,WR,1,2026-07-26T23:25:48.407461+00:00,,,,
expert,fantasypros_ecr,2024,00-0039405,Jawhar Jordan,HOU,376,335.93,31.22,290.0,397.0,2024-08-30,RB,1,2026-07-26T23:25:48.407461+00:00,,,,
expert,fantasypros_ecr,2024,00-0038606,Parker Washington,JAC,377,336.39,38.2,223.0,394.0,2024-08-30,WR,1,2026-07-26T23:25:48.407461+00:00,,,,
expert,fantasypros_ecr,2024,00-0035664,Darrell Henderson Jr.,FA,378,336.5,35.5,301.0,372.0,2024-08-30,RB,1,2026-07-26T23:25:48.407461+00:00,,,,
expert,fantasypros_ecr,2024,00-0036842,Kene Nwangwu,FA,379,337.0,33.87,293.0,383.0,2024-08-30,RB,1,2026-07-26T23:25:48.407461+00:00,,,,
expert,fantasypros_ecr,2024,00-0038104,Tyquan Thornton,NE,380,337.15,46.39,232.0,432.0,2024-08-30,WR,1,2026-07-26T23:25:48.407461+00:00,,,,
expert,fantasypros_ecr,2024,00-0039824,Jared Wiley,KC,381,337.25,15.36,311.0,358.0,2024-08-30,TE,1,2026-07-26T23:25:48.407461+00:00,,,,
expert,fantasypros_ecr,2024,00-0032104,Ameer Abdullah,LV,382,337.32,28.87,280.0,392.0,2024-08-30,RB,1,2026-07-26T23:25:48.407461+00:00,,,,
expert,fantasypros_ecr,2024,00-0030513,Latavius Murray,FA,383,337.4,50.82,294.0,463.0,2024-08-30,RB,1,2026-07-26T23:25:48.407461+00:00,,,,
expert,fantasypros_ecr,2024,00-0037299,Keaontay Ingram,KC,384,337.63,55.73,294.0,530.0,2024-08-30,RB,1,2026-07-26T23:25:48.407461+00:00,,,,
expert,fantasypros_ecr,2024,00-0034613,Tanner Hudson,CIN,385,338.18,27.21,276.0,401.0,2024-08-30,TE,1,2026-07-26T23:25:48.407461+00:00,,,,
expert,fantasypros_ecr,2024,00-0035704,Drew Lock,NYG,386,338.52,55.11,258.0,655.0,2024-08-30,QB,1,2026-07-26T23:25:48.407461+00:00,,,,
expert,fantasypros_ecr,2024,00-0033857,JuJu Smith-Schuster,KC,387,338.55,74.17,234.0,629.0,2024-08-30,WR,1,2026-07-26T23:25:48.407461+00:00,,,,
expert,fantasypros_ecr,2024,00-0037216,Justyn Ross,KC,388,339.0,26.61,288.0,364.0,2024-08-30,WR,1,2026-07-26T23:25:48.407461+00:00,,,,
expert,fantasypros_ecr,2024,00-0026158,Joe Flacco,IND,389,339.53,62.66,243.0,686.0,2024-08-30,QB,1,2026-07-26T23:25:48.407461+00:00,,,,
expert,fantasypros_ecr,2024,00-0037563,Malik Davis,DAL,390,340.88,25.29,296.0,380.0,2024-08-30,RB,1,2026-07-26T23:25:48.407461+00:00,,,,
expert,fantasypros_ecr,2024,00-0036816,Riley Patterson,FA,391,341.0,57.0,284.0,398.0,2024-08-30,K,1,2026-07-26T23:25:48.407461+00:00,,,,
expert,fantasypros_ecr,2024,00-0032392,Austin Hooper,NE,392,341.09,25.67,302.0,394.0,2024-08-30,TE,1,2026-07-26T23:25:48.407461+00:00,,,,
expert,fantasypros_ecr,2024,00-0038685,Chris Brooks,FA,393,341.5,12.5,329.0,354.0,2024-08-30,RB,1,2026-07-26T23:25:48.407461+00:00,,,,
expert,fantasypros_ecr,2024,00-0039393,Jase McClellan,ATL,394,341.57,27.19,294.0,385.0,2024-08-30,RB,1,2026-07-26T23:25:48.407461+00:00,,,,
expert,fantasypros_ecr,2024,00-0038636,Kenny McIntosh,SEA,395,341.96,27.16,309.0,410.0,2024-08-30,RB,1,2026-07-26T23:25:48.407461+00:00,,,,
expert,fantasypros_ecr,2024,00-0039236,Johnny Wilson,PHI,396,342.07,56.99,243.0,567.0,2024-08-30,WR,1,2026-07-26T23:25:48.407461+00:00,,,,
expert,fantasypros_ecr,2024,00-0038558,Darnell Washington,PIT,397,342.41,38.29,255.0,401.0,2024-08-30,TE,1,2026-07-26T23:25:48.407461+00:00,,,,
expert,fantasypros_ecr,2024,00-0035249,Josh Oliver,MIN,398,342.91,25.36,296.0,393.0,2024-08-30,TE,1,2026-07-26T23:25:48.407461+00:00,,,,
expert,fantasypros_ecr,2024,00-0034646,Brandon Powell,MIN,399,343.13,32.53,287.0,427.0,2024-08-30,WR,1,2026-07-26T23:25:48.407461+00:00,,,,
expert,fantasypros_ecr,2024,00-0036233,Donovan Peoples-Jones,DET,400,343.27,35.42,274.0,422.0,2024-08-30,WR,1,2026-07-26T23:25:48.407461+00:00,,,,
expert,fantasypros_ecr,2024,00-0039136,Zach Evans,FA,401,343.6,93.43,236.0,514.0,2024-08-30,RB,1,2026-07-26T23:25:48.407461+00:00,,,,
expert,fantasypros_ecr,2024,00-0033955,Jeremy McNichols,WAS,402,344.25,30.61,292.0,384.0,2024-08-30,RB,1,2026-07-26T23:25:48.407461+00:00,,,,
expert,fantasypros_ecr,2024,00-0031503,Jameis Winston,CLE,403,344.35,55.0,254.0,656.0,2024-08-30,QB,1,2026-07-26T23:25:48.407461+00:00,,,,
expert,fantasypros_ecr,2024,00-0039074,Davis Allen,LAR,404,344.68,28.38,273.0,406.0,2024-08-30,TE,1,2026-07-26T23:25:48.407461+00:00,,,,
expert,fantasypros_ecr,2024,00-0035639,Parris Campbell,PHI,405,344.75,56.05,276.0,569.0,2024-08-30,WR,1,2026-07-26T23:25:48.407461+00:00,,,,
expert,fantasypros_ecr,2024,00-0038640,Jalen Brooks,DAL,406,344.82,39.64,279.0,389.0,2024-08-30,WR,1,2026-07-26T23:25:48.407461+00:00,,,,
expert,fantasypros_ecr,2024,00-0037805,Jeremy Ruckert,NYJ,407,345.69,22.31,298.0,392.0,2024-08-30,TE,1,2026-07-26T23:25:48.407461+00:00,,,,
expert,fantasypros_ecr,2024,00-0038090,Skyy Moore,KC,408,346.2,57.03,267.0,572.0,2024-08-30,WR,1,2026-07-26T23:25:48.407461+00:00,,,,
expert,fantasypros_ecr,2024,00-0036628,John Bates,WAS,409,346.25,52.77,288.0,423.0,2024-08-30,TE,1,2026-07-26T23:25:48.407461+00:00,,,,
expert,fantasypros_ecr,2024,00-0033217,Mo Alie-Cox,IND,410,347.19,27.86,301.0,391.0,2024-08-30,TE,1,2026-07-26T23:25:48.407461+00:00,,,,
expert,fantasypros_ecr,2024,00-0037286,Kevin Harris,NE,411,348.55,29.47,316.0,400.0,2024-08-30,RB,1,2026-07-26T23:25:48.407461+00:00,,,,
expert,fantasypros_ecr,2024,00-0037539,Lucas Krull,DEN,412,348.9,18.48,323.0,394.0,2024-08-30,TE,1,2026-07-26T23:25:48.407461+00:00,,,,
expert,fantasypros_ecr,2024,00-0037005,Tommy Tremble,CAR,413,349.04,18.34,308.0,379.0,2024-08-30,TE,1,2026-07-26T23:25:48.407461+00:00,,,,
expert,fantasypros_ecr,2024,00-0039420,Jaheim Bell,NE,414,349.05,21.49,305.0,384.0,2024-08-30,TE,1,2026-07-26T23:25:48.407461+00:00,,,,
expert,fantasypros_ecr,2024,00-0037801,KaVontae Turpin,DAL,415,349.13,34.51,300.0,401.0,2024-08-30,WR,1,2026-07-26T23:25:48.407461+00:00,,,,
expert,fantasypros_ecr,2024,00-0038102,Kenny Pickett,PHI,416,349.79,83.14,250.0,661.0,2024-08-30,QB,1,2026-07-26T23:25:48.407461+00:00,,,,
expert,fantasypros_ecr,2024,00-0038752,Jake Bobo,SEA,417,351.06,25.01,318.0,416.0,2024-08-30,WR,1,2026-07-26T23:25:48.407461+00:00,,,,
expert,fantasypros_ecr,2024,00-0038608,Kayshon Boutte,NE,418,352.0,136.68,122.0,547.0,2024-08-30,WR,1,2026-07-26T23:25:48.407461+00:00,,,,
expert,fantasypros_ecr,2024,00-0035264,Jarrett Stidham,DEN,419,352.21,70.17,261.0,664.0,2024-08-30,QB,1,2026-07-26T23:25:48.407461+00:00,,,,
expert,fantasypros_ecr,2024,00-0038618,Xavier Hutchinson,HOU,420,352.83,71.16,282.0,562.0,2024-08-30,WR,1,2026-07-26T23:25:48.407461+00:00,,,,
expert,fantasypros_ecr,2024,00-0035806,JaMycal Hasty,NE,421,353.0,27.92,320.0,389.0,2024-08-30,RB,1,2026-07-26T23:25:48.407461+00:00,,,,
expert,fantasypros_ecr,2024,00-0036556,Brevin Jordan,HOU,422,354.03,30.35,294.0,402.0,2024-08-30,TE,1,2026-07-26T23:25:48.407461+00:00,,,,
expert,fantasypros_ecr,2024,00-0038394,Will Mallory,IND,423,354.4,32.08,267.0,392.0,2024-08-30,TE,1,2026-07-26T23:25:48.407461+00:00,,,,
expert,fantasypros_ecr,2024,00-0039385,Keilan Robinson,JAC,424,354.5,42.86,287.0,406.0,2024-08-30,RB,1,2026-07-26T23:25:48.407461+00:00,,,,
expert,fantasypros_ecr,2024,00-0031585,MyCole Pruitt,PIT,425,354.67,18.35,330.0,374.0,2024-08-30,TE,1,2026-07-26T23:25:48.407461+00:00,,,,
expert,fantasypros_ecr,2024,00-0038720,Julian Hill,MIA,426,355.0,44.64,320.0,418.0,2024-08-30,TE,1,2026-07-26T23:25:48.407461+00:00,,,,
expert,fantasypros_ecr,2024,00-0038547,Luke Schoonmaker,DAL,427,355.88,32.73,308.0,422.0,2024-08-30,TE,1,2026-07-26T23:25:48.407461+00:00,,,,
expert,fantasypros_ecr,2024,00-0039410,Ryan Flournoy,DAL,428,356.05,57.01,274.0,549.0,2024-08-30,WR,1,2026-07-26T23:25:48.407461+00:00,,,,
expert,fantasypros_ecr,2024,00-0034981,Foster Moreau,NO,429,356.6,28.15,301.0,397.0,2024-08-30,TE,1,2026-07-26T23:25:48.407461+00:00,,,,
expert,fantasypros_ecr,2024,00-0039737,Tip Reiman,ARI,430,357.0,25.64,333.0,399.0,2024-08-30,TE,1,2026-07-26T23:25:48.407461+00:00,,,,
expert,fantasypros_ecr,2024,00-0034419,Braxton Berrios,MIA,431,358.5,73.09,295.0,585.0,2024-08-30,WR,1,2026-07-26T23:25:48.407461+00:00,,,,
expert,fantasypros_ecr,2024,00-0033376,Patrick Ricard,BAL,432,358.91,37.8,299.0,420.0,2024-08-30,RB,1,2026-07-26T23:25:48.407461+00:00,,,,
expert,fantasypros_ecr,2024,00-0036422,Adam Trautman,DEN,433,358.95,33.92,304.0,476.0,2024-08-30,TE,1,2026-07-26T23:25:48.407461+00:00,,,,
expert,fantasypros_ecr,2024,00-0039703,Cody Schrader,LAR,434,359.33,35.79,316.0,413.0,2024-08-30,RB,1,2026-07-26T23:25:48.407461+00:00,,,,
expert,fantasypros_ecr,2024,00-0036429,Charlie Woerner,ATL,435,359.6,20.6,332.0,382.0,2024-08-30,TE,1,2026-07-26T23:25:48.407461+00:00,,,,
expert,fantasypros_ecr,2024,00-0033854,Dare Ogunbowale,HOU,436,359.75,52.49,315.0,490.0,2024-08-30,RB,1,2026-07-26T23:25:48.407461+00:00,,,,
expert,fantasypros_ecr,2024,00-0034395,Daurice Fountain,FA,437,360.33,24.51,343.0,395.0,2024-08-30,WR,1,2026-07-26T23:25:48.407461+00:00,,,,
expert,fantasypros_ecr,2024,00-0033319,Nick Mullens,MIN,438,360.67,72.24,308.0,662.0,2024-08-30,QB,1,2026-07-26T23:25:48.407461+00:00,,,,
expert,fantasypros_ecr,2024,00-0039623,Mason Tipton,NO,439,361.5,5.5,356.0,367.0,2024-08-30,WR,1,2026-07-26T23:25:48.407461+00:00,,,,
expert,fantasypros_ecr,2024,00-0039394,Casey Washington,ATL,440,362.38,49.6,317.0,488.0,2024-08-30,WR,1,2026-07-26T23:25:48.407461+00:00,,,,
expert,fantasypros_ecr,2024,00-0039471,Frank Gore Jr.,BUF,441,362.57,35.47,324.0,438.0,2024-08-30,RB,1,2026-07-26T23:25:48.407461+00:00,,,,
expert,fantasypros_ecr,2024,00-0035831,James Robinson,FA,442,363.0,19.0,344.0,382.0,2024-08-30,RB,1,2026-07-26T23:25:48.407461+00:00,,,,
expert,fantasypros_ecr,2024,00-0035215,Deonte Harty,BAL,443,363.0,13.0,350.0,376.0,2024-08-30,WR,1,2026-07-26T23:25:48.407461+00:00,,,,
expert,fantasypros_ecr,2024,00-0033757,Robert Tonyan,MIN,444,363.4,21.81,340.0,391.0,2024-08-30,TE,1,2026-07-26T23:25:48.407461+00:00,,,,
expert,fantasypros_ecr,2024,00-0035100,Jake Browning,CIN,445,363.5,65.0,294.0,670.0,2024-08-30,QB,1,2026-07-26T23:25:48.407461+00:00,,,,
expert,fantasypros_ecr,2024,00-0036182,Nick Westbrook-Ikhine,TEN,446,364.45,60.46,314.0,545.0,2024-08-30,WR,1,2026-07-26T23:25:48.407461+00:00,,,,
expert,fantasypros_ecr,2024,00-0036255,Denzel Mims,FA,447,365.0,148.14,229.0,571.0,2024-08-30,WR,1,2026-07-26T23:25:48.407461+00:00,,,,
expert,fantasypros_ecr,2024,00-0035140,Mecole Hardman Jr.,KC,448,365.45,83.31,275.0,607.0,2024-08-30,WR,1,2026-07-26T23:25:48.407461+00:00,,,,
expert,fantasypros_ecr,2024,00-0038409,Lew Nichols III,FA,449,365.5,53.5,312.0,419.0,2024-08-30,RB,1,2026-07-26T23:25:48.407461+00:00,,,,
expert,fantasypros_ecr,2024,00-0036972,Mac Jones,JAC,450,366.38,96.33,274.0,678.0,2024-08-30,QB,1,2026-07-26T23:25:48.407461+00:00,,,,
expert,fantasypros_ecr,2024,00-0039379,Jamari Thrash,CLE,451,366.4,24.04,317.0,407.0,2024-08-30,WR,1,2026-07-26T23:25:48.407461+00:00,,,,
expert,fantasypros_ecr,2024,00-0033466,Isaiah McKenzie,NYG,452,367.0,96.17,298.0,558.0,2024-08-30,WR,1,2026-07-26T23:25:48.407461+00:00,,,,
expert,fantasypros_ecr,2024,00-0039451,Isaiah Williams,DET,453,367.33,15.08,346.0,378.0,2024-08-30,WR,1,2026-07-26T23:25:48.407461+00:00,,,,
expert,fantasypros_ecr,2024,00-0037273,Kyle Philips,FA,454,367.4,118.71,276.0,600.0,2024-08-30,WR,1,2026-07-26T23:25:48.407461+00:00,,,,
expert,fantasypros_ecr,2024,00-0034854,KhaDarel Hodge,ATL,455,367.5,82.99,309.0,581.0,2024-08-30,WR,1,2026-07-26T23:25:48.407461+00:00,,,,
expert,fantasypros_ecr,2024,00-0036232,Harrison Bryant,LV,456,367.6,57.65,304.0,472.0,2024-08-30,TE,1,2026-07-26T23:25:48.407461+00:00,,,,
expert,fantasypros_ecr,2024,00-0034487,Trent Sherfield Sr.,MIN,457,368.0,4.97,364.0,375.0,2024-08-30,WR,1,2026-07-26T23:25:48.407461+00:00,,,,
expert,fantasypros_ecr,2024,00-0035341,Trenton Irwin,CIN,458,368.09,37.17,288.0,489.0,2024-08-30,WR,1,2026-07-26T23:25:48.407461+00:00,,,,
expert,fantasypros_ecr,2024,00-0034414,Boston Scott,FA,459,369.13,63.11,321.0,525.0,2024-08-30,RB,1,2026-07-26T23:25:48.407461+00:00,,,,
expert,fantasypros_ecr,2024,00-0032918,C.J. Ham,MIN,460,369.29,36.53,328.0,416.0,2024-08-30,RB,1,2026-07-26T23:25:48.407461+00:00,,,,
expert,fantasypros_ecr,2024,00-0039613,Dallin Holker,NO,461,369.33,26.28,334.0,397.0,2024-08-30,TE,1,2026-07-26T23:25:48.407461+00:00,,,,
expert,fantasypros_ecr,2024,00-0031941,Jamison Crowder,WAS,462,369.54,40.75,273.0,454.0,2024-08-30,WR,1,2026-07-26T23:25:48.407461+00:00,,,,
expert,fantasypros_ecr,2024,00-0035631,Drew Sample,CIN,463,370.43,14.41,352.0,396.0,2024-08-30,TE,1,2026-07-26T23:25:48.407461+00:00,,,,
expert,fantasypros_ecr,2024,00-0037257,David Bell,CLE,464,370.5,82.34,304.0,551.0,2024-08-30,WR,1,2026-07-26T23:25:48.407461+00:00,,,,
expert,fantasypros_ecr,2024,00-0038935,Brenton Strange,JAC,465,370.5,25.12,342.0,404.0,2024-08-30,TE,1,2026-07-26T23:25:48.407461+00:00,,,,
expert,fantasypros_ecr,2024,00-0034365,Ian Thomas,CAR,466,370.8,42.86,308.0,435.0,2024-08-30,TE,1,2026-07-26T23:25:48.407461+00:00,,,,
expert,fantasypros_ecr,2024,00-0036297,Darrynton Evans,BUF,467,371.0,30.47,330.0,403.0,2024-08-30,RB,1,2026-07-26T23:25:48.407461+00:00,,,,
expert,fantasypros_ecr,2024,00-0039376,Spencer Rattler,NO,468,371.36,93.89,306.0,657.0,2024-08-30,QB,1,2026-07-26T23:25:48.407461+00:00,,,,
expert,fantasypros_ecr,2024,00-0034798,Durham Smythe,MIA,469,372.18,20.37,335.0,397.0,2024-08-30,TE,1,2026-07-26T23:25:48.407461+00:00,,,,
expert,fantasypros_ecr,2024,00-0039793,AJ Barner,SEA,470,372.6,8.87,357.0,382.0,2024-08-30,TE,1,2026-07-26T23:25:48.407461+00:00,,,,
expert,fantasypros_ecr,2024,00-0038576,Charlie Jones,CIN,471,372.75,62.02,298.0,543.0,2024-08-30,WR,1,2026-07-26T23:25:48.407461+00:00,,,,
expert,fantasypros_ecr,2024,00-0039230,Dante Miller,NYG,472,373.0,58.0,315.0,431.0,2024-08-30,RB,1,2026-07-26T23:25:48.407461+00:00,,,,
expert,fantasypros_ecr,2024,00-0039386,Bub Means,NO,473,373.58,32.28,330.0,455.0,2024-08-30,WR,1,2026-07-26T23:25:48.407461+00:00,,,,
expert,fantasypros_ecr,2024,00-0035973,Patrick Taylor Jr.,SF,474,373.6,84.62,280.0,526.0,2024-08-30,RB,1,2026-07-26T23:25:48.407461+00:00,,,,
expert,fantasypros_ecr,2024,00-0037594,Julius Chestnut,TEN,475,375.14,51.63,327.0,485.0,2024-08-30,RB,1,2026-07-26T23:25:48.407461+00:00,,,,
expert,fantasypros_ecr,2024,00-0036165,Isaiah Hodgins,NYG,476,375.5,81.19,299.0,548.0,2024-08-30,WR,1,2026-07-26T23:25:48.407461+00:00,,,,
expert,fantasypros_ecr,2024,00-0026300,Josh Johnson,BAL,477,376.6,26.99,324.0,400.0,2024-08-30,QB,1,2026-07-26T23:25:48.407461+00:00,,,,
expert,fantasypros_ecr,2024,00-0036950,Avery Williams,ATL,478,376.83,43.38,328.0,439.0,2024-08-30,RB,1,2026-07-26T23:25:48.407461+00:00,,,,
expert,fantasypros_ecr,2024,00-0037429,Raheem Blackshear,CAR,479,377.0,50.19,319.0,481.0,2024-08-30,RB,1,2026-07-26T23:25:48.407461+00:00,,,,
expert,fantasypros_ecr,2024,00-0037475,Stone Smartt,LAC,480,377.4,18.73,356.0,408.0,2024-08-30,TE,1,2026-07-26T23:25:48.407461+00:00,,,,
expert,fantasypros_ecr,2024,00-0037078,Cole Turner,WAS,481,377.8,45.65,327.0,446.0,2024-08-30,TE,1,2026-07-26T23:25:48.407461+00:00,,,,
expert,fantasypros_ecr,2024,00-0036754,Brock Wright,DET,482,378.0,26.27,339.0,410.0,2024-08-30,TE,1,2026-07-26T23:25:48.407461+00:00,,,,
expert,fantasypros_ecr,2024,00-0034970,Irv Smith Jr.,FA,483,378.33,64.79,302.0,511.0,2024-08-30,TE,1,2026-07-26T23:25:48.407461+00:00,,,,
expert,fantasypros_ecr,2024,00-0039424,Devaughn Vele,DEN,484,378.33,30.8,346.0,439.0,2024-08-30,WR,1,2026-07-26T23:25:48.407461+00:00,,,,
expert,fantasypros_ecr,2024,00-0028118,Tyrod Taylor,NYJ,485,379.8,80.6,298.0,665.0,2024-08-30,QB,1,2026-07-26T23:25:48.407461+00:00,,,,
expert,fantasypros_ecr,2024,00-0036425,DeeJay Dallas,ARI,486,379.86,58.81,334.0,516.0,2024-08-30,RB,1,2026-07-26T23:25:48.407461+00:00,,,,
expert,fantasypros_ecr,2024,00-0039266,Kendall Milton,CIN,487,381.0,27.36,348.0,415.0,2024-08-30,RB,1,2026-07-26T23:25:48.407461+00:00,,,,
expert,fantasypros_ecr,2024,00-0033439,Pharaoh Brown,SEA,488,381.6,22.03,352.0,420.0,2024-08-30,TE,1,2026-07-26T23:25:48.407461+00:00,,,,
expert,fantasypros_ecr,2024,00-0037617,Hassan Haskins,LAC,489,381.75,67.64,277.0,466.0,2024-08-30,RB,1,2026-07-26T23:25:48.407461+00:00,,,,
expert,fantasypros_ecr,2024,00-0037569,Peyton Hendershot,KC,490,382.5,26.5,356.0,409.0,2024-08-30,TE,1,2026-07-26T23:25:48.407461+00:00,,,,
expert,fantasypros_ecr,2024,00-0032398,Chris Moore,ARI,491,382.71,88.52,333.0,597.0,2024-08-30,WR,1,2026-07-26T23:25:48.407461+00:00,,,,
expert,fantasypros_ecr,2024,00-0034364,Jordan Akins,CLE,492,384.71,22.08,358.0,428.0,2024-08-30,TE,1,2026-07-26T23:25:48.407461+00:00,,,,
expert,fantasypros_ecr,2024,00-0037292,Drew Ogletree,IND,493,385.0,11.0,374.0,396.0,2024-08-30,TE,1,2026-07-26T23:25:48.407461+00:00,,,,
expert,fantasypros_ecr,2024,00-0039041,Elijah Higgins,ARI,494,385.13,13.5,368.0,405.0,2024-08-30,TE,1,2026-07-26T23:25:48.407461+00:00,,,,
expert,fantasypros_ecr,2024,00-0033949,Joshua Dobbs,SF,495,385.45,95.63,318.0,673.0,2024-08-30,QB,1,2026-07-26T23:25:48.407461+00:00,,,,
expert,fantasypros_ecr,2024,00-0039747,Ainias Smith,PHI,496,385.6,56.5,338.0,587.0,2024-08-30,WR,1,2026-07-26T23:25:48.407461+00:00,,,,
expert,fantasypros_ecr,2024,00-0036887,Luke Farrell,JAC,497,388.5,28.5,360.0,417.0,2024-08-30,TE,1,2026-07-26T23:25:48.407461+00:00,,,,
expert,fantasypros_ecr,2024,00-0031428,Allen Robinson II,DET,498,389.6,91.67,286.0,560.0,2024-08-30,WR,1,2026-07-26T23:25:48.407461+00:00,,,,
expert,fantasypros_ecr,2024,00-0037304,Connor Heyward,PIT,499,391.6,39.44,337.0,436.0,2024-08-30,TE,1,2026-07-26T23:25:48.407461+00:00,,,,
expert,fantasypros_ecr,2024,00-0037013,Zach Wilson,DEN,500,392.0,122.21,319.0,687.0,2024-08-30,QB,1,2026-07-26T23:25:48.407461+00:00,,,,
expert,fantasypros_ecr,2024,00-0035311,Myles Gaskin,MIN,501,392.5,37.9,345.0,451.0,2024-08-30,RB,1,2026-07-26T23:25:48.407461+00:00,,,,
expert,fantasypros_ecr,2024,00-0039816,Anthony Gould,IND,502,394.33,76.62,349.0,564.0,2024-08-30,WR,1,2026-07-26T23:25:48.407461+00:00,,,,
expert,fantasypros_ecr,2024,00-0036527,DJ Turner,LV,503,396.25,13.83,382.0,418.0,2024-08-30,WR,1,2026-07-26T23:25:48.407461+00:00,,,,
expert,fantasypros_ecr,2024,00-0038406,Zack Kuntz,NYJ,504,396.5,72.5,324.0,469.0,2024-08-30,TE,1,2026-07-26T23:25:48.407461+00:00,,,,
expert,fantasypros_ecr,2024,00-0032268,Marcus Mariota,WAS,505,397.78,105.94,305.0,679.0,2024-08-30,QB,1,2026-07-26T23:25:48.407461+00:00,,,,
expert,fantasypros_ecr,2024,00-0035726,Jakob Johnson,NYG,506,398.5,85.5,313.0,484.0,2024-08-30,RB,1,2026-07-26T23:25:48.407461+00:00,,,,
expert,fantasypros_ecr,2024,00-0036271,Quez Watkins,FA,507,399.0,93.14,330.0,557.0,2024-08-30,WR,1,2026-07-26T23:25:48.407461+00:00,,,,
expert,fantasypros_ecr,2024,00-0036331,Devin Duvernay,JAC,508,400.0,64.95,339.0,556.0,2024-08-30,WR,1,2026-07-26T23:25:48.407461+00:00,,,,
expert,fantasypros_ecr,2024,00-0039050,Payne Durham,TB,509,400.4,28.81,369.0,450.0,2024-08-30,TE,1,2026-07-26T23:25:48.407461+00:00,,,,
expert,fantasypros_ecr,2024,00-0031595,Michael Burton,DEN,510,402.0,34.0,368.0,436.0,2024-08-30,RB,1,2026-07-26T23:25:48.407461+00:00,,,,
expert,fantasypros_ecr,2024,00-0032950,Carson Wentz,KC,511,406.56,105.28,344.0,701.0,2024-08-30,QB,1,2026-07-26T23:25:48.407461+00:00,,,,
expert,fantasypros_ecr,2024,00-0036268,Laviska Shenault Jr.,SEA,512,407.11,87.94,335.0,649.0,2024-08-30,WR,1,2026-07-26T23:25:48.407461+00:00,,,,
expert,fantasypros_ecr,2024,00-0038458,Owen Wright,BAL,513,409.6,60.39,354.0,522.0,2024-08-30,RB,1,2026-07-26T23:25:48.407461+00:00,,,,
expert,fantasypros_ecr,2024,00-0038573,Derius Davis,LAC,514,410.5,82.37,347.0,552.0,2024-08-30,WR,1,2026-07-26T23:25:48.407461+00:00,,,,
expert,fantasypros_ecr,2024,00-0036423,Albert Okwuegbunam Jr.,PHI,515,411.0,59.0,352.0,470.0,2024-08-30,TE,1,2026-07-26T23:25:48.407461+00:00,,,,
expert,fantasypros_ecr,2024,00-0031345,Jimmy Garoppolo,LAR,516,414.4,134.25,294.0,676.0,2024-08-30,QB,1,2026-07-26T23:25:48.407461+00:00,,,,
expert,fantasypros_ecr,2024,00-0032385,Sterling Shepard,TB,517,414.75,136.37,290.0,645.0,2024-08-30,WR,1,2026-07-26T23:25:48.407461+00:00,,,,
expert,fantasypros_ecr,2024,00-0038046,Charlie Kolar,BAL,518,419.0,28.0,391.0,447.0,2024-08-30,TE,1,2026-07-26T23:25:48.407461+00:00,,,,
expert,fantasypros_ecr,2024,00-0035298,Scotty Miller,PIT,519,424.25,104.6,308.0,594.0,2024-08-30,WR,1,2026-07-26T23:25:48.407461+00:00,,,,
expert,fantasypros_ecr,2024,00-0037745,Velus Jones Jr.,CHI,520,424.67,105.38,338.0,573.0,2024-08-30,WR,1,2026-07-26T23:25:48.407461+00:00,,,,
expert,fantasypros_ecr,2024,00-0033589,David Moore,CAR,521,425.0,116.0,309.0,541.0,2024-08-30,WR,1,2026-07-26T23:25:48.407461+00:00,,,,
expert,fantasypros_ecr,2024,00-0036187,Reggie Gilliam,BUF,522,425.0,80.0,345.0,505.0,2024-08-30,RB,1,2026-07-26T23:25:48.407461+00:00,,,,
expert,fantasypros_ecr,2024,00-0034073,Ross Dwelley,ATL,523,425.0,46.0,379.0,471.0,2024-08-30,TE,1,2026-07-26T23:25:48.407461+00:00,,,,
expert,fantasypros_ecr,2024,00-0037004,Hunter Long,LAR,524,425.5,65.5,360.0,491.0,2024-08-30,TE,1,2026-07-26T23:25:48.407461+00:00,,,,
expert,fantasypros_ecr,2024,00-0038122,Desmond Ridder,ARI,525,427.0,147.89,319.0,680.0,2024-08-30,QB,1,2026-07-26T23:25:48.407461+00:00,,,,
expert,fantasypros_ecr,2024,00-0039392,Jha'Quan Jackson,TEN,526,428.0,142.89,282.0,622.0,2024-08-30,WR,1,2026-07-26T23:25:48.407461+00:00,,,,
expert,fantasypros_ecr,2024,00-0037827,Tyrion Davis-Price,PHI,527,430.0,71.14,365.0,529.0,2024-08-30,RB,1,2026-07-26T23:25:48.407461+00:00,,,,
expert,fantasypros_ecr,2024,00-0026864,Isaiah Williams,FA,528,431.67,129.18,305.0,609.0,2024-08-30,WR,1,2026-07-26T23:25:48.407461+00:00,,,,
expert,fantasypros_ecr,2024,00-0038738,Hunter Luepke,DAL,529,432.5,103.5,329.0,536.0,2024-08-30,RB,1,2026-07-26T23:25:48.407461+00:00,,,,
expert,fantasypros_ecr,2024,00-0037012,Trey Lance,DAL,530,436.5,129.9,338.0,660.0,2024-08-30,QB,1,2026-07-26T23:25:48.407461+00:00,,,,
expert,fantasypros_ecr,2024,00-0034253,Dontrell Hilliard,FA,531,439.5,46.5,393.0,486.0,2024-08-30,RB,1,2026-07-26T23:25:48.407461+00:00,,,,
expert,fantasypros_ecr,2024,00-0035282,Easton Stick,LAC,532,440.33,155.86,307.0,659.0,2024-08-30,QB,1,2026-07-26T23:25:48.407461+00:00,,,,
expert,fantasypros_ecr,2024,00-0036463,Chris Blair,ATL,533,441.0,17.0,424.0,458.0,2024-08-30,WR,1,2026-07-26T23:25:48.407461+00:00,,,,
expert,fantasypros_ecr,2024,00-0036412,KJ Hamler,BUF,534,451.0,159.0,292.0,610.0,2024-08-30,WR,1,2026-07-26T23:25:48.407461+00:00,,,,
expert,fantasypros_ecr,2024,00-0038821,Rakim Jarrett,TB,535,452.0,107.0,345.0,559.0,2024-08-30,WR,1,2026-07-26T23:25:48.407461+00:00,,,,
expert,fantasypros_ecr,2024,00-0039437,Cornelius Johnson,LAC,536,455.0,144.0,311.0,599.0,2024-08-30,WR,1,2026-07-26T23:25:48.407461+00:00,,,,
expert,fantasypros_ecr,2024,00-0039398,Joe Milton III,NE,537,456.0,170.08,313.0,695.0,2024-08-30,QB,1,2026-07-26T23:25:48.407461+00:00,,,,
expert,fantasypros_ecr,2024,00-0033572,Jamal Agnew,FA,538,461.0,85.0,376.0,546.0,2024-08-30,WR,1,2026-07-26T23:25:48.407461+00:00,,,,
expert,fantasypros_ecr,2024,00-0027973,Andy Dalton,CAR,539,463.0,157.7,317.0,682.0,2024-08-30,QB,1,2026-07-26T23:25:48.407461+00:00,,,,
expert,fantasypros_ecr,2024,00-0035624,N'Keal Harry,MIN,540,465.5,84.5,381.0,550.0,2024-08-30,WR,1,2026-07-26T23:25:48.407461+00:00,,,,
expert,fantasypros_ecr,2024,00-0031763,DeAndre Carter,CHI,541,483.0,112.0,371.0,595.0,2024-08-30,WR,1,2026-07-26T23:25:48.407461+00:00,,,,
expert,fantasypros_ecr,2024,00-0034297,Byron Pringle,WAS,542,487.5,88.5,399.0,576.0,2024-08-30,WR,1,2026-07-26T23:25:48.407461+00:00,,,,
expert,fantasypros_ecr,2024,00-0035993,Tyler Huntley,FA,543,491.0,177.0,314.0,668.0,2024-08-30,QB,1,2026-07-26T23:25:48.407461+00:00,,,,
expert,fantasypros_ecr,2024,00-0036646,Simi Fehoko,LAC,544,493.0,109.0,384.0,602.0,2024-08-30,WR,1,2026-07-26T23:25:48.407461+00:00,,,,
expert,fantasypros_ecr,2024,00-0038647,Ronnie Bell,SF,545,496.0,124.0,372.0,620.0,2024-08-30,WR,1,2026-07-26T23:25:48.407461+00:00,,,,
expert,fantasypros_ecr,2024,00-0037098,Samori Toure,CHI,546,504.5,133.5,371.0,638.0,2024-08-30,WR,1,2026-07-26T23:25:48.407461+00:00,,,,
expert,fantasypros_ecr,2024,00-0036387,Jalen Reagor,NE,547,506.5,128.5,378.0,635.0,2024-08-30,WR,1,2026-07-26T23:25:48.407461+00:00,,,,
expert,fantasypros_ecr,2024,00-0038465,Malik Heath,GB,548,509.0,116.0,393.0,625.0,2024-08-30,WR,1,2026-07-26T23:25:48.407461+00:00,,,,
expert,fantasypros_ecr,2024,00-0036999,Anthony Schwartz,MIA,549,509.5,126.5,383.0,636.0,2024-08-30,WR,1,2026-07-26T23:25:48.407461+00:00,,,,
expert,fantasypros_ecr,2024,00-0038416,Tyson Bagent,CHI,550,513.0,164.0,349.0,677.0,2024-08-30,QB,1,2026-07-26T23:25:48.407461+00:00,,,,
expert,fantasypros_ecr,2024,00-0038598,Jaren Hall,FA,551,520.5,164.5,356.0,685.0,2024-08-30,QB,1,2026-07-26T23:25:48.407461+00:00,,,,
expert,fantasypros_ecr,2024,00-0033662,Cooper Rush,DAL,552,524.5,177.5,347.0,702.0,2024-08-30,QB,1,2026-07-26T23:25:48.407461+00:00,,,,
expert,fantasypros_ecr,2024,00-0038476,Tommy DeVito,NYG,553,526.5,136.5,390.0,663.0,2024-08-30,QB,1,2026-07-26T23:25:48.407461+00:00,,,,
expert,fantasypros_ecr,2024,00-0038550,Hendon Hooker,DET,554,530.5,143.5,387.0,674.0,2024-08-30,QB,1,2026-07-26T23:25:48.407461+00:00,,,,
expert,fantasypros_ecr,2024,00-0032128,Chris Conley,SF,555,536.0,111.0,425.0,647.0,2024-08-30,WR,1,2026-07-26T23:25:48.407461+00:00,,,,
expert,fantasypros_ecr,2024,00-0029701,Ryan Tannehill,FA,556,539.0,142.0,397.0,681.0,2024-08-30,QB,1,2026-07-26T23:25:48.407461+00:00,,,,
expert,fantasypros_ecr,2024,00-0038582,Clayton Tune,ARI,557,544.0,144.0,400.0,688.0,2024-08-30,QB,1,2026-07-26T23:25:48.407461+00:00,,,,
expert,fantasypros_ecr,2024,00-0038128,Malik Willis,GB,558,546.5,146.5,400.0,693.0,2024-08-30,QB,1,2026-07-26T23:25:48.407461+00:00,,,,
expert,fantasypros_ecr,2025,00-0036900,Ja'Marr Chase,CIN,1,1.1,0.47,1.0,4.0,2025-08-29,WR,1,2026-07-26T23:25:48.769847+00:00,,,,
expert,fantasypros_ecr,2025,00-0038542,Bijan Robinson,ATL,2,2.72,1.55,2.0,10.0,2025-08-29,RB,1,2026-07-26T23:25:48.769847+00:00,,,,
expert,fantasypros_ecr,2025,00-0036358,CeeDee Lamb,DAL,3,3.58,0.99,1.0,8.0,2025-08-29,WR,1,2026-07-26T23:25:48.769847+00:00,,,,
expert,fantasypros_ecr,2025,00-0036322,Justin Jefferson,MIN,4,4.04,1.42,2.0,9.0,2025-08-29,WR,1,2026-07-26T23:25:48.769847+00:00,,,,
expert,fantasypros_ecr,2025,00-0039139,Jahmyr Gibbs,DET,5,5.64,2.95,2.0,24.0,2025-08-29,RB,1,2026-07-26T23:25:48.769847+00:00,,,,
expert,fantasypros_ecr,2025,00-0039337,Malik Nabers,NYG,6,7.61,2.23,3.0,15.0,2025-08-29,WR,1,2026-07-26T23:25:48.769847+00:00,,,,
expert,fantasypros_ecr,2025,00-0034844,Saquon Barkley,PHI,7,7.74,3.74,3.0,34.0,2025-08-29,RB,1,2026-07-26T23:25:48.769847+00:00,,,,
expert,fantasypros_ecr,2025,00-0036963,Amon-Ra St. Brown,DET,8,8.69,2.52,6.0,15.0,2025-08-29,WR,1,2026-07-26T23:25:48.769847+00:00,,,,
expert,fantasypros_ecr,2025,00-0036554,Nico Collins,HOU,9,9.99,2.46,4.0,19.0,2025-08-29,WR,1,2026-07-26T23:25:48.769847+00:00,,,,
expert,fantasypros_ecr,2025,00-0039075,Puka Nacua,LAR,10,10.51,2.88,4.0,18.0,2025-08-29,WR,1,2026-07-26T23:25:48.769847+00:00,,,,
expert,fantasypros_ecr,2025,00-0033280,Christian McCaffrey,SF,11,11.78,6.24,2.0,43.0,2025-08-29,RB,1,2026-07-26T23:25:48.769847+00:00,,,,
expert,fantasypros_ecr,2025,00-0039893,Brian Thomas Jr.,JAC,12,11.85,2.26,6.0,19.0,2025-08-29,WR,1,2026-07-26T23:25:48.769847+00:00,,,,
expert,fantasypros_ecr,2025,00-0037238,Drake London,ATL,13,12.28,3.8,4.0,22.0,2025-08-29,WR,1,2026-07-26T23:25:48.769847+00:00,,,,
expert,fantasypros_ecr,2025,00-0040122,Ashton Jeanty,LV,14,15.36,6.4,7.0,41.0,2025-08-29,RB,1,2026-07-26T23:25:48.769847+00:00,,,,
expert,fantasypros_ecr,2025,00-0035676,A.J. Brown,PHI,15,16.82,3.35,9.0,35.0,2025-08-29,WR,1,2026-07-26T23:25:48.769847+00:00,,,,
expert,fantasypros_ecr,2025,00-0039040,De'Von Achane,MIA,16,17.13,5.59,9.0,43.0,2025-08-29,RB,1,2026-07-26T23:25:48.769847+00:00,,,,
expert,fantasypros_ecr,2025,00-0039338,Brock Bowers,LV,17,17.8,3.78,12.0,32.0,2025-08-29,TE,1,2026-07-26T23:25:48.769847+00:00,,,,
expert,fantasypros_ecr,2025,00-0039915,Ladd McConkey,LAC,18,18.3,4.13,11.0,29.0,2025-08-29,WR,1,2026-07-26T23:25:48.769847+00:00,,,,
expert,fantasypros_ecr,2025,00-0037744,Trey McBride,ARI,19,21.42,3.05,16.0,32.0,2025-08-29,TE,1,2026-07-26T23:25:48.769847+00:00,,,,
expert,fantasypros_ecr,2025,00-0038543,Jaxon Smith-Njigba,SEA,20,21.71,7.41,9.0,48.0,2025-08-29,WR,1,2026-07-26T23:25:48.769847+00:00,,,,
expert,fantasypros_ecr,2025,00-0032764,Derrick Henry,BAL,21,22.14,6.8,5.0,46.0,2025-08-29,RB,1,2026-07-26T23:25:48.769847+00:00,,,,
expert,fantasypros_ecr,2025,00-0038597,Chase Brown,CIN,22,23.93,6.91,13.0,46.0,2025-08-29,RB,1,2026-07-26T23:25:48.769847+00:00,,,,
expert,fantasypros_ecr,2025,00-0036410,Tee Higgins,CIN,23,24.27,6.75,15.0,45.0,2025-08-29,WR,1,2026-07-26T23:25:48.769847+00:00,,,,
expert,fantasypros_ecr,2025,00-0034857,Josh Allen,BUF,24,26.2,2.38,18.0,37.0,2025-08-29,QB,1,2026-07-26T23:25:48.769847+00:00,,,,
expert,fantasypros_ecr,2025,00-0039361,Bucky Irving,TB,25,26.59,7.68,10.0,47.0,2025-08-29,RB,1,2026-07-26T23:25:48.769847+00:00,,,,
expert,fantasypros_ecr,2025,00-0034796,Lamar Jackson,BAL,26,26.9,2.6,22.0,37.0,2025-08-29,QB,1,2026-07-26T23:25:48.769847+00:00,,,,
expert,fantasypros_ecr,2025,00-0037740,Garrett Wilson,NYJ,27,26.99,8.62,14.0,47.0,2025-08-29,WR,1,2026-07-26T23:25:48.769847+00:00,,,,
expert,fantasypros_ecr,2025,00-0035700,Josh Jacobs,GB,28,28.6,7.77,10.0,65.0,2025-08-29,RB,1,2026-07-26T23:25:48.769847+00:00,,,,
expert,fantasypros_ecr,2025,00-0033040,Tyreek Hill,MIA,29,29.44,8.31,14.0,60.0,2025-08-29,WR,1,2026-07-26T23:25:48.769847+00:00,,,,
expert,fantasypros_ecr,2025,00-0036223,Jonathan Taylor,IND,30,30.2,6.64,18.0,56.0,2025-08-29,RB,1,2026-07-26T23:25:48.769847+00:00,,,,
expert,fantasypros_ecr,2025,00-0033288,George Kittle,SF,31,32.93,7.64,16.0,85.0,2025-08-29,TE,1,2026-07-26T23:25:48.769847+00:00,,,,
expert,fantasypros_ecr,2025,00-0031381,Davante Adams,LAR,32,33.07,6.56,19.0,50.0,2025-08-29,WR,1,2026-07-26T23:25:48.769847+00:00,,,,
expert,fantasypros_ecr,2025,00-0031408,Mike Evans,TB,33,33.27,7.33,18.0,60.0,2025-08-29,WR,1,2026-07-26T23:25:48.769847+00:00,,,,
expert,fantasypros_ecr,2025,00-0039910,Jayden Daniels,WAS,34,34.44,8.42,25.0,59.0,2025-08-29,QB,1,2026-07-26T23:25:48.769847+00:00,,,,
expert,fantasypros_ecr,2025,00-0037840,Kyren Williams,LAR,35,35.08,6.94,21.0,61.0,2025-08-29,RB,1,2026-07-26T23:25:48.769847+00:00,,,,
expert,fantasypros_ecr,2025,00-0039849,Marvin Harrison Jr.,ARI,36,37.78,8.2,18.0,62.0,2025-08-29,WR,1,2026-07-26T23:25:48.769847+00:00,,,,
expert,fantasypros_ecr,2025,00-0036389,Jalen Hurts,PHI,37,38.62,8.64,27.0,63.0,2025-08-29,QB,1,2026-07-26T23:25:48.769847+00:00,,,,
expert,fantasypros_ecr,2025,00-0035659,Terry McLaurin,WAS,38,39.03,10.46,20.0,75.0,2025-08-29,WR,1,2026-07-26T23:25:48.769847+00:00,,,,
expert,fantasypros_ecr,2025,00-0033906,Alvin Kamara,NO,39,41.85,7.22,21.0,58.0,2025-08-29,RB,1,2026-07-26T23:25:48.769847+00:00,,,,
expert,fantasypros_ecr,2025,00-0034827,DJ Moore,CHI,40,42.06,9.58,19.0,71.0,2025-08-29,WR,1,2026-07-26T23:25:48.769847+00:00,,,,
expert,fantasypros_ecr,2025,00-0037248,James Cook,BUF,41,43.65,7.12,24.0,72.0,2025-08-29,RB,1,2026-07-26T23:25:48.769847+00:00,,,,
expert,fantasypros_ecr,2025,00-0038134,Kenneth Walker III,SEA,42,43.86,7.25,23.0,65.0,2025-08-29,RB,1,2026-07-26T23:25:48.769847+00:00,,,,
expert,fantasypros_ecr,2025,00-0040666,Omarion Hampton,LAC,43,44.84,14.33,26.0,152.0,2025-08-29,RB,1,2026-07-26T23:25:48.769847+00:00,,,,
expert,fantasypros_ecr,2025,00-0034348,Courtland Sutton,DEN,44,45.6,7.94,26.0,69.0,2025-08-29,WR,1,2026-07-26T23:25:48.769847+00:00,,,,
expert,fantasypros_ecr,2025,00-0038120,Breece Hall,NYJ,45,46.3,9.1,21.0,72.0,2025-08-29,RB,1,2026-07-26T23:25:48.769847+00:00,,,,
expert,fantasypros_ecr,2025,00-0035640,DK Metcalf,PIT,46,46.51,10.75,28.0,96.0,2025-08-29,WR,1,2026-07-26T23:25:48.769847+00:00,,,,
expert,fantasypros_ecr,2025,00-0040124,Tetairoa McMillan,CAR,47,47.97,15.32,26.0,115.0,2025-08-29,WR,1,2026-07-26T23:25:48.769847+00:00,,,,
expert,fantasypros_ecr,2025,00-0036442,Joe Burrow,CIN,48,48.16,9.35,30.0,80.0,2025-08-29,QB,1,2026-07-26T23:25:48.769847+00:00,,,,
expert,fantasypros_ecr,2025,00-0036912,DeVonta Smith,PHI,49,48.23,8.16,31.0,76.0,2025-08-29,WR,1,2026-07-26T23:25:48.769847+00:00,,,,
expert,fantasypros_ecr,2025,00-0036555,Chuba Hubbard,CAR,50,52.33,7.03,39.0,77.0,2025-08-29,RB,1,2026-07-26T23:25:48.769847+00:00,,,,
expert,fantasypros_ecr,2025,00-0033553,James Conner,ARI,51,53.23,6.86,34.0,77.0,2025-08-29,RB,1,2026-07-26T23:25:48.769847+00:00,,,,
expert,fantasypros_ecr,2025,00-0040734,TreVeyon Henderson,NE,52,54.24,11.54,34.0,98.0,2025-08-29,RB,1,2026-07-26T23:25:48.769847+00:00,,,,
expert,fantasypros_ecr,2025,00-0036613,Jaylen Waddle,MIA,53,54.94,13.01,28.0,90.0,2025-08-29,WR,1,2026-07-26T23:25:48.769847+00:00,,,,
expert,fantasypros_ecr,2025,00-0039894,Xavier Worthy,KC,54,54.97,13.21,35.0,90.0,2025-08-29,WR,1,2026-07-26T23:25:48.769847+00:00,,,,
expert,fantasypros_ecr,2025,00-0034837,Calvin Ridley,TEN,55,56.61,12.11,26.0,91.0,2025-08-29,WR,1,2026-07-26T23:25:48.769847+00:00,,,,
expert,fantasypros_ecr,2025,00-0037247,George Pickens,DAL,56,57.69,13.7,28.0,91.0,2025-08-29,WR,1,2026-07-26T23:25:48.769847+00:00,,,,
expert,fantasypros_ecr,2025,00-0039064,Zay Flowers,BAL,57,58.36,12.53,40.0,94.0,2025-08-29,WR,1,2026-07-26T23:25:48.769847+00:00,,,,
expert,fantasypros_ecr,2025,00-0037240,Jameson Williams,DET,58,60.29,12.78,35.0,107.0,2025-08-29,WR,1,2026-07-26T23:25:48.769847+00:00,,,,
expert,fantasypros_ecr,2025,00-0035261,Tony Pollard,TEN,59,63.5,11.06,46.0,127.0,2025-08-29,RB,1,2026-07-26T23:25:48.769847+00:00,,,,
expert,fantasypros_ecr,2025,00-0036275,D'Andre Swift,CHI,60,64.74,12.52,43.0,122.0,2025-08-29,RB,1,2026-07-26T23:25:48.769847+00:00,,,,
expert,fantasypros_ecr,2025,00-0040730,RJ Harvey,DEN,61,65.17,14.49,33.0,143.0,2025-08-29,RB,1,2026-07-26T23:25:48.769847+00:00,,,,
expert,fantasypros_ecr,2025,00-0033873,Patrick Mahomes II,KC,62,65.44,10.96,38.0,106.0,2025-08-29,QB,1,2026-07-26T23:25:48.769847+00:00,,,,
expert,fantasypros_ecr,2025,00-0037239,Chris Olave,NO,63,66.24,11.68,36.0,101.0,2025-08-29,WR,1,2026-07-26T23:25:48.769847+00:00,,,,
expert,fantasypros_ecr,2025,00-0035229,T.J. Hockenson,MIN,64,66.31,13.43,33.0,106.0,2025-08-29,TE,1,2026-07-26T23:25:48.769847+00:00,,,,
expert,fantasypros_ecr,2025,00-0035685,David Montgomery,DET,65,68.51,7.63,54.0,99.0,2025-08-29,RB,1,2026-07-26T23:25:48.769847+00:00,,,,
expert,fantasypros_ecr,2025,00-0037197,Isiah Pacheco,KC,66,69.1,12.78,47.0,152.0,2025-08-29,RB,1,2026-07-26T23:25:48.769847+00:00,,,,
expert,fantasypros_ecr,2025,00-0040718,Travis Hunter,JAC,67,69.47,18.27,35.0,178.0,2025-08-29,WR,1,2026-07-26T23:25:48.769847+00:00,,,,
expert,fantasypros_ecr,2025,00-0033293,Aaron Jones Sr.,MIN,68,69.54,9.52,53.0,130.0,2025-08-29,RB,1,2026-07-26T23:25:48.769847+00:00,,,,
expert,fantasypros_ecr,2025,00-0039065,Sam LaPorta,DET,69,71.53,12.71,43.0,131.0,2025-08-29,TE,1,2026-07-26T23:25:48.769847+00:00,,,,
expert,fantasypros_ecr,2025,00-0039067,Rashee Rice,KC,70,71.63,22.38,20.0,140.0,2025-08-29,WR,1,2026-07-26T23:25:48.769847+00:00,,,,
expert,fantasypros_ecr,2025,00-0034855,Baker Mayfield,TB,71,72.18,14.88,54.0,114.0,2025-08-29,QB,1,2026-07-26T23:25:48.769847+00:00,,,,
expert,fantasypros_ecr,2025,00-0036407,Jerry Jeudy,CLE,72,72.43,12.82,47.0,107.0,2025-08-29,WR,1,2026-07-26T23:25:48.769847+00:00,,,,
expert,fantasypros_ecr,2025,00-0039732,Bo Nix,DEN,73,75.13,13.58,59.0,119.0,2025-08-29,QB,1,2026-07-26T23:25:48.769847+00:00,,,,
expert,fantasypros_ecr,2025,00-0039919,Rome Odunze,CHI,74,75.74,13.99,44.0,115.0,2025-08-29,WR,1,2026-07-26T23:25:48.769847+00:00,,,,
expert,fantasypros_ecr,2025,00-0030506,Travis Kelce,KC,75,76.09,13.21,56.0,111.0,2025-08-29,TE,1,2026-07-26T23:25:48.769847+00:00,,,,
expert,fantasypros_ecr,2025,00-0031588,Stefon Diggs,NE,76,77.45,14.98,42.0,121.0,2025-08-29,WR,1,2026-07-26T23:25:48.769847+00:00,,,,
expert,fantasypros_ecr,2025,00-0040129,Emeka Egbuka,TB,77,78.84,22.07,26.0,136.0,2025-08-29,WR,1,2026-07-26T23:25:48.769847+00:00,,,,
expert,fantasypros_ecr,2025,00-0039916,Ricky Pearsall,SF,78,81.19,19.04,40.0,126.0,2025-08-29,WR,1,2026-07-26T23:25:48.769847+00:00,,,,
expert,fantasypros_ecr,2025,00-0039384,Tyrone Tracy Jr.,NYG,79,81.46,10.87,61.0,122.0,2025-08-29,RB,1,2026-07-26T23:25:48.769847+00:00,,,,
expert,fantasypros_ecr,2025,00-0037228,Jaylen Warren,PIT,80,81.89,12.18,57.0,143.0,2025-08-29,RB,1,2026-07-26T23:25:48.769847+00:00,,,,
expert,fantasypros_ecr,2025,00-0035228,Kyler Murray,ARI,81,82.66,15.75,59.0,126.0,2025-08-29,QB,1,2026-07-26T23:25:48.769847+00:00,,,,
expert,fantasypros_ecr,2025,00-0034960,Jakobi Meyers,LV,82,82.82,12.82,49.0,123.0,2025-08-29,WR,1,2026-07-26T23:25:48.769847+00:00,,,,
expert,fantasypros_ecr,2025,00-0033077,Dak Prescott,DAL,83,85.86,17.28,59.0,125.0,2025-08-29,QB,1,2026-07-26T23:25:48.769847+00:00,,,,
expert,fantasypros_ecr,2025,00-0033885,David Njoku,CLE,84,86.61,13.66,57.0,111.0,2025-08-29,TE,1,2026-07-26T23:25:48.769847+00:00,,,,
expert,fantasypros_ecr,2025,00-0033881,Evan Engram,DEN,85,87.06,17.07,57.0,144.0,2025-08-29,TE,1,2026-07-26T23:25:48.769847+00:00,,,,
expert,fantasypros_ecr,2025,00-0040142,Kaleb Johnson,PIT,86,89.69,23.2,67.0,213.0,2025-08-29,RB,1,2026-07-26T23:25:48.769847+00:00,,,,
expert,fantasypros_ecr,2025,00-0036973,Travis Etienne Jr.,JAC,87,90.58,14.93,56.0,146.0,2025-08-29,RB,1,2026-07-26T23:25:48.769847+00:00,,,,
expert,fantasypros_ecr,2025,00-0034753,Mark Andrews,BAL,88,90.74,15.09,57.0,155.0,2025-08-29,TE,1,2026-07-26T23:25:48.769847+00:00,,,,
expert,fantasypros_ecr,2025,00-0037261,Khalil Shakir,BUF,89,95.42,13.41,68.0,126.0,2025-08-29,WR,1,2026-07-26T23:25:48.769847+00:00,,,,
expert,fantasypros_ecr,2025,00-0038994,Jordan Addison,MIN,90,95.47,15.97,55.0,128.0,2025-08-29,WR,1,2026-07-26T23:25:48.769847+00:00,,,,
expert,fantasypros_ecr,2025,00-0037834,Brock Purdy,SF,91,95.6,25.66,62.0,308.0,2025-08-29,QB,1,2026-07-26T23:25:48.769847+00:00,,,,
expert,fantasypros_ecr,2025,00-0036945,Justin Fields,NYJ,92,96.48,22.26,62.0,214.0,2025-08-29,QB,1,2026-07-26T23:25:48.769847+00:00,,,,
expert,fantasypros_ecr,2025,00-0039165,Zach Charbonnet,SEA,93,96.73,15.83,72.0,148.0,2025-08-29,RB,1,2026-07-26T23:25:48.769847+00:00,,,,
expert,fantasypros_ecr,2025,00-0035719,Deebo Samuel Sr.,WAS,94,96.84,16.11,60.0,133.0,2025-08-29,WR,1,2026-07-26T23:25:48.769847+00:00,,,,
expert,fantasypros_ecr,2025,00-0036259,Jauan Jennings,SF,95,97.83,15.35,64.0,149.0,2025-08-29,WR,1,2026-07-26T23:25:48.769847+00:00,,,,
expert,fantasypros_ecr,2025,00-0038997,Josh Downs,IND,96,98.45,12.98,69.0,133.0,2025-08-29,WR,1,2026-07-26T23:25:48.769847+00:00,,,,
expert,fantasypros_ecr,2025,00-0036252,Michael Pittman Jr.,IND,97,99.69,17.41,49.0,142.0,2025-08-29,WR,1,2026-07-26T23:25:48.769847+00:00,,,,
expert,fantasypros_ecr,2025,00-0036355,Justin Herbert,LAC,98,100.46,14.47,63.0,135.0,2025-08-29,QB,1,2026-07-26T23:25:48.769847+00:00,,,,
expert,fantasypros_ecr,2025,00-0037525,Jordan Mason,MIN,99,101.11,20.45,75.0,182.0,2025-08-29,RB,1,2026-07-26T23:25:48.769847+00:00,,,,
expert,fantasypros_ecr,2025,00-0036997,Javonte Williams,DAL,100,101.52,18.64,65.0,175.0,2025-08-29,RB,1,2026-07-26T23:25:48.769847+00:00,,,,
expert,fantasypros_ecr,2025,00-0039918,Caleb Williams,CHI,101,102.04,15.04,63.0,141.0,2025-08-29,QB,1,2026-07-26T23:25:48.769847+00:00,,,,
expert,fantasypros_ecr,2025,00-0039851,Drake Maye,NE,102,102.17,13.83,70.0,139.0,2025-08-29,QB,1,2026-07-26T23:25:48.769847+00:00,,,,
expert,fantasypros_ecr,2025,00-0040667,Matthew Golden,GB,103,103.15,23.71,60.0,178.0,2025-08-29,WR,1,2026-07-26T23:25:48.769847+00:00,,,,
expert,fantasypros_ecr,2025,00-0040128,Tyler Warren,IND,104,103.98,20.83,66.0,201.0,2025-08-29,TE,1,2026-07-26T23:25:48.769847+00:00,,,,
expert,fantasypros_ecr,2025,00-0038996,Tucker Kraft,GB,105,104.85,17.63,66.0,229.0,2025-08-29,TE,1,2026-07-26T23:25:48.769847+00:00,,,,
expert,fantasypros_ecr,2025,00-0033106,Jared Goff,DET,106,105.55,14.79,63.0,155.0,2025-08-29,QB,1,2026-07-26T23:25:48.769847+00:00,,,,
expert,fantasypros_ecr,2025,00-0033908,Cooper Kupp,SEA,107,105.69,14.75,64.0,162.0,2025-08-29,WR,1,2026-07-26T23:25:48.769847+00:00,,,,
expert,fantasypros_ecr,2025,00-0033921,Chris Godwin Jr.,TB,108,107.21,25.12,48.0,176.0,2025-08-29,WR,1,2026-07-26T23:25:48.769847+00:00,,,,
expert,fantasypros_ecr,2025,00-0036158,J.K. Dobbins,DEN,109,111.39,30.84,75.0,257.0,2025-08-29,RB,1,2026-07-26T23:25:48.769847+00:00,,,,
expert,fantasypros_ecr,2025,00-0038041,Jake Ferguson,DAL,110,111.69,18.7,73.0,196.0,2025-08-29,TE,1,2026-07-26T23:25:48.769847+00:00,,,,
expert,fantasypros_ecr,2025,00-0036264,Jordan Love,GB,111,112.99,11.45,92.0,160.0,2025-08-29,QB,1,2026-07-26T23:25:48.769847+00:00,,,,
expert,fantasypros_ecr,2025,00-0039146,Jayden Reed,GB,112,113.18,14.08,79.0,163.0,2025-08-29,WR,1,2026-07-26T23:25:48.769847+00:00,,,,
expert,fantasypros_ecr,2025,00-0040242,Jacory Croskey-Merritt,WAS,113,114.19,39.12,72.0,336.0,2025-08-29,RB,1,2026-07-26T23:25:48.769847+00:00,,,,
expert,fantasypros_ecr,2025,00-0036971,Trevor Lawrence,JAC,114,114.83,11.67,79.0,161.0,2025-08-29,QB,1,2026-07-26T23:25:48.769847+00:00,,,,
expert,fantasypros_ecr,2025,00-0033699,Austin Ekeler,WAS,115,116.16,25.64,75.0,231.0,2025-08-29,RB,1,2026-07-26T23:25:48.769847+00:00,,,,
expert,fantasypros_ecr,2025,00-0039163,C.J. Stroud,HOU,116,117.94,12.5,74.0,156.0,2025-08-29,QB,1,2026-07-26T23:25:48.769847+00:00,,,,
expert,fantasypros_ecr,2025,00-0036875,Rhamondre Stevenson,NE,117,118.51,18.56,80.0,177.0,2025-08-29,RB,1,2026-07-26T23:25:48.769847+00:00,,,,
expert,fantasypros_ecr,2025,00-0039923,J.J. McCarthy,MIN,118,120.89,23.95,79.0,321.0,2025-08-29,QB,1,2026-07-26T23:25:48.769847+00:00,,,,
expert,fantasypros_ecr,2025,00-0038555,Tank Bigsby,JAC,119,122.97,21.56,80.0,231.0,2025-08-29,RB,1,2026-07-26T23:25:48.769847+00:00,,,,
expert,fantasypros_ecr,2025,00-0036309,Darnell Mooney,ATL,120,124.36,15.13,90.0,170.0,2025-08-29,WR,1,2026-07-26T23:25:48.769847+00:00,,,,
expert,fantasypros_ecr,2025,00-0040715,Cam Skattebo,NYG,121,124.88,23.27,84.0,231.0,2025-08-29,RB,1,2026-07-26T23:25:48.769847+00:00,,,,
expert,fantasypros_ecr,2025,00-0038933,Dalton Kincaid,BUF,122,125.1,20.69,95.0,203.0,2025-08-29,TE,1,2026-07-26T23:25:48.769847+00:00,,,,
expert,fantasypros_ecr,2025,00-0039901,Keon Coleman,BUF,123,128.12,18.97,83.0,178.0,2025-08-29,WR,1,2026-07-26T23:25:48.769847+00:00,,,,
expert,fantasypros_ecr,2025,00-0034351,Dallas Goedert,PHI,124,130.24,19.92,97.0,203.0,2025-08-29,TE,1,2026-07-26T23:25:48.769847+00:00,,,,
expert,fantasypros_ecr,2025,00-0037256,Rachaad White,TB,125,130.51,22.66,86.0,222.0,2025-08-29,RB,1,2026-07-26T23:25:48.769847+00:00,,,,
expert,fantasypros_ecr,2025,00-0040126,Colston Loveland,CHI,126,131.11,25.15,86.0,209.0,2025-08-29,TE,1,2026-07-26T23:25:48.769847+00:00,,,,
expert,fantasypros_ecr,2025,00-0034775,Christian Kirk,HOU,127,131.96,20.37,86.0,223.0,2025-08-29,WR,1,2026-07-26T23:25:48.769847+00:00,,,,
expert,fantasypros_ecr,2025,00-0037545,Rashid Shaheed,NO,128,132.25,15.83,93.0,170.0,2025-08-29,WR,1,2026-07-26T23:25:48.769847+00:00,,,,
expert,fantasypros_ecr,2025,00-0036893,Najee Harris,LAC,129,136.1,26.85,77.0,228.0,2025-08-29,RB,1,2026-07-26T23:25:48.769847+00:00,,,,
expert,fantasypros_ecr,2025,00-0036261,Brandon Aiyuk,SF,130,136.21,21.96,81.0,208.0,2025-08-29,WR,1,2026-07-26T23:25:48.769847+00:00,,,,
expert,fantasypros_ecr,2025,00-0036212,Tua Tagovailoa,MIA,131,136.45,17.28,108.0,214.0,2025-08-29,QB,1,2026-07-26T23:25:48.769847+00:00,,,,
expert,fantasypros_ecr,2025,00-0039794,Braelon Allen,NYJ,132,136.61,25.37,92.0,222.0,2025-08-29,RB,1,2026-07-26T23:25:48.769847+00:00,,,,
expert,fantasypros_ecr,2025,00-0039150,Bryce Young,CAR,133,140.66,20.75,105.0,242.0,2025-08-29,QB,1,2026-07-26T23:25:48.769847+00:00,,,,
expert,fantasypros_ecr,2025,00-0040784,Quinshon Judkins,CLE,134,141.35,41.94,72.0,314.0,2025-08-29,RB,1,2026-07-26T23:25:48.769847+00:00,,,,
expert,fantasypros_ecr,2025,00-0039032,Tyjae Spears,TEN,135,141.93,30.31,89.0,266.0,2025-08-29,RB,1,2026-07-26T23:25:48.769847+00:00,,,,
expert,fantasypros_ecr,2025,00-0033897,Joe Mixon,HOU,136,142.37,55.81,50.0,317.0,2025-08-29,RB,1,2026-07-26T23:25:48.769847+00:00,,,,
expert,fantasypros_ecr,2025,00-0039921,Trey Benson,ARI,137,143.14,23.19,89.0,251.0,2025-08-29,RB,1,2026-07-26T23:25:48.769847+00:00,,,,
expert,fantasypros_ecr,2025,00-0039917,Michael Penix Jr.,ATL,138,143.79,23.46,92.0,324.0,2025-08-29,QB,1,2026-07-26T23:25:48.769847+00:00,,,,
expert,fantasypros_ecr,2025,00-0040735,Luther Burden III,CHI,139,145.23,23.69,100.0,232.0,2025-08-29,WR,1,2026-07-26T23:25:48.769847+00:00,,,,
expert,fantasypros_ecr,2025,00-0038979,Cedric Tillman,CLE,140,146.25,18.84,91.0,199.0,2025-08-29,WR,1,2026-07-26T23:25:48.769847+00:00,,,,
expert,fantasypros_ecr,2025,00-0033090,Hunter Henry,NE,141,146.27,23.57,97.0,236.0,2025-08-29,TE,1,2026-07-26T23:25:48.769847+00:00,,,,
expert,fantasypros_ecr,2025,00-0039875,Ray Davis,BUF,142,146.72,15.43,117.0,234.0,2025-08-29,RB,1,2026-07-26T23:25:48.769847+00:00,,,,
expert,fantasypros_ecr,2025,00-0038976,Marvin Mims Jr.,DEN,143,147.62,23.89,94.0,262.0,2025-08-29,WR,1,2026-07-26T23:25:48.769847+00:00,,,,
expert,fantasypros_ecr,2025,00-0036550,Rashod Bateman,BAL,144,147.8,18.47,98.0,189.0,2025-08-29,WR,1,2026-07-26T23:25:48.769847+00:00,,,,
expert,fantasypros_ecr,2025,00-0036970,Kyle Pitts Sr.,ATL,145,147.81,26.88,96.0,259.0,2025-08-29,TE,1,2026-07-26T23:25:48.769847+00:00,,,,
expert,fantasypros_ecr,2025,00-0037746,Brian Robinson Jr.,SF,146,148.61,39.2,78.0,313.0,2025-08-29,RB,1,2026-07-26T23:25:48.769847+00:00,,,,
expert,fantasypros_ecr,2025,00-0037267,Jerome Ford,CLE,147,149.45,30.11,86.0,257.0,2025-08-29,RB,1,2026-07-26T23:25:48.769847+00:00,,,,
expert,fantasypros_ecr,2025,00-0040586,Jaydon Blue,DAL,148,151.23,29.38,80.0,313.0,2025-08-29,RB,1,2026-07-26T23:25:48.769847+00:00,,,,
expert,fantasypros_ecr,2025,00-0030279,Keenan Allen,LAC,149,151.39,44.37,82.0,312.0,2025-08-29,WR,1,2026-07-26T23:25:48.769847+00:00,,,,
expert,fantasypros_ecr,2025,00-0026498,Matthew Stafford,LAR,150,152.11,26.5,108.0,242.0,2025-08-29,QB,1,2026-07-26T23:25:48.769847+00:00,,,,
expert,fantasypros_ecr,2025,00-0040130,Jayden Higgins,HOU,151,152.59,31.03,88.0,270.0,2025-08-29,WR,1,2026-07-26T23:25:48.769847+00:00,,,,
expert,fantasypros_ecr,2025,00-0030565,Geno Smith,LV,152,154.19,25.7,107.0,285.0,2025-08-29,QB,1,2026-07-26T23:25:48.769847+00:00,,,,
expert,fantasypros_ecr,2025,00-0037263,Tyler Allgeier,ATL,153,154.67,16.26,122.0,228.0,2025-08-29,RB,1,2026-07-26T23:25:48.769847+00:00,,,,
expert,fantasypros_ecr,2025,00-0040719,Bhayshul Tuten,JAC,154,155.86,40.88,97.0,332.0,2025-08-29,RB,1,2026-07-26T23:25:48.769847+00:00,,,,
expert,fantasypros_ecr,2025,00-0038117,Wan'Dale Robinson,NYG,155,155.94,30.99,69.0,228.0,2025-08-29,WR,1,2026-07-26T23:25:48.769847+00:00,,,,
expert,fantasypros_ecr,2025,00-0040162,Dylan Sampson,CLE,156,158.28,34.12,86.0,234.0,2025-08-29,RB,1,2026-07-26T23:25:48.769847+00:00,,,,
expert,fantasypros_ecr,2025,00-0034791,Nick Chubb,HOU,157,159.86,43.26,102.0,314.0,2025-08-29,RB,1,2026-07-26T23:25:48.769847+00:00,,,,
expert,fantasypros_ecr,2025,00-0037816,Romeo Doubs,GB,158,161.01,21.96,92.0,258.0,2025-08-29,WR,1,2026-07-26T23:25:48.769847+00:00,,,,
expert,fantasypros_ecr,2025,00-0033858,Jonnu Smith,PIT,159,161.2,33.56,85.0,254.0,2025-08-29,TE,1,2026-07-26T23:25:48.769847+00:00,,,,
expert,fantasypros_ecr,2025,00-0030061,Zach Ertz,WAS,160,162.44,29.24,97.0,253.0,2025-08-29,TE,1,2026-07-26T23:25:48.769847+00:00,,,,
expert,fantasypros_ecr,2025,00-0038621,DeMario Douglas,NE,161,163.03,28.29,88.0,227.0,2025-08-29,WR,1,2026-07-26T23:25:48.769847+00:00,,,,
expert,fantasypros_ecr,2025,00-0035662,Marquise Brown,KC,162,164.2,30.38,109.0,388.0,2025-08-29,WR,1,2026-07-26T23:25:48.769847+00:00,,,,
expert,fantasypros_ecr,2025,00-0030035,Adam Thielen,MIN,163,165.09,19.6,111.0,218.0,2025-08-29,WR,1,2026-07-26T23:25:48.769847+00:00,,,,
expert,fantasypros_ecr,2025,00-0036139,Rico Dowdle,CAR,164,168.39,32.15,93.0,275.0,2025-08-29,RB,1,2026-07-26T23:25:48.769847+00:00,,,,
expert,fantasypros_ecr,2025,00-0036988,Joshua Palmer,BUF,165,172.35,28.95,109.0,264.0,2025-08-29,WR,1,2026-07-26T23:25:48.769847+00:00,,,,
expert,fantasypros_ecr,2025,00-0040727,Tre' Harris,LAC,166,173.29,30.64,109.0,265.0,2025-08-29,WR,1,2026-07-26T23:25:48.769847+00:00,,,,
expert,fantasypros_ecr,2025,00-0040676,Cam Ward,TEN,167,173.32,36.3,98.0,335.0,2025-08-29,QB,1,2026-07-26T23:25:48.769847+00:00,,,,
expert,fantasypros_ecr,2025,00-0040131,Kyle Williams,NE,168,173.73,35.0,107.0,303.0,2025-08-29,WR,1,2026-07-26T23:25:48.769847+00:00,,,,
expert,fantasypros_ecr,2025,00-0034869,Sam Darnold,SEA,169,173.79,29.93,129.0,255.0,2025-08-29,QB,1,2026-07-26T23:25:48.769847+00:00,,,,
expert,fantasypros_ecr,2025,00-0038935,Brenton Strange,JAC,170,174.07,39.89,95.0,304.0,2025-08-29,TE,1,2026-07-26T23:25:48.769847+00:00,,,,
expert,fantasypros_ecr,2025,00-0039342,Xavier Legette,CAR,171,177.31,26.26,107.0,264.0,2025-08-29,WR,1,2026-07-26T23:25:48.769847+00:00,,,,
expert,fantasypros_ecr,2025,00-0039491,Jalen Coker,CAR,172,182.11,29.03,109.0,264.0,2025-08-29,WR,1,2026-07-26T23:25:48.769847+00:00,,,,
expert,fantasypros_ecr,2025,00-0038544,Quentin Johnston,LAC,173,182.87,26.62,122.0,269.0,2025-08-29,WR,1,2026-07-26T23:25:48.769847+00:00,,,,
expert,fantasypros_ecr,2025,00-0037692,Brandon Aubrey,DAL,174,187.0,7.32,128.0,216.0,2025-08-29,K,1,2026-07-26T23:25:48.769847+00:00,,,,
expert,fantasypros_ecr,2025,00-0037809,Chig Okonkwo,TEN,175,189.65,42.19,106.0,332.0,2025-08-29,TE,1,2026-07-26T23:25:48.769847+00:00,,,,
expert,fantasypros_ecr,2025,00-0039172,Jake Bates,DET,176,193.24,9.29,133.0,225.0,2025-08-29,K,1,2026-07-26T23:25:48.769847+00:00,,,,
expert,fantasypros_ecr,2025,00-0037224,Cameron Dicker,LAC,177,193.5,7.92,132.0,217.0,2025-08-29,K,1,2026-07-26T23:25:48.769847+00:00,,,,
expert,fantasypros_ecr,2025,00-0039363,Isaac Guerendo,SF,178,197.0,47.28,135.0,313.0,2025-08-29,RB,1,2026-07-26T23:25:48.769847+00:00,,,,
expert,fantasypros_ecr,2025,00-0039021,Roschon Johnson,CHI,179,197.05,38.35,146.0,288.0,2025-08-29,RB,1,2026-07-26T23:25:48.769847+00:00,,,,
expert,fantasypros_ecr,2025,00-0030564,DeAndre Hopkins,BAL,180,198.82,28.0,137.0,293.0,2025-08-29,WR,1,2026-07-26T23:25:48.769847+00:00,,,,
expert,fantasypros_ecr,2025,00-0040198,Ollie Gordon II,MIA,181,199.85,54.69,103.0,343.0,2025-08-29,RB,1,2026-07-26T23:25:48.769847+00:00,,,,
expert,fantasypros_ecr,2025,00-0039738,Blake Corum,LAR,182,201.39,37.24,143.0,311.0,2025-08-29,RB,1,2026-07-26T23:25:48.769847+00:00,,,,
expert,fantasypros_ecr,2025,00-0032569,Wil Lutz,DEN,183,201.8,16.25,138.0,327.0,2025-08-29,K,1,2026-07-26T23:25:48.769847+00:00,,,,
expert,fantasypros_ecr,2025,00-0034829,Mike Gesicki,CIN,184,203.06,31.67,124.0,305.0,2025-08-29,TE,1,2026-07-26T23:25:48.769847+00:00,,,,
expert,fantasypros_ecr,2025,00-0031136,Chris Boswell,PIT,185,204.38,12.44,146.0,256.0,2025-08-29,K,1,2026-07-26T23:25:48.769847+00:00,,,,
expert,fantasypros_ecr,2025,00-0032726,Ka'imi Fairbairn,HOU,186,205.1,12.02,143.0,252.0,2025-08-29,K,1,2026-07-26T23:25:48.769847+00:00,,,,
expert,fantasypros_ecr,2025,00-0035358,Chase McLaughlin,TB,187,205.6,12.97,140.0,282.0,2025-08-29,K,1,2026-07-26T23:25:48.769847+00:00,,,,
expert,fantasypros_ecr,2025,00-0039874,Jaylen Wright,MIA,188,206.05,42.07,141.0,307.0,2025-08-29,RB,1,2026-07-26T23:25:48.769847+00:00,,,,
expert,fantasypros_ecr,2025,00-0038129,Cade Otton,TB,189,206.54,32.06,111.0,279.0,2025-08-29,TE,1,2026-07-26T23:25:48.769847+00:00,,,,
expert,fantasypros_ecr,2025,00-0040583,Woody Marks,HOU,190,209.12,54.32,130.0,327.0,2025-08-29,RB,1,2026-07-26T23:25:48.769847+00:00,,,,
expert,fantasypros_ecr,2025,00-0037664,Alec Pierce,IND,191,210.23,22.02,157.0,303.0,2025-08-29,WR,1,2026-07-26T23:25:48.769847+00:00,,,,
expert,fantasypros_ecr,2025,00-0036894,Pat Freiermuth,PIT,192,210.33,34.42,137.0,320.0,2025-08-29,TE,1,2026-07-26T23:25:48.769847+00:00,,,,
expert,fantasypros_ecr,2025,00-0023459,Aaron Rodgers,PIT,193,211.5,41.28,121.0,308.0,2025-08-29,QB,1,2026-07-26T23:25:48.769847+00:00,,,,
expert,fantasypros_ecr,2025,00-0038559,Michael Wilson,ARI,194,212.56,29.47,165.0,384.0,2025-08-29,WR,1,2026-07-26T23:25:48.769847+00:00,,,,
expert,fantasypros_ecr,2025,00-0039746,Will Shipley,PHI,195,212.59,47.31,135.0,338.0,2025-08-29,RB,1,2026-07-26T23:25:48.769847+00:00,,,,
expert,fantasypros_ecr,2025,00-0040736,Mason Taylor,NYJ,196,214.14,40.71,124.0,301.0,2025-08-29,TE,1,2026-07-26T23:25:48.769847+00:00,,,,
expert,fantasypros_ecr,2025,00-0036854,Evan McPherson,CIN,197,214.55,20.02,152.0,309.0,2025-08-29,K,1,2026-07-26T23:25:48.769847+00:00,,,,
expert,fantasypros_ecr,2025,00-0040729,Jack Bech,LV,198,214.95,38.27,136.0,341.0,2025-08-29,WR,1,2026-07-26T23:25:48.769847+00:00,,,,
expert,fantasypros_ecr,2025,00-0033303,Harrison Butker,KC,199,215.77,21.52,150.0,333.0,2025-08-29,K,1,2026-07-26T23:25:48.769847+00:00,,,,
expert,fantasypros_ecr,2025,00-0034975,Justice Hill,BAL,200,216.94,38.03,143.0,302.0,2025-08-29,RB,1,2026-07-26T23:25:48.769847+00:00,,,,
expert,fantasypros_ecr,2025,00-0036162,Tyler Bass,BUF,201,217.56,16.54,154.0,282.0,2025-08-29,K,1,2026-07-26T23:25:48.769847+00:00,,,,
expert,fantasypros_ecr,2025,00-0040581,Dont'e Thornton Jr.,LV,202,218.18,53.09,120.0,354.0,2025-08-29,WR,1,2026-07-26T23:25:48.769847+00:00,,,,
expert,fantasypros_ecr,2025,00-0040134,Pat Bryant,DEN,203,218.55,39.89,116.0,374.0,2025-08-29,WR,1,2026-07-26T23:25:48.769847+00:00,,,,
expert,fantasypros_ecr,2025,00-0039890,Adonai Mitchell,IND,204,219.14,32.92,135.0,370.0,2025-08-29,WR,1,2026-07-26T23:25:48.769847+00:00,,,,
expert,fantasypros_ecr,2025,00-0040170,Elic Ayomanor,TEN,205,219.54,28.47,146.0,296.0,2025-08-29,WR,1,2026-07-26T23:25:48.769847+00:00,,,,
expert,fantasypros_ecr,2025,00-0035535,Darius Slayton,NYG,206,219.62,29.06,133.0,293.0,2025-08-29,WR,1,2026-07-26T23:25:48.769847+00:00,,,,
expert,fantasypros_ecr,2025,00-0037838,Isaiah Likely,BAL,207,219.94,26.55,138.0,281.0,2025-08-29,TE,1,2026-07-26T23:25:48.769847+00:00,,,,
expert,fantasypros_ecr,2025,00-0025565,Nick Folk,NYJ,208,221.0,18.04,207.0,252.0,2025-08-29,K,1,2026-07-26T23:25:48.769847+00:00,,,,
expert,fantasypros_ecr,2025,00-0033787,Jake Elliott,PHI,209,222.17,19.09,155.0,327.0,2025-08-29,K,1,2026-07-26T23:25:48.769847+00:00,,,,
expert,fantasypros_ecr,2025,00-0040138,Jaylin Noel,HOU,210,223.34,29.99,167.0,323.0,2025-08-29,WR,1,2026-07-26T23:25:48.769847+00:00,,,,
expert,fantasypros_ecr,2025,00-0040179,DJ Giddens,IND,211,224.86,36.43,135.0,341.0,2025-08-29,RB,1,2026-07-26T23:25:48.769847+00:00,,,,
expert,fantasypros_ecr,2025,00-0033923,Kareem Hunt,KC,212,225.53,35.07,160.0,314.0,2025-08-29,RB,1,2026-07-26T23:25:48.769847+00:00,,,,
expert,fantasypros_ecr,2025,00-0039855,Jalen McMillan,TB,213,225.78,61.05,115.0,374.0,2025-08-29,WR,1,2026-07-26T23:25:48.769847+00:00,,,,
expert,fantasypros_ecr,2025,00-0038619,Andrei Iosivas,CIN,214,226.54,22.24,170.0,287.0,2025-08-29,WR,1,2026-07-26T23:25:48.769847+00:00,,,,
expert,fantasypros_ecr,2025,00-0037837,Calvin Austin III,PIT,215,229.18,34.95,140.0,315.0,2025-08-29,WR,1,2026-07-26T23:25:48.769847+00:00,,,,
expert,fantasypros_ecr,2025,00-0038551,Kendre Miller,NO,216,229.35,30.83,146.0,311.0,2025-08-29,RB,1,2026-07-26T23:25:48.769847+00:00,,,,
expert,fantasypros_ecr,2025,00-0032211,Tyler Lockett,TEN,217,230.36,30.1,150.0,302.0,2025-08-29,WR,1,2026-07-26T23:25:48.769847+00:00,,,,
expert,fantasypros_ecr,2025,00-0039811,MarShawn Lloyd,GB,218,230.76,42.01,157.0,330.0,2025-08-29,RB,1,2026-07-26T23:25:48.769847+00:00,,,,
expert,fantasypros_ecr,2025,00-0040236,Kyle Monangai,CHI,219,231.99,39.18,148.0,365.0,2025-08-29,RB,1,2026-07-26T23:25:48.769847+00:00,,,,
expert,fantasypros_ecr,2025,00-0038393,Dontayvion Wicks,GB,220,232.19,36.3,149.0,380.0,2025-08-29,WR,1,2026-07-26T23:25:48.769847+00:00,,,,
expert,fantasypros_ecr,2025,00-0034383,Dalton Schultz,HOU,221,234.09,28.11,124.0,295.0,2025-08-29,TE,1,2026-07-26T23:25:48.769847+00:00,,,,
expert,fantasypros_ecr,2025,00-0033702,Younghoe Koo,ATL,222,234.73,21.95,179.0,282.0,2025-08-29,K,1,2026-07-26T23:25:48.769847+00:00,,,,
expert,fantasypros_ecr,2025,00-0034794,Jason Sanders,MIA,223,235.18,21.6,171.0,294.0,2025-08-29,K,1,2026-07-26T23:25:48.769847+00:00,,,,
expert,fantasypros_ecr,2025,00-0040074,Tyler Loop,BAL,224,235.51,26.2,198.0,331.0,2025-08-29,K,1,2026-07-26T23:25:48.769847+00:00,,,,
expert,fantasypros_ecr,2025,00-0035269,Matt Gay,WAS,225,236.69,34.45,156.0,361.0,2025-08-29,K,1,2026-07-26T23:25:48.769847+00:00,,,,
expert,fantasypros_ecr,2025,00-0035710,Daniel Jones,IND,226,237.42,42.19,134.0,324.0,2025-08-29,QB,1,2026-07-26T23:25:48.769847+00:00,,,,
expert,fantasypros_ecr,2025,00-0040648,Tory Horton,SEA,227,237.73,45.1,150.0,316.0,2025-08-29,WR,1,2026-07-26T23:25:48.769847+00:00,,,,
expert,fantasypros_ecr,2025,00-0038454,Keaton Mitchell,BAL,228,237.79,40.57,135.0,318.0,2025-08-29,RB,1,2026-07-26T23:25:48.769847+00:00,,,,
expert,fantasypros_ecr,2025,00-0036626,Dyami Brown,JAC,229,238.4,35.8,149.0,326.0,2025-08-29,WR,1,2026-07-26T23:25:48.769847+00:00,,,,
expert,fantasypros_ecr,2025,00-0029597,Justin Tucker,FA,230,240.33,46.43,187.0,327.0,2025-08-29,K,1,2026-07-26T23:25:48.769847+00:00,,,,
expert,fantasypros_ecr,2025,00-0039356,Ja'Tavion Sanders,CAR,231,240.72,26.25,158.0,295.0,2025-08-29,TE,1,2026-07-26T23:25:48.769847+00:00,,,,
expert,fantasypros_ecr,2025,00-0038611,Chris Rodriguez Jr.,WAS,232,241.38,60.25,134.0,394.0,2025-08-29,RB,1,2026-07-26T23:25:48.769847+00:00,,,,
expert,fantasypros_ecr,2025,00-0040739,Elijah Arroyo,SEA,233,241.44,39.57,112.0,345.0,2025-08-29,TE,1,2026-07-26T23:25:48.769847+00:00,,,,
expert,fantasypros_ecr,2025,00-0040078,Brashard Smith,KC,234,241.55,44.08,135.0,347.0,2025-08-29,RB,1,2026-07-26T23:25:48.769847+00:00,,,,
expert,fantasypros_ecr,2025,00-0040208,Tahj Brooks,CIN,235,242.39,48.45,141.0,358.0,2025-08-29,RB,1,2026-07-26T23:25:48.769847+00:00,,,,
expert,fantasypros_ecr,2025,00-0040669,Isaac TeSlaa,DET,236,242.99,47.53,128.0,347.0,2025-08-29,WR,1,2026-07-26T23:25:48.769847+00:00,,,,
expert,fantasypros_ecr,2025,00-0040646,Jalen Royals,KC,237,243.72,28.13,177.0,315.0,2025-08-29,WR,1,2026-07-26T23:25:48.769847+00:00,,,,
expert,fantasypros_ecr,2025,00-0026858,Graham Gano,NYG,238,245.0,62.16,198.0,363.0,2025-08-29,K,1,2026-07-26T23:25:48.769847+00:00,,,,
expert,fantasypros_ecr,2025,00-0039424,Devaughn Vele,NO,239,245.09,27.35,185.0,379.0,2025-08-29,WR,1,2026-07-26T23:25:48.769847+00:00,,,,
expert,fantasypros_ecr,2025,00-0038794,Jaleel McLaughlin,DEN,240,245.73,37.11,152.0,337.0,2025-08-29,RB,1,2026-07-26T23:25:48.769847+00:00,,,,
expert,fantasypros_ecr,2025,00-0034173,Eddy Pineiro,FA,241,246.0,4.9,240.0,250.0,2025-08-29,K,1,2026-07-26T23:25:48.769847+00:00,,,,
expert,fantasypros_ecr,2025,00-0031544,Amari Cooper,LV,242,246.49,49.03,154.0,353.0,2025-08-29,WR,1,2026-07-26T23:25:48.769847+00:00,,,,
expert,fantasypros_ecr,2025,00-0035243,Miles Sanders,DAL,243,246.82,30.89,148.0,328.0,2025-08-29,RB,1,2026-07-26T23:25:48.769847+00:00,,,,
expert,fantasypros_ecr,2025,00-0039739,Roman Wilson,PIT,244,247.57,36.05,140.0,391.0,2025-08-29,WR,1,2026-07-26T23:25:48.769847+00:00,,,,
expert,fantasypros_ecr,2025,00-0029263,Russell Wilson,NYG,245,247.75,30.8,139.0,308.0,2025-08-29,QB,1,2026-07-26T23:25:48.769847+00:00,,,,
expert,fantasypros_ecr,2025,00-0036040,Juwan Johnson,NO,246,248.58,23.99,163.0,306.0,2025-08-29,TE,1,2026-07-26T23:25:48.769847+00:00,,,,
expert,fantasypros_ecr,2025,00-0039847,Theo Johnson,NYG,247,249.17,34.41,144.0,336.0,2025-08-29,TE,1,2026-07-26T23:25:48.769847+00:00,,,,
expert,fantasypros_ecr,2025,00-0031203,Cairo Santos,CHI,248,250.0,50.0,207.0,373.0,2025-08-29,K,1,2026-07-26T23:25:48.769847+00:00,,,,
expert,fantasypros_ecr,2025,00-0039868,Troy Franklin,DEN,249,250.5,47.22,170.0,346.0,2025-08-29,WR,1,2026-07-26T23:25:48.769847+00:00,,,,
expert,fantasypros_ecr,2025,00-0033537,Deshaun Watson,CLE,250,253.5,94.5,159.0,348.0,2025-08-29,QB,1,2026-07-26T23:25:48.769847+00:00,,,,
expert,fantasypros_ecr,2025,00-0037258,Dameon Pierce,HOU,251,255.62,44.98,146.0,326.0,2025-08-29,RB,1,2026-07-26T23:25:48.769847+00:00,,,,
expert,fantasypros_ecr,2025,00-0036290,Cole Kmet,CHI,252,257.08,30.19,158.0,320.0,2025-08-29,TE,1,2026-07-26T23:25:48.769847+00:00,,,,
expert,fantasypros_ecr,2025,00-0031610,Darren Waller,MIA,253,257.23,36.4,155.0,345.0,2025-08-29,TE,1,2026-07-26T23:25:48.769847+00:00,,,,
expert,fantasypros_ecr,2025,00-0039880,Malik Washington,MIA,254,257.25,31.72,149.0,358.0,2025-08-29,WR,1,2026-07-26T23:25:48.769847+00:00,,,,
expert,fantasypros_ecr,2025,00-0040692,Jarquez Hunter,LAR,255,257.34,38.56,162.0,376.0,2025-08-29,RB,1,2026-07-26T23:25:48.769847+00:00,,,,
expert,fantasypros_ecr,2025,00-0038905,Blake Grupe,NO,256,257.43,55.99,204.0,372.0,2025-08-29,K,1,2026-07-26T23:25:48.769847+00:00,,,,
expert,fantasypros_ecr,2025,00-0035216,Diontae Johnson,FA,257,257.48,44.04,142.0,378.0,2025-08-29,WR,1,2026-07-26T23:25:48.769847+00:00,,,,
expert,fantasypros_ecr,2025,00-0039750,Joshua Karty,LAR,258,257.67,26.03,197.0,333.0,2025-08-29,K,1,2026-07-26T23:25:48.769847+00:00,,,,
expert,fantasypros_ecr,2025,00-0039404,Will Reichard,MIN,259,257.85,39.03,198.0,333.0,2025-08-29,K,1,2026-07-26T23:25:48.769847+00:00,,,,
expert,fantasypros_ecr,2025,00-0031236,Brandin Cooks,NO,260,258.31,30.88,195.0,359.0,2025-08-29,WR,1,2026-07-26T23:25:48.769847+00:00,,,,
expert,fantasypros_ecr,2025,00-0037666,Jalen Tolbert,DAL,261,259.67,27.5,174.0,331.0,2025-08-29,WR,1,2026-07-26T23:25:48.769847+00:00,,,,
expert,fantasypros_ecr,2025,00-0031687,Raheem Mostert,LV,262,259.98,31.92,164.0,329.0,2025-08-29,RB,1,2026-07-26T23:25:48.769847+00:00,,,,
expert,fantasypros_ecr,2025,00-0023853,Matt Prater,FA,263,261.13,41.18,192.0,317.0,2025-08-29,K,1,2026-07-26T23:25:48.769847+00:00,,,,
expert,fantasypros_ecr,2025,00-0038839,Mitchell Tinsley,CIN,264,261.5,3.5,258.0,265.0,2025-08-29,WR,1,2026-07-26T23:25:48.769847+00:00,,,,
expert,fantasypros_ecr,2025,00-0040663,Harold Fannin Jr.,CLE,265,261.78,33.44,155.0,341.0,2025-08-29,TE,1,2026-07-26T23:25:48.769847+00:00,,,,
expert,fantasypros_ecr,2025,00-0038608,Kayshon Boutte,NE,266,261.78,29.91,176.0,350.0,2025-08-29,WR,1,2026-07-26T23:25:48.769847+00:00,,,,
expert,fantasypros_ecr,2025,00-0034407,Ray-Ray McCloud III,ATL,267,263.4,41.81,170.0,338.0,2025-08-29,WR,1,2026-07-26T23:25:48.769847+00:00,,,,
expert,fantasypros_ecr,2025,00-0038567,Chad Ryland,ARI,268,263.5,27.66,241.0,331.0,2025-08-29,K,1,2026-07-26T23:25:48.769847+00:00,,,,
expert,fantasypros_ecr,2025,00-0036980,Elijah Moore,BUF,269,263.63,33.69,184.0,367.0,2025-08-29,WR,1,2026-07-26T23:25:48.769847+00:00,,,,
expert,fantasypros_ecr,2025,00-0040202,Devin Neal,NO,270,263.88,37.9,161.0,364.0,2025-08-29,RB,1,2026-07-26T23:25:48.769847+00:00,,,,
expert,fantasypros_ecr,2025,00-0038562,Jake Moody,SF,271,264.95,42.35,215.0,370.0,2025-08-29,K,1,2026-07-26T23:25:48.769847+00:00,,,,
expert,fantasypros_ecr,2025,00-0036182,Nick Westbrook-Ikhine,MIA,272,265.8,29.38,180.0,385.0,2025-08-29,WR,1,2026-07-26T23:25:48.769847+00:00,,,,
expert,fantasypros_ecr,2025,00-0029822,Brandon McManus,GB,273,266.21,40.94,211.0,362.0,2025-08-29,K,1,2026-07-26T23:25:48.769847+00:00,,,,
expert,fantasypros_ecr,2025,00-0034161,Daniel Carlson,LV,274,267.26,39.74,193.0,338.0,2025-08-29,K,1,2026-07-26T23:25:48.769847+00:00,,,,
expert,fantasypros_ecr,2025,00-0038951,Sean Tucker,TB,275,267.4,36.48,162.0,330.0,2025-08-29,RB,1,2026-07-26T23:25:48.769847+00:00,,,,
expert,fantasypros_ecr,2025,00-0036919,Kenneth Gainwell,PIT,276,269.31,28.11,177.0,381.0,2025-08-29,RB,1,2026-07-26T23:25:48.769847+00:00,,,,
expert,fantasypros_ecr,2025,00-0036849,Tutu Atwell,LAR,277,269.71,44.83,176.0,384.0,2025-08-29,WR,1,2026-07-26T23:25:48.769847+00:00,,,,
expert,fantasypros_ecr,2025,00-0036328,Antonio Gibson,NE,278,271.13,29.55,164.0,330.0,2025-08-29,RB,1,2026-07-26T23:25:48.769847+00:00,,,,
expert,fantasypros_ecr,2025,00-0026158,Joe Flacco,CLE,279,271.25,37.31,147.0,386.0,2025-08-29,QB,1,2026-07-26T23:25:48.769847+00:00,,,,
expert,fantasypros_ecr,2025,00-0039409,Cam Little,JAC,280,272.77,48.8,194.0,371.0,2025-08-29,K,1,2026-07-26T23:25:48.769847+00:00,,,,
expert,fantasypros_ecr,2025,00-0038563,Tre Tucker,LV,281,273.51,23.03,205.0,339.0,2025-08-29,WR,1,2026-07-26T23:25:48.769847+00:00,,,,
expert,fantasypros_ecr,2025,00-0040644,Trevor Etienne,CAR,282,273.59,30.66,172.0,343.0,2025-08-29,RB,1,2026-07-26T23:25:48.769847+00:00,,,,
expert,fantasypros_ecr,2025,00-0031492,Jason Myers,SEA,283,274.0,29.84,187.0,333.0,2025-08-29,K,1,2026-07-26T23:25:48.769847+00:00,,,,
expert,fantasypros_ecr,2025,00-0039164,Anthony Richardson Sr.,IND,284,274.65,43.53,129.0,332.0,2025-08-29,QB,1,2026-07-26T23:25:48.769847+00:00,,,,
expert,fantasypros_ecr,2025,00-0036637,Noah Gray,KC,285,275.59,24.49,205.0,351.0,2025-08-29,TE,1,2026-07-26T23:25:48.769847+00:00,,,,
expert,fantasypros_ecr,2025,00-0035250,Devin Singletary,NYG,286,275.62,28.35,177.0,354.0,2025-08-29,RB,1,2026-07-26T23:25:48.769847+00:00,,,,
expert,fantasypros_ecr,2025,00-0033110,Tyler Higbee,LAR,287,275.75,38.64,158.0,341.0,2025-08-29,TE,1,2026-07-26T23:25:48.769847+00:00,,,,
expert,fantasypros_ecr,2025,00-0036567,Elijah Mitchell,KC,288,276.29,29.43,175.0,365.0,2025-08-29,RB,1,2026-07-26T23:25:48.769847+00:00,,,,
expert,fantasypros_ecr,2025,00-0033943,Josh Reynolds,NYJ,289,277.96,45.42,180.0,391.0,2025-08-29,WR,1,2026-07-26T23:25:48.769847+00:00,,,,
expert,fantasypros_ecr,2025,00-0035537,Ty Johnson,BUF,290,278.11,27.45,189.0,332.0,2025-08-29,RB,1,2026-07-26T23:25:48.769847+00:00,,,,
expert,fantasypros_ecr,2025,00-0037801,KaVontae Turpin,DAL,291,280.73,39.5,197.0,365.0,2025-08-29,WR,1,2026-07-26T23:25:48.769847+00:00,,,,
expert,fantasypros_ecr,2025,00-0037291,Jalen Nailor,MIN,292,283.07,23.56,214.0,345.0,2025-08-29,WR,1,2026-07-26T23:25:48.769847+00:00,,,,
expert,fantasypros_ecr,2025,00-0033591,Noah Brown,WAS,293,283.09,42.27,208.0,371.0,2025-08-29,WR,1,2026-07-26T23:25:48.769847+00:00,,,,
expert,fantasypros_ecr,2025,00-0033375,Tim Patrick,JAC,294,283.84,26.26,225.0,371.0,2025-08-29,WR,1,2026-07-26T23:25:48.769847+00:00,,,,
expert,fantasypros_ecr,2025,00-0038606,Parker Washington,JAC,295,284.09,20.8,230.0,360.0,2025-08-29,WR,1,2026-07-26T23:25:48.769847+00:00,,,,
expert,fantasypros_ecr,2025,00-0039373,Audric Estime,FA,296,285.45,49.0,169.0,389.0,2025-08-29,RB,1,2026-07-26T23:25:48.769847+00:00,,,,
expert,fantasypros_ecr,2025,00-0040737,Terrance Ferguson,LAR,297,285.93,33.55,196.0,389.0,2025-08-29,TE,1,2026-07-26T23:25:48.769847+00:00,,,,
expert,fantasypros_ecr,2025,00-0039798,Isaiah Davis,NYJ,298,288.44,27.0,212.0,370.0,2025-08-29,RB,1,2026-07-26T23:25:48.769847+00:00,,,,
expert,fantasypros_ecr,2025,00-0040522,Xavier Restrepo,TEN,299,288.66,34.02,218.0,379.0,2025-08-29,WR,1,2026-07-26T23:25:48.769847+00:00,,,,
expert,fantasypros_ecr,2025,00-0040691,Jaxson Dart,NYG,300,289.59,30.65,212.0,359.0,2025-08-29,QB,1,2026-07-26T23:25:48.769847+00:00,,,,
expert,fantasypros_ecr,2025,00-0039355,Luke McCaffrey,WAS,301,290.0,27.37,204.0,376.0,2025-08-29,WR,1,2026-07-26T23:25:48.769847+00:00,,,,
expert,fantasypros_ecr,2025,00-0040782,Isaiah Bond,CLE,302,290.35,56.19,195.0,371.0,2025-08-29,WR,1,2026-07-26T23:25:48.769847+00:00,,,,
expert,fantasypros_ecr,2025,00-0033357,Taysom Hill,NO,303,290.38,33.32,203.0,392.0,2025-08-29,TE,1,2026-07-26T23:25:48.769847+00:00,,,,
expert,fantasypros_ecr,2025,00-0033526,Samaje Perine,CIN,304,292.48,42.13,169.0,375.0,2025-08-29,RB,1,2026-07-26T23:25:48.769847+00:00,,,,
expert,fantasypros_ecr,2025,00-0035208,Olamide Zaccheaus,CHI,305,292.9,53.44,174.0,391.0,2025-08-29,WR,1,2026-07-26T23:25:48.769847+00:00,,,,
expert,fantasypros_ecr,2025,00-0040184,KeAndre Lambert-Smith,LAC,306,293.13,45.63,206.0,378.0,2025-08-29,WR,1,2026-07-26T23:25:48.769847+00:00,,,,
expert,fantasypros_ecr,2025,00-0035644,Noah Fant,CIN,307,293.47,31.19,209.0,375.0,2025-08-29,TE,1,2026-07-26T23:25:48.769847+00:00,,,,
expert,fantasypros_ecr,2025,00-0039751,Jordan Whittington,LAR,308,294.45,37.69,202.0,369.0,2025-08-29,WR,1,2026-07-26T23:25:48.769847+00:00,,,,
expert,fantasypros_ecr,2025,00-0038124,Christian Watson,GB,309,296.24,28.31,209.0,378.0,2025-08-29,WR,1,2026-07-26T23:25:48.769847+00:00,,,,
expert,fantasypros_ecr,2025,00-0040177,Jordan James,SF,310,296.99,30.1,228.0,394.0,2025-08-29,RB,1,2026-07-26T23:25:48.769847+00:00,,,,
expert,fantasypros_ecr,2025,00-0035189,Matthew Wright,FA,311,298.0,83.0,215.0,381.0,2025-08-29,K,1,2026-07-26T23:25:48.769847+00:00,,,,
expert,fantasypros_ecr,2025,00-0040189,Oronde Gadsden II,LAC,312,298.46,30.79,221.0,361.0,2025-08-29,TE,1,2026-07-26T23:25:48.769847+00:00,,,,
expert,fantasypros_ecr,2025,00-0036196,Gabe Davis,FA,313,298.77,35.73,232.0,376.0,2025-08-29,WR,1,2026-07-26T23:25:48.769847+00:00,,,,
expert,fantasypros_ecr,2025,00-0040164,Jaylin Lane,WAS,314,299.24,44.25,202.0,373.0,2025-08-29,WR,1,2026-07-26T23:25:48.769847+00:00,,,,
expert,fantasypros_ecr,2025,00-0040743,Tyler Shough,NO,315,300.48,27.65,211.0,353.0,2025-08-29,QB,1,2026-07-26T23:25:48.769847+00:00,,,,
expert,fantasypros_ecr,2025,00-0034270,Tyler Conklin,LAC,316,300.94,31.12,203.0,361.0,2025-08-29,TE,1,2026-07-26T23:25:48.769847+00:00,,,,
expert,fantasypros_ecr,2025,00-0040237,Tez Johnson,TB,317,300.96,31.58,244.0,392.0,2025-08-29,WR,1,2026-07-26T23:25:48.769847+00:00,,,,
expert,fantasypros_ecr,2025,00-0038797,Emanuel Wilson,GB,318,301.22,32.22,177.0,352.0,2025-08-29,RB,1,2026-07-26T23:25:48.769847+00:00,,,,
expert,fantasypros_ecr,2025,00-0039376,Spencer Rattler,NO,319,301.35,32.77,229.0,387.0,2025-08-29,QB,1,2026-07-26T23:25:48.769847+00:00,,,,
expert,fantasypros_ecr,2025,00-0036906,Khalil Herbert,FA,320,302.28,25.63,222.0,364.0,2025-08-29,RB,1,2026-07-26T23:25:48.769847+00:00,,,,
expert,fantasypros_ecr,2025,00-0039391,Kimani Vidal,LAC,321,302.83,27.35,177.0,354.0,2025-08-29,RB,1,2026-07-26T23:25:48.769847+00:00,,,,
expert,fantasypros_ecr,2025,00-0039810,Jermaine Burton,CIN,322,303.37,20.94,265.0,384.0,2025-08-29,WR,1,2026-07-26T23:25:48.769847+00:00,,,,
expert,fantasypros_ecr,2025,00-0039379,Jamari Thrash,CLE,323,305.4,40.31,247.0,379.0,2025-08-29,WR,1,2026-07-26T23:25:48.769847+00:00,,,,
expert,fantasypros_ecr,2025,00-0039912,Ben Sinnott,WAS,324,306.09,28.6,246.0,372.0,2025-08-29,TE,1,2026-07-26T23:25:48.769847+00:00,,,,
expert,fantasypros_ecr,2025,00-0038685,Chris Brooks,GB,325,306.28,19.84,226.0,370.0,2025-08-29,RB,1,2026-07-26T23:25:48.769847+00:00,,,,
expert,fantasypros_ecr,2025,00-0036251,Zack Moss,FA,326,308.14,28.92,263.0,381.0,2025-08-29,RB,1,2026-07-26T23:25:48.769847+00:00,,,,
expert,fantasypros_ecr,2025,00-0029892,Kyle Juszczyk,SF,327,308.25,30.45,257.0,358.0,2025-08-29,RB,1,2026-07-26T23:25:48.769847+00:00,,,,
expert,fantasypros_ecr,2025,00-0037509,Sincere McCormick,SF,328,308.54,29.32,237.0,387.0,2025-08-29,RB,1,2026-07-26T23:25:48.769847+00:00,,,,
expert,fantasypros_ecr,2025,00-0037614,John Metchie III,PHI,329,308.71,32.24,265.0,380.0,2025-08-29,WR,1,2026-07-26T23:25:48.769847+00:00,,,,
expert,fantasypros_ecr,2025,00-0034159,Will Dissly,LAC,330,310.13,32.72,236.0,375.0,2025-08-29,TE,1,2026-07-26T23:25:48.769847+00:00,,,,
expert,fantasypros_ecr,2025,00-0040021,Phil Mafah,DAL,331,310.45,19.72,243.0,366.0,2025-08-29,RB,1,2026-07-26T23:25:48.769847+00:00,,,,
expert,fantasypros_ecr,2025,00-0040651,Damien Martinez,SEA,332,310.69,23.03,251.0,364.0,2025-08-29,RB,1,2026-07-26T23:25:48.769847+00:00,,,,
expert,fantasypros_ecr,2025,00-0040563,Efton Chism III,NE,333,312.08,44.47,256.0,396.0,2025-08-29,WR,1,2026-07-26T23:25:48.769847+00:00,,,,
expert,fantasypros_ecr,2025,00-0032775,Demarcus Robinson,SF,334,312.48,24.65,270.0,385.0,2025-08-29,WR,1,2026-07-26T23:25:48.769847+00:00,,,,
expert,fantasypros_ecr,2025,00-0037276,Ty Chandler,MIN,335,314.51,16.48,283.0,383.0,2025-08-29,RB,1,2026-07-26T23:25:48.769847+00:00,,,,
expert,fantasypros_ecr,2025,00-0036972,Mac Jones,SF,336,315.5,1.5,314.0,317.0,2025-08-29,QB,1,2026-07-26T23:25:48.769847+00:00,,,,
expert,fantasypros_ecr,2025,00-0036265,A.J. Dillon,PHI,337,316.34,30.49,233.0,366.0,2025-08-29,RB,1,2026-07-26T23:25:48.769847+00:00,,,,
expert,fantasypros_ecr,2025,00-0038090,Skyy Moore,SF,338,316.6,35.54,264.0,364.0,2025-08-29,WR,1,2026-07-26T23:25:48.769847+00:00,,,,
expert,fantasypros_ecr,2025,00-0034521,Allen Lazard,NYJ,339,316.61,46.77,213.0,380.0,2025-08-29,WR,1,2026-07-26T23:25:48.769847+00:00,,,,
expert,fantasypros_ecr,2025,00-0040668,Shedeur Sanders,CLE,340,317.36,26.84,235.0,383.0,2025-08-29,QB,1,2026-07-26T23:25:48.769847+00:00,,,,
expert,fantasypros_ecr,2025,00-0038705,Emari Demercado,ARI,341,317.61,24.73,238.0,366.0,2025-08-29,RB,1,2026-07-26T23:25:48.769847+00:00,,,,
expert,fantasypros_ecr,2025,00-0040154,Tai Felton,MIN,342,318.22,24.82,254.0,391.0,2025-08-29,WR,1,2026-07-26T23:25:48.769847+00:00,,,,
expert,fantasypros_ecr,2025,00-0039793,AJ Barner,SEA,343,318.68,32.1,261.0,382.0,2025-08-29,TE,1,2026-07-26T23:25:48.769847+00:00,,,,
expert,fantasypros_ecr,2025,00-0038040,Zamir White,LV,344,320.16,23.36,250.0,387.0,2025-08-29,RB,1,2026-07-26T23:25:48.769847+00:00,,,,
expert,fantasypros_ecr,2025,00-0039066,Michael Mayer,LV,345,320.31,29.12,256.0,367.0,2025-08-29,TE,1,2026-07-26T23:25:48.769847+00:00,,,,
expert,fantasypros_ecr,2025,00-0040673,Jalen Milroe,SEA,346,320.62,26.8,238.0,398.0,2025-08-29,QB,1,2026-07-26T23:25:48.769847+00:00,,,,
expert,fantasypros_ecr,2025,00-0038977,Tank Dell,HOU,347,320.89,43.14,258.0,385.0,2025-08-29,WR,1,2026-07-26T23:25:48.769847+00:00,,,,
expert,fantasypros_ecr,2025,00-0040466,Raheim Sanders,CLE,348,321.05,23.93,277.0,394.0,2025-08-29,RB,1,2026-07-26T23:25:48.769847+00:00,,,,
expert,fantasypros_ecr,2025,00-0033891,Zay Jones,ARI,349,321.96,34.91,262.0,396.0,2025-08-29,WR,1,2026-07-26T23:25:48.769847+00:00,,,,
expert,fantasypros_ecr,2025,00-0034272,Marquez Valdes-Scantling,SF,350,322.13,35.18,218.0,374.0,2025-08-29,WR,1,2026-07-26T23:25:48.769847+00:00,,,,
expert,fantasypros_ecr,2025,00-0038618,Xavier Hutchinson,HOU,351,323.0,37.04,270.0,374.0,2025-08-29,WR,1,2026-07-26T23:25:48.769847+00:00,,,,
expert,fantasypros_ecr,2025,00-0036414,Cam Akers,FA,352,323.68,33.44,251.0,382.0,2025-08-29,RB,1,2026-07-26T23:25:48.769847+00:00,,,,
expert,fantasypros_ecr,2025,00-0034184,Gus Edwards,FA,353,323.7,24.32,274.0,381.0,2025-08-29,RB,1,2026-07-26T23:25:48.769847+00:00,,,,
expert,fantasypros_ecr,2025,00-0040238,LeQuint Allen Jr.,JAC,354,323.77,23.01,279.0,370.0,2025-08-29,RB,1,2026-07-26T23:25:48.769847+00:00,,,,
expert,fantasypros_ecr,2025,00-0039394,Casey Washington,ATL,355,325.25,14.18,305.0,340.0,2025-08-29,WR,1,2026-07-26T23:25:48.769847+00:00,,,,
expert,fantasypros_ecr,2025,00-0036628,John Bates,WAS,356,325.33,64.68,236.0,387.0,2025-08-29,TE,1,2026-07-26T23:25:48.769847+00:00,,,,
expert,fantasypros_ecr,2025,00-0036415,Van Jefferson,TEN,357,325.57,45.32,230.0,384.0,2025-08-29,WR,1,2026-07-26T23:25:48.769847+00:00,,,,
expert,fantasypros_ecr,2025,00-0040009,Savion Williams,GB,358,326.54,25.96,270.0,373.0,2025-08-29,WR,1,2026-07-26T23:25:48.769847+00:00,,,,
expert,fantasypros_ecr,2025,00-0039344,Jonathon Brooks,CAR,359,326.92,28.56,292.0,394.0,2025-08-29,RB,1,2026-07-26T23:25:48.769847+00:00,,,,
expert,fantasypros_ecr,2025,00-0037120,Tyler Goodson,IND,360,327.75,22.26,297.0,364.0,2025-08-29,RB,1,2026-07-26T23:25:48.769847+00:00,,,,
expert,fantasypros_ecr,2025,00-0035689,Dawson Knox,BUF,361,327.91,22.6,281.0,367.0,2025-08-29,TE,1,2026-07-26T23:25:48.769847+00:00,,,,
expert,fantasypros_ecr,2025,00-0033854,Dare Ogunbowale,HOU,362,329.27,21.19,304.0,370.0,2025-08-29,RB,1,2026-07-26T23:25:48.769847+00:00,,,,
expert,fantasypros_ecr,2025,00-0040311,Theo Wease Jr.,MIA,363,329.42,29.78,296.0,380.0,2025-08-29,WR,1,2026-07-26T23:25:48.769847+00:00,,,,
expert,fantasypros_ecr,2025,00-0031345,Jimmy Garoppolo,LAR,364,329.63,32.56,241.0,388.0,2025-08-29,QB,1,2026-07-26T23:25:48.769847+00:00,,,,
expert,fantasypros_ecr,2025,00-0033555,Mack Hollins,NE,365,329.97,25.46,265.0,378.0,2025-08-29,WR,1,2026-07-26T23:25:48.769847+00:00,,,,
expert,fantasypros_ecr,2025,00-0040704,Dillon Gabriel,CLE,366,330.74,27.52,278.0,388.0,2025-08-29,QB,1,2026-07-26T23:25:48.769847+00:00,,,,
expert,fantasypros_ecr,2025,00-0040400,Donovan Edwards,WAS,367,331.18,29.09,283.0,381.0,2025-08-29,RB,1,2026-07-26T23:25:48.769847+00:00,,,,
expert,fantasypros_ecr,2025,00-0040205,Kalel Mullings,TEN,368,331.21,32.38,260.0,389.0,2025-08-29,RB,1,2026-07-26T23:25:48.769847+00:00,,,,
expert,fantasypros_ecr,2025,00-0037594,Julius Chestnut,TEN,369,331.22,32.15,260.0,387.0,2025-08-29,RB,1,2026-07-26T23:25:48.769847+00:00,,,,
expert,fantasypros_ecr,2025,00-0033282,Curtis Samuel,BUF,370,331.23,36.07,227.0,379.0,2025-08-29,WR,1,2026-07-26T23:25:48.769847+00:00,,,,
expert,fantasypros_ecr,2025,00-0040705,Chimere Dike,TEN,371,331.45,28.59,272.0,379.0,2025-08-29,WR,1,2026-07-26T23:25:48.769847+00:00,,,,
expert,fantasypros_ecr,2025,00-0040332,Ja'Quinden Jackson,JAC,372,331.5,20.66,309.0,370.0,2025-08-29,RB,1,2026-07-26T23:25:48.769847+00:00,,,,
expert,fantasypros_ecr,2025,00-0040438,Antwane Wells Jr.,FA,373,331.71,32.61,296.0,390.0,2025-08-29,WR,1,2026-07-26T23:25:48.769847+00:00,,,,
expert,fantasypros_ecr,2025,00-0035567,Craig Reynolds,DET,374,331.78,25.3,291.0,387.0,2025-08-29,RB,1,2026-07-26T23:25:48.769847+00:00,,,,
expert,fantasypros_ecr,2025,00-0029604,Kirk Cousins,ATL,375,332.18,26.25,270.0,398.0,2025-08-29,QB,1,2026-07-26T23:25:48.769847+00:00,,,,
expert,fantasypros_ecr,2025,00-0040218,Jimmy Horn Jr.,CAR,376,332.2,33.59,273.0,376.0,2025-08-29,WR,1,2026-07-26T23:25:48.769847+00:00,,,,
expert,fantasypros_ecr,2025,00-0036984,Trey Sermon,PIT,377,333.05,26.42,294.0,389.0,2025-08-29,RB,1,2026-07-26T23:25:48.769847+00:00,,,,
expert,fantasypros_ecr,2025,00-0038098,Pierre Strong Jr.,FA,378,333.83,6.15,327.0,343.0,2025-08-29,RB,1,2026-07-26T23:25:48.769847+00:00,,,,
expert,fantasypros_ecr,2025,00-0039299,George Holani,SEA,379,334.78,29.71,266.0,365.0,2025-08-29,RB,1,2026-07-26T23:25:48.769847+00:00,,,,
expert,fantasypros_ecr,2025,00-0037617,Hassan Haskins,LAC,380,335.5,21.45,304.0,360.0,2025-08-29,RB,1,2026-07-26T23:25:48.769847+00:00,,,,
expert,fantasypros_ecr,2025,00-0037741,Jahan Dotson,PHI,381,335.62,36.22,258.0,397.0,2025-08-29,WR,1,2026-07-26T23:25:48.769847+00:00,,,,
expert,fantasypros_ecr,2025,00-0034983,Hunter Renfrow,FA,382,335.64,51.08,247.0,397.0,2025-08-29,WR,1,2026-07-26T23:25:48.769847+00:00,,,,
expert,fantasypros_ecr,2025,00-0039144,Luke Musgrave,GB,383,336.06,17.48,290.0,353.0,2025-08-29,TE,1,2026-07-26T23:25:48.769847+00:00,,,,
expert,fantasypros_ecr,2025,00-0038046,Charlie Kolar,BAL,384,336.5,55.5,281.0,392.0,2025-08-29,TE,1,2026-07-26T23:25:48.769847+00:00,,,,
expert,fantasypros_ecr,2025,00-0032392,Austin Hooper,NE,385,337.89,15.93,300.0,363.0,2025-08-29,TE,1,2026-07-26T23:25:48.769847+00:00,,,,
expert,fantasypros_ecr,2025,00-0036887,Luke Farrell,SF,386,338.33,45.9,274.0,378.0,2025-08-29,TE,1,2026-07-26T23:25:48.769847+00:00,,,,
expert,fantasypros_ecr,2025,00-0034613,Tanner Hudson,CIN,387,338.5,43.5,295.0,382.0,2025-08-29,TE,1,2026-07-26T23:25:48.769847+00:00,,,,
expert,fantasypros_ecr,2025,00-0040584,Gunnar Helm,TEN,388,338.53,24.15,268.0,377.0,2025-08-29,TE,1,2026-07-26T23:25:48.769847+00:00,,,,
expert,fantasypros_ecr,2025,00-0031503,Jameis Winston,NYG,389,338.88,26.89,282.0,394.0,2025-08-29,QB,1,2026-07-26T23:25:48.769847+00:00,,,,
expert,fantasypros_ecr,2025,00-0036427,Tyler Johnson,FA,390,339.0,34.32,296.0,380.0,2025-08-29,WR,1,2026-07-26T23:25:48.769847+00:00,,,,
expert,fantasypros_ecr,2025,00-0035500,Greg Dortch,ARI,391,339.33,41.52,273.0,397.0,2025-08-29,WR,1,2026-07-26T23:25:48.769847+00:00,,,,
expert,fantasypros_ecr,2025,00-0032385,Sterling Shepard,TB,392,339.6,51.91,277.0,397.0,2025-08-29,WR,1,2026-07-26T23:25:48.769847+00:00,,,,
expert,fantasypros_ecr,2025,00-0033119,Jacoby Brissett,ARI,393,340.33,5.79,334.0,348.0,2025-08-29,QB,1,2026-07-26T23:25:48.769847+00:00,,,,
expert,fantasypros_ecr,2025,00-0035289,Gardner Minshew II,KC,394,341.0,47.46,276.0,388.0,2025-08-29,QB,1,2026-07-26T23:25:48.769847+00:00,,,,
expert,fantasypros_ecr,2025,00-0036425,DeeJay Dallas,CAR,395,341.0,32.69,314.0,387.0,2025-08-29,RB,1,2026-07-26T23:25:48.769847+00:00,,,,
expert,fantasypros_ecr,2025,00-0038496,Xavier Gipson,NYJ,396,341.0,38.0,303.0,379.0,2025-08-29,WR,1,2026-07-26T23:25:48.769847+00:00,,,,
expert,fantasypros_ecr,2025,00-0030431,Robert Woods,PIT,397,342.5,34.35,286.0,396.0,2025-08-29,WR,1,2026-07-26T23:25:48.769847+00:00,,,,
expert,fantasypros_ecr,2025,00-0040653,Ricky White III,SEA,398,342.5,19.5,323.0,362.0,2025-08-29,WR,1,2026-07-26T23:25:48.769847+00:00,,,,
expert,fantasypros_ecr,2025,00-0039325,Carson Steele,KC,399,343.5,38.92,297.0,383.0,2025-08-29,RB,1,2026-07-26T23:25:48.769847+00:00,,,,
expert,fantasypros_ecr,2025,00-0038579,Aidan O'Connell,LV,400,343.8,18.03,324.0,376.0,2025-08-29,QB,1,2026-07-26T23:25:48.769847+00:00,,,,
expert,fantasypros_ecr,2025,00-0032464,Kalif Raymond,DET,401,343.86,19.56,316.0,371.0,2025-08-29,WR,1,2026-07-26T23:25:48.769847+00:00,,,,
expert,fantasypros_ecr,2025,00-0039853,Javon Baker,NE,402,346.6,20.87,318.0,369.0,2025-08-29,WR,1,2026-07-26T23:25:48.769847+00:00,,,,
expert,fantasypros_ecr,2025,00-0035628,D'Ernest Johnson,FA,403,346.83,34.78,303.0,394.0,2025-08-29,RB,1,2026-07-26T23:25:48.769847+00:00,,,,
expert,fantasypros_ecr,2025,00-0039398,Joe Milton III,DAL,404,347.12,26.97,297.0,398.0,2025-08-29,QB,1,2026-07-26T23:25:48.769847+00:00,,,,
expert,fantasypros_ecr,2025,00-0040582,Arian Smith,NYJ,405,347.71,35.37,270.0,392.0,2025-08-29,WR,1,2026-07-26T23:25:48.769847+00:00,,,,
expert,fantasypros_ecr,2025,00-0036360,Clyde Edwards-Helaire,KC,406,347.9,32.28,283.0,393.0,2025-08-29,RB,1,2026-07-26T23:25:48.769847+00:00,,,,
expert,fantasypros_ecr,2025,00-0033857,JuJu Smith-Schuster,KC,407,348.0,30.14,291.0,397.0,2025-08-29,WR,1,2026-07-26T23:25:48.769847+00:00,,,,
expert,fantasypros_ecr,2025,00-0039407,Dylan Laube,LV,408,348.0,22.0,326.0,370.0,2025-08-29,RB,1,2026-07-26T23:25:48.769847+00:00,,,,
expert,fantasypros_ecr,2025,00-0030578,Cordarrelle Patterson,FA,409,349.75,52.33,263.0,393.0,2025-08-29,RB,1,2026-07-26T23:25:48.769847+00:00,,,,
expert,fantasypros_ecr,2025,00-0039359,Cade Stover,HOU,410,351.32,19.6,300.0,382.0,2025-08-29,TE,1,2026-07-26T23:25:48.769847+00:00,,,,
expert,fantasypros_ecr,2025,00-0028118,Tyrod Taylor,NYJ,411,351.39,20.36,318.0,388.0,2025-08-29,QB,1,2026-07-26T23:25:48.769847+00:00,,,,
expert,fantasypros_ecr,2025,00-0034115,Jeff Wilson Jr.,MIA,412,351.4,34.3,315.0,393.0,2025-08-29,RB,1,2026-07-26T23:25:48.769847+00:00,,,,
expert,fantasypros_ecr,2025,00-0033955,Jeremy McNichols,WAS,413,353.5,20.99,313.0,389.0,2025-08-29,RB,1,2026-07-26T23:25:48.769847+00:00,,,,
expert,fantasypros_ecr,2025,00-0039920,Malachi Corley,CLE,414,353.67,39.51,299.0,391.0,2025-08-29,WR,1,2026-07-26T23:25:48.769847+00:00,,,,
expert,fantasypros_ecr,2025,00-0038102,Kenny Pickett,LV,415,353.71,21.1,308.0,388.0,2025-08-29,QB,1,2026-07-26T23:25:48.769847+00:00,,,,
expert,fantasypros_ecr,2025,00-0039792,Devontez Walker,BAL,416,354.0,31.79,294.0,385.0,2025-08-29,WR,1,2026-07-26T23:25:48.769847+00:00,,,,
expert,fantasypros_ecr,2025,00-0039364,Sione Vaki,DET,417,354.4,30.34,322.0,393.0,2025-08-29,RB,1,2026-07-26T23:25:48.769847+00:00,,,,
expert,fantasypros_ecr,2025,00-0034771,Mason Rudolph,PIT,418,355.42,18.4,334.0,388.0,2025-08-29,QB,1,2026-07-26T23:25:48.769847+00:00,,,,
expert,fantasypros_ecr,2025,00-0038938,Jalin Hyatt,NYG,419,355.81,29.03,303.0,393.0,2025-08-29,WR,1,2026-07-26T23:25:48.769847+00:00,,,,
expert,fantasypros_ecr,2025,00-0035249,Josh Oliver,MIN,420,356.0,21.14,306.0,382.0,2025-08-29,TE,1,2026-07-26T23:25:48.769847+00:00,,,,
expert,fantasypros_ecr,2025,00-0037005,Tommy Tremble,CAR,421,356.24,19.51,306.0,390.0,2025-08-29,TE,1,2026-07-26T23:25:48.769847+00:00,,,,
expert,fantasypros_ecr,2025,00-0040432,Beaux Collins,NYG,422,356.5,26.5,330.0,383.0,2025-08-29,WR,1,2026-07-26T23:25:48.769847+00:00,,,,
expert,fantasypros_ecr,2025,00-0039365,Jacob Cowing,SF,423,356.67,28.44,289.0,397.0,2025-08-29,WR,1,2026-07-26T23:25:48.769847+00:00,,,,
expert,fantasypros_ecr,2025,00-0038104,Tyquan Thornton,KC,424,356.89,27.99,307.0,379.0,2025-08-29,WR,1,2026-07-26T23:25:48.769847+00:00,,,,
expert,fantasypros_ecr,2025,00-0036924,Michael Carter,ARI,425,357.0,21.26,337.0,394.0,2025-08-29,RB,1,2026-07-26T23:25:48.769847+00:00,,,,
expert,fantasypros_ecr,2025,00-0035704,Drew Lock,SEA,426,357.0,18.0,339.0,375.0,2025-08-29,QB,1,2026-07-26T23:25:48.769847+00:00,,,,
expert,fantasypros_ecr,2025,00-0040225,Thomas Fidone II,NYG,427,357.0,15.0,342.0,372.0,2025-08-29,TE,1,2026-07-26T23:25:48.769847+00:00,,,,
expert,fantasypros_ecr,2025,00-0034981,Foster Moreau,NO,428,357.05,18.47,309.0,392.0,2025-08-29,TE,1,2026-07-26T23:25:48.769847+00:00,,,,
expert,fantasypros_ecr,2025,00-0039062,Jonathan Mingo,DAL,429,357.57,21.01,326.0,385.0,2025-08-29,WR,1,2026-07-26T23:25:48.769847+00:00,,,,
expert,fantasypros_ecr,2025,00-0035125,Alec Ingold,MIA,430,357.88,21.44,327.0,387.0,2025-08-29,RB,1,2026-07-26T23:25:48.769847+00:00,,,,
expert,fantasypros_ecr,2025,00-0037077,Sam Howell,PHI,431,358.67,28.24,333.0,398.0,2025-08-29,QB,1,2026-07-26T23:25:48.769847+00:00,,,,
expert,fantasypros_ecr,2025,00-0038930,Carlos Washington Jr.,ATL,432,359.5,21.5,338.0,381.0,2025-08-29,RB,1,2026-07-26T23:25:48.769847+00:00,,,,
expert,fantasypros_ecr,2025,00-0038589,Josh Whyle,GB,433,359.5,17.5,342.0,377.0,2025-08-29,TE,1,2026-07-26T23:25:48.769847+00:00,,,,
expert,fantasypros_ecr,2025,00-0040250,Luke Lachey,FA,434,360.5,15.5,345.0,376.0,2025-08-29,TE,1,2026-07-26T23:25:48.769847+00:00,,,,
expert,fantasypros_ecr,2025,00-0038547,Luke Schoonmaker,DAL,435,360.75,13.97,334.0,395.0,2025-08-29,TE,1,2026-07-26T23:25:48.769847+00:00,,,,
expert,fantasypros_ecr,2025,00-0038115,Daniel Bellinger,NYG,436,361.0,18.85,338.0,382.0,2025-08-29,TE,1,2026-07-26T23:25:48.769847+00:00,,,,
expert,fantasypros_ecr,2025,00-0038128,Malik Willis,GB,437,361.22,14.71,341.0,398.0,2025-08-29,QB,1,2026-07-26T23:25:48.769847+00:00,,,,
expert,fantasypros_ecr,2025,00-0038738,Hunter Luepke,DAL,438,361.33,16.5,343.0,383.0,2025-08-29,RB,1,2026-07-26T23:25:48.769847+00:00,,,,
expert,fantasypros_ecr,2025,00-0038752,Jake Bobo,SEA,439,362.2,20.14,340.0,394.0,2025-08-29,WR,1,2026-07-26T23:25:48.769847+00:00,,,,
expert,fantasypros_ecr,2025,00-0033589,David Moore,CAR,440,362.5,17.5,345.0,380.0,2025-08-29,WR,1,2026-07-26T23:25:48.769847+00:00,,,,
expert,fantasypros_ecr,2025,00-0037085,Tyler Badie,DEN,441,363.25,23.45,317.0,394.0,2025-08-29,RB,1,2026-07-26T23:25:48.769847+00:00,,,,
expert,fantasypros_ecr,2025,00-0034854,KhaDarel Hodge,ATL,442,364.83,27.29,323.0,396.0,2025-08-29,WR,1,2026-07-26T23:25:48.769847+00:00,,,,
expert,fantasypros_ecr,2025,00-0037086,Grant Calcaterra,PHI,443,364.85,16.44,325.0,395.0,2025-08-29,TE,1,2026-07-26T23:25:48.769847+00:00,,,,
expert,fantasypros_ecr,2025,00-0031595,Michael Burton,DEN,444,365.0,28.0,337.0,393.0,2025-08-29,RB,1,2026-07-26T23:25:48.769847+00:00,,,,
expert,fantasypros_ecr,2025,00-0037013,Zach Wilson,MIA,445,365.25,20.87,340.0,398.0,2025-08-29,QB,1,2026-07-26T23:25:48.769847+00:00,,,,
expert,fantasypros_ecr,2025,00-0038720,Julian Hill,MIA,446,366.71,18.86,347.0,395.0,2025-08-29,TE,1,2026-07-26T23:25:48.769847+00:00,,,,
expert,fantasypros_ecr,2025,00-0040172,Jordan Watkins,SF,447,366.8,19.71,312.0,391.0,2025-08-29,WR,1,2026-07-26T23:25:48.769847+00:00,,,,
expert,fantasypros_ecr,2025,00-0032268,Marcus Mariota,WAS,448,366.8,17.61,345.0,388.0,2025-08-29,QB,1,2026-07-26T23:25:48.769847+00:00,,,,
expert,fantasypros_ecr,2025,00-0038558,Darnell Washington,PIT,449,367.0,19.17,336.0,390.0,2025-08-29,TE,1,2026-07-26T23:25:48.769847+00:00,,,,
expert,fantasypros_ecr,2025,00-0033662,Cooper Rush,BAL,450,368.5,18.31,349.0,398.0,2025-08-29,QB,1,2026-07-26T23:25:48.769847+00:00,,,,
expert,fantasypros_ecr,2025,00-0037252,Greg Dulcich,MIA,451,370.5,17.82,350.0,395.0,2025-08-29,TE,1,2026-07-26T23:25:48.769847+00:00,,,,
expert,fantasypros_ecr,2025,00-0040187,Mitchell Evans,CAR,452,370.9,19.49,346.0,395.0,2025-08-29,TE,1,2026-07-26T23:25:48.769847+00:00,,,,
expert,fantasypros_ecr,2025,00-0037805,Jeremy Ruckert,NYJ,453,371.0,12.67,351.0,392.0,2025-08-29,TE,1,2026-07-26T23:25:48.769847+00:00,,,,
expert,fantasypros_ecr,2025,00-0032918,C.J. Ham,MIN,454,373.5,9.5,364.0,383.0,2025-08-29,RB,1,2026-07-26T23:25:48.769847+00:00,,,,
expert,fantasypros_ecr,2025,00-0038396,Eric Gray,NYG,455,373.5,9.5,364.0,383.0,2025-08-29,RB,1,2026-07-26T23:25:48.769847+00:00,,,,
expert,fantasypros_ecr,2025,00-0039796,Rasheen Ali,BAL,456,374.0,9.25,365.0,387.0,2025-08-29,RB,1,2026-07-26T23:25:48.769847+00:00,,,,
expert,fantasypros_ecr,2025,00-0036232,Harrison Bryant,HOU,457,374.0,14.51,355.0,390.0,2025-08-29,TE,1,2026-07-26T23:25:48.769847+00:00,,,,
expert,fantasypros_ecr,2025,00-0039041,Elijah Higgins,ARI,458,374.33,15.81,344.0,395.0,2025-08-29,TE,1,2026-07-26T23:25:48.769847+00:00,,,,
expert,fantasypros_ecr,2025,00-0038573,Derius Davis,LAC,459,374.33,15.17,359.0,395.0,2025-08-29,WR,1,2026-07-26T23:25:48.769847+00:00,,,,
expert,fantasypros_ecr,2025,00-0035100,Jake Browning,CIN,460,375.5,18.03,349.0,398.0,2025-08-29,QB,1,2026-07-26T23:25:48.769847+00:00,,,,
expert,fantasypros_ecr,2025,00-0033307,Kendrick Bourne,FA,461,375.9,13.02,358.0,396.0,2025-08-29,WR,1,2026-07-26T23:25:48.769847+00:00,,,,
expert,fantasypros_ecr,2025,00-0040551,Nick Nash,ATL,462,376.0,21.0,355.0,397.0,2025-08-29,WR,1,2026-07-26T23:25:48.769847+00:00,,,,
expert,fantasypros_ecr,2025,00-0036754,Brock Wright,DET,463,376.67,11.9,363.0,392.0,2025-08-29,TE,1,2026-07-26T23:25:48.769847+00:00,,,,
expert,fantasypros_ecr,2025,00-0036429,Charlie Woerner,ATL,464,377.0,5.0,372.0,382.0,2025-08-29,TE,1,2026-07-26T23:25:48.769847+00:00,,,,
expert,fantasypros_ecr,2025,00-0037475,Stone Smartt,NYJ,465,378.1,12.73,356.0,392.0,2025-08-29,TE,1,2026-07-26T23:25:48.769847+00:00,,,,
expert,fantasypros_ecr,2025,00-0034959,Andrew Beck,NYJ,466,383.5,6.5,377.0,390.0,2025-08-29,TE,1,2026-07-26T23:25:48.769847+00:00,,,,
expert,fantasypros_ecr,2025,00-0033376,Patrick Ricard,BAL,467,384.0,3.0,381.0,387.0,2025-08-29,RB,1,2026-07-26T23:25:48.769847+00:00,,,,
expert,fantasypros_ecr,2025,00-0033246,Johnny Mundt,JAC,468,385.5,4.5,381.0,390.0,2025-08-29,TE,1,2026-07-26T23:25:48.769847+00:00,,,,
expert,fantasypros_ecr,2025,00-0040429,Josh Williams,TB,469,386.0,3.0,383.0,389.0,2025-08-29,RB,1,2026-07-26T23:25:48.769847+00:00,,,,
expert,fantasypros_ecr,2025,00-0036842,Kene Nwangwu,NYJ,470,387.5,6.5,381.0,394.0,2025-08-29,RB,1,2026-07-26T23:25:48.769847+00:00,,,,
expert,fantasypros_ecr,2025,00-0036463,Chris Blair,ATL,471,388.5,8.5,380.0,397.0,2025-08-29,WR,1,2026-07-26T23:25:48.769847+00:00,,,,
expert,fantasypros_ecr,2025,00-0037755,Jelani Woods,NYJ,472,388.5,6.5,382.0,395.0,2025-08-29,TE,1,2026-07-26T23:25:48.769847+00:00,,,,
expert,fantasypros_ecr,2025,00-0038400,Tanner McKee,PHI,473,392.0,6.0,386.0,398.0,2025-08-29,QB,1,2026-07-26T23:25:48.769847+00:00,,,,
expert,fantasypros_ecr,2025,00-0037539,Lucas Krull,DEN,474,395.0,0.0,395.0,395.0,2025-08-29,TE,1,2026-07-26T23:25:48.769847+00:00,,,,
