season,n,position,n_adp,k,rho_model,top_model,pts_top_model,rho_model_no_bonus,top_model_no_bonus,pts_top_model_no_bonus,rho_b2_prior_points,top_b2_prior_points,pts_top_b2_prior_points,rho_b3_wavg_ppg,top_b3_wavg_ppg,pts_top_b3_wavg_ppg,rho_b1_adp,mae_games_x,bias_games_x,mae_naive_games,mae_carries,bias_carries,mae_naive_carries,mae_rush_yards,bias_rush_yards,mae_naive_rush_yards,mae_rush_tds,bias_rush_tds,mae_naive_rush_tds,mae_targets,bias_targets,mae_naive_targets,mae_receptions,bias_receptions,mae_naive_receptions,mae_rec_yards,bias_rec_yards,mae_naive_rec_yards,bonus_actual_rec,bonus_actual_rush,bonus_actual_pass,bonus_pred_total,bonus_actual_total,top_b1_adp,pts_top_b1_adp,adpsub_rho_model,adpsub_top_model,adpsub_pts_top_model,adpsub_rho_model_no_bonus,adpsub_top_model_no_bonus,adpsub_pts_top_model_no_bonus,adpsub_rho_b2_prior_points,adpsub_top_b2_prior_points,adpsub_pts_top_b2_prior_points,adpsub_rho_b3_wavg_ppg,adpsub_top_b3_wavg_ppg,adpsub_pts_top_b3_wavg_ppg,adpsub_rho_b1_adp,adpsub_top_b1_adp,adpsub_pts_top_b1_adp,arm,mae_games_y,bias_games_y,n_returning,mae_games_returning,bias_games_returning,rho_returning,mae_attempts,bias_attempts,mae_naive_attempts,mae_pass_yards,bias_pass_yards,mae_naive_pass_yards,mae_pass_tds,bias_pass_tds,mae_naive_pass_tds,mae_interceptions,bias_interceptions,mae_naive_interceptions,mae_rec_tds,bias_rec_tds,mae_naive_rec_tds
2014,130,RB,0,20,0.6216610033410379,0.5,156.815,0.6216499506074021,0.5,156.815,0.5172720854854694,0.6,162.155,0.3306987327570631,0.6,161.8,,4.413580016203427,0.17383663085993845,5.053846153846154,50.145995876982894,-4.892097388805052,59.15384615384615,216.16640818678832,-24.867672451652364,251.2153846153846,1.7480560867373363,-0.0950523755954253,1.9692307692307693,14.425275056174304,-2.204412805423739,16.223076923076924,10.602744593431927,-1.4783458918913233,12.338461538461539,90.03946699071695,-13.561456281602382,99.23076923076923,8.0,113.0,0.0,75.5665258396522,121.0,,,,,,,,,,,,,,,,,,A,4.413580016203427,0.17383663085993845,28,3.154932302953798,1.8195000687187852,0.31063512886223643,,,,,,,,,,,,,,,
2015,125,RB,0,20,0.6190637847341541,0.35,123.955,0.617462363265884,0.35,123.955,0.4483228902732953,0.4,123.79499999999999,0.308934530950592,0.4,120.49499999999998,,4.090702258258503,-0.16082393767671835,4.928,50.66281138590519,-2.288109441618829,65.768,217.41400288855772,-7.476324779081758,284.808,1.8192662555847223,0.19051636671659014,2.264,15.029608400350222,-2.076391531164391,18.712,11.225831780732829,-1.6283232884840528,14.16,98.2551656872878,-17.712645168027493,124.576,5.0,107.5,0.0,110.03850927277549,112.5,,,,,,,,,,,,,,,,,,A,4.090702258258503,-0.16082393767671835,25,3.5879719752545043,1.3893262665711064,0.2891912610071009,,,,,,,,,,,,,,,
2016,130,RB,0,20,0.5921997055107514,0.5,165.91,0.5925021891430744,0.5,165.91,0.5390688372829542,0.5,155.20000000000002,0.32674030870600956,0.45,137.49,,4.4532052413287,0.40599808332260057,5.3076923076923075,52.01921442450836,-3.83794009980588,56.83076923076923,226.64982509535838,-18.226372713197364,252.2,2.1399787024879897,-0.5870547908024669,2.2384615384615385,14.811917202288987,-0.057843832111897066,16.26153846153846,11.473276640052958,-0.29358571391562255,12.623076923076923,93.83465036894144,-2.665750071938286,112.72307692307692,5.0,114.0,0.0,101.50582206614439,119.0,,,,,,,,,,,,,,,,,,A,4.4532052413287,0.40599808332260057,24,2.940571199977986,0.4004971796686814,0.6868283143794258,,,,,,,,,,,,,,,
2017,137,RB,0,20,0.5985680172634512,0.55,165.16,0.5987499772522757,0.6,166.515,0.3873368962934441,0.55,173.61,0.29313399189035844,0.55,168.05,,4.853269529160558,-0.19508972522846485,5.766423357664234,52.41155431793363,-6.601107288715205,58.86861313868613,217.2260640950629,-19.238742389616984,250.2189781021898,1.6622028134613949,0.04786023024084015,2.218978102189781,15.940559481194287,-3.612532199250286,17.605839416058394,12.074105345451686,-2.815762154723512,13.27007299270073,99.28155672245862,-25.02020015390298,113.64963503649635,10.0,103.5,0.0,114.9830880836112,113.5,,,,,,,,,,,,,,,,,,A,4.853269529160558,-0.19508972522846485,32,3.8813140336996783,-1.8715074451550495,0.45817820259294645,,,,,,,,,,,,,,,
2018,135,RB,38,20,0.6150669169870988,0.45,172.54,0.6167179450453519,0.45,172.54,0.4517225975147962,0.35,157.95499999999998,0.2995811077669135,0.4,160.01500000000001,0.5480111623894416,4.230178722301172,0.21382223522113292,5.37037037037037,46.6896521499001,3.238440937651757,60.888888888888886,206.737586702413,-4.189880984762214,268.1777777777778,1.8703340058835047,-0.3213295812006535,2.2074074074074073,15.947940164309736,-1.3279308510615164,18.733333333333334,12.45173316587136,-1.4571609985019829,14.57037037037037,104.20061735312183,-10.928908034441054,116.28888888888889,10.5,122.5,0.0,119.3343892308898,133.0,0.65,186.683,0.4754349491191596,0.6,175.182,0.4754349491191596,0.6,175.182,0.3593148590644575,0.6,171.85500000000002,0.4160240645131881,0.65,180.85,0.5480111623894416,0.65,186.683,A,4.230178722301172,0.21382223522113292,30,2.968874527867039,-0.8014198445794816,0.6337143556629696,,,,,,,,,,,,,,,
2019,130,RB,45,20,0.6993502515957943,0.55,185.33099999999996,0.6988699039724174,0.55,185.33099999999996,0.5470374579942241,0.6,196.75600000000003,0.4562003200087898,0.5,176.521,0.759291012141463,4.489693382982669,-0.19393703881161292,4.923076923076923,50.2513014326184,-3.947672934796142,54.36153846153846,224.8855503573986,-28.429494595344725,232.51538461538462,1.9018115827165487,-0.3045192491382303,2.1,14.685588531600793,-1.233421618954936,16.907692307692308,11.696687057215202,-1.3901065351803588,13.107692307692307,94.80075875287156,-8.097924502346437,112.07692307692308,7.5,125.0,0.0,114.50179754370822,132.5,0.75,213.87600000000003,0.5505928853754941,0.65,193.386,0.5486166007905138,0.65,193.386,0.5475925573560981,0.65,198.74600000000004,0.5335244984419569,0.65,195.82099999999997,0.759291012141463,0.75,213.87600000000003,A,4.489693382982669,-0.19393703881161292,28,3.4871838513560136,0.25120714811298134,0.5154980593862006,,,,,,,,,,,,,,,
2020,133,RB,56,20,0.6605801487088493,0.45,159.445,0.6603881456427801,0.45,159.445,0.48496070208116904,0.45,158.335,0.32211209503540567,0.5,167.20000000000002,0.5736166799796691,3.7478310687358385,-0.5351386372762724,4.7669172932330826,45.877245094506144,-2.482196427624794,56.46616541353384,212.23992618011593,-26.62416006825237,251.93984962406014,1.9384441367751628,-0.5582073636077611,2.2030075187969924,13.448629612182778,0.5111381165125487,17.015037593984964,10.398064748890487,0.18055991430136695,13.25563909774436,81.90312760013008,9.639352546631493,111.05263157894737,2.0,116.0,0.0,120.57059887368231,118.0,0.65,179.78500000000003,0.43677375256322626,0.6,165.75,0.4367053998632946,0.6,165.75,0.2706698851843164,0.55,164.8,0.2832267164018069,0.6,170.23999999999998,0.5736166799796691,0.65,179.78500000000003,A,3.7478310687358385,-0.5351386372762724,31,3.136490884977266,0.36691170080981766,0.2559385319266459,,,,,,,,,,,,,,,
2021,126,RB,64,20,0.5822774531807686,0.55,165.66799999999998,0.5829183236453445,0.55,165.66799999999998,0.47825653572262333,0.55,160.853,0.4638450381425163,0.6,180.03799999999998,0.7114118628366142,4.607436903745963,0.3121356687526794,5.412698412698413,50.05715512624341,-0.8033564881099546,57.26190476190476,219.57633050396413,-7.929010264971101,252.26984126984127,2.016464339744094,-0.178262862940705,2.5873015873015874,14.675538964950423,0.02588654087862524,16.753968253968253,11.531996787753721,-0.41019127051016185,12.698412698412698,89.64729759896336,3.280931361145037,105.02380952380952,5.0,107.0,0.0,122.7026495536302,112.0,0.7,199.96800000000002,0.6488850228882324,0.7,183.878,0.648564495391216,0.7,183.878,0.43294394851006457,0.6,168.733,0.43451177140643943,0.7,192.088,0.7114118628366142,0.7,199.96800000000002,A,4.607436903745963,0.3121356687526794,19,4.25634806292702,-0.04811142897337125,0.4080375816547487,,,,,,,,,,,,,,,
2022,137,RB,43,20,0.7047666895691453,0.6,185.38299999999998,0.7046425878409899,0.6,185.38299999999998,0.4972098804315324,0.6,187.24099999999999,0.4387798972312494,0.65,187.64399999999998,0.41340635502327827,4.538315527338419,-0.2511294358509633,5.45985401459854,51.710571135500174,-4.748487468574529,59.45985401459854,233.17738115063364,-39.11470165337366,270.73722627737226,1.8795430082776916,-0.14635993438943934,2.27007299270073,13.961444219867083,-0.40739236549032337,15.503649635036496,10.769277708678073,-0.47479766276144036,11.978102189781023,85.47963443745002,5.530729367872965,93.91240875912409,3.0,130.5,0.0,117.01325720517734,133.5,0.7,182.434,0.38630271481452444,0.8,195.059,0.3908332392259536,0.8,195.059,0.2960166826611361,0.7,179.19099999999997,0.42870139753194947,0.7,183.814,0.41340635502327827,0.7,182.434,A,4.538315527338419,-0.2511294358509633,26,3.5621419748123477,0.7907015557922455,0.4707067768763266,,,,,,,,,,,,,,,
2023,136,RB,58,20,0.7459320246053253,0.5,178.90300000000002,0.7462627506279825,0.5,178.903,0.5636052204541047,0.45,158.41799999999998,0.4176398723381786,0.5,169.70299999999997,0.24453504065642806,4.294484905759662,0.07420605108942879,4.8161764705882355,45.84955391122222,-6.642584240389173,53.095588235294116,200.2889394611536,-19.780173058693762,245.46323529411765,1.86341967870386,-0.1307291929542161,2.2941176470588234,12.949758732760177,-0.9368103263870943,16.74264705882353,10.163338334109582,-1.0681384688238322,13.147058823529411,77.04139536420882,0.17839118732951634,97.13235294117646,2.0,102.5,0.0,115.08093212650218,104.5,0.55,162.21999999999997,0.418130363899228,0.55,181.07799999999997,0.418130363899228,0.55,181.07799999999997,0.20756520374624912,0.5,162.091,0.20623858461306183,0.5,166.91299999999998,0.24453504065642806,0.55,162.21999999999997,A,4.294484905759662,0.07420605108942879,33,3.006187758173254,1.3832830661223938,0.35755708345740495,,,,,,,,,,,,,,,
2024,122,RB,53,20,0.7557961575242508,0.6,212.96999999999997,0.755244272798917,0.6,212.96999999999997,0.6850717724696203,0.6,207.75100000000003,0.5754725090407717,0.6,205.27099999999996,0.47993790797337277,4.382800467400417,-0.397155680728291,4.778688524590164,49.92014985118197,-10.578269712416672,52.52459016393443,234.02059625316502,-60.02044347284957,234.51639344262296,2.1884011099681224,-0.6257312501158963,2.081967213114754,11.797878019001224,0.5879785138786946,13.073770491803279,9.447178684128627,-0.42168463138624657,10.278688524590164,78.64942030570364,-3.6337257163745553,84.73770491803279,2.0,140.5,0.0,102.48023937824918,142.5,0.7,219.78100000000003,0.4479609733407603,0.6,212.96999999999997,0.44602576258382065,0.6,212.96999999999997,0.48430939402062645,0.6,207.75100000000003,0.49209935260434023,0.6,205.27099999999996,0.47993790797337277,0.7,219.78100000000003,A,4.382800467400417,-0.397155680728291,22,3.7703774549056774,1.1185735204838523,0.2392060006609598,,,,,,,,,,,,,,,
2014,130,RB,0,20,0.6441918767717598,0.5,158.54,0.6441034545404297,0.45,146.42499999999998,0.5172720854854694,0.6,162.155,0.3306987327570631,0.6,161.8,,4.260885888501011,0.07326586553829073,5.053846153846154,48.880009869775265,-5.462644648350304,59.15384615384615,211.4538150335779,-27.3398734485148,251.2153846153846,1.7317154305165559,-0.11038231804178111,1.9692307692307693,14.192861615377016,-2.3973917500154647,16.223076923076924,10.401601648782027,-1.6246283374035095,12.338461538461539,89.02095210981648,-14.686156755468648,99.23076923076923,8.0,113.0,0.0,74.91693490188317,121.0,,,,,,,,,,,,,,,,,,B,4.260885888501011,0.07326586553829073,28,2.85787693986642,1.4728172124843597,0.3312616237711178,,,,,,,,,,,,,,,
2015,125,RB,0,20,0.6132885091795129,0.4,132.255,0.6137831590167844,0.4,132.255,0.4483228902732953,0.4,123.79499999999999,0.308934530950592,0.4,120.49499999999998,,3.9959953665416554,-0.0557698990325335,4.928,50.431861349792435,-1.2144859933015453,65.768,213.85464341656356,-3.285508538064565,284.808,1.767659531244972,0.21850695646604135,2.264,14.768119221263667,-1.8188707490149634,18.712,11.062730462365094,-1.435436982519828,14.16,98.25085606061322,-16.186482850871744,124.576,5.0,107.5,0.0,111.23103549682288,112.5,,,,,,,,,,,,,,,,,,B,3.9959953665416554,-0.0557698990325335,25,3.71422440705974,1.2130992739544506,0.03737544849713445,,,,,,,,,,,,,,,
2016,130,RB,0,20,0.5793606502442419,0.4,147.15000000000003,0.5783597044063731,0.4,147.15000000000003,0.5390688372829542,0.5,155.20000000000002,0.32674030870600956,0.45,137.49,,4.282779017467338,0.3018447829781336,5.3076923076923075,51.64172585075903,-3.8368653971501114,56.83076923076923,224.8159084194433,-18.134930281796745,252.2,2.1243343077972203,-0.5862090579493567,2.2384615384615385,14.66810679869186,-0.20339169320527684,16.26153846153846,11.377049240545341,-0.4080624237888149,12.623076923076923,92.48130734338726,-3.5735819599316736,112.72307692307692,5.0,114.0,0.0,101.98836147548246,119.0,,,,,,,,,,,,,,,,,,B,4.282779017467338,0.3018447829781336,24,2.963768958340007,0.08580107837462125,0.6188453080070808,,,,,,,,,,,,,,,
2017,137,RB,0,20,0.5667793709041407,0.55,172.185,0.5676395453967654,0.55,172.185,0.3873368962934441,0.55,173.61,0.29313399189035844,0.55,168.05,,4.908818134084697,-0.11920895298217231,5.766423357664234,52.84221875395196,-5.415575738209218,58.86861313868613,221.75890497261358,-14.46555070781378,250.2189781021898,1.6770062884175105,0.08133998887844833,2.218978102189781,16.250125733039734,-3.3246188887195003,17.605839416058394,12.334620860998006,-2.5982788682137605,13.27007299270073,101.2273753819783,-23.29620645859574,113.64963503649635,10.0,103.5,0.0,117.01113856988216,113.5,,,,,,,,,,,,,,,,,,B,4.908818134084697,-0.11920895298217231,32,3.9237237788680117,-2.1697587606431536,0.41820029270031983,,,,,,,,,,,,,,,
2018,135,RB,38,20,0.6065243209178335,0.45,172.54,0.6071729390835758,0.45,172.54,0.4517225975147962,0.35,157.95499999999998,0.2995811077669135,0.4,160.01500000000001,0.5480111623894416,4.298052091951956,0.15516600204885023,5.37037037037037,46.92790105638655,2.434977725730632,60.888888888888886,207.9795468388004,-7.50454293283523,268.1777777777778,1.8844477201756518,-0.3433242193819616,2.2074074074074073,16.16725149828681,-1.538561790585676,18.733333333333334,12.611238404363682,-1.6122875809933022,14.57037037037037,104.89552253319427,-12.176993301601694,116.28888888888889,10.5,122.5,0.0,117.83505466354164,133.0,0.65,186.683,0.46317977896925266,0.6,175.18200000000002,0.45945945945945943,0.6,175.182,0.3593148590644575,0.6,171.85500000000002,0.4160240645131881,0.65,180.85,0.5480111623894416,0.65,186.683,B,4.298052091951956,0.15516600204885023,30,3.191905110186556,-0.8732491668762942,0.6218646131340165,,,,,,,,,,,,,,,
2019,130,RB,45,20,0.7106881118786019,0.55,187.41099999999997,0.7107322817750044,0.55,187.41099999999997,0.5470374579942241,0.6,196.75600000000003,0.4562003200087898,0.5,176.521,0.759291012141463,4.383085102619959,-0.2642348002184674,4.923076923076923,49.484258650993766,-4.230947364808454,54.36153846153846,222.23188363640443,-29.567165404204367,232.51538461538462,1.9029465888889014,-0.31177026709921074,2.1,14.51342310129301,-1.2189581225847679,16.907692307692308,11.599885525399465,-1.3798270724144188,13.107692307692307,93.98777145577448,-8.00773847935361,112.07692307692308,7.5,125.0,0.0,114.3817608666744,132.5,0.75,213.87600000000003,0.5524374176548089,0.65,189.87600000000003,0.5470355731225296,0.65,189.876,0.5475925573560981,0.65,198.74600000000004,0.5335244984419569,0.65,195.82099999999997,0.759291012141463,0.75,213.87600000000003,B,4.383085102619959,-0.2642348002184674,28,3.2934557398344517,0.023779364781953527,0.5288831621265879,,,,,,,,,,,,,,,
2020,133,RB,56,20,0.6573647373624106,0.45,166.22499999999997,0.6568322488591787,0.45,166.22499999999997,0.48496070208116904,0.45,158.335,0.32211209503540567,0.5,167.20000000000002,0.5736166799796691,3.744202093278969,-0.586081777279204,4.7669172932330826,45.43877909019366,-2.681006147495038,56.46616541353384,211.15547629366714,-27.395523029952216,251.93984962406014,1.941113698214862,-0.5633671042860737,2.2030075187969924,13.487268036891097,0.49935770701620324,17.015037593984964,10.419028630893237,0.17294852106733338,13.25563909774436,82.10343535472043,9.56797965516709,111.05263157894737,2.0,116.0,0.0,120.53486048577403,118.0,0.65,179.78500000000003,0.42098427887901574,0.55,164.035,0.419002050580998,0.55,164.80499999999998,0.2706698851843164,0.55,164.8,0.2832267164018069,0.6,170.23999999999998,0.5736166799796691,0.65,179.78500000000003,B,3.744202093278969,-0.586081777279204,31,2.9391715302858006,0.09343491317420477,0.37848736857660525,,,,,,,,,,,,,,,
2021,126,RB,64,20,0.5882378493794763,0.6,171.228,0.5887072192971938,0.6,171.228,0.47825653572262333,0.55,160.853,0.4638450381425163,0.6,180.03799999999998,0.7114118628366142,4.525358716577175,0.2815708397456695,5.412698412698413,50.401502398577676,-0.39500768689322535,57.26190476190476,219.74444830901038,-6.155461349104801,252.26984126984127,2.031883485572773,-0.16374606775851766,2.5873015873015874,14.68663626513431,0.1132066502072329,16.753968253968253,11.529880637448624,-0.3418987205442131,12.698412698412698,89.16789288807735,3.8354376866960216,105.02380952380952,5.0,107.0,0.0,123.95782488569697,112.0,0.7,199.96800000000002,0.6261275706000768,0.65,179.313,0.6233344024117922,0.65,179.313,0.43294394851006457,0.6,168.733,0.43451177140643943,0.7,192.088,0.7114118628366142,0.7,199.96800000000002,B,4.525358716577175,0.2815708397456695,19,4.341893835292129,-0.21029440641311706,0.3319942141645455,,,,,,,,,,,,,,,
2022,137,RB,43,20,0.7084499351991198,0.6,189.25599999999997,0.7089838067843927,0.6,189.25599999999997,0.4972098804315324,0.6,187.24099999999999,0.4387798972312494,0.65,187.64399999999998,0.41340635502327827,4.520677905893046,-0.3371104230961667,5.45985401459854,51.32304923784534,-5.0410228970044875,59.45985401459854,231.41544387242936,-40.217718306530486,270.73722627737226,1.8723232340810343,-0.15638427816173237,2.27007299270073,13.755490668771051,-0.4776386132014354,15.503649635036496,10.591811544517395,-0.5267092329565682,11.978102189781023,84.11158240588858,5.131198543689129,93.91240875912409,3.0,130.5,0.0,117.14250734650207,133.5,0.7,182.434,0.39340053639243006,0.75,186.44099999999997,0.3897761168632868,0.75,186.441,0.2960166826611361,0.7,179.19099999999997,0.42870139753194947,0.7,183.814,0.41340635502327827,0.7,182.434,B,4.520677905893046,-0.3371104230961667,26,3.46680789470192,0.4222999340214741,0.46914556036927413,,,,,,,,,,,,,,,
2023,136,RB,58,20,0.7432282790186396,0.5,178.903,0.7438655904783585,0.5,178.90300000000002,0.5636052204541047,0.45,158.41799999999998,0.4176398723381786,0.5,169.70299999999997,0.24453504065642806,4.272269347516969,-0.08639536365170176,4.8161764705882355,45.574604602665495,-7.6199338735530455,53.095588235294116,198.44163821134097,-23.901155335654206,245.46323529411765,1.8386772641666553,-0.1593070010969793,2.2941176470588234,12.913975515620507,-1.2241452226162914,16.74264705882353,10.120536233123973,-1.2841356713134824,13.147058823529411,76.86474956696836,-1.4863053890098938,97.13235294117646,2.0,102.5,0.0,113.92216175481722,104.5,0.55,162.21999999999997,0.4193607923959519,0.55,181.078,0.4220062136639085,0.55,181.078,0.20756520374624912,0.5,162.091,0.20623858461306183,0.5,166.91299999999998,0.24453504065642806,0.55,162.21999999999997,B,4.272269347516969,-0.08639536365170176,33,2.8757417167094763,1.0628636158509783,0.36737070269310945,,,,,,,,,,,,,,,
2024,122,RB,53,20,0.7481894572136264,0.6,212.26,0.7493863156541093,0.6,212.26,0.6850717724696203,0.6,207.75100000000003,0.5754725090407717,0.6,205.27099999999996,0.47993790797337277,4.349564679883617,-0.45287450039958993,4.778688524590164,49.78979626805802,-10.573579583158692,52.52459016393443,233.46993555358048,-59.98798364965612,234.51639344262296,2.1729883934309377,-0.6247979668663309,2.081967213114754,11.837571467738403,0.5796561486434487,13.073770491803279,9.495100588932527,-0.4287080108320099,10.278688524590164,78.74441027957626,-3.686398534674308,84.73770491803279,2.0,140.5,0.0,102.83319015414298,142.5,0.7,219.78100000000003,0.43598685678219623,0.6,212.26,0.43840587022837074,0.6,212.26,0.48430939402062645,0.6,207.75100000000003,0.49209935260434023,0.6,205.27099999999996,0.47993790797337277,0.7,219.78100000000003,B,4.349564679883617,-0.45287450039958993,22,3.5884432918694724,0.7667464203136749,0.18228881722394683,,,,,,,,,,,,,,,
2014,130,RB,0,20,0.6209340667371963,0.5,156.815,0.6208345917269499,0.5,156.815,0.5172720854854694,0.6,162.155,0.3306987327570631,0.6,161.8,,4.411382885263333,0.17187143145774297,5.053846153846154,50.11354816637833,-4.888921314987146,59.15384615384615,216.11782252732044,-24.854009965709327,251.2153846153846,1.74769433895762,-0.09496813652799926,1.9692307692307693,14.413760141417786,-2.2057802008219425,16.223076923076924,10.59520441165142,-1.4795265174844507,12.338461538461539,89.97166222484041,-13.571028586357299,99.23076923076923,8.0,113.0,0.0,75.57278332039542,121.0,,,,,,,,,,,,,,,,,,C,4.411382885263333,0.17187143145774297,28,3.1460445701478044,1.7980962831321847,0.2992833977140049,,,,,,,,,,,,,,,
2015,125,RB,0,20,0.6195612874284113,0.35,123.955,0.6171065876109518,0.35,123.955,0.4483228902732953,0.4,123.79499999999999,0.308934530950592,0.4,120.49499999999998,,4.090243248113666,-0.15428890505183177,4.928,50.68772850394448,-2.214980296049791,65.768,217.41828116171425,-7.181434366184412,284.808,1.8189785048316998,0.1924283824079334,2.264,15.019289096768489,-2.0505155260183257,18.712,11.217893469120131,-1.6097158745804503,14.16,98.2788473059754,-17.565574074158626,124.576,5.0,107.5,0.0,110.14377300045683,112.5,,,,,,,,,,,,,,,,,,C,4.090243248113666,-0.15428890505183177,25,3.576548622832476,1.3548751954390426,0.2724790761403995,,,,,,,,,,,,,,,
2016,130,RB,0,20,0.5912345077385208,0.5,165.91,0.5924636912262333,0.5,165.91,0.5390688372829542,0.5,155.20000000000002,0.32674030870600956,0.45,137.49,,4.457568610685032,0.4086257212343641,5.3076923076923075,52.058158512963075,-3.8139951602447004,56.83076923076923,226.84476472689454,-18.12778496975451,252.2,2.141074581196366,-0.5864477922798195,2.2384615384615385,14.82291442920305,-0.04761141482089871,16.26153846153846,11.480521530555063,-0.28593442487919146,12.623076923076923,93.89807040361005,-2.6051013184529244,112.72307692307692,5.0,114.0,0.0,101.54025059879902,119.0,,,,,,,,,,,,,,,,,,C,4.457568610685032,0.4086257212343641,24,2.9507950459679777,0.4108834614396473,0.6708323128800505,,,,,,,,,,,,,,,
2017,137,RB,0,20,0.6011657464455274,0.6,166.51499999999996,0.6018841389631014,0.6,166.51499999999996,0.3873368962934441,0.55,173.61,0.29313399189035844,0.55,168.05,,4.855835802293974,-0.2225947379630903,5.766423357664234,52.434374006032144,-6.90978590013073,58.86861313868613,217.1093530248356,-20.52272989596591,250.2189781021898,1.6569288744367068,0.03959756882921421,2.218978102189781,15.952117224474202,-3.709445079749623,17.605839416058394,12.075965630337775,-2.8885252613039425,13.27007299270073,99.31170338197268,-25.595603213554636,113.64963503649635,10.0,103.5,0.0,114.44356188125985,113.5,,,,,,,,,,,,,,,,,,C,4.855835802293974,-0.2225947379630903,32,3.9237178063408735,-1.892683895579035,0.4365678217902303,,,,,,,,,,,,,,,
2018,135,RB,38,20,0.6162300367089051,0.45,172.54,0.616608390384632,0.45,172.54,0.4517225975147962,0.35,157.95499999999998,0.2995811077669135,0.4,160.01500000000001,0.5480111623894416,4.222378036783175,0.20549260395878022,5.37037037037037,46.630046214190315,3.1635535886788086,60.888888888888886,206.41037641242556,-4.486763722249149,268.1777777777778,1.869038160734148,-0.32313606214774054,2.2074074074074073,15.942229197040133,-1.3365408156917542,18.733333333333334,12.448591911317944,-1.463524749650039,14.57037037037037,104.17836010243231,-10.976547735375012,116.28888888888889,10.5,122.5,0.0,119.23913590143073,133.0,0.65,186.683,0.4763103184155816,0.6,176.307,0.4734653682022103,0.6,175.182,0.3593148590644575,0.6,171.85500000000002,0.4160240645131881,0.65,180.85,0.5480111623894416,0.65,186.683,C,4.222378036783175,0.20549260395878022,30,2.9516385932933664,-0.7691333102619212,0.6528607273885304,,,,,,,,,,,,,,,
2019,130,RB,45,20,0.7002088039571172,0.55,185.33099999999996,0.6999327421046018,0.55,185.33099999999996,0.5470374579942241,0.6,196.75600000000003,0.4562003200087898,0.5,176.521,0.759291012141463,4.481917048085234,-0.1973318552885482,4.923076923076923,50.16476008819384,-4.017105416114952,54.36153846153846,224.37046305176196,-28.71525568795497,232.51538461538462,1.8944729144054167,-0.3065614855903059,2.1,14.69419039137439,-1.2454798886324923,16.907692307692308,11.692166887532197,-1.398358309933455,13.107692307692307,94.59207629504988,-8.164775391434382,112.07692307692308,7.5,125.0,0.0,114.40302942719023,132.5,0.75,213.87600000000003,0.55098814229249,0.65,193.386,0.5466403162055335,0.65,189.50099999999998,0.5475925573560981,0.65,198.74600000000004,0.5335244984419569,0.65,195.82099999999997,0.759291012141463,0.75,213.87600000000003,C,4.481917048085234,-0.1973318552885482,28,3.4876346127516404,0.27419344846239246,0.5168708904364967,,,,,,,,,,,,,,,
2020,133,RB,56,20,0.6593922897401012,0.45,159.445,0.6593052483501499,0.45,159.445,0.48496070208116904,0.45,158.335,0.32211209503540567,0.5,167.20000000000002,0.5736166799796691,3.7470564921694383,-0.5031999684531393,4.7669172932330826,46.013735999535264,-2.3882571221030364,56.46616541353384,213.11242646885555,-26.24983427926831,251.93984962406014,1.9431697829021917,-0.5557583521321995,2.2030075187969924,13.514780073938192,0.559064268697857,17.015037593984964,10.44418189177795,0.21680746469854226,13.25563909774436,82.10576466720471,9.92363786401304,111.05263157894737,2.0,116.0,0.0,120.60403441125464,118.0,0.65,179.78500000000003,0.43007518796992483,0.6,165.69,0.4306903622693097,0.6,165.69,0.2706698851843164,0.55,164.8,0.2832267164018069,0.6,170.23999999999998,0.5736166799796691,0.65,179.78500000000003,C,3.7470564921694383,-0.5031999684531393,31,3.154256387663056,0.4503387842903881,0.31132117925883906,,,,,,,,,,,,,,,
2021,126,RB,64,20,0.5799306035921811,0.55,165.66799999999998,0.5801051129205632,0.55,165.66799999999998,0.47825653572262333,0.55,160.853,0.4638450381425163,0.6,180.03799999999998,0.7114118628366142,4.632195132636134,0.32136054477286674,5.412698412698413,50.2713780082018,-0.7655286764724462,57.26190476190476,220.48106353394382,-7.762319932658859,252.26984126984127,2.0249920367600724,-0.1761923013277487,2.5873015873015874,14.746250470311091,0.04644073999098252,16.753968253968253,11.580410249584482,-0.3937930490525656,12.698412698412698,89.89026915967885,3.406478925979237,105.02380952380952,5.0,107.0,0.0,122.80116115935901,112.0,0.7,199.96800000000002,0.645038692924037,0.7,183.878,0.6457255375605004,0.7,183.878,0.43294394851006457,0.6,168.733,0.43451177140643943,0.7,192.088,0.7114118628366142,0.7,199.96800000000002,C,4.632195132636134,0.32136054477286674,19,4.324565536111825,0.05150280587583724,0.3950545676930067,,,,,,,,,,,,,,,
2022,137,RB,43,20,0.7044014090108007,0.6,185.38299999999998,0.7031486840190421,0.6,185.383,0.4972098804315324,0.6,187.24099999999999,0.4387798972312494,0.65,187.64399999999998,0.41340635502327827,4.5591175858948,-0.2599186312730569,5.45985401459854,51.73672309136729,-4.892887311016797,59.45985401459854,233.36676124180116,-39.725401211538895,270.73722627737226,1.8813830128212454,-0.15052343067926854,2.27007299270073,13.995792692657824,-0.45336845076518095,15.503649635036496,10.794850618347807,-0.5103854196975183,11.978102189781023,85.73855355176562,5.249826572214312,93.91240875912409,3.0,130.5,0.0,116.7253441572446,133.5,0.7,182.434,0.354060482753187,0.75,181.22099999999998,0.35164420306709154,0.75,181.22099999999998,0.2960166826611361,0.7,179.19099999999997,0.42870139753194947,0.7,183.814,0.41340635502327827,0.7,182.434,C,4.5591175858948,-0.2599186312730569,26,3.5855786565308967,0.8433196917394903,0.4449467045099605,,,,,,,,,,,,,,,
2023,136,RB,58,20,0.745077447875248,0.5,178.90300000000002,0.7454299004249408,0.5,178.903,0.5636052204541047,0.45,158.41799999999998,0.4176398723381786,0.5,169.70299999999997,0.24453504065642806,4.292262152927213,0.07362959845092826,4.8161764705882355,45.786853475467204,-6.68126807851048,53.095588235294116,200.03110466908237,-19.96095403099401,245.46323529411765,1.8631711625124643,-0.13197367699946028,2.2941176470588234,12.94832381409042,-0.9422129777389145,16.74264705882353,10.165152338208646,-1.0720819681238325,13.147058823529411,77.07386292665598,0.1469403103962154,97.13235294117646,2.0,102.5,0.0,114.99093908418016,104.5,0.55,162.21999999999997,0.41788427819988316,0.55,181.07799999999997,0.41874557814759,0.55,181.07799999999997,0.20756520374624912,0.5,162.091,0.20623858461306183,0.5,166.91299999999998,0.24453504065642806,0.55,162.21999999999997,C,4.292262152927213,0.07362959845092826,33,3.0137576581976133,1.4051527127759718,0.35755708345740495,,,,,,,,,,,,,,,
2024,122,RB,53,20,0.754270163012635,0.6,212.96999999999997,0.7553805816768608,0.6,212.96999999999997,0.6850717724696203,0.6,207.75100000000003,0.5754725090407717,0.6,205.27099999999996,0.47993790797337277,4.3852185546564435,-0.39137191804712,4.778688524590164,49.94966836247576,-10.543730004380558,52.52459016393443,234.09413327172246,-59.87966003263064,234.51639344262296,2.188639103001584,-0.6247351526255707,2.081967213114754,11.80746357332566,0.6003214577955924,13.073770491803279,9.450334910945374,-0.41206198502873,10.278688524590164,78.65101971232784,-3.5607807939381564,84.73770491803279,2.0,140.5,0.0,102.51436180554144,142.5,0.7,219.78100000000003,0.4432842140114895,0.6,212.96999999999997,0.44425181938995933,0.6,212.96999999999997,0.48430939402062645,0.6,207.75100000000003,0.49209935260434023,0.6,205.27099999999996,0.47993790797337277,0.7,219.78100000000003,C,4.3852185546564435,-0.39137191804712,22,3.77132385292628,1.1472463100088077,0.23766769840590535,,,,,,,,,,,,,,,
2014,130,RB,0,20,0.6189309781330151,0.5,156.815,0.6193067710766296,0.5,156.815,0.5172720854854694,0.6,162.155,0.3306987327570631,0.6,161.8,,4.406445424753804,0.15560036882993436,5.053846153846154,50.096427612131755,-5.1290826187359055,59.15384615384615,215.9925829317583,-25.861691120899177,251.2153846153846,1.746351264689961,-0.10150327021310022,1.9692307692307693,14.414978810062234,-2.2757868343012184,16.223076923076924,10.596274830059421,-1.5314354998855484,12.338461538461539,89.97637123013541,-13.973523054771452,99.23076923076923,8.0,113.0,0.0,75.23478386418864,121.0,,,,,,,,,,,,,,,,,,D,4.406445424753804,0.15560036882993436,28,3.131459068614192,1.7444232700934388,0.2893250672516344,,,,,,,,,,,,,,,
2015,125,RB,0,20,0.6207826849973939,0.35,123.955,0.6202663966089748,0.35,123.955,0.4483228902732953,0.4,123.79499999999999,0.308934530950592,0.4,120.49499999999998,,4.0987753905030555,-0.1962027661791567,4.928,50.42946752602186,-2.6704909726621446,65.768,216.3427259375171,-9.070640389822248,284.808,1.8111125257050402,0.180069490121681,2.264,14.998048603003182,-2.1773284534004884,18.712,11.20117257322103,-1.703619281606418,14.16,98.15601084011003,-18.307834548575507,124.576,5.0,107.5,0.0,109.04300912289813,112.5,,,,,,,,,,,,,,,,,,D,4.0987753905030555,-0.1962027661791567,25,3.5568569533366188,1.2632045831841783,0.20122891911744104,,,,,,,,,,,,,,,
2016,130,RB,0,20,0.5890566255857952,0.5,165.91000000000003,0.5890181276689541,0.5,165.91000000000003,0.5390688372829542,0.5,155.20000000000002,0.32674030870600956,0.45,137.49,,4.452188721553787,0.38256776586391716,5.3076923076923075,52.02365703336297,-4.044249007323543,56.83076923076923,226.6821517363121,-19.077597209770236,252.2,2.1399409592173217,-0.5925747083825059,2.2384615384615385,14.828340291665901,-0.12606601707931545,16.26153846153846,11.493161156762552,-0.345110374713009,12.623076923076923,93.93754080974277,-3.0746031548478676,112.72307692307692,5.0,114.0,0.0,100.93485363797981,119.0,,,,,,,,,,,,,,,,,,D,4.452188721553787,0.38256776586391716,24,2.960557832721225,0.3045720743908365,0.6328418093190342,,,,,,,,,,,,,,,
2017,137,RB,0,20,0.5971028848859035,0.55,165.16,0.5976345861519491,0.55,165.16,0.3873368962934441,0.55,173.61,0.29313399189035844,0.55,168.05,,4.85536767537307,-0.19080973730237188,5.766423357664234,52.46159927158281,-6.602864630533875,58.86861313868613,217.3801879966321,-19.25166855111577,250.2189781021898,1.6623739704102574,0.04777761808761843,2.218978102189781,15.963060627502074,-3.615369037007757,17.605839416058394,12.093958032462185,-2.817704998597447,13.27007299270073,99.42166393281205,-25.03650829076783,113.64963503649635,10.0,103.5,0.0,114.76954591692214,113.5,,,,,,,,,,,,,,,,,,D,4.85536767537307,-0.19080973730237188,32,3.8620693372939705,-1.8960600594796266,0.45857014288601144,,,,,,,,,,,,,,,
2018,135,RB,38,20,0.617495310364745,0.45,172.54,0.6187581271785347,0.45,172.54,0.4517225975147962,0.35,157.95499999999998,0.2995811077669135,0.4,160.01500000000001,0.5480111623894416,4.219556374744883,0.2121233707729775,5.37037037037037,46.62098200795245,3.2710498465248197,60.888888888888886,206.47772589964026,-4.053436152745524,268.1777777777778,1.8680924109809522,-0.3204011713833474,2.2074074074074073,15.924809650377423,-1.3190270814727005,18.733333333333334,12.43463686391264,-1.4505768493232432,14.57037037037037,104.07674482341537,-10.874781330404192,116.28888888888889,10.5,122.5,0.0,119.26239318104648,133.0,0.65,186.683,0.47762337236021446,0.6,175.182,0.4754349491191596,0.6,175.182,0.3593148590644575,0.6,171.85500000000002,0.4160240645131881,0.65,180.85,0.5480111623894416,0.65,186.683,D,4.219556374744883,0.2121233707729775,30,2.9440263132610633,-0.7951954177519873,0.6326513730488326,,,,,,,,,,,,,,,
2019,130,RB,45,20,0.6953860033936732,0.55,185.331,0.6947234549476362,0.55,185.331,0.5470374579942241,0.6,196.75600000000003,0.4562003200087898,0.5,176.521,0.759291012141463,4.5044223213635055,-0.15435550754676222,4.923076923076923,50.526898955485194,-3.6380210911409727,54.36153846153846,225.73788571760358,-27.136108543297976,232.51538461538462,1.9044749224552007,-0.29542196138735655,2.1,14.751724454852397,-1.179591845495273,16.907692307692308,11.739115198568639,-1.349974037090687,13.107692307692307,94.87072230339425,-7.771309848541815,112.07692307692308,7.5,125.0,0.0,114.82197811268301,132.5,0.75,213.87600000000003,0.546772068511199,0.65,189.50099999999998,0.5442687747035573,0.65,189.50099999999998,0.5475925573560981,0.65,198.74600000000004,0.5335244984419569,0.65,195.82099999999997,0.759291012141463,0.75,213.87600000000003,D,4.5044223213635055,-0.15435550754676222,28,3.5479234174667242,0.4415808982145668,0.508977111897294,,,,,,,,,,,,,,,
2020,133,RB,56,20,0.6564004390169231,0.45,159.445,0.6562826769862262,0.45,159.445,0.48496070208116904,0.45,158.335,0.32211209503540567,0.5,167.20000000000002,0.5736166799796691,3.7811880511024527,-0.5441344623331384,4.7669172932330826,46.01583952033674,-2.3733585318325097,56.46616541353384,212.74715132761813,-26.157819346497455,251.93984962406014,1.9423707706524345,-0.5546926503068542,2.2030075187969924,13.452871455007285,0.5040589748343167,17.015037593984964,10.408279907774636,0.17588044137581976,13.25563909774436,82.1063908020423,9.607619855648046,111.05263157894737,2.0,116.0,0.0,120.76243386917845,118.0,0.65,179.78500000000003,0.4440191387559809,0.6,165.75,0.44313055365686943,0.6,165.75,0.2706698851843164,0.55,164.8,0.2832267164018069,0.6,170.23999999999998,0.5736166799796691,0.65,179.78500000000003,D,3.7811880511024527,-0.5441344623331384,31,3.193987418971413,0.3807981991842314,0.22131722981829963,,,,,,,,,,,,,,,
2021,126,RB,64,20,0.5823827605341027,0.55,165.66799999999998,0.5834508779750625,0.55,165.66799999999998,0.47825653572262333,0.55,160.853,0.4638450381425163,0.6,180.03799999999998,0.7114118628366142,4.597092145593822,0.3288613756289718,5.412698412698413,49.98232169398364,-0.596879910975408,57.26190476190476,219.26697883254877,-7.055791658586096,252.26984126984127,2.01670976835603,-0.17199160845716985,2.5873015873015874,14.640823141505358,0.0651881293855037,16.753968253968253,11.497058232735201,-0.38040384948742634,12.698412698412698,89.39434465093167,3.517369061349283,105.02380952380952,5.0,107.0,0.0,122.94320305136944,112.0,0.7,199.96800000000002,0.6519987185735332,0.7,183.878,0.6518155600038097,0.7,183.878,0.43294394851006457,0.6,168.733,0.43451177140643943,0.7,192.088,0.7114118628366142,0.7,199.96800000000002,D,4.597092145593822,0.3288613756289718,19,4.218378979099256,0.047493909359486046,0.417311163055993,,,,,,,,,,,,,,,
2022,137,RB,43,20,0.7052630964817674,0.6,185.38299999999998,0.7042843319087673,0.6,185.38299999999998,0.4972098804315324,0.6,187.24099999999999,0.4387798972312494,0.65,187.64399999999998,0.41340635502327827,4.5257101535027475,-0.24309834896446675,5.45985401459854,51.63356954312389,-4.615401157246958,59.45985401459854,232.8191847619934,-38.5487746789519,270.73722627737226,1.8769397591727832,-0.14210431824200956,2.27007299270073,13.964296021722767,-0.3755789030027066,15.503649635036496,10.771705870423807,-0.449809338851787,11.978102189781023,85.48674024484141,5.72676723876408,93.91240875912409,3.0,130.5,0.0,117.18080349743884,133.5,0.7,182.434,0.38509457497147664,0.8,195.059,0.38932306442214387,0.8,195.059,0.2960166826611361,0.7,179.19099999999997,0.42870139753194947,0.7,183.814,0.41340635502327827,0.7,182.434,D,4.5257101535027475,-0.24309834896446675,26,3.585898976372273,0.8826470642815489,0.4550946118058017,,,,,,,,,,,,,,,
2023,136,RB,58,20,0.7449425286224516,0.5,178.90300000000002,0.7442835032123978,0.5,178.90300000000002,0.5636052204541047,0.45,158.41799999999998,0.4176398723381786,0.5,169.70299999999997,0.24453504065642806,4.291842359860054,0.11807559720314288,4.8161764705882355,45.8975075741114,-6.253189688336244,53.095588235294116,200.6203429349408,-18.10315452818034,245.46323529411765,1.8688271353018766,-0.11905249280149406,2.2941176470588234,12.962248571222844,-0.8485734474028879,16.74264705882353,10.169502835705782,-1.0014287926014414,13.147058823529411,76.99314418494309,0.6983398334333131,97.13235294117646,2.0,102.5,0.0,115.62720615721403,104.5,0.55,162.21999999999997,0.41677689255283157,0.55,180.97299999999998,0.41917622812144334,0.55,180.97299999999998,0.20756520374624912,0.5,162.091,0.20623858461306183,0.5,166.91299999999998,0.24453504065642806,0.55,162.21999999999997,D,4.291842359860054,0.11807559720314288,33,3.0741717944306304,1.4718141981778399,0.3396080016595291,,,,,,,,,,,,,,,
2024,122,RB,53,20,0.750692886118303,0.6,212.96999999999997,0.7506031217352668,0.6,212.96999999999997,0.6850717724696203,0.6,207.75100000000003,0.5754725090407717,0.6,205.27099999999996,0.47993790797337277,4.415538482141407,-0.34779409729508276,4.778688524590164,50.006409878413436,-10.13769166164872,52.52459016393443,234.22821597152404,-58.18381550558463,234.51639344262296,2.1906748305605563,-0.6125796646247801,2.081967213114754,11.852728530238032,0.7013596826864015,13.073770491803279,9.491763206972136,-0.3348153480932462,10.278688524590164,79.12527910348314,-2.9663636862801805,84.73770491803279,2.0,140.5,0.0,102.96020333943213,142.5,0.7,219.78100000000003,0.4511056908207872,0.6,212.96999999999997,0.4495736489715434,0.6,212.96999999999997,0.48430939402062645,0.6,207.75100000000003,0.49209935260434023,0.6,205.27099999999996,0.47993790797337277,0.7,219.78100000000003,D,4.415538482141407,-0.34779409729508276,22,3.920215901230336,1.2433076798783218,0.1530610743779132,,,,,,,,,,,,,,,
2014,130,RB,0,20,0.6154189720202653,0.5,154.52,0.6159881878025049,0.5,154.52,0.5172720854854694,0.6,162.155,0.3306987327570631,0.6,161.8,,4.425361827303465,0.15538223853180239,5.053846153846154,50.23217562515003,-4.386637660421159,59.15384615384615,216.33465388978072,-22.803214085686832,251.2153846153846,1.7506355931756588,-0.08129431950642473,1.9692307692307693,14.512277731278784,-2.113210968299629,16.223076923076924,10.696116710552143,-1.4136648838148773,12.338461538461539,90.58082627844715,-13.043422808869554,99.23076923076923,8.0,113.0,0.0,77.25548584132844,121.0,,,,,,,,,,,,,,,,,,E,4.425361827303465,0.15538223853180239,28,3.1616122010354326,1.7894383369929925,0.28850544949738055,,,,,,,,,,,,,,,
2015,125,RB,0,20,0.6226623457169079,0.35,121.345,0.622232620651098,0.35,121.345,0.4483228902732953,0.4,123.79499999999999,0.308934530950592,0.4,120.49499999999998,,4.061520391604876,-0.2586719919701245,4.928,50.31167995911144,-2.778278776578658,65.768,215.9609734423585,-9.449073511693918,284.808,1.8128603931342977,0.17755091920363633,2.264,14.889868259087704,-2.2346184678804697,18.712,11.134885431228934,-1.7485439281083233,14.16,97.37953849264801,-18.66350857704848,124.576,5.0,107.5,0.0,109.1918284862377,112.5,,,,,,,,,,,,,,,,,,E,4.061520391604876,-0.2586719919701245,25,3.5230213135560264,1.2278054949340935,0.2060487734675594,,,,,,,,,,,,,,,
2016,130,RB,0,20,0.5893654137462301,0.5,159.51500000000001,0.5892086720136193,0.5,159.51500000000001,0.5390688372829542,0.5,155.20000000000002,0.32674030870600956,0.45,137.49,,4.3449080295730464,0.38462988213857485,5.3076923076923075,51.348834532704245,-3.3072496648353904,56.83076923076923,224.28165092484835,-15.993489365246035,252.2,2.1262419644925092,-0.57242130244896,2.2384615384615385,14.687429304093351,-0.060791277331086,16.26153846153846,11.41290256142169,-0.2974740660731477,12.623076923076923,93.5151044231948,-2.702017616078659,112.72307692307692,5.0,114.0,0.0,102.4026016587244,119.0,,,,,,,,,,,,,,,,,,E,4.3449080295730464,0.38462988213857485,24,2.9292498005894934,0.2943517707290026,0.6689782585598893,,,,,,,,,,,,,,,
2017,137,RB,0,20,0.5934778638098417,0.55,170.255,0.5931470274665245,0.55,170.255,0.3873368962934441,0.55,173.61,0.29313399189035844,0.55,168.05,,4.771093008448983,-0.18563758411282735,5.766423357664234,51.688910539905194,-5.423891139315886,58.86861313868613,216.09581531270038,-14.345336473719478,250.2189781021898,1.646182679593845,0.0832316169061907,2.218978102189781,15.762949523859001,-3.416604234379197,17.605839416058394,11.993620931591506,-2.668574614682253,13.27007299270073,98.19877531528662,-23.839490545703693,113.64963503649635,10.0,103.5,0.0,117.49214718160657,113.5,,,,,,,,,,,,,,,,,,E,4.771093008448983,-0.18563758411282735,32,3.840362811512593,-1.8565575359633393,0.4554346205414917,,,,,,,,,,,,,,,
2018,135,RB,38,20,0.6160433167130918,0.5,183.137,0.6151391988386276,0.5,183.137,0.4517225975147962,0.35,157.95499999999998,0.2995811077669135,0.4,160.01500000000001,0.5480111623894416,4.258549475193194,0.3265947753291738,5.37037037037037,47.21822470947446,5.188658603961339,60.888888888888886,208.8348972093354,3.772880843700979,268.1777777777778,1.868057471381753,-0.2680553228367545,2.2074074074074073,15.996766541614464,-0.8930605820953007,18.733333333333334,12.49990852425289,-1.1318572484230143,14.57037037037037,103.74416588417705,-8.346794673557671,116.28888888888889,10.5,122.5,0.0,122.90870693752582,133.0,0.65,186.683,0.47762337236021446,0.55,173.167,0.4754349491191596,0.55,173.167,0.3593148590644575,0.6,171.85500000000002,0.4160240645131881,0.65,180.85,0.5480111623894416,0.65,186.683,E,4.258549475193194,0.3265947753291738,30,2.9043270145269124,-0.6747328247151636,0.649410349818338,,,,,,,,,,,,,,,
2019,130,RB,45,20,0.693216157232902,0.55,185.331,0.6922499407490982,0.55,185.331,0.5470374579942241,0.6,196.75600000000003,0.4562003200087898,0.5,176.521,0.759291012141463,4.419129134701122,-0.13692866467342898,4.923076923076923,49.54442611337884,-2.4756742750098475,54.36153846153846,222.26808406361934,-22.216995234955967,232.51538461538462,1.8976774056085504,-0.25759406153698544,2.1,14.458372604526469,-0.9635751973892998,16.907692307692308,11.559420735910978,-1.1901894521337464,13.107692307692307,93.56011569512584,-6.448111454455009,112.07692307692308,7.5,125.0,0.0,117.57684110022285,132.5,0.75,213.87600000000003,0.5530961791831356,0.65,189.876,0.5530961791831356,0.65,189.876,0.5475925573560981,0.65,198.74600000000004,0.5335244984419569,0.65,195.82099999999997,0.759291012141463,0.75,213.87600000000003,E,4.419129134701122,-0.13692866467342898,28,3.535455802207039,0.44459875190655546,0.499710502307795,,,,,,,,,,,,,,,
2020,133,RB,56,20,0.6498287317189587,0.45,156.625,0.6498466520965364,0.45,156.625,0.48496070208116904,0.45,158.335,0.32211209503540567,0.5,167.20000000000002,0.5736166799796691,3.794378056744646,-0.5593213282920358,4.7669172932330826,46.49010751019841,-1.5139985835757792,56.46616541353384,214.9257999362063,-22.46310753795821,251.93984962406014,1.9270163558708542,-0.5262291214479742,2.2030075187969924,13.606677578863938,0.6404636306795982,17.015037593984964,10.538968083043757,0.28066834348625486,13.25563909774436,82.89706505035689,10.443378793826016,111.05263157894737,2.0,116.0,0.0,123.1571809511405,118.0,0.65,179.78500000000003,0.42863978127136027,0.6,166.52,0.4284347231715653,0.6,166.52,0.2706698851843164,0.55,164.8,0.2832267164018069,0.6,170.23999999999998,0.5736166799796691,0.65,179.78500000000003,E,3.794378056744646,-0.5593213282920358,31,3.1530131649801074,0.43477843251284615,0.24307466949100415,,,,,,,,,,,,,,,
2021,126,RB,64,20,0.5920228965364548,0.6,169.65800000000002,0.5925975738075063,0.6,169.65800000000002,0.47825653572262333,0.55,160.853,0.4638450381425163,0.6,180.03799999999998,0.7114118628366142,4.568365843886991,0.30639258530228314,5.412698412698413,49.92302910261915,-0.12052626107893097,57.26190476190476,217.6729522021647,-4.892269735135649,252.26984126984127,2.015352846235716,-0.15348330061649754,2.5873015873015874,14.617544772408012,0.20775272666447292,16.753968253968253,11.46398229168805,-0.27312633209058984,12.698412698412698,89.21527336831053,4.375194988443505,105.02380952380952,5.0,107.0,0.0,124.55527419743919,112.0,0.7,199.96800000000002,0.6467329096939802,0.65,178.983,0.6475113336153053,0.65,178.983,0.43294394851006457,0.6,168.733,0.43451177140643943,0.7,192.088,0.7114118628366142,0.7,199.96800000000002,E,4.568365843886991,0.30639258530228314,19,4.238238128962185,0.1171685751181188,0.41916587933624183,,,,,,,,,,,,,,,
2022,137,RB,43,20,0.7073236534775573,0.5,168.553,0.7076397616530479,0.5,168.553,0.4972098804315324,0.6,187.24099999999999,0.4387798972312494,0.65,187.64399999999998,0.41340635502327827,4.465184750446948,-0.23705761206938283,5.45985401459854,51.171399093314996,-3.6755975509625736,59.45985401459854,230.86703214022,-34.482854382209844,270.73722627737226,1.8714516828949042,-0.11142021979141138,2.27007299270073,13.81114325006146,-0.17807812841289145,15.503649635036496,10.655776126369908,-0.2990232815737147,11.978102189781023,84.56097491904393,6.885130460499866,93.91240875912409,3.0,130.5,0.0,119.73108746094796,133.5,0.7,182.434,0.3973269908823353,0.75,188.254,0.3983841132450021,0.75,188.25400000000002,0.2960166826611361,0.7,179.19099999999997,0.42870139753194947,0.7,183.814,0.41340635502327827,0.7,182.434,E,4.465184750446948,-0.23705761206938283,26,3.591577365961233,0.8942617491523053,0.44963035403111795,,,,,,,,,,,,,,,
2023,136,RB,58,20,0.7424440256942254,0.45,164.483,0.7418791467713222,0.45,164.483,0.5636052204541047,0.45,158.41799999999998,0.4176398723381786,0.5,169.70299999999997,0.24453504065642806,4.276807727001135,0.14185118209915626,4.8161764705882355,45.684826334739604,-5.113667454887912,53.095588235294116,201.2472983810514,-13.194436575307503,245.46323529411765,1.8650645100607874,-0.08354357326235422,2.2941176470588234,12.894823948367362,-0.6406071261379234,16.74264705882353,10.165025144076617,-0.8385138093087879,13.147058823529411,77.01561875344726,1.924190807789778,97.13235294117646,2.0,102.5,0.0,118.4402481364057,104.5,0.55,162.21999999999997,0.39684395090590296,0.5,175.618,0.39604417238303247,0.5,175.618,0.20756520374624912,0.5,162.091,0.20623858461306183,0.5,166.91299999999998,0.24453504065642806,0.55,162.21999999999997,E,4.276807727001135,0.14185118209915626,33,3.0666121454767086,1.510797340595103,0.36560058396973144,,,,,,,,,,,,,,,
2024,122,RB,53,20,0.7564876757343075,0.55,202.37,0.7571891677647017,0.55,202.37,0.6850717724696203,0.6,207.75100000000003,0.5754725090407717,0.6,205.27099999999996,0.47993790797337277,4.293639964764625,-0.3350578603645251,4.778688524590164,49.38115665082253,-9.241604928820054,52.52459016393443,231.33519880647364,-54.37018358690961,234.51639344262296,2.158187153431758,-0.5844285840865668,2.081967213114754,11.577288304942078,0.9031245495160829,13.073770491803279,9.241725522531294,-0.18192131021492708,10.278688524590164,77.52226896086898,-1.7838007780303764,84.73770491803279,2.0,140.5,0.0,104.95736497592989,142.5,0.7,219.78100000000003,0.4453000585499683,0.55,202.37,0.44263914375917623,0.55,202.37,0.48430939402062645,0.6,207.75100000000003,0.49209935260434023,0.6,205.27099999999996,0.47993790797337277,0.7,219.78100000000003,E,4.293639964764625,-0.3350578603645251,22,3.8749509549360197,1.3164758493633935,0.22997618713063334,,,,,,,,,,,,,,,
2014,68,QB,0,10,0.7787506208297263,0.6,284.172,0.7788272393481078,0.6,284.172,0.7050464538917739,0.5,295.78000000000003,0.6795215853713177,0.7,307.882,,3.3031002107229446,-0.16827754606511655,3.485294117647059,11.4729519449085,-1.3686976369478443,12.323529411764707,54.03860233799927,-6.350946960453981,62.161764705882355,,,,,,,,,,,,,0.0,6.5,201.5,199.15310338544418,208.0,,,,,,,,,,,,,,,,,,A,3.3031002107229446,-0.16827754606511655,21,2.6442234672437546,-0.4560543745223294,0.251959619198315,113.61419290464457,-0.48084869007431263,126.22058823529412,846.1046463106089,-32.73015613326673,874.5441176470588,5.776748932823154,-0.45124458192690653,6.117647058823529,3.3958963902860693,0.3089053729888817,5.029411764705882,,,
2015,72,QB,0,10,0.6627549485459183,0.3,244.728,0.6616252892881456,0.3,244.728,0.6300732470110181,0.5,261.136,0.6249110633864847,0.6,273.872,,3.567702784740358,-0.07397824701708916,3.6805555555555554,12.24299705998555,0.40481691187277896,12.5,54.73659974889836,4.3630068623544975,60.77777777777778,,,,,,,,,,,,,0.0,3.0,230.0,176.89414054391304,233.0,,,,,,,,,,,,,,,,,,A,3.567702784740358,-0.07397824701708916,26,2.70168716443738,-1.3729818515024956,0.3174566717697196,122.15555797255632,-8.723148763770562,123.06944444444444,900.2752270358471,-88.2598009673118,931.6666666666666,6.416709480772751,-0.751143495473044,7.208333333333333,2.8995820550419382,0.23347315975173089,3.388888888888889,,,
2016,76,QB,0,10,0.7203586600068004,0.5,264.96799999999996,0.7197240192399356,0.5,264.96799999999996,0.6199797294200764,0.5,289.784,0.6062206682847894,0.4,287.782,,3.348390453889495,0.2064612814118687,3.3289473684210527,10.250767404562433,1.4852128911021125,10.960526315789474,59.65131659168092,8.980955310700761,56.31578947368421,,,,,,,,,,,,,0.0,1.0,200.0,244.2268285201435,201.0,,,,,,,,,,,,,,,,,,A,3.348390453889495,0.2064612814118687,25,2.0190829073669243,0.7556891696931953,0.25643794866307706,113.90936641539139,3.7077850544339848,111.46052631578948,817.9078096654883,26.371037182666967,751.4736842105264,5.312737164601475,0.6072262793521825,5.552631578947368,3.128431884122483,0.7794821542033216,3.3552631578947367,,,
2017,80,QB,0,10,0.707010529258441,0.5,232.87600000000003,0.7078171584988955,0.5,232.87600000000003,0.6951835533340037,0.4,228.82200000000003,0.534682860385072,0.6,242.996,,3.2981610558699272,-0.09518967631207487,3.2,11.338263442245324,-1.3726627876378235,11.9625,57.204318255816304,-11.092166406681827,67.1625,,,,,,,,,,,,,0.0,0.0,164.0,227.79404462563275,164.0,,,,,,,,,,,,,,,,,,A,3.2981610558699272,-0.09518967631207487,35,2.326567006526975,-0.6553396574105179,0.22532597219410708,100.86148315895446,2.0375799432934394,106.0875,703.7691413953169,35.251231377038685,769.35,5.195428339605801,0.35255410084789196,5.75,3.0033232215912697,0.01919902279105472,3.5625,,,
2018,72,QB,19,10,0.6316086081398262,0.3,272.384,0.6283838002318874,0.3,280.178,0.4794951222715896,0.4,270.064,0.5694547478568106,0.5,280.962,0.39067497183495997,3.5817173189561466,-0.11282316593377988,4.458333333333333,14.22566345349609,-2.351288631898697,18.041666666666668,73.41734713788219,-13.091525093292594,92.08333333333333,,,,,,,,,,,,,0.0,3.0,276.5,200.99079774199055,279.5,0.6,276.822,-0.08421052631578947,0.5,239.67399999999998,-0.08070175438596491,0.5,239.67399999999998,-0.005263157894736842,0.6,256.64,0.09473684210526316,0.6,256.802,0.39067497183495997,0.6,276.822,A,3.5817173189561466,-0.11282316593377988,26,2.800022489349892,-0.9021856659677828,0.30959224394458507,115.25282922955928,1.7103444156213026,146.93055555555554,866.9201520180574,-53.307097407343285,1046.9583333333333,6.36401650021976,-0.9536861064827187,6.791666666666667,3.1536731582430955,0.19245253117974898,4.541666666666667,,,
2019,79,QB,20,10,0.6897502902208523,0.6,269.38800000000003,0.6897008156097832,0.6,269.38800000000003,0.56404287102651,0.5,229.536,0.5252035917417893,0.5,230.394,0.1572611430889571,3.517714478369649,0.49073291272780156,3.962025316455696,12.64269511065774,1.19431274046857,14.569620253164556,62.043138612669445,5.2866298015958,73.86075949367088,,,,,,,,,,,,,0.0,6.5,228.5,222.5835576280634,235.0,0.5,279.372,0.3954887218045112,0.7,294.684,0.393984962406015,0.7,294.684,0.12180451127819547,0.6,286.13800000000003,0.15939849624060148,0.6,283.36199999999997,0.1572611430889571,0.5,279.372,A,3.517714478369649,0.49073291272780156,35,2.6127889532081294,0.06341060678419856,0.28118272615898027,123.02611974033121,12.013266240495943,137.72151898734177,885.5847940057673,71.88651327090918,940.7594936708861,5.6334426008658305,0.4803043398708582,6.405063291139241,3.428028430184178,0.5100492698790365,4.151898734177215,,,
2020,80,QB,20,10,0.744292863218249,0.6,283.1,0.7445996907819665,0.6,283.1,0.6585007473279235,0.7,311.982,0.6313719531738502,0.6,295.43399999999997,0.41654135338345866,3.566868314919001,-0.2955019779748497,3.675,13.333792991151721,-2.8264290493519546,13.7,68.16992465326878,-15.87135956991458,64.775,,,,,,,,,,,,,0.0,4.0,233.0,231.84895918432647,237.0,0.7,319.61199999999997,0.29624060150375936,0.6,306.78200000000004,0.312781954887218,0.6,306.78200000000004,0.4917293233082706,0.8,331.832,0.4917293233082706,0.8,326.904,0.41654135338345866,0.7,319.61199999999997,A,3.566868314919001,-0.2955019779748497,35,3.2370750546747473,-0.954659863534381,0.24800435485333724,112.88247765484502,0.7725315838395638,126.0625,847.6250755222275,-10.7796375371649,904.275,6.292704417735832,-0.8358884632174579,6.425,3.008343869362549,0.4787393216228838,3.8125,,,
2021,82,QB,24,10,0.7174033242278308,0.5,292.43600000000004,0.7187863021328921,0.5,292.436,0.5921742871240119,0.5,299.368,0.5577153892573391,0.6,305.73799999999994,0.6192650722605039,3.503720829960198,0.4610939062706312,4.012195121951219,12.00673639248229,1.5545216072564756,15.21951219512195,57.44134350593152,7.426445939113461,78.04878048780488,,,,,,,,,,,,,0.0,4.0,192.5,258.35304457547676,196.5,0.7,326.574,0.2582608695652174,0.5,275.104,0.25913043478260867,0.5,275.104,0.5668176314366014,0.6,290.278,0.4890876326725683,0.6,288.406,0.6192650722605039,0.7,326.574,A,3.503720829960198,0.4610939062706312,34,2.332661834485391,-0.05878769845121076,0.4011989704755435,115.97629283960822,26.90201582379303,125.7560975609756,844.8289250945074,205.70045820676293,903.329268292683,6.23655470298789,1.2776613765551745,6.280487804878049,3.1372366215015637,0.6150353110888093,4.073170731707317,,,
2022,82,QB,14,10,0.7421102179892878,0.3,279.216,0.7427661593740342,0.3,279.216,0.7168849582263956,0.5,301.484,0.6061011471986932,0.2,249.17,0.3322334243638211,2.824064449724501,-0.20034428759484782,3.1463414634146343,11.745952260860784,-3.6278164186587794,13.158536585365853,63.70400732889719,-19.786058258728637,64.79268292682927,,,,,,,,,,,,,0.0,11.0,162.0,213.7466378850779,173.0,0.7,270.22200000000004,0.4153846153846154,0.7,281.20799999999997,0.49890109890109896,0.7,281.20799999999997,0.45494505494505494,0.7,279.408,0.3406593406593406,0.7,265.23,0.3322334243638211,0.7,270.22200000000004,A,2.824064449724501,-0.20034428759484782,34,2.346941411494171,-0.5989854122204721,0.21389279073918327,89.09317109641584,1.0555527479714422,95.97560975609755,645.5062702416944,31.03565262300453,695.3536585365854,4.600748961987659,0.9225082204045403,5.073170731707317,2.3320282391620792,0.09348440678368802,3.0365853658536586,,,
2023,87,QB,24,10,0.6030192665062549,0.3,215.30599999999998,0.6010456013430294,0.3,215.30599999999998,0.529996688233915,0.4,244.16200000000003,0.4695871369879191,0.3,197.636,0.11007180938638823,3.98447565567466,-0.011393163290219218,4.425287356321839,13.855576447673046,-0.3675776810698663,16.091954022988507,60.512897047339656,6.699349055007829,77.94252873563218,,,,,,,,,,,,,0.0,2.0,149.0,204.10105933971988,151.0,0.5,255.57999999999998,0.10869565217391304,0.4,215.392,0.10869565217391304,0.4,215.392,0.19565217391304346,0.5,244.16200000000003,0.1652173913043478,0.4,224.24,0.11007180938638823,0.5,255.57999999999998,A,3.98447565567466,-0.011393163290219218,38,3.3281201506507805,-1.4722453947601852,0.23401545813315813,125.02305543399738,9.827929129025078,145.1494252873563,929.9062318731666,74.73592348804749,1029.471264367816,5.835586491150395,0.8004217826275393,5.988505747126437,3.272032688410733,0.3034320918596521,3.8160919540229883,,,
2024,91,QB,23,10,0.7176190808345019,0.4,261.38599999999997,0.7154033151130367,0.4,261.38599999999997,0.5316679849407927,0.4,279.772,0.4831447349286656,0.4,253.55199999999996,0.30548693796512577,3.44950863818444,-0.021116789585655046,4.186813186813187,15.060528503742601,-1.632002825932181,18.384615384615383,81.79796436543376,-18.629801997448695,98.15384615384616,,,,,,,,,,,,,0.0,2.0,137.5,195.3961599219174,139.5,0.6,275.074,0.46047430830039526,0.6,283.068,0.46047430830039526,0.6,283.068,0.24530180149995037,0.6,279.772,0.32616754146218147,0.6,272.25999999999993,0.30548693796512577,0.6,275.074,A,3.44950863818444,-0.021116789585655046,39,2.169441024122529,-0.4943598386160124,0.48005235191246454,110.48824061343859,10.681074572187065,136.47252747252747,794.4551057670138,63.074752455684724,936.7582417582418,5.442923636791533,-0.07534471591034926,5.967032967032967,3.347209012422322,0.5694315672501915,4.021978021978022,,,
2014,68,QB,0,10,0.7866738956931367,0.6,284.172,0.7864823603659811,0.6,284.172,0.7050464538917739,0.5,295.78000000000003,0.6795215853713177,0.7,307.882,,3.3412192831851506,-0.11520587225315226,3.485294117647059,11.617394908215054,-1.1814191585437281,12.323529411764707,54.14681013473584,-5.471159651008344,62.161764705882355,,,,,,,,,,,,,0.0,6.5,201.5,199.38912996286606,208.0,,,,,,,,,,,,,,,,,,B,3.3412192831851506,-0.11520587225315226,21,2.7096575310100266,-0.44316084683415047,0.2363357751542422,114.92100445352645,0.9123626295695142,126.22058823529412,855.1110502440221,-22.822982315773356,874.5441176470588,5.812498440846308,-0.3868979142519184,6.117647058823529,3.414427158899482,0.345457991506549,5.029411764705882,,,
2015,72,QB,0,10,0.6633197781748047,0.3,244.728,0.6612218395532267,0.3,244.728,0.6300732470110181,0.5,261.136,0.6249110633864847,0.6,273.872,,3.557369300398838,-0.13944216811637977,3.6805555555555554,12.32371755116017,0.31463174435782904,12.5,54.944136894563634,4.172719536960811,60.77777777777778,,,,,,,,,,,,,0.0,3.0,230.0,175.79457663939365,233.0,,,,,,,,,,,,,,,,,,B,3.557369300398838,-0.13944216811637977,26,2.720240356924693,-1.5659927283712631,0.3181475459193817,120.96886137964364,-10.596036352207951,123.06944444444444,893.9452458720083,-101.20981428126473,931.6666666666666,6.457523572907271,-0.8329718784608965,7.208333333333333,2.8731529611469973,0.1818822816637454,3.388888888888889,,,
2016,76,QB,0,10,0.7206483873134125,0.5,264.96799999999996,0.7206897769286428,0.5,264.96799999999996,0.6199797294200764,0.5,289.784,0.6062206682847894,0.4,287.782,,3.345842473230341,0.21983430027517675,3.3289473684210527,10.186898105788888,1.5319701885268007,10.960526315789474,59.01695076330471,9.223883928789174,56.31578947368421,,,,,,,,,,,,,0.0,1.0,200.0,245.60289893196102,201.0,,,,,,,,,,,,,,,,,,B,3.345842473230341,0.21983430027517675,25,2.0179081847833116,0.6671853842371911,0.2572533316476973,113.23703860253705,4.45410837198685,111.46052631578948,813.1268877312439,32.057472042039024,751.4736842105264,5.287615538738165,0.6493632750054149,5.552631578947368,3.112085324490239,0.8015888409180347,3.3552631578947367,,,
2017,80,QB,0,10,0.7072714975421175,0.5,232.87600000000003,0.7079595048354463,0.5,232.87600000000003,0.6951835533340037,0.4,228.82200000000003,0.534682860385072,0.6,242.996,,3.2977187670028485,-0.09183130698213934,3.2,11.266132217720036,-1.3975722969594766,11.9625,57.03898420352505,-11.169637890449174,67.1625,,,,,,,,,,,,,0.0,0.0,164.0,227.4633372472514,164.0,,,,,,,,,,,,,,,,,,B,3.2977187670028485,-0.09183130698213934,35,2.238993563340717,-0.6429559202322985,0.2378275452880998,100.36210903568379,2.0215384465787976,106.0875,702.6754392507033,35.17985981436741,769.35,5.169965550260324,0.3520465376012107,5.75,2.9731962398210583,0.022396716079631163,3.5625,,,
2018,72,QB,19,10,0.6282055445183832,0.3,280.178,0.6258396050482371,0.3,280.178,0.4794951222715896,0.4,270.064,0.5694547478568106,0.5,280.962,0.39067497183495997,3.6378820194864057,-0.11979068230353412,4.458333333333333,14.242553861635965,-2.3637357123080394,18.041666666666668,73.24159105584954,-13.140440467632386,92.08333333333333,,,,,,,,,,,,,0.0,3.0,276.5,200.53979925125037,279.5,0.6,276.822,-0.07719298245614034,0.5,242.24799999999996,-0.0824561403508772,0.5,242.24799999999996,-0.005263157894736842,0.6,256.64,0.09473684210526316,0.6,256.802,0.39067497183495997,0.6,276.822,B,3.6378820194864057,-0.11979068230353412,26,2.8763219088437717,-0.7893058162481886,0.24983374104365358,116.19778085205598,1.4233581589262612,146.93055555555554,875.6286983720632,-55.29364277302035,1046.9583333333333,6.412506861364041,-0.9649025273810248,6.791666666666667,3.147720681962298,0.18908954819274604,4.541666666666667,,,
2019,79,QB,20,10,0.690789257053305,0.6,269.38800000000003,0.6906408332200974,0.6,246.314,0.56404287102651,0.5,229.536,0.5252035917417893,0.5,230.394,0.1572611430889571,3.476669642179806,0.4593096695719939,3.962025316455696,12.53137592556991,1.1566400498024985,14.569620253164556,61.44542326059131,5.263198047942442,73.86075949367088,,,,,,,,,,,,,0.0,6.5,228.5,221.74038968483225,235.0,0.5,279.372,0.38947368421052625,0.7,294.684,0.38796992481203,0.7,294.684,0.12180451127819547,0.6,286.13800000000003,0.15939849624060148,0.6,283.36199999999997,0.1572611430889571,0.5,279.372,B,3.476669642179806,0.4593096695719939,35,2.579708163912697,-0.018797835448937508,0.30237422520583257,121.34663308353795,11.106195681832295,137.72151898734177,876.1901507179265,65.31095126848506,940.7594936708861,5.571454093396195,0.44163627759480134,6.405063291139241,3.4024872830268937,0.490670284516254,4.151898734177215,,,
2020,80,QB,20,10,0.7496538078588105,0.6,283.1,0.7496538078588105,0.6,283.1,0.6585007473279235,0.7,311.982,0.6313719531738502,0.6,295.43399999999997,0.41654135338345866,3.5084049750512825,-0.33344998947381355,3.675,13.13401688261296,-2.911036225017414,13.7,67.19118583579424,-16.27865527274644,64.775,,,,,,,,,,,,,0.0,4.0,233.0,231.2827571629476,237.0,0.7,319.61199999999997,0.29172932330827067,0.6,306.78200000000004,0.3082706766917293,0.6,306.78200000000004,0.4917293233082706,0.8,331.832,0.4917293233082706,0.8,326.904,0.41654135338345866,0.7,319.61199999999997,B,3.5084049750512825,-0.33344998947381355,35,3.1476795513757048,-1.0580635834565877,0.29157367058799305,111.5209044415511,-0.180300980385244,126.0625,838.0984904215395,-17.447587487930626,904.275,6.22959675474622,-0.8731816992003513,6.425,2.9851908965942795,0.4545422996289668,3.8125,,,
2021,82,QB,24,10,0.718083837165242,0.5,292.436,0.718391165588589,0.5,292.436,0.5921742871240119,0.5,299.368,0.5577153892573391,0.6,305.73799999999994,0.6192650722605039,3.540628219130043,0.40564021018705976,4.012195121951219,11.947570640326898,1.4074505470486796,15.21951219512195,57.45707629068987,6.70694064207111,78.04878048780488,,,,,,,,,,,,,0.0,4.0,192.5,256.71430571697755,196.5,0.7,326.574,0.23304347826086955,0.5,275.104,0.23130434782608694,0.5,275.104,0.5668176314366014,0.6,290.278,0.4890876326725683,0.6,288.406,0.6192650722605039,0.7,326.574,B,3.540628219130043,0.40564021018705976,34,2.3260836635470703,-0.206428814297925,0.4011989704755435,115.94362202208175,25.520919006724775,125.7560975609756,846.482810129142,195.15445747117195,903.329268292683,6.251465731764674,1.2075373353190604,6.280487804878049,3.1083736510949223,0.586356905996471,4.073170731707317,,,
2022,82,QB,14,10,0.7428426858689212,0.3,279.216,0.7446902541026237,0.3,279.216,0.7168849582263956,0.5,301.484,0.6061011471986932,0.2,249.17,0.3322334243638211,2.855066098969695,-0.20557615441163113,3.1463414634146343,11.792545520655322,-3.426968083060947,13.158536585365853,63.67550583896131,-18.652120897782027,64.79268292682927,,,,,,,,,,,,,0.0,11.0,162.0,214.79853817131715,173.0,0.7,270.22200000000004,0.4153846153846154,0.7,281.20799999999997,0.49890109890109896,0.7,281.20799999999997,0.45494505494505494,0.7,279.408,0.3406593406593406,0.7,265.23,0.3322334243638211,0.7,270.22200000000004,B,2.855066098969695,-0.20557615441163113,34,2.4365694323977993,-0.6403945453192028,0.20670574298607705,89.89044849720452,1.4229860306163,95.97560975609755,651.2574114707032,34.414635541457756,695.3536585365854,4.607495221619392,0.9398546782703543,5.073170731707317,2.340145588006402,0.1007087395960326,3.0365853658536586,,,
2023,87,QB,24,10,0.6035439897098304,0.4,243.18200000000002,0.6033964239421751,0.4,243.18200000000002,0.529996688233915,0.4,244.16200000000003,0.4695871369879191,0.3,197.636,0.11007180938638823,3.939333968363743,0.025000397719632785,4.425287356321839,13.491657373530005,-0.20130649324726288,16.091954022988507,59.216065169192404,7.532740816740108,77.94252873563218,,,,,,,,,,,,,0.0,2.0,149.0,205.505854291028,151.0,0.5,255.57999999999998,0.17217391304347823,0.5,233.24,0.17217391304347823,0.5,233.24,0.19565217391304346,0.5,244.16200000000003,0.1652173913043478,0.4,224.24,0.11007180938638823,0.5,255.57999999999998,B,3.939333968363743,0.025000397719632785,38,3.3234159736274655,-1.5105534020027225,0.207546295214746,123.78426658793119,11.052370630633565,145.1494252873563,919.1817687449791,83.85961503322548,1029.471264367816,5.784871694017672,0.8557924113933427,5.988505747126437,3.249956322949031,0.3351333127240922,3.8160919540229883,,,
2024,91,QB,23,10,0.7185985135084827,0.4,261.386,0.7180686564881325,0.4,261.386,0.5316679849407927,0.4,279.772,0.4831447349286656,0.4,253.55199999999996,0.30548693796512577,3.4334493679891542,-0.05187080497422123,4.186813186813187,15.07082613041353,-1.594779460558554,18.384615384615383,81.99055626361289,-18.16626126149112,98.15384615384616,,,,,,,,,,,,,0.0,2.0,137.5,195.0611023196264,139.5,0.6,275.074,0.46245059288537554,0.6,283.068,0.4525691699604743,0.6,283.068,0.24530180149995037,0.6,279.772,0.32616754146218147,0.6,272.25999999999993,0.30548693796512577,0.6,275.074,B,3.4334493679891542,-0.05187080497422123,39,2.0983380643446683,-0.6193770932843055,0.5091138171627707,109.62454092467586,10.10557256512693,136.47252747252747,788.4018293956944,58.90425972898366,936.7582417582418,5.405755188693594,-0.10443683817388627,5.967032967032967,3.322629183004914,0.5543966039679565,4.021978021978022,,,
2014,68,QB,0,10,0.7867189467414041,0.6,284.1719999999999,0.7857229060024442,0.6,284.172,0.7050464538917739,0.5,295.78000000000003,0.6795215853713177,0.7,307.882,,3.2288299327428636,-0.13741076914121447,3.485294117647059,11.239967168075715,-1.3489296638155845,12.323529411764707,52.97718446563623,-6.60193016884077,62.161764705882355,,,,,,,,,,,,,0.0,6.5,201.5,203.17410817336915,208.0,,,,,,,,,,,,,,,,,,C,3.2288299327428636,-0.13741076914121447,21,2.779651769487078,-0.42652726327755086,0.1479992032540246,109.35248205303407,0.988506017579077,126.22058823529412,809.4221687839657,-21.546848234531968,874.5441176470588,5.6128575611208,-0.36657919681079065,6.117647058823529,3.348558088063655,0.34945386796947686,5.029411764705882,,,
2015,72,QB,0,10,0.6548746882757289,0.3,244.728,0.651501956951966,0.3,244.72800000000007,0.6300732470110181,0.5,261.136,0.6249110633864847,0.6,273.872,,3.5135291940305517,-0.10238306393869763,3.6805555555555554,12.197002034610383,0.2971637425714789,12.5,54.48841273262565,3.8508827601558258,60.77777777777778,,,,,,,,,,,,,0.0,3.0,230.0,179.0789783438116,233.0,,,,,,,,,,,,,,,,,,C,3.5135291940305517,-0.10238306393869763,26,2.668506298825463,-1.5981163025647853,0.22748732570698307,120.74381635913853,-9.452156384974254,123.06944444444444,887.3990934459977,-92.55000783201747,931.6666666666666,6.329827909755498,-0.7578119927752578,7.208333333333333,2.9150774330464464,0.20099550195500004,3.388888888888889,,,
2016,76,QB,0,10,0.7099974596608117,0.4,256.77799999999996,0.7106045073508562,0.4,256.77799999999996,0.6199797294200764,0.5,289.784,0.6062206682847894,0.4,287.782,,3.4321024362175305,0.19558217728058694,3.3289473684210527,10.344700199396959,1.4048497487646525,10.960526315789474,60.390149944621065,8.751077635586904,56.31578947368421,,,,,,,,,,,,,0.0,1.0,200.0,242.4705121605813,201.0,,,,,,,,,,,,,,,,,,C,3.4321024362175305,0.19558217728058694,25,2.310868310035984,0.7621747462139362,0.06849217070810326,113.35448633341117,3.2952734694490817,111.46052631578948,814.0995641502615,23.55255781522714,751.4736842105264,5.3075157203597625,0.5939083867638515,5.552631578947368,3.1425799874641136,0.765635384541509,3.3552631578947367,,,
2017,80,QB,0,10,0.7208181239038695,0.6,261.01599999999996,0.7226449018896048,0.6,261.01599999999996,0.6951835533340037,0.4,228.82200000000003,0.534682860385072,0.6,242.996,,3.2193105103371673,-0.1017353816271552,3.2,11.133717745451786,-1.4247597147526523,11.9625,56.26333998517966,-11.499746960338737,67.1625,,,,,,,,,,,,,0.0,0.0,164.0,226.48245598469413,164.0,,,,,,,,,,,,,,,,,,C,3.2193105103371673,-0.1017353816271552,35,2.2063234152357767,-0.6760507471251769,0.34111435156465875,98.9416394587103,1.6615431191129773,106.0875,690.7135111320107,32.77372300301183,769.35,5.127718588498932,0.3386739459270379,5.75,2.9846866526860456,0.0068134471252259575,3.5625,,,
2018,72,QB,19,10,0.6302261111131777,0.3,280.178,0.6300640617672846,0.3,280.178,0.4794951222715896,0.4,270.064,0.5694547478568106,0.5,280.962,0.39067497183495997,3.5976920656448956,-0.0120366701206382,4.458333333333333,14.180258109167616,-2.0725896214719044,18.041666666666668,73.20881344280434,-11.735274944442004,92.08333333333333,,,,,,,,,,,,,0.0,3.0,276.5,201.67524523533794,279.5,0.6,276.822,-0.08771929824561404,0.5,239.67399999999998,-0.08771929824561404,0.5,239.67399999999998,-0.005263157894736842,0.6,256.64,0.09473684210526316,0.6,256.802,0.39067497183495997,0.6,276.822,C,3.5976920656448956,-0.0120366701206382,26,2.9741312553290857,-0.5505613409201074,0.2667077144105666,116.05785429308195,4.234601997690717,146.93055555555554,872.059559929861,-34.760387816483075,1046.9583333333333,6.3651092447468125,-0.8374406742500828,6.791666666666667,3.169855072617616,0.25168977185953084,4.541666666666667,,,
2019,79,QB,20,10,0.6919066465420883,0.5,263.636,0.692500345487995,0.6,266.312,0.56404287102651,0.5,229.536,0.5252035917417893,0.5,230.394,0.1572611430889571,3.5376235426551412,0.4482708210903331,3.962025316455696,12.864434016066983,1.0493666413889182,14.569620253164556,62.663121636634486,4.5912727243981974,73.86075949367088,,,,,,,,,,,,,0.0,6.5,228.5,220.0463149844115,235.0,0.5,279.372,0.3278195488721804,0.6,283.452,0.3413533834586466,0.6,283.452,0.12180451127819547,0.6,286.13800000000003,0.15939849624060148,0.6,283.36199999999997,0.1572611430889571,0.5,279.372,C,3.5376235426551412,0.4482708210903331,35,2.5618452698912844,0.07603413315711031,0.3707190494314396,124.13017824379423,10.403432595024354,137.72151898734177,894.2091856307842,60.31794796048011,940.7594936708861,5.676100359701729,0.4105431491621925,6.405063291139241,3.4507068848706948,0.46805888623571085,4.151898734177215,,,
2020,80,QB,20,10,0.7528370343808092,0.7,321.784,0.7527898345667415,0.7,321.784,0.6585007473279235,0.7,311.982,0.6313719531738502,0.6,295.43399999999997,0.41654135338345866,3.431136376784065,-0.3061180062054082,3.675,13.062880224863239,-2.920439352638234,13.7,67.75608641976744,-16.327687935590056,64.775,,,,,,,,,,,,,0.0,4.0,233.0,231.09765638155994,237.0,0.7,319.61199999999997,0.28421052631578947,0.7,316.086,0.2827067669172932,0.7,316.086,0.4917293233082706,0.8,331.832,0.4917293233082706,0.8,326.904,0.41654135338345866,0.7,319.61199999999997,C,3.431136376784065,-0.3061180062054082,35,3.065807904040857,-0.8659840474003547,0.3179466176659534,109.4441904907081,0.5358841153671868,126.0625,822.4336512510793,-12.12195174761501,904.275,6.158223456623107,-0.8406258399865056,6.425,2.9126178989525813,0.4710763502962047,3.8125,,,
2021,82,QB,24,10,0.7237035569064432,0.4,275.552,0.7251523909022215,0.4,275.552,0.5921742871240119,0.5,299.368,0.5577153892573391,0.6,305.73799999999994,0.6192650722605039,3.501409584890202,0.47873303404651985,4.012195121951219,11.90740958517018,1.515444559359896,15.21951219512195,57.642148142372996,7.2481259697162175,78.04878048780488,,,,,,,,,,,,,0.0,4.0,192.5,257.2242521819786,196.5,0.7,326.574,0.25565217391304346,0.5,275.104,0.2678260869565217,0.5,275.104,0.5668176314366014,0.6,290.278,0.4890876326725683,0.6,288.406,0.6192650722605039,0.7,326.574,C,3.501409584890202,0.47873303404651985,34,2.3201556131615377,0.07897587465246457,0.42612411559469315,115.35386224538516,26.572693597201507,125.7560975609756,840.138775927835,203.64629267105113,903.329268292683,6.201672996967468,1.2664453148997892,6.280487804878049,3.119797179422952,0.6046752172880464,4.073170731707317,,,
2022,82,QB,14,10,0.7340312066004941,0.3,275.48,0.7341405301646186,0.3,275.48,0.7168849582263956,0.5,301.484,0.6061011471986932,0.2,249.17,0.3322334243638211,2.799186454132937,-0.19462817451564732,3.1463414634146343,11.583590693827224,-3.7500509414731753,13.158536585365853,61.98575295298443,-20.374723147028707,64.79268292682927,,,,,,,,,,,,,0.0,11.0,162.0,214.38035743366572,173.0,0.7,270.22200000000004,0.5560439560439561,0.8,283.35599999999994,0.5560439560439561,0.8,283.35599999999994,0.45494505494505494,0.7,279.408,0.3406593406593406,0.7,265.23,0.3322334243638211,0.7,270.22200000000004,C,2.799186454132937,-0.19462817451564732,34,2.354944785966396,-0.45909370377717584,0.23935993821214663,89.95836857494277,1.3485537683385886,95.97560975609755,651.6298045913815,33.658940274318866,695.3536585365854,4.669291568812939,0.9420633615048637,5.073170731707317,2.3792069322350775,0.09327696361504936,3.0365853658536586,,,
2023,87,QB,24,10,0.5940444434170259,0.3,209.51,0.5965161700252507,0.3,209.51,0.529996688233915,0.4,244.16200000000003,0.4695871369879191,0.3,197.636,0.11007180938638823,4.050064087792648,-0.07012029343763398,4.425287356321839,13.767890628496938,-0.7564988367204669,16.091954022988507,60.80726242486737,4.650672178129127,77.94252873563218,,,,,,,,,,,,,0.0,2.0,149.0,201.81121813958927,151.0,0.5,255.57999999999998,0.12,0.4,215.392,0.1269565217391304,0.4,215.392,0.19565217391304346,0.5,244.16200000000003,0.1652173913043478,0.4,224.24,0.11007180938638823,0.5,255.57999999999998,C,4.050064087792648,-0.07012029343763398,38,3.467830705780939,-1.392383576981563,0.2068517733121869,126.46544901323553,7.998687180944954,145.1494252873563,939.708124810996,61.46375290998134,1029.471264367816,5.895293097480148,0.7215523105695973,5.988505747126437,3.30883801567558,0.2542775179316548,3.8160919540229883,,,
2024,91,QB,23,10,0.7168887028092007,0.5,276.37399999999997,0.7160215570091492,0.5,276.37399999999997,0.5316679849407927,0.4,279.772,0.4831447349286656,0.4,253.55199999999996,0.30548693796512577,3.3962360295191405,-0.07869972323014057,4.186813186813187,15.047331255128011,-1.866356253061681,18.384615384615383,81.76223477574956,-19.682447510435978,98.15384615384616,,,,,,,,,,,,,0.0,2.0,137.5,193.41250441128975,139.5,0.6,275.074,0.4891304347826087,0.6,283.068,0.4891304347826087,0.6,283.068,0.24530180149995037,0.6,279.772,0.32616754146218147,0.6,272.25999999999993,0.30548693796512577,0.6,275.074,C,3.3962360295191405,-0.07869972323014057,39,2.048714040329824,-0.4227204245378178,0.4764953784957139,109.71440897736406,9.103056618413811,136.47252747252747,791.7770533239016,51.503574948042896,936.7582417582418,5.407678072110837,-0.14180432237631158,5.967032967032967,3.3438630152855455,0.5268960799579174,4.021978021978022,,,
2014,68,QB,0,10,0.7793635689767786,0.6,284.172,0.7793635689767786,0.6,284.172,0.7050464538917739,0.5,295.78000000000003,0.6795215853713177,0.7,307.882,,3.2997993418207763,-0.1666009189734593,3.485294117647059,11.47710476659512,-1.3683375163189608,12.323529411764707,54.06733100271123,-6.3575396011052705,62.161764705882355,,,,,,,,,,,,,0.0,6.5,201.5,199.2396795018294,208.0,,,,,,,,,,,,,,,,,,D,3.2997993418207763,-0.1666009189734593,21,2.6374581104668144,-0.45832683791732814,0.251959619198315,113.56846772086618,-0.4404703319569997,126.22058823529412,845.5528960526077,-32.42421492007658,874.5441176470588,5.772533788525133,-0.4490328412549319,6.117647058823529,3.3973842724369647,0.3099302893274217,5.029411764705882,,,
2015,72,QB,0,10,0.6627549485459183,0.3,244.728,0.6616252892881456,0.3,244.728,0.6300732470110181,0.5,261.136,0.6249110633864847,0.6,273.872,,3.5676906795113155,-0.07400521099146731,3.6805555555555554,12.242822980130954,0.40476983191065063,12.5,54.73573585964701,4.362662047933863,60.77777777777778,,,,,,,,,,,,,0.0,3.0,230.0,176.89420083514767,233.0,,,,,,,,,,,,,,,,,,D,3.5676906795113155,-0.07400521099146731,26,2.70182153350375,-1.3729373679291883,0.3174566717697196,122.15132130114145,-8.723073644804574,123.06944444444444,900.2457363224945,-88.25998502829854,931.6666666666666,6.416508486372022,-0.7511515571392826,7.208333333333333,2.899511013471879,0.2334803098724949,3.388888888888889,,,
2016,76,QB,0,10,0.7167853565585832,0.5,264.96799999999996,0.7165922050208418,0.5,264.96799999999996,0.6199797294200764,0.5,289.784,0.6062206682847894,0.4,287.782,,3.3659742047259607,0.19629377204076884,3.3289473684210527,10.256720906651239,1.4447982939748645,10.960526315789474,59.69910136957857,8.8675229819995,56.31578947368421,,,,,,,,,,,,,0.0,1.0,200.0,243.9693515683533,201.0,,,,,,,,,,,,,,,,,,D,3.3659742047259607,0.19629377204076884,25,2.0816782284537747,0.728788448245553,0.18468424601649275,113.93480833809151,3.4241931219339183,111.46052631578948,818.1646060878298,24.33027654414559,751.4736842105264,5.302430668095087,0.5949192553836976,5.552631578947368,3.130524486109954,0.7722363500883437,3.3552631578947367,,,
2017,80,QB,0,10,0.7084577170133742,0.5,232.87600000000003,0.7099998023260079,0.5,232.87600000000003,0.6951835533340037,0.4,228.82200000000003,0.534682860385072,0.6,242.996,,3.311510216221219,-0.0982574424083735,3.2,11.363082487441606,-1.3330772219209057,11.9625,57.34024698364051,-10.842826941030225,67.1625,,,,,,,,,,,,,0.0,0.0,164.0,227.96070333155888,164.0,,,,,,,,,,,,,,,,,,D,3.311510216221219,-0.0982574424083735,35,2.3626376582628246,-0.662823434601396,0.2696767910275575,101.02347434210147,2.1060655362088974,106.0875,704.7280266888324,35.74758716920187,769.35,5.203431475053298,0.35433583170197175,5.75,3.0066831987137825,0.019873719363016094,3.5625,,,
2018,72,QB,19,10,0.6350926970855895,0.3,280.178,0.627994878675151,0.3,280.178,0.4794951222715896,0.4,270.064,0.5694547478568106,0.5,280.962,0.39067497183495997,3.586663676806408,-0.11092427220615149,4.458333333333333,14.25258558381181,-2.3173280108247805,18.041666666666668,73.45377207885849,-12.847841840597079,92.08333333333333,,,,,,,,,,,,,0.0,3.0,276.5,201.1650969428762,279.5,0.6,276.822,-0.07543859649122807,0.5,239.67399999999998,-0.08070175438596491,0.5,239.67399999999998,-0.005263157894736842,0.6,256.64,0.09473684210526316,0.6,256.802,0.39067497183495997,0.6,276.822,D,3.586663676806408,-0.11092427220615149,26,2.8141405675338027,-0.9002095560755082,0.32147194632850523,115.30411249034013,1.8503204053873885,146.93055555555554,867.4175588693901,-52.27735457076098,1046.9583333333333,6.365689982093295,-0.9460690555588683,6.791666666666667,3.159416030380211,0.19488566229043144,4.541666666666667,,,
2019,79,QB,20,10,0.6904181974702862,0.6,269.38800000000003,0.6909376808865125,0.6,269.38800000000003,0.56404287102651,0.5,229.536,0.5252035917417893,0.5,230.394,0.1572611430889571,3.514805624331559,0.49591921386217785,3.962025316455696,12.611855878961554,1.1966022968945242,14.569620253164556,61.905332937702156,5.259058086309282,73.86075949367088,,,,,,,,,,,,,0.0,6.5,228.5,222.60523684083492,235.0,0.5,279.372,0.3954887218045112,0.7,294.684,0.393984962406015,0.7,294.684,0.12180451127819547,0.6,286.13800000000003,0.15939849624060148,0.6,283.36199999999997,0.1572611430889571,0.5,279.372,D,3.514805624331559,0.49591921386217785,35,2.6106072761919434,0.07926550672473291,0.2906714570754813,122.71367079870497,12.106303237890154,137.72151898734177,883.3378464733481,72.63978931947705,940.7594936708861,5.619476392754224,0.4854054391843964,6.405063291139241,3.422740163078904,0.5123270352400349,4.151898734177215,,,
2020,80,QB,20,10,0.7487778503709817,0.6,283.1,0.7481406528810668,0.6,283.1,0.6585007473279235,0.7,311.982,0.6313719531738502,0.6,295.43399999999997,0.41654135338345866,3.56768762062825,-0.2875391880234357,3.675,13.290541514077109,-2.815385077599127,13.7,68.04163082635361,-15.831803312250301,64.775,,,,,,,,,,,,,0.0,4.0,233.0,232.13268192546732,237.0,0.7,319.61199999999997,0.29624060150375936,0.6,306.78200000000004,0.312781954887218,0.6,306.78200000000004,0.4917293233082706,0.8,331.832,0.4917293233082706,0.8,326.904,0.41654135338345866,0.7,319.61199999999997,D,3.56768762062825,-0.2875391880234357,35,3.2187417067949515,-0.9230412560135696,0.27002296992122177,112.6291120582825,1.0401680046289314,126.0625,845.8861184035306,-8.902909363649162,904.275,6.273235122547642,-0.8237216863447104,6.425,2.9911368591895133,0.48385729803411837,3.8125,,,
2021,82,QB,24,10,0.7215961620034926,0.5,292.436,0.7205424645520174,0.5,292.436,0.5921742871240119,0.5,299.368,0.5577153892573391,0.6,305.73799999999994,0.6192650722605039,3.4974095817131716,0.47923497352506467,4.012195121951219,12.019149132343951,1.6149723991987919,15.21951219512195,57.43542110618607,7.728771285127913,78.04878048780488,,,,,,,,,,,,,0.0,4.0,192.5,259.03083730373817,196.5,0.7,326.574,0.25999999999999995,0.5,275.104,0.25999999999999995,0.5,275.104,0.5668176314366014,0.6,290.278,0.4890876326725683,0.6,288.406,0.6192650722605039,0.7,326.574,D,3.4974095817131716,0.47923497352506467,34,2.3556732556569773,-0.001320477326977879,0.40087941733299026,116.05066268641622,27.53847691894431,125.7560975609756,843.5941231897878,210.41338230213273,903.329268292683,6.236621596189451,1.3053564875852004,6.280487804878049,3.143652985535918,0.6294089535334724,4.073170731707317,,,
2022,82,QB,14,10,0.7256570215885646,0.3,279.216,0.7273187397632557,0.3,279.216,0.7168849582263956,0.5,301.484,0.6061011471986932,0.2,249.17,0.3322334243638211,2.932425902596462,-0.1669670021592402,3.1463414634146343,12.042209321087915,-3.5593871335147345,13.158536585365853,64.71549557769904,-19.436680049161296,64.79268292682927,,,,,,,,,,,,,0.0,11.0,162.0,213.97719967841218,173.0,0.7,270.22200000000004,0.45494505494505494,0.7,281.20799999999997,0.49890109890109896,0.7,281.20799999999997,0.45494505494505494,0.7,279.408,0.3406593406593406,0.7,265.23,0.3322334243638211,0.7,270.22200000000004,D,2.932425902596462,-0.1669670021592402,34,2.5773703356296016,-0.5278253741829306,0.09233793961056048,91.30396331225691,1.78668692068032,95.97560975609755,658.9449946216495,36.22493565359101,695.3536585365854,4.664420140968309,0.9534265715283387,5.073170731707317,2.384741836464397,0.11558291362504426,3.0365853658536586,,,
2023,87,QB,24,10,0.5831614680524537,0.3,215.30599999999998,0.5811877759100652,0.3,215.30599999999998,0.529996688233915,0.4,244.16200000000003,0.4695871369879191,0.3,197.636,0.11007180938638823,4.053825724463691,0.022312295787476653,4.425287356321839,14.073084492864936,-0.19837743896824714,16.091954022988507,61.37935690413824,7.483852572236051,77.94252873563218,,,,,,,,,,,,,0.0,2.0,149.0,204.75458148681403,151.0,0.5,255.57999999999998,0.11478260869565216,0.4,215.392,0.10869565217391304,0.4,215.392,0.19565217391304346,0.5,244.16200000000003,0.1652173913043478,0.4,224.24,0.11007180938638823,0.5,255.57999999999998,D,4.053825724463691,0.022312295787476653,38,3.5016220002965532,-1.4193538252642355,0.11968927454101914,126.59588317001996,10.598240600195089,145.1494252873563,941.2959148706509,80.21724245300749,1029.471264367816,5.904971187301315,0.8353621054971062,5.988505747126437,3.307247244690657,0.32201364274852734,3.8160919540229883,,,
2024,91,QB,23,10,0.7143832366658348,0.4,261.386,0.714897031275623,0.4,261.386,0.5316679849407927,0.4,279.772,0.4831447349286656,0.4,253.55199999999996,0.30548693796512577,3.4545212097582043,-0.004953735314697122,4.186813186813187,15.040402176065157,-1.579575282220655,18.384615384615383,81.74002234784248,-18.36365726083628,98.15384615384616,,,,,,,,,,,,,0.0,2.0,137.5,196.38137745038432,139.5,0.6,275.074,0.4614624505928854,0.6,283.06800000000004,0.47430830039525695,0.6,283.068,0.24530180149995037,0.6,279.772,0.32616754146218147,0.6,272.25999999999993,0.30548693796512577,0.6,275.074,D,3.4545212097582043,-0.004953735314697122,39,2.209195401386067,-0.48258515491632803,0.47502899579561675,110.34448358420467,11.300226779158052,136.47252747252747,793.5176724455506,67.3894062486543,936.7582417582418,5.428743144244569,-0.04755868192874775,5.967032967032967,3.3400163334548507,0.5833256879144227,4.021978021978022,,,
2014,68,QB,0,10,0.7979435596842961,0.6,284.172,0.7978669411659146,0.6,284.172,0.7050464538917739,0.5,295.78000000000003,0.6795215853713177,0.7,307.882,,3.240710752993884,-0.15441180859636494,3.485294117647059,11.538520615978126,-1.1370293907474807,12.323529411764707,54.1471130641724,-4.9062781276117295,62.161764705882355,,,,,,,,,,,,,0.0,6.5,201.5,200.01543862191014,208.0,,,,,,,,,,,,,,,,,,E,3.240710752993884,-0.15441180859636494,21,2.6622327852773866,-0.3918514718828285,0.29888619583983506,113.98879380160353,0.2523614415910123,126.22058823529412,843.5994929618203,-27.526897141656157,874.5441176470588,5.6967884385131535,-0.41221029509978946,6.117647058823529,3.403759231299527,0.3304262839489839,5.029411764705882,,,
2015,72,QB,0,10,0.6629756984409397,0.4,257.204,0.6633468602612581,0.4,257.204,0.6300732470110181,0.5,261.136,0.6249110633864847,0.6,273.872,,3.5468298105111273,-0.283922282307939,3.6805555555555554,12.074438942367399,-0.2176898907044849,12.5,53.471261499555666,1.620258289170893,60.77777777777778,,,,,,,,,,,,,0.0,3.0,230.0,171.15586828346846,233.0,,,,,,,,,,,,,,,,,,E,3.5468298105111273,-0.283922282307939,26,2.772156400044474,-1.3248465996201508,0.34002278576840417,121.25931172331633,-15.113369342628358,123.06944444444444,902.5750105139725,-134.03352002039193,931.6666666666666,6.393662718800451,-1.0477298877269317,7.208333333333333,2.7938412672071493,0.08218869885889009,3.388888888888889,,,
2016,76,QB,0,10,0.7287469553601441,0.5,264.96799999999996,0.7261945957542747,0.5,264.96799999999996,0.6199797294200764,0.5,289.784,0.6062206682847894,0.4,287.782,,3.2857046347075354,0.3013149701224293,3.3289473684210527,9.948778487954938,1.7194688602073087,10.960526315789474,58.33374773075476,10.20527647242436,56.31578947368421,,,,,,,,,,,,,0.0,1.0,200.0,249.44774275445846,201.0,,,,,,,,,,,,,,,,,,E,3.2857046347075354,0.3013149701224293,25,2.073033914413236,0.8467541083765999,0.17041504378563785,111.19355770950149,8.046485358177579,111.46052631578948,798.5596915549603,58.29191884218617,751.4736842105264,5.225653821605837,0.8174081780158002,5.552631578947368,3.1271671982019997,0.8889134642219785,3.3552631578947367,,,
2017,80,QB,0,10,0.7009845343444566,0.5,232.87600000000003,0.7005100465559541,0.5,232.87600000000003,0.6951835533340037,0.4,228.82200000000003,0.534682860385072,0.6,242.996,,3.269675742840948,-0.05273236608049794,3.2,11.33825282562385,-1.120891558179687,11.9625,57.50423071545025,-9.829696214353643,67.1625,,,,,,,,,,,,,0.0,0.0,164.0,230.39648902923352,164.0,,,,,,,,,,,,,,,,,,E,3.269675742840948,-0.05273236608049794,35,2.2540204105123793,-0.7074046230497402,0.2125267425978764,100.12859365818053,4.378338835534388,106.0875,700.7742841791384,52.163919638646156,769.35,5.165923782843836,0.4577401906405253,5.75,2.9767135527825888,0.06834346170899619,3.5625,,,
2018,72,QB,19,10,0.6338074016574172,0.2,256.582,0.6343421644988646,0.2,256.582,0.4794951222715896,0.4,270.064,0.5694547478568106,0.5,280.962,0.39067497183495997,3.623740785139479,-0.04752232568331365,4.458333333333333,14.242446328776996,-2.1515639547456313,18.041666666666668,73.48869088919406,-12.220331636445732,92.08333333333333,,,,,,,,,,,,,0.0,3.0,276.5,202.83420166733052,279.5,0.6,276.822,-0.12280701754385966,0.5,242.24799999999996,-0.11578947368421051,0.5,242.24799999999996,-0.005263157894736842,0.6,256.64,0.09473684210526316,0.6,256.802,0.39067497183495997,0.6,276.822,E,3.623740785139479,-0.04752232568331365,26,2.948182996871528,-0.7635369015254596,0.33221487233596897,116.34848205197285,4.009624588608926,146.93055555555554,873.8538351976842,-36.73890603095333,1046.9583333333333,6.409384000021553,-0.8477457446848995,6.791666666666667,3.1883314360074158,0.2495393094935357,4.541666666666667,,,
2019,79,QB,20,10,0.6916055881359462,0.5,240.56200000000004,0.6906903078311667,0.5,240.56199999999998,0.56404287102651,0.5,229.536,0.5252035917417893,0.5,230.394,0.1572611430889571,3.5268360140856907,0.4827248501540333,3.962025316455696,12.99059730789149,1.114852213210527,14.569620253164556,63.66758192159554,5.121000441080492,73.86075949367088,,,,,,,,,,,,,0.0,6.5,228.5,224.3366029146116,235.0,0.5,279.372,0.35187969924812035,0.7,294.684,0.3639097744360902,0.7,294.684,0.12180451127819547,0.6,286.13800000000003,0.15939849624060148,0.6,283.36199999999997,0.1572611430889571,0.5,279.372,E,3.5268360140856907,0.4827248501540333,35,2.740212289279865,0.06283908160571221,0.3223005601304847,122.32015891220715,12.926763902479353,137.72151898734177,879.8911119282608,79.01692370740788,940.7594936708861,5.616158296044873,0.5344229755064647,6.405063291139241,3.4755889024289455,0.528854683621405,4.151898734177215,,,
2020,80,QB,20,10,0.7543533447967501,0.6,283.1,0.7560996969792924,0.6,286.93199999999996,0.6585007473279235,0.7,311.982,0.6313719531738502,0.6,295.43399999999997,0.41654135338345866,3.450759934690666,-0.22916734435924174,3.675,12.931736160280565,-2.6043251096982885,13.7,66.59006678878688,-14.863165058799893,64.775,,,,,,,,,,,,,0.0,4.0,233.0,234.48645229898327,237.0,0.7,319.61199999999997,0.33684210526315783,0.6,306.78200000000004,0.3218045112781954,0.6,306.782,0.4917293233082706,0.8,331.832,0.4917293233082706,0.8,326.904,0.41654135338345866,0.7,319.61199999999997,E,3.450759934690666,-0.22916734435924174,35,3.044359977308381,-0.797711938786483,0.32162088520269727,109.37967218006752,3.218576847663197,126.0625,823.0577895233076,7.112691572744116,904.275,6.174704486097843,-0.719841383899068,6.425,2.944025088474191,0.5337390810398329,3.8125,,,
2021,82,QB,24,10,0.7162398666251603,0.4,275.552,0.7178862688930903,0.4,275.552,0.5921742871240119,0.5,299.368,0.5577153892573391,0.6,305.73799999999994,0.6192650722605039,3.5075230866803557,0.4402219978009579,4.012195121951219,12.209589772633349,1.5392588438632953,15.21951219512195,59.43389670818939,7.5016671893432045,78.04878048780488,,,,,,,,,,,,,0.0,4.0,192.5,259.8105798141651,196.5,0.7,326.574,0.2069565217391304,0.4,253.81800000000004,0.21304347826086956,0.4,253.81800000000004,0.5668176314366014,0.6,290.278,0.4890876326725683,0.6,288.406,0.6192650722605039,0.7,326.574,E,3.5075230866803557,0.4402219978009579,34,2.270559606944336,0.0392564509183042,0.4034358424734159,116.79289624601128,27.522327853575195,125.7560975609756,845.4747791074121,210.2055818895764,903.329268292683,6.207381830402866,1.3027387559603967,6.280487804878049,3.1577060279956903,0.6249026030510083,4.073170731707317,,,
2022,82,QB,14,10,0.7283573136224376,0.3,276.832,0.7292974962739075,0.4,295.476,0.7168849582263956,0.5,301.484,0.6061011471986932,0.2,249.17,0.3322334243638211,2.968268895548276,-0.1807370028951471,3.1463414634146343,12.344122599213996,-3.426983436381399,13.158536585365853,63.46278018944236,-18.371169024686868,64.79268292682927,,,,,,,,,,,,,0.0,11.0,162.0,215.63713319842586,173.0,0.7,270.22200000000004,0.410989010989011,0.7,281.20799999999997,0.4945054945054946,0.7,281.20799999999997,0.45494505494505494,0.7,279.408,0.3406593406593406,0.7,265.23,0.3322334243638211,0.7,270.22200000000004,E,2.968268895548276,-0.1807370028951471,34,2.5617164922004214,-0.5827533526480265,0.1210861306229854,92.5941732413407,2.3768313838906323,95.97560975609755,663.5179304340096,41.0321909585712,695.3536585365854,4.630411397108334,0.981990485216996,5.073170731707317,2.4583800615262503,0.13104134923549418,3.0365853658536586,,,
2023,87,QB,24,10,0.5866212447295494,0.3,215.30600000000004,0.5862338898844303,0.3,215.30600000000004,0.529996688233915,0.4,244.16200000000003,0.4695871369879191,0.3,197.636,0.11007180938638823,3.997987947316977,0.10331514458828533,4.425287356321839,14.123880408412461,0.19894271924824872,16.091954022988507,62.7034663959521,9.57365287772575,77.94252873563218,,,,,,,,,,,,,0.0,2.0,149.0,207.38853574456894,151.0,0.5,255.57999999999998,0.1243478260869565,0.5,233.24000000000007,0.1243478260869565,0.5,233.24000000000007,0.19565217391304346,0.5,244.16200000000003,0.1652173913043478,0.4,224.24,0.11007180938638823,0.5,255.57999999999998,E,3.997987947316977,0.10331514458828533,38,3.412495566121415,-1.2507546430217567,0.11909095272948551,127.17238783780066,13.32668149600205,145.1494252873563,945.9994933419798,99.87557990804162,1029.471264367816,5.945822750494273,0.9570990948471501,5.988505747126437,3.3106965922671967,0.3888183433222409,3.8160919540229883,,,
2024,91,QB,23,10,0.7142037761310326,0.4,261.386,0.7123573341038066,0.4,261.386,0.5316679849407927,0.4,279.772,0.4831447349286656,0.4,253.55199999999996,0.30548693796512577,3.419966235172246,-0.050305270458799324,4.186813186813187,14.996549247924928,-1.4705825524842968,18.384615384615383,80.92516215945005,-17.550857818050485,98.15384615384616,,,,,,,,,,,,,0.0,2.0,137.5,198.459491279311,139.5,0.6,275.074,0.4229249011857708,0.5,271.61,0.4229249011857708,0.5,271.61,0.24530180149995037,0.6,279.772,0.32616754146218147,0.6,272.25999999999993,0.30548693796512577,0.6,275.074,E,3.419966235172246,-0.050305270458799324,39,2.1579856879629933,-0.5175519542288255,0.5126695982897111,109.29496307532006,11.826952796612604,136.47252747252747,782.8294076452682,71.599555603938,936.7582417582418,5.390707638704665,-0.02406704652112055,5.967032967032967,3.356974054962301,0.589554412101707,4.021978021978022,,,
2014,87,TE,0,10,0.6893604127400336,0.5,126.22,0.6893604127400336,0.5,126.22,0.6037211048467278,0.6,123.88999999999999,0.4835083714695828,0.6,118.02000000000002,,3.84757168986813,-0.3681624248351855,4.045977011494253,,,,,,,,,,19.378594792885796,1.5295100288361885,20.735632183908045,12.962787593535767,0.8358415928089429,12.873563218390805,149.13058411500967,11.304170486746646,160.31034482758622,24.5,0.0,0.0,12.995072319681205,24.5,,,,,,,,,,,,,,,,,,A,3.84757168986813,-0.3681624248351855,15,3.635923799528024,0.3373681891884315,0.5549424485091438,,,,,,,,,,,,,1.5222676994334798,0.09825535974932802,1.839080459770115
2015,84,TE,0,10,0.5656587739250327,0.5,133.25,0.5656587739250327,0.5,133.25,0.5572188480793734,0.5,146.56,0.42327320086306375,0.4,129.69,,3.884230854101813,-0.5862453621875288,3.9285714285714284,,,,,,,,,,22.614333334750704,-4.84992084856581,22.11904761904762,15.100323010687347,-3.0720881837899867,15.380952380952381,178.5437853949584,-33.121594674284665,171.32142857142858,38.0,0.0,0.0,21.67340149608211,38.0,,,,,,,,,,,,,,,,,,A,3.884230854101813,-0.5862453621875288,11,2.9780821433189075,-0.6971939511806472,0.4054424270396915,,,,,,,,,,,,,1.7945800059417705,-0.008494043964040642,2.2023809523809526
2016,89,TE,0,10,0.6508436596073692,0.6,127.52000000000001,0.6512635200457852,0.6,127.52000000000001,0.5690218474363445,0.6,121.00999999999999,0.5100881678691896,0.6,136.07,,4.200822524451014,0.3975688382975123,4.943820224719101,,,,,,,,,,22.06957282795214,-1.6469283136617916,23.573033707865168,14.692500233326616,-1.6313981432570974,15.426966292134832,164.57876684245716,-22.894832326169375,178.1123595505618,32.5,0.0,0.0,26.79513645893257,32.5,,,,,,,,,,,,,,,,,,A,4.200822524451014,0.3975688382975123,10,4.303957556628211,-0.25181151808862035,0.020483662259967568,,,,,,,,,,,,,1.4630675200157635,0.09732489896548176,1.8426966292134832
2017,99,TE,0,10,0.6242513590609834,0.5,110.83,0.62370270916388,0.5,110.83,0.48055743869217177,0.6,106.07000000000001,0.33874398432301667,0.6,113.9,,4.362890153456419,-0.8369095493866174,4.646464646464646,,,,,,,,,,19.478541681098257,-0.10289442172898469,23.848484848484848,12.643461135158075,0.1660321483932808,15.696969696969697,137.92151633391657,2.023959953867866,173.65656565656565,18.0,0.0,0.0,27.222349061310332,18.0,,,,,,,,,,,,,,,,,,A,4.362890153456419,-0.8369095493866174,20,3.907693652401053,-0.6399366816471526,0.08893471678278102,,,,,,,,,,,,,1.3913182740702261,-0.09880596872739776,1.707070707070707
2018,99,TE,12,10,0.5603755275549314,0.5,118.7,0.5604752817681786,0.5,118.7,0.4524007170072258,0.4,114.84,0.2659432904575931,0.4,102.29999999999998,0.6409817185295869,4.275484718351495,0.681776224558353,5.292929292929293,,,,,,,,,,20.861048868601813,2.9076086467598596,24.848484848484848,13.951297568550062,0.8460382034171335,16.373737373737374,158.11128594583707,-2.331299996977107,185.5050505050505,33.5,0.0,0.0,23.117225754012946,33.5,1.0,147.52,0.4125874125874127,1.0,147.52,0.4125874125874127,1.0,147.52,0.5454545454545455,1.0,147.52,0.5874125874125874,1.0,147.52,0.6409817185295869,1.0,147.52,A,4.275484718351495,0.681776224558353,12,2.404051323272243,1.1760929468493206,-0.07488827099757085,,,,,,,,,,,,,1.3986019029013113,0.1798732252885839,1.494949494949495
2019,100,TE,11,10,0.5543038471913546,0.5,122.97,0.5521099525391137,0.5,122.97,0.46573783357454346,0.5,105.88,0.366968171650557,0.4,108.97,0.5818181818181819,4.406398454456609,-0.07125660659289611,4.77,,,,,,,,,,18.522840676070373,0.5920971966338235,21.55,12.91285732147023,-0.19456061403542818,14.45,147.0446186472332,2.827135918331079,167.38,23.0,0.0,0.0,25.428744186660985,23.0,0.9,125.51000000000002,0.4272727272727273,0.9,121.31000000000002,0.4272727272727273,0.9,121.31000000000002,0.5284751751907181,0.9,127.10999999999999,0.6090909090909091,0.9,127.11000000000001,0.5818181818181819,0.9,125.51000000000002,A,4.406398454456609,-0.07125660659289611,23,4.224913685738194,-1.231913001645136,0.18473591140423512,,,,,,,,,,,,,1.3512815801248184,-0.006002732801007078,1.56
2020,94,TE,16,10,0.6311004481298703,0.3,133.546,0.63095552415161,0.4,135.39600000000002,0.5593624282125254,0.3,132.33599999999998,0.5272030560311741,0.4,136.43599999999998,0.07358353721315752,4.374987974023733,-0.6583994567496951,4.659574468085107,,,,,,,,,,19.461541917556886,-2.9398393547008106,21.46808510638298,13.101178266508828,-2.179309730016312,15.053191489361701,141.5097710009424,-17.1469210101551,153.5531914893617,27.0,0.0,0.0,24.753195248163102,27.0,0.7,137.946,0.36470588235294116,0.7,138.566,0.3764705882352941,0.7,138.566,0.3235294117647059,0.6,137.21599999999998,0.15,0.6,134.88600000000002,0.07358353721315752,0.7,137.946,A,4.374987974023733,-0.6583994567496951,15,5.341976133481824,-2.4520244900406234,0.7002186247515697,,,,,,,,,,,,,1.520433205169273,-0.4047187655180967,1.8936170212765957
2021,97,TE,19,10,0.6679124035247671,0.4,146.802,0.6682624035978019,0.4,146.802,0.542420239186442,0.3,123.172,0.4734574095423547,0.6,152.502,0.3543859649122807,4.3281023463560455,-0.1700701321079043,5.11340206185567,,,,,,,,,,19.595983827089835,-1.0782119710595803,22.515463917525775,13.739428693322232,-1.491996864569327,15.690721649484535,149.8186486072735,-13.850936299566557,164.35051546391753,31.0,1.0,0.0,26.56088355880951,32.0,0.7,145.14000000000001,0.4052631578947368,0.6,140.07,0.4052631578947368,0.6,140.07,-0.12988153948893946,0.5,123.08999999999999,0.49144366293112235,0.7,148.32,0.3543859649122807,0.7,145.14000000000001,A,4.3281023463560455,-0.1700701321079043,14,3.5027362766662695,-1.6394852767757755,0.7820769917766881,,,,,,,,,,,,,1.5184416381483212,0.1373714483157735,1.8144329896907216
2022,99,TE,12,10,0.7215513047110859,0.7,130.51000000000002,0.7218689739002354,0.7,130.51000000000002,0.5425227896356883,0.5,117.35000000000002,0.3887545291584053,0.4,110.00999999999999,0.2027972027972028,3.6145691118549412,0.09045371693581061,4.383838383838384,,,,,,,,,,17.28106039720412,0.19986019169558755,20.95959595959596,12.045908627724945,-0.4471997158048008,14.434343434343434,129.18030764268704,1.4358672456495256,159.65656565656565,19.0,0.0,0.0,26.40939250248092,19.0,0.8,134.18,0.34965034965034975,0.8,137.2,0.35664335664335667,0.8,137.2,0.2027972027972028,0.9,138.27,0.1258741258741259,0.8,134.18,0.2027972027972028,0.8,134.18,A,3.6145691118549412,0.09045371693581061,18,2.4579949317292407,1.1553521637774211,0.5602962506968002,,,,,,,,,,,,,1.2739753938568348,0.060654536177496755,1.5252525252525253
2023,98,TE,19,10,0.7600962636563237,0.6,130.64000000000001,0.759993498471915,0.6,130.64000000000001,0.6096271726049142,0.6,133.1,0.43719548910009715,0.5,118.75999999999999,0.2614035087719298,3.7146564102704818,-0.41771092346202376,4.285714285714286,,,,,,,,,,18.473808898842204,-1.3645349038073884,19.53061224489796,13.345217544573043,-2.5195089725868103,13.816326530612244,138.0775188962928,-14.306462404791583,148.5,17.5,0.0,0.0,21.891935710506434,17.5,0.5,120.94000000000001,0.3298245614035088,0.7,129.26000000000002,0.3298245614035088,0.7,129.26000000000002,0.37911368283258007,0.7,133.1,0.2580079230388392,0.6,127.25999999999999,0.2614035087719298,0.5,120.94000000000001,A,3.7146564102704818,-0.41771092346202376,13,2.7340500919663544,0.3794695546817601,0.08545758309845101,,,,,,,,,,,,,1.1745703906087506,0.19529705042367915,1.5
2024,95,TE,17,10,0.7300135079932124,0.5,133.30400000000003,0.7300275394289668,0.5,133.30400000000003,0.6127041615602601,0.4,120.80400000000002,0.5613879891626942,0.4,118.88400000000001,0.6568026369626159,3.806343487178239,-0.39957537672408144,4.4526315789473685,,,,,,,,,,17.835560056501162,-1.7280305690158853,20.53684210526316,13.798533752136827,-2.7070229643101262,15.673684210526316,140.41657464151618,-18.23332747578406,168.44210526315788,23.0,1.0,0.0,21.54317792991821,24.0,0.8,146.11,0.3114654172182523,0.7,133.96,0.3114654172182523,0.7,133.96,0.08951565140524574,0.5,118.97999999999999,0.14224404880833572,0.5,116.4,0.6568026369626159,0.8,146.11,A,3.806343487178239,-0.39957537672408144,10,3.1223479318689944,1.3244126796020783,0.0521966726214374,,,,,,,,,,,,,1.3582834843234373,0.16753717193043466,1.431578947368421
2014,87,TE,0,10,0.6827464808303648,0.5,126.22000000000003,0.6827464808303648,0.5,126.22000000000003,0.6037211048467278,0.6,123.88999999999999,0.4835083714695828,0.6,118.02000000000002,,3.829060688805505,-0.41369282506648447,4.045977011494253,,,,,,,,,,19.604535614998078,1.510620627585183,20.735632183908045,13.124161300369794,0.8234937979285829,12.873563218390805,150.73487489647098,11.070303304969311,160.31034482758622,24.5,0.0,0.0,13.002915817960881,24.5,,,,,,,,,,,,,,,,,,B,3.829060688805505,-0.41369282506648447,15,3.624232775050342,0.013412161697318936,0.39335001139537007,,,,,,,,,,,,,1.5284502246690737,0.09612147993899377,1.839080459770115
2015,84,TE,0,10,0.5662281130698582,0.5,133.03,0.565150435402867,0.5,133.03,0.5572188480793734,0.5,146.56,0.42327320086306375,0.4,129.69,,3.870755684965888,-0.5039122283540869,3.9285714285714284,,,,,,,,,,22.42260108709301,-4.4883347047184,22.11904761904762,14.957776532159265,-2.8405449710261923,15.380952380952381,177.13373604983158,-30.631116869636827,171.32142857142858,38.0,0.0,0.0,21.841582509957092,38.0,,,,,,,,,,,,,,,,,,B,3.870755684965888,-0.5039122283540869,11,3.254105177487963,-0.6430415021348235,0.3108391940637636,,,,,,,,,,,,,1.783733713309979,0.01165496721225968,2.2023809523809526
2016,89,TE,0,10,0.6452312394611966,0.6,127.52000000000001,0.64485422192466,0.6,127.52000000000001,0.5690218474363445,0.6,121.00999999999999,0.5100881678691896,0.6,136.07,,4.220154870249771,0.4481729028759008,4.943820224719101,,,,,,,,,,22.316071960261056,-1.3423380201456863,23.573033707865168,14.798596486867668,-1.433863149755066,15.426966292134832,165.86390486472308,-20.687461143833474,178.1123595505618,32.5,0.0,0.0,27.141953822916694,32.5,,,,,,,,,,,,,,,,,,B,4.220154870249771,0.4481729028759008,10,4.27887828090997,-0.2759228738203765,0.08193464903987027,,,,,,,,,,,,,1.469062461687084,0.11770315765866303,1.8426966292134832
2017,99,TE,0,10,0.617879538665079,0.5,110.83,0.617879538665079,0.5,110.83,0.48055743869217177,0.6,106.07000000000001,0.33874398432301667,0.6,113.9,,4.3502991125334205,-0.7690991497903447,4.646464646464646,,,,,,,,,,19.533923904385933,0.26377667769590324,23.848484848484848,12.682560290929812,0.40167956564033097,15.696969696969697,138.46589434658478,4.7314772690728955,173.65656565656565,18.0,0.0,0.0,27.651889992221456,18.0,,,,,,,,,,,,,,,,,,B,4.3502991125334205,-0.7690991497903447,20,4.120844901451165,-0.6026277298015352,0.005928981118852068,,,,,,,,,,,,,1.3931039506102547,-0.07626860171855891,1.707070707070707
2018,99,TE,12,10,0.5698708817284068,0.5,118.7,0.5698708817284068,0.5,118.7,0.4524007170072258,0.4,114.84,0.2659432904575931,0.4,102.29999999999998,0.6409817185295869,4.24341440886636,0.6197338765282318,5.292929292929293,,,,,,,,,,20.760214280336374,2.7481268329959496,24.848484848484848,13.90040512014147,0.7473906915125522,16.373737373737374,157.3532989629444,-3.5144143334396865,185.5050505050505,33.5,0.0,0.0,23.062137201351195,33.5,1.0,147.52,0.4125874125874127,1.0,147.52,0.4125874125874127,1.0,147.52,0.5454545454545455,1.0,147.52,0.5874125874125874,1.0,147.52,0.6409817185295869,1.0,147.52,B,4.24341440886636,0.6197338765282318,12,2.3504908120672896,1.0827665448042931,-0.01248137849959514,,,,,,,,,,,,,1.3952216488282043,0.17107585966173153,1.494949494949495
2019,100,TE,11,10,0.54936455398258,0.5,122.97,0.5498009087200423,0.5,122.97,0.46573783357454346,0.5,105.88,0.366968171650557,0.4,108.97,0.5818181818181819,4.422289496026638,-0.08432623751676946,4.77,,,,,,,,,,18.532630629556703,0.5756194008393126,21.55,12.909645317472124,-0.20670382997965903,14.45,147.94150748295692,2.585704248191556,167.38,23.0,0.0,0.0,25.401241033974454,23.0,0.9,125.51000000000002,0.4272727272727273,0.9,121.31000000000002,0.4272727272727273,0.9,121.31000000000002,0.5284751751907181,0.9,127.10999999999999,0.6090909090909091,0.9,127.11000000000001,0.5818181818181819,0.9,125.51000000000002,B,4.422289496026638,-0.08432623751676946,23,4.214317872512941,-1.2812931110343404,0.10340563594325111,,,,,,,,,,,,,1.3517338727375252,-0.007837376642318141,1.56
2020,94,TE,16,10,0.6190645117353574,0.3,133.54600000000002,0.6187746637788368,0.3,133.54600000000002,0.5593624282125254,0.3,132.33599999999998,0.5272030560311741,0.4,136.43599999999998,0.07358353721315752,4.413840333195468,-0.5978066237208521,4.659574468085107,,,,,,,,,,19.44133911534737,-2.5827087152965738,21.46808510638298,13.1095595194107,-1.9383123778851266,15.053191489361701,142.1445857400764,-14.365925455419049,153.5531914893617,27.0,0.0,0.0,25.243593646484886,27.0,0.7,137.946,0.2647058823529412,0.7,137.64600000000002,0.2323529411764706,0.7,137.64600000000002,0.3235294117647059,0.6,137.21599999999998,0.15,0.6,134.88600000000002,0.07358353721315752,0.7,137.946,B,4.413840333195468,-0.5978066237208521,15,5.402056075510831,-2.41028640701663,0.6098678344610445,,,,,,,,,,,,,1.5343713515219264,-0.38668742559112657,1.8936170212765957
2021,97,TE,19,10,0.6624510816304316,0.4,146.802,0.6623652325559136,0.4,146.802,0.542420239186442,0.3,123.172,0.4734574095423547,0.6,152.502,0.3543859649122807,4.340064037492436,-0.23909689066230028,5.11340206185567,,,,,,,,,,19.60031479788549,-1.2529803625239324,22.515463917525775,13.770184627519317,-1.606583069552475,15.690721649484535,149.540547270357,-15.056968801070623,164.35051546391753,31.0,1.0,0.0,26.556579363748448,32.0,0.7,145.14000000000001,0.4052631578947368,0.6,140.07,0.4052631578947368,0.6,140.07,-0.12988153948893946,0.5,123.08999999999999,0.49144366293112235,0.7,148.32,0.3543859649122807,0.7,145.14000000000001,B,4.340064037492436,-0.23909689066230028,14,3.6296157513390535,-1.8597680261442362,0.7820769917766881,,,,,,,,,,,,,1.5201721231011307,0.12736092201953908,1.8144329896907216
2022,99,TE,12,10,0.7117907631542773,0.6,126.11999999999998,0.7122828389570774,0.7,130.51,0.5425227896356883,0.5,117.35000000000002,0.3887545291584053,0.4,110.00999999999999,0.2027972027972028,3.657379143363699,0.04849831264437808,4.383838383838384,,,,,,,,,,17.362064575314573,0.11064543069326,20.95959595959596,12.067664470800613,-0.5088723534403348,14.434343434343434,129.7845891885132,0.8258787686787041,159.65656565656565,19.0,0.0,0.0,26.454443905748402,19.0,0.8,134.18,0.25874125874125875,0.8,137.20000000000002,0.2867132867132868,0.8,137.2,0.2027972027972028,0.9,138.27,0.1258741258741259,0.8,134.18,0.2027972027972028,0.8,134.18,B,3.657379143363699,0.04849831264437808,18,2.4481380611368615,1.038343158537054,0.521114694704017,,,,,,,,,,,,,1.2755019128258078,0.05552574664451226,1.5252525252525253
2023,98,TE,19,10,0.759312679125206,0.6,130.64000000000001,0.7596081290303817,0.6,130.64000000000001,0.6096271726049142,0.6,133.1,0.43719548910009715,0.5,118.75999999999999,0.2614035087719298,3.7175379695621174,-0.42956585536952097,4.285714285714286,,,,,,,,,,18.462513461473765,-1.3832254854109054,19.53061224489796,13.339193928505342,-2.5325246214405586,13.816326530612244,138.0511805538257,-14.457746096820307,148.5,17.5,0.0,0.0,21.894563111970076,17.5,0.5,120.94000000000001,0.3298245614035088,0.7,129.26000000000002,0.3298245614035088,0.7,129.26000000000002,0.37911368283258007,0.7,133.1,0.2580079230388392,0.6,127.25999999999999,0.2614035087719298,0.5,120.94000000000001,B,3.7175379695621174,-0.42956585536952097,13,2.6962259576997445,0.34791344031041926,0.04458656509484401,,,,,,,,,,,,,1.1744028423636586,0.19419656260217327,1.5
2024,95,TE,17,10,0.7252849141439857,0.5,133.30400000000003,0.7265407276440029,0.5,133.30400000000003,0.6127041615602601,0.4,120.80400000000002,0.5613879891626942,0.4,118.88400000000001,0.6568026369626159,3.8121948873868705,-0.3996687234408991,4.4526315789473685,,,,,,,,,,17.904470316523977,-1.701536958475099,20.53684210526316,13.828256657754613,-2.690513251564064,15.673684210526316,140.552301167887,-18.058031966060835,168.44210526315788,23.0,1.0,0.0,21.559184774806283,24.0,0.8,146.11,0.3065604500179649,0.7,133.96,0.3065604500179649,0.7,133.96,0.08951565140524574,0.5,118.97999999999999,0.14224404880833572,0.5,116.4,0.6568026369626159,0.8,146.11,B,3.8121948873868705,-0.3996687234408991,10,3.1308842539877784,1.2934350553058604,0.0521966726214374,,,,,,,,,,,,,1.3608118910867613,0.16894283391073406,1.431578947368421
2014,87,TE,0,10,0.6890672744836492,0.5,126.22,0.6890672744836492,0.5,126.22,0.6037211048467278,0.6,123.88999999999999,0.4835083714695828,0.6,118.02000000000002,,3.84951793281504,-0.3671820482127028,4.045977011494253,,,,,,,,,,19.387203861651518,1.537323545059427,20.735632183908045,12.968121168264915,0.84082315316869,12.873563218390805,149.1677932372168,11.36181306512959,160.31034482758622,24.5,0.0,0.0,13.003473807853117,24.5,,,,,,,,,,,,,,,,,,C,3.84951793281504,-0.3671820482127028,15,3.6418196246811743,0.341647536533407,0.5549424485091438,,,,,,,,,,,,,1.5225721250679876,0.09875287346640908,1.839080459770115
2015,84,TE,0,10,0.5668991199191169,0.5,133.25,0.5668991199191169,0.5,133.25,0.5572188480793734,0.5,146.56,0.42327320086306375,0.4,129.69,,3.875346826855367,-0.6076420354271722,3.9285714285714284,,,,,,,,,,22.501500761786843,-4.965248020701553,22.11904761904762,15.038479187256742,-3.145841993234513,15.380952380952381,177.92934781232395,-33.91879285481197,171.32142857142858,38.0,0.0,0.0,21.702512623437734,38.0,,,,,,,,,,,,,,,,,,C,3.875346826855367,-0.6076420354271722,11,2.8171227996562322,-0.7856429273601865,0.4730161648796401,,,,,,,,,,,,,1.7896843338532382,-0.01678502827290433,2.2023809523809526
2016,89,TE,0,10,0.6490699634695712,0.6,130.91,0.6492241979163362,0.6,130.91,0.5690218474363445,0.6,121.00999999999999,0.5100881678691896,0.6,136.07,,4.212576878436228,0.4170713591180511,4.943820224719101,,,,,,,,,,22.1006625928896,-1.5966166984208192,23.573033707865168,14.715555886358732,-1.5988809587535007,15.426966292134832,164.7604751399815,-22.49659309167849,178.1123595505618,32.5,0.0,0.0,26.91220170186935,32.5,,,,,,,,,,,,,,,,,,C,4.212576878436228,0.4170713591180511,10,4.318684878756841,-0.19820222105915536,0.06827887419989188,,,,,,,,,,,,,1.4691632885350328,0.09961984117011595,1.8426966292134832
2017,99,TE,0,10,0.6239209221911372,0.5,110.83,0.6248561208793815,0.5,110.83,0.48055743869217177,0.6,106.07000000000001,0.33874398432301667,0.6,113.9,,4.353089956655725,-0.8237667285710562,4.646464646464646,,,,,,,,,,19.475614835571594,-0.07536510994584134,23.848484848484848,12.63916112353475,0.1840845253206422,15.696969696969697,137.68469907391417,2.261482974689747,173.65656565656565,18.0,0.0,0.0,27.30498646848116,18.0,,,,,,,,,,,,,,,,,,C,4.353089956655725,-0.8237667285710562,20,3.9148400411685964,-0.6178871413914953,0.05731348414890332,,,,,,,,,,,,,1.3925815593907087,-0.09776539775065066,1.707070707070707
2018,99,TE,12,10,0.5607371365779527,0.5,118.7,0.560830656152872,0.5,118.7,0.4524007170072258,0.4,114.84,0.2659432904575931,0.4,102.29999999999998,0.6409817185295869,4.28435815637079,0.6490962414089447,5.292929292929293,,,,,,,,,,20.815677914698274,2.7546976459293004,24.848484848484848,13.923739860480282,0.7475414487110071,16.373737373737374,157.94380855478553,-3.4214478590255673,185.5050505050505,33.5,0.0,0.0,23.058453750207175,33.5,1.0,147.52,0.4895104895104896,1.0,147.52,0.4265734265734266,1.0,147.52,0.5454545454545455,1.0,147.52,0.5874125874125874,1.0,147.52,0.6409817185295869,1.0,147.52,C,4.28435815637079,0.6490962414089447,12,2.2950636517456116,1.1303900898865893,-0.08320918999730094,,,,,,,,,,,,,1.395093708818922,0.17165268060637534,1.494949494949495
2019,100,TE,11,10,0.5579522576351368,0.5,119.85,0.5568371288616221,0.5,119.85,0.46573783357454346,0.5,105.88,0.366968171650557,0.4,108.97,0.5818181818181819,4.394245034659009,-0.0933526329741856,4.77,,,,,,,,,,18.424682940445116,0.5272824238590192,21.55,12.848614002770836,-0.23524479357548372,14.45,146.30021701118932,2.3990231623347493,167.38,23.0,0.0,0.0,25.4901086396291,23.0,0.9,125.51000000000002,0.4272727272727273,0.9,121.31000000000002,0.4272727272727273,0.9,121.31000000000002,0.5284751751907181,0.9,127.10999999999999,0.6090909090909091,0.9,127.11000000000001,0.5818181818181819,0.9,125.51000000000002,C,4.394245034659009,-0.0933526329741856,23,4.142055411868389,-1.3031822392052435,0.34391087909216095,,,,,,,,,,,,,1.3477849093209031,-0.00918312062220916,1.56
2020,94,TE,16,10,0.6393973458852692,0.3,133.546,0.6395132850678773,0.3,133.546,0.5593624282125254,0.3,132.33599999999998,0.5272030560311741,0.4,136.43599999999998,0.07358353721315752,4.337621818351294,-0.6787218006280968,4.659574468085107,,,,,,,,,,19.373970121612246,-2.992072300648352,21.46808510638298,13.042228809671629,-2.212540339238982,15.053191489361701,140.70125399232623,-17.476455348607878,153.5531914893617,27.0,0.0,0.0,24.797097942167003,27.0,0.7,137.946,0.3382352941176471,0.6,137.216,0.3382352941176471,0.6,137.216,0.3235294117647059,0.6,137.21599999999998,0.15,0.6,134.88600000000002,0.07358353721315752,0.7,137.946,C,4.337621818351294,-0.6787218006280968,15,5.300967265166478,-2.3976680907209262,0.6851601597031489,,,,,,,,,,,,,1.5117381932331744,-0.4068984679676247,1.8936170212765957
2021,97,TE,19,10,0.6740275428311966,0.3,135.292,0.6734398010630075,0.3,135.292,0.542420239186442,0.3,123.172,0.4734574095423547,0.6,152.502,0.3543859649122807,4.289999126035867,-0.241367338229252,5.11340206185567,,,,,,,,,,19.400844021185765,-1.398426207631494,22.515463917525775,13.656555010339389,-1.7038807600269597,15.690721649484535,148.8704467546203,-16.039758998457607,164.35051546391753,31.0,1.0,0.0,26.404709911719962,32.0,0.7,145.14000000000001,0.39122807017543854,0.6,137.15,0.39122807017543854,0.6,137.15,-0.12988153948893946,0.5,123.08999999999999,0.49144366293112235,0.7,148.32,0.3543859649122807,0.7,145.14000000000001,C,4.289999126035867,-0.241367338229252,14,3.411772288875571,-1.5962725650827945,0.7846738234662942,,,,,,,,,,,,,1.502052200692154,0.12040254822215567,1.8144329896907216
2022,99,TE,12,10,0.7287829503699595,0.6,127.38000000000002,0.7288763824844152,0.6,127.38000000000002,0.5425227896356883,0.5,117.35000000000002,0.3887545291584053,0.4,110.00999999999999,0.2027972027972028,3.568865081461228,0.017579950279386976,4.383838383838384,,,,,,,,,,17.21616762490078,-0.018028338430741427,20.95959595959596,11.988043785811184,-0.5952188489973828,14.434343434343434,128.95261374890526,-0.1524487686666164,159.65656565656565,19.0,0.0,0.0,26.3239230886764,19.0,0.8,134.18,0.3216783216783217,0.8,137.20000000000002,0.3216783216783217,0.8,137.20000000000002,0.2027972027972028,0.9,138.27,0.1258741258741259,0.8,134.18,0.2027972027972028,0.8,134.18,C,3.568865081461228,0.017579950279386976,18,2.316912950544972,1.0675607325856022,0.5733567693610613,,,,,,,,,,,,,1.275283526865201,0.04930539949338135,1.5252525252525253
2023,98,TE,19,10,0.7606550493465472,0.6,130.64000000000001,0.7604495189777293,0.6,123.92,0.6096271726049142,0.6,133.1,0.43719548910009715,0.5,118.75999999999999,0.2614035087719298,3.6829505183421705,-0.44951572541293555,4.285714285714286,,,,,,,,,,18.55367692716286,-1.4660774006776667,19.53061224489796,13.391468229801628,-2.583468968590926,13.816326530612244,137.80993924735088,-14.9949921301656,148.5,17.5,0.0,0.0,21.90650265848086,17.5,0.5,120.94000000000001,0.3192982456140351,0.7,129.26000000000002,0.30701754385964913,0.7,129.26000000000002,0.37911368283258007,0.7,133.1,0.2580079230388392,0.6,127.25999999999999,0.2614035087719298,0.5,120.94000000000001,C,3.6829505183421705,-0.44951572541293555,13,2.6566810266375804,0.10306786750456094,-0.026008829638659,,,,,,,,,,,,,1.1572951426433438,0.19109453003827712,1.5
2024,95,TE,17,10,0.7167117068980585,0.5,133.304,0.7167117068980585,0.5,133.304,0.6127041615602601,0.4,120.80400000000002,0.5613879891626942,0.4,118.88400000000001,0.6568026369626159,3.833949010239495,-0.35133676735815433,4.4526315789473685,,,,,,,,,,17.954011460445958,-1.6068184147657671,20.53684210526316,13.87151281432347,-2.6226451900467365,15.673684210526316,141.0266523581536,-17.3102752344508,168.44210526315788,23.0,1.0,0.0,21.58810251067121,24.0,0.8,146.11,0.34334770402012066,0.7,133.96,0.34334770402012066,0.7,133.96,0.08951565140524574,0.5,118.97999999999999,0.14224404880833572,0.5,116.4,0.6568026369626159,0.8,146.11,C,3.833949010239495,-0.35133676735815433,10,3.1983816763919255,1.4436912407651907,-0.007456667517348202,,,,,,,,,,,,,1.367348907995946,0.1742051433260831,1.431578947368421
2014,87,TE,0,10,0.6902489880796983,0.5,118.75,0.6902489880796983,0.5,118.75,0.6037211048467278,0.6,123.88999999999999,0.4835083714695828,0.6,118.02000000000002,,3.968741958936491,-0.29109139893766167,4.045977011494253,,,,,,,,,,19.138313294834894,1.8046538280842377,20.735632183908045,12.741912109263389,1.0142283347639038,12.873563218390805,147.36298155141571,13.264056775845859,160.31034482758622,24.5,0.0,0.0,13.291778284700742,24.5,,,,,,,,,,,,,,,,,,D,3.968741958936491,-0.29109139893766167,15,4.574589545359573,1.4143038188555266,0.48477731134132096,,,,,,,,,,,,,1.5327784081212843,0.11268565215812379,1.839080459770115
2015,84,TE,0,10,0.57392290773048,0.5,135.4,0.5729468829449685,0.5,135.4,0.5572188480793734,0.5,146.56,0.42327320086306375,0.4,129.69,,3.9440324917654372,-0.4348804391180724,3.9285714285714284,,,,,,,,,,22.544272169514976,-4.278007076755831,22.11904761904762,15.08838128672364,-2.7039666672037215,15.380952380952381,178.19838920678583,-29.15124761740701,171.32142857142858,38.0,0.0,0.0,21.964861826204146,38.0,,,,,,,,,,,,,,,,,,D,3.9440324917654372,-0.4348804391180724,11,3.3315588027877894,-0.14377268828806897,0.40824829046386296,,,,,,,,,,,,,1.8010295372297371,0.023063393886749866,2.2023809523809526
2016,89,TE,0,10,0.662916789356922,0.6,130.91,0.662916789356922,0.6,130.91,0.5690218474363445,0.6,121.00999999999999,0.5100881678691896,0.6,136.07,,4.1229256083679715,0.39960913688252747,4.943820224719101,,,,,,,,,,21.715336734096443,-1.4679502235231014,23.573033707865168,14.447770097022255,-1.512952916405223,15.426966292134832,161.85508293850827,-21.53514677307706,178.1123595505618,32.5,0.0,0.0,27.154130808937865,32.5,,,,,,,,,,,,,,,,,,D,4.1229256083679715,0.39960913688252747,10,4.162711561334107,-0.4434379333353755,0.20483662259967564,,,,,,,,,,,,,1.4499467753428468,0.10867042002981742,1.8426966292134832
2017,99,TE,0,10,0.6083486278085625,0.5,104.75,0.6069021826981184,0.5,104.75,0.48055743869217177,0.6,106.07000000000001,0.33874398432301667,0.6,113.9,,4.400615612171895,-0.7021501395143901,4.646464646464646,,,,,,,,,,19.50611568275513,0.3585630006243878,23.848484848484848,12.677260766607004,0.46686676100192115,15.696969696969697,139.48445598555622,5.259758451610358,173.65656565656565,18.0,0.0,0.0,27.782322479946753,18.0,,,,,,,,,,,,,,,,,,D,4.400615612171895,-0.7021501395143901,20,3.744206540571708,0.02543985009875236,0.16211977599339658,,,,,,,,,,,,,1.4095523577314104,-0.07218510438274575,1.707070707070707
2018,99,TE,12,10,0.5536234142457559,0.6,131.45,0.5536234142457559,0.6,131.45,0.4524007170072258,0.4,114.84,0.2659432904575931,0.4,102.29999999999998,0.6409817185295869,4.278977074438889,0.8095568236268904,5.292929292929293,,,,,,,,,,20.96165145009841,3.44563518451291,24.848484848484848,13.974006243329457,1.1902951714525323,16.373737373737374,158.3412035047632,1.4652753283956967,185.5050505050505,33.5,0.0,0.0,23.87313468430179,33.5,1.0,147.52,0.44755244755244755,1.0,147.52,0.44755244755244755,1.0,147.52,0.5454545454545455,1.0,147.52,0.5874125874125874,1.0,147.52,0.6409817185295869,1.0,147.52,D,4.278977074438889,0.8095568236268904,12,2.6365976563684668,2.033811289137094,0.1164928659962213,,,,,,,,,,,,,1.4169247741829205,0.20900255826758093,1.494949494949495
2019,100,TE,11,10,0.5511160334148939,0.6,128.63,0.551806928415876,0.6,128.63,0.46573783357454346,0.5,105.88,0.366968171650557,0.4,108.97,0.5818181818181819,4.454087351591806,-0.054348482764956324,4.77,,,,,,,,,,18.46578565714454,0.780480068064179,21.55,12.88311092834457,-0.07139400144427736,14.45,147.114948169702,4.270975424970636,167.38,23.0,0.0,0.0,26.01312272166628,23.0,0.9,125.51000000000002,0.45454545454545453,0.9,121.31000000000002,0.45454545454545453,0.9,121.31000000000002,0.5284751751907181,0.9,127.10999999999999,0.6090909090909091,0.9,127.11000000000001,0.5818181818181819,0.9,125.51000000000002,D,4.454087351591806,-0.054348482764956324,23,4.347436449587488,-1.0618739380251652,0.20797313296451625,,,,,,,,,,,,,1.3501788669016848,0.0047197747926838104,1.56
2020,94,TE,16,10,0.6423900260363431,0.4,135.39600000000002,0.6419842388972145,0.4,135.39600000000002,0.5593624282125254,0.3,132.33599999999998,0.5272030560311741,0.4,136.43599999999998,0.07358353721315752,4.256755632902688,-0.631964339605325,4.659574468085107,,,,,,,,,,19.27716298282571,-2.7765458978041346,21.46808510638298,12.882097892727595,-2.0706013754924038,15.053191489361701,139.90615403732846,-15.945136999439823,153.5531914893617,27.0,0.0,0.0,25.103521974280923,27.0,0.7,137.946,0.3764705882352941,0.7,138.566,0.3764705882352941,0.7,138.566,0.3235294117647059,0.6,137.21599999999998,0.15,0.6,134.88600000000002,0.07358353721315752,0.7,137.946,D,4.256755632902688,-0.631964339605325,15,5.071455376279748,-2.517444564348044,0.46304780023894127,,,,,,,,,,,,,1.4980959639803506,-0.39421644991098004,1.8936170212765957
2021,97,TE,19,10,0.6709479343243171,0.4,146.802,0.6711328394154191,0.4,146.802,0.542420239186442,0.3,123.172,0.4734574095423547,0.6,152.502,0.3543859649122807,4.388429997774108,-0.07140874386739059,5.11340206185567,,,,,,,,,,19.79921188971031,-0.6217413347673906,22.515463917525775,13.857233938970378,-1.1851847309787282,15.690721649484535,151.69617266691364,-10.438911936508616,164.35051546391753,31.0,1.0,0.0,27.291149051179293,32.0,0.7,145.14000000000001,0.419298245614035,0.6,140.07,0.419298245614035,0.6,140.07,-0.12988153948893946,0.5,123.08999999999999,0.49144366293112235,0.7,148.32,0.3543859649122807,0.7,145.14000000000001,D,4.388429997774108,-0.07140874386739059,14,3.6485345646955483,-0.9165582972591828,0.6736396579149434,,,,,,,,,,,,,1.5282607551552814,0.16136681627191843,1.8144329896907216
2022,99,TE,12,10,0.736500443024003,0.7,130.51,0.736500443024003,0.7,130.51,0.5425227896356883,0.5,117.35000000000002,0.3887545291584053,0.4,110.00999999999999,0.2027972027972028,3.5796371212571585,0.20188789832060994,4.383838383838384,,,,,,,,,,17.226691221888355,0.5835413709488826,20.95959595959596,11.99627675607931,-0.18579838316241074,14.434343434343434,129.2089245482675,4.333067593863106,159.65656565656565,19.0,0.0,0.0,26.8536239748665,19.0,0.8,134.18,0.34965034965034975,0.9,141.29000000000002,0.34965034965034975,0.9,141.29000000000002,0.2027972027972028,0.9,138.27,0.1258741258741259,0.8,134.18,0.2027972027972028,0.8,134.18,D,3.5796371212571585,0.20188789832060994,18,2.551793613355357,1.4167493051935076,0.6961256448051155,,,,,,,,,,,,,1.2835902447439382,0.08254225194351314,1.5252525252525253
2023,98,TE,19,10,0.7594090214855893,0.6,130.64000000000001,0.7591906454687204,0.6,130.64000000000001,0.6096271726049142,0.6,133.1,0.43719548910009715,0.5,118.75999999999999,0.2614035087719298,3.665087660350707,-0.436714599817924,4.285714285714286,,,,,,,,,,18.3585044950865,-1.2701942330807425,19.53061224489796,13.269283834637367,-2.4580827030391506,13.816326530612244,137.5230822314956,-13.524908889700175,148.5,17.5,0.0,0.0,22.308491594781316,17.5,0.5,120.94000000000001,0.2982456140350877,0.7,129.26000000000002,0.2982456140350877,0.7,129.26000000000002,0.37911368283258007,0.7,133.1,0.2580079230388392,0.6,127.25999999999999,0.2614035087719298,0.5,120.94000000000001,D,3.665087660350707,-0.436714599817924,13,2.6624737062223365,0.4974425243646084,0.08545758309845101,,,,,,,,,,,,,1.1761711859669859,0.20079694940256304,1.5
2024,95,TE,17,10,0.7271019850741781,0.5,133.30400000000003,0.7271019850741781,0.5,133.30400000000003,0.6127041615602601,0.4,120.80400000000002,0.5613879891626942,0.4,118.88400000000001,0.6568026369626159,3.872649372444021,-0.30503242654993185,4.4526315789473685,,,,,,,,,,18.03234139416726,-1.267605044943904,20.53684210526316,13.835531618621602,-2.3981833315810444,15.673684210526316,141.26921730770522,-14.94653878605271,168.44210526315788,23.0,1.0,0.0,22.054097321167713,24.0,0.8,146.11,0.35193139662062367,0.7,133.96,0.35193139662062367,0.7,133.96,0.08951565140524574,0.5,118.97999999999999,0.14224404880833572,0.5,116.4,0.6568026369626159,0.8,146.11,D,3.872649372444021,-0.30503242654993185,10,3.3112726286299172,1.9119438690555157,0.14167668282961582,,,,,,,,,,,,,1.3678591456989726,0.19037261591757926,1.431578947368421
2014,87,TE,0,10,0.6874733352145601,0.5,118.75,0.6874733352145601,0.5,118.75,0.6037211048467278,0.6,123.88999999999999,0.4835083714695828,0.6,118.02000000000002,,4.005372731088397,-0.3272951686574161,4.045977011494253,,,,,,,,,,19.209396583320682,1.6018835392283934,20.735632183908045,12.779574411056663,0.8836670002863056,12.873563218390805,147.65409235641738,11.768178304847925,160.31034482758622,24.5,0.0,0.0,13.12161508522248,24.5,,,,,,,,,,,,,,,,,,E,4.005372731088397,-0.3272951686574161,15,4.563426691252759,1.3532676180211707,0.48477731134132096,,,,,,,,,,,,,1.5364936441044523,0.09964635280238726,1.839080459770115
2015,84,TE,0,10,0.574959934065086,0.5,135.4,0.5746549263196137,0.5,135.4,0.5572188480793734,0.5,146.56,0.42327320086306375,0.4,129.69,,3.9406842974897516,-0.4425418148648847,3.9285714285714284,,,,,,,,,,22.51589125803008,-4.28783489345221,22.11904761904762,15.072175847984543,-2.710544061613982,15.380952380952381,177.9177381119414,-29.217821272614856,171.32142857142858,38.0,0.0,0.0,21.976389945416475,38.0,,,,,,,,,,,,,,,,,,E,3.9406842974897516,-0.4425418148648847,11,3.342951647361855,-0.12589867062477433,0.40824829046386296,,,,,,,,,,,,,1.799303158997713,0.022901218833928656,2.2023809523809526
2016,89,TE,0,10,0.6675266855991218,0.6,127.52000000000001,0.6660443211941022,0.6,127.52000000000001,0.5690218474363445,0.6,121.00999999999999,0.5100881678691896,0.6,136.07,,4.1152734998569045,0.45833823594252177,4.943820224719101,,,,,,,,,,21.602346142666324,-1.0924341005763054,23.573033707865168,14.392384613236578,-1.267372074787974,15.426966292134832,161.80391207777907,-18.70965479501868,178.1123595505618,32.5,0.0,0.0,27.573729194451523,32.5,,,,,,,,,,,,,,,,,,E,4.1152734998569045,0.45833823594252177,10,4.111935512317503,-0.49826107691000415,0.29359915905953515,,,,,,,,,,,,,1.4546241960087658,0.13263792847159472,1.8426966292134832
2017,99,TE,0,10,0.6070331109193223,0.6,112.3,0.6070331109193223,0.6,112.3,0.48055743869217177,0.6,106.07000000000001,0.33874398432301667,0.6,113.9,,4.3818369538866015,-0.694821689198799,4.646464646464646,,,,,,,,,,19.393560505794238,0.5539889123113825,23.848484848484848,12.606680996815125,0.5962392888728878,15.696969696969697,139.84046281386918,6.743690880662931,173.65656565656565,18.0,0.0,0.0,28.183442584826473,18.0,,,,,,,,,,,,,,,,,,E,4.3818369538866015,-0.694821689198799,20,3.7752978317458257,0.07414478527674673,0.14630321248184566,,,,,,,,,,,,,1.4076061898870582,-0.06078134768465545,1.707070707070707
2018,99,TE,12,10,0.5565412249832389,0.6,131.45,0.5564664093233035,0.6,131.45,0.4524007170072258,0.4,114.84,0.2659432904575931,0.4,102.29999999999998,0.6409817185295869,4.265137535460094,0.7628057726173396,5.292929292929293,,,,,,,,,,20.790127707382144,3.408694654664311,24.848484848484848,13.795563570957672,1.1719942523297637,16.373737373737374,156.29880713691387,1.251284770131123,185.5050505050505,33.5,0.0,0.0,24.019696805274982,33.5,1.0,147.52,0.44755244755244755,1.0,147.52,0.44755244755244755,1.0,147.52,0.5454545454545455,1.0,147.52,0.5874125874125874,1.0,147.52,0.6409817185295869,1.0,147.52,E,4.265137535460094,0.7628057726173396,12,2.6445537656348566,2.0530190480914223,0.21634389399298243,,,,,,,,,,,,,1.4134958706240648,0.20724630343539346,1.494949494949495
2019,100,TE,11,10,0.5588310275925261,0.5,119.85,0.5580674068019671,0.5,119.85,0.46573783357454346,0.5,105.88,0.366968171650557,0.4,108.97,0.5818181818181819,4.401023504325996,-0.03404348006428723,4.77,,,,,,,,,,18.330395674088965,0.9539358935686978,21.55,12.824294534654378,0.04363414532220508,14.45,146.68739096678567,5.507779488773816,167.38,23.0,0.0,0.0,26.29610355805457,23.0,0.9,125.51000000000002,0.36363636363636365,0.9,121.31000000000002,0.36363636363636365,0.9,121.31000000000002,0.5284751751907181,0.9,127.10999999999999,0.6090909090909091,0.9,127.11000000000001,0.5818181818181819,0.9,125.51000000000002,E,4.401023504325996,-0.03404348006428723,23,4.3525445734587755,-1.0219853282133906,0.20797313296451625,,,,,,,,,,,,,1.349689573873916,0.014095716978340736,1.56
2020,94,TE,16,10,0.6241223585766398,0.4,137.48600000000002,0.6247165468875068,0.4,137.48600000000002,0.5593624282125254,0.3,132.33599999999998,0.5272030560311741,0.4,136.43599999999998,0.07358353721315752,4.275746404345488,-0.641620812686072,4.659574468085107,,,,,,,,,,19.56938421106039,-2.6097798455098893,21.46808510638298,13.054430112813789,-1.9543083967784598,15.053191489361701,141.44399844925036,-14.747839425332073,153.5531914893617,27.0,0.0,0.0,25.41227556872263,27.0,0.7,137.946,0.28823529411764703,0.6,137.216,0.28823529411764703,0.6,137.216,0.3235294117647059,0.6,137.21599999999998,0.15,0.6,134.88600000000002,0.07358353721315752,0.7,137.946,E,4.275746404345488,-0.641620812686072,15,5.018304879547349,-2.418921031705933,0.5308108929568351,,,,,,,,,,,,,1.4932443526711243,-0.3864108344464543,1.8936170212765957
2021,97,TE,19,10,0.6680753016589783,0.4,139.192,0.6684319043346756,0.4,139.192,0.542420239186442,0.3,123.172,0.4734574095423547,0.6,152.502,0.3543859649122807,4.397024652991608,-0.1008798020008011,5.11340206185567,,,,,,,,,,19.713402779978715,-0.5761100824161771,22.515463917525775,13.805599111751242,-1.1541651193260927,15.690721649484535,151.17701347913408,-9.930983997397071,164.35051546391753,31.0,1.0,0.0,27.57767347650308,32.0,0.7,145.14000000000001,0.38596491228070173,0.6,140.07,0.38596491228070173,0.6,140.07,-0.12988153948893946,0.5,123.08999999999999,0.49144366293112235,0.7,148.32,0.3543859649122807,0.7,145.14000000000001,E,4.397024652991608,-0.1008798020008011,14,3.6448072917926204,-0.8603833057782023,0.6736396579149434,,,,,,,,,,,,,1.5197922628612555,0.16492986514815644,1.8144329896907216
2022,99,TE,12,10,0.7273565534226021,0.6,133.3,0.7273503246149716,0.6,133.3,0.5425227896356883,0.5,117.35000000000002,0.3887545291584053,0.4,110.00999999999999,0.2027972027972028,3.5226358529193424,0.21754088025619517,4.383838383838384,,,,,,,,,,17.334707612025333,0.8297932051522493,20.95959595959596,12.076957731976883,-0.02460468670188648,14.434343434343434,129.34352655354786,6.2202908969062545,159.65656565656565,19.0,0.0,0.0,27.426158362115224,19.0,0.8,134.18,0.4265734265734266,0.9,141.29000000000002,0.4265734265734266,0.9,141.29000000000002,0.2027972027972028,0.9,138.27,0.1258741258741259,0.8,134.18,0.2027972027972028,0.8,134.18,E,3.5226358529193424,0.21754088025619517,18,2.520485511292456,1.4217829002169506,0.7405314082636031,,,,,,,,,,,,,1.2750065342306884,0.09499402270451143,1.5252525252525253
2023,98,TE,19,10,0.7597943909271228,0.6,130.64000000000004,0.7597943909271228,0.6,130.64000000000004,0.6096271726049142,0.6,133.1,0.43719548910009715,0.5,118.75999999999999,0.2614035087719298,3.6506068700191934,-0.4266854176025568,4.285714285714286,,,,,,,,,,18.246508550401014,-1.050867393282791,19.53061224489796,13.1807762034226,-2.312053938993217,13.816326530612244,137.25268086228039,-11.974133585785605,148.5,17.5,0.0,0.0,22.68551132179652,17.5,0.5,120.94000000000001,0.2982456140350877,0.7,129.26000000000002,0.2982456140350877,0.7,129.26000000000002,0.37911368283258007,0.7,133.1,0.2580079230388392,0.6,127.25999999999999,0.2614035087719298,0.5,120.94000000000001,E,3.6506068700191934,-0.4266854176025568,13,2.6370551815552776,0.44163813965657184,0.08545758309845101,,,,,,,,,,,,,1.1714236091493544,0.21254154992377988,1.5
2024,95,TE,17,10,0.7157716007025151,0.5,133.30400000000003,0.7155050034231818,0.5,133.30400000000003,0.6127041615602601,0.4,120.80400000000002,0.5613879891626942,0.4,118.88400000000001,0.6568026369626159,3.89482438129202,-0.3431628138679763,4.4526315789473685,,,,,,,,,,18.212199112932606,-1.1757261462480122,20.53684210526316,13.967498437784496,-2.3347680819139636,15.673684210526316,143.11226716628565,-14.270639977668644,168.44210526315788,23.0,1.0,0.0,22.342375996650027,24.0,0.8,146.11,0.35193139662062367,0.7,133.57000000000002,0.33721649501976136,0.7,133.57000000000002,0.08951565140524574,0.5,118.97999999999999,0.14224404880833572,0.5,116.4,0.6568026369626159,0.8,146.11,E,3.89482438129202,-0.3431628138679763,10,3.393481514123733,1.946699555738555,0.14167668282961582,,,,,,,,,,,,,1.3686875830690581,0.1947500773268037,1.431578947368421
2014,200,WR,0,30,0.7086603572861296,0.5666666666666667,174.7,0.7080879930542893,0.5666666666666667,174.7,0.5344157156650918,0.4666666666666667,161.10333333333332,0.4746354299631631,0.5666666666666667,173.8233333333333,,4.420987606411414,-0.1756842187093538,4.715,,,,,,,,,,27.918239441362097,-0.34252714457114963,34.69,16.98571794581703,-1.2502809616369803,20.25,230.11299219042903,-11.585572432284074,274.97,241.5,0.0,0.0,252.99748755835807,241.5,,,,,,,,,,,,,,,,,,A,4.420987606411414,-0.1756842187093538,40,3.884454247119872,0.2654018110167045,0.39025024064172503,,,,,,,,,,,,,1.7983742429983527,-0.060567670648746345,2.235
2015,199,WR,0,30,0.7300223369761571,0.6,166.15866666666665,0.7295102786277738,0.6,166.15866666666665,0.643600770645367,0.5,157.57333333333332,0.5369290766302856,0.5333333333333333,161.87333333333336,,4.042912657168995,0.6982046350992986,4.351758793969849,,,,,,,,,,25.018151935263006,1.2359138670363152,28.71356783919598,15.34954349521468,0.687691041288528,17.386934673366834,208.5776944410241,4.1144900018416,232.5175879396985,228.0,0.0,0.0,235.1163546151034,228.0,,,,,,,,,,,,,,,,,,A,4.042912657168995,0.6982046350992986,38,3.7678717276570204,1.9182541638684025,0.19460620274400747,,,,,,,,,,,,,1.8139836220422372,-0.15973785576070337,1.9698492462311559
2016,202,WR,0,30,0.6806530245330786,0.5333333333333333,147.34333333333333,0.6790773090485503,0.5333333333333333,147.34333333333333,0.5459416301573978,0.5666666666666667,150.02666666666667,0.4944151292238921,0.7,167.79,,4.580685451792337,-0.028842279339296662,5.01980198019802,,,,,,,,,,26.020463561949075,-1.6337825738217329,29.35148514851485,16.426876654726335,-1.3007596421460412,18.50990099009901,221.35687136197723,-9.417539107222447,250.0049504950495,193.5,2.5,0.0,213.3723444111289,196.0,,,,,,,,,,,,,,,,,,A,4.580685451792337,-0.028842279339296662,35,3.228128331644039,-0.9036950776551879,0.4821575229956164,,,,,,,,,,,,,1.6263721931591333,-0.03568987936504521,2.123762376237624
2017,214,WR,0,30,0.6822452220644697,0.5333333333333333,139.1533333333333,0.6818926299490699,0.5333333333333333,139.1533333333333,0.6126577171853311,0.5333333333333333,142.77466666666666,0.4728172396371664,0.5666666666666667,137.34133333333335,,4.230615785732502,0.37660778762386343,4.892523364485982,,,,,,,,,,24.59964659136202,2.4459028631146054,27.64485981308411,15.011658494805273,1.7468563204624636,16.66822429906542,200.88278111479514,21.56104138433683,220.1822429906542,153.0,0.0,0.0,197.20898345917325,153.0,,,,,,,,,,,,,,,,,,A,4.230615785732502,0.37660778762386343,47,2.88754774100138,-0.04335008435506107,0.3852239453004573,,,,,,,,,,,,,1.5587403786303966,0.20592815839449788,1.7009345794392523
2018,201,WR,46,30,0.7240372610096523,0.5666666666666667,183.35066666666668,0.7236908363321314,0.5666666666666667,184.63733333333332,0.5624931029814099,0.5333333333333333,175.76733333333334,0.4855320065146505,0.6333333333333333,181.95533333333336,0.6311081380111779,4.179316340461107,-0.16237726689211243,4.890547263681592,,,,,,,,,,23.135580500235182,-3.6070155937582657,27.756218905472636,15.21182043636598,-3.849305253630984,17.587064676616915,199.01405432479382,-49.52709561079997,232.49253731343285,212.5,0.0,0.0,153.95854639055875,212.5,0.7333333333333333,178.05266666666665,0.6571895528734387,0.7666666666666667,180.74533333333332,0.6547226251224123,0.7666666666666667,180.74533333333332,0.5873930505879397,0.7,173.56066666666666,0.6152994683791683,0.7333333333333333,176.18866666666665,0.6311081380111779,0.7333333333333333,178.05266666666665,A,4.179316340461107,-0.16237726689211243,39,3.2928142957502224,-0.3803094053668961,0.5900134917037548,,,,,,,,,,,,,1.5777312368624985,-0.5279574623552792,1.8606965174129353
2019,201,WR,53,30,0.7247375077045216,0.6,154.87133333333333,0.7248496961732065,0.6,154.87133333333335,0.6224867951115829,0.6,164.85066666666668,0.4699505616920104,0.5333333333333333,145.28400000000002,0.5413339943921042,4.289347178002537,0.3647175030766988,4.781094527363184,,,,,,,,,,26.277951796048757,0.35631224300662095,28.154228855721392,16.379024742408927,-0.24707526283429873,17.73134328358209,220.6691886254842,-12.867683709213718,234.75124378109453,219.5,0.0,0.0,178.78433716845143,219.5,0.7333333333333333,170.76866666666666,0.5513626834381551,0.7,173.102,0.5518464763747782,0.7,170.962,0.4656639475268808,0.6666666666666666,163.44466666666662,0.45050204552912304,0.7333333333333333,169.398,0.5413339943921042,0.7333333333333333,170.76866666666666,A,4.289347178002537,0.3647175030766988,35,3.5785550857396045,0.7125222271823339,0.42095969237009023,,,,,,,,,,,,,1.55373898059809,-0.06808059915165623,1.800995024875622
2020,208,WR,57,30,0.7716734319332742,0.6,172.7106666666667,0.7710471797792439,0.6,172.7106666666667,0.568163289649289,0.5333333333333333,165.5546666666667,0.4539749042269589,0.5666666666666667,168.56133333333338,0.4064186879309588,4.0226536818366165,0.18023013663162754,4.918269230769231,,,,,,,,,,22.82232175519755,-0.7092700375515213,28.451923076923077,15.631300091995907,-2.4060543891472115,18.014423076923077,190.69413792091424,-21.779040110441823,231.66826923076923,217.5,1.0,0.0,195.81111941479384,218.5,0.6666666666666666,177.774,0.41923774954627957,0.7,174.24066666666667,0.4185895773917553,0.7,174.24066666666667,0.21412364928083502,0.6666666666666666,171.874,0.41014678913033376,0.7333333333333333,176.51400000000007,0.4064186879309588,0.6666666666666666,177.774,A,4.0226536818366165,0.18023013663162754,41,3.1000587975693943,0.6811983938772458,0.3299388182143901,,,,,,,,,,,,,1.6843147529274878,-0.23928552468333558,1.8269230769230769
2021,217,WR,64,30,0.7103539176436047,0.6333333333333333,172.44799999999995,0.7102140401625862,0.6333333333333333,171.328,0.5860566231530691,0.5666666666666667,162.44333333333333,0.49151901042485496,0.6333333333333333,172.19133333333335,0.5226580656036864,4.249443174690831,-0.29435008976761945,5.009216589861751,,,,,,,,,,23.43911421092942,0.476769063044196,27.4147465437788,15.610391616387215,0.10284561864988952,18.433179723502302,200.59620982374378,12.110725672932425,234.29032258064515,188.0,0.0,0.0,231.53751915635198,188.0,0.7,175.352,0.44544923823017124,0.6666666666666666,173.28133333333335,0.44160304035677506,0.6666666666666666,171.50799999999998,0.3123346906402041,0.6333333333333333,168.47666666666666,0.28867209370538155,0.7,172.19133333333335,0.5226580656036864,0.7,175.352,A,4.249443174690831,-0.29435008976761945,46,4.613796720550596,-1.674418559123624,0.3296705738968559,,,,,,,,,,,,,1.5798733483985419,0.09333888470461627,1.7880184331797235
2022,213,WR,43,30,0.7214976390040421,0.7333333333333333,185.69666666666666,0.721296322173331,0.7333333333333333,185.69666666666666,0.5678010491630514,0.7333333333333333,190.642,0.46697010763092667,0.6333333333333333,178.0553333333333,0.49103131421716445,4.417239076821519,-0.06957053409683393,5.089201877934272,,,,,,,,,,23.310334253370367,0.6338457430716445,28.31924882629108,15.127911998628782,0.05210846434010058,18.1924882629108,198.73861583708944,4.3133535295257595,230.0,199.0,0.0,0.0,209.33578358546126,199.0,0.7666666666666667,185.2853333333333,0.7405142150480925,0.8333333333333334,190.84533333333331,0.7382489528423779,0.8333333333333334,190.84533333333331,0.5797409586929249,0.8333333333333334,192.03200000000004,0.5385806860229227,0.8,187.30200000000002,0.49103131421716445,0.7666666666666667,185.2853333333333,A,4.417239076821519,-0.06957053409683393,35,3.9410355898435814,-0.7264495114810577,0.4555448432950539,,,,,,,,,,,,,1.4037443602569297,0.24126817332099512,1.7511737089201878
2023,206,WR,67,30,0.7734704096249978,0.6,187.13866666666664,0.7734503227408482,0.6,187.13866666666664,0.6175143528303332,0.6333333333333333,185.1786666666667,0.5302542005998704,0.7333333333333333,198.838,0.580440115864124,4.270579569420241,-0.7792915996677082,5.092233009708738,,,,,,,,,,21.31183220235926,-2.0474827456807496,24.606796116504853,14.221688969944264,-1.4375929685524862,16.325242718446603,182.60438739061541,-21.196740456016972,203.32038834951456,221.0,0.0,0.0,187.1186389603975,221.0,0.6,181.31066666666666,0.6055811076714882,0.7,188.1153333333333,0.6014306951242653,0.7,188.1153333333333,0.597234225811091,0.7,183.5886666666667,0.6899876639818693,0.8,202.40466666666666,0.580440115864124,0.6,181.31066666666666,A,4.270579569420241,-0.7792915996677082,42,3.812815049287905,-0.24893709924667556,0.3227171311689187,,,,,,,,,,,,,1.494484612502581,-0.03938014735729905,1.7233009708737863
2024,210,WR,61,30,0.7953513893710871,0.6333333333333333,172.77599999999998,0.7952332697837087,0.6333333333333333,172.77599999999998,0.6278513562400171,0.5666666666666667,165.37933333333336,0.5114336769533842,0.5333333333333333,163.8793333333333,0.3735933939495747,4.0096453846871505,0.02367708675567181,4.976190476190476,,,,,,,,,,21.033227404565878,1.1683393335072247,27.547619047619047,13.967664840998546,0.2722325816072495,17.457142857142856,178.4680955776511,6.998655069757733,228.84285714285716,179.0,0.0,0.0,203.37675319932356,179.0,0.6,167.2793333333333,0.4818678195532108,0.7,176.886,0.4860191171645944,0.7,176.886,0.2310105048256084,0.6,165.3793333333333,0.2519614866045354,0.5666666666666667,163.8793333333333,0.3735933939495747,0.6,167.2793333333333,A,4.0096453846871505,0.02367708675567181,29,2.991683852519391,0.7714644649555116,0.24154017955954732,,,,,,,,,,,,,1.62617270012134,-0.22201494552784107,1.957142857142857
2014,200,WR,0,30,0.7057864225982119,0.5666666666666667,169.96666666666667,0.7056758866486764,0.5666666666666667,169.96666666666667,0.5344157156650918,0.4666666666666667,161.10333333333332,0.4746354299631631,0.5666666666666667,173.8233333333333,,4.468776119373898,-0.28195110724374645,4.715,,,,,,,,,,28.349615152289683,-0.8782309518266277,34.69,17.218453682150077,-1.5585328460815882,20.25,233.49610140701702,-15.970362466128135,274.97,241.5,0.0,0.0,249.18532275094003,241.5,,,,,,,,,,,,,,,,,,B,4.468776119373898,-0.28195110724374645,40,3.7735232341254146,0.15305060396067627,0.40821047525377024,,,,,,,,,,,,,1.8162108195052935,-0.08755295877315249,2.235
2015,199,WR,0,30,0.7309772402926309,0.6,166.15866666666662,0.7306184130764486,0.6,166.15866666666662,0.643600770645367,0.5,157.57333333333332,0.5369290766302856,0.5333333333333333,161.87333333333336,,4.058928527668028,0.6291708651428929,4.351758793969849,,,,,,,,,,24.821420465872254,0.9328471333162581,28.71356783919598,15.28943151192018,0.5080058437526456,17.386934673366834,206.12526125604313,1.7538211729995143,232.5175879396985,228.0,0.0,0.0,234.35659925197325,228.0,,,,,,,,,,,,,,,,,,B,4.058928527668028,0.6291708651428929,38,3.619432566558309,1.798973254474765,0.17252014494364112,,,,,,,,,,,,,1.7980581471138857,-0.17234527442721528,1.9698492462311559
2016,202,WR,0,30,0.691899177417739,0.5666666666666667,148.12666666666667,0.6913282018629521,0.5666666666666667,147.3666666666667,0.5459416301573978,0.5666666666666667,150.02666666666667,0.4944151292238921,0.7,167.79,,4.495355685737731,0.056914995002470846,5.01980198019802,,,,,,,,,,25.639317582274387,-1.1363428627037724,29.35148514851485,16.17475682213993,-1.0056551634959572,18.50990099009901,217.94487971633117,-5.684820306412133,250.0049504950495,193.5,2.5,0.0,215.4775806420738,196.0,,,,,,,,,,,,,,,,,,B,4.495355685737731,0.056914995002470846,35,2.943408451766079,-0.8166893661280886,0.54003049821107,,,,,,,,,,,,,1.6138408557178334,-0.01339236235480752,2.123762376237624
2017,214,WR,0,30,0.6776298122210728,0.5333333333333333,138.63333333333333,0.6773773376951668,0.5333333333333333,138.63333333333333,0.6126577171853311,0.5333333333333333,142.77466666666666,0.4728172396371664,0.5666666666666667,137.34133333333335,,4.206832261551589,0.3945435927931703,4.892523364485982,,,,,,,,,,24.754155654305016,2.6013783850059844,27.64485981308411,15.088545668887985,1.839761696285522,16.66822429906542,203.14191564031358,22.749366734774497,220.1822429906542,153.0,0.0,0.0,198.18953092264522,153.0,,,,,,,,,,,,,,,,,,B,4.206832261551589,0.3945435927931703,47,2.8127403716517314,-0.189478175710283,0.37096664542868685,,,,,,,,,,,,,1.5763670110957417,0.2140186864076137,1.7009345794392523
2018,201,WR,46,30,0.7342174129416944,0.5333333333333333,181.38799999999998,0.7343425737962423,0.5333333333333333,181.38799999999998,0.5624931029814099,0.5333333333333333,175.76733333333334,0.4855320065146505,0.6333333333333333,181.95533333333336,0.6311081380111779,4.111659089978567,-0.1470710769050613,4.890547263681592,,,,,,,,,,22.912200318876646,-3.4074814025382834,27.756218905472636,15.044510557972135,-3.7255356194446283,17.587064676616915,196.35544453966375,-48.01365192235054,232.49253731343285,212.5,0.0,0.0,155.0744209677186,212.5,0.7333333333333333,178.05266666666665,0.6584846899427277,0.7666666666666667,180.74533333333332,0.654784298316188,0.7666666666666667,180.74533333333332,0.5873930505879397,0.7,173.56066666666666,0.6152994683791683,0.7333333333333333,176.18866666666665,0.6311081380111779,0.7333333333333333,178.05266666666665,B,4.111659089978567,-0.1470710769050613,39,3.343352552743355,-0.5564317186471898,0.5782278329513245,,,,,,,,,,,,,1.5561539916629668,-0.5181334228995395,1.8606965174129353
2019,201,WR,53,30,0.7145575260560527,0.6,154.87133333333333,0.7145298529004438,0.6,154.87133333333333,0.6224867951115829,0.6,164.85066666666668,0.4699505616920104,0.5333333333333333,145.28400000000002,0.5413339943921042,4.313434566254604,0.3994669659926703,4.781094527363184,,,,,,,,,,26.235874794136443,0.5854765507240891,28.154228855721392,16.353682673830505,-0.1254948240851233,17.73134328358209,221.22827975933288,-11.147289644297725,234.75124378109453,219.5,0.0,0.0,179.4451979487585,219.5,0.7333333333333333,170.76866666666666,0.5337848734075149,0.7333333333333333,175.542,0.5333010804708918,0.7333333333333333,175.542,0.4656639475268808,0.6666666666666666,163.44466666666662,0.45050204552912304,0.7333333333333333,169.398,0.5413339943921042,0.7333333333333333,170.76866666666666,B,4.313434566254604,0.3994669659926703,35,3.472783749445489,0.5079490640605472,0.4282044696844306,,,,,,,,,,,,,1.5552458173213197,-0.05726231270472357,1.800995024875622
2020,208,WR,57,30,0.7775604718268669,0.5666666666666667,168.44400000000002,0.7770744354403697,0.5666666666666667,168.44400000000002,0.568163289649289,0.5333333333333333,165.5546666666667,0.4539749042269589,0.5666666666666667,168.56133333333338,0.4064186879309588,3.892356458968611,0.22612782021036845,4.918269230769231,,,,,,,,,,21.970618864586324,-0.12461471588393253,28.451923076923077,15.159174561526523,-2.03409193580368,18.014423076923077,184.6369218418057,-16.71267292557698,231.66826923076923,217.5,1.0,0.0,200.31238686150573,218.5,0.6666666666666666,177.774,0.44425719471091524,0.7,174.24066666666667,0.44743323826808407,0.7,174.24066666666667,0.21412364928083502,0.6666666666666666,171.874,0.41014678913033376,0.7333333333333333,176.51400000000007,0.4064186879309588,0.6666666666666666,177.774,B,3.892356458968611,0.22612782021036845,41,2.536575676412507,0.68828701971293,0.44400602535302575,,,,,,,,,,,,,1.657331757701898,-0.20908436578635342,1.8269230769230769
2021,217,WR,64,30,0.7074560339651235,0.6,159.57666666666668,0.7075953212457999,0.6,159.57666666666668,0.5860566231530691,0.5666666666666667,162.44333333333333,0.49151901042485496,0.6333333333333333,172.19133333333335,0.5226580656036864,4.209965738156252,-0.3091761948401808,5.009216589861751,,,,,,,,,,23.41399407792013,0.7278811755987218,27.4147465437788,15.596173825152002,0.2743941192463156,18.433179723502302,201.21255697038671,14.624862354986782,234.29032258064515,188.0,0.0,0.0,235.01784789912685,188.0,0.7,175.352,0.40840668966377264,0.6333333333333333,158.49466666666666,0.40840668966377264,0.6333333333333333,158.49466666666666,0.3123346906402041,0.6333333333333333,168.47666666666666,0.28867209370538155,0.7,172.19133333333335,0.5226580656036864,0.7,175.352,B,4.209965738156252,-0.3091761948401808,46,4.422348703738211,-1.8367141459401377,0.400088262337965,,,,,,,,,,,,,1.5996875583229577,0.106795713047337,1.7880184331797235
2022,213,WR,43,30,0.7185191502415972,0.7333333333333333,184.44000000000003,0.7188411321292252,0.7333333333333333,185.44333333333333,0.5678010491630514,0.7333333333333333,190.642,0.46697010763092667,0.6333333333333333,178.0553333333333,0.49103131421716445,4.440749288499567,-0.11680501539735956,5.089201877934272,,,,,,,,,,23.705003603591305,0.5173859844501492,28.31924882629108,15.266146451508703,-0.018594123915323495,18.1924882629108,200.81497246002175,3.275245943109292,230.0,199.0,0.0,0.0,208.8875632827825,199.0,0.7666666666666667,185.2853333333333,0.7128025073981843,0.8333333333333334,190.84533333333334,0.7104617364522792,0.8333333333333334,190.84533333333334,0.5797409586929249,0.8333333333333334,192.03200000000004,0.5385806860229227,0.8,187.30200000000002,0.49103131421716445,0.7666666666666667,185.2853333333333,B,4.440749288499567,-0.11680501539735956,35,3.851171786751037,-0.978980260688645,0.44482431321751004,,,,,,,,,,,,,1.4100254633904759,0.23467667966419456,1.7511737089201878
2023,206,WR,67,30,0.7800228092239537,0.6333333333333333,187.182,0.7798600373703467,0.6333333333333333,187.182,0.6175143528303332,0.6333333333333333,185.1786666666667,0.5302542005998704,0.7333333333333333,198.838,0.580440115864124,4.179164603813796,-0.7398024099362915,5.092233009708738,,,,,,,,,,20.986095692535123,-1.6125489710822083,24.606796116504853,13.994331368288083,-1.159055497036862,16.325242718446603,182.27355947271994,-17.849084648613903,203.32038834951456,221.0,0.0,0.0,189.0110640528324,221.0,0.6,181.31066666666666,0.6195887500183657,0.7,186.39533333333335,0.6222625734862881,0.7,186.39533333333335,0.597234225811091,0.7,183.5886666666667,0.6899876639818693,0.8,202.40466666666666,0.580440115864124,0.6,181.31066666666666,B,4.179164603813796,-0.7398024099362915,42,3.673586476060654,-0.5127192086622079,0.39634072884346944,,,,,,,,,,,,,1.5024980702270792,-0.0202045675699458,1.7233009708737863
2024,210,WR,61,30,0.7947673173782492,0.6666666666666666,174.07933333333332,0.7945460878748168,0.6666666666666666,174.07933333333332,0.6278513562400171,0.5666666666666667,165.37933333333336,0.5114336769533842,0.5333333333333333,163.8793333333333,0.3735933939495747,3.9826324959404973,0.006734661680979078,4.976190476190476,,,,,,,,,,20.98456305794956,1.2455066071705823,27.547619047619047,13.94574741063971,0.3222015600531754,17.457142857142856,177.389452154862,7.484796424205625,228.84285714285716,179.0,0.0,0.0,203.4544738891064,179.0,0.6,167.2793333333333,0.4780073771884847,0.7,175.41266666666667,0.4789063843145168,0.7,175.41266666666667,0.2310105048256084,0.6,165.3793333333333,0.2519614866045354,0.5666666666666667,163.8793333333333,0.3735933939495747,0.6,167.2793333333333,B,3.9826324959404973,0.006734661680979078,29,2.9966368102334338,0.6758067680798061,0.2522936807043217,,,,,,,,,,,,,1.6226426765859978,-0.219235240553489,1.957142857142857
2014,200,WR,0,30,0.708461998253402,0.5666666666666667,174.69999999999996,0.7086951836811887,0.5666666666666667,174.69999999999996,0.5344157156650918,0.4666666666666667,161.10333333333332,0.4746354299631631,0.5666666666666667,173.8233333333333,,4.404458874893317,-0.16106252834308768,4.715,,,,,,,,,,27.89231599552677,-0.26505400246503086,34.69,16.958640051927638,-1.2079625422297284,20.25,229.85469195757622,-10.973574130263069,274.97,241.5,0.0,0.0,253.69769921960076,241.5,,,,,,,,,,,,,,,,,,C,4.404458874893317,-0.16106252834308768,40,3.901320558396774,0.33435135013835937,0.4097499239348027,,,,,,,,,,,,,1.7950169396015971,-0.056568597235376446,2.235
2015,199,WR,0,30,0.7362164256550878,0.5666666666666667,162.97533333333328,0.7355472821983013,0.6,166.15866666666662,0.643600770645367,0.5,157.57333333333332,0.5369290766302856,0.5333333333333333,161.87333333333336,,4.013919203965328,0.7224125294446153,4.351758793969849,,,,,,,,,,24.861439682136893,1.3608924367955442,28.71356783919598,15.20007840164727,0.770443332934641,17.386934673366834,207.45898390206773,5.20809872497055,232.5175879396985,228.0,0.0,0.0,236.12869332278427,228.0,,,,,,,,,,,,,,,,,,C,4.013919203965328,0.7224125294446153,38,3.7397893030679294,1.934995467426885,0.25805125905654486,,,,,,,,,,,,,1.808366207021793,-0.15317874617565141,1.9698492462311559
2016,202,WR,0,30,0.6876411526604482,0.5333333333333333,147.34333333333336,0.687723039732264,0.5333333333333333,147.34333333333333,0.5459416301573978,0.5666666666666667,150.02666666666667,0.4944151292238921,0.7,167.79,,4.540812880708745,-0.017534572054926416,5.01980198019802,,,,,,,,,,25.83390306045339,-1.5244909523685468,29.35148514851485,16.29605727303435,-1.227590799695437,18.50990099009901,220.34796845852708,-8.5277435657698,250.0049504950495,193.5,2.5,0.0,213.97976958499976,196.0,,,,,,,,,,,,,,,,,,C,4.540812880708745,-0.017534572054926416,35,3.032090717973972,-0.9808893859133747,0.43757077269108985,,,,,,,,,,,,,1.62259120336447,-0.029957087788188532,2.123762376237624
2017,214,WR,0,30,0.6829821209299878,0.5333333333333333,138.22333333333333,0.6818428815024526,0.5333333333333333,138.22333333333333,0.6126577171853311,0.5333333333333333,142.77466666666666,0.4728172396371664,0.5666666666666667,137.34133333333335,,4.210243872931701,0.3789838768888761,4.892523364485982,,,,,,,,,,24.533990118229923,2.45077885945046,27.64485981308411,15.001471522344252,1.7557463379712854,16.66822429906542,201.16462615768248,21.582571102633906,220.1822429906542,153.0,0.0,0.0,197.7456080759938,153.0,,,,,,,,,,,,,,,,,,C,4.210243872931701,0.3789838768888761,47,2.8896740189677215,0.08432942760676539,0.4201509163410321,,,,,,,,,,,,,1.55796272175848,0.2064143889768596,1.7009345794392523
2018,201,WR,46,30,0.7273924318724426,0.5666666666666667,184.63733333333332,0.7269707646017304,0.5666666666666667,184.63733333333332,0.5624931029814099,0.5333333333333333,175.76733333333334,0.4855320065146505,0.6333333333333333,181.95533333333336,0.6311081380111779,4.177915064707192,-0.12802547720863777,4.890547263681592,,,,,,,,,,22.995066204563177,-3.4451259381377835,27.756218905472636,15.149446589627107,-3.7529887877106973,17.587064676616915,198.31159453528156,-48.311516960472694,232.49253731343285,212.5,0.0,0.0,154.95881560515232,212.5,0.7333333333333333,178.05266666666665,0.6604582321435488,0.7666666666666667,180.74533333333332,0.6603348857559974,0.7666666666666667,180.74533333333332,0.5873930505879397,0.7,173.56066666666666,0.6152994683791683,0.7333333333333333,176.18866666666665,0.6311081380111779,0.7333333333333333,178.05266666666665,C,4.177915064707192,-0.12802547720863777,39,3.2540880760046074,-0.1926264205276025,0.6326458194740038,,,,,,,,,,,,,1.5735171408848718,-0.5207028137793229,1.8606965174129353
2019,201,WR,53,30,0.7210248173141756,0.6,154.87133333333333,0.7204257308913982,0.6,154.87133333333333,0.6224867951115829,0.6,164.85066666666668,0.4699505616920104,0.5333333333333333,145.28400000000002,0.5413339943921042,4.3281393562044235,0.3292476185829015,4.781094527363184,,,,,,,,,,26.539941599865678,0.16212113136441386,28.154228855721392,16.535308710740544,-0.3547209576296973,17.73134328358209,222.76323939781338,-14.29923494821015,234.75124378109453,219.5,0.0,0.0,178.58180739028967,219.5,0.7333333333333333,170.76866666666666,0.5570875665215287,0.7,170.96200000000002,0.5504757297210127,0.7,170.96200000000002,0.4656639475268808,0.6666666666666666,163.44466666666662,0.45050204552912304,0.7333333333333333,169.398,0.5413339943921042,0.7333333333333333,170.76866666666666,C,4.3281393562044235,0.3292476185829015,35,3.711054225436283,0.9092416756219106,0.41562143540162894,,,,,,,,,,,,,1.5616396776457289,-0.0771605782811632,1.800995024875622
2020,208,WR,57,30,0.7727740803337367,0.6,174.13333333333335,0.7726176850416945,0.6,174.13333333333333,0.568163289649289,0.5333333333333333,165.5546666666667,0.4539749042269589,0.5666666666666667,168.56133333333338,0.4064186879309588,4.025363774228059,0.17042913961168663,4.918269230769231,,,,,,,,,,22.86506491658614,-0.7320893224270273,28.451923076923077,15.640215318480735,-2.4163891611785107,18.014423076923077,190.81675448095834,-21.956843031432616,231.66826923076923,217.5,1.0,0.0,196.1297604644398,218.5,0.6666666666666666,177.774,0.4213119004407571,0.7,174.24066666666667,0.42299714804252014,0.7,174.24066666666664,0.21412364928083502,0.6666666666666666,171.874,0.41014678913033376,0.7333333333333333,176.51400000000007,0.4064186879309588,0.6666666666666666,177.774,C,4.025363774228059,0.17042913961168663,41,3.1205371546703344,0.7405598640662884,0.3176525972636734,,,,,,,,,,,,,1.687041697683791,-0.24067691951876774,1.8269230769230769
2021,217,WR,64,30,0.7075894853216554,0.6666666666666666,175.83466666666664,0.7075151199475812,0.6666666666666666,175.83466666666666,0.5860566231530691,0.5666666666666667,162.44333333333333,0.49151901042485496,0.6333333333333333,172.19133333333335,0.5226580656036864,4.259360733874946,-0.3113252580297269,5.009216589861751,,,,,,,,,,23.52424255304417,0.41100633681382764,27.4147465437788,15.697857983223608,0.06255142436586354,18.433179723502302,201.35656811907575,11.625129797966498,234.29032258064515,188.0,0.0,0.0,231.56317154005333,188.0,0.7,175.352,0.43510113442793874,0.6666666666666666,173.44133333333332,0.4330406712814766,0.6666666666666666,173.44133333333332,0.3123346906402041,0.6333333333333333,168.47666666666666,0.28867209370538155,0.7,172.19133333333335,0.5226580656036864,0.7,175.352,C,4.259360733874946,-0.3113252580297269,46,4.606580810553228,-1.6956029896437952,0.32111292589374374,,,,,,,,,,,,,1.581145797990247,0.08955200658764324,1.7880184331797235
2022,213,WR,43,30,0.7181539417347063,0.7333333333333333,185.69666666666666,0.7180995487792797,0.7333333333333333,185.69666666666663,0.5678010491630514,0.7333333333333333,190.642,0.46697010763092667,0.6333333333333333,178.0553333333333,0.49103131421716445,4.417047110039857,-0.0853074104657526,5.089201877934272,,,,,,,,,,23.371779845051833,0.563170014207863,28.31924882629108,15.158794939305174,0.009597552617385362,18.1924882629108,199.04771361551948,3.730229428874064,230.0,199.0,0.0,0.0,209.15070957345128,199.0,0.7666666666666667,185.2853333333333,0.7305470613429483,0.8333333333333334,190.84533333333331,0.7290368865391387,0.8333333333333334,190.84533333333331,0.5797409586929249,0.8333333333333334,192.03200000000004,0.5385806860229227,0.8,187.30200000000002,0.49103131421716445,0.7666666666666667,185.2853333333333,C,4.417047110039857,-0.0853074104657526,35,4.019902761423636,-0.7187114981097219,0.4127998109521217,,,,,,,,,,,,,1.4078638210365577,0.2383813147389909,1.7511737089201878
2023,206,WR,67,30,0.774093795684815,0.6333333333333333,188.902,0.7733000174353145,0.6333333333333333,188.902,0.6175143528303332,0.6333333333333333,185.1786666666667,0.5302542005998704,0.7333333333333333,198.838,0.580440115864124,4.279149841044446,-0.7855640375038389,5.092233009708738,,,,,,,,,,21.347707830534617,-2.111544169318225,24.606796116504853,14.22612977678062,-1.4742148563673307,16.325242718446603,182.71592801999435,-21.663931614495755,203.32038834951456,221.0,0.0,0.0,187.0024489448279,221.0,0.6,181.31066666666666,0.6068382037795413,0.7,188.11533333333333,0.6043639193763892,0.7,188.11533333333333,0.597234225811091,0.7,183.5886666666667,0.6899876639818693,0.8,202.40466666666666,0.580440115864124,0.6,181.31066666666666,C,4.279149841044446,-0.7855640375038389,42,3.865008022022421,-0.21288146302758726,0.30665563339645635,,,,,,,,,,,,,1.4931363732305025,-0.0420916924139675,1.7233009708737863
2024,210,WR,61,30,0.7943686092730403,0.6666666666666666,175.55266666666665,0.7943829664801916,0.6666666666666666,175.55266666666665,0.6278513562400171,0.5666666666666667,165.37933333333336,0.5114336769533842,0.5333333333333333,163.8793333333333,0.3735933939495747,4.020694843596794,0.014914294356043743,4.976190476190476,,,,,,,,,,21.05550374169732,1.1424351874896959,27.547619047619047,13.99475915932476,0.25666361586548847,17.457142857142856,178.98642760856407,6.864828559285477,228.84285714285716,179.0,0.0,0.0,203.58512821345758,179.0,0.6,167.2793333333333,0.47972606728236955,0.7,176.88599999999997,0.4798847155987282,0.7,176.886,0.2310105048256084,0.6,165.3793333333333,0.2519614866045354,0.5666666666666667,163.8793333333333,0.3735933939495747,0.6,167.2793333333333,C,4.020694843596794,0.014914294356043743,29,3.047664405246722,0.8086769024453775,0.21001528358180382,,,,,,,,,,,,,1.6267977094189372,-0.22281767011946008,1.957142857142857
2014,200,WR,0,30,0.7076556914982299,0.5666666666666667,174.7,0.7084998530306399,0.5666666666666667,174.7,0.5344157156650918,0.4666666666666667,161.10333333333332,0.4746354299631631,0.5666666666666667,173.8233333333333,,4.421342726862851,-0.1510421401997572,4.715,,,,,,,,,,27.88774603769184,-0.16807299522632832,34.69,16.96805121681092,-1.1457861296644025,20.25,229.79144399322365,-10.184094726162671,274.97,241.5,0.0,0.0,254.62905215822144,241.5,,,,,,,,,,,,,,,,,,D,4.421342726862851,-0.1510421401997572,40,3.8909924682307304,0.32057096358312354,0.40436185355118914,,,,,,,,,,,,,1.7983159094719559,-0.052376386348810804,2.235
2015,199,WR,0,30,0.7295210588035292,0.6,166.15866666666665,0.7289543295638149,0.6,166.15866666666665,0.643600770645367,0.5,157.57333333333332,0.5369290766302856,0.5333333333333333,161.87333333333336,,4.042916832184395,0.7204257009897445,4.351758793969849,,,,,,,,,,25.07165993733099,1.4004476564255246,28.71356783919598,15.384472868959374,0.791061951435617,17.386934673366834,209.08064893363587,5.426492774717815,232.5175879396985,228.0,0.0,0.0,236.23668858150336,228.0,,,,,,,,,,,,,,,,,,D,4.042916832184395,0.7204257009897445,38,3.7794036871285606,1.894100161068675,0.2020536946959412,,,,,,,,,,,,,1.8173718394257103,-0.15261919714014535,1.9698492462311559
2016,202,WR,0,30,0.6754201876743697,0.5333333333333333,147.34333333333333,0.6743306069264865,0.5333333333333333,147.34333333333333,0.5459416301573978,0.5666666666666667,150.02666666666667,0.4944151292238921,0.7,167.79,,4.605575059205741,-0.03966319727485804,5.01980198019802,,,,,,,,,,26.170232001036073,-1.684893696234585,29.35148514851485,16.524547585572538,-1.32940534210472,18.50990099009901,222.77322424014642,-9.807208927992463,250.0049504950495,193.5,2.5,0.0,213.36535275087687,196.0,,,,,,,,,,,,,,,,,,D,4.605575059205741,-0.03966319727485804,35,3.315354923612016,-0.8248236182550167,0.4057143251513988,,,,,,,,,,,,,1.6315232824762036,-0.037998254515717804,2.123762376237624
2017,214,WR,0,30,0.679754690455693,0.5333333333333333,138.17999999999998,0.6802235695650606,0.5333333333333333,138.17999999999998,0.6126577171853311,0.5333333333333333,142.77466666666666,0.4728172396371664,0.5666666666666667,137.34133333333335,,4.220827884131122,0.3730620573479262,4.892523364485982,,,,,,,,,,24.609332836946514,2.4071656585514987,27.64485981308411,15.019162561512458,1.7235474991229474,16.66822429906542,201.15580738548408,21.25388324192803,220.1822429906542,153.0,0.0,0.0,197.43887617619043,153.0,,,,,,,,,,,,,,,,,,D,4.220827884131122,0.3730620573479262,47,2.8649463281971386,-0.08427843690835302,0.356754061343014,,,,,,,,,,,,,1.558924647524261,0.2042378262590589,1.7009345794392523
2018,201,WR,46,30,0.7226463473044233,0.5333333333333333,178.304,0.7228758070908242,0.5666666666666667,184.63733333333332,0.5624931029814099,0.5333333333333333,175.76733333333334,0.4855320065146505,0.6333333333333333,181.95533333333336,0.6311081380111779,4.183744891693223,-0.15869884096970008,4.890547263681592,,,,,,,,,,23.13910740096842,-3.614195646255172,27.756218905472636,15.209290283850663,-3.8530473103058758,17.587064676616915,198.96130490881785,-49.58899130477274,232.49253731343285,212.5,0.0,0.0,154.19365502650356,212.5,0.7333333333333333,178.05266666666665,0.6564494745481307,0.7666666666666667,180.74533333333332,0.6547226251224123,0.7666666666666667,180.74533333333332,0.5873930505879397,0.7,173.56066666666666,0.6152994683791683,0.7333333333333333,176.18866666666665,0.6311081380111779,0.7333333333333333,178.05266666666665,D,4.183744891693223,-0.15869884096970008,39,3.3112034330540543,-0.40504770623718045,0.5843436923840791,,,,,,,,,,,,,1.577704967002106,-0.5282457457208245,1.8606965174129353
2019,201,WR,53,30,0.7247965936313624,0.6,154.87133333333333,0.7250561229555866,0.6,154.87133333333335,0.6224867951115829,0.6,164.85066666666668,0.4699505616920104,0.5333333333333333,145.28400000000002,0.5413339943921042,4.290479327817411,0.3625518112742583,4.781094527363184,,,,,,,,,,26.279072363296503,0.34779452088325136,28.154228855721392,16.379213789273834,-0.25308339982637473,17.73134328358209,220.69668104470395,-12.943289889040337,234.75124378109453,219.5,0.0,0.0,179.01707780809954,219.5,0.7333333333333333,170.76866666666666,0.5516852120625706,0.7,173.102,0.5529753265602322,0.7,173.10199999999998,0.4656639475268808,0.6666666666666666,163.44466666666662,0.45050204552912304,0.7333333333333333,169.398,0.5413339943921042,0.7333333333333333,170.76866666666666,D,4.290479327817411,0.3625518112742583,35,3.573984466693666,0.6972724699189836,0.4152401313324532,,,,,,,,,,,,,1.5534045168701964,-0.06852381377324433,1.800995024875622
2020,208,WR,57,30,0.7714226614259552,0.6,172.7106666666667,0.7714462554252999,0.6,172.71066666666673,0.568163289649289,0.5333333333333333,165.5546666666667,0.4539749042269589,0.5666666666666667,168.56133333333338,0.4064186879309588,4.020764402502373,0.17979099210111368,4.918269230769231,,,,,,,,,,22.81555922882201,-0.7073699108389635,28.451923076923077,15.6267198662303,-2.40483724674377,18.014423076923077,190.63815545165673,-21.76494597459699,231.66826923076923,217.5,1.0,0.0,196.11298568723558,218.5,0.6666666666666666,177.774,0.41923774954627957,0.7,174.24066666666667,0.4198211044853513,0.7,174.2406666666667,0.21412364928083502,0.6666666666666666,171.874,0.41014678913033376,0.7333333333333333,176.51400000000007,0.4064186879309588,0.6666666666666666,177.774,D,4.020764402502373,0.17979099210111368,41,3.107040664554108,0.6818242383517821,0.32322898250035276,,,,,,,,,,,,,1.6842918754439664,-0.23921416308670948,1.8269230769230769
2021,217,WR,64,30,0.7107275144599954,0.6333333333333333,172.44799999999995,0.7104212004825754,0.6333333333333333,171.328,0.5860566231530691,0.5666666666666667,162.44333333333333,0.49151901042485496,0.6333333333333333,172.19133333333335,0.5226580656036864,4.24924403417657,-0.2951635195023127,5.009216589861751,,,,,,,,,,23.43775782894111,0.4741129015155832,27.4147465437788,15.608734996214274,0.10077090634834687,18.433179723502302,200.55880106119147,12.089428342644261,234.29032258064515,188.0,0.0,0.0,231.79674273799074,188.0,0.7,175.352,0.44622763541883476,0.6666666666666666,173.28133333333335,0.44160304035677506,0.6666666666666666,171.50799999999998,0.3123346906402041,0.6333333333333333,168.47666666666666,0.28867209370538155,0.7,172.19133333333335,0.5226580656036864,0.7,175.352,D,4.24924403417657,-0.2951635195023127,46,4.617316075713108,-1.6649907913315014,0.3337098294479712,,,,,,,,,,,,,1.5797506994127932,0.0932077760852856,1.7880184331797235
2022,213,WR,43,30,0.72133624223035,0.7333333333333333,185.69666666666666,0.7207329180695846,0.7333333333333333,185.69666666666666,0.5678010491630514,0.7333333333333333,190.642,0.46697010763092667,0.6333333333333333,178.0553333333333,0.49103131421716445,4.418601610209485,-0.05974938641787905,5.089201877934272,,,,,,,,,,23.315482333217833,0.6851340800424102,28.31924882629108,15.126802871443187,0.08403624514368659,18.1924882629108,198.8362209724366,4.741526392619485,230.0,199.0,0.0,0.0,209.81566169815085,199.0,0.7666666666666667,185.2853333333333,0.7365877605581873,0.8333333333333334,190.84533333333331,0.7367387780385682,0.8333333333333334,190.84533333333331,0.5797409586929249,0.8333333333333334,192.03200000000004,0.5385806860229227,0.8,187.30200000000002,0.49103131421716445,0.7666666666666667,185.2853333333333,D,4.418601610209485,-0.05974938641787905,35,3.958834236485937,-0.6676084770457084,0.46436096115381637,,,,,,,,,,,,,1.404504205193058,0.24379499897700604,1.7511737089201878
2023,206,WR,67,30,0.7742724996886291,0.6,187.13866666666664,0.7739905906593563,0.6,187.13866666666664,0.6175143528303332,0.6333333333333333,185.1786666666667,0.5302542005998704,0.7333333333333333,198.838,0.580440115864124,4.269582910342482,-0.7610136263612242,5.092233009708738,,,,,,,,,,21.29824619578257,-1.9813789347367925,24.606796116504853,14.21122831945053,-1.3950028755168842,16.325242718446603,182.45997491780304,-20.65471929555945,203.32038834951456,221.0,0.0,0.0,187.55593897992952,221.0,0.6,181.31066666666666,0.6063593100240925,0.7,188.1153333333333,0.6029671459229968,0.7,188.1153333333333,0.597234225811091,0.7,183.5886666666667,0.6899876639818693,0.8,202.40466666666666,0.580440115864124,0.6,181.31066666666666,D,4.269582910342482,-0.7610136263612242,42,3.8421348790736665,-0.1564393248298852,0.33243334587077855,,,,,,,,,,,,,1.494158380093595,-0.036179226886255945,1.7233009708737863
2024,210,WR,61,30,0.7957669477549424,0.6333333333333333,172.77599999999998,0.795708214943423,0.6333333333333333,172.77599999999998,0.6278513562400171,0.5666666666666667,165.37933333333336,0.5114336769533842,0.5333333333333333,163.8793333333333,0.3735933939495747,4.0125151429639585,0.027279191370500267,4.976190476190476,,,,,,,,,,21.02268839698752,1.2165019631366991,27.547619047619047,13.955327047842603,0.3047760321956955,17.457142857142856,178.31371627395336,7.430863748832928,228.84285714285716,179.0,0.0,0.0,204.07346396781335,179.0,0.6,167.2793333333333,0.4866537104300288,0.7,176.886,0.4868123587463874,0.7,176.886,0.2310105048256084,0.6,165.3793333333333,0.2519614866045354,0.5666666666666667,163.8793333333333,0.3735933939495747,0.6,167.2793333333333,D,4.0125151429639585,0.027279191370500267,29,3.0306959763545325,0.8617728162394379,0.2206976349829659,,,,,,,,,,,,,1.6269898409039625,-0.21972368036169643,1.957142857142857
2014,200,WR,0,30,0.7077374578170643,0.5666666666666667,175.22,0.7072355034708869,0.5666666666666667,175.21999999999997,0.5344157156650918,0.4666666666666667,161.10333333333332,0.4746354299631631,0.5666666666666667,173.8233333333333,,4.369568729074088,-0.09119638007685679,4.715,,,,,,,,,,27.91809707966682,0.5533170937107763,34.69,16.87563788865835,-0.7180452721963416,20.25,229.78122350607038,-4.445533941521653,274.97,241.5,0.0,0.0,260.0758162961527,241.5,,,,,,,,,,,,,,,,,,E,4.369568729074088,-0.09119638007685679,40,3.906859065173518,0.3172537763470273,0.39101996498224123,,,,,,,,,,,,,1.7960704378176633,-0.0209796783132235,2.235
2015,199,WR,0,30,0.7291668530287078,0.6,166.15866666666665,0.7289928301915127,0.6,166.15866666666665,0.643600770645367,0.5,157.57333333333332,0.5369290766302856,0.5333333333333333,161.87333333333336,,4.0040344557242715,0.6032149318769927,4.351758793969849,,,,,,,,,,24.751520259678788,1.22511972647499,28.71356783919598,15.261626671821345,0.7009273809770618,17.386934673366834,206.53313723909991,4.254894780429161,232.5175879396985,228.0,0.0,0.0,237.8228110727741,228.0,,,,,,,,,,,,,,,,,,E,4.0040344557242715,0.6032149318769927,38,3.7559194550643027,1.9237439346751841,0.24900527439291473,,,,,,,,,,,,,1.8080296926860064,-0.15812529943731315,1.9698492462311559
2016,202,WR,0,30,0.6836588278696447,0.5333333333333333,150.1766666666667,0.6831247407342061,0.5333333333333333,150.1766666666667,0.5459416301573978,0.5666666666666667,150.02666666666667,0.4944151292238921,0.7,167.79,,4.473280494559622,0.004836749945085114,5.01980198019802,,,,,,,,,,25.722895729721234,-0.9553775904516353,29.35148514851485,16.29553034934339,-0.8660554491590599,18.50990099009901,219.31136079887844,-3.89708836375382,250.0049504950495,193.5,2.5,0.0,219.40225960791923,196.0,,,,,,,,,,,,,,,,,,E,4.473280494559622,0.004836749945085114,35,3.378560847248482,-0.7169044152336715,0.4881909951297291,,,,,,,,,,,,,1.6397515957581625,-0.0014199969325278524,2.123762376237624
2017,214,WR,0,30,0.6747039794128754,0.5333333333333333,139.79666666666665,0.674882451965115,0.5333333333333333,139.79666666666665,0.6126577171853311,0.5333333333333333,142.77466666666666,0.4728172396371664,0.5666666666666667,137.34133333333335,,4.25880837190225,0.396721964375459,4.892523364485982,,,,,,,,,,24.729527466276565,3.050948656087311,27.64485981308411,15.004179480266929,2.1241289501071337,16.66822429906542,201.14434656801785,26.371688963615824,220.1822429906542,153.0,0.0,0.0,202.14715396925487,153.0,,,,,,,,,,,,,,,,,,E,4.25880837190225,0.396721964375459,47,2.855984655637577,-0.03853714091250021,0.3764922025403136,,,,,,,,,,,,,1.5693776611571846,0.2341863491001687,1.7009345794392523
2018,201,WR,46,30,0.722754401697445,0.5333333333333333,178.44133333333332,0.7226754325003312,0.5333333333333333,178.44133333333332,0.5624931029814099,0.5333333333333333,175.76733333333334,0.4855320065146505,0.6333333333333333,181.95533333333336,0.6311081380111779,4.151490310318531,-0.1160035344486033,4.890547263681592,,,,,,,,,,23.099537173382316,-3.0092639014646108,27.756218905472636,15.23503930088855,-3.486699696821151,17.587064676616915,197.94004036024975,-44.86251806104294,232.49253731343285,212.5,0.0,0.0,157.61546141989362,212.5,0.7333333333333333,178.05266666666665,0.6311634651001099,0.7333333333333333,177.13866666666664,0.6311634651001099,0.7333333333333333,177.13866666666664,0.5873930505879397,0.7,173.56066666666666,0.6152994683791683,0.7333333333333333,176.18866666666665,0.6311081380111779,0.7333333333333333,178.05266666666665,E,4.151490310318531,-0.1160035344486033,39,3.2449559968787467,-0.3710684744606384,0.6290220573858021,,,,,,,,,,,,,1.5661503476530405,-0.500163190661439,1.8606965174129353
2019,201,WR,53,30,0.7251107213436799,0.6,157.14466666666667,0.7242550972891765,0.6,157.14466666666667,0.6224867951115829,0.6,164.85066666666668,0.4699505616920104,0.5333333333333333,145.28400000000002,0.5413339943921042,4.262775114778754,0.45620556071452667,4.781094527363184,,,,,,,,,,26.276246197333915,1.1386153375002752,28.154228855721392,16.33418987143308,0.23872772522436775,17.73134328358209,221.06375750611488,-6.687672716831842,234.75124378109453,219.5,0.0,0.0,183.4412011849642,219.5,0.7333333333333333,170.76866666666666,0.5317690695049185,0.7,173.10199999999998,0.5291888405095952,0.7,173.102,0.4656639475268808,0.6666666666666666,163.44466666666662,0.45050204552912304,0.7333333333333333,169.398,0.5413339943921042,0.7333333333333333,170.76866666666666,E,4.262775114778754,0.45620556071452667,35,3.5375036411740104,0.7511781746219214,0.46786009287871444,,,,,,,,,,,,,1.5529793312593243,-0.031687801813712564,1.800995024875622
2020,208,WR,57,30,0.7691784767969646,0.5333333333333333,167.7973333333333,0.7689182700778918,0.5333333333333333,167.7973333333333,0.568163289649289,0.5333333333333333,165.5546666666667,0.4539749042269589,0.5666666666666667,168.56133333333338,0.4064186879309588,3.994920156951189,0.24044367897060298,4.918269230769231,,,,,,,,,,22.641874959429483,0.05243798914801377,28.451923076923077,15.547252634549112,-1.922222727305458,18.014423076923077,189.4700309147324,-15.565209052111523,231.66826923076923,217.5,1.0,0.0,201.20754945469727,218.5,0.6666666666666666,177.774,0.4263676432460462,0.7,174.31399999999996,0.4276639875550947,0.7,174.31399999999996,0.21412364928083502,0.6666666666666666,171.874,0.41014678913033376,0.7333333333333333,176.51400000000007,0.4064186879309588,0.6666666666666666,177.774,E,3.994920156951189,0.24044367897060298,41,3.0787322926959066,0.7532830228867716,0.41202031301221553,,,,,,,,,,,,,1.6802920789495652,-0.20270703644108193,1.8269230769230769
2021,217,WR,64,30,0.7147373355825211,0.6666666666666666,178.06133333333338,0.7147107765671379,0.6666666666666666,178.06133333333338,0.5860566231530691,0.5666666666666667,162.44333333333333,0.49151901042485496,0.6333333333333333,172.19133333333335,0.5226580656036864,4.232129691444062,-0.18438764645695124,5.009216589861751,,,,,,,,,,23.219888553631083,1.3242369700012004,27.4147465437788,15.443217578399471,0.6511143573883571,18.433179723502302,198.61441133136114,19.18185318483164,234.29032258064515,188.0,0.0,0.0,237.6873250235208,188.0,0.7,175.352,0.458590414297608,0.7,176.66800000000003,0.4599182683253281,0.7,176.668,0.3123346906402041,0.6333333333333333,168.47666666666666,0.28867209370538155,0.7,172.19133333333335,0.5226580656036864,0.7,175.352,E,4.232129691444062,-0.18438764645695124,46,4.5436330963975715,-1.5913985108214397,0.36467745533985474,,,,,,,,,,,,,1.5716242942489087,0.13567681193905132,1.7880184331797235
2022,213,WR,43,30,0.7171696779934634,0.7333333333333333,185.69666666666666,0.7179399360848618,0.7333333333333333,185.6966666666667,0.5678010491630514,0.7333333333333333,190.642,0.46697010763092667,0.6333333333333333,178.0553333333333,0.49103131421716445,4.405616413307794,-0.014680827221202475,5.089201877934272,,,,,,,,,,23.461919663733873,1.4016846144433623,28.31924882629108,15.14452211041665,0.5519926510616747,18.1924882629108,199.41449679564963,10.576536631779245,230.0,199.0,0.0,0.0,215.14670316646715,199.0,0.7666666666666667,185.2853333333333,0.7348510595338059,0.8333333333333334,190.84533333333331,0.7260920456717097,0.8333333333333334,190.84533333333331,0.5797409586929249,0.8333333333333334,192.03200000000004,0.5385806860229227,0.8,187.30200000000002,0.49103131421716445,0.7666666666666667,185.2853333333333,E,4.405616413307794,-0.014680827221202475,35,3.9222784777967865,-0.6461489073534603,0.4518221802885598,,,,,,,,,,,,,1.412363351505549,0.2781130803439688,1.7511737089201878
2023,206,WR,67,30,0.7817530393954866,0.6333333333333333,188.90199999999996,0.7808809978478646,0.6333333333333333,188.90199999999996,0.6175143528303332,0.6333333333333333,185.1786666666667,0.5302542005998704,0.7333333333333333,198.838,0.580440115864124,4.154935125128914,-0.6844303292401793,5.092233009708738,,,,,,,,,,20.89143111998977,-1.199608071824746,24.606796116504853,13.941999592105624,-0.8908722433981234,16.325242718446603,179.90814630768622,-14.409013091722349,203.32038834951456,221.0,0.0,0.0,192.26030375286877,221.0,0.6,181.31066666666666,0.6165757101403336,0.7333333333333333,192.47199999999995,0.6146601351185383,0.7333333333333333,190.27466666666663,0.597234225811091,0.7,183.5886666666667,0.6899876639818693,0.8,202.40466666666666,0.580440115864124,0.6,181.31066666666666,E,4.154935125128914,-0.6844303292401793,42,3.772989688751907,-0.14187468064621941,0.41575657059636123,,,,,,,,,,,,,1.4902784441349501,0.0016065384633279136,1.7233009708737863
2024,210,WR,61,30,0.7859970708520955,0.6333333333333333,172.77599999999998,0.785246596038237,0.6333333333333333,172.77599999999998,0.6278513562400171,0.5666666666666667,165.37933333333336,0.5114336769533842,0.5333333333333333,163.8793333333333,0.3735933939495747,4.016213866189978,0.13739902135173443,4.976190476190476,,,,,,,,,,21.319981956567258,2.127371889438353,27.547619047619047,14.139883441828962,0.8828647786777819,17.457142857142856,179.16583485227324,14.789930282119958,228.84285714285716,179.0,0.0,0.0,209.32564058159667,179.0,0.6,167.2793333333333,0.4748608522473723,0.6666666666666666,173.32599999999996,0.47554832828492627,0.6666666666666666,173.32599999999996,0.2310105048256084,0.6,165.3793333333333,0.2519614866045354,0.5666666666666667,163.8793333333333,0.3735933939495747,0.6,167.2793333333333,E,4.016213866189978,0.13739902135173443,29,3.025881655453971,0.8659710088019834,0.2206976349829659,,,,,,,,,,,,,1.634855637517463,-0.17682009213011504,1.957142857142857
