HOLDOUT 2025: sealed, never read. Panel gates enforce.
panel 1999-2024, feature_gate=2025, outcome_gate=2025

### control CTRL-D (ff=2018, targets 2020-2024) ('QB', 'RB', 'WR')
/home/user/Fantasy-Football/experiments/bottomup/components/pos_features.py:179: RuntimeWarning: All-NaN slice encountered
  f["gshare_max3"] = np.nan_to_num(np.nanmax(gshares, axis=1), nan=0.0)
/home/user/Fantasy-Football/experiments/bottomup/components/pos_features.py:179: RuntimeWarning: All-NaN slice encountered
  f["gshare_max3"] = np.nan_to_num(np.nanmax(gshares, axis=1), nan=0.0)
/home/user/Fantasy-Football/experiments/bottomup/components/pos_features.py:179: RuntimeWarning: All-NaN slice encountered
  f["gshare_max3"] = np.nan_to_num(np.nanmax(gshares, axis=1), nan=0.0)
/home/user/Fantasy-Football/experiments/bottomup/components/pos_features.py:179: RuntimeWarning: All-NaN slice encountered
  f["gshare_max3"] = np.nan_to_num(np.nanmax(gshares, axis=1), nan=0.0)
/home/user/Fantasy-Football/experiments/bottomup/components/pos_features.py:179: RuntimeWarning: All-NaN slice encountered
  f["gshare_max3"] = np.nan_to_num(np.nanmax(gshares, axis=1), nan=0.0)
/home/user/Fantasy-Football/experiments/bottomup/components/pos_features.py:179: RuntimeWarning: All-NaN slice encountered
  f["gshare_max3"] = np.nan_to_num(np.nanmax(gshares, axis=1), nan=0.0)
/home/user/Fantasy-Football/experiments/bottomup/components/pos_features.py:179: RuntimeWarning: All-NaN slice encountered
  f["gshare_max3"] = np.nan_to_num(np.nanmax(gshares, axis=1), nan=0.0)
/home/user/Fantasy-Football/experiments/bottomup/components/pos_features.py:179: RuntimeWarning: All-NaN slice encountered
  f["gshare_max3"] = np.nan_to_num(np.nanmax(gshares, axis=1), nan=0.0)
/home/user/Fantasy-Football/experiments/bottomup/components/pos_features.py:179: RuntimeWarning: All-NaN slice encountered
  f["gshare_max3"] = np.nan_to_num(np.nanmax(gshares, axis=1), nan=0.0)
/home/user/Fantasy-Football/experiments/bottomup/components/pos_features.py:179: RuntimeWarning: All-NaN slice encountered
  f["gshare_max3"] = np.nan_to_num(np.nanmax(gshares, axis=1), nan=0.0)
/home/user/Fantasy-Football/experiments/bottomup/components/pos_features.py:179: RuntimeWarning: All-NaN slice encountered
  f["gshare_max3"] = np.nan_to_num(np.nanmax(gshares, axis=1), nan=0.0)
/home/user/Fantasy-Football/experiments/bottomup/components/pos_features.py:179: RuntimeWarning: All-NaN slice encountered
  f["gshare_max3"] = np.nan_to_num(np.nanmax(gshares, axis=1), nan=0.0)
/home/user/Fantasy-Football/experiments/bottomup/components/pos_features.py:179: RuntimeWarning: All-NaN slice encountered
  f["gshare_max3"] = np.nan_to_num(np.nanmax(gshares, axis=1), nan=0.0)
/home/user/Fantasy-Football/experiments/bottomup/components/pos_features.py:179: RuntimeWarning: All-NaN slice encountered
  f["gshare_max3"] = np.nan_to_num(np.nanmax(gshares, axis=1), nan=0.0)
/home/user/Fantasy-Football/experiments/bottomup/components/pos_features.py:179: RuntimeWarning: All-NaN slice encountered
  f["gshare_max3"] = np.nan_to_num(np.nanmax(gshares, axis=1), nan=0.0)
/home/user/Fantasy-Football/experiments/bottomup/components/pos_features.py:179: RuntimeWarning: All-NaN slice encountered
  f["gshare_max3"] = np.nan_to_num(np.nanmax(gshares, axis=1), nan=0.0)
/home/user/Fantasy-Football/experiments/bottomup/components/pos_features.py:179: RuntimeWarning: All-NaN slice encountered
  f["gshare_max3"] = np.nan_to_num(np.nanmax(gshares, axis=1), nan=0.0)
/home/user/Fantasy-Football/experiments/bottomup/components/pos_features.py:179: RuntimeWarning: All-NaN slice encountered
  f["gshare_max3"] = np.nan_to_num(np.nanmax(gshares, axis=1), nan=0.0)
/home/user/Fantasy-Football/experiments/bottomup/components/pos_features.py:179: RuntimeWarning: All-NaN slice encountered
  f["gshare_max3"] = np.nan_to_num(np.nanmax(gshares, axis=1), nan=0.0)
/home/user/Fantasy-Football/experiments/bottomup/components/pos_features.py:179: RuntimeWarning: All-NaN slice encountered
  f["gshare_max3"] = np.nan_to_num(np.nanmax(gshares, axis=1), nan=0.0)
/home/user/Fantasy-Football/experiments/bottomup/components/pos_features.py:179: RuntimeWarning: All-NaN slice encountered
  f["gshare_max3"] = np.nan_to_num(np.nanmax(gshares, axis=1), nan=0.0)
/home/user/Fantasy-Football/experiments/bottomup/components/pos_features.py:179: RuntimeWarning: All-NaN slice encountered
  f["gshare_max3"] = np.nan_to_num(np.nanmax(gshares, axis=1), nan=0.0)
/home/user/Fantasy-Football/experiments/bottomup/components/pos_features.py:179: RuntimeWarning: All-NaN slice encountered
  f["gshare_max3"] = np.nan_to_num(np.nanmax(gshares, axis=1), nan=0.0)
/home/user/Fantasy-Football/experiments/bottomup/components/pos_features.py:179: RuntimeWarning: All-NaN slice encountered
  f["gshare_max3"] = np.nan_to_num(np.nanmax(gshares, axis=1), nan=0.0)
/home/user/Fantasy-Football/experiments/bottomup/components/pos_features.py:179: RuntimeWarning: All-NaN slice encountered
  f["gshare_max3"] = np.nan_to_num(np.nanmax(gshares, axis=1), nan=0.0)
/home/user/Fantasy-Football/experiments/bottomup/components/pos_features.py:179: RuntimeWarning: All-NaN slice encountered
  f["gshare_max3"] = np.nan_to_num(np.nanmax(gshares, axis=1), nan=0.0)
/home/user/Fantasy-Football/experiments/bottomup/components/pos_features.py:179: RuntimeWarning: All-NaN slice encountered
  f["gshare_max3"] = np.nan_to_num(np.nanmax(gshares, axis=1), nan=0.0)
/home/user/Fantasy-Football/experiments/bottomup/components/pos_features.py:179: RuntimeWarning: All-NaN slice encountered
  f["gshare_max3"] = np.nan_to_num(np.nanmax(gshares, axis=1), nan=0.0)
/home/user/Fantasy-Football/experiments/bottomup/components/pos_features.py:179: RuntimeWarning: All-NaN slice encountered
  f["gshare_max3"] = np.nan_to_num(np.nanmax(gshares, axis=1), nan=0.0)
/home/user/Fantasy-Football/experiments/bottomup/components/pos_features.py:179: RuntimeWarning: All-NaN slice encountered
  f["gshare_max3"] = np.nan_to_num(np.nanmax(gshares, axis=1), nan=0.0)
/home/user/Fantasy-Football/experiments/bottomup/components/pos_features.py:179: RuntimeWarning: All-NaN slice encountered
  f["gshare_max3"] = np.nan_to_num(np.nanmax(gshares, axis=1), nan=0.0)
/home/user/Fantasy-Football/experiments/bottomup/components/pos_features.py:179: RuntimeWarning: All-NaN slice encountered
  f["gshare_max3"] = np.nan_to_num(np.nanmax(gshares, axis=1), nan=0.0)
/home/user/Fantasy-Football/experiments/bottomup/components/pos_features.py:179: RuntimeWarning: All-NaN slice encountered
  f["gshare_max3"] = np.nan_to_num(np.nanmax(gshares, axis=1), nan=0.0)

### arm A3 — roster status N-1: resolved vs ongoing absence (vs CTRL-D, ('QB', 'RB', 'WR', 'TE'))
/home/user/Fantasy-Football/experiments/bottomup/components/pos_features.py:179: RuntimeWarning: All-NaN slice encountered
  f["gshare_max3"] = np.nan_to_num(np.nanmax(gshares, axis=1), nan=0.0)
/home/user/Fantasy-Football/experiments/bottomup/components/pos_features.py:179: RuntimeWarning: All-NaN slice encountered
  f["gshare_max3"] = np.nan_to_num(np.nanmax(gshares, axis=1), nan=0.0)
/home/user/Fantasy-Football/experiments/bottomup/components/pos_features.py:179: RuntimeWarning: All-NaN slice encountered
  f["gshare_max3"] = np.nan_to_num(np.nanmax(gshares, axis=1), nan=0.0)
/home/user/Fantasy-Football/experiments/bottomup/components/pos_features.py:179: RuntimeWarning: All-NaN slice encountered
  f["gshare_max3"] = np.nan_to_num(np.nanmax(gshares, axis=1), nan=0.0)
/home/user/Fantasy-Football/experiments/bottomup/components/pos_features.py:179: RuntimeWarning: All-NaN slice encountered
  f["gshare_max3"] = np.nan_to_num(np.nanmax(gshares, axis=1), nan=0.0)
/home/user/Fantasy-Football/experiments/bottomup/components/pos_features.py:179: RuntimeWarning: All-NaN slice encountered
  f["gshare_max3"] = np.nan_to_num(np.nanmax(gshares, axis=1), nan=0.0)
/home/user/Fantasy-Football/experiments/bottomup/components/pos_features.py:179: RuntimeWarning: All-NaN slice encountered
  f["gshare_max3"] = np.nan_to_num(np.nanmax(gshares, axis=1), nan=0.0)
/home/user/Fantasy-Football/experiments/bottomup/components/pos_features.py:179: RuntimeWarning: All-NaN slice encountered
  f["gshare_max3"] = np.nan_to_num(np.nanmax(gshares, axis=1), nan=0.0)
/home/user/Fantasy-Football/experiments/bottomup/components/pos_features.py:179: RuntimeWarning: All-NaN slice encountered
  f["gshare_max3"] = np.nan_to_num(np.nanmax(gshares, axis=1), nan=0.0)
/home/user/Fantasy-Football/experiments/bottomup/components/pos_features.py:179: RuntimeWarning: All-NaN slice encountered
  f["gshare_max3"] = np.nan_to_num(np.nanmax(gshares, axis=1), nan=0.0)
/home/user/Fantasy-Football/experiments/bottomup/components/pos_features.py:179: RuntimeWarning: All-NaN slice encountered
  f["gshare_max3"] = np.nan_to_num(np.nanmax(gshares, axis=1), nan=0.0)
/home/user/Fantasy-Football/experiments/bottomup/components/pos_features.py:179: RuntimeWarning: All-NaN slice encountered
  f["gshare_max3"] = np.nan_to_num(np.nanmax(gshares, axis=1), nan=0.0)
/home/user/Fantasy-Football/experiments/bottomup/components/pos_features.py:179: RuntimeWarning: All-NaN slice encountered
  f["gshare_max3"] = np.nan_to_num(np.nanmax(gshares, axis=1), nan=0.0)
/home/user/Fantasy-Football/experiments/bottomup/components/pos_features.py:179: RuntimeWarning: All-NaN slice encountered
  f["gshare_max3"] = np.nan_to_num(np.nanmax(gshares, axis=1), nan=0.0)
/home/user/Fantasy-Football/experiments/bottomup/components/pos_features.py:179: RuntimeWarning: All-NaN slice encountered
  f["gshare_max3"] = np.nan_to_num(np.nanmax(gshares, axis=1), nan=0.0)
/home/user/Fantasy-Football/experiments/bottomup/components/pos_features.py:179: RuntimeWarning: All-NaN slice encountered
  f["gshare_max3"] = np.nan_to_num(np.nanmax(gshares, axis=1), nan=0.0)
/home/user/Fantasy-Football/experiments/bottomup/components/pos_features.py:179: RuntimeWarning: All-NaN slice encountered
  f["gshare_max3"] = np.nan_to_num(np.nanmax(gshares, axis=1), nan=0.0)
/home/user/Fantasy-Football/experiments/bottomup/components/pos_features.py:179: RuntimeWarning: All-NaN slice encountered
  f["gshare_max3"] = np.nan_to_num(np.nanmax(gshares, axis=1), nan=0.0)
/home/user/Fantasy-Football/experiments/bottomup/components/pos_features.py:179: RuntimeWarning: All-NaN slice encountered
  f["gshare_max3"] = np.nan_to_num(np.nanmax(gshares, axis=1), nan=0.0)
/home/user/Fantasy-Football/experiments/bottomup/components/pos_features.py:179: RuntimeWarning: All-NaN slice encountered
  f["gshare_max3"] = np.nan_to_num(np.nanmax(gshares, axis=1), nan=0.0)
/home/user/Fantasy-Football/experiments/bottomup/components/pos_features.py:179: RuntimeWarning: All-NaN slice encountered
  f["gshare_max3"] = np.nan_to_num(np.nanmax(gshares, axis=1), nan=0.0)
/home/user/Fantasy-Football/experiments/bottomup/components/pos_features.py:179: RuntimeWarning: All-NaN slice encountered
  f["gshare_max3"] = np.nan_to_num(np.nanmax(gshares, axis=1), nan=0.0)
/home/user/Fantasy-Football/experiments/bottomup/components/pos_features.py:179: RuntimeWarning: All-NaN slice encountered
  f["gshare_max3"] = np.nan_to_num(np.nanmax(gshares, axis=1), nan=0.0)
/home/user/Fantasy-Football/experiments/bottomup/components/pos_features.py:179: RuntimeWarning: All-NaN slice encountered
  f["gshare_max3"] = np.nan_to_num(np.nanmax(gshares, axis=1), nan=0.0)
/home/user/Fantasy-Football/experiments/bottomup/components/pos_features.py:179: RuntimeWarning: All-NaN slice encountered
  f["gshare_max3"] = np.nan_to_num(np.nanmax(gshares, axis=1), nan=0.0)
/home/user/Fantasy-Football/experiments/bottomup/components/pos_features.py:179: RuntimeWarning: All-NaN slice encountered
  f["gshare_max3"] = np.nan_to_num(np.nanmax(gshares, axis=1), nan=0.0)
/home/user/Fantasy-Football/experiments/bottomup/components/pos_features.py:179: RuntimeWarning: All-NaN slice encountered
  f["gshare_max3"] = np.nan_to_num(np.nanmax(gshares, axis=1), nan=0.0)
/home/user/Fantasy-Football/experiments/bottomup/components/pos_features.py:179: RuntimeWarning: All-NaN slice encountered
  f["gshare_max3"] = np.nan_to_num(np.nanmax(gshares, axis=1), nan=0.0)
/home/user/Fantasy-Football/experiments/bottomup/components/pos_features.py:179: RuntimeWarning: All-NaN slice encountered
  f["gshare_max3"] = np.nan_to_num(np.nanmax(gshares, axis=1), nan=0.0)
/home/user/Fantasy-Football/experiments/bottomup/components/pos_features.py:179: RuntimeWarning: All-NaN slice encountered
  f["gshare_max3"] = np.nan_to_num(np.nanmax(gshares, axis=1), nan=0.0)
/home/user/Fantasy-Football/experiments/bottomup/components/pos_features.py:179: RuntimeWarning: All-NaN slice encountered
  f["gshare_max3"] = np.nan_to_num(np.nanmax(gshares, axis=1), nan=0.0)
/home/user/Fantasy-Football/experiments/bottomup/components/pos_features.py:179: RuntimeWarning: All-NaN slice encountered
  f["gshare_max3"] = np.nan_to_num(np.nanmax(gshares, axis=1), nan=0.0)
/home/user/Fantasy-Football/experiments/bottomup/components/pos_features.py:179: RuntimeWarning: All-NaN slice encountered
  f["gshare_max3"] = np.nan_to_num(np.nanmax(gshares, axis=1), nan=0.0)
/home/user/Fantasy-Football/experiments/bottomup/components/pos_features.py:179: RuntimeWarning: All-NaN slice encountered
  f["gshare_max3"] = np.nan_to_num(np.nanmax(gshares, axis=1), nan=0.0)
/home/user/Fantasy-Football/experiments/bottomup/components/pos_features.py:179: RuntimeWarning: All-NaN slice encountered
  f["gshare_max3"] = np.nan_to_num(np.nanmax(gshares, axis=1), nan=0.0)
/home/user/Fantasy-Football/experiments/bottomup/components/pos_features.py:179: RuntimeWarning: All-NaN slice encountered
  f["gshare_max3"] = np.nan_to_num(np.nanmax(gshares, axis=1), nan=0.0)
/home/user/Fantasy-Football/experiments/bottomup/components/pos_features.py:179: RuntimeWarning: All-NaN slice encountered
  f["gshare_max3"] = np.nan_to_num(np.nanmax(gshares, axis=1), nan=0.0)
/home/user/Fantasy-Football/experiments/bottomup/components/pos_features.py:179: RuntimeWarning: All-NaN slice encountered
  f["gshare_max3"] = np.nan_to_num(np.nanmax(gshares, axis=1), nan=0.0)
/home/user/Fantasy-Football/experiments/bottomup/components/pos_features.py:179: RuntimeWarning: All-NaN slice encountered
  f["gshare_max3"] = np.nan_to_num(np.nanmax(gshares, axis=1), nan=0.0)
/home/user/Fantasy-Football/experiments/bottomup/components/pos_features.py:179: RuntimeWarning: All-NaN slice encountered
  f["gshare_max3"] = np.nan_to_num(np.nanmax(gshares, axis=1), nan=0.0)
/home/user/Fantasy-Football/experiments/bottomup/components/pos_features.py:179: RuntimeWarning: All-NaN slice encountered
  f["gshare_max3"] = np.nan_to_num(np.nanmax(gshares, axis=1), nan=0.0)
/home/user/Fantasy-Football/experiments/bottomup/components/pos_features.py:179: RuntimeWarning: All-NaN slice encountered
  f["gshare_max3"] = np.nan_to_num(np.nanmax(gshares, axis=1), nan=0.0)
/home/user/Fantasy-Football/experiments/bottomup/components/pos_features.py:179: RuntimeWarning: All-NaN slice encountered
  f["gshare_max3"] = np.nan_to_num(np.nanmax(gshares, axis=1), nan=0.0)
/home/user/Fantasy-Football/experiments/bottomup/components/pos_features.py:179: RuntimeWarning: All-NaN slice encountered
  f["gshare_max3"] = np.nan_to_num(np.nanmax(gshares, axis=1), nan=0.0)

======================================================================================================================
BATCH-D1 (BH at campaign M=218, q=0.1; * = CI verdict only, GRADING SUSPENDED per C1)
======================================================================================================================
arm endpoint position  n_seasons  ctrl_mean  arm_mean   delta      lo     hi      p vs_placebo verdict  bh_reject_campaign
 A3       E1       QB          5     0.3111    0.3037 -0.0074 -0.0461 0.0218 0.6985               NULL               False
 A3       E1       RB          5     0.4119    0.4260  0.0141 -0.0178 0.0666 0.6335               NULL               False
 A3       E1       TE          5     0.3480    0.3450 -0.0030 -0.0863 0.0802 0.8485               NULL               False
 A3       E1       WR          5     0.5052    0.5190  0.0138 -0.0054 0.0329 0.1780               NULL               False
 A3       E2       QB          5     0.1220   -0.0034 -0.1254 -0.2636 0.0402 0.1070               NULL               False
 A3       E2       RB          5     0.0696    0.2166  0.1470  0.0898 0.2041 0.0002               WIN*                True
 A3       E2       TE          5     0.0544    0.1154  0.0610 -0.0620 0.1706 0.3375               NULL               False
 A3       E2       WR          5     0.1931    0.2343  0.0412 -0.0558 0.1150 0.3660               NULL               False
[recorded] avail_d1_cells.csv + avail_d1_contrasts.csv + avail_d1_players/A3.csv.gz

### arm B0d — ESTIMATOR FORM ONLY, n=5 window (vs CTRL-D, ('QB', 'RB', 'WR', 'TE'))
/home/user/Fantasy-Football/experiments/bottomup/components/pos_features.py:179: RuntimeWarning: All-NaN slice encountered
  f["gshare_max3"] = np.nan_to_num(np.nanmax(gshares, axis=1), nan=0.0)
/home/user/Fantasy-Football/experiments/bottomup/components/pos_features.py:179: RuntimeWarning: All-NaN slice encountered
  f["gshare_max3"] = np.nan_to_num(np.nanmax(gshares, axis=1), nan=0.0)
/home/user/Fantasy-Football/experiments/bottomup/components/pos_features.py:179: RuntimeWarning: All-NaN slice encountered
  f["gshare_max3"] = np.nan_to_num(np.nanmax(gshares, axis=1), nan=0.0)
/home/user/Fantasy-Football/experiments/bottomup/components/pos_features.py:179: RuntimeWarning: All-NaN slice encountered
  f["gshare_max3"] = np.nan_to_num(np.nanmax(gshares, axis=1), nan=0.0)
/home/user/Fantasy-Football/experiments/bottomup/components/pos_features.py:179: RuntimeWarning: All-NaN slice encountered
  f["gshare_max3"] = np.nan_to_num(np.nanmax(gshares, axis=1), nan=0.0)
/home/user/Fantasy-Football/experiments/bottomup/components/pos_features.py:179: RuntimeWarning: All-NaN slice encountered
  f["gshare_max3"] = np.nan_to_num(np.nanmax(gshares, axis=1), nan=0.0)
/home/user/Fantasy-Football/experiments/bottomup/components/pos_features.py:179: RuntimeWarning: All-NaN slice encountered
  f["gshare_max3"] = np.nan_to_num(np.nanmax(gshares, axis=1), nan=0.0)
/home/user/Fantasy-Football/experiments/bottomup/components/pos_features.py:179: RuntimeWarning: All-NaN slice encountered
  f["gshare_max3"] = np.nan_to_num(np.nanmax(gshares, axis=1), nan=0.0)
/home/user/Fantasy-Football/experiments/bottomup/components/pos_features.py:179: RuntimeWarning: All-NaN slice encountered
  f["gshare_max3"] = np.nan_to_num(np.nanmax(gshares, axis=1), nan=0.0)
/home/user/Fantasy-Football/experiments/bottomup/components/pos_features.py:179: RuntimeWarning: All-NaN slice encountered
  f["gshare_max3"] = np.nan_to_num(np.nanmax(gshares, axis=1), nan=0.0)
/home/user/Fantasy-Football/experiments/bottomup/components/pos_features.py:179: RuntimeWarning: All-NaN slice encountered
  f["gshare_max3"] = np.nan_to_num(np.nanmax(gshares, axis=1), nan=0.0)
/home/user/Fantasy-Football/experiments/bottomup/components/pos_features.py:179: RuntimeWarning: All-NaN slice encountered
  f["gshare_max3"] = np.nan_to_num(np.nanmax(gshares, axis=1), nan=0.0)
/home/user/Fantasy-Football/experiments/bottomup/components/pos_features.py:179: RuntimeWarning: All-NaN slice encountered
  f["gshare_max3"] = np.nan_to_num(np.nanmax(gshares, axis=1), nan=0.0)
/home/user/Fantasy-Football/experiments/bottomup/components/pos_features.py:179: RuntimeWarning: All-NaN slice encountered
  f["gshare_max3"] = np.nan_to_num(np.nanmax(gshares, axis=1), nan=0.0)
/home/user/Fantasy-Football/experiments/bottomup/components/pos_features.py:179: RuntimeWarning: All-NaN slice encountered
  f["gshare_max3"] = np.nan_to_num(np.nanmax(gshares, axis=1), nan=0.0)
/home/user/Fantasy-Football/experiments/bottomup/components/pos_features.py:179: RuntimeWarning: All-NaN slice encountered
  f["gshare_max3"] = np.nan_to_num(np.nanmax(gshares, axis=1), nan=0.0)
/home/user/Fantasy-Football/experiments/bottomup/components/pos_features.py:179: RuntimeWarning: All-NaN slice encountered
  f["gshare_max3"] = np.nan_to_num(np.nanmax(gshares, axis=1), nan=0.0)
/home/user/Fantasy-Football/experiments/bottomup/components/pos_features.py:179: RuntimeWarning: All-NaN slice encountered
  f["gshare_max3"] = np.nan_to_num(np.nanmax(gshares, axis=1), nan=0.0)
/home/user/Fantasy-Football/experiments/bottomup/components/pos_features.py:179: RuntimeWarning: All-NaN slice encountered
  f["gshare_max3"] = np.nan_to_num(np.nanmax(gshares, axis=1), nan=0.0)
/home/user/Fantasy-Football/experiments/bottomup/components/pos_features.py:179: RuntimeWarning: All-NaN slice encountered
  f["gshare_max3"] = np.nan_to_num(np.nanmax(gshares, axis=1), nan=0.0)
/home/user/Fantasy-Football/experiments/bottomup/components/pos_features.py:179: RuntimeWarning: All-NaN slice encountered
  f["gshare_max3"] = np.nan_to_num(np.nanmax(gshares, axis=1), nan=0.0)
/home/user/Fantasy-Football/experiments/bottomup/components/pos_features.py:179: RuntimeWarning: All-NaN slice encountered
  f["gshare_max3"] = np.nan_to_num(np.nanmax(gshares, axis=1), nan=0.0)
/home/user/Fantasy-Football/experiments/bottomup/components/pos_features.py:179: RuntimeWarning: All-NaN slice encountered
  f["gshare_max3"] = np.nan_to_num(np.nanmax(gshares, axis=1), nan=0.0)
/home/user/Fantasy-Football/experiments/bottomup/components/pos_features.py:179: RuntimeWarning: All-NaN slice encountered
  f["gshare_max3"] = np.nan_to_num(np.nanmax(gshares, axis=1), nan=0.0)
/home/user/Fantasy-Football/experiments/bottomup/components/pos_features.py:179: RuntimeWarning: All-NaN slice encountered
  f["gshare_max3"] = np.nan_to_num(np.nanmax(gshares, axis=1), nan=0.0)
/home/user/Fantasy-Football/experiments/bottomup/components/pos_features.py:179: RuntimeWarning: All-NaN slice encountered
  f["gshare_max3"] = np.nan_to_num(np.nanmax(gshares, axis=1), nan=0.0)
/home/user/Fantasy-Football/experiments/bottomup/components/pos_features.py:179: RuntimeWarning: All-NaN slice encountered
  f["gshare_max3"] = np.nan_to_num(np.nanmax(gshares, axis=1), nan=0.0)
/home/user/Fantasy-Football/experiments/bottomup/components/pos_features.py:179: RuntimeWarning: All-NaN slice encountered
  f["gshare_max3"] = np.nan_to_num(np.nanmax(gshares, axis=1), nan=0.0)
/home/user/Fantasy-Football/experiments/bottomup/components/pos_features.py:179: RuntimeWarning: All-NaN slice encountered
  f["gshare_max3"] = np.nan_to_num(np.nanmax(gshares, axis=1), nan=0.0)
/home/user/Fantasy-Football/experiments/bottomup/components/pos_features.py:179: RuntimeWarning: All-NaN slice encountered
  f["gshare_max3"] = np.nan_to_num(np.nanmax(gshares, axis=1), nan=0.0)
/home/user/Fantasy-Football/experiments/bottomup/components/pos_features.py:179: RuntimeWarning: All-NaN slice encountered
  f["gshare_max3"] = np.nan_to_num(np.nanmax(gshares, axis=1), nan=0.0)
/home/user/Fantasy-Football/experiments/bottomup/components/pos_features.py:179: RuntimeWarning: All-NaN slice encountered
  f["gshare_max3"] = np.nan_to_num(np.nanmax(gshares, axis=1), nan=0.0)
/home/user/Fantasy-Football/experiments/bottomup/components/pos_features.py:179: RuntimeWarning: All-NaN slice encountered
  f["gshare_max3"] = np.nan_to_num(np.nanmax(gshares, axis=1), nan=0.0)
/home/user/Fantasy-Football/experiments/bottomup/components/pos_features.py:179: RuntimeWarning: All-NaN slice encountered
  f["gshare_max3"] = np.nan_to_num(np.nanmax(gshares, axis=1), nan=0.0)
/home/user/Fantasy-Football/experiments/bottomup/components/pos_features.py:179: RuntimeWarning: All-NaN slice encountered
  f["gshare_max3"] = np.nan_to_num(np.nanmax(gshares, axis=1), nan=0.0)
/home/user/Fantasy-Football/experiments/bottomup/components/pos_features.py:179: RuntimeWarning: All-NaN slice encountered
  f["gshare_max3"] = np.nan_to_num(np.nanmax(gshares, axis=1), nan=0.0)
/home/user/Fantasy-Football/experiments/bottomup/components/pos_features.py:179: RuntimeWarning: All-NaN slice encountered
  f["gshare_max3"] = np.nan_to_num(np.nanmax(gshares, axis=1), nan=0.0)
/home/user/Fantasy-Football/experiments/bottomup/components/pos_features.py:179: RuntimeWarning: All-NaN slice encountered
  f["gshare_max3"] = np.nan_to_num(np.nanmax(gshares, axis=1), nan=0.0)
/home/user/Fantasy-Football/experiments/bottomup/components/pos_features.py:179: RuntimeWarning: All-NaN slice encountered
  f["gshare_max3"] = np.nan_to_num(np.nanmax(gshares, axis=1), nan=0.0)
/home/user/Fantasy-Football/experiments/bottomup/components/pos_features.py:179: RuntimeWarning: All-NaN slice encountered
  f["gshare_max3"] = np.nan_to_num(np.nanmax(gshares, axis=1), nan=0.0)
/home/user/Fantasy-Football/experiments/bottomup/components/pos_features.py:179: RuntimeWarning: All-NaN slice encountered
  f["gshare_max3"] = np.nan_to_num(np.nanmax(gshares, axis=1), nan=0.0)
/home/user/Fantasy-Football/experiments/bottomup/components/pos_features.py:179: RuntimeWarning: All-NaN slice encountered
  f["gshare_max3"] = np.nan_to_num(np.nanmax(gshares, axis=1), nan=0.0)
/home/user/Fantasy-Football/experiments/bottomup/components/pos_features.py:179: RuntimeWarning: All-NaN slice encountered
  f["gshare_max3"] = np.nan_to_num(np.nanmax(gshares, axis=1), nan=0.0)
/home/user/Fantasy-Football/experiments/bottomup/components/pos_features.py:179: RuntimeWarning: All-NaN slice encountered
  f["gshare_max3"] = np.nan_to_num(np.nanmax(gshares, axis=1), nan=0.0)

======================================================================================================================
BATCH-D1 (BH at campaign M=218, q=0.1; * = CI verdict only, GRADING SUSPENDED per C1)
======================================================================================================================
arm endpoint position  n_seasons  ctrl_mean  arm_mean   delta      lo     hi      p vs_placebo verdict  bh_reject_campaign
B0d       E1       QB          5     0.3111    0.3142  0.0031 -0.0192 0.0184 0.6850               NULL               False
B0d       E1       RB          5     0.4119    0.4147  0.0028 -0.0017 0.0074 0.2085               NULL               False
B0d       E1       TE          5     0.3480    0.3481  0.0002 -0.0188 0.0222 0.9890               NULL               False
B0d       E1       WR          5     0.5052    0.5068  0.0016 -0.0101 0.0121 0.7395               NULL               False
B0d       E2       QB          5     0.1220    0.0699 -0.0521 -0.2138 0.1096 0.5510               NULL               False
B0d       E2       RB          5     0.0696    0.1929  0.1233  0.0610 0.1797 0.0002               WIN*                True
B0d       E2       TE          5     0.0544    0.1716  0.1172 -0.0413 0.2994 0.1595               NULL               False
B0d       E2       WR          5     0.1931    0.2293  0.0362 -0.0598 0.1229 0.4465               NULL               False
[recorded] avail_d1_cells.csv + avail_d1_contrasts.csv + avail_d1_players/B0d.csv.gz

### arm P0d — PLACEBO seeded N(0,1), n=5 window (vs CTRL-D, ('QB', 'RB', 'WR', 'TE'))
/home/user/Fantasy-Football/experiments/bottomup/components/pos_features.py:179: RuntimeWarning: All-NaN slice encountered
  f["gshare_max3"] = np.nan_to_num(np.nanmax(gshares, axis=1), nan=0.0)
/home/user/Fantasy-Football/experiments/bottomup/components/pos_features.py:179: RuntimeWarning: All-NaN slice encountered
  f["gshare_max3"] = np.nan_to_num(np.nanmax(gshares, axis=1), nan=0.0)
/home/user/Fantasy-Football/experiments/bottomup/components/pos_features.py:179: RuntimeWarning: All-NaN slice encountered
  f["gshare_max3"] = np.nan_to_num(np.nanmax(gshares, axis=1), nan=0.0)
/home/user/Fantasy-Football/experiments/bottomup/components/pos_features.py:179: RuntimeWarning: All-NaN slice encountered
  f["gshare_max3"] = np.nan_to_num(np.nanmax(gshares, axis=1), nan=0.0)
/home/user/Fantasy-Football/experiments/bottomup/components/pos_features.py:179: RuntimeWarning: All-NaN slice encountered
  f["gshare_max3"] = np.nan_to_num(np.nanmax(gshares, axis=1), nan=0.0)
/home/user/Fantasy-Football/experiments/bottomup/components/pos_features.py:179: RuntimeWarning: All-NaN slice encountered
  f["gshare_max3"] = np.nan_to_num(np.nanmax(gshares, axis=1), nan=0.0)
/home/user/Fantasy-Football/experiments/bottomup/components/pos_features.py:179: RuntimeWarning: All-NaN slice encountered
  f["gshare_max3"] = np.nan_to_num(np.nanmax(gshares, axis=1), nan=0.0)
/home/user/Fantasy-Football/experiments/bottomup/components/pos_features.py:179: RuntimeWarning: All-NaN slice encountered
  f["gshare_max3"] = np.nan_to_num(np.nanmax(gshares, axis=1), nan=0.0)
/home/user/Fantasy-Football/experiments/bottomup/components/pos_features.py:179: RuntimeWarning: All-NaN slice encountered
  f["gshare_max3"] = np.nan_to_num(np.nanmax(gshares, axis=1), nan=0.0)
/home/user/Fantasy-Football/experiments/bottomup/components/pos_features.py:179: RuntimeWarning: All-NaN slice encountered
  f["gshare_max3"] = np.nan_to_num(np.nanmax(gshares, axis=1), nan=0.0)
/home/user/Fantasy-Football/experiments/bottomup/components/pos_features.py:179: RuntimeWarning: All-NaN slice encountered
  f["gshare_max3"] = np.nan_to_num(np.nanmax(gshares, axis=1), nan=0.0)
/home/user/Fantasy-Football/experiments/bottomup/components/pos_features.py:179: RuntimeWarning: All-NaN slice encountered
  f["gshare_max3"] = np.nan_to_num(np.nanmax(gshares, axis=1), nan=0.0)
/home/user/Fantasy-Football/experiments/bottomup/components/pos_features.py:179: RuntimeWarning: All-NaN slice encountered
  f["gshare_max3"] = np.nan_to_num(np.nanmax(gshares, axis=1), nan=0.0)
/home/user/Fantasy-Football/experiments/bottomup/components/pos_features.py:179: RuntimeWarning: All-NaN slice encountered
  f["gshare_max3"] = np.nan_to_num(np.nanmax(gshares, axis=1), nan=0.0)
/home/user/Fantasy-Football/experiments/bottomup/components/pos_features.py:179: RuntimeWarning: All-NaN slice encountered
  f["gshare_max3"] = np.nan_to_num(np.nanmax(gshares, axis=1), nan=0.0)
/home/user/Fantasy-Football/experiments/bottomup/components/pos_features.py:179: RuntimeWarning: All-NaN slice encountered
  f["gshare_max3"] = np.nan_to_num(np.nanmax(gshares, axis=1), nan=0.0)
/home/user/Fantasy-Football/experiments/bottomup/components/pos_features.py:179: RuntimeWarning: All-NaN slice encountered
  f["gshare_max3"] = np.nan_to_num(np.nanmax(gshares, axis=1), nan=0.0)
/home/user/Fantasy-Football/experiments/bottomup/components/pos_features.py:179: RuntimeWarning: All-NaN slice encountered
  f["gshare_max3"] = np.nan_to_num(np.nanmax(gshares, axis=1), nan=0.0)
/home/user/Fantasy-Football/experiments/bottomup/components/pos_features.py:179: RuntimeWarning: All-NaN slice encountered
  f["gshare_max3"] = np.nan_to_num(np.nanmax(gshares, axis=1), nan=0.0)
/home/user/Fantasy-Football/experiments/bottomup/components/pos_features.py:179: RuntimeWarning: All-NaN slice encountered
  f["gshare_max3"] = np.nan_to_num(np.nanmax(gshares, axis=1), nan=0.0)
/home/user/Fantasy-Football/experiments/bottomup/components/pos_features.py:179: RuntimeWarning: All-NaN slice encountered
  f["gshare_max3"] = np.nan_to_num(np.nanmax(gshares, axis=1), nan=0.0)
/home/user/Fantasy-Football/experiments/bottomup/components/pos_features.py:179: RuntimeWarning: All-NaN slice encountered
  f["gshare_max3"] = np.nan_to_num(np.nanmax(gshares, axis=1), nan=0.0)
/home/user/Fantasy-Football/experiments/bottomup/components/pos_features.py:179: RuntimeWarning: All-NaN slice encountered
  f["gshare_max3"] = np.nan_to_num(np.nanmax(gshares, axis=1), nan=0.0)
/home/user/Fantasy-Football/experiments/bottomup/components/pos_features.py:179: RuntimeWarning: All-NaN slice encountered
  f["gshare_max3"] = np.nan_to_num(np.nanmax(gshares, axis=1), nan=0.0)
/home/user/Fantasy-Football/experiments/bottomup/components/pos_features.py:179: RuntimeWarning: All-NaN slice encountered
  f["gshare_max3"] = np.nan_to_num(np.nanmax(gshares, axis=1), nan=0.0)
/home/user/Fantasy-Football/experiments/bottomup/components/pos_features.py:179: RuntimeWarning: All-NaN slice encountered
  f["gshare_max3"] = np.nan_to_num(np.nanmax(gshares, axis=1), nan=0.0)
/home/user/Fantasy-Football/experiments/bottomup/components/pos_features.py:179: RuntimeWarning: All-NaN slice encountered
  f["gshare_max3"] = np.nan_to_num(np.nanmax(gshares, axis=1), nan=0.0)
/home/user/Fantasy-Football/experiments/bottomup/components/pos_features.py:179: RuntimeWarning: All-NaN slice encountered
  f["gshare_max3"] = np.nan_to_num(np.nanmax(gshares, axis=1), nan=0.0)
/home/user/Fantasy-Football/experiments/bottomup/components/pos_features.py:179: RuntimeWarning: All-NaN slice encountered
  f["gshare_max3"] = np.nan_to_num(np.nanmax(gshares, axis=1), nan=0.0)
/home/user/Fantasy-Football/experiments/bottomup/components/pos_features.py:179: RuntimeWarning: All-NaN slice encountered
  f["gshare_max3"] = np.nan_to_num(np.nanmax(gshares, axis=1), nan=0.0)
/home/user/Fantasy-Football/experiments/bottomup/components/pos_features.py:179: RuntimeWarning: All-NaN slice encountered
  f["gshare_max3"] = np.nan_to_num(np.nanmax(gshares, axis=1), nan=0.0)
/home/user/Fantasy-Football/experiments/bottomup/components/pos_features.py:179: RuntimeWarning: All-NaN slice encountered
  f["gshare_max3"] = np.nan_to_num(np.nanmax(gshares, axis=1), nan=0.0)
/home/user/Fantasy-Football/experiments/bottomup/components/pos_features.py:179: RuntimeWarning: All-NaN slice encountered
  f["gshare_max3"] = np.nan_to_num(np.nanmax(gshares, axis=1), nan=0.0)
/home/user/Fantasy-Football/experiments/bottomup/components/pos_features.py:179: RuntimeWarning: All-NaN slice encountered
  f["gshare_max3"] = np.nan_to_num(np.nanmax(gshares, axis=1), nan=0.0)
/home/user/Fantasy-Football/experiments/bottomup/components/pos_features.py:179: RuntimeWarning: All-NaN slice encountered
  f["gshare_max3"] = np.nan_to_num(np.nanmax(gshares, axis=1), nan=0.0)
/home/user/Fantasy-Football/experiments/bottomup/components/pos_features.py:179: RuntimeWarning: All-NaN slice encountered
  f["gshare_max3"] = np.nan_to_num(np.nanmax(gshares, axis=1), nan=0.0)
/home/user/Fantasy-Football/experiments/bottomup/components/pos_features.py:179: RuntimeWarning: All-NaN slice encountered
  f["gshare_max3"] = np.nan_to_num(np.nanmax(gshares, axis=1), nan=0.0)
/home/user/Fantasy-Football/experiments/bottomup/components/pos_features.py:179: RuntimeWarning: All-NaN slice encountered
  f["gshare_max3"] = np.nan_to_num(np.nanmax(gshares, axis=1), nan=0.0)
/home/user/Fantasy-Football/experiments/bottomup/components/pos_features.py:179: RuntimeWarning: All-NaN slice encountered
  f["gshare_max3"] = np.nan_to_num(np.nanmax(gshares, axis=1), nan=0.0)
/home/user/Fantasy-Football/experiments/bottomup/components/pos_features.py:179: RuntimeWarning: All-NaN slice encountered
  f["gshare_max3"] = np.nan_to_num(np.nanmax(gshares, axis=1), nan=0.0)
/home/user/Fantasy-Football/experiments/bottomup/components/pos_features.py:179: RuntimeWarning: All-NaN slice encountered
  f["gshare_max3"] = np.nan_to_num(np.nanmax(gshares, axis=1), nan=0.0)
/home/user/Fantasy-Football/experiments/bottomup/components/pos_features.py:179: RuntimeWarning: All-NaN slice encountered
  f["gshare_max3"] = np.nan_to_num(np.nanmax(gshares, axis=1), nan=0.0)
/home/user/Fantasy-Football/experiments/bottomup/components/pos_features.py:179: RuntimeWarning: All-NaN slice encountered
  f["gshare_max3"] = np.nan_to_num(np.nanmax(gshares, axis=1), nan=0.0)
/home/user/Fantasy-Football/experiments/bottomup/components/pos_features.py:179: RuntimeWarning: All-NaN slice encountered
  f["gshare_max3"] = np.nan_to_num(np.nanmax(gshares, axis=1), nan=0.0)

======================================================================================================================
BATCH-D1 (BH at campaign M=218, q=0.1; * = CI verdict only, GRADING SUSPENDED per C1)
======================================================================================================================
arm endpoint position  n_seasons  ctrl_mean  arm_mean   delta      lo     hi      p  placebo_delta vs_placebo verdict  bh_reject_campaign
P0d       E1       QB          5     0.3111    0.3074 -0.0037 -0.0540 0.0420 0.8630        -0.0037     inside    NULL               False
P0d       E1       RB          5     0.4119    0.4100 -0.0019 -0.0219 0.0116 0.8775        -0.0019     inside    NULL               False
P0d       E1       TE          5     0.3480    0.3523  0.0043 -0.0129 0.0246 0.7010         0.0043     inside    NULL               False
P0d       E1       WR          5     0.5052    0.5102  0.0050 -0.0091 0.0183 0.4890         0.0050     inside    NULL               False
P0d       E2       QB          5     0.1220    0.0571 -0.0649 -0.2284 0.1051 0.4485        -0.0649     inside    NULL               False
P0d       E2       RB          5     0.0696    0.1915  0.1219  0.0550 0.1782 0.0002         0.1219     inside    WIN*                True
P0d       E2       TE          5     0.0544    0.1527  0.0983  0.0011 0.1905 0.0440         0.0983     inside    WIN*               False
P0d       E2       WR          5     0.1931    0.2215  0.0284 -0.0612 0.1115 0.5345         0.0284     inside    NULL               False
[recorded] avail_d1_cells.csv + avail_d1_contrasts.csv + avail_d1_players/P0d.csv.gz

### arm A3k — CONTROL - bare 'has a roster row in N-1' (vs CTRL-D, ('QB', 'RB', 'WR', 'TE'))
/home/user/Fantasy-Football/experiments/bottomup/components/pos_features.py:179: RuntimeWarning: All-NaN slice encountered
  f["gshare_max3"] = np.nan_to_num(np.nanmax(gshares, axis=1), nan=0.0)
/home/user/Fantasy-Football/experiments/bottomup/components/pos_features.py:179: RuntimeWarning: All-NaN slice encountered
  f["gshare_max3"] = np.nan_to_num(np.nanmax(gshares, axis=1), nan=0.0)
/home/user/Fantasy-Football/experiments/bottomup/components/pos_features.py:179: RuntimeWarning: All-NaN slice encountered
  f["gshare_max3"] = np.nan_to_num(np.nanmax(gshares, axis=1), nan=0.0)
/home/user/Fantasy-Football/experiments/bottomup/components/pos_features.py:179: RuntimeWarning: All-NaN slice encountered
  f["gshare_max3"] = np.nan_to_num(np.nanmax(gshares, axis=1), nan=0.0)
/home/user/Fantasy-Football/experiments/bottomup/components/pos_features.py:179: RuntimeWarning: All-NaN slice encountered
  f["gshare_max3"] = np.nan_to_num(np.nanmax(gshares, axis=1), nan=0.0)
/home/user/Fantasy-Football/experiments/bottomup/components/pos_features.py:179: RuntimeWarning: All-NaN slice encountered
  f["gshare_max3"] = np.nan_to_num(np.nanmax(gshares, axis=1), nan=0.0)
/home/user/Fantasy-Football/experiments/bottomup/components/pos_features.py:179: RuntimeWarning: All-NaN slice encountered
  f["gshare_max3"] = np.nan_to_num(np.nanmax(gshares, axis=1), nan=0.0)
/home/user/Fantasy-Football/experiments/bottomup/components/pos_features.py:179: RuntimeWarning: All-NaN slice encountered
  f["gshare_max3"] = np.nan_to_num(np.nanmax(gshares, axis=1), nan=0.0)
/home/user/Fantasy-Football/experiments/bottomup/components/pos_features.py:179: RuntimeWarning: All-NaN slice encountered
  f["gshare_max3"] = np.nan_to_num(np.nanmax(gshares, axis=1), nan=0.0)
/home/user/Fantasy-Football/experiments/bottomup/components/pos_features.py:179: RuntimeWarning: All-NaN slice encountered
  f["gshare_max3"] = np.nan_to_num(np.nanmax(gshares, axis=1), nan=0.0)
/home/user/Fantasy-Football/experiments/bottomup/components/pos_features.py:179: RuntimeWarning: All-NaN slice encountered
  f["gshare_max3"] = np.nan_to_num(np.nanmax(gshares, axis=1), nan=0.0)
/home/user/Fantasy-Football/experiments/bottomup/components/pos_features.py:179: RuntimeWarning: All-NaN slice encountered
  f["gshare_max3"] = np.nan_to_num(np.nanmax(gshares, axis=1), nan=0.0)
/home/user/Fantasy-Football/experiments/bottomup/components/pos_features.py:179: RuntimeWarning: All-NaN slice encountered
  f["gshare_max3"] = np.nan_to_num(np.nanmax(gshares, axis=1), nan=0.0)
/home/user/Fantasy-Football/experiments/bottomup/components/pos_features.py:179: RuntimeWarning: All-NaN slice encountered
  f["gshare_max3"] = np.nan_to_num(np.nanmax(gshares, axis=1), nan=0.0)
/home/user/Fantasy-Football/experiments/bottomup/components/pos_features.py:179: RuntimeWarning: All-NaN slice encountered
  f["gshare_max3"] = np.nan_to_num(np.nanmax(gshares, axis=1), nan=0.0)
/home/user/Fantasy-Football/experiments/bottomup/components/pos_features.py:179: RuntimeWarning: All-NaN slice encountered
  f["gshare_max3"] = np.nan_to_num(np.nanmax(gshares, axis=1), nan=0.0)
/home/user/Fantasy-Football/experiments/bottomup/components/pos_features.py:179: RuntimeWarning: All-NaN slice encountered
  f["gshare_max3"] = np.nan_to_num(np.nanmax(gshares, axis=1), nan=0.0)
/home/user/Fantasy-Football/experiments/bottomup/components/pos_features.py:179: RuntimeWarning: All-NaN slice encountered
  f["gshare_max3"] = np.nan_to_num(np.nanmax(gshares, axis=1), nan=0.0)
/home/user/Fantasy-Football/experiments/bottomup/components/pos_features.py:179: RuntimeWarning: All-NaN slice encountered
  f["gshare_max3"] = np.nan_to_num(np.nanmax(gshares, axis=1), nan=0.0)
/home/user/Fantasy-Football/experiments/bottomup/components/pos_features.py:179: RuntimeWarning: All-NaN slice encountered
  f["gshare_max3"] = np.nan_to_num(np.nanmax(gshares, axis=1), nan=0.0)
/home/user/Fantasy-Football/experiments/bottomup/components/pos_features.py:179: RuntimeWarning: All-NaN slice encountered
  f["gshare_max3"] = np.nan_to_num(np.nanmax(gshares, axis=1), nan=0.0)
/home/user/Fantasy-Football/experiments/bottomup/components/pos_features.py:179: RuntimeWarning: All-NaN slice encountered
  f["gshare_max3"] = np.nan_to_num(np.nanmax(gshares, axis=1), nan=0.0)
/home/user/Fantasy-Football/experiments/bottomup/components/pos_features.py:179: RuntimeWarning: All-NaN slice encountered
  f["gshare_max3"] = np.nan_to_num(np.nanmax(gshares, axis=1), nan=0.0)
/home/user/Fantasy-Football/experiments/bottomup/components/pos_features.py:179: RuntimeWarning: All-NaN slice encountered
  f["gshare_max3"] = np.nan_to_num(np.nanmax(gshares, axis=1), nan=0.0)
/home/user/Fantasy-Football/experiments/bottomup/components/pos_features.py:179: RuntimeWarning: All-NaN slice encountered
  f["gshare_max3"] = np.nan_to_num(np.nanmax(gshares, axis=1), nan=0.0)
/home/user/Fantasy-Football/experiments/bottomup/components/pos_features.py:179: RuntimeWarning: All-NaN slice encountered
  f["gshare_max3"] = np.nan_to_num(np.nanmax(gshares, axis=1), nan=0.0)
/home/user/Fantasy-Football/experiments/bottomup/components/pos_features.py:179: RuntimeWarning: All-NaN slice encountered
  f["gshare_max3"] = np.nan_to_num(np.nanmax(gshares, axis=1), nan=0.0)
/home/user/Fantasy-Football/experiments/bottomup/components/pos_features.py:179: RuntimeWarning: All-NaN slice encountered
  f["gshare_max3"] = np.nan_to_num(np.nanmax(gshares, axis=1), nan=0.0)
/home/user/Fantasy-Football/experiments/bottomup/components/pos_features.py:179: RuntimeWarning: All-NaN slice encountered
  f["gshare_max3"] = np.nan_to_num(np.nanmax(gshares, axis=1), nan=0.0)
/home/user/Fantasy-Football/experiments/bottomup/components/pos_features.py:179: RuntimeWarning: All-NaN slice encountered
  f["gshare_max3"] = np.nan_to_num(np.nanmax(gshares, axis=1), nan=0.0)
/home/user/Fantasy-Football/experiments/bottomup/components/pos_features.py:179: RuntimeWarning: All-NaN slice encountered
  f["gshare_max3"] = np.nan_to_num(np.nanmax(gshares, axis=1), nan=0.0)
/home/user/Fantasy-Football/experiments/bottomup/components/pos_features.py:179: RuntimeWarning: All-NaN slice encountered
  f["gshare_max3"] = np.nan_to_num(np.nanmax(gshares, axis=1), nan=0.0)
/home/user/Fantasy-Football/experiments/bottomup/components/pos_features.py:179: RuntimeWarning: All-NaN slice encountered
  f["gshare_max3"] = np.nan_to_num(np.nanmax(gshares, axis=1), nan=0.0)
/home/user/Fantasy-Football/experiments/bottomup/components/pos_features.py:179: RuntimeWarning: All-NaN slice encountered
  f["gshare_max3"] = np.nan_to_num(np.nanmax(gshares, axis=1), nan=0.0)
/home/user/Fantasy-Football/experiments/bottomup/components/pos_features.py:179: RuntimeWarning: All-NaN slice encountered
  f["gshare_max3"] = np.nan_to_num(np.nanmax(gshares, axis=1), nan=0.0)
/home/user/Fantasy-Football/experiments/bottomup/components/pos_features.py:179: RuntimeWarning: All-NaN slice encountered
  f["gshare_max3"] = np.nan_to_num(np.nanmax(gshares, axis=1), nan=0.0)
/home/user/Fantasy-Football/experiments/bottomup/components/pos_features.py:179: RuntimeWarning: All-NaN slice encountered
  f["gshare_max3"] = np.nan_to_num(np.nanmax(gshares, axis=1), nan=0.0)
/home/user/Fantasy-Football/experiments/bottomup/components/pos_features.py:179: RuntimeWarning: All-NaN slice encountered
  f["gshare_max3"] = np.nan_to_num(np.nanmax(gshares, axis=1), nan=0.0)
/home/user/Fantasy-Football/experiments/bottomup/components/pos_features.py:179: RuntimeWarning: All-NaN slice encountered
  f["gshare_max3"] = np.nan_to_num(np.nanmax(gshares, axis=1), nan=0.0)
/home/user/Fantasy-Football/experiments/bottomup/components/pos_features.py:179: RuntimeWarning: All-NaN slice encountered
  f["gshare_max3"] = np.nan_to_num(np.nanmax(gshares, axis=1), nan=0.0)
/home/user/Fantasy-Football/experiments/bottomup/components/pos_features.py:179: RuntimeWarning: All-NaN slice encountered
  f["gshare_max3"] = np.nan_to_num(np.nanmax(gshares, axis=1), nan=0.0)
/home/user/Fantasy-Football/experiments/bottomup/components/pos_features.py:179: RuntimeWarning: All-NaN slice encountered
  f["gshare_max3"] = np.nan_to_num(np.nanmax(gshares, axis=1), nan=0.0)
/home/user/Fantasy-Football/experiments/bottomup/components/pos_features.py:179: RuntimeWarning: All-NaN slice encountered
  f["gshare_max3"] = np.nan_to_num(np.nanmax(gshares, axis=1), nan=0.0)
/home/user/Fantasy-Football/experiments/bottomup/components/pos_features.py:179: RuntimeWarning: All-NaN slice encountered
  f["gshare_max3"] = np.nan_to_num(np.nanmax(gshares, axis=1), nan=0.0)

======================================================================================================================
BATCH-D1 (BH at campaign M=218, q=0.1; * = CI verdict only, GRADING SUSPENDED per C1)
======================================================================================================================
arm endpoint position  n_seasons  ctrl_mean  arm_mean   delta      lo     hi      p  placebo_delta vs_placebo verdict  bh_reject_campaign
A3k       E1       QB          5     0.3111    0.3165  0.0054 -0.0066 0.0149 0.3480        -0.0037     clears    NULL               False
A3k       E1       RB          5     0.4119    0.4139  0.0020 -0.0017 0.0065 0.3590        -0.0019     clears    NULL               False
A3k       E1       TE          5     0.3480    0.3408 -0.0072 -0.0253 0.0178 0.5040         0.0043     inside    NULL               False
A3k       E1       WR          5     0.5052    0.5075  0.0022 -0.0074 0.0115 0.6285         0.0050     inside    NULL               False
A3k       E2       QB          5     0.1220    0.0701 -0.0519 -0.2136 0.1014 0.5465        -0.0649     clears    NULL               False
A3k       E2       RB          5     0.0696    0.1945  0.1249  0.0607 0.1838 0.0002         0.1219     clears    WIN*                True
A3k       E2       TE          5     0.0544    0.1785  0.1241 -0.0265 0.2994 0.1210         0.0983     clears    NULL               False
A3k       E2       WR          5     0.1931    0.2295  0.0364 -0.0561 0.1199 0.4325         0.0284     clears    NULL               False
[recorded] avail_d1_cells.csv + avail_d1_contrasts.csv + avail_d1_players/A3k.csv.gz

### arm A5 — practice + injury class + roster status (everything) (vs CTRL-D, ('QB', 'RB', 'WR', 'TE'))
/home/user/Fantasy-Football/experiments/bottomup/components/pos_features.py:179: RuntimeWarning: All-NaN slice encountered
  f["gshare_max3"] = np.nan_to_num(np.nanmax(gshares, axis=1), nan=0.0)
/home/user/Fantasy-Football/experiments/bottomup/components/pos_features.py:179: RuntimeWarning: All-NaN slice encountered
  f["gshare_max3"] = np.nan_to_num(np.nanmax(gshares, axis=1), nan=0.0)
/home/user/Fantasy-Football/experiments/bottomup/components/pos_features.py:179: RuntimeWarning: All-NaN slice encountered
  f["gshare_max3"] = np.nan_to_num(np.nanmax(gshares, axis=1), nan=0.0)
/home/user/Fantasy-Football/experiments/bottomup/components/pos_features.py:179: RuntimeWarning: All-NaN slice encountered
  f["gshare_max3"] = np.nan_to_num(np.nanmax(gshares, axis=1), nan=0.0)
/home/user/Fantasy-Football/experiments/bottomup/components/pos_features.py:179: RuntimeWarning: All-NaN slice encountered
  f["gshare_max3"] = np.nan_to_num(np.nanmax(gshares, axis=1), nan=0.0)
/home/user/Fantasy-Football/experiments/bottomup/components/pos_features.py:179: RuntimeWarning: All-NaN slice encountered
  f["gshare_max3"] = np.nan_to_num(np.nanmax(gshares, axis=1), nan=0.0)
/home/user/Fantasy-Football/experiments/bottomup/components/pos_features.py:179: RuntimeWarning: All-NaN slice encountered
  f["gshare_max3"] = np.nan_to_num(np.nanmax(gshares, axis=1), nan=0.0)
/home/user/Fantasy-Football/experiments/bottomup/components/pos_features.py:179: RuntimeWarning: All-NaN slice encountered
  f["gshare_max3"] = np.nan_to_num(np.nanmax(gshares, axis=1), nan=0.0)
/home/user/Fantasy-Football/experiments/bottomup/components/pos_features.py:179: RuntimeWarning: All-NaN slice encountered
  f["gshare_max3"] = np.nan_to_num(np.nanmax(gshares, axis=1), nan=0.0)
/home/user/Fantasy-Football/experiments/bottomup/components/pos_features.py:179: RuntimeWarning: All-NaN slice encountered
  f["gshare_max3"] = np.nan_to_num(np.nanmax(gshares, axis=1), nan=0.0)
/home/user/Fantasy-Football/experiments/bottomup/components/pos_features.py:179: RuntimeWarning: All-NaN slice encountered
  f["gshare_max3"] = np.nan_to_num(np.nanmax(gshares, axis=1), nan=0.0)
/home/user/Fantasy-Football/experiments/bottomup/components/pos_features.py:179: RuntimeWarning: All-NaN slice encountered
  f["gshare_max3"] = np.nan_to_num(np.nanmax(gshares, axis=1), nan=0.0)
/home/user/Fantasy-Football/experiments/bottomup/components/pos_features.py:179: RuntimeWarning: All-NaN slice encountered
  f["gshare_max3"] = np.nan_to_num(np.nanmax(gshares, axis=1), nan=0.0)
/home/user/Fantasy-Football/experiments/bottomup/components/pos_features.py:179: RuntimeWarning: All-NaN slice encountered
  f["gshare_max3"] = np.nan_to_num(np.nanmax(gshares, axis=1), nan=0.0)
/home/user/Fantasy-Football/experiments/bottomup/components/pos_features.py:179: RuntimeWarning: All-NaN slice encountered
  f["gshare_max3"] = np.nan_to_num(np.nanmax(gshares, axis=1), nan=0.0)
/home/user/Fantasy-Football/experiments/bottomup/components/pos_features.py:179: RuntimeWarning: All-NaN slice encountered
  f["gshare_max3"] = np.nan_to_num(np.nanmax(gshares, axis=1), nan=0.0)
/home/user/Fantasy-Football/experiments/bottomup/components/pos_features.py:179: RuntimeWarning: All-NaN slice encountered
  f["gshare_max3"] = np.nan_to_num(np.nanmax(gshares, axis=1), nan=0.0)
/home/user/Fantasy-Football/experiments/bottomup/components/pos_features.py:179: RuntimeWarning: All-NaN slice encountered
  f["gshare_max3"] = np.nan_to_num(np.nanmax(gshares, axis=1), nan=0.0)
/home/user/Fantasy-Football/experiments/bottomup/components/pos_features.py:179: RuntimeWarning: All-NaN slice encountered
  f["gshare_max3"] = np.nan_to_num(np.nanmax(gshares, axis=1), nan=0.0)
/home/user/Fantasy-Football/experiments/bottomup/components/pos_features.py:179: RuntimeWarning: All-NaN slice encountered
  f["gshare_max3"] = np.nan_to_num(np.nanmax(gshares, axis=1), nan=0.0)
/home/user/Fantasy-Football/experiments/bottomup/components/pos_features.py:179: RuntimeWarning: All-NaN slice encountered
  f["gshare_max3"] = np.nan_to_num(np.nanmax(gshares, axis=1), nan=0.0)
/home/user/Fantasy-Football/experiments/bottomup/components/pos_features.py:179: RuntimeWarning: All-NaN slice encountered
  f["gshare_max3"] = np.nan_to_num(np.nanmax(gshares, axis=1), nan=0.0)
/home/user/Fantasy-Football/experiments/bottomup/components/pos_features.py:179: RuntimeWarning: All-NaN slice encountered
  f["gshare_max3"] = np.nan_to_num(np.nanmax(gshares, axis=1), nan=0.0)
/home/user/Fantasy-Football/experiments/bottomup/components/pos_features.py:179: RuntimeWarning: All-NaN slice encountered
  f["gshare_max3"] = np.nan_to_num(np.nanmax(gshares, axis=1), nan=0.0)
/home/user/Fantasy-Football/experiments/bottomup/components/pos_features.py:179: RuntimeWarning: All-NaN slice encountered
  f["gshare_max3"] = np.nan_to_num(np.nanmax(gshares, axis=1), nan=0.0)
/home/user/Fantasy-Football/experiments/bottomup/components/pos_features.py:179: RuntimeWarning: All-NaN slice encountered
  f["gshare_max3"] = np.nan_to_num(np.nanmax(gshares, axis=1), nan=0.0)
/home/user/Fantasy-Football/experiments/bottomup/components/pos_features.py:179: RuntimeWarning: All-NaN slice encountered
  f["gshare_max3"] = np.nan_to_num(np.nanmax(gshares, axis=1), nan=0.0)
/home/user/Fantasy-Football/experiments/bottomup/components/pos_features.py:179: RuntimeWarning: All-NaN slice encountered
  f["gshare_max3"] = np.nan_to_num(np.nanmax(gshares, axis=1), nan=0.0)
/home/user/Fantasy-Football/experiments/bottomup/components/pos_features.py:179: RuntimeWarning: All-NaN slice encountered
  f["gshare_max3"] = np.nan_to_num(np.nanmax(gshares, axis=1), nan=0.0)
/home/user/Fantasy-Football/experiments/bottomup/components/pos_features.py:179: RuntimeWarning: All-NaN slice encountered
  f["gshare_max3"] = np.nan_to_num(np.nanmax(gshares, axis=1), nan=0.0)
/home/user/Fantasy-Football/experiments/bottomup/components/pos_features.py:179: RuntimeWarning: All-NaN slice encountered
  f["gshare_max3"] = np.nan_to_num(np.nanmax(gshares, axis=1), nan=0.0)
/home/user/Fantasy-Football/experiments/bottomup/components/pos_features.py:179: RuntimeWarning: All-NaN slice encountered
  f["gshare_max3"] = np.nan_to_num(np.nanmax(gshares, axis=1), nan=0.0)
/home/user/Fantasy-Football/experiments/bottomup/components/pos_features.py:179: RuntimeWarning: All-NaN slice encountered
  f["gshare_max3"] = np.nan_to_num(np.nanmax(gshares, axis=1), nan=0.0)
/home/user/Fantasy-Football/experiments/bottomup/components/pos_features.py:179: RuntimeWarning: All-NaN slice encountered
  f["gshare_max3"] = np.nan_to_num(np.nanmax(gshares, axis=1), nan=0.0)
/home/user/Fantasy-Football/experiments/bottomup/components/pos_features.py:179: RuntimeWarning: All-NaN slice encountered
  f["gshare_max3"] = np.nan_to_num(np.nanmax(gshares, axis=1), nan=0.0)
/home/user/Fantasy-Football/experiments/bottomup/components/pos_features.py:179: RuntimeWarning: All-NaN slice encountered
  f["gshare_max3"] = np.nan_to_num(np.nanmax(gshares, axis=1), nan=0.0)
/home/user/Fantasy-Football/experiments/bottomup/components/pos_features.py:179: RuntimeWarning: All-NaN slice encountered
  f["gshare_max3"] = np.nan_to_num(np.nanmax(gshares, axis=1), nan=0.0)
/home/user/Fantasy-Football/experiments/bottomup/components/pos_features.py:179: RuntimeWarning: All-NaN slice encountered
  f["gshare_max3"] = np.nan_to_num(np.nanmax(gshares, axis=1), nan=0.0)
/home/user/Fantasy-Football/experiments/bottomup/components/pos_features.py:179: RuntimeWarning: All-NaN slice encountered
  f["gshare_max3"] = np.nan_to_num(np.nanmax(gshares, axis=1), nan=0.0)
/home/user/Fantasy-Football/experiments/bottomup/components/pos_features.py:179: RuntimeWarning: All-NaN slice encountered
  f["gshare_max3"] = np.nan_to_num(np.nanmax(gshares, axis=1), nan=0.0)
/home/user/Fantasy-Football/experiments/bottomup/components/pos_features.py:179: RuntimeWarning: All-NaN slice encountered
  f["gshare_max3"] = np.nan_to_num(np.nanmax(gshares, axis=1), nan=0.0)
/home/user/Fantasy-Football/experiments/bottomup/components/pos_features.py:179: RuntimeWarning: All-NaN slice encountered
  f["gshare_max3"] = np.nan_to_num(np.nanmax(gshares, axis=1), nan=0.0)
/home/user/Fantasy-Football/experiments/bottomup/components/pos_features.py:179: RuntimeWarning: All-NaN slice encountered
  f["gshare_max3"] = np.nan_to_num(np.nanmax(gshares, axis=1), nan=0.0)
/home/user/Fantasy-Football/experiments/bottomup/components/pos_features.py:179: RuntimeWarning: All-NaN slice encountered
  f["gshare_max3"] = np.nan_to_num(np.nanmax(gshares, axis=1), nan=0.0)

======================================================================================================================
BATCH-D1 (BH at campaign M=218, q=0.1; * = CI verdict only, GRADING SUSPENDED per C1)
======================================================================================================================
arm endpoint position  n_seasons  ctrl_mean  arm_mean   delta      lo     hi      p  placebo_delta vs_placebo verdict  bh_reject_campaign
 A5       E1       QB          5     0.3111    0.2709 -0.0402 -0.1114 0.0352 0.3320        -0.0037     inside    NULL               False
 A5       E1       RB          5     0.4119    0.3966 -0.0152 -0.0492 0.0380 0.5400        -0.0019     inside    NULL               False
 A5       E1       TE          5     0.3480    0.3380 -0.0100 -0.1341 0.0849 0.8750         0.0043     inside    NULL               False
 A5       E1       WR          5     0.5052    0.4833 -0.0219 -0.0839 0.0264 0.5230         0.0050     inside    NULL               False
 A5       E2       QB          5     0.1220    0.0454 -0.0766 -0.2313 0.1071 0.3730        -0.0649     inside    NULL               False
 A5       E2       RB          5     0.0696    0.1689  0.0993  0.0387 0.1741 0.0002         0.1219     inside    WIN*                True
 A5       E2       TE          5     0.0544    0.2099  0.1556 -0.0161 0.3272 0.0840         0.0983     clears    NULL               False
 A5       E2       WR          5     0.1931    0.1347 -0.0583 -0.1554 0.0387 0.2360         0.0284     inside    NULL               False
[recorded] avail_d1_cells.csv + avail_d1_contrasts.csv + avail_d1_players/A5.csv.gz

### control CTRL-A (ff=2012, targets 2018-2024) ('QB', 'RB', 'WR', 'TE')
/home/user/Fantasy-Football/experiments/bottomup/components/pos_features.py:179: RuntimeWarning: All-NaN slice encountered
  f["gshare_max3"] = np.nan_to_num(np.nanmax(gshares, axis=1), nan=0.0)
/home/user/Fantasy-Football/experiments/bottomup/components/pos_features.py:179: RuntimeWarning: All-NaN slice encountered
  f["gshare_max3"] = np.nan_to_num(np.nanmax(gshares, axis=1), nan=0.0)
/home/user/Fantasy-Football/experiments/bottomup/components/pos_features.py:179: RuntimeWarning: All-NaN slice encountered
  f["gshare_max3"] = np.nan_to_num(np.nanmax(gshares, axis=1), nan=0.0)
/home/user/Fantasy-Football/experiments/bottomup/components/pos_features.py:179: RuntimeWarning: All-NaN slice encountered
  f["gshare_max3"] = np.nan_to_num(np.nanmax(gshares, axis=1), nan=0.0)
/home/user/Fantasy-Football/experiments/bottomup/components/pos_features.py:179: RuntimeWarning: All-NaN slice encountered
  f["gshare_max3"] = np.nan_to_num(np.nanmax(gshares, axis=1), nan=0.0)
/home/user/Fantasy-Football/experiments/bottomup/components/pos_features.py:179: RuntimeWarning: All-NaN slice encountered
  f["gshare_max3"] = np.nan_to_num(np.nanmax(gshares, axis=1), nan=0.0)
/home/user/Fantasy-Football/experiments/bottomup/components/pos_features.py:179: RuntimeWarning: All-NaN slice encountered
  f["gshare_max3"] = np.nan_to_num(np.nanmax(gshares, axis=1), nan=0.0)
/home/user/Fantasy-Football/experiments/bottomup/components/pos_features.py:179: RuntimeWarning: All-NaN slice encountered
  f["gshare_max3"] = np.nan_to_num(np.nanmax(gshares, axis=1), nan=0.0)
/home/user/Fantasy-Football/experiments/bottomup/components/pos_features.py:179: RuntimeWarning: All-NaN slice encountered
  f["gshare_max3"] = np.nan_to_num(np.nanmax(gshares, axis=1), nan=0.0)
/home/user/Fantasy-Football/experiments/bottomup/components/pos_features.py:179: RuntimeWarning: All-NaN slice encountered
  f["gshare_max3"] = np.nan_to_num(np.nanmax(gshares, axis=1), nan=0.0)
/home/user/Fantasy-Football/experiments/bottomup/components/pos_features.py:179: RuntimeWarning: All-NaN slice encountered
  f["gshare_max3"] = np.nan_to_num(np.nanmax(gshares, axis=1), nan=0.0)
/home/user/Fantasy-Football/experiments/bottomup/components/pos_features.py:179: RuntimeWarning: All-NaN slice encountered
  f["gshare_max3"] = np.nan_to_num(np.nanmax(gshares, axis=1), nan=0.0)
/home/user/Fantasy-Football/experiments/bottomup/components/pos_features.py:179: RuntimeWarning: All-NaN slice encountered
  f["gshare_max3"] = np.nan_to_num(np.nanmax(gshares, axis=1), nan=0.0)
/home/user/Fantasy-Football/experiments/bottomup/components/pos_features.py:179: RuntimeWarning: All-NaN slice encountered
  f["gshare_max3"] = np.nan_to_num(np.nanmax(gshares, axis=1), nan=0.0)
/home/user/Fantasy-Football/experiments/bottomup/components/pos_features.py:179: RuntimeWarning: All-NaN slice encountered
  f["gshare_max3"] = np.nan_to_num(np.nanmax(gshares, axis=1), nan=0.0)
/home/user/Fantasy-Football/experiments/bottomup/components/pos_features.py:179: RuntimeWarning: All-NaN slice encountered
  f["gshare_max3"] = np.nan_to_num(np.nanmax(gshares, axis=1), nan=0.0)
/home/user/Fantasy-Football/experiments/bottomup/components/pos_features.py:179: RuntimeWarning: All-NaN slice encountered
  f["gshare_max3"] = np.nan_to_num(np.nanmax(gshares, axis=1), nan=0.0)
/home/user/Fantasy-Football/experiments/bottomup/components/pos_features.py:179: RuntimeWarning: All-NaN slice encountered
  f["gshare_max3"] = np.nan_to_num(np.nanmax(gshares, axis=1), nan=0.0)
/home/user/Fantasy-Football/experiments/bottomup/components/pos_features.py:179: RuntimeWarning: All-NaN slice encountered
  f["gshare_max3"] = np.nan_to_num(np.nanmax(gshares, axis=1), nan=0.0)
/home/user/Fantasy-Football/experiments/bottomup/components/pos_features.py:179: RuntimeWarning: All-NaN slice encountered
  f["gshare_max3"] = np.nan_to_num(np.nanmax(gshares, axis=1), nan=0.0)
/home/user/Fantasy-Football/experiments/bottomup/components/pos_features.py:179: RuntimeWarning: All-NaN slice encountered
  f["gshare_max3"] = np.nan_to_num(np.nanmax(gshares, axis=1), nan=0.0)
/home/user/Fantasy-Football/experiments/bottomup/components/pos_features.py:179: RuntimeWarning: All-NaN slice encountered
  f["gshare_max3"] = np.nan_to_num(np.nanmax(gshares, axis=1), nan=0.0)
/home/user/Fantasy-Football/experiments/bottomup/components/pos_features.py:179: RuntimeWarning: All-NaN slice encountered
  f["gshare_max3"] = np.nan_to_num(np.nanmax(gshares, axis=1), nan=0.0)
/home/user/Fantasy-Football/experiments/bottomup/components/pos_features.py:179: RuntimeWarning: All-NaN slice encountered
  f["gshare_max3"] = np.nan_to_num(np.nanmax(gshares, axis=1), nan=0.0)
/home/user/Fantasy-Football/experiments/bottomup/components/pos_features.py:179: RuntimeWarning: All-NaN slice encountered
  f["gshare_max3"] = np.nan_to_num(np.nanmax(gshares, axis=1), nan=0.0)
/home/user/Fantasy-Football/experiments/bottomup/components/pos_features.py:179: RuntimeWarning: All-NaN slice encountered
  f["gshare_max3"] = np.nan_to_num(np.nanmax(gshares, axis=1), nan=0.0)
/home/user/Fantasy-Football/experiments/bottomup/components/pos_features.py:179: RuntimeWarning: All-NaN slice encountered
  f["gshare_max3"] = np.nan_to_num(np.nanmax(gshares, axis=1), nan=0.0)
/home/user/Fantasy-Football/experiments/bottomup/components/pos_features.py:179: RuntimeWarning: All-NaN slice encountered
  f["gshare_max3"] = np.nan_to_num(np.nanmax(gshares, axis=1), nan=0.0)
/home/user/Fantasy-Football/experiments/bottomup/components/pos_features.py:179: RuntimeWarning: All-NaN slice encountered
  f["gshare_max3"] = np.nan_to_num(np.nanmax(gshares, axis=1), nan=0.0)
/home/user/Fantasy-Football/experiments/bottomup/components/pos_features.py:179: RuntimeWarning: All-NaN slice encountered
  f["gshare_max3"] = np.nan_to_num(np.nanmax(gshares, axis=1), nan=0.0)
/home/user/Fantasy-Football/experiments/bottomup/components/pos_features.py:179: RuntimeWarning: All-NaN slice encountered
  f["gshare_max3"] = np.nan_to_num(np.nanmax(gshares, axis=1), nan=0.0)
/home/user/Fantasy-Football/experiments/bottomup/components/pos_features.py:179: RuntimeWarning: All-NaN slice encountered
  f["gshare_max3"] = np.nan_to_num(np.nanmax(gshares, axis=1), nan=0.0)
/home/user/Fantasy-Football/experiments/bottomup/components/pos_features.py:179: RuntimeWarning: All-NaN slice encountered
  f["gshare_max3"] = np.nan_to_num(np.nanmax(gshares, axis=1), nan=0.0)
/home/user/Fantasy-Football/experiments/bottomup/components/pos_features.py:179: RuntimeWarning: All-NaN slice encountered
  f["gshare_max3"] = np.nan_to_num(np.nanmax(gshares, axis=1), nan=0.0)
/home/user/Fantasy-Football/experiments/bottomup/components/pos_features.py:179: RuntimeWarning: All-NaN slice encountered
  f["gshare_max3"] = np.nan_to_num(np.nanmax(gshares, axis=1), nan=0.0)
/home/user/Fantasy-Football/experiments/bottomup/components/pos_features.py:179: RuntimeWarning: All-NaN slice encountered
  f["gshare_max3"] = np.nan_to_num(np.nanmax(gshares, axis=1), nan=0.0)
/home/user/Fantasy-Football/experiments/bottomup/components/pos_features.py:179: RuntimeWarning: All-NaN slice encountered
  f["gshare_max3"] = np.nan_to_num(np.nanmax(gshares, axis=1), nan=0.0)
/home/user/Fantasy-Football/experiments/bottomup/components/pos_features.py:179: RuntimeWarning: All-NaN slice encountered
  f["gshare_max3"] = np.nan_to_num(np.nanmax(gshares, axis=1), nan=0.0)
/home/user/Fantasy-Football/experiments/bottomup/components/pos_features.py:179: RuntimeWarning: All-NaN slice encountered
  f["gshare_max3"] = np.nan_to_num(np.nanmax(gshares, axis=1), nan=0.0)
/home/user/Fantasy-Football/experiments/bottomup/components/pos_features.py:179: RuntimeWarning: All-NaN slice encountered
  f["gshare_max3"] = np.nan_to_num(np.nanmax(gshares, axis=1), nan=0.0)
/home/user/Fantasy-Football/experiments/bottomup/components/pos_features.py:179: RuntimeWarning: All-NaN slice encountered
  f["gshare_max3"] = np.nan_to_num(np.nanmax(gshares, axis=1), nan=0.0)
/home/user/Fantasy-Football/experiments/bottomup/components/pos_features.py:179: RuntimeWarning: All-NaN slice encountered
  f["gshare_max3"] = np.nan_to_num(np.nanmax(gshares, axis=1), nan=0.0)
/home/user/Fantasy-Football/experiments/bottomup/components/pos_features.py:179: RuntimeWarning: All-NaN slice encountered
  f["gshare_max3"] = np.nan_to_num(np.nanmax(gshares, axis=1), nan=0.0)
/home/user/Fantasy-Football/experiments/bottomup/components/pos_features.py:179: RuntimeWarning: All-NaN slice encountered
  f["gshare_max3"] = np.nan_to_num(np.nanmax(gshares, axis=1), nan=0.0)
/home/user/Fantasy-Football/experiments/bottomup/components/pos_features.py:179: RuntimeWarning: All-NaN slice encountered
  f["gshare_max3"] = np.nan_to_num(np.nanmax(gshares, axis=1), nan=0.0)
/home/user/Fantasy-Football/experiments/bottomup/components/pos_features.py:179: RuntimeWarning: All-NaN slice encountered
  f["gshare_max3"] = np.nan_to_num(np.nanmax(gshares, axis=1), nan=0.0)
/home/user/Fantasy-Football/experiments/bottomup/components/pos_features.py:179: RuntimeWarning: All-NaN slice encountered
  f["gshare_max3"] = np.nan_to_num(np.nanmax(gshares, axis=1), nan=0.0)
/home/user/Fantasy-Football/experiments/bottomup/components/pos_features.py:179: RuntimeWarning: All-NaN slice encountered
  f["gshare_max3"] = np.nan_to_num(np.nanmax(gshares, axis=1), nan=0.0)
/home/user/Fantasy-Football/experiments/bottomup/components/pos_features.py:179: RuntimeWarning: All-NaN slice encountered
  f["gshare_max3"] = np.nan_to_num(np.nanmax(gshares, axis=1), nan=0.0)
/home/user/Fantasy-Football/experiments/bottomup/components/pos_features.py:179: RuntimeWarning: All-NaN slice encountered
  f["gshare_max3"] = np.nan_to_num(np.nanmax(gshares, axis=1), nan=0.0)
/home/user/Fantasy-Football/experiments/bottomup/components/pos_features.py:179: RuntimeWarning: All-NaN slice encountered
  f["gshare_max3"] = np.nan_to_num(np.nanmax(gshares, axis=1), nan=0.0)
/home/user/Fantasy-Football/experiments/bottomup/components/pos_features.py:179: RuntimeWarning: All-NaN slice encountered
  f["gshare_max3"] = np.nan_to_num(np.nanmax(gshares, axis=1), nan=0.0)
/home/user/Fantasy-Football/experiments/bottomup/components/pos_features.py:179: RuntimeWarning: All-NaN slice encountered
  f["gshare_max3"] = np.nan_to_num(np.nanmax(gshares, axis=1), nan=0.0)
/home/user/Fantasy-Football/experiments/bottomup/components/pos_features.py:179: RuntimeWarning: All-NaN slice encountered
  f["gshare_max3"] = np.nan_to_num(np.nanmax(gshares, axis=1), nan=0.0)
/home/user/Fantasy-Football/experiments/bottomup/components/pos_features.py:179: RuntimeWarning: All-NaN slice encountered
  f["gshare_max3"] = np.nan_to_num(np.nanmax(gshares, axis=1), nan=0.0)
/home/user/Fantasy-Football/experiments/bottomup/components/pos_features.py:179: RuntimeWarning: All-NaN slice encountered
  f["gshare_max3"] = np.nan_to_num(np.nanmax(gshares, axis=1), nan=0.0)
/home/user/Fantasy-Football/experiments/bottomup/components/pos_features.py:179: RuntimeWarning: All-NaN slice encountered
  f["gshare_max3"] = np.nan_to_num(np.nanmax(gshares, axis=1), nan=0.0)
/home/user/Fantasy-Football/experiments/bottomup/components/pos_features.py:179: RuntimeWarning: All-NaN slice encountered
  f["gshare_max3"] = np.nan_to_num(np.nanmax(gshares, axis=1), nan=0.0)
/home/user/Fantasy-Football/experiments/bottomup/components/pos_features.py:179: RuntimeWarning: All-NaN slice encountered
  f["gshare_max3"] = np.nan_to_num(np.nanmax(gshares, axis=1), nan=0.0)
/home/user/Fantasy-Football/experiments/bottomup/components/pos_features.py:179: RuntimeWarning: All-NaN slice encountered
  f["gshare_max3"] = np.nan_to_num(np.nanmax(gshares, axis=1), nan=0.0)
/home/user/Fantasy-Football/experiments/bottomup/components/pos_features.py:179: RuntimeWarning: All-NaN slice encountered
  f["gshare_max3"] = np.nan_to_num(np.nanmax(gshares, axis=1), nan=0.0)
/home/user/Fantasy-Football/experiments/bottomup/components/pos_features.py:179: RuntimeWarning: All-NaN slice encountered
  f["gshare_max3"] = np.nan_to_num(np.nanmax(gshares, axis=1), nan=0.0)
/home/user/Fantasy-Football/experiments/bottomup/components/pos_features.py:179: RuntimeWarning: All-NaN slice encountered
  f["gshare_max3"] = np.nan_to_num(np.nanmax(gshares, axis=1), nan=0.0)
/home/user/Fantasy-Football/experiments/bottomup/components/pos_features.py:179: RuntimeWarning: All-NaN slice encountered
  f["gshare_max3"] = np.nan_to_num(np.nanmax(gshares, axis=1), nan=0.0)
/home/user/Fantasy-Football/experiments/bottomup/components/pos_features.py:179: RuntimeWarning: All-NaN slice encountered
  f["gshare_max3"] = np.nan_to_num(np.nanmax(gshares, axis=1), nan=0.0)
/home/user/Fantasy-Football/experiments/bottomup/components/pos_features.py:179: RuntimeWarning: All-NaN slice encountered
  f["gshare_max3"] = np.nan_to_num(np.nanmax(gshares, axis=1), nan=0.0)
/home/user/Fantasy-Football/experiments/bottomup/components/pos_features.py:179: RuntimeWarning: All-NaN slice encountered
  f["gshare_max3"] = np.nan_to_num(np.nanmax(gshares, axis=1), nan=0.0)
/home/user/Fantasy-Football/experiments/bottomup/components/pos_features.py:179: RuntimeWarning: All-NaN slice encountered
  f["gshare_max3"] = np.nan_to_num(np.nanmax(gshares, axis=1), nan=0.0)
/home/user/Fantasy-Football/experiments/bottomup/components/pos_features.py:179: RuntimeWarning: All-NaN slice encountered
  f["gshare_max3"] = np.nan_to_num(np.nanmax(gshares, axis=1), nan=0.0)
/home/user/Fantasy-Football/experiments/bottomup/components/pos_features.py:179: RuntimeWarning: All-NaN slice encountered
  f["gshare_max3"] = np.nan_to_num(np.nanmax(gshares, axis=1), nan=0.0)
/home/user/Fantasy-Football/experiments/bottomup/components/pos_features.py:179: RuntimeWarning: All-NaN slice encountered
  f["gshare_max3"] = np.nan_to_num(np.nanmax(gshares, axis=1), nan=0.0)
/home/user/Fantasy-Football/experiments/bottomup/components/pos_features.py:179: RuntimeWarning: All-NaN slice encountered
  f["gshare_max3"] = np.nan_to_num(np.nanmax(gshares, axis=1), nan=0.0)
/home/user/Fantasy-Football/experiments/bottomup/components/pos_features.py:179: RuntimeWarning: All-NaN slice encountered
  f["gshare_max3"] = np.nan_to_num(np.nanmax(gshares, axis=1), nan=0.0)
/home/user/Fantasy-Football/experiments/bottomup/components/pos_features.py:179: RuntimeWarning: All-NaN slice encountered
  f["gshare_max3"] = np.nan_to_num(np.nanmax(gshares, axis=1), nan=0.0)
/home/user/Fantasy-Football/experiments/bottomup/components/pos_features.py:179: RuntimeWarning: All-NaN slice encountered
  f["gshare_max3"] = np.nan_to_num(np.nanmax(gshares, axis=1), nan=0.0)
/home/user/Fantasy-Football/experiments/bottomup/components/pos_features.py:179: RuntimeWarning: All-NaN slice encountered
  f["gshare_max3"] = np.nan_to_num(np.nanmax(gshares, axis=1), nan=0.0)

### arm P0 — PLACEBO seeded N(0,1), n=7 window (vs CTRL-A, ('QB', 'RB', 'WR', 'TE'))
/home/user/Fantasy-Football/experiments/bottomup/components/pos_features.py:179: RuntimeWarning: All-NaN slice encountered
  f["gshare_max3"] = np.nan_to_num(np.nanmax(gshares, axis=1), nan=0.0)
/home/user/Fantasy-Football/experiments/bottomup/components/pos_features.py:179: RuntimeWarning: All-NaN slice encountered
  f["gshare_max3"] = np.nan_to_num(np.nanmax(gshares, axis=1), nan=0.0)
/home/user/Fantasy-Football/experiments/bottomup/components/pos_features.py:179: RuntimeWarning: All-NaN slice encountered
  f["gshare_max3"] = np.nan_to_num(np.nanmax(gshares, axis=1), nan=0.0)
/home/user/Fantasy-Football/experiments/bottomup/components/pos_features.py:179: RuntimeWarning: All-NaN slice encountered
  f["gshare_max3"] = np.nan_to_num(np.nanmax(gshares, axis=1), nan=0.0)
/home/user/Fantasy-Football/experiments/bottomup/components/pos_features.py:179: RuntimeWarning: All-NaN slice encountered
  f["gshare_max3"] = np.nan_to_num(np.nanmax(gshares, axis=1), nan=0.0)
/home/user/Fantasy-Football/experiments/bottomup/components/pos_features.py:179: RuntimeWarning: All-NaN slice encountered
  f["gshare_max3"] = np.nan_to_num(np.nanmax(gshares, axis=1), nan=0.0)
/home/user/Fantasy-Football/experiments/bottomup/components/pos_features.py:179: RuntimeWarning: All-NaN slice encountered
  f["gshare_max3"] = np.nan_to_num(np.nanmax(gshares, axis=1), nan=0.0)
/home/user/Fantasy-Football/experiments/bottomup/components/pos_features.py:179: RuntimeWarning: All-NaN slice encountered
  f["gshare_max3"] = np.nan_to_num(np.nanmax(gshares, axis=1), nan=0.0)
/home/user/Fantasy-Football/experiments/bottomup/components/pos_features.py:179: RuntimeWarning: All-NaN slice encountered
  f["gshare_max3"] = np.nan_to_num(np.nanmax(gshares, axis=1), nan=0.0)
/home/user/Fantasy-Football/experiments/bottomup/components/pos_features.py:179: RuntimeWarning: All-NaN slice encountered
  f["gshare_max3"] = np.nan_to_num(np.nanmax(gshares, axis=1), nan=0.0)
/home/user/Fantasy-Football/experiments/bottomup/components/pos_features.py:179: RuntimeWarning: All-NaN slice encountered
  f["gshare_max3"] = np.nan_to_num(np.nanmax(gshares, axis=1), nan=0.0)
/home/user/Fantasy-Football/experiments/bottomup/components/pos_features.py:179: RuntimeWarning: All-NaN slice encountered
  f["gshare_max3"] = np.nan_to_num(np.nanmax(gshares, axis=1), nan=0.0)
/home/user/Fantasy-Football/experiments/bottomup/components/pos_features.py:179: RuntimeWarning: All-NaN slice encountered
  f["gshare_max3"] = np.nan_to_num(np.nanmax(gshares, axis=1), nan=0.0)
/home/user/Fantasy-Football/experiments/bottomup/components/pos_features.py:179: RuntimeWarning: All-NaN slice encountered
  f["gshare_max3"] = np.nan_to_num(np.nanmax(gshares, axis=1), nan=0.0)
/home/user/Fantasy-Football/experiments/bottomup/components/pos_features.py:179: RuntimeWarning: All-NaN slice encountered
  f["gshare_max3"] = np.nan_to_num(np.nanmax(gshares, axis=1), nan=0.0)
/home/user/Fantasy-Football/experiments/bottomup/components/pos_features.py:179: RuntimeWarning: All-NaN slice encountered
  f["gshare_max3"] = np.nan_to_num(np.nanmax(gshares, axis=1), nan=0.0)
/home/user/Fantasy-Football/experiments/bottomup/components/pos_features.py:179: RuntimeWarning: All-NaN slice encountered
  f["gshare_max3"] = np.nan_to_num(np.nanmax(gshares, axis=1), nan=0.0)
/home/user/Fantasy-Football/experiments/bottomup/components/pos_features.py:179: RuntimeWarning: All-NaN slice encountered
  f["gshare_max3"] = np.nan_to_num(np.nanmax(gshares, axis=1), nan=0.0)
/home/user/Fantasy-Football/experiments/bottomup/components/pos_features.py:179: RuntimeWarning: All-NaN slice encountered
  f["gshare_max3"] = np.nan_to_num(np.nanmax(gshares, axis=1), nan=0.0)
/home/user/Fantasy-Football/experiments/bottomup/components/pos_features.py:179: RuntimeWarning: All-NaN slice encountered
  f["gshare_max3"] = np.nan_to_num(np.nanmax(gshares, axis=1), nan=0.0)
/home/user/Fantasy-Football/experiments/bottomup/components/pos_features.py:179: RuntimeWarning: All-NaN slice encountered
  f["gshare_max3"] = np.nan_to_num(np.nanmax(gshares, axis=1), nan=0.0)
/home/user/Fantasy-Football/experiments/bottomup/components/pos_features.py:179: RuntimeWarning: All-NaN slice encountered
  f["gshare_max3"] = np.nan_to_num(np.nanmax(gshares, axis=1), nan=0.0)
/home/user/Fantasy-Football/experiments/bottomup/components/pos_features.py:179: RuntimeWarning: All-NaN slice encountered
  f["gshare_max3"] = np.nan_to_num(np.nanmax(gshares, axis=1), nan=0.0)
/home/user/Fantasy-Football/experiments/bottomup/components/pos_features.py:179: RuntimeWarning: All-NaN slice encountered
  f["gshare_max3"] = np.nan_to_num(np.nanmax(gshares, axis=1), nan=0.0)
/home/user/Fantasy-Football/experiments/bottomup/components/pos_features.py:179: RuntimeWarning: All-NaN slice encountered
  f["gshare_max3"] = np.nan_to_num(np.nanmax(gshares, axis=1), nan=0.0)
/home/user/Fantasy-Football/experiments/bottomup/components/pos_features.py:179: RuntimeWarning: All-NaN slice encountered
  f["gshare_max3"] = np.nan_to_num(np.nanmax(gshares, axis=1), nan=0.0)
/home/user/Fantasy-Football/experiments/bottomup/components/pos_features.py:179: RuntimeWarning: All-NaN slice encountered
  f["gshare_max3"] = np.nan_to_num(np.nanmax(gshares, axis=1), nan=0.0)
/home/user/Fantasy-Football/experiments/bottomup/components/pos_features.py:179: RuntimeWarning: All-NaN slice encountered
  f["gshare_max3"] = np.nan_to_num(np.nanmax(gshares, axis=1), nan=0.0)
/home/user/Fantasy-Football/experiments/bottomup/components/pos_features.py:179: RuntimeWarning: All-NaN slice encountered
  f["gshare_max3"] = np.nan_to_num(np.nanmax(gshares, axis=1), nan=0.0)
/home/user/Fantasy-Football/experiments/bottomup/components/pos_features.py:179: RuntimeWarning: All-NaN slice encountered
  f["gshare_max3"] = np.nan_to_num(np.nanmax(gshares, axis=1), nan=0.0)
/home/user/Fantasy-Football/experiments/bottomup/components/pos_features.py:179: RuntimeWarning: All-NaN slice encountered
  f["gshare_max3"] = np.nan_to_num(np.nanmax(gshares, axis=1), nan=0.0)
/home/user/Fantasy-Football/experiments/bottomup/components/pos_features.py:179: RuntimeWarning: All-NaN slice encountered
  f["gshare_max3"] = np.nan_to_num(np.nanmax(gshares, axis=1), nan=0.0)
/home/user/Fantasy-Football/experiments/bottomup/components/pos_features.py:179: RuntimeWarning: All-NaN slice encountered
  f["gshare_max3"] = np.nan_to_num(np.nanmax(gshares, axis=1), nan=0.0)
/home/user/Fantasy-Football/experiments/bottomup/components/pos_features.py:179: RuntimeWarning: All-NaN slice encountered
  f["gshare_max3"] = np.nan_to_num(np.nanmax(gshares, axis=1), nan=0.0)
/home/user/Fantasy-Football/experiments/bottomup/components/pos_features.py:179: RuntimeWarning: All-NaN slice encountered
  f["gshare_max3"] = np.nan_to_num(np.nanmax(gshares, axis=1), nan=0.0)
/home/user/Fantasy-Football/experiments/bottomup/components/pos_features.py:179: RuntimeWarning: All-NaN slice encountered
  f["gshare_max3"] = np.nan_to_num(np.nanmax(gshares, axis=1), nan=0.0)
/home/user/Fantasy-Football/experiments/bottomup/components/pos_features.py:179: RuntimeWarning: All-NaN slice encountered
  f["gshare_max3"] = np.nan_to_num(np.nanmax(gshares, axis=1), nan=0.0)
/home/user/Fantasy-Football/experiments/bottomup/components/pos_features.py:179: RuntimeWarning: All-NaN slice encountered
  f["gshare_max3"] = np.nan_to_num(np.nanmax(gshares, axis=1), nan=0.0)
/home/user/Fantasy-Football/experiments/bottomup/components/pos_features.py:179: RuntimeWarning: All-NaN slice encountered
  f["gshare_max3"] = np.nan_to_num(np.nanmax(gshares, axis=1), nan=0.0)
/home/user/Fantasy-Football/experiments/bottomup/components/pos_features.py:179: RuntimeWarning: All-NaN slice encountered
  f["gshare_max3"] = np.nan_to_num(np.nanmax(gshares, axis=1), nan=0.0)
/home/user/Fantasy-Football/experiments/bottomup/components/pos_features.py:179: RuntimeWarning: All-NaN slice encountered
  f["gshare_max3"] = np.nan_to_num(np.nanmax(gshares, axis=1), nan=0.0)
/home/user/Fantasy-Football/experiments/bottomup/components/pos_features.py:179: RuntimeWarning: All-NaN slice encountered
  f["gshare_max3"] = np.nan_to_num(np.nanmax(gshares, axis=1), nan=0.0)
/home/user/Fantasy-Football/experiments/bottomup/components/pos_features.py:179: RuntimeWarning: All-NaN slice encountered
  f["gshare_max3"] = np.nan_to_num(np.nanmax(gshares, axis=1), nan=0.0)
/home/user/Fantasy-Football/experiments/bottomup/components/pos_features.py:179: RuntimeWarning: All-NaN slice encountered
  f["gshare_max3"] = np.nan_to_num(np.nanmax(gshares, axis=1), nan=0.0)
/home/user/Fantasy-Football/experiments/bottomup/components/pos_features.py:179: RuntimeWarning: All-NaN slice encountered
  f["gshare_max3"] = np.nan_to_num(np.nanmax(gshares, axis=1), nan=0.0)
/home/user/Fantasy-Football/experiments/bottomup/components/pos_features.py:179: RuntimeWarning: All-NaN slice encountered
  f["gshare_max3"] = np.nan_to_num(np.nanmax(gshares, axis=1), nan=0.0)
/home/user/Fantasy-Football/experiments/bottomup/components/pos_features.py:179: RuntimeWarning: All-NaN slice encountered
  f["gshare_max3"] = np.nan_to_num(np.nanmax(gshares, axis=1), nan=0.0)
/home/user/Fantasy-Football/experiments/bottomup/components/pos_features.py:179: RuntimeWarning: All-NaN slice encountered
  f["gshare_max3"] = np.nan_to_num(np.nanmax(gshares, axis=1), nan=0.0)
/home/user/Fantasy-Football/experiments/bottomup/components/pos_features.py:179: RuntimeWarning: All-NaN slice encountered
  f["gshare_max3"] = np.nan_to_num(np.nanmax(gshares, axis=1), nan=0.0)
/home/user/Fantasy-Football/experiments/bottomup/components/pos_features.py:179: RuntimeWarning: All-NaN slice encountered
  f["gshare_max3"] = np.nan_to_num(np.nanmax(gshares, axis=1), nan=0.0)
/home/user/Fantasy-Football/experiments/bottomup/components/pos_features.py:179: RuntimeWarning: All-NaN slice encountered
  f["gshare_max3"] = np.nan_to_num(np.nanmax(gshares, axis=1), nan=0.0)
/home/user/Fantasy-Football/experiments/bottomup/components/pos_features.py:179: RuntimeWarning: All-NaN slice encountered
  f["gshare_max3"] = np.nan_to_num(np.nanmax(gshares, axis=1), nan=0.0)
/home/user/Fantasy-Football/experiments/bottomup/components/pos_features.py:179: RuntimeWarning: All-NaN slice encountered
  f["gshare_max3"] = np.nan_to_num(np.nanmax(gshares, axis=1), nan=0.0)
/home/user/Fantasy-Football/experiments/bottomup/components/pos_features.py:179: RuntimeWarning: All-NaN slice encountered
  f["gshare_max3"] = np.nan_to_num(np.nanmax(gshares, axis=1), nan=0.0)
/home/user/Fantasy-Football/experiments/bottomup/components/pos_features.py:179: RuntimeWarning: All-NaN slice encountered
  f["gshare_max3"] = np.nan_to_num(np.nanmax(gshares, axis=1), nan=0.0)
/home/user/Fantasy-Football/experiments/bottomup/components/pos_features.py:179: RuntimeWarning: All-NaN slice encountered
  f["gshare_max3"] = np.nan_to_num(np.nanmax(gshares, axis=1), nan=0.0)
/home/user/Fantasy-Football/experiments/bottomup/components/pos_features.py:179: RuntimeWarning: All-NaN slice encountered
  f["gshare_max3"] = np.nan_to_num(np.nanmax(gshares, axis=1), nan=0.0)
/home/user/Fantasy-Football/experiments/bottomup/components/pos_features.py:179: RuntimeWarning: All-NaN slice encountered
  f["gshare_max3"] = np.nan_to_num(np.nanmax(gshares, axis=1), nan=0.0)
/home/user/Fantasy-Football/experiments/bottomup/components/pos_features.py:179: RuntimeWarning: All-NaN slice encountered
  f["gshare_max3"] = np.nan_to_num(np.nanmax(gshares, axis=1), nan=0.0)
/home/user/Fantasy-Football/experiments/bottomup/components/pos_features.py:179: RuntimeWarning: All-NaN slice encountered
  f["gshare_max3"] = np.nan_to_num(np.nanmax(gshares, axis=1), nan=0.0)
/home/user/Fantasy-Football/experiments/bottomup/components/pos_features.py:179: RuntimeWarning: All-NaN slice encountered
  f["gshare_max3"] = np.nan_to_num(np.nanmax(gshares, axis=1), nan=0.0)
/home/user/Fantasy-Football/experiments/bottomup/components/pos_features.py:179: RuntimeWarning: All-NaN slice encountered
  f["gshare_max3"] = np.nan_to_num(np.nanmax(gshares, axis=1), nan=0.0)
/home/user/Fantasy-Football/experiments/bottomup/components/pos_features.py:179: RuntimeWarning: All-NaN slice encountered
  f["gshare_max3"] = np.nan_to_num(np.nanmax(gshares, axis=1), nan=0.0)
/home/user/Fantasy-Football/experiments/bottomup/components/pos_features.py:179: RuntimeWarning: All-NaN slice encountered
  f["gshare_max3"] = np.nan_to_num(np.nanmax(gshares, axis=1), nan=0.0)
/home/user/Fantasy-Football/experiments/bottomup/components/pos_features.py:179: RuntimeWarning: All-NaN slice encountered
  f["gshare_max3"] = np.nan_to_num(np.nanmax(gshares, axis=1), nan=0.0)
/home/user/Fantasy-Football/experiments/bottomup/components/pos_features.py:179: RuntimeWarning: All-NaN slice encountered
  f["gshare_max3"] = np.nan_to_num(np.nanmax(gshares, axis=1), nan=0.0)
/home/user/Fantasy-Football/experiments/bottomup/components/pos_features.py:179: RuntimeWarning: All-NaN slice encountered
  f["gshare_max3"] = np.nan_to_num(np.nanmax(gshares, axis=1), nan=0.0)
/home/user/Fantasy-Football/experiments/bottomup/components/pos_features.py:179: RuntimeWarning: All-NaN slice encountered
  f["gshare_max3"] = np.nan_to_num(np.nanmax(gshares, axis=1), nan=0.0)
/home/user/Fantasy-Football/experiments/bottomup/components/pos_features.py:179: RuntimeWarning: All-NaN slice encountered
  f["gshare_max3"] = np.nan_to_num(np.nanmax(gshares, axis=1), nan=0.0)
/home/user/Fantasy-Football/experiments/bottomup/components/pos_features.py:179: RuntimeWarning: All-NaN slice encountered
  f["gshare_max3"] = np.nan_to_num(np.nanmax(gshares, axis=1), nan=0.0)
/home/user/Fantasy-Football/experiments/bottomup/components/pos_features.py:179: RuntimeWarning: All-NaN slice encountered
  f["gshare_max3"] = np.nan_to_num(np.nanmax(gshares, axis=1), nan=0.0)
/home/user/Fantasy-Football/experiments/bottomup/components/pos_features.py:179: RuntimeWarning: All-NaN slice encountered
  f["gshare_max3"] = np.nan_to_num(np.nanmax(gshares, axis=1), nan=0.0)
/home/user/Fantasy-Football/experiments/bottomup/components/pos_features.py:179: RuntimeWarning: All-NaN slice encountered
  f["gshare_max3"] = np.nan_to_num(np.nanmax(gshares, axis=1), nan=0.0)
/home/user/Fantasy-Football/experiments/bottomup/components/pos_features.py:179: RuntimeWarning: All-NaN slice encountered
  f["gshare_max3"] = np.nan_to_num(np.nanmax(gshares, axis=1), nan=0.0)
/home/user/Fantasy-Football/experiments/bottomup/components/pos_features.py:179: RuntimeWarning: All-NaN slice encountered
  f["gshare_max3"] = np.nan_to_num(np.nanmax(gshares, axis=1), nan=0.0)
/home/user/Fantasy-Football/experiments/bottomup/components/pos_features.py:179: RuntimeWarning: All-NaN slice encountered
  f["gshare_max3"] = np.nan_to_num(np.nanmax(gshares, axis=1), nan=0.0)

======================================================================================================================
BATCH-D1 (BH at campaign M=218, q=0.1; * = CI verdict only, GRADING SUSPENDED per C1)
======================================================================================================================
arm endpoint position  n_seasons  ctrl_mean  arm_mean   delta      lo     hi      p  placebo_delta vs_placebo verdict  bh_reject_campaign
 P0       E1       QB          7     0.2450    0.2494  0.0044 -0.0237 0.0307 0.7575         0.0044     inside    NULL               False
 P0       E1       RB          7     0.4398    0.4395 -0.0003 -0.0055 0.0048 0.9215        -0.0003     inside    NULL               False
 P0       E1       TE          7     0.3966    0.4017  0.0051 -0.0076 0.0170 0.3710         0.0051     inside    NULL               False
 P0       E1       WR          7     0.5602    0.5645  0.0043 -0.0078 0.0143 0.4475         0.0043     inside    NULL               False
 P0       E2       QB          7     0.0954    0.0716 -0.0238 -0.1373 0.0757 0.7020        -0.0238     inside    NULL               False
 P0       E2       RB          7     0.1288    0.1987  0.0700  0.0168 0.1278 0.0070         0.0700     inside    WIN*               False
 P0       E2       TE          7     0.1750    0.0981 -0.0769 -0.3590 0.1894 0.5630        -0.0769     inside    NULL               False
 P0       E2       WR          7     0.1696    0.2350  0.0653 -0.0175 0.1375 0.1165         0.0653     inside    NULL               False
[recorded] avail_d1_cells.csv + avail_d1_contrasts.csv + avail_d1_players/P0.csv.gz

### arm B0 — ESTIMATOR FORM ONLY: binomial GLM on the incumbent feature list (vs CTRL-A, ('QB', 'RB', 'WR', 'TE'))
/home/user/Fantasy-Football/experiments/bottomup/components/pos_features.py:179: RuntimeWarning: All-NaN slice encountered
  f["gshare_max3"] = np.nan_to_num(np.nanmax(gshares, axis=1), nan=0.0)
/home/user/Fantasy-Football/experiments/bottomup/components/pos_features.py:179: RuntimeWarning: All-NaN slice encountered
  f["gshare_max3"] = np.nan_to_num(np.nanmax(gshares, axis=1), nan=0.0)
/home/user/Fantasy-Football/experiments/bottomup/components/pos_features.py:179: RuntimeWarning: All-NaN slice encountered
  f["gshare_max3"] = np.nan_to_num(np.nanmax(gshares, axis=1), nan=0.0)
/home/user/Fantasy-Football/experiments/bottomup/components/pos_features.py:179: RuntimeWarning: All-NaN slice encountered
  f["gshare_max3"] = np.nan_to_num(np.nanmax(gshares, axis=1), nan=0.0)
/home/user/Fantasy-Football/experiments/bottomup/components/pos_features.py:179: RuntimeWarning: All-NaN slice encountered
  f["gshare_max3"] = np.nan_to_num(np.nanmax(gshares, axis=1), nan=0.0)
/home/user/Fantasy-Football/experiments/bottomup/components/pos_features.py:179: RuntimeWarning: All-NaN slice encountered
  f["gshare_max3"] = np.nan_to_num(np.nanmax(gshares, axis=1), nan=0.0)
/home/user/Fantasy-Football/experiments/bottomup/components/pos_features.py:179: RuntimeWarning: All-NaN slice encountered
  f["gshare_max3"] = np.nan_to_num(np.nanmax(gshares, axis=1), nan=0.0)
/home/user/Fantasy-Football/experiments/bottomup/components/pos_features.py:179: RuntimeWarning: All-NaN slice encountered
  f["gshare_max3"] = np.nan_to_num(np.nanmax(gshares, axis=1), nan=0.0)
/home/user/Fantasy-Football/experiments/bottomup/components/pos_features.py:179: RuntimeWarning: All-NaN slice encountered
  f["gshare_max3"] = np.nan_to_num(np.nanmax(gshares, axis=1), nan=0.0)
/home/user/Fantasy-Football/experiments/bottomup/components/pos_features.py:179: RuntimeWarning: All-NaN slice encountered
  f["gshare_max3"] = np.nan_to_num(np.nanmax(gshares, axis=1), nan=0.0)
/home/user/Fantasy-Football/experiments/bottomup/components/pos_features.py:179: RuntimeWarning: All-NaN slice encountered
  f["gshare_max3"] = np.nan_to_num(np.nanmax(gshares, axis=1), nan=0.0)
/home/user/Fantasy-Football/experiments/bottomup/components/pos_features.py:179: RuntimeWarning: All-NaN slice encountered
  f["gshare_max3"] = np.nan_to_num(np.nanmax(gshares, axis=1), nan=0.0)
/home/user/Fantasy-Football/experiments/bottomup/components/pos_features.py:179: RuntimeWarning: All-NaN slice encountered
  f["gshare_max3"] = np.nan_to_num(np.nanmax(gshares, axis=1), nan=0.0)
/home/user/Fantasy-Football/experiments/bottomup/components/pos_features.py:179: RuntimeWarning: All-NaN slice encountered
  f["gshare_max3"] = np.nan_to_num(np.nanmax(gshares, axis=1), nan=0.0)
/home/user/Fantasy-Football/experiments/bottomup/components/pos_features.py:179: RuntimeWarning: All-NaN slice encountered
  f["gshare_max3"] = np.nan_to_num(np.nanmax(gshares, axis=1), nan=0.0)
/home/user/Fantasy-Football/experiments/bottomup/components/pos_features.py:179: RuntimeWarning: All-NaN slice encountered
  f["gshare_max3"] = np.nan_to_num(np.nanmax(gshares, axis=1), nan=0.0)
/home/user/Fantasy-Football/experiments/bottomup/components/pos_features.py:179: RuntimeWarning: All-NaN slice encountered
  f["gshare_max3"] = np.nan_to_num(np.nanmax(gshares, axis=1), nan=0.0)
/home/user/Fantasy-Football/experiments/bottomup/components/pos_features.py:179: RuntimeWarning: All-NaN slice encountered
  f["gshare_max3"] = np.nan_to_num(np.nanmax(gshares, axis=1), nan=0.0)
/home/user/Fantasy-Football/experiments/bottomup/components/pos_features.py:179: RuntimeWarning: All-NaN slice encountered
  f["gshare_max3"] = np.nan_to_num(np.nanmax(gshares, axis=1), nan=0.0)
/home/user/Fantasy-Football/experiments/bottomup/components/pos_features.py:179: RuntimeWarning: All-NaN slice encountered
  f["gshare_max3"] = np.nan_to_num(np.nanmax(gshares, axis=1), nan=0.0)
/home/user/Fantasy-Football/experiments/bottomup/components/pos_features.py:179: RuntimeWarning: All-NaN slice encountered
  f["gshare_max3"] = np.nan_to_num(np.nanmax(gshares, axis=1), nan=0.0)
/home/user/Fantasy-Football/experiments/bottomup/components/pos_features.py:179: RuntimeWarning: All-NaN slice encountered
  f["gshare_max3"] = np.nan_to_num(np.nanmax(gshares, axis=1), nan=0.0)
/home/user/Fantasy-Football/experiments/bottomup/components/pos_features.py:179: RuntimeWarning: All-NaN slice encountered
  f["gshare_max3"] = np.nan_to_num(np.nanmax(gshares, axis=1), nan=0.0)
/home/user/Fantasy-Football/experiments/bottomup/components/pos_features.py:179: RuntimeWarning: All-NaN slice encountered
  f["gshare_max3"] = np.nan_to_num(np.nanmax(gshares, axis=1), nan=0.0)
/home/user/Fantasy-Football/experiments/bottomup/components/pos_features.py:179: RuntimeWarning: All-NaN slice encountered
  f["gshare_max3"] = np.nan_to_num(np.nanmax(gshares, axis=1), nan=0.0)
/home/user/Fantasy-Football/experiments/bottomup/components/pos_features.py:179: RuntimeWarning: All-NaN slice encountered
  f["gshare_max3"] = np.nan_to_num(np.nanmax(gshares, axis=1), nan=0.0)
/home/user/Fantasy-Football/experiments/bottomup/components/pos_features.py:179: RuntimeWarning: All-NaN slice encountered
  f["gshare_max3"] = np.nan_to_num(np.nanmax(gshares, axis=1), nan=0.0)
/home/user/Fantasy-Football/experiments/bottomup/components/pos_features.py:179: RuntimeWarning: All-NaN slice encountered
  f["gshare_max3"] = np.nan_to_num(np.nanmax(gshares, axis=1), nan=0.0)
/home/user/Fantasy-Football/experiments/bottomup/components/pos_features.py:179: RuntimeWarning: All-NaN slice encountered
  f["gshare_max3"] = np.nan_to_num(np.nanmax(gshares, axis=1), nan=0.0)
/home/user/Fantasy-Football/experiments/bottomup/components/pos_features.py:179: RuntimeWarning: All-NaN slice encountered
  f["gshare_max3"] = np.nan_to_num(np.nanmax(gshares, axis=1), nan=0.0)
/home/user/Fantasy-Football/experiments/bottomup/components/pos_features.py:179: RuntimeWarning: All-NaN slice encountered
  f["gshare_max3"] = np.nan_to_num(np.nanmax(gshares, axis=1), nan=0.0)
/home/user/Fantasy-Football/experiments/bottomup/components/pos_features.py:179: RuntimeWarning: All-NaN slice encountered
  f["gshare_max3"] = np.nan_to_num(np.nanmax(gshares, axis=1), nan=0.0)
/home/user/Fantasy-Football/experiments/bottomup/components/pos_features.py:179: RuntimeWarning: All-NaN slice encountered
  f["gshare_max3"] = np.nan_to_num(np.nanmax(gshares, axis=1), nan=0.0)
/home/user/Fantasy-Football/experiments/bottomup/components/pos_features.py:179: RuntimeWarning: All-NaN slice encountered
  f["gshare_max3"] = np.nan_to_num(np.nanmax(gshares, axis=1), nan=0.0)
/home/user/Fantasy-Football/experiments/bottomup/components/pos_features.py:179: RuntimeWarning: All-NaN slice encountered
  f["gshare_max3"] = np.nan_to_num(np.nanmax(gshares, axis=1), nan=0.0)
/home/user/Fantasy-Football/experiments/bottomup/components/pos_features.py:179: RuntimeWarning: All-NaN slice encountered
  f["gshare_max3"] = np.nan_to_num(np.nanmax(gshares, axis=1), nan=0.0)
/home/user/Fantasy-Football/experiments/bottomup/components/pos_features.py:179: RuntimeWarning: All-NaN slice encountered
  f["gshare_max3"] = np.nan_to_num(np.nanmax(gshares, axis=1), nan=0.0)
/home/user/Fantasy-Football/experiments/bottomup/components/pos_features.py:179: RuntimeWarning: All-NaN slice encountered
  f["gshare_max3"] = np.nan_to_num(np.nanmax(gshares, axis=1), nan=0.0)
/home/user/Fantasy-Football/experiments/bottomup/components/pos_features.py:179: RuntimeWarning: All-NaN slice encountered
  f["gshare_max3"] = np.nan_to_num(np.nanmax(gshares, axis=1), nan=0.0)
/home/user/Fantasy-Football/experiments/bottomup/components/pos_features.py:179: RuntimeWarning: All-NaN slice encountered
  f["gshare_max3"] = np.nan_to_num(np.nanmax(gshares, axis=1), nan=0.0)
/home/user/Fantasy-Football/experiments/bottomup/components/pos_features.py:179: RuntimeWarning: All-NaN slice encountered
  f["gshare_max3"] = np.nan_to_num(np.nanmax(gshares, axis=1), nan=0.0)
/home/user/Fantasy-Football/experiments/bottomup/components/pos_features.py:179: RuntimeWarning: All-NaN slice encountered
  f["gshare_max3"] = np.nan_to_num(np.nanmax(gshares, axis=1), nan=0.0)
/home/user/Fantasy-Football/experiments/bottomup/components/pos_features.py:179: RuntimeWarning: All-NaN slice encountered
  f["gshare_max3"] = np.nan_to_num(np.nanmax(gshares, axis=1), nan=0.0)
/home/user/Fantasy-Football/experiments/bottomup/components/pos_features.py:179: RuntimeWarning: All-NaN slice encountered
  f["gshare_max3"] = np.nan_to_num(np.nanmax(gshares, axis=1), nan=0.0)
/home/user/Fantasy-Football/experiments/bottomup/components/pos_features.py:179: RuntimeWarning: All-NaN slice encountered
  f["gshare_max3"] = np.nan_to_num(np.nanmax(gshares, axis=1), nan=0.0)
/home/user/Fantasy-Football/experiments/bottomup/components/pos_features.py:179: RuntimeWarning: All-NaN slice encountered
  f["gshare_max3"] = np.nan_to_num(np.nanmax(gshares, axis=1), nan=0.0)
/home/user/Fantasy-Football/experiments/bottomup/components/pos_features.py:179: RuntimeWarning: All-NaN slice encountered
  f["gshare_max3"] = np.nan_to_num(np.nanmax(gshares, axis=1), nan=0.0)
/home/user/Fantasy-Football/experiments/bottomup/components/pos_features.py:179: RuntimeWarning: All-NaN slice encountered
  f["gshare_max3"] = np.nan_to_num(np.nanmax(gshares, axis=1), nan=0.0)
/home/user/Fantasy-Football/experiments/bottomup/components/pos_features.py:179: RuntimeWarning: All-NaN slice encountered
  f["gshare_max3"] = np.nan_to_num(np.nanmax(gshares, axis=1), nan=0.0)
/home/user/Fantasy-Football/experiments/bottomup/components/pos_features.py:179: RuntimeWarning: All-NaN slice encountered
  f["gshare_max3"] = np.nan_to_num(np.nanmax(gshares, axis=1), nan=0.0)
/home/user/Fantasy-Football/experiments/bottomup/components/pos_features.py:179: RuntimeWarning: All-NaN slice encountered
  f["gshare_max3"] = np.nan_to_num(np.nanmax(gshares, axis=1), nan=0.0)
/home/user/Fantasy-Football/experiments/bottomup/components/pos_features.py:179: RuntimeWarning: All-NaN slice encountered
  f["gshare_max3"] = np.nan_to_num(np.nanmax(gshares, axis=1), nan=0.0)
/home/user/Fantasy-Football/experiments/bottomup/components/pos_features.py:179: RuntimeWarning: All-NaN slice encountered
  f["gshare_max3"] = np.nan_to_num(np.nanmax(gshares, axis=1), nan=0.0)
/home/user/Fantasy-Football/experiments/bottomup/components/pos_features.py:179: RuntimeWarning: All-NaN slice encountered
  f["gshare_max3"] = np.nan_to_num(np.nanmax(gshares, axis=1), nan=0.0)
/home/user/Fantasy-Football/experiments/bottomup/components/pos_features.py:179: RuntimeWarning: All-NaN slice encountered
  f["gshare_max3"] = np.nan_to_num(np.nanmax(gshares, axis=1), nan=0.0)
/home/user/Fantasy-Football/experiments/bottomup/components/pos_features.py:179: RuntimeWarning: All-NaN slice encountered
  f["gshare_max3"] = np.nan_to_num(np.nanmax(gshares, axis=1), nan=0.0)
/home/user/Fantasy-Football/experiments/bottomup/components/pos_features.py:179: RuntimeWarning: All-NaN slice encountered
  f["gshare_max3"] = np.nan_to_num(np.nanmax(gshares, axis=1), nan=0.0)
/home/user/Fantasy-Football/experiments/bottomup/components/pos_features.py:179: RuntimeWarning: All-NaN slice encountered
  f["gshare_max3"] = np.nan_to_num(np.nanmax(gshares, axis=1), nan=0.0)
/home/user/Fantasy-Football/experiments/bottomup/components/pos_features.py:179: RuntimeWarning: All-NaN slice encountered
  f["gshare_max3"] = np.nan_to_num(np.nanmax(gshares, axis=1), nan=0.0)
/home/user/Fantasy-Football/experiments/bottomup/components/pos_features.py:179: RuntimeWarning: All-NaN slice encountered
  f["gshare_max3"] = np.nan_to_num(np.nanmax(gshares, axis=1), nan=0.0)
/home/user/Fantasy-Football/experiments/bottomup/components/pos_features.py:179: RuntimeWarning: All-NaN slice encountered
  f["gshare_max3"] = np.nan_to_num(np.nanmax(gshares, axis=1), nan=0.0)
/home/user/Fantasy-Football/experiments/bottomup/components/pos_features.py:179: RuntimeWarning: All-NaN slice encountered
  f["gshare_max3"] = np.nan_to_num(np.nanmax(gshares, axis=1), nan=0.0)
/home/user/Fantasy-Football/experiments/bottomup/components/pos_features.py:179: RuntimeWarning: All-NaN slice encountered
  f["gshare_max3"] = np.nan_to_num(np.nanmax(gshares, axis=1), nan=0.0)
/home/user/Fantasy-Football/experiments/bottomup/components/pos_features.py:179: RuntimeWarning: All-NaN slice encountered
  f["gshare_max3"] = np.nan_to_num(np.nanmax(gshares, axis=1), nan=0.0)
/home/user/Fantasy-Football/experiments/bottomup/components/pos_features.py:179: RuntimeWarning: All-NaN slice encountered
  f["gshare_max3"] = np.nan_to_num(np.nanmax(gshares, axis=1), nan=0.0)
/home/user/Fantasy-Football/experiments/bottomup/components/pos_features.py:179: RuntimeWarning: All-NaN slice encountered
  f["gshare_max3"] = np.nan_to_num(np.nanmax(gshares, axis=1), nan=0.0)
/home/user/Fantasy-Football/experiments/bottomup/components/pos_features.py:179: RuntimeWarning: All-NaN slice encountered
  f["gshare_max3"] = np.nan_to_num(np.nanmax(gshares, axis=1), nan=0.0)
/home/user/Fantasy-Football/experiments/bottomup/components/pos_features.py:179: RuntimeWarning: All-NaN slice encountered
  f["gshare_max3"] = np.nan_to_num(np.nanmax(gshares, axis=1), nan=0.0)
/home/user/Fantasy-Football/experiments/bottomup/components/pos_features.py:179: RuntimeWarning: All-NaN slice encountered
  f["gshare_max3"] = np.nan_to_num(np.nanmax(gshares, axis=1), nan=0.0)
/home/user/Fantasy-Football/experiments/bottomup/components/pos_features.py:179: RuntimeWarning: All-NaN slice encountered
  f["gshare_max3"] = np.nan_to_num(np.nanmax(gshares, axis=1), nan=0.0)
/home/user/Fantasy-Football/experiments/bottomup/components/pos_features.py:179: RuntimeWarning: All-NaN slice encountered
  f["gshare_max3"] = np.nan_to_num(np.nanmax(gshares, axis=1), nan=0.0)
/home/user/Fantasy-Football/experiments/bottomup/components/pos_features.py:179: RuntimeWarning: All-NaN slice encountered
  f["gshare_max3"] = np.nan_to_num(np.nanmax(gshares, axis=1), nan=0.0)
/home/user/Fantasy-Football/experiments/bottomup/components/pos_features.py:179: RuntimeWarning: All-NaN slice encountered
  f["gshare_max3"] = np.nan_to_num(np.nanmax(gshares, axis=1), nan=0.0)
/home/user/Fantasy-Football/experiments/bottomup/components/pos_features.py:179: RuntimeWarning: All-NaN slice encountered
  f["gshare_max3"] = np.nan_to_num(np.nanmax(gshares, axis=1), nan=0.0)
/home/user/Fantasy-Football/experiments/bottomup/components/pos_features.py:179: RuntimeWarning: All-NaN slice encountered
  f["gshare_max3"] = np.nan_to_num(np.nanmax(gshares, axis=1), nan=0.0)
/home/user/Fantasy-Football/experiments/bottomup/components/pos_features.py:179: RuntimeWarning: All-NaN slice encountered
  f["gshare_max3"] = np.nan_to_num(np.nanmax(gshares, axis=1), nan=0.0)

======================================================================================================================
BATCH-D1 (BH at campaign M=218, q=0.1; * = CI verdict only, GRADING SUSPENDED per C1)
======================================================================================================================
arm endpoint position  n_seasons  ctrl_mean  arm_mean   delta      lo     hi      p  placebo_delta vs_placebo verdict  bh_reject_campaign
 B0       E1       QB          7     0.2450    0.2731  0.0281  0.0096 0.0510 0.0002         0.0044     clears    WIN*                True
 B0       E1       RB          7     0.4398    0.4382 -0.0016 -0.0071 0.0035 0.5735        -0.0003     inside    NULL               False
 B0       E1       TE          7     0.3966    0.4059  0.0093 -0.0097 0.0355 0.5120         0.0051     clears    NULL               False
 B0       E1       WR          7     0.5602    0.5638  0.0036 -0.0076 0.0128 0.4920         0.0043     inside    NULL               False
 B0       E2       QB          7     0.0954    0.0886 -0.0068 -0.1250 0.1107 0.9125        -0.0238     clears    NULL               False
 B0       E2       RB          7     0.1288    0.1960  0.0672  0.0164 0.1225 0.0080         0.0700     inside    WIN*               False
 B0       E2       TE          7     0.1750    0.1028 -0.0722 -0.3613 0.1972 0.6215        -0.0769     clears    NULL               False
 B0       E2       WR          7     0.1696    0.2366  0.0670 -0.0144 0.1376 0.1060         0.0653     clears    NULL               False
[recorded] avail_d1_cells.csv + avail_d1_contrasts.csv + avail_d1_players/B0.csv.gz

### arm A1 — practice participation (DNP / Limited / Full) (vs CTRL-A, ('QB', 'RB', 'WR', 'TE'))
/home/user/Fantasy-Football/experiments/bottomup/components/pos_features.py:179: RuntimeWarning: All-NaN slice encountered
  f["gshare_max3"] = np.nan_to_num(np.nanmax(gshares, axis=1), nan=0.0)
/home/user/Fantasy-Football/experiments/bottomup/components/pos_features.py:179: RuntimeWarning: All-NaN slice encountered
  f["gshare_max3"] = np.nan_to_num(np.nanmax(gshares, axis=1), nan=0.0)
/home/user/Fantasy-Football/experiments/bottomup/components/pos_features.py:179: RuntimeWarning: All-NaN slice encountered
  f["gshare_max3"] = np.nan_to_num(np.nanmax(gshares, axis=1), nan=0.0)
/home/user/Fantasy-Football/experiments/bottomup/components/pos_features.py:179: RuntimeWarning: All-NaN slice encountered
  f["gshare_max3"] = np.nan_to_num(np.nanmax(gshares, axis=1), nan=0.0)
/home/user/Fantasy-Football/experiments/bottomup/components/pos_features.py:179: RuntimeWarning: All-NaN slice encountered
  f["gshare_max3"] = np.nan_to_num(np.nanmax(gshares, axis=1), nan=0.0)
/home/user/Fantasy-Football/experiments/bottomup/components/pos_features.py:179: RuntimeWarning: All-NaN slice encountered
  f["gshare_max3"] = np.nan_to_num(np.nanmax(gshares, axis=1), nan=0.0)
/home/user/Fantasy-Football/experiments/bottomup/components/pos_features.py:179: RuntimeWarning: All-NaN slice encountered
  f["gshare_max3"] = np.nan_to_num(np.nanmax(gshares, axis=1), nan=0.0)
/home/user/Fantasy-Football/experiments/bottomup/components/pos_features.py:179: RuntimeWarning: All-NaN slice encountered
  f["gshare_max3"] = np.nan_to_num(np.nanmax(gshares, axis=1), nan=0.0)
/home/user/Fantasy-Football/experiments/bottomup/components/pos_features.py:179: RuntimeWarning: All-NaN slice encountered
  f["gshare_max3"] = np.nan_to_num(np.nanmax(gshares, axis=1), nan=0.0)
/home/user/Fantasy-Football/experiments/bottomup/components/pos_features.py:179: RuntimeWarning: All-NaN slice encountered
  f["gshare_max3"] = np.nan_to_num(np.nanmax(gshares, axis=1), nan=0.0)
/home/user/Fantasy-Football/experiments/bottomup/components/pos_features.py:179: RuntimeWarning: All-NaN slice encountered
  f["gshare_max3"] = np.nan_to_num(np.nanmax(gshares, axis=1), nan=0.0)
/home/user/Fantasy-Football/experiments/bottomup/components/pos_features.py:179: RuntimeWarning: All-NaN slice encountered
  f["gshare_max3"] = np.nan_to_num(np.nanmax(gshares, axis=1), nan=0.0)
/home/user/Fantasy-Football/experiments/bottomup/components/pos_features.py:179: RuntimeWarning: All-NaN slice encountered
  f["gshare_max3"] = np.nan_to_num(np.nanmax(gshares, axis=1), nan=0.0)
/home/user/Fantasy-Football/experiments/bottomup/components/pos_features.py:179: RuntimeWarning: All-NaN slice encountered
  f["gshare_max3"] = np.nan_to_num(np.nanmax(gshares, axis=1), nan=0.0)
/home/user/Fantasy-Football/experiments/bottomup/components/pos_features.py:179: RuntimeWarning: All-NaN slice encountered
  f["gshare_max3"] = np.nan_to_num(np.nanmax(gshares, axis=1), nan=0.0)
/home/user/Fantasy-Football/experiments/bottomup/components/pos_features.py:179: RuntimeWarning: All-NaN slice encountered
  f["gshare_max3"] = np.nan_to_num(np.nanmax(gshares, axis=1), nan=0.0)
/home/user/Fantasy-Football/experiments/bottomup/components/pos_features.py:179: RuntimeWarning: All-NaN slice encountered
  f["gshare_max3"] = np.nan_to_num(np.nanmax(gshares, axis=1), nan=0.0)
/home/user/Fantasy-Football/experiments/bottomup/components/pos_features.py:179: RuntimeWarning: All-NaN slice encountered
  f["gshare_max3"] = np.nan_to_num(np.nanmax(gshares, axis=1), nan=0.0)
/home/user/Fantasy-Football/experiments/bottomup/components/pos_features.py:179: RuntimeWarning: All-NaN slice encountered
  f["gshare_max3"] = np.nan_to_num(np.nanmax(gshares, axis=1), nan=0.0)
/home/user/Fantasy-Football/experiments/bottomup/components/pos_features.py:179: RuntimeWarning: All-NaN slice encountered
  f["gshare_max3"] = np.nan_to_num(np.nanmax(gshares, axis=1), nan=0.0)
/home/user/Fantasy-Football/experiments/bottomup/components/pos_features.py:179: RuntimeWarning: All-NaN slice encountered
  f["gshare_max3"] = np.nan_to_num(np.nanmax(gshares, axis=1), nan=0.0)
/home/user/Fantasy-Football/experiments/bottomup/components/pos_features.py:179: RuntimeWarning: All-NaN slice encountered
  f["gshare_max3"] = np.nan_to_num(np.nanmax(gshares, axis=1), nan=0.0)
/home/user/Fantasy-Football/experiments/bottomup/components/pos_features.py:179: RuntimeWarning: All-NaN slice encountered
  f["gshare_max3"] = np.nan_to_num(np.nanmax(gshares, axis=1), nan=0.0)
/home/user/Fantasy-Football/experiments/bottomup/components/pos_features.py:179: RuntimeWarning: All-NaN slice encountered
  f["gshare_max3"] = np.nan_to_num(np.nanmax(gshares, axis=1), nan=0.0)
/home/user/Fantasy-Football/experiments/bottomup/components/pos_features.py:179: RuntimeWarning: All-NaN slice encountered
  f["gshare_max3"] = np.nan_to_num(np.nanmax(gshares, axis=1), nan=0.0)
/home/user/Fantasy-Football/experiments/bottomup/components/pos_features.py:179: RuntimeWarning: All-NaN slice encountered
  f["gshare_max3"] = np.nan_to_num(np.nanmax(gshares, axis=1), nan=0.0)
/home/user/Fantasy-Football/experiments/bottomup/components/pos_features.py:179: RuntimeWarning: All-NaN slice encountered
  f["gshare_max3"] = np.nan_to_num(np.nanmax(gshares, axis=1), nan=0.0)
/home/user/Fantasy-Football/experiments/bottomup/components/pos_features.py:179: RuntimeWarning: All-NaN slice encountered
  f["gshare_max3"] = np.nan_to_num(np.nanmax(gshares, axis=1), nan=0.0)
/home/user/Fantasy-Football/experiments/bottomup/components/pos_features.py:179: RuntimeWarning: All-NaN slice encountered
  f["gshare_max3"] = np.nan_to_num(np.nanmax(gshares, axis=1), nan=0.0)
/home/user/Fantasy-Football/experiments/bottomup/components/pos_features.py:179: RuntimeWarning: All-NaN slice encountered
  f["gshare_max3"] = np.nan_to_num(np.nanmax(gshares, axis=1), nan=0.0)
/home/user/Fantasy-Football/experiments/bottomup/components/pos_features.py:179: RuntimeWarning: All-NaN slice encountered
  f["gshare_max3"] = np.nan_to_num(np.nanmax(gshares, axis=1), nan=0.0)
/home/user/Fantasy-Football/experiments/bottomup/components/pos_features.py:179: RuntimeWarning: All-NaN slice encountered
  f["gshare_max3"] = np.nan_to_num(np.nanmax(gshares, axis=1), nan=0.0)
/home/user/Fantasy-Football/experiments/bottomup/components/pos_features.py:179: RuntimeWarning: All-NaN slice encountered
  f["gshare_max3"] = np.nan_to_num(np.nanmax(gshares, axis=1), nan=0.0)
/home/user/Fantasy-Football/experiments/bottomup/components/pos_features.py:179: RuntimeWarning: All-NaN slice encountered
  f["gshare_max3"] = np.nan_to_num(np.nanmax(gshares, axis=1), nan=0.0)
/home/user/Fantasy-Football/experiments/bottomup/components/pos_features.py:179: RuntimeWarning: All-NaN slice encountered
  f["gshare_max3"] = np.nan_to_num(np.nanmax(gshares, axis=1), nan=0.0)
/home/user/Fantasy-Football/experiments/bottomup/components/pos_features.py:179: RuntimeWarning: All-NaN slice encountered
  f["gshare_max3"] = np.nan_to_num(np.nanmax(gshares, axis=1), nan=0.0)
/home/user/Fantasy-Football/experiments/bottomup/components/pos_features.py:179: RuntimeWarning: All-NaN slice encountered
  f["gshare_max3"] = np.nan_to_num(np.nanmax(gshares, axis=1), nan=0.0)
/home/user/Fantasy-Football/experiments/bottomup/components/pos_features.py:179: RuntimeWarning: All-NaN slice encountered
  f["gshare_max3"] = np.nan_to_num(np.nanmax(gshares, axis=1), nan=0.0)
/home/user/Fantasy-Football/experiments/bottomup/components/pos_features.py:179: RuntimeWarning: All-NaN slice encountered
  f["gshare_max3"] = np.nan_to_num(np.nanmax(gshares, axis=1), nan=0.0)
/home/user/Fantasy-Football/experiments/bottomup/components/pos_features.py:179: RuntimeWarning: All-NaN slice encountered
  f["gshare_max3"] = np.nan_to_num(np.nanmax(gshares, axis=1), nan=0.0)
/home/user/Fantasy-Football/experiments/bottomup/components/pos_features.py:179: RuntimeWarning: All-NaN slice encountered
  f["gshare_max3"] = np.nan_to_num(np.nanmax(gshares, axis=1), nan=0.0)
/home/user/Fantasy-Football/experiments/bottomup/components/pos_features.py:179: RuntimeWarning: All-NaN slice encountered
  f["gshare_max3"] = np.nan_to_num(np.nanmax(gshares, axis=1), nan=0.0)
/home/user/Fantasy-Football/experiments/bottomup/components/pos_features.py:179: RuntimeWarning: All-NaN slice encountered
  f["gshare_max3"] = np.nan_to_num(np.nanmax(gshares, axis=1), nan=0.0)
/home/user/Fantasy-Football/experiments/bottomup/components/pos_features.py:179: RuntimeWarning: All-NaN slice encountered
  f["gshare_max3"] = np.nan_to_num(np.nanmax(gshares, axis=1), nan=0.0)
/home/user/Fantasy-Football/experiments/bottomup/components/pos_features.py:179: RuntimeWarning: All-NaN slice encountered
  f["gshare_max3"] = np.nan_to_num(np.nanmax(gshares, axis=1), nan=0.0)
/home/user/Fantasy-Football/experiments/bottomup/components/pos_features.py:179: RuntimeWarning: All-NaN slice encountered
  f["gshare_max3"] = np.nan_to_num(np.nanmax(gshares, axis=1), nan=0.0)
/home/user/Fantasy-Football/experiments/bottomup/components/pos_features.py:179: RuntimeWarning: All-NaN slice encountered
  f["gshare_max3"] = np.nan_to_num(np.nanmax(gshares, axis=1), nan=0.0)
/home/user/Fantasy-Football/experiments/bottomup/components/pos_features.py:179: RuntimeWarning: All-NaN slice encountered
  f["gshare_max3"] = np.nan_to_num(np.nanmax(gshares, axis=1), nan=0.0)
/home/user/Fantasy-Football/experiments/bottomup/components/pos_features.py:179: RuntimeWarning: All-NaN slice encountered
  f["gshare_max3"] = np.nan_to_num(np.nanmax(gshares, axis=1), nan=0.0)
/home/user/Fantasy-Football/experiments/bottomup/components/pos_features.py:179: RuntimeWarning: All-NaN slice encountered
  f["gshare_max3"] = np.nan_to_num(np.nanmax(gshares, axis=1), nan=0.0)
/home/user/Fantasy-Football/experiments/bottomup/components/pos_features.py:179: RuntimeWarning: All-NaN slice encountered
  f["gshare_max3"] = np.nan_to_num(np.nanmax(gshares, axis=1), nan=0.0)
/home/user/Fantasy-Football/experiments/bottomup/components/pos_features.py:179: RuntimeWarning: All-NaN slice encountered
  f["gshare_max3"] = np.nan_to_num(np.nanmax(gshares, axis=1), nan=0.0)
/home/user/Fantasy-Football/experiments/bottomup/components/pos_features.py:179: RuntimeWarning: All-NaN slice encountered
  f["gshare_max3"] = np.nan_to_num(np.nanmax(gshares, axis=1), nan=0.0)
/home/user/Fantasy-Football/experiments/bottomup/components/pos_features.py:179: RuntimeWarning: All-NaN slice encountered
  f["gshare_max3"] = np.nan_to_num(np.nanmax(gshares, axis=1), nan=0.0)
/home/user/Fantasy-Football/experiments/bottomup/components/pos_features.py:179: RuntimeWarning: All-NaN slice encountered
  f["gshare_max3"] = np.nan_to_num(np.nanmax(gshares, axis=1), nan=0.0)
/home/user/Fantasy-Football/experiments/bottomup/components/pos_features.py:179: RuntimeWarning: All-NaN slice encountered
  f["gshare_max3"] = np.nan_to_num(np.nanmax(gshares, axis=1), nan=0.0)
/home/user/Fantasy-Football/experiments/bottomup/components/pos_features.py:179: RuntimeWarning: All-NaN slice encountered
  f["gshare_max3"] = np.nan_to_num(np.nanmax(gshares, axis=1), nan=0.0)
/home/user/Fantasy-Football/experiments/bottomup/components/pos_features.py:179: RuntimeWarning: All-NaN slice encountered
  f["gshare_max3"] = np.nan_to_num(np.nanmax(gshares, axis=1), nan=0.0)
/home/user/Fantasy-Football/experiments/bottomup/components/pos_features.py:179: RuntimeWarning: All-NaN slice encountered
  f["gshare_max3"] = np.nan_to_num(np.nanmax(gshares, axis=1), nan=0.0)
/home/user/Fantasy-Football/experiments/bottomup/components/pos_features.py:179: RuntimeWarning: All-NaN slice encountered
  f["gshare_max3"] = np.nan_to_num(np.nanmax(gshares, axis=1), nan=0.0)
/home/user/Fantasy-Football/experiments/bottomup/components/pos_features.py:179: RuntimeWarning: All-NaN slice encountered
  f["gshare_max3"] = np.nan_to_num(np.nanmax(gshares, axis=1), nan=0.0)
/home/user/Fantasy-Football/experiments/bottomup/components/pos_features.py:179: RuntimeWarning: All-NaN slice encountered
  f["gshare_max3"] = np.nan_to_num(np.nanmax(gshares, axis=1), nan=0.0)
/home/user/Fantasy-Football/experiments/bottomup/components/pos_features.py:179: RuntimeWarning: All-NaN slice encountered
  f["gshare_max3"] = np.nan_to_num(np.nanmax(gshares, axis=1), nan=0.0)
/home/user/Fantasy-Football/experiments/bottomup/components/pos_features.py:179: RuntimeWarning: All-NaN slice encountered
  f["gshare_max3"] = np.nan_to_num(np.nanmax(gshares, axis=1), nan=0.0)
/home/user/Fantasy-Football/experiments/bottomup/components/pos_features.py:179: RuntimeWarning: All-NaN slice encountered
  f["gshare_max3"] = np.nan_to_num(np.nanmax(gshares, axis=1), nan=0.0)
/home/user/Fantasy-Football/experiments/bottomup/components/pos_features.py:179: RuntimeWarning: All-NaN slice encountered
  f["gshare_max3"] = np.nan_to_num(np.nanmax(gshares, axis=1), nan=0.0)
/home/user/Fantasy-Football/experiments/bottomup/components/pos_features.py:179: RuntimeWarning: All-NaN slice encountered
  f["gshare_max3"] = np.nan_to_num(np.nanmax(gshares, axis=1), nan=0.0)
/home/user/Fantasy-Football/experiments/bottomup/components/pos_features.py:179: RuntimeWarning: All-NaN slice encountered
  f["gshare_max3"] = np.nan_to_num(np.nanmax(gshares, axis=1), nan=0.0)
/home/user/Fantasy-Football/experiments/bottomup/components/pos_features.py:179: RuntimeWarning: All-NaN slice encountered
  f["gshare_max3"] = np.nan_to_num(np.nanmax(gshares, axis=1), nan=0.0)
/home/user/Fantasy-Football/experiments/bottomup/components/pos_features.py:179: RuntimeWarning: All-NaN slice encountered
  f["gshare_max3"] = np.nan_to_num(np.nanmax(gshares, axis=1), nan=0.0)
/home/user/Fantasy-Football/experiments/bottomup/components/pos_features.py:179: RuntimeWarning: All-NaN slice encountered
  f["gshare_max3"] = np.nan_to_num(np.nanmax(gshares, axis=1), nan=0.0)
/home/user/Fantasy-Football/experiments/bottomup/components/pos_features.py:179: RuntimeWarning: All-NaN slice encountered
  f["gshare_max3"] = np.nan_to_num(np.nanmax(gshares, axis=1), nan=0.0)
/home/user/Fantasy-Football/experiments/bottomup/components/pos_features.py:179: RuntimeWarning: All-NaN slice encountered
  f["gshare_max3"] = np.nan_to_num(np.nanmax(gshares, axis=1), nan=0.0)
/home/user/Fantasy-Football/experiments/bottomup/components/pos_features.py:179: RuntimeWarning: All-NaN slice encountered
  f["gshare_max3"] = np.nan_to_num(np.nanmax(gshares, axis=1), nan=0.0)
/home/user/Fantasy-Football/experiments/bottomup/components/pos_features.py:179: RuntimeWarning: All-NaN slice encountered
  f["gshare_max3"] = np.nan_to_num(np.nanmax(gshares, axis=1), nan=0.0)
/home/user/Fantasy-Football/experiments/bottomup/components/pos_features.py:179: RuntimeWarning: All-NaN slice encountered
  f["gshare_max3"] = np.nan_to_num(np.nanmax(gshares, axis=1), nan=0.0)

======================================================================================================================
BATCH-D1 (BH at campaign M=218, q=0.1; * = CI verdict only, GRADING SUSPENDED per C1)
======================================================================================================================
arm endpoint position  n_seasons  ctrl_mean  arm_mean   delta      lo     hi      p  placebo_delta vs_placebo verdict  bh_reject_campaign
 A1       E1       QB          7     0.2450    0.2042 -0.0408 -0.0911 0.0054 0.0840         0.0044     inside    NULL               False
 A1       E1       RB          7     0.4398    0.4316 -0.0082 -0.0226 0.0078 0.3200        -0.0003     inside    NULL               False
 A1       E1       TE          7     0.3966    0.3732 -0.0235 -0.0658 0.0310 0.3645         0.0051     inside    NULL               False
 A1       E1       WR          7     0.5602    0.5492 -0.0110 -0.0345 0.0113 0.3810         0.0043     inside    NULL               False
 A1       E2       QB          7     0.0954    0.0561 -0.0393 -0.1641 0.0693 0.5445        -0.0238     inside    NULL               False
 A1       E2       RB          7     0.1288    0.1357  0.0069 -0.0706 0.0753 0.8195         0.0700     inside    NULL               False
 A1       E2       TE          7     0.1750    0.1238 -0.0511 -0.3326 0.1916 0.7225        -0.0769     clears    NULL               False
 A1       E2       WR          7     0.1696    0.2298  0.0602 -0.0495 0.1627 0.2665         0.0653     inside    NULL               False
[recorded] avail_d1_cells.csv + avail_d1_contrasts.csv + avail_d1_players/A1.csv.gz

### arm A1k — CONTROL - bare 'appeared on an injury report in N-1' (vs CTRL-A, ('QB', 'RB', 'WR', 'TE'))
/home/user/Fantasy-Football/experiments/bottomup/components/pos_features.py:179: RuntimeWarning: All-NaN slice encountered
  f["gshare_max3"] = np.nan_to_num(np.nanmax(gshares, axis=1), nan=0.0)
/home/user/Fantasy-Football/experiments/bottomup/components/pos_features.py:179: RuntimeWarning: All-NaN slice encountered
  f["gshare_max3"] = np.nan_to_num(np.nanmax(gshares, axis=1), nan=0.0)
/home/user/Fantasy-Football/experiments/bottomup/components/pos_features.py:179: RuntimeWarning: All-NaN slice encountered
  f["gshare_max3"] = np.nan_to_num(np.nanmax(gshares, axis=1), nan=0.0)
/home/user/Fantasy-Football/experiments/bottomup/components/pos_features.py:179: RuntimeWarning: All-NaN slice encountered
  f["gshare_max3"] = np.nan_to_num(np.nanmax(gshares, axis=1), nan=0.0)
/home/user/Fantasy-Football/experiments/bottomup/components/pos_features.py:179: RuntimeWarning: All-NaN slice encountered
  f["gshare_max3"] = np.nan_to_num(np.nanmax(gshares, axis=1), nan=0.0)
/home/user/Fantasy-Football/experiments/bottomup/components/pos_features.py:179: RuntimeWarning: All-NaN slice encountered
  f["gshare_max3"] = np.nan_to_num(np.nanmax(gshares, axis=1), nan=0.0)
/home/user/Fantasy-Football/experiments/bottomup/components/pos_features.py:179: RuntimeWarning: All-NaN slice encountered
  f["gshare_max3"] = np.nan_to_num(np.nanmax(gshares, axis=1), nan=0.0)
/home/user/Fantasy-Football/experiments/bottomup/components/pos_features.py:179: RuntimeWarning: All-NaN slice encountered
  f["gshare_max3"] = np.nan_to_num(np.nanmax(gshares, axis=1), nan=0.0)
/home/user/Fantasy-Football/experiments/bottomup/components/pos_features.py:179: RuntimeWarning: All-NaN slice encountered
  f["gshare_max3"] = np.nan_to_num(np.nanmax(gshares, axis=1), nan=0.0)
/home/user/Fantasy-Football/experiments/bottomup/components/pos_features.py:179: RuntimeWarning: All-NaN slice encountered
  f["gshare_max3"] = np.nan_to_num(np.nanmax(gshares, axis=1), nan=0.0)
/home/user/Fantasy-Football/experiments/bottomup/components/pos_features.py:179: RuntimeWarning: All-NaN slice encountered
  f["gshare_max3"] = np.nan_to_num(np.nanmax(gshares, axis=1), nan=0.0)
/home/user/Fantasy-Football/experiments/bottomup/components/pos_features.py:179: RuntimeWarning: All-NaN slice encountered
  f["gshare_max3"] = np.nan_to_num(np.nanmax(gshares, axis=1), nan=0.0)
/home/user/Fantasy-Football/experiments/bottomup/components/pos_features.py:179: RuntimeWarning: All-NaN slice encountered
  f["gshare_max3"] = np.nan_to_num(np.nanmax(gshares, axis=1), nan=0.0)
/home/user/Fantasy-Football/experiments/bottomup/components/pos_features.py:179: RuntimeWarning: All-NaN slice encountered
  f["gshare_max3"] = np.nan_to_num(np.nanmax(gshares, axis=1), nan=0.0)
/home/user/Fantasy-Football/experiments/bottomup/components/pos_features.py:179: RuntimeWarning: All-NaN slice encountered
  f["gshare_max3"] = np.nan_to_num(np.nanmax(gshares, axis=1), nan=0.0)
/home/user/Fantasy-Football/experiments/bottomup/components/pos_features.py:179: RuntimeWarning: All-NaN slice encountered
  f["gshare_max3"] = np.nan_to_num(np.nanmax(gshares, axis=1), nan=0.0)
/home/user/Fantasy-Football/experiments/bottomup/components/pos_features.py:179: RuntimeWarning: All-NaN slice encountered
  f["gshare_max3"] = np.nan_to_num(np.nanmax(gshares, axis=1), nan=0.0)
/home/user/Fantasy-Football/experiments/bottomup/components/pos_features.py:179: RuntimeWarning: All-NaN slice encountered
  f["gshare_max3"] = np.nan_to_num(np.nanmax(gshares, axis=1), nan=0.0)
/home/user/Fantasy-Football/experiments/bottomup/components/pos_features.py:179: RuntimeWarning: All-NaN slice encountered
  f["gshare_max3"] = np.nan_to_num(np.nanmax(gshares, axis=1), nan=0.0)
/home/user/Fantasy-Football/experiments/bottomup/components/pos_features.py:179: RuntimeWarning: All-NaN slice encountered
  f["gshare_max3"] = np.nan_to_num(np.nanmax(gshares, axis=1), nan=0.0)
/home/user/Fantasy-Football/experiments/bottomup/components/pos_features.py:179: RuntimeWarning: All-NaN slice encountered
  f["gshare_max3"] = np.nan_to_num(np.nanmax(gshares, axis=1), nan=0.0)
/home/user/Fantasy-Football/experiments/bottomup/components/pos_features.py:179: RuntimeWarning: All-NaN slice encountered
  f["gshare_max3"] = np.nan_to_num(np.nanmax(gshares, axis=1), nan=0.0)
/home/user/Fantasy-Football/experiments/bottomup/components/pos_features.py:179: RuntimeWarning: All-NaN slice encountered
  f["gshare_max3"] = np.nan_to_num(np.nanmax(gshares, axis=1), nan=0.0)
/home/user/Fantasy-Football/experiments/bottomup/components/pos_features.py:179: RuntimeWarning: All-NaN slice encountered
  f["gshare_max3"] = np.nan_to_num(np.nanmax(gshares, axis=1), nan=0.0)
/home/user/Fantasy-Football/experiments/bottomup/components/pos_features.py:179: RuntimeWarning: All-NaN slice encountered
  f["gshare_max3"] = np.nan_to_num(np.nanmax(gshares, axis=1), nan=0.0)
/home/user/Fantasy-Football/experiments/bottomup/components/pos_features.py:179: RuntimeWarning: All-NaN slice encountered
  f["gshare_max3"] = np.nan_to_num(np.nanmax(gshares, axis=1), nan=0.0)
/home/user/Fantasy-Football/experiments/bottomup/components/pos_features.py:179: RuntimeWarning: All-NaN slice encountered
  f["gshare_max3"] = np.nan_to_num(np.nanmax(gshares, axis=1), nan=0.0)
/home/user/Fantasy-Football/experiments/bottomup/components/pos_features.py:179: RuntimeWarning: All-NaN slice encountered
  f["gshare_max3"] = np.nan_to_num(np.nanmax(gshares, axis=1), nan=0.0)
/home/user/Fantasy-Football/experiments/bottomup/components/pos_features.py:179: RuntimeWarning: All-NaN slice encountered
  f["gshare_max3"] = np.nan_to_num(np.nanmax(gshares, axis=1), nan=0.0)
/home/user/Fantasy-Football/experiments/bottomup/components/pos_features.py:179: RuntimeWarning: All-NaN slice encountered
  f["gshare_max3"] = np.nan_to_num(np.nanmax(gshares, axis=1), nan=0.0)
/home/user/Fantasy-Football/experiments/bottomup/components/pos_features.py:179: RuntimeWarning: All-NaN slice encountered
  f["gshare_max3"] = np.nan_to_num(np.nanmax(gshares, axis=1), nan=0.0)
/home/user/Fantasy-Football/experiments/bottomup/components/pos_features.py:179: RuntimeWarning: All-NaN slice encountered
  f["gshare_max3"] = np.nan_to_num(np.nanmax(gshares, axis=1), nan=0.0)
/home/user/Fantasy-Football/experiments/bottomup/components/pos_features.py:179: RuntimeWarning: All-NaN slice encountered
  f["gshare_max3"] = np.nan_to_num(np.nanmax(gshares, axis=1), nan=0.0)
/home/user/Fantasy-Football/experiments/bottomup/components/pos_features.py:179: RuntimeWarning: All-NaN slice encountered
  f["gshare_max3"] = np.nan_to_num(np.nanmax(gshares, axis=1), nan=0.0)
/home/user/Fantasy-Football/experiments/bottomup/components/pos_features.py:179: RuntimeWarning: All-NaN slice encountered
  f["gshare_max3"] = np.nan_to_num(np.nanmax(gshares, axis=1), nan=0.0)
/home/user/Fantasy-Football/experiments/bottomup/components/pos_features.py:179: RuntimeWarning: All-NaN slice encountered
  f["gshare_max3"] = np.nan_to_num(np.nanmax(gshares, axis=1), nan=0.0)
/home/user/Fantasy-Football/experiments/bottomup/components/pos_features.py:179: RuntimeWarning: All-NaN slice encountered
  f["gshare_max3"] = np.nan_to_num(np.nanmax(gshares, axis=1), nan=0.0)
/home/user/Fantasy-Football/experiments/bottomup/components/pos_features.py:179: RuntimeWarning: All-NaN slice encountered
  f["gshare_max3"] = np.nan_to_num(np.nanmax(gshares, axis=1), nan=0.0)
/home/user/Fantasy-Football/experiments/bottomup/components/pos_features.py:179: RuntimeWarning: All-NaN slice encountered
  f["gshare_max3"] = np.nan_to_num(np.nanmax(gshares, axis=1), nan=0.0)
/home/user/Fantasy-Football/experiments/bottomup/components/pos_features.py:179: RuntimeWarning: All-NaN slice encountered
  f["gshare_max3"] = np.nan_to_num(np.nanmax(gshares, axis=1), nan=0.0)
/home/user/Fantasy-Football/experiments/bottomup/components/pos_features.py:179: RuntimeWarning: All-NaN slice encountered
  f["gshare_max3"] = np.nan_to_num(np.nanmax(gshares, axis=1), nan=0.0)
/home/user/Fantasy-Football/experiments/bottomup/components/pos_features.py:179: RuntimeWarning: All-NaN slice encountered
  f["gshare_max3"] = np.nan_to_num(np.nanmax(gshares, axis=1), nan=0.0)
/home/user/Fantasy-Football/experiments/bottomup/components/pos_features.py:179: RuntimeWarning: All-NaN slice encountered
  f["gshare_max3"] = np.nan_to_num(np.nanmax(gshares, axis=1), nan=0.0)
/home/user/Fantasy-Football/experiments/bottomup/components/pos_features.py:179: RuntimeWarning: All-NaN slice encountered
  f["gshare_max3"] = np.nan_to_num(np.nanmax(gshares, axis=1), nan=0.0)
/home/user/Fantasy-Football/experiments/bottomup/components/pos_features.py:179: RuntimeWarning: All-NaN slice encountered
  f["gshare_max3"] = np.nan_to_num(np.nanmax(gshares, axis=1), nan=0.0)
/home/user/Fantasy-Football/experiments/bottomup/components/pos_features.py:179: RuntimeWarning: All-NaN slice encountered
  f["gshare_max3"] = np.nan_to_num(np.nanmax(gshares, axis=1), nan=0.0)
/home/user/Fantasy-Football/experiments/bottomup/components/pos_features.py:179: RuntimeWarning: All-NaN slice encountered
  f["gshare_max3"] = np.nan_to_num(np.nanmax(gshares, axis=1), nan=0.0)
/home/user/Fantasy-Football/experiments/bottomup/components/pos_features.py:179: RuntimeWarning: All-NaN slice encountered
  f["gshare_max3"] = np.nan_to_num(np.nanmax(gshares, axis=1), nan=0.0)
/home/user/Fantasy-Football/experiments/bottomup/components/pos_features.py:179: RuntimeWarning: All-NaN slice encountered
  f["gshare_max3"] = np.nan_to_num(np.nanmax(gshares, axis=1), nan=0.0)
/home/user/Fantasy-Football/experiments/bottomup/components/pos_features.py:179: RuntimeWarning: All-NaN slice encountered
  f["gshare_max3"] = np.nan_to_num(np.nanmax(gshares, axis=1), nan=0.0)
/home/user/Fantasy-Football/experiments/bottomup/components/pos_features.py:179: RuntimeWarning: All-NaN slice encountered
  f["gshare_max3"] = np.nan_to_num(np.nanmax(gshares, axis=1), nan=0.0)
/home/user/Fantasy-Football/experiments/bottomup/components/pos_features.py:179: RuntimeWarning: All-NaN slice encountered
  f["gshare_max3"] = np.nan_to_num(np.nanmax(gshares, axis=1), nan=0.0)
/home/user/Fantasy-Football/experiments/bottomup/components/pos_features.py:179: RuntimeWarning: All-NaN slice encountered
  f["gshare_max3"] = np.nan_to_num(np.nanmax(gshares, axis=1), nan=0.0)
/home/user/Fantasy-Football/experiments/bottomup/components/pos_features.py:179: RuntimeWarning: All-NaN slice encountered
  f["gshare_max3"] = np.nan_to_num(np.nanmax(gshares, axis=1), nan=0.0)
/home/user/Fantasy-Football/experiments/bottomup/components/pos_features.py:179: RuntimeWarning: All-NaN slice encountered
  f["gshare_max3"] = np.nan_to_num(np.nanmax(gshares, axis=1), nan=0.0)
/home/user/Fantasy-Football/experiments/bottomup/components/pos_features.py:179: RuntimeWarning: All-NaN slice encountered
  f["gshare_max3"] = np.nan_to_num(np.nanmax(gshares, axis=1), nan=0.0)
/home/user/Fantasy-Football/experiments/bottomup/components/pos_features.py:179: RuntimeWarning: All-NaN slice encountered
  f["gshare_max3"] = np.nan_to_num(np.nanmax(gshares, axis=1), nan=0.0)
/home/user/Fantasy-Football/experiments/bottomup/components/pos_features.py:179: RuntimeWarning: All-NaN slice encountered
  f["gshare_max3"] = np.nan_to_num(np.nanmax(gshares, axis=1), nan=0.0)
/home/user/Fantasy-Football/experiments/bottomup/components/pos_features.py:179: RuntimeWarning: All-NaN slice encountered
  f["gshare_max3"] = np.nan_to_num(np.nanmax(gshares, axis=1), nan=0.0)
/home/user/Fantasy-Football/experiments/bottomup/components/pos_features.py:179: RuntimeWarning: All-NaN slice encountered
  f["gshare_max3"] = np.nan_to_num(np.nanmax(gshares, axis=1), nan=0.0)
/home/user/Fantasy-Football/experiments/bottomup/components/pos_features.py:179: RuntimeWarning: All-NaN slice encountered
  f["gshare_max3"] = np.nan_to_num(np.nanmax(gshares, axis=1), nan=0.0)
/home/user/Fantasy-Football/experiments/bottomup/components/pos_features.py:179: RuntimeWarning: All-NaN slice encountered
  f["gshare_max3"] = np.nan_to_num(np.nanmax(gshares, axis=1), nan=0.0)
/home/user/Fantasy-Football/experiments/bottomup/components/pos_features.py:179: RuntimeWarning: All-NaN slice encountered
  f["gshare_max3"] = np.nan_to_num(np.nanmax(gshares, axis=1), nan=0.0)
/home/user/Fantasy-Football/experiments/bottomup/components/pos_features.py:179: RuntimeWarning: All-NaN slice encountered
  f["gshare_max3"] = np.nan_to_num(np.nanmax(gshares, axis=1), nan=0.0)
/home/user/Fantasy-Football/experiments/bottomup/components/pos_features.py:179: RuntimeWarning: All-NaN slice encountered
  f["gshare_max3"] = np.nan_to_num(np.nanmax(gshares, axis=1), nan=0.0)
/home/user/Fantasy-Football/experiments/bottomup/components/pos_features.py:179: RuntimeWarning: All-NaN slice encountered
  f["gshare_max3"] = np.nan_to_num(np.nanmax(gshares, axis=1), nan=0.0)
/home/user/Fantasy-Football/experiments/bottomup/components/pos_features.py:179: RuntimeWarning: All-NaN slice encountered
  f["gshare_max3"] = np.nan_to_num(np.nanmax(gshares, axis=1), nan=0.0)
/home/user/Fantasy-Football/experiments/bottomup/components/pos_features.py:179: RuntimeWarning: All-NaN slice encountered
  f["gshare_max3"] = np.nan_to_num(np.nanmax(gshares, axis=1), nan=0.0)
/home/user/Fantasy-Football/experiments/bottomup/components/pos_features.py:179: RuntimeWarning: All-NaN slice encountered
  f["gshare_max3"] = np.nan_to_num(np.nanmax(gshares, axis=1), nan=0.0)
/home/user/Fantasy-Football/experiments/bottomup/components/pos_features.py:179: RuntimeWarning: All-NaN slice encountered
  f["gshare_max3"] = np.nan_to_num(np.nanmax(gshares, axis=1), nan=0.0)
/home/user/Fantasy-Football/experiments/bottomup/components/pos_features.py:179: RuntimeWarning: All-NaN slice encountered
  f["gshare_max3"] = np.nan_to_num(np.nanmax(gshares, axis=1), nan=0.0)
/home/user/Fantasy-Football/experiments/bottomup/components/pos_features.py:179: RuntimeWarning: All-NaN slice encountered
  f["gshare_max3"] = np.nan_to_num(np.nanmax(gshares, axis=1), nan=0.0)
/home/user/Fantasy-Football/experiments/bottomup/components/pos_features.py:179: RuntimeWarning: All-NaN slice encountered
  f["gshare_max3"] = np.nan_to_num(np.nanmax(gshares, axis=1), nan=0.0)
/home/user/Fantasy-Football/experiments/bottomup/components/pos_features.py:179: RuntimeWarning: All-NaN slice encountered
  f["gshare_max3"] = np.nan_to_num(np.nanmax(gshares, axis=1), nan=0.0)
/home/user/Fantasy-Football/experiments/bottomup/components/pos_features.py:179: RuntimeWarning: All-NaN slice encountered
  f["gshare_max3"] = np.nan_to_num(np.nanmax(gshares, axis=1), nan=0.0)
/home/user/Fantasy-Football/experiments/bottomup/components/pos_features.py:179: RuntimeWarning: All-NaN slice encountered
  f["gshare_max3"] = np.nan_to_num(np.nanmax(gshares, axis=1), nan=0.0)

======================================================================================================================
BATCH-D1 (BH at campaign M=218, q=0.1; * = CI verdict only, GRADING SUSPENDED per C1)
======================================================================================================================
arm endpoint position  n_seasons  ctrl_mean  arm_mean   delta      lo     hi      p  placebo_delta vs_placebo verdict  bh_reject_campaign
A1k       E1       QB          7     0.2450    0.2677  0.0227 -0.0145 0.0566 0.2210         0.0044     clears    NULL               False
A1k       E1       RB          7     0.4398    0.4332 -0.0066 -0.0200 0.0054 0.3000        -0.0003     inside    NULL               False
A1k       E1       TE          7     0.3966    0.4070  0.0104 -0.0090 0.0369 0.4455         0.0051     clears    NULL               False
A1k       E1       WR          7     0.5602    0.5617  0.0015 -0.0122 0.0124 0.7595         0.0043     inside    NULL               False
A1k       E2       QB          7     0.0954    0.0929 -0.0025 -0.1154 0.1037 0.9680        -0.0238     clears    NULL               False
A1k       E2       RB          7     0.1288    0.1678  0.0390 -0.0310 0.0983 0.2420         0.0700     inside    NULL               False
A1k       E2       TE          7     0.1750    0.0943 -0.0807 -0.3782 0.1985 0.5700        -0.0769     inside    NULL               False
A1k       E2       WR          7     0.1696    0.2291  0.0594 -0.0180 0.1281 0.1310         0.0653     inside    NULL               False
[recorded] avail_d1_cells.csv + avail_d1_contrasts.csv + avail_d1_players/A1k.csv.gz

### arm A2 — injury class (structural/soft/head/rest) + cross-season recurrence (vs CTRL-A, ('QB', 'RB', 'WR', 'TE'))
/home/user/Fantasy-Football/experiments/bottomup/components/pos_features.py:179: RuntimeWarning: All-NaN slice encountered
  f["gshare_max3"] = np.nan_to_num(np.nanmax(gshares, axis=1), nan=0.0)
/home/user/Fantasy-Football/experiments/bottomup/components/pos_features.py:179: RuntimeWarning: All-NaN slice encountered
  f["gshare_max3"] = np.nan_to_num(np.nanmax(gshares, axis=1), nan=0.0)
/home/user/Fantasy-Football/experiments/bottomup/components/pos_features.py:179: RuntimeWarning: All-NaN slice encountered
  f["gshare_max3"] = np.nan_to_num(np.nanmax(gshares, axis=1), nan=0.0)
/home/user/Fantasy-Football/experiments/bottomup/components/pos_features.py:179: RuntimeWarning: All-NaN slice encountered
  f["gshare_max3"] = np.nan_to_num(np.nanmax(gshares, axis=1), nan=0.0)
/home/user/Fantasy-Football/experiments/bottomup/components/pos_features.py:179: RuntimeWarning: All-NaN slice encountered
  f["gshare_max3"] = np.nan_to_num(np.nanmax(gshares, axis=1), nan=0.0)
/home/user/Fantasy-Football/experiments/bottomup/components/pos_features.py:179: RuntimeWarning: All-NaN slice encountered
  f["gshare_max3"] = np.nan_to_num(np.nanmax(gshares, axis=1), nan=0.0)
/home/user/Fantasy-Football/experiments/bottomup/components/pos_features.py:179: RuntimeWarning: All-NaN slice encountered
  f["gshare_max3"] = np.nan_to_num(np.nanmax(gshares, axis=1), nan=0.0)
/home/user/Fantasy-Football/experiments/bottomup/components/pos_features.py:179: RuntimeWarning: All-NaN slice encountered
  f["gshare_max3"] = np.nan_to_num(np.nanmax(gshares, axis=1), nan=0.0)
/home/user/Fantasy-Football/experiments/bottomup/components/pos_features.py:179: RuntimeWarning: All-NaN slice encountered
  f["gshare_max3"] = np.nan_to_num(np.nanmax(gshares, axis=1), nan=0.0)
/home/user/Fantasy-Football/experiments/bottomup/components/pos_features.py:179: RuntimeWarning: All-NaN slice encountered
  f["gshare_max3"] = np.nan_to_num(np.nanmax(gshares, axis=1), nan=0.0)
/home/user/Fantasy-Football/experiments/bottomup/components/pos_features.py:179: RuntimeWarning: All-NaN slice encountered
  f["gshare_max3"] = np.nan_to_num(np.nanmax(gshares, axis=1), nan=0.0)
/home/user/Fantasy-Football/experiments/bottomup/components/pos_features.py:179: RuntimeWarning: All-NaN slice encountered
  f["gshare_max3"] = np.nan_to_num(np.nanmax(gshares, axis=1), nan=0.0)
/home/user/Fantasy-Football/experiments/bottomup/components/pos_features.py:179: RuntimeWarning: All-NaN slice encountered
  f["gshare_max3"] = np.nan_to_num(np.nanmax(gshares, axis=1), nan=0.0)
/home/user/Fantasy-Football/experiments/bottomup/components/pos_features.py:179: RuntimeWarning: All-NaN slice encountered
  f["gshare_max3"] = np.nan_to_num(np.nanmax(gshares, axis=1), nan=0.0)
/home/user/Fantasy-Football/experiments/bottomup/components/pos_features.py:179: RuntimeWarning: All-NaN slice encountered
  f["gshare_max3"] = np.nan_to_num(np.nanmax(gshares, axis=1), nan=0.0)
/home/user/Fantasy-Football/experiments/bottomup/components/pos_features.py:179: RuntimeWarning: All-NaN slice encountered
  f["gshare_max3"] = np.nan_to_num(np.nanmax(gshares, axis=1), nan=0.0)
/home/user/Fantasy-Football/experiments/bottomup/components/pos_features.py:179: RuntimeWarning: All-NaN slice encountered
  f["gshare_max3"] = np.nan_to_num(np.nanmax(gshares, axis=1), nan=0.0)
/home/user/Fantasy-Football/experiments/bottomup/components/pos_features.py:179: RuntimeWarning: All-NaN slice encountered
  f["gshare_max3"] = np.nan_to_num(np.nanmax(gshares, axis=1), nan=0.0)
/home/user/Fantasy-Football/experiments/bottomup/components/pos_features.py:179: RuntimeWarning: All-NaN slice encountered
  f["gshare_max3"] = np.nan_to_num(np.nanmax(gshares, axis=1), nan=0.0)
/home/user/Fantasy-Football/experiments/bottomup/components/pos_features.py:179: RuntimeWarning: All-NaN slice encountered
  f["gshare_max3"] = np.nan_to_num(np.nanmax(gshares, axis=1), nan=0.0)
/home/user/Fantasy-Football/experiments/bottomup/components/pos_features.py:179: RuntimeWarning: All-NaN slice encountered
  f["gshare_max3"] = np.nan_to_num(np.nanmax(gshares, axis=1), nan=0.0)
/home/user/Fantasy-Football/experiments/bottomup/components/pos_features.py:179: RuntimeWarning: All-NaN slice encountered
  f["gshare_max3"] = np.nan_to_num(np.nanmax(gshares, axis=1), nan=0.0)
/home/user/Fantasy-Football/experiments/bottomup/components/pos_features.py:179: RuntimeWarning: All-NaN slice encountered
  f["gshare_max3"] = np.nan_to_num(np.nanmax(gshares, axis=1), nan=0.0)
/home/user/Fantasy-Football/experiments/bottomup/components/pos_features.py:179: RuntimeWarning: All-NaN slice encountered
  f["gshare_max3"] = np.nan_to_num(np.nanmax(gshares, axis=1), nan=0.0)
/home/user/Fantasy-Football/experiments/bottomup/components/pos_features.py:179: RuntimeWarning: All-NaN slice encountered
  f["gshare_max3"] = np.nan_to_num(np.nanmax(gshares, axis=1), nan=0.0)
/home/user/Fantasy-Football/experiments/bottomup/components/pos_features.py:179: RuntimeWarning: All-NaN slice encountered
  f["gshare_max3"] = np.nan_to_num(np.nanmax(gshares, axis=1), nan=0.0)
/home/user/Fantasy-Football/experiments/bottomup/components/pos_features.py:179: RuntimeWarning: All-NaN slice encountered
  f["gshare_max3"] = np.nan_to_num(np.nanmax(gshares, axis=1), nan=0.0)
/home/user/Fantasy-Football/experiments/bottomup/components/pos_features.py:179: RuntimeWarning: All-NaN slice encountered
  f["gshare_max3"] = np.nan_to_num(np.nanmax(gshares, axis=1), nan=0.0)
/home/user/Fantasy-Football/experiments/bottomup/components/pos_features.py:179: RuntimeWarning: All-NaN slice encountered
  f["gshare_max3"] = np.nan_to_num(np.nanmax(gshares, axis=1), nan=0.0)
/home/user/Fantasy-Football/experiments/bottomup/components/pos_features.py:179: RuntimeWarning: All-NaN slice encountered
  f["gshare_max3"] = np.nan_to_num(np.nanmax(gshares, axis=1), nan=0.0)
/home/user/Fantasy-Football/experiments/bottomup/components/pos_features.py:179: RuntimeWarning: All-NaN slice encountered
  f["gshare_max3"] = np.nan_to_num(np.nanmax(gshares, axis=1), nan=0.0)
/home/user/Fantasy-Football/experiments/bottomup/components/pos_features.py:179: RuntimeWarning: All-NaN slice encountered
  f["gshare_max3"] = np.nan_to_num(np.nanmax(gshares, axis=1), nan=0.0)
/home/user/Fantasy-Football/experiments/bottomup/components/pos_features.py:179: RuntimeWarning: All-NaN slice encountered
  f["gshare_max3"] = np.nan_to_num(np.nanmax(gshares, axis=1), nan=0.0)
/home/user/Fantasy-Football/experiments/bottomup/components/pos_features.py:179: RuntimeWarning: All-NaN slice encountered
  f["gshare_max3"] = np.nan_to_num(np.nanmax(gshares, axis=1), nan=0.0)
/home/user/Fantasy-Football/experiments/bottomup/components/pos_features.py:179: RuntimeWarning: All-NaN slice encountered
  f["gshare_max3"] = np.nan_to_num(np.nanmax(gshares, axis=1), nan=0.0)
/home/user/Fantasy-Football/experiments/bottomup/components/pos_features.py:179: RuntimeWarning: All-NaN slice encountered
  f["gshare_max3"] = np.nan_to_num(np.nanmax(gshares, axis=1), nan=0.0)
/home/user/Fantasy-Football/experiments/bottomup/components/pos_features.py:179: RuntimeWarning: All-NaN slice encountered
  f["gshare_max3"] = np.nan_to_num(np.nanmax(gshares, axis=1), nan=0.0)
