player_id,season,entry,position,proj_games,proj_apg,proj_attempts,proj_pass_yards,proj_pass_tds,proj_interceptions,proj_carries,proj_rush_yards,proj_rush_tds,proj_fumbles_lost,proj_ypa,proj_td_per_att,p_pass_300,p_pass_350,p_pass_400,p_rush_100,p_rush_150,p_rush_200,proj_bonus_points,proj_points_base,proj_points,entry_act,name,position_act,games,points,targets,receptions,rec_yards,rec_tds,carries,rush_yards,rush_tds,attempts,completions,pass_yards,pass_tds,interceptions,sacks,fumbles_lost,rec_bonus,rush_bonus,pass_bonus,total_bonus,g100,g150,g200,r100,r150,r200,p300,p350,p400,season_len,pts_1,ppg_w,gshare_w,gshare_1,age,evidence,present_1,gshare_max3,inj_missed_share_1,unexp_missed_share_1,inj_out_wks_1,missed_wks_1,games_1,tgt_1,rec_1,recyds_1,rectd_1,carries_1,rushyds_1,rushtd_1,att_1,passyds_1,passtd_1,ints_1,average_pick,n_train_seasons
00-0000865,2014,veteran,QB,0.0,24.634159673544126,0.0,0.0,0.0,0.0,0.0,0.0,0.0,0.0,7.058045108313308,0.04198415359402675,9.357622968839299e-14,9.357622968839299e-14,9.357622968839299e-14,1.0518631549613466e-10,1.3703895119550464e-11,1.3703895119550464e-11,0.0,0.0,0.0,veteran,,,0.0,0.0,0.0,0.0,0.0,0.0,0.0,0.0,0.0,0.0,0.0,0.0,0.0,0.0,0.0,0.0,0.0,0.0,0.0,0.0,0.0,0.0,0.0,0.0,0.0,0.0,0.0,0.0,0.0,16,0.0,5.160000000000001,0.1517857142857143,0.0,39.73990417522245,0.06562499999999999,0.0,0.1875,0.0,1.0,0.0,16.0,0.0,0.0,0.0,0.0,0.0,0.0,0.0,0.0,0.0,0.0,0.0,0.0,,2
00-0007091,2014,veteran,QB,2.7009147469171713,25.636050713948237,69.24078742601927,481.92126463696724,2.7806233833650835,1.854774585934569,3.7143676300631037,10.459205862155708,0.11204416767565852,0.5341442902757954,6.9600777598302,0.040158748719258244,0.056229852194233244,0.01967121359480242,0.004857618654583814,3.5096936480220457e-07,1.3702671568410335e-11,1.3702671568410335e-11,0.25780841912631447,27.339691958787817,27.59750037791413,veteran,Matt Hasselbeck,QB,4.0,16.939999999999998,0.0,0.0,0.0,0.0,8.0,-11.0,0.0,44.0,30.0,301.0,2.0,0.0,2.0,1.0,0.0,0.0,0.0,0.0,0.0,0.0,0.0,0.0,0.0,0.0,0.0,0.0,0.0,16,3.0,8.372093023255815,0.6061046511627908,0.1875,38.93497604380561,0.40312499999999996,1.0,1.0,0.0,0.8125,0.0,13.0,3.0,0.0,0.0,0.0,0.0,2.0,-2.0,0.0,12.0,130.0,0.0,1.0,,2
00-0010346,2014,veteran,QB,12.1465236829832,42.85869888736242,520.5842010571935,3955.350940326674,32.94246346867117,10.469229929586238,14.92495311148978,3.798669905737649,0.4504181307028698,2.650607491709533,7.59790814299438,0.06327979873721135,0.5955205384455432,0.3289094950323491,0.15245421768798492,4.2401310525222055e-10,1.3703684865630064e-11,1.3703684865630064e-11,16.92974231755285,266.82659241995106,283.7563347375039,veteran,Peyton Manning,QB,16.0,328.18,0.0,0.0,0.0,0.0,24.0,-24.0,0.0,597.0,395.0,4727.0,39.0,15.0,17.0,2.0,0.0,0.0,15.5,15.5,0.0,0.0,0.0,0.0,0.0,0.0,7.0,3.0,2.0,16,441.98,24.932132352941174,1.0,1.0,38.4394250513347,0.8500000000000001,1.0,1.0,0.0,0.0,0.0,0.0,16.0,0.0,0.0,0.0,0.0,32.0,-31.0,1.0,659.0,5477.0,55.0,10.0,,2
00-0019596,2014,veteran,QB,12.695053624921254,40.57593574875096,515.1136802117527,3694.9810603682527,23.520506604339005,10.154832285520424,18.133319084841883,28.01361098666318,0.6105345902734545,2.4640511300978156,7.173137119653513,0.04566080752246806,0.44713607244966275,0.21248226147966418,0.08399973406883098,4.115708985688598e-08,1.37029948082483e-11,1.37029948082483e-11,11.85538975319465,223.1080706411567,234.96346039435136,veteran,Tom Brady,QB,16.0,286.06,0.0,0.0,0.0,0.0,36.0,57.0,0.0,582.0,373.0,4109.0,33.0,9.0,21.0,3.0,0.0,0.0,8.0,8.0,0.0,0.0,0.0,0.0,0.0,0.0,5.0,2.0,0.0,16,267.52,19.465,1.0,1.0,37.07871321013005,1.0,1.0,1.0,0.0,0.0,0.0,0.0,16.0,0.0,0.0,0.0,0.0,32.0,18.0,0.0,628.0,4343.0,25.0,11.0,,2
00-0020245,2014,veteran,QB,5.994764848172442,28.22919613631118,169.22739269012357,1222.024384215096,6.891098305132745,4.5468536620415865,30.26963093081642,195.7272298247976,0.9317947878788134,1.3301612774800131,7.221197258843165,0.040720938824314365,0.1080222281791485,0.039091292322799745,0.010722476378372694,0.006943767327848817,1.3701178666733701e-11,1.3701178666733701e-11,1.1692662154743578,89.85483041984426,91.02409663531861,veteran,Mike Vick,QB,9.0,43.46,0.0,0.0,0.0,0.0,26.0,153.0,0.0,121.0,64.0,604.0,3.0,2.0,19.0,2.0,0.0,0.0,0.0,0.0,0.0,0.0,0.0,0.0,0.0,0.0,0.0,0.0,0.0,16,105.5,16.000795454545454,0.5845170454545454,0.4375,34.182067077344286,0.55,1.0,0.8125,0.125,0.4375,2.0,9.0,7.0,0.0,0.0,-2.0,0.0,36.0,306.0,2.0,141.0,1215.0,5.0,3.0,,2
00-0020531,2014,veteran,QB,12.827719989345583,42.39905493078459,543.8832044649869,4075.4325917351307,30.19990958969567,12.727411415119638,20.028733369812425,38.75205229907093,0.7217856443385575,2.4397668313290506,7.4932128042896595,0.05552646108901829,0.563463794976298,0.30064125676610487,0.13429796368360558,1.3119489450304666e-07,1.3702819970608896e-11,1.3702819970608896e-11,16.458243604742567,261.688504631229,278.1467482359716,veteran,Drew Brees,QB,16.0,317.98,1.0,1.0,1.0,0.0,27.0,68.0,1.0,659.0,456.0,4952.0,33.0,17.0,29.0,3.0,0.0,0.0,14.5,14.5,0.0,0.0,0.0,0.0,0.0,0.0,8.0,3.0,1.0,16,379.68,23.960812500000003,1.0,1.0,35.62765229295003,1.0,1.0,1.0,0.0,0.0,0.0,0.0,16.0,0.0,0.0,0.0,0.0,35.0,52.0,3.0,650.0,5162.0,39.0,12.0,,2
00-0021206,2014,veteran,QB,4.61719675234955,28.26011007838696,130.48248847496905,951.5317775300917,6.189553828287167,2.7694977405557255,9.50273673962159,43.96620513764603,0.30735392707962633,0.9342228611994103,7.292409798826206,0.047435896576072216,0.11375060521258042,0.04132530588530577,0.011438361252659977,1.812078355194642e-05,1.3702076758255924e-11,1.3702076758255924e-11,0.9171295234509097,61.65278928708444,62.56991881053535,veteran,Josh McCown,QB,11.0,128.94,0.0,0.0,0.0,0.0,25.0,127.0,3.0,327.0,184.0,2206.0,11.0,14.0,36.0,4.0,0.0,0.0,2.0,2.0,0.0,0.0,0.0,0.0,0.0,0.0,2.0,0.0,0.0,16,142.06,16.89422680412371,0.47100515463917525,0.5,35.162217659137575,0.30312500000000003,1.0,0.5,0.0,0.5,0.0,8.0,8.0,0.0,0.0,0.0,0.0,13.0,69.0,1.0,224.0,1829.0,13.0,1.0,,2
00-0021429,2014,veteran,QB,12.451705525376404,36.47108179727046,454.12717073152737,3274.0661720853645,18.89154820220342,14.49230849893372,13.763007133729506,17.790996205750268,0.4132034943957318,2.611218541511181,7.209580009959235,0.04159968709155216,0.31991414791292977,0.1358758602672819,0.04748749454820641,9.915291167634433e-09,1.370320946858115e-11,1.370320946858115e-11,7.703906783860444,176.58010619828787,184.2840129821483,veteran,Carson Palmer,QB,6.0,105.53999999999999,0.0,0.0,0.0,0.0,8.0,25.0,0.0,224.0,141.0,1626.0,11.0,3.0,9.0,1.0,0.0,0.0,2.0,2.0,0.0,0.0,0.0,0.0,0.0,0.0,2.0,0.0,0.0,16,229.26,14.851824324324323,0.9429898648648649,1.0,34.680355920602324,0.925,1.0,1.0,0.0,0.0,0.0,0.0,16.0,0.0,0.0,0.0,0.0,27.0,3.0,0.0,572.0,4274.0,24.0,22.0,,2
00-0021678,2014,veteran,QB,12.495786441829502,38.89479354942573,486.0210338926716,3498.7107565414153,23.847204366943885,11.60179997042442,14.50826885646936,31.20402966287792,0.43432458512192496,2.432224947908426,7.198681770044624,0.049066198176538345,0.39674746105670483,0.18004204570952298,0.06775147547108536,6.417919195281773e-08,1.3702927803601585e-11,1.3702927803601585e-11,10.025538715086949,212.9955483697858,223.02108708487276,veteran,Tony Romo,QB,15.0,267.3,0.0,0.0,0.0,0.0,26.0,61.0,0.0,435.0,304.0,3705.0,34.0,9.0,29.0,3.0,0.0,0.0,1.0,1.0,0.0,0.0,0.0,0.0,0.0,0.0,1.0,0.0,0.0,16,269.92,18.14084142394822,0.966626213592233,0.9375,34.362765229295,0.9656250000000001,1.0,1.0,0.0625,0.0,1.0,1.0,15.0,0.0,0.0,0.0,0.0,20.0,38.0,0.0,535.0,3828.0,31.0,10.0,,2
00-0022177,2014,veteran,QB,0.0,23.89509647456962,0.0,0.0,0.0,0.0,0.0,0.0,0.0,0.0,6.9859366803465885,0.042191253989721705,9.357622968839299e-14,9.357622968839299e-14,9.357622968839299e-14,1.0518631549613466e-10,1.3703895119550464e-11,1.3703895119550464e-11,0.0,0.0,0.0,veteran,,,0.0,0.0,0.0,0.0,0.0,0.0,0.0,0.0,0.0,0.0,0.0,0.0,0.0,0.0,0.0,0.0,0.0,0.0,0.0,0.0,0.0,0.0,0.0,0.0,0.0,0.0,0.0,0.0,0.0,16,0.0,8.99,0.125,0.0,34.63107460643395,0.0375,0.0,0.125,0.0,1.0,0.0,16.0,0.0,0.0,0.0,0.0,0.0,0.0,0.0,0.0,0.0,0.0,0.0,0.0,,2
00-0022787,2014,veteran,QB,8.667926345473564,32.21139294080167,279.205981495976,1958.236194701869,10.910647869633426,7.980636695571917,11.387308992377296,21.779658797700066,0.3525576887800038,1.6433975297977181,7.013589695355762,0.03907741449941205,0.1731689816854962,0.06560794794678852,0.019673458738275484,6.56505935834195e-08,1.3702924384989992e-11,1.3702924384989992e-11,2.6951000213695773,107.01728282831922,109.71238284968881,veteran,Matt Schaub,QB,2.0,-3.72,0.0,0.0,0.0,0.0,0.0,0.0,0.0,10.0,5.0,57.0,0.0,2.0,3.0,1.0,0.0,0.0,0.0,0.0,0.0,0.0,0.0,0.0,0.0,0.0,0.0,0.0,0.0,16,108.3,12.9635593220339,0.777542372881356,0.625,33.1854893908282,0.7375,1.0,1.0,0.0625,0.3125,1.0,6.0,10.0,0.0,0.0,0.0,0.0,5.0,24.0,0.0,358.0,2310.0,10.0,14.0,,2
00-0022803,2014,veteran,QB,13.015827914259912,34.3650670572388,447.2897990790225,3190.144771848692,18.360771837161113,15.541516257115243,18.014488209642387,34.46408642639996,0.5225649418161947,2.532657926522745,7.1321652727543885,0.04104893935646702,0.2443595551933401,0.09767131343954927,0.03167359676033008,7.966318778613761e-08,1.3702895208228895e-11,1.3702895208228895e-11,5.9119686386578,171.48232814885333,177.39429678751114,veteran,Eli Manning,QB,16.0,281.0,0.0,0.0,0.0,0.0,12.0,31.0,1.0,601.0,379.0,4410.0,30.0,14.0,28.0,4.0,0.0,0.0,11.5,11.5,0.0,0.0,0.0,0.0,0.0,0.0,5.0,3.0,1.0,16,178.32,13.424999999999999,1.0,1.0,33.659137577002056,1.0,1.0,1.0,0.0,0.0,0.0,0.0,16.0,0.0,0.0,0.0,0.0,18.0,36.0,0.0,551.0,3818.0,18.0,27.0,,2
00-0022924,2014,veteran,QB,12.686534120486957,35.05050280241288,444.6693997430347,3192.732833092371,20.802256599717893,10.778652671078836,24.808300877023456,82.68786271514257,0.7395266599045996,2.8629153645830345,7.180014714161545,0.046781398971323614,0.27131505430944247,0.11076810003894509,0.036913738500957124,3.2368694928571518e-06,1.3702336518417354e-11,1.3702336518417354e-11,6.486598486084838,196.34114988218454,202.82774836826937,veteran,Ben Roethlisberger,QB,16.0,326.68,0.0,0.0,-6.0,0.0,33.0,27.0,0.0,608.0,408.0,4952.0,32.0,9.0,33.0,5.0,0.0,0.0,20.5,20.5,0.0,0.0,0.0,0.0,0.0,0.0,9.0,5.0,2.0,16,273.84000000000003,16.949096989966556,0.9416806020066889,1.0,32.50102669404517,0.9343750000000001,1.0,1.0,0.0,0.0,0.0,0.0,16.0,0.0,0.0,5.0,0.0,27.0,99.0,1.0,584.0,4261.0,28.0,14.0,,2
00-0022942,2014,veteran,QB,13.107766486555807,34.7166630765768,455.0579128002028,3360.1801099899485,22.566101915022514,11.596556364515841,22.21482439004137,51.24640591224152,0.6265733508187467,2.7997894894431647,7.384071379647155,0.04958951658737634,0.29120221565687776,0.12080080195767785,0.04105621332046064,3.6489671256492595e-07,1.370266569949731e-11,1.370266569949731e-11,7.26846899603607,204.7630010479066,212.03147004394268,veteran,Philip Rivers,QB,16.0,274.14,0.0,0.0,0.0,0.0,37.0,102.0,0.0,570.0,379.0,4286.0,31.0,18.0,36.0,2.0,0.0,0.0,8.5,8.5,0.0,0.0,0.0,0.0,0.0,0.0,4.0,3.0,0.0,16,304.42,16.9195,1.0,1.0,32.73100616016427,1.0,1.0,1.0,0.0,0.0,0.0,0.0,16.0,0.0,0.0,-9.0,0.0,28.0,72.0,0.0,544.0,4478.0,32.0,11.0,,2
00-0023436,2014,veteran,QB,11.915792269088277,29.91160292257981,356.4204468609148,2466.5979670921656,16.000178302338348,7.082034398337252,43.44467579140476,208.3669632096174,1.1780185062338142,2.4024276087750502,6.920472685605214,0.044891303075499656,0.11616014420975068,0.042270378566456324,0.011743485707338892,0.00032499592362298925,1.3701641380498121e-11,1.3701641380498121e-11,2.4234061804440867,171.60051523718002,174.0239214176241,veteran,Alex Smith,QB,15.0,221.0,0.0,0.0,0.0,0.0,49.0,254.0,1.0,464.0,303.0,3265.0,18.0,6.0,45.0,1.0,0.0,0.0,1.0,1.0,0.0,0.0,0.0,0.0,0.0,0.0,1.0,0.0,0.0,16,253.72,15.267326007326005,0.8798076923076923,0.9375,30.31895961670089,0.853125,1.0,1.0,0.0,0.0625,0.0,1.0,15.0,1.0,1.0,-4.0,0.0,76.0,431.0,1.0,508.0,3313.0,23.0,7.0,,2
00-0023459,2014,veteran,QB,10.30458691375167,34.27061362827049,353.14451672011575,2699.0041416493686,20.177410408899046,7.375178345508398,30.09573195961454,123.92928076818315,0.9002140017135254,2.0021890521786783,7.642775163881311,0.057136411450756375,0.3154271576243689,0.1334722646866276,0.04644550771428299,5.409688582486991e-05,1.3701911815217521e-11,1.3701911815217521e-11,6.271172377302117,187.70928459329625,193.98045697059837,veteran,Aaron Rodgers,QB,16.0,367.14,0.0,0.0,0.0,0.0,43.0,269.0,2.0,520.0,341.0,4381.0,38.0,5.0,28.0,2.0,0.0,0.0,13.0,13.0,0.0,0.0,0.0,0.0,0.0,0.0,8.0,2.0,1.0,16,176.94,22.04525,0.8078124999999999,0.5625,30.748802190280628,0.75,1.0,1.0,0.4375,0.0,7.0,7.0,9.0,0.0,0.0,0.0,0.0,30.0,120.0,0.0,290.0,2536.0,17.0,6.0,,2
00-0023460,2014,veteran,QB,6.160432410563749,28.57990477029039,176.06457163772242,1198.154439711741,7.114192592832668,4.632188728563556,11.01154401919882,57.231288494279276,0.33907273622785294,1.2594556656152944,6.805198959488067,0.04040672422996671,0.08616364875303903,0.030728068391430656,0.008113205493172517,1.6163879057581302e-05,1.3702093992692044e-11,1.3702093992692044e-11,0.9148139019668081,72.35722443823767,73.27203834020447,veteran,Jason Campbell,QB,4.0,1.06,0.0,0.0,0.0,0.0,1.0,1.0,0.0,19.0,11.0,74.0,0.0,0.0,1.0,1.0,0.0,0.0,0.0,0.0,0.0,0.0,0.0,0.0,0.0,0.0,0.0,0.0,0.0,16,117.8,11.174149659863948,0.48852040816326536,0.5625,32.668035592060235,0.459375,1.0,0.5625,0.0625,0.375,1.0,7.0,9.0,0.0,0.0,0.0,0.0,14.0,107.0,0.0,317.0,2015.0,11.0,8.0,,2
00-0023541,2014,veteran,QB,1.0152784139234354,22.675948595195024,23.02240112393896,163.42056961673788,0.997974777741941,0.6455109957732601,1.4588836998288142,5.084568035774631,0.045209658326209386,0.2074119263962886,7.098328655511579,0.04334798843827959,0.03328571972502732,0.011485954076840436,0.0026277563697077936,1.0265500397177143e-06,1.3702509708667268e-11,1.3702509708667268e-11,0.05662328550623963,9.6025908048329,9.65921409033914,veteran,Kyle Orton,QB,12.0,180.62,0.0,0.0,0.0,0.0,15.0,14.0,1.0,447.0,287.0,3018.0,18.0,10.0,33.0,3.0,0.0,0.0,4.5,4.5,0.0,0.0,0.0,0.0,0.0,0.0,3.0,1.0,0.0,16,23.220000000000002,10.46618181818182,0.33295454545454545,0.125,31.797399041752225,0.171875,1.0,0.5625,0.0,0.875,0.0,14.0,2.0,0.0,0.0,0.0,0.0,1.0,8.0,0.0,51.0,398.0,2.0,2.0,,2
00-0023662,2014,veteran,QB,6.533582457150313,28.049030507050823,183.26065366094122,1270.8256551312875,7.342397761466467,5.779633893143413,12.827701703435348,50.07169774736694,0.4074160754543797,1.429483251439128,6.934525386352159,0.040065325615671804,0.08619551515317278,0.03074007856144894,0.008116868291412886,6.6955124131693665e-06,1.3702226906129219e-11,1.3702226906129219e-11,0.9705379652678919,73.23604918941525,74.20658715468315,veteran,Matt Cassel,QB,3.0,22.8,0.0,0.0,0.0,0.0,9.0,18.0,0.0,71.0,41.0,425.0,3.0,4.0,6.0,0.0,0.0,0.0,0.0,0.0,0.0,0.0,0.0,0.0,0.0,0.0,0.0,0.0,0.0,16,110.48,11.004888888888889,0.5625,0.5625,32.29295003422313,0.5625,1.0,0.5625,0.0,0.4375,0.0,7.0,9.0,0.0,0.0,0.0,0.0,18.0,57.0,1.0,254.0,1807.0,11.0,9.0,,2
00-0023682,2014,veteran,QB,9.627362179868298,31.863438174488287,306.7608596016403,2124.7397670373616,13.21605756194078,9.563476277148425,27.108017369435295,117.62336465517465,0.8868656336926185,2.0406096133721188,6.9263717991811244,0.04308260701545547,0.15605009595093222,0.0583964096985928,0.01714558189853947,5.828475139789086e-05,1.3701900570078364e-11,1.3701900570078364e-11,2.6763504534979474,131.7291794158897,134.40552986938764,veteran,Ryan Fitzpatrick,QB,12.0,182.22,0.0,0.0,0.0,0.0,50.0,184.0,2.0,312.0,197.0,2483.0,17.0,8.0,21.0,1.0,0.0,0.0,2.5,2.5,0.0,0.0,0.0,0.0,0.0,0.0,1.0,1.0,0.0,16,172.66,14.6577358490566,0.857311320754717,0.6875,31.770020533880903,0.8281250000000001,1.0,1.0,0.0,0.3125,0.0,5.0,11.0,1.0,1.0,0.0,0.0,43.0,225.0,3.0,350.0,2454.0,14.0,12.0,,2
00-0024225,2014,veteran,QB,0.0,12.935490465560974,0.0,0.0,0.0,0.0,0.0,0.0,0.0,0.0,6.961626993159577,0.0431264472692531,9.357622968839299e-14,9.357622968839299e-14,9.357622968839299e-14,1.0518631549613466e-10,1.3703895119550464e-11,1.3703895119550464e-11,0.0,0.0,0.0,veteran,,,0.0,0.0,0.0,0.0,0.0,0.0,0.0,0.0,0.0,0.0,0.0,0.0,0.0,0.0,0.0,0.0,0.0,0.0,0.0,0.0,0.0,0.0,0.0,0.0,0.0,0.0,0.0,0.0,0.0,16,0.0,1.8966666666666667,0.125,0.0,31.310061601642712,0.056249999999999994,0.0,0.125,0.0,1.0,0.0,16.0,0.0,0.0,0.0,0.0,0.0,0.0,0.0,0.0,0.0,0.0,0.0,0.0,,2
00-0024226,2014,veteran,QB,10.511755817218447,30.97878000451902,325.6413709228333,2313.1778667947992,14.973531643765014,9.565348164744096,24.267738295263655,114.8128641484619,0.6837114184876166,2.265903194405471,7.103452059053484,0.045981662591984565,0.1540170553504836,0.05755191967097735,0.01685392960696554,3.436359720166506e-05,1.3701980249907814e-11,1.3701980249907814e-11,2.8811372745464463,144.3422934543248,147.22343072887122,veteran,Jay Cutler,QB,15.0,261.08,0.0,0.0,0.0,0.0,39.0,191.0,2.0,561.0,370.0,3812.0,28.0,18.0,38.0,6.0,0.0,0.0,5.5,5.5,0.0,0.0,0.0,0.0,0.0,0.0,4.0,1.0,0.0,16,172.14000000000001,14.199336099585064,0.7730809128630706,0.6875,31.342915811088297,0.753125,1.0,0.9375,0.3125,0.0,5.0,5.0,11.0,0.0,0.0,0.0,0.0,23.0,118.0,0.0,355.0,2621.0,19.0,12.0,,2
00-0024264,2014,veteran,QB,6.636806758857915,21.69988124586044,144.0179185189407,1006.670159714706,5.789693264950531,3.9289273888058003,12.216536809941516,38.048050448419986,0.3657983050579623,1.436732696719389,6.989895216283886,0.040201200826195056,0.024489373928602735,0.00841009700645337,0.0018433896173016562,1.8399224307450407e-06,1.3702421708035996e-11,1.3702421708035996e-11,0.2707361782627177,58.69385415252976,58.964590330792475,veteran,Kellen Clemens,QB,1.0,0.4,0.0,0.0,0.0,0.0,0.0,0.0,0.0,3.0,1.0,10.0,0.0,0.0,1.0,0.0,0.0,0.0,0.0,0.0,0.0,0.0,0.0,0.0,0.0,0.0,0.0,0.0,0.0,16,85.32000000000001,8.026717557251908,0.5491412213740459,0.625,31.238877481177276,0.409375,1.0,0.625,0.0,0.375,0.0,6.0,10.0,0.0,0.0,0.0,0.0,23.0,64.0,0.0,242.0,1673.0,8.0,7.0,,2
00-0025409,2014,veteran,QB,2.8797205924230944,15.932084557809112,45.87995198134889,316.18475462232226,1.7898352232513999,1.3135498576658098,6.800491341238503,24.107617225229962,0.20733592905980144,0.5769045796986011,6.891566816609957,0.03901127063033988,0.0044901429208696435,0.0015310263148677304,0.00026784702970801555,1.0011437180440052e-05,1.3702166237436788e-11,1.3702166237436788e-11,0.02111522853590223,19.68059950005147,19.701714728587373,veteran,,,0.0,0.0,0.0,0.0,0.0,0.0,0.0,0.0,0.0,0.0,0.0,0.0,0.0,0.0,0.0,0.0,0.0,0.0,0.0,0.0,0.0,0.0,0.0,0.0,0.0,0.0,0.0,0.0,0.0,16,0.0,4.424,0.625,0.0,29.845311430527037,0.1875,0.0,0.625,0.125,0.875,2.0,16.0,0.0,0.0,0.0,0.0,0.0,0.0,0.0,0.0,0.0,0.0,0.0,0.0,,2
00-0025423,2014,veteran,QB,1.5706622923538842,25.83832514759252,40.58328300690268,285.0442716206842,1.7533368916018313,1.0366875342368296,4.052274280733766,18.567754673325883,0.12773829162707112,0.3326948028351545,7.023686860725435,0.04320342667456479,0.061217344590625916,0.021482953205781707,0.005373926159438291,4.987489581123382e-05,1.370192406999547e-11,1.370192406999547e-11,0.16372505463417394,18.29955897418574,18.463284028819913,veteran,,,0.0,0.0,0.0,0.0,0.0,0.0,0.0,0.0,0.0,0.0,0.0,0.0,0.0,0.0,0.0,0.0,0.0,0.0,0.0,0.0,0.0,0.0,0.0,0.0,0.0,0.0,0.0,0.0,0.0,16,0.0,12.915238095238097,0.45535714285714285,0.0,30.02053388090349,0.19687499999999997,0.0,0.5625,0.0,1.0,0.0,16.0,0.0,0.0,0.0,0.0,0.0,0.0,0.0,0.0,0.0,0.0,0.0,0.0,,2
00-0026143,2014,veteran,QB,13.466541572820176,38.015733378675286,511.9404539651784,3632.2430401902316,22.591228934346237,12.880139142974928,25.811936484930406,86.23881665016886,0.7820885009746544,2.784502656550841,7.0950498481944395,0.04412862620909983,0.35016094687309085,0.1525636278532432,0.05489473158115139,2.9934951985239762e-06,1.370234830639681e-11,1.370234830639681e-11,9.275738286329634,217.64176641680749,226.91750470313713,veteran,Matt Ryan,QB,16.0,296.76,0.0,0.0,0.0,0.0,29.0,145.0,0.0,628.0,415.0,4694.0,28.0,14.0,31.0,2.0,0.0,0.0,12.5,12.5,0.0,0.0,0.0,0.0,0.0,0.0,6.0,3.0,1.0,16,260.1,17.558437500000004,1.0,1.0,29.29226557152635,1.0,1.0,1.0,0.0,0.0,0.0,0.0,16.0,0.0,0.0,0.0,0.0,17.0,55.0,0.0,651.0,4515.0,26.0,17.0,,2
00-0026158,2014,veteran,QB,13.430734394765958,34.977780706908284,469.7772823928542,3191.7944341629777,17.736517924270604,13.28758292414815,25.272280713267847,76.84459402834521,0.848223457298699,2.770550453891687,6.7942715703604835,0.03775516311458912,0.21526540654262283,0.08414460506883745,0.026464359608938646,1.8241061265000402e-06,1.3702423010026815e-11,1.3702423010026815e-11,5.2972543312027955,179.27538245414857,184.57263678535136,veteran,Joe Flacco,QB,16.0,267.44,0.0,0.0,0.0,0.0,39.0,70.0,2.0,554.0,344.0,3986.0,27.0,12.0,19.0,0.0,0.0,0.0,5.0,5.0,0.0,0.0,0.0,0.0,0.0,0.0,5.0,0.0,0.0,16,212.08,13.826125000000001,1.0,1.0,29.623545516769337,1.0,1.0,1.0,0.0,0.0,0.0,0.0,16.0,0.0,0.0,0.0,0.0,27.0,131.0,1.0,614.0,3912.0,19.0,22.0,,2
00-0026197,2014,veteran,QB,11.470457245811463,30.21171619271089,346.54219891108016,2359.450672939952,12.329376030702681,9.862701855939921,23.53772590016912,79.60279988866695,0.7061974848759418,2.1619562272026496,6.808552263920294,0.0355782818642133,0.11274685947072288,0.04093255798017875,0.011311954857738811,4.282014395938968e-06,1.3702294319583968e-11,1.3702294319583968e-11,2.2570864719060886,131.84367977224602,134.1007662441521,veteran,Chad Henne,QB,3.0,30.18,0.0,0.0,0.0,0.0,4.0,25.0,0.0,78.0,42.0,492.0,3.0,1.0,16.0,1.0,0.0,0.0,0.0,0.0,0.0,0.0,0.0,0.0,0.0,0.0,0.0,0.0,0.0,16,164.34,11.409113924050635,0.8235759493670887,0.9375,29.166324435318277,0.740625,1.0,0.9375,0.0,0.0625,0.0,1.0,15.0,0.0,0.0,0.0,0.0,27.0,77.0,0.0,503.0,3241.0,13.0,14.0,,2
00-0026349,2014,veteran,QB,4.407725334825136,22.544157889321504,99.36845588106036,702.7785910690251,4.36868871318005,2.5969906855210723,7.668342057491301,20.58191227805617,0.229612251890594,1.0288700521227916,7.0724515625986974,0.04396454261510491,0.0317001959104384,0.01092907963021752,0.002483195353983275,7.626785320641735e-07,1.3702554517897259e-11,1.3702554517897259e-11,0.23387817642702838,41.77004175934266,42.00391993576969,veteran,Matt Flynn,QB,7.0,-2.3600000000000003,0.0,0.0,0.0,0.0,10.0,-10.0,0.0,16.0,8.0,66.0,0.0,1.0,2.0,1.0,0.0,0.0,0.0,0.0,0.0,0.0,0.0,0.0,0.0,0.0,0.0,0.0,0.0,16,72.18,9.165000000000001,0.38341346153846156,0.4375,29.19917864476386,0.325,1.0,0.4375,0.0,0.5625,0.0,9.0,7.0,0.0,0.0,0.0,0.0,20.0,65.0,0.0,200.0,1392.0,8.0,5.0,,2
00-0026498,2014,veteran,QB,13.77135963129607,39.377986512639964,542.2884138218911,3846.336325329834,22.89736749154825,14.524019668059298,32.20508222960209,85.28641030785846,1.151672296090069,2.887816624626776,7.0927872093411946,0.042223597089552874,0.39359428567024596,0.17810968945152303,0.06682038466565661,2.5815589324941693e-06,1.3702370633411843e-11,1.3702370633411843e-11,10.93999798577263,226.05792520134048,236.99792318711312,veteran,Matthew Stafford,QB,16.0,257.08,0.0,0.0,0.0,0.0,43.0,93.0,2.0,602.0,363.0,4257.0,22.0,12.0,45.0,3.0,0.0,0.0,5.5,5.5,0.0,0.0,0.0,0.0,0.0,0.0,4.0,1.0,0.0,16,294.4,19.058687499999998,1.0,1.0,26.56536618754278,1.0,1.0,1.0,0.0,0.0,0.0,0.0,16.0,0.0,0.0,0.0,0.0,37.0,69.0,2.0,634.0,4650.0,29.0,19.0,,2
00-0026544,2014,veteran,QB,2.7865155134232813,11.19715730237741,31.20105252931543,219.40518023405903,1.3416843159875371,0.8205176188686679,5.381482511789442,19.4394301858859,0.161546616595139,0.5551208649719577,7.031980091950857,0.04300125179196878,0.000774516602086509,0.00026513436387286217,3.6969959407286944e-05,4.383649555907545e-06,1.3702290781907698e-11,1.3702290781907698e-11,0.0034846540261947354,14.304890223790684,14.30837487781688,veteran,Chase Daniel,QB,2.0,7.780000000000001,0.0,0.0,0.0,0.0,4.0,15.0,0.0,28.0,16.0,157.0,0.0,0.0,4.0,0.0,0.0,0.0,0.0,0.0,0.0,0.0,0.0,0.0,0.0,0.0,0.0,0.0,0.0,16,17.119999999999997,2.907142857142857,0.275,0.3125,27.901437371663246,0.21875,1.0,0.3125,0.0,0.6875,0.0,11.0,5.0,0.0,0.0,0.0,0.0,14.0,52.0,0.0,38.0,248.0,1.0,1.0,,2
00-0026625,2014,veteran,QB,1.3328824634993925,25.281140393584018,33.69678868787427,234.36828842045833,1.485560336188269,0.9273171080504183,1.7056072045209376,5.344945697793076,0.052365033527783884,0.2683760076369555,6.955211387985923,0.044086110102320976,0.05223391712462055,0.01822819782914077,0.004451783230338099,4.0478859134984444e-07,1.3702650052661421e-11,1.3702650052661421e-11,0.11793368717435206,13.774271421142672,13.892205108317023,veteran,Brian Hoyer,QB,14.0,159.94,1.0,0.0,0.0,0.0,24.0,39.0,0.0,438.0,242.0,3326.0,12.0,13.0,24.0,1.0,0.0,0.0,3.0,3.0,0.0,0.0,0.0,0.0,0.0,0.0,3.0,0.0,0.0,16,41.199999999999996,10.543921568627452,0.16544117647058826,0.1875,28.83504449007529,0.159375,1.0,0.1875,0.0625,0.75,1.0,13.0,3.0,0.0,0.0,0.0,0.0,6.0,16.0,0.0,96.0,615.0,5.0,3.0,,2
00-0026898,2014,veteran,QB,5.271548026856442,25.75132366253678,135.74933944218736,924.3305383630928,5.5162403601401815,4.189012411660877,13.034626865781483,32.21236440222652,0.4345490273618365,1.2163814756612303,6.809097872308578,0.04063548583593238,0.051499812290760054,0.017963914771796017,0.0043779949828734715,2.4335585537081557e-06,1.3702379537013105e-11,1.3702379537013105e-11,0.45970064357036594,54.055925804833905,54.51562644840427,veteran,Mark Sanchez,QB,9.0,144.92,0.0,0.0,0.0,0.0,34.0,87.0,1.0,309.0,198.0,2418.0,14.0,11.0,23.0,3.0,0.0,0.0,5.5,5.5,0.0,0.0,0.0,0.0,0.0,0.0,4.0,1.0,0.0,16,0.0,10.521739130434781,0.9592391304347826,0.0,27.805612594113622,0.43125,0.0,1.0,0.125,0.875,2.0,16.0,0.0,0.0,0.0,0.0,0.0,0.0,0.0,0.0,0.0,0.0,0.0,0.0,,2
00-0026993,2014,veteran,QB,6.090543317350423,30.887842400133934,188.12374211750878,1284.2856449643734,7.394403774874658,5.516750965994255,17.362184613866656,64.75724720616121,0.5316484128935854,1.2619784863235017,6.826813194913818,0.03930606361346911,0.12666359158059812,0.04642778186866631,0.01310138631589592,3.0292251735142684e-05,1.370199926785886e-11,1.370199926785886e-11,1.3553793344642977,77.0571971914157,78.41257652588,veteran,,,0.0,0.0,0.0,0.0,0.0,0.0,0.0,0.0,0.0,0.0,0.0,0.0,0.0,0.0,0.0,0.0,0.0,0.0,0.0,0.0,0.0,0.0,0.0,0.0,0.0,0.0,0.0,0.0,0.0,16,30.439999999999998,13.486918918918919,0.8064189189189189,0.25,26.633812457221083,0.578125,1.0,1.0,0.0625,0.6875,1.0,12.0,4.0,0.0,0.0,0.0,0.0,5.0,20.0,0.0,147.0,761.0,2.0,4.0,,2
00-0027253,2014,veteran,QB,3.174530125356473,29.03277457677924,92.16541751666922,646.5924322971863,3.687883279315923,2.3031576545391133,6.012997418778799,15.524036976620339,0.1905481920277332,0.6946492679748604,7.015564511279323,0.040013742450078146,0.10760150373298852,0.038927918095332574,0.010670424420972413,9.274654478923455e-07,1.3702525016456872e-11,1.3702525016456872e-11,0.5947011001692769,37.31530941395163,37.910010514120906,veteran,,,0.0,0.0,0.0,0.0,0.0,0.0,0.0,0.0,0.0,0.0,0.0,0.0,0.0,0.0,0.0,0.0,0.0,0.0,0.0,0.0,0.0,0.0,0.0,0.0,0.0,0.0,0.0,0.0,0.0,16,58.879999999999995,11.64655737704918,0.2879098360655738,0.3125,26.784394250513348,0.190625,1.0,0.3125,0.0625,0.625,1.0,11.0,5.0,0.0,0.0,0.0,0.0,24.0,52.0,1.0,157.0,1092.0,4.0,3.0,,2
00-0027754,2014,veteran,QB,2.0143868883405744,24.692408949111133,49.74006482863293,341.7932690456242,1.9362838113683025,1.5656543948362796,4.608829351222226,17.1644909357261,0.14071162364400364,0.41917440803107253,6.871588732809019,0.038928051622757,0.04359725950645643,0.015134796625666464,0.0035991717389037467,1.0856602357920034e-05,1.3702154015161516e-11,1.3702154015161516e-11,0.14807486995156693,20.007927237000107,20.156002106951675,veteran,,,0.0,0.0,0.0,0.0,0.0,0.0,0.0,0.0,0.0,0.0,0.0,0.0,0.0,0.0,0.0,0.0,0.0,0.0,0.0,0.0,0.0,0.0,0.0,0.0,0.0,0.0,0.0,0.0,0.0,16,0.0,7.767272727272728,0.46022727272727276,0.0,26.458590006844627,0.20625,0.0,0.5,0.0,1.0,0.0,16.0,0.0,0.0,0.0,0.0,0.0,0.0,0.0,0.0,0.0,0.0,0.0,0.0,,2
00-0027854,2014,veteran,QB,7.089388702629201,33.150371105847356,235.0158664057597,1595.0216711977712,9.901496780895162,5.316940875410193,15.021862003496638,42.22628945466704,0.4436905652045792,1.455257452096633,6.7868680340242795,0.04213118429970181,0.17004243969414132,0.0642772559751264,0.01920204822078692,2.174790434898502e-06,1.3702396491344572e-11,1.3702396491344572e-11,2.1613036151765637,96.74722965317201,98.90853326834858,veteran,,,0.0,0.0,0.0,0.0,0.0,0.0,0.0,0.0,0.0,0.0,0.0,0.0,0.0,0.0,0.0,0.0,0.0,0.0,0.0,0.0,0.0,0.0,0.0,0.0,0.0,0.0,0.0,0.0,0.0,16,121.08,14.823842364532021,0.73121921182266,0.4375,26.8145106091718,0.634375,1.0,1.0,0.0,0.5625,0.0,9.0,7.0,0.0,0.0,0.0,0.0,15.0,31.0,0.0,262.0,1687.0,14.0,4.0,,2
00-0027939,2014,veteran,QB,13.917880769279943,34.71896989292304,483.2144834019229,3496.0391213684125,21.498024296680164,13.109023866566984,76.07797346229857,391.8475800802863,3.292155304732339,2.6742530306776526,7.234963440573273,0.04448961079421696,0.269337734499465,0.10978811225245688,0.03651504236502984,0.0033428249216029505,1.3701289448885269e-11,1.3701289448885269e-11,7.103586310954811,253.20479808339059,260.3083843943454,veteran,Cam Newton,QB,14.0,250.98,0.0,0.0,0.0,0.0,103.0,539.0,5.0,448.0,262.0,3127.0,18.0,12.0,38.0,5.0,0.0,1.0,1.0,2.0,0.0,0.0,0.0,1.0,0.0,0.0,1.0,0.0,0.0,16,298.66,19.981375000000003,1.0,1.0,25.308692676249144,1.0,1.0,1.0,0.0,0.0,0.0,0.0,16.0,0.0,0.0,0.0,0.0,111.0,585.0,6.0,473.0,3379.0,24.0,13.0,,2
00-0027946,2014,veteran,QB,6.726574649643415,27.37128858219028,184.1150159050354,1289.180217399905,7.723973213014003,4.89816188399941,23.467105997314107,140.26262111155475,0.7949421647372575,1.4029957154088444,7.002037346399006,0.041951891729449964,0.08019717870172811,0.02848851641469755,0.00743469662659984,0.0007652211879566339,1.3701512176110632e-11,1.3701512176110632e-11,0.9320649091889551,88.65670144881472,89.58876635800367,veteran,Jake Locker,QB,7.0,63.92,0.0,0.0,0.0,0.0,22.0,142.0,1.0,146.0,86.0,993.0,5.0,7.0,14.0,1.0,0.0,0.0,0.0,0.0,0.0,0.0,0.0,0.0,0.0,0.0,0.0,0.0,0.0,16,100.74000000000001,13.100126582278483,0.5300632911392404,0.4375,26.21218343600274,0.49375,1.0,0.6875,0.1875,0.375,3.0,9.0,7.0,0.0,0.0,0.0,0.0,24.0,155.0,2.0,183.0,1256.0,8.0,4.0,,2
00-0027948,2014,veteran,QB,5.429129159214687,24.658639609188974,133.87493932881412,885.8165772348424,5.0086790284518905,4.120365432032852,13.91477126023705,40.945698691284505,0.40171652193518487,1.1386980783231597,6.616746806205175,0.03741311894192481,0.035688507410879866,0.012331970560335156,0.0028493500438849734,6.226733018878542e-06,1.3702237852652576e-11,1.3702237852652576e-11,0.3251580924870962,51.45412118322879,51.779279275715886,veteran,Blaine Gabbert,QB,1.0,6.02,0.0,0.0,0.0,0.0,1.0,5.0,0.0,7.0,3.0,38.0,1.0,0.0,0.0,0.0,0.0,0.0,0.0,0.0,0.0,0.0,0.0,0.0,0.0,0.0,0.0,0.0,0.0,16,12.44,7.61159420289855,0.6222826086956522,0.1875,24.878850102669404,0.43125,1.0,0.9375,0.25,0.5625,4.0,13.0,3.0,0.0,0.0,0.0,0.0,9.0,32.0,0.0,86.0,481.0,1.0,7.0,,2
00-0027950,2014,veteran,QB,9.048385638558175,28.97834656552454,262.20725489265385,1777.6987014041667,10.320621872538496,7.779525852653544,27.138342509648414,118.8774348273307,0.9963694687181073,2.0283114960569786,6.779746434292775,0.0393605504041591,0.09049410891193377,0.0323649857974907,0.008614741135826047,8.228295420730294e-05,1.3701848565934395e-11,1.3701848565934395e-11,1.414745432757778,110.6407211439413,112.05546657669909,veteran,Christian Ponder,QB,2.0,12.48,0.0,0.0,0.0,0.0,4.0,16.0,1.0,44.0,22.0,222.0,0.0,2.0,6.0,0.0,0.0,0.0,0.0,0.0,0.0,0.0,0.0,0.0,0.0,0.0,0.0,0.0,0.0,16,107.02,11.912192982456139,0.7648026315789473,0.5625,26.5160848733744,0.7125,1.0,1.0,0.125,0.3125,2.0,7.0,9.0,0.0,0.0,0.0,0.0,34.0,151.0,4.0,239.0,1648.0,7.0,9.0,,2
00-0027973,2014,veteran,QB,13.739630782873316,36.3992260193628,500.11192628840047,3522.8959992650985,24.317717132841786,14.961102751819194,32.50791815562036,96.31369871081985,1.095305487629724,2.8275720586242326,7.044215132821175,0.04862454953497438,0.29143265785226774,0.12091897063160867,0.04110566254395473,4.479271845458311e-06,1.3702287527626534e-11,1.3702287527626534e-11,7.625864930725616,218.81256167794456,226.43842660867017,veteran,Andy Dalton,QB,16.0,228.12,1.0,1.0,18.0,1.0,60.0,169.0,4.0,481.0,309.0,3398.0,19.0,17.0,21.0,2.0,0.0,0.0,3.0,3.0,0.0,0.0,0.0,0.0,0.0,0.0,3.0,0.0,0.0,16,296.02,16.936375,1.0,1.0,26.84188911704312,1.0,1.0,1.0,0.0,0.0,0.0,0.0,16.0,0.0,0.0,0.0,0.0,61.0,183.0,2.0,586.0,4293.0,33.0,20.0,,2
00-0027974,2014,veteran,QB,12.868717060669933,27.913306661623754,359.2084456561493,2630.7957731584343,16.572132480364903,8.029120200041657,57.035818709457914,311.50230331729836,2.0547535203139535,2.6826851119660295,7.323869482948494,0.04613514153347192,0.10950165798609912,0.039666542084775644,0.010906082944129319,0.0015890255943000844,1.3701401861393137e-11,1.3701401861393137e-11,2.4759754272822847,193.57550167739518,196.05147710467747,veteran,Colin Kaepernick,QB,16.0,254.16,0.0,0.0,0.0,0.0,104.0,639.0,1.0,478.0,289.0,3369.0,19.0,10.0,52.0,5.0,0.0,2.5,1.0,3.5,0.0,0.0,0.0,1.0,1.0,0.0,1.0,0.0,0.0,16,269.78,15.444384615384612,0.9235576923076921,1.0,26.82819986310746,0.8125000000000001,1.0,1.0,0.0,0.0,0.0,0.0,16.0,0.0,0.0,0.0,0.0,92.0,524.0,4.0,416.0,3197.0,21.0,8.0,,2
00-0028146,2014,veteran,QB,0.07324249169434616,17.213231922292355,1.260739996101352,8.897885710311414,0.05533196465887931,0.033469567011492875,0.17589694349146906,0.655333770550209,0.005445822338416356,0.015334830505304082,7.057669097376765,0.04388848202641707,0.0076570928862044274,0.0026112735421657644,0.0004898129981256877,1.3589105136897001e-05,1.3702120159512703e-11,1.3702120159512703e-11,0.0009204543855329284,0.5778428030998988,0.5787632574854317,veteran,,,0.0,0.0,0.0,0.0,0.0,0.0,0.0,0.0,0.0,0.0,0.0,0.0,0.0,0.0,0.0,0.0,0.0,0.0,0.0,0.0,0.0,0.0,0.0,0.0,0.0,0.0,0.0,0.0,0.0,16,0.0,5.78,0.125,0.0,26.310746064339494,0.0375,0.0,0.125,0.0,1.0,0.0,16.0,0.0,0.0,0.0,0.0,0.0,0.0,0.0,0.0,0.0,0.0,0.0,0.0,,2
00-0028595,2014,veteran,QB,1.190132388097165,28.79914618141153,34.27479662004266,245.11873321012976,1.3665171236471518,1.0396726108059582,2.966964932900359,18.104235426048962,0.0986962561480703,0.2420929723740827,7.151573674598939,0.03986944514349247,0.11342489949207478,0.04119780238399493,0.011397298533406526,0.00016589149342327334,1.370174281517322e-11,1.370174281517322e-11,0.23586292604475811,15.109887736127032,15.34575066217179,veteran,,,0.0,0.0,0.0,0.0,0.0,0.0,0.0,0.0,0.0,0.0,0.0,0.0,0.0,0.0,0.0,0.0,0.0,0.0,0.0,0.0,0.0,0.0,0.0,0.0,0.0,0.0,0.0,0.0,0.0,16,35.18,11.726666666666667,0.1875,0.1875,26.99247091033539,0.10312500000000001,1.0,0.1875,0.0,0.8125,0.0,13.0,3.0,0.0,0.0,0.0,0.0,5.0,55.0,1.0,90.0,717.0,1.0,5.0,,2
00-0028986,2014,veteran,QB,5.852741392631327,30.208451249293084,176.80225303402318,1240.2811283640633,7.328078813980034,4.524567938996344,12.01681817967385,53.448796255266345,0.390867120696022,1.225802492580864,7.015075357243259,0.04144788139419154,0.12961772975431096,0.04760826525137995,0.013491507221689354,1.4932993041346892e-05,1.3702105937602594e-11,1.3702105937602594e-11,1.3345893539120441,75.11290187703104,76.44749123094309,veteran,Case Keenum,QB,2.0,22.900000000000002,0.0,0.0,0.0,0.0,10.0,35.0,0.0,77.0,45.0,435.0,2.0,2.0,3.0,1.0,0.0,0.0,0.0,0.0,0.0,0.0,0.0,0.0,0.0,0.0,0.0,0.0,0.0,16,106.10000000000001,13.262500000000001,0.5,0.5,26.537987679671456,0.275,1.0,0.5,0.0625,0.4375,1.0,8.0,8.0,0.0,0.0,0.0,0.0,14.0,72.0,1.0,253.0,1760.0,9.0,6.0,,2
00-0029151,2014,veteran,QB,1.3129626063431037,14.305963339080066,18.783194911927453,131.04153764641097,0.8191707770544076,0.5011764126782937,2.845703717779883,13.997369193656288,0.08796010673400036,0.2753578968188872,6.97653079046732,0.04361189781053854,0.0027121113925103408,0.0009253737380470426,0.00015164715657983526,3.0674099699142705e-05,1.3701997378719373e-11,1.3701997378719373e-11,0.005821860615773873,8.89277355484934,8.898595415465113,veteran,Matt Simms,QB,1.0,1.76,0.0,0.0,0.0,0.0,1.0,2.0,0.0,8.0,3.0,39.0,0.0,0.0,0.0,0.0,0.0,0.0,0.0,0.0,0.0,0.0,0.0,0.0,0.0,0.0,0.0,0.0,0.0,16,9.94,3.313333333333333,0.1875,0.1875,25.927446954141,0.10312500000000001,1.0,0.1875,0.0,0.8125,0.0,13.0,3.0,0.0,0.0,0.0,0.0,5.0,37.0,0.0,31.0,156.0,1.0,1.0,,2
00-0029263,2014,veteran,QB,13.436665191939271,30.27364705597954,406.7768596301351,3040.9343732434522,21.908347814102232,10.088713244020594,62.72826084552449,319.6359924000898,1.747751875378001,2.898545667356142,7.475681817319806,0.05385839261855396,0.17451866249195633,0.06618429254808325,0.01987832126062443,0.0014588088552218287,1.3701414774417329e-11,1.3701414774417329e-11,4.232691329075044,225.74635885567054,229.97905018474557,veteran,Russell Wilson,QB,16.0,333.09999999999997,1.0,1.0,17.0,0.0,118.0,849.0,6.0,452.0,285.0,3475.0,20.0,7.0,42.0,0.0,0.0,3.0,2.0,5.0,0.0,0.0,0.0,3.0,0.0,0.0,2.0,0.0,0.0,16,273.18,17.127573529411762,1.0,1.0,25.754962354551676,0.8500000000000001,1.0,1.0,0.0,0.0,0.0,0.0,16.0,0.0,0.0,0.0,0.0,96.0,539.0,1.0,407.0,3357.0,26.0,9.0,,2
00-0029531,2014,veteran,QB,1.5190137790181364,21.753615008060564,33.04404094069972,223.21853494952506,1.2643910907975509,0.9390928185326051,2.6927631487831967,9.141843731289606,0.08383733592416848,0.3188950555928188,6.75518273779255,0.038263815647323694,0.020770893922163303,0.0071196238112820895,0.00152568137702012,2.275947834059804e-06,1.3702389634904075e-11,1.3702389634904075e-11,0.05241200341357432,12.887538401594332,12.939950405007906,veteran,Ryan Lindley,QB,3.0,23.48,0.0,0.0,0.0,0.0,0.0,0.0,0.0,93.0,45.0,562.0,2.0,4.0,6.0,0.0,0.0,0.0,1.0,1.0,0.0,0.0,0.0,0.0,0.0,0.0,1.0,0.0,0.0,16,0.0,2.2966666666666664,0.375,0.0,25.193702943189596,0.11249999999999999,0.0,0.375,0.0,1.0,0.0,16.0,0.0,0.0,0.0,0.0,0.0,0.0,0.0,0.0,0.0,0.0,0.0,0.0,,2
00-0029567,2014,veteran,QB,10.286069587637028,31.052713162914998,319.410368478676,2384.007724341074,16.886940973716893,6.137910794177142,29.996864135851663,111.20149027062311,1.029616873132214,2.1420925942769133,7.463776882685109,0.052869107080486887,0.1935680465442366,0.07444362855744498,0.02285898665988093,3.2749440851601096e-05,1.3701987505642768e-11,1.3701987505642768e-11,3.6102480307377522,163.645916357458,167.25616438819574,veteran,Nick Foles,QB,8.0,126.82000000000001,0.0,0.0,0.0,0.0,16.0,68.0,0.0,311.0,186.0,2163.0,13.0,10.0,9.0,3.0,0.0,0.0,7.5,7.5,0.0,0.0,0.0,0.0,0.0,0.0,4.0,1.0,1.0,16,268.74,18.887027027027028,0.727364864864865,0.8125,25.61259411362081,0.578125,1.0,0.8125,0.0625,0.125,1.0,3.0,13.0,0.0,0.0,0.0,0.0,57.0,221.0,3.0,317.0,2891.0,27.0,2.0,,2
00-0029604,2014,veteran,QB,3.055769602421556,25.438352169756783,77.7337432960372,533.5682492975953,3.243174924982228,2.4485881776419816,4.73083687609019,19.0138050104498,0.1459907401768809,0.6453614086061099,6.864049339108518,0.04172158431417727,0.05042107348886565,0.017576018691680528,0.004270003676459569,2.6357655315458567e-06,1.3702367499565792e-11,1.3702367499565792e-11,0.26074192847543143,30.904855441442812,31.165597369918245,veteran,Kirk Cousins,QB,6.0,95.39999999999999,0.0,0.0,0.0,0.0,7.0,20.0,0.0,204.0,126.0,1710.0,10.0,9.0,8.0,2.0,0.0,0.0,7.0,7.0,0.0,0.0,0.0,0.0,0.0,0.0,2.0,2.0,1.0,16,36.06,8.215068493150685,0.2816780821917808,0.3125,26.034223134839152,0.228125,1.0,0.3125,0.0,0.6875,0.0,11.0,5.0,0.0,0.0,0.0,0.0,4.0,14.0,0.0,155.0,854.0,4.0,7.0,,2
00-0029665,2014,veteran,QB,11.143139998514654,33.58343732087249,374.2249436978241,2680.3172223693173,15.586034332894316,8.998296351222459,65.5894805088752,374.061547779892,1.8898797397728724,2.354905420364456,7.16231578762317,0.04164883874090337,0.22633821031983678,0.08922080307325805,0.02839471907205549,0.00796346976430429,1.3701157849755443e-11,1.3701157849755443e-11,4.734968932413783,195.59585589980253,200.3308248322163,veteran,Robert Griffin III,QB,9.0,88.35999999999999,0.0,0.0,0.0,0.0,38.0,176.0,1.0,214.0,147.0,1694.0,4.0,6.0,33.0,4.0,0.0,0.0,1.0,1.0,0.0,0.0,0.0,0.0,0.0,0.0,1.0,0.0,0.0,16,216.02,18.477339055793994,0.860783261802575,0.8125,24.550308008213552,0.728125,1.0,0.9375,0.0,0.1875,0.0,3.0,13.0,0.0,0.0,0.0,0.0,86.0,489.0,0.0,456.0,3203.0,16.0,12.0,,2
00-0029668,2014,veteran,QB,13.529372370800687,36.86012648207327,498.6943768107808,3437.040172756571,20.249193932849128,11.417771894570594,51.411687970502584,253.8900690632146,1.969866353990197,2.77646859682711,6.892077257291161,0.040604415999926674,0.2813505607740662,0.11579033063439904,0.03897358548457376,0.00045780642708381054,1.3701589691122e-11,1.3701589691122e-11,7.217122389148937,227.29810668912657,234.5152290782755,veteran,Andrew Luck,QB,16.0,374.24,0.0,0.0,0.0,0.0,64.0,273.0,3.0,616.0,380.0,4761.0,40.0,16.0,27.0,6.0,0.0,0.0,22.5,22.5,0.0,0.0,0.0,0.0,0.0,0.0,10.0,7.0,1.0,16,297.08,18.388382352941175,1.0,1.0,24.969199178644764,0.8500000000000001,1.0,1.0,0.0,0.0,0.0,0.0,16.0,0.0,0.0,0.0,0.0,63.0,377.0,4.0,570.0,3822.0,23.0,9.0,,2
00-0029677,2014,veteran,QB,7.723295867915825,33.89148995589543,261.75400433387784,1783.3113592267161,9.768776873305253,7.801480074977292,8.725870840821411,32.70058118521775,0.2552195244872786,1.5655057949643802,6.81292866470165,0.03732044863330833,0.19045705332427895,0.07307863680675525,0.022360660140562778,5.064341525787796e-07,1.3702616266400873e-11,1.3702616266400873e-11,2.6629679733247866,96.47496538785175,99.13793336117654,veteran,Brandon Weeden,QB,4.0,20.02,0.0,0.0,0.0,0.0,6.0,-1.0,0.0,41.0,24.0,303.0,3.0,2.0,1.0,0.0,0.0,0.0,0.0,0.0,0.0,0.0,0.0,0.0,0.0,0.0,0.0,0.0,0.0,16,92.14,11.427752808988766,0.7212078651685393,0.5,30.882956878850102,0.55625,1.0,0.9375,0.1875,0.3125,3.0,8.0,8.0,0.0,0.0,0.0,0.0,12.0,44.0,0.0,267.0,1731.0,9.0,9.0,,2
00-0029701,2014,veteran,QB,13.396753865618898,33.97688320426564,455.1799414084275,3116.1710770055233,17.71811633573731,12.549198643455394,39.67705163626463,192.988826508113,1.2275029815312892,2.9301312073677432,6.846020207664249,0.03892552092896171,0.19658146480537791,0.07577192104451343,0.023346061820494434,0.00012774353447236032,1.3701782226916362e-11,1.3701782226916362e-11,4.783434399991236,191.22454926152292,196.00798366151417,veteran,Ryan Tannehill,QB,16.0,282.5,1.0,1.0,-4.0,0.0,56.0,311.0,1.0,590.0,392.0,4045.0,27.0,12.0,46.0,2.0,0.0,0.0,3.5,3.5,0.0,0.0,0.0,0.0,0.0,0.0,2.0,1.0,0.0,16,243.32,13.973088235294115,1.0,1.0,26.09719370294319,0.8500000000000001,1.0,1.0,0.0,0.0,0.0,0.0,16.0,0.0,0.0,0.0,0.0,40.0,238.0,1.0,588.0,3913.0,24.0,17.0,,2
00-0030024,2014,veteran,QB,0.7318402074279465,25.162416437164783,18.414868064763045,127.44158760272428,0.7688188924930667,0.5277502022232494,1.6753415647482666,7.006885410089907,0.05205103227709949,0.149809474421872,6.920581084508799,0.04174989958055719,0.049736271308761404,0.017330057420319907,0.004201720537341284,1.8584828821889467e-05,1.370207294490959e-11,1.370207294490959e-11,0.061586829556415576,7.830814455462583,7.892401285018999,veteran,,,0.0,0.0,0.0,0.0,0.0,0.0,0.0,0.0,0.0,0.0,0.0,0.0,0.0,0.0,0.0,0.0,0.0,0.0,0.0,0.0,0.0,0.0,0.0,0.0,0.0,0.0,0.0,0.0,0.0,16,12.059999999999999,6.029999999999999,0.125,0.125,23.550992470910334,0.06875,1.0,0.125,0.0,0.875,0.0,14.0,2.0,0.0,0.0,0.0,0.0,3.0,17.0,0.0,59.0,309.0,1.0,3.0,,2
00-0030419,2014,veteran,QB,4.912581202028099,28.001834458395567,137.56128558261673,976.9325049898817,5.8303999994333235,4.05801542866966,9.389260528786547,28.367065503125694,0.2857985967287821,1.005032564336513,7.101798306494849,0.04238401796508142,0.09595452255958228,0.03444293579156625,0.009257990232839516,1.8987436366691296e-06,1.3702416962207058e-11,1.3702416962207058e-11,0.8161605476849598,56.824302342001474,57.64046288968643,veteran,Matt McGloin,QB,1.0,5.46,0.0,0.0,0.0,0.0,2.0,3.0,0.0,19.0,12.0,129.0,1.0,2.0,1.0,0.0,0.0,0.0,0.0,0.0,0.0,0.0,0.0,0.0,0.0,0.0,0.0,0.0,0.0,16,78.58,11.225714285714286,0.4375,0.4375,24.747433264887064,0.24062500000000003,1.0,0.4375,0.0,0.5625,0.0,9.0,7.0,0.0,0.0,0.0,0.0,11.0,27.0,0.0,211.0,1547.0,8.0,8.0,,2
00-0030520,2014,veteran,QB,10.106342077254203,29.4577514591199,297.7101130725998,2014.0031834780596,13.226743383581695,7.270222171423454,22.339009379602967,44.37865931853772,0.6529358223637723,2.1737172637014504,6.764980748191524,0.044428263612113876,0.0969286064440993,0.034815266545765985,0.009374009924870754,5.893063125199786e-07,1.3702593410656042e-11,1.3702593410656042e-11,1.6968560017175698,122.93470286923576,124.63155887095333,veteran,Mike Glennon,QB,6.0,91.58,0.0,0.0,0.0,0.0,10.0,49.0,0.0,203.0,117.0,1417.0,10.0,6.0,16.0,0.0,0.0,0.0,2.0,2.0,0.0,0.0,0.0,0.0,0.0,0.0,2.0,0.0,0.0,16,158.02,12.155384615384614,0.8125,0.8125,24.720054757015742,0.446875,1.0,0.8125,0.0,0.1875,0.0,3.0,13.0,0.0,0.0,0.0,0.0,27.0,37.0,0.0,416.0,2608.0,19.0,9.0,,2
00-0030526,2014,veteran,QB,9.253651791727794,29.141650322131653,269.66668471729844,1851.4167880142425,11.107127439601445,7.406143911466067,32.0785702997917,109.79950970170432,1.0183703231748598,1.970529589515368,6.86557477411476,0.041188356104297635,0.09879645864040756,0.035530631026326434,0.00959755892360068,5.07563738711767e-05,1.3701921427866839e-11,1.3701921427866839e-11,1.585504776614116,116.8220071862322,118.40751196284631,veteran,EJ Manuel,QB,4.0,58.72,0.0,0.0,0.0,0.0,16.0,52.0,1.0,131.0,76.0,838.0,5.0,3.0,6.0,0.0,0.0,0.0,0.0,0.0,0.0,0.0,0.0,0.0,0.0,0.0,0.0,0.0,0.0,16,133.48,13.347999999999997,0.625,0.625,24.45448323066393,0.34375,1.0,0.625,0.375,0.0,6.0,6.0,10.0,0.0,0.0,0.0,0.0,53.0,186.0,2.0,306.0,1972.0,11.0,9.0,,2
00-0030533,2014,veteran,QB,1.5445496018217242,15.873422201861747,24.517287941433676,171.58576587421035,1.0022489879440315,0.7530471016538914,2.194998191776258,6.5036915155007495,0.06837172385383086,0.32392691751873026,6.998562250608241,0.04087927630242711,0.00477677700068722,0.001628702938123386,0.0002872381589403593,4.949986967527807e-07,1.3702619710813894e-11,1.3702619710813894e-11,0.012039459518403099,9.779078043072358,9.791117502590762,veteran,Matt Barkley,QB,1.0,0.0,0.0,0.0,0.0,0.0,3.0,0.0,0.0,1.0,0.0,0.0,0.0,0.0,0.0,0.0,0.0,0.0,0.0,0.0,0.0,0.0,0.0,0.0,0.0,0.0,0.0,0.0,0.0,16,1.8000000000000005,0.6000000000000002,0.1875,0.1875,23.980835044490075,0.10312500000000001,1.0,0.1875,0.0,0.8125,0.0,13.0,3.0,0.0,0.0,0.0,0.0,2.0,-2.0,0.0,49.0,300.0,0.0,4.0,,2
00-0030565,2014,veteran,QB,12.801247656796113,27.07872530588178,346.6414688709447,2414.7900676361596,12.738767342701166,12.33606384455194,56.44406695721504,265.4128677548403,2.1914622407416897,2.7054837678820096,6.9662469279899994,0.03674911540212701,0.07417935192826372,0.02624795914433342,0.006765105180133129,0.0007441876304132128,1.3701516382324234e-11,1.3701516382324234e-11,1.636328297736706,157.1536370713173,158.789965369054,veteran,Geno Smith,QB,14.0,154.3,1.0,0.0,0.0,0.0,59.0,238.0,1.0,367.0,219.0,2525.0,13.0,13.0,28.0,3.0,0.0,0.0,3.5,3.5,0.0,0.0,0.0,0.0,0.0,0.0,2.0,1.0,0.0,16,195.24,12.2025,1.0,1.0,23.89322381930185,0.55,1.0,1.0,0.0,0.0,0.0,0.0,16.0,1.0,1.0,13.0,0.0,72.0,366.0,6.0,443.0,3046.0,12.0,21.0,,2
00-0031064,2014,rookie,QB,5.298010107299785,25.19854212475485,133.5021308661706,929.7433570132247,4.974604115925748,3.857856253166907,14.469469069307115,69.03142535148602,0.7399160319532048,1.177335579399952,6.96425855513308,0.037262357414448666,0.051716492804858634,0.018041895050372667,0.004399749505805559,7.910526692860783e-05,1.3701854505718706e-11,1.3701854505718706e-11,0.4644126505523047,58.360405805966096,58.8248184565184,rookie,Tom Savage,QB,2.0,0.48000000000000015,0.0,0.0,0.0,0.0,6.0,-6.0,0.0,19.0,10.0,127.0,0.0,1.0,1.0,1.0,0.0,0.0,0.0,0.0,0.0,0.0,0.0,0.0,0.0,0.0,0.0,0.0,0.0,16,0.0,,,0.0,24.35044490075291,0.0,0.0,0.0,0.0,1.0,0.0,16.0,0.0,0.0,0.0,0.0,0.0,0.0,0.0,0.0,0.0,0.0,0.0,0.0,,2
00-0031237,2014,rookie,QB,7.610212595275218,24.118003665056772,183.54313526470892,1278.2418500031972,6.839249907202081,5.303908091299573,34.12328219494727,162.79649213839426,1.7449405667870765,1.691158354505604,6.96425855513308,0.037262357414448666,0.04140131084883568,0.014353736663884703,0.0033879191591647236,0.0008670379711258929,1.3701493323229052e-11,1.3701493323229052e-11,0.5370891723729453,91.24583335188774,91.78292252426068,rookie,Teddy Bridgewater,QB,13.0,182.66,0.0,0.0,0.0,0.0,47.0,209.0,1.0,402.0,259.0,2919.0,14.0,12.0,39.0,0.0,0.0,0.0,3.0,3.0,0.0,0.0,0.0,0.0,0.0,0.0,3.0,0.0,0.0,16,0.0,,,0.0,21.806981519507186,0.0,0.0,0.0,0.0,1.0,0.0,16.0,0.0,0.0,0.0,0.0,0.0,0.0,0.0,0.0,0.0,0.0,0.0,0.0,,2
00-0031260,2014,rookie,QB,4.72156730879882,23.442236822185357,110.68409902475031,770.8326835503143,4.124350457956475,3.198475865354001,15.490216511490278,73.90124127356819,0.7921133443375711,1.049237179733071,6.96425855513308,0.037262357414448666,0.0357984318306279,0.012370735596570126,0.0028595589653613866,0.00019027364236194892,1.3701722132150023e-11,1.3701722132150023e-11,0.28454018689839045,50.97808727704657,51.26262746394496,rookie,Logan Thomas,TE,2.0,7.24,0.0,0.0,0.0,0.0,0.0,0.0,0.0,9.0,1.0,81.0,1.0,0.0,2.0,0.0,0.0,0.0,0.0,0.0,0.0,0.0,0.0,0.0,0.0,0.0,0.0,0.0,0.0,16,0.0,,,0.0,23.170431211498972,0.0,0.0,0.0,0.0,1.0,0.0,16.0,0.0,0.0,0.0,0.0,0.0,0.0,0.0,0.0,0.0,0.0,0.0,0.0,,2
00-0031280,2014,rookie,QB,8.536050765026527,26.635456254375285,227.36160673699075,1583.4050148268907,8.472029452557068,6.570145289738136,32.0006550111618,152.66979161575105,1.636397131252592,1.8969001700058947,6.96425855513308,0.037262357414448666,0.0682676625111952,0.024064515882320378,0.00612188777785267,0.0003625200528929978,1.3701624897278123e-11,1.3701624897278123e-11,0.9984681062994499,105.37558943290651,106.37405753920596,rookie,Derek Carr,QB,16.0,193.0,1.0,0.0,0.0,0.0,29.0,92.0,0.0,599.0,348.0,3270.0,21.0,12.0,24.0,4.0,0.0,0.0,1.0,1.0,0.0,0.0,0.0,0.0,0.0,0.0,1.0,0.0,0.0,16,0.0,,,0.0,23.430527036276523,0.0,0.0,0.0,0.0,1.0,0.0,16.0,0.0,0.0,0.0,0.0,0.0,0.0,0.0,0.0,0.0,0.0,0.0,0.0,,2
00-0031345,2014,rookie,QB,6.433924465397905,24.366237584456638,156.77053212433353,1091.7905195396552,5.841639600070222,4.5302511184218055,24.05658797255717,114.7699717857415,1.2301664304148554,1.4297609923106456,6.96425855513308,0.037262357414448666,0.04361910543439357,0.015142577856035927,0.0036012848568848805,0.0003579192221372225,1.3701626824067674e-11,1.3701626824067674e-11,0.4754249478624741,73.97615072146547,74.45157566932795,rookie,Jimmy Garoppolo,QB,5.0,12.18,0.0,0.0,0.0,0.0,10.0,9.0,0.0,27.0,19.0,182.0,1.0,0.0,5.0,0.0,0.0,0.0,0.0,0.0,0.0,0.0,0.0,0.0,0.0,0.0,0.0,0.0,0.0,16,0.0,,,0.0,22.830937713894592,0.0,0.0,0.0,0.0,1.0,0.0,16.0,0.0,0.0,0.0,0.0,0.0,0.0,0.0,0.0,0.0,0.0,0.0,0.0,,2
00-0031407,2014,rookie,QB,15.418739051051237,31.0690886301608,479.0461701424323,3336.201388718171,17.8503896098701,13.843159289287016,80.80058023680645,385.48610154643075,4.131847853018512,3.4263864557891637,6.96425855513308,0.037262357414448666,0.1426577767359309,0.05287907617754475,0.015257130245058299,0.0018625088093498646,1.3701377872846582e-11,1.3701377872846582e-11,3.9218050062417427,233.65021977080903,237.57202477705079,rookie,Blake Bortles,QB,14.0,169.22,0.0,0.0,0.0,0.0,56.0,419.0,0.0,475.0,280.0,2908.0,11.0,17.0,55.0,1.0,0.0,0.0,1.0,1.0,0.0,0.0,0.0,0.0,0.0,0.0,1.0,0.0,0.0,16,0.0,,,0.0,22.71047227926078,0.0,0.0,0.0,0.0,1.0,0.0,16.0,0.0,0.0,0.0,0.0,0.0,0.0,0.0,0.0,0.0,0.0,0.0,0.0,,2
00-0031409,2014,rookie,QB,8.677492853163786,24.850708472636992,215.64184516736424,1501.7855650514994,8.035323508137527,6.231475373657673,40.72483751875974,194.29141232908293,2.082520100391123,1.928331745147508,6.96425855513308,0.037262357414448666,0.048205831554044586,0.016781156079074284,0.0040498847186471836,0.0010839272050743687,1.3701459622627679e-11,1.3701459622627679e-11,0.7164247641029381,107.81736423225475,108.53378899635769,rookie,Johnny Manziel,QB,4.0,11.9,0.0,0.0,0.0,0.0,9.0,29.0,1.0,35.0,18.0,175.0,0.0,2.0,3.0,0.0,0.0,0.0,0.0,0.0,0.0,0.0,0.0,0.0,0.0,0.0,0.0,0.0,0.0,16,0.0,,,0.0,21.73579739904175,0.0,0.0,0.0,0.0,1.0,0.0,16.0,0.0,0.0,0.0,0.0,0.0,0.0,0.0,0.0,0.0,0.0,0.0,0.0,,2
00-0007091,2015,veteran,QB,2.033951186333969,13.377566620864716,27.209317498769497,192.8705473516684,1.1857031073866702,0.6674983890779628,1.55940515728703,2.2763268565169734,0.04643184429615747,0.40881986509589546,7.088400778901958,0.04357709844946651,0.0019515213046233397,0.0003144925617824966,3.557565147666083e-05,1.6510426936675467e-09,9.047780054935498e-08,1.3705748041923669e-11,0.005073790583480387,10.811221566694341,10.816295357277822,veteran,Matt Hasselbeck,QB,8.0,92.1,0.0,0.0,0.0,0.0,16.0,15.0,0.0,256.0,156.0,1690.0,9.0,5.0,16.0,2.0,0.0,0.0,1.0,1.0,0.0,0.0,0.0,0.0,0.0,0.0,1.0,0.0,0.0,16,16.939999999999998,5.043953488372093,0.30668604651162795,0.25,39.93429158110883,0.26875,1.0,0.5,0.0,0.75,0.0,12.0,4.0,0.0,0.0,0.0,0.0,8.0,-11.0,0.0,44.0,301.0,2.0,0.0,,3
00-0010346,2015,veteran,QB,13.363999966374402,36.94319662875565,493.7088785044535,3741.525035757389,29.748766310603884,11.312903533780375,17.381090418655393,0.0,0.4948602031471192,2.6970574857075316,7.5784033843815894,0.060255684282444065,0.3922837422740581,0.1710119875414546,0.05882950344363873,2.3599534873612555e-11,5.9262594036056716e-09,1.3706553544212506e-11,10.242981295754916,243.605305852618,253.8482871483729,veteran,Peyton Manning,QB,10.0,93.36,0.0,0.0,0.0,0.0,6.0,-6.0,0.0,331.0,198.0,2249.0,9.0,17.0,16.0,0.0,0.0,0.0,2.0,2.0,0.0,0.0,0.0,0.0,0.0,0.0,2.0,0.0,0.0,16,328.18,22.5679375,1.0,1.0,39.43874058863792,1.0,1.0,1.0,0.0,0.0,0.0,0.0,16.0,0.0,0.0,0.0,0.0,24.0,-24.0,0.0,597.0,4727.0,39.0,15.0,,3
00-0019596,2015,veteran,QB,13.454711034120898,35.35622800111166,475.7078310114513,3373.9283162575434,22.90439748996599,9.38205723981949,22.265304392026714,32.99656891953222,0.6419451671919923,2.666876637241344,7.092438039297962,0.048148035404980825,0.2631815786180738,0.0961915749148606,0.028336706088543693,2.6099932180112223e-08,5.318762281043336e-07,1.3705224610697424e-11,6.2449123264622335,209.62818275114918,215.87309507761142,veteran,Tom Brady,QB,16.0,359.2,1.0,1.0,36.0,0.0,34.0,53.0,3.0,624.0,402.0,4770.0,36.0,7.0,38.0,2.0,0.0,0.0,15.0,15.0,0.0,0.0,0.0,0.0,0.0,0.0,7.0,4.0,1.0,16,286.06,18.1613125,1.0,1.0,38.078028747433265,1.0,1.0,1.0,0.0,0.0,0.0,0.0,16.0,0.0,0.0,0.0,0.0,36.0,57.0,0.0,582.0,4109.0,33.0,9.0,,3
00-0020245,2015,veteran,QB,6.71608152825719,19.931487360964166,133.8614940956631,932.6442841895473,5.412545679981691,3.281881766031511,22.859957882624204,137.6046667441357,0.6680763288489602,1.3847336686461582,6.9672334863006995,0.040433925502980396,0.014797147128560974,0.00306636167042982,0.0004916274074746361,0.0008087630369622329,0.0004051839171413545,1.3703263785951065e-11,0.146386959471411,67.39164786566064,67.53803482513206,veteran,Mike Vick,QB,5.0,30.740000000000002,0.0,0.0,0.0,0.0,20.0,99.0,0.0,66.0,40.0,371.0,2.0,1.0,10.0,0.0,0.0,0.0,0.0,0.0,0.0,0.0,0.0,0.0,0.0,0.0,0.0,0.0,0.0,16,43.46,9.237426900584794,0.5427631578947368,0.5625,35.181382614647504,0.534375,1.0,0.625,0.0,0.4375,0.0,7.0,9.0,0.0,0.0,0.0,0.0,26.0,153.0,0.0,121.0,604.0,3.0,2.0,,3
00-0020531,2015,veteran,QB,13.540365584806054,39.127780349248916,529.8044504508206,3915.4232815162395,26.954153006034236,13.074439272491999,22.594448483731323,47.643483681688075,0.7563247827802213,2.672593636202869,7.390317839317001,0.050875663620980234,0.43435828288130435,0.20032034467735138,0.07250747799456198,1.196063199906723e-07,1.412596712408712e-06,1.3704935976672251e-11,11.91357182636561,242.2417745322469,254.1553463586125,veteran,Drew Brees,QB,15.0,325.7,0.0,0.0,0.0,0.0,24.0,14.0,1.0,627.0,428.0,4870.0,32.0,11.0,31.0,2.0,0.0,0.0,21.5,21.5,0.0,0.0,0.0,0.0,0.0,0.0,10.0,5.0,2.0,16,317.98,21.505000000000003,1.0,1.0,36.62696783025325,1.0,1.0,1.0,0.0,0.0,0.0,0.0,16.0,1.0,1.0,1.0,0.0,27.0,68.0,1.0,659.0,4952.0,33.0,17.0,,3
00-0020679,2015,veteran,QB,5.0736142849138695,24.996579932845204,126.8230050212748,909.9433319512266,5.419858862984717,3.4114884338775764,4.836592388167337,9.947829651510359,0.15575298362712067,1.0119595721786352,7.174907516176438,0.042735613007084366,0.05583043363672935,0.014041550487297536,0.002866460787553279,1.0944754512002306e-08,3.0452886052865855e-07,1.3705389395866014e-11,0.4192132083935355,51.15957358478927,51.57878679318281,veteran,Shaun Hill,QB,3.0,0.09999999999999998,0.0,0.0,0.0,0.0,4.0,-5.0,0.0,7.0,2.0,15.0,0.0,0.0,1.0,0.0,0.0,0.0,0.0,0.0,0.0,0.0,0.0,0.0,0.0,0.0,0.0,0.0,0.0,16,89.78,10.625979381443297,0.4594072164948453,0.5,35.644079397672826,0.30312500000000003,1.0,0.5,0.0,0.5,0.0,8.0,8.0,1.0,1.0,0.0,0.0,10.0,10.0,1.0,229.0,1657.0,8.0,7.0,,3
00-0021206,2015,veteran,QB,8.546196797330104,27.825705736095887,237.80395724527258,1693.8915683165808,10.198073476986668,6.751533327891671,17.033803411949798,79.84778909348492,0.6189974602452256,1.7655671533626958,7.123058791530074,0.04288437246848801,0.09179802021252,0.02528235955969212,0.005702414577896605,1.2940933605341795e-05,2.8528118723781052e-05,1.3704047902380869e-11,1.206570197568677,103.212519348921,104.41908954648969,veteran,Josh McCown,QB,8.0,140.16,0.0,0.0,0.0,0.0,20.0,98.0,1.0,292.0,186.0,2109.0,12.0,4.0,23.0,6.0,0.0,0.0,8.0,8.0,0.0,0.0,0.0,0.0,0.0,0.0,3.0,2.0,1.0,16,128.94,13.43609467455621,0.6342455621301776,0.6875,36.16153319644079,0.5281250000000001,1.0,0.6875,0.125,0.1875,2.0,5.0,11.0,0.0,0.0,0.0,0.0,25.0,127.0,3.0,327.0,2206.0,11.0,14.0,,3
00-0021429,2015,veteran,QB,6.532471837075809,33.9420479043565,221.7254720278868,1595.6367629043898,9.754173768930134,5.87616183701366,8.912106350925832,16.367486345417877,0.26102914623043016,1.3236207946677714,7.196452208719185,0.0439921208858824,0.2367634004761784,0.08332748882159603,0.02374131529967458,2.8455203638934026e-08,5.621949926434382e-07,1.370520822878308e-11,2.6733365986197555,91.64552384045764,94.3188604390774,veteran,Carson Palmer,QB,16.0,327.74,0.0,0.0,0.0,0.0,25.0,24.0,1.0,537.0,342.0,4671.0,35.0,11.0,25.0,2.0,0.0,0.0,18.5,18.5,0.0,0.0,0.0,0.0,0.0,0.0,9.0,5.0,1.0,16,105.53999999999999,15.729275362318841,0.7871376811594203,0.375,35.67967145790554,0.646875,1.0,1.0,0.0625,0.5625,1.0,10.0,6.0,0.0,0.0,0.0,0.0,8.0,25.0,0.0,224.0,1626.0,11.0,3.0,,3
00-0021678,2015,veteran,QB,12.708774124565112,33.606377314220055,427.0958584313318,3190.1952561390754,23.794367409654345,10.044876382569297,20.00249024175457,45.413564505846715,0.5611273023493324,2.5203324366713753,7.46950641913563,0.05571200689477065,0.26426707500938873,0.09673647994276925,0.028535676740304616,1.2804219868852733e-07,1.4757423010436268e-06,1.3704923054280897e-11,5.927950374940451,205.56298251037973,211.49093288532018,veteran,Tony Romo,QB,4.0,43.16,0.0,0.0,0.0,0.0,4.0,13.0,0.0,121.0,83.0,884.0,5.0,7.0,6.0,1.0,0.0,0.0,2.5,2.5,0.0,0.0,0.0,0.0,0.0,0.0,1.0,1.0,0.0,16,267.3,18.00851485148515,0.9474009900990099,0.9375,35.36208076659822,0.946875,1.0,1.0,0.0,0.0625,0.0,1.0,15.0,0.0,0.0,0.0,0.0,26.0,61.0,0.0,435.0,3705.0,34.0,9.0,,3
00-0022787,2015,veteran,QB,3.250311295005151,27.199518658454206,88.40690271427705,621.8466390790583,3.575255469345328,2.605055359900743,3.8721032409221388,9.797570573181417,0.11652478044860362,0.6477364062016024,7.033914999700976,0.04044090856683695,0.07716471859115782,0.02055032988103892,0.004471961604068479,6.124549399105304e-08,9.193946115738127e-07,1.3705062882994813e-11,0.3800770266644827,34.348209648348714,34.728286675013194,veteran,Matt Schaub,QB,2.0,27.6,0.0,0.0,0.0,0.0,4.0,10.0,0.0,80.0,52.0,540.0,3.0,4.0,3.0,0.0,0.0,0.0,1.0,1.0,0.0,0.0,0.0,0.0,0.0,0.0,1.0,0.0,0.0,16,-3.72,9.964153846153845,0.6788461538461538,0.125,34.18480492813142,0.40625,1.0,1.0,0.0625,0.8125,1.0,14.0,2.0,0.0,0.0,0.0,0.0,0.0,0.0,0.0,10.0,57.0,0.0,2.0,,3
00-0022803,2015,veteran,QB,13.638285193280062,34.425024051911755,469.4982958054981,3360.051709284735,20.878667027936494,13.620395846403595,19.76773676774067,48.655000337591495,0.6121482455486773,2.733508829265475,7.1566856350778405,0.04447016573748337,0.24519698500854728,0.087352090810828,0.025157842082052344,1.2711512964006622e-07,1.4688773766188568e-06,1.3704924432080338e-11,5.817316933924182,193.74731663884845,199.56463357277264,veteran,Eli Manning,QB,16.0,299.88,0.0,0.0,0.0,0.0,20.0,61.0,0.0,618.0,387.0,4432.0,35.0,14.0,27.0,4.0,0.0,0.0,12.5,12.5,0.0,0.0,0.0,0.0,0.0,0.0,6.0,3.0,1.0,16,281.0,15.2474375,1.0,1.0,34.65845311430527,1.0,1.0,1.0,0.0,0.0,0.0,0.0,16.0,0.0,0.0,0.0,0.0,12.0,31.0,1.0,601.0,4410.0,30.0,14.0,,3
00-0022924,2015,veteran,QB,13.510640252635863,36.562800444499445,493.98684343454664,3672.8874259142935,24.029051254978807,10.45512373845139,23.94212686906223,49.69319975707948,0.6700367053718003,2.8686527181362873,7.435192808735101,0.04864309965810387,0.3553042025269681,0.14738491736015039,0.04851578421026707,1.4552679157701656e-07,1.602064517283334e-06,1.3704898784787996e-11,9.09827720425307,225.37368935125036,234.47196655550343,veteran,Ben Roethlisberger,QB,12.0,247.12,0.0,0.0,-3.0,0.0,15.0,29.0,0.0,469.0,319.0,3938.0,21.0,16.0,20.0,0.0,0.0,0.0,19.0,19.0,0.0,0.0,0.0,0.0,0.0,0.0,8.0,6.0,1.0,16,326.68,19.054405144694535,0.9764871382636656,1.0,33.50034223134839,0.971875,1.0,1.0,0.0,0.0,0.0,0.0,16.0,0.0,0.0,-6.0,0.0,33.0,27.0,0.0,608.0,4952.0,32.0,9.0,,3
00-0022942,2015,veteran,QB,13.677152463337958,34.47640990786822,471.53911469844894,3468.8265835104544,23.781194065494137,12.69893297718609,26.113268931685905,67.4088311594031,0.6916349624825282,2.7261330083035484,7.3563920264149925,0.05043313125932788,0.27516052795640467,0.10227789740905788,0.03057877893601067,5.557349345222937e-07,3.7850744503768537e-06,1.3704644729737756e-11,6.698264585600171,213.91840052225095,220.61666510785113,veteran,Philip Rivers,QB,16.0,302.48,0.0,0.0,0.0,0.0,17.0,28.0,0.0,661.0,437.0,4792.0,29.0,13.0,40.0,2.0,0.0,0.0,18.0,18.0,0.0,0.0,0.0,0.0,0.0,0.0,8.0,4.0,2.0,16,274.14,17.116500000000002,1.0,1.0,33.73032169746749,1.0,1.0,1.0,0.0,0.0,0.0,0.0,16.0,0.0,0.0,0.0,0.0,37.0,102.0,0.0,570.0,4286.0,31.0,18.0,,3
00-0023436,2015,veteran,QB,12.783962781549956,31.27992073289263,399.8813424591322,2808.411690569439,17.343402129191283,7.809286257019176,43.025556791683464,214.9547105168474,1.1713863202354708,2.490750092639423,7.023112589596396,0.04337137117359702,0.1493329461733898,0.04588345850780786,0.011544051497362864,0.0002801566969486603,0.00020519201191542908,1.3703464874495852e-11,3.091599177802155,189.63379241332305,192.7253915911252,veteran,Alex Smith,QB,16.0,273.74,0.0,0.0,0.0,0.0,84.0,498.0,2.0,470.0,307.0,3486.0,20.0,7.0,45.0,0.0,0.0,0.0,2.5,2.5,0.0,0.0,0.0,0.0,0.0,0.0,1.0,1.0,0.0,16,221.0,15.17319298245614,0.9046052631578947,0.9375,31.318275154004105,0.890625,1.0,0.9375,0.0625,0.0,1.0,1.0,15.0,0.0,0.0,0.0,0.0,49.0,254.0,1.0,464.0,3265.0,18.0,6.0,,3
00-0023459,2015,veteran,QB,13.007101859169952,35.16728116977763,457.42440828536706,3510.8558818838915,26.575383358941785,8.560165275542115,37.7511766056055,192.66361197843133,1.1678687066733529,2.546498858474355,7.67527009554248,0.058097869019622946,0.346573326143747,0.14207906176584656,0.04628637664165296,0.00014275322203591536,0.00013312726777066957,1.3703592725297028e-11,8.488527234782735,250.7960138809731,259.2845411157558,veteran,Aaron Rodgers,QB,16.0,305.74,0.0,0.0,0.0,0.0,58.0,344.0,1.0,572.0,347.0,3821.0,31.0,8.0,46.0,4.0,0.0,0.0,4.5,4.5,0.0,0.0,0.0,0.0,0.0,0.0,3.0,1.0,0.0,16,367.14,22.14021582733813,0.9150179856115109,1.0,31.748117727583846,0.86875,1.0,1.0,0.0,0.0,0.0,0.0,16.0,0.0,0.0,0.0,0.0,43.0,269.0,2.0,520.0,4381.0,38.0,5.0,,3
00-0023460,2015,veteran,QB,3.011188243921097,20.149542005241692,60.67406400657811,419.5684399392855,2.533205975468732,1.536043519409126,3.897440444643982,19.769530347824244,0.11666528299583492,0.6084094910265129,6.915120106241723,0.041751051572778926,0.015062665697517824,0.0031287077282687384,0.000503190384237608,2.2066968599502428e-06,9.16946546558634e-06,1.3704383279286369e-11,0.06256667704655701,25.3036002113325,25.36616688837906,veteran,,,0.0,0.0,0.0,0.0,0.0,0.0,0.0,0.0,0.0,0.0,0.0,0.0,0.0,0.0,0.0,0.0,0.0,0.0,0.0,0.0,0.0,0.0,0.0,0.0,0.0,0.0,0.0,0.0,0.0,16,1.06,6.8199999999999985,0.4076327433628318,0.25,33.667351129363446,0.353125,1.0,0.5625,0.0,0.75,0.0,12.0,4.0,0.0,0.0,0.0,0.0,1.0,1.0,0.0,19.0,74.0,0.0,0.0,,3
00-0023541,2015,veteran,QB,8.634222812924694,32.82295784264646,283.4007313926436,1988.1500559329183,12.163357972451138,7.0053631046908755,11.489230018348096,23.844781740397924,0.3661821029729335,1.7524123745033793,7.015331421916457,0.04291928927875332,0.1843207958636058,0.0599567681707305,0.015911327373699824,4.2400189196242684e-08,7.261486995787919e-07,1.3705132608778679e-11,2.642760626347091,115.24545396061018,117.88821458695728,veteran,,,0.0,0.0,0.0,0.0,0.0,0.0,0.0,0.0,0.0,0.0,0.0,0.0,0.0,0.0,0.0,0.0,0.0,0.0,0.0,0.0,0.0,0.0,0.0,0.0,0.0,0.0,0.0,0.0,0.0,16,180.62,14.658639455782312,0.6849489795918368,0.75,32.79671457905544,0.45937500000000003,1.0,0.75,0.0,0.25,0.0,4.0,12.0,0.0,0.0,0.0,0.0,15.0,14.0,1.0,447.0,3018.0,18.0,10.0,,3
00-0023645,2015,veteran,QB,2.777228266691382,16.17213285318568,44.91370449255562,321.57187240568646,2.057701318363744,1.0056047795639098,2.96009525961413,8.553599319820256,0.0885660403692694,0.5478096899366007,7.159771745369758,0.045814553522406626,0.005649056290837763,0.0010359217819972887,0.00014055834467956784,6.712209724373552e-08,9.750666212295725e-07,1.370504551063529e-11,0.02078917937292201,19.373607404879053,19.394396584251975,veteran,Derek Anderson,QB,3.0,1.24,0.0,0.0,0.0,0.0,7.0,-2.0,0.0,6.0,4.0,36.0,0.0,0.0,0.0,0.0,0.0,0.0,0.0,0.0,0.0,0.0,0.0,0.0,0.0,0.0,0.0,0.0,0.0,16,50.44,7.111392405063291,0.2697784810126583,0.3125,32.2135523613963,0.24687499999999998,1.0,0.3125,0.0,0.6875,0.0,11.0,5.0,0.0,0.0,0.0,0.0,8.0,24.0,0.0,97.0,701.0,5.0,0.0,,3
00-0023662,2015,veteran,QB,2.6496903384528787,25.717645701670328,68.14379734347007,477.75630975233736,2.8988664306356515,2.1025020643502637,4.735048075023942,15.971954386651616,0.14506375393054563,0.5383320042933382,7.011002150999422,0.04254042985048642,0.0573558010163466,0.014490856352617263,0.002973616761457503,1.4544778424324896e-06,7.017497430971229e-06,1.3704462313385672e-11,0.22535960740481428,27.89162793759733,28.116987545002146,veteran,Matt Cassel,QB,8.0,66.84,0.0,0.0,0.0,0.0,15.0,78.0,0.0,204.0,119.0,1276.0,5.0,7.0,14.0,0.0,0.0,0.0,0.0,0.0,0.0,0.0,0.0,0.0,0.0,0.0,0.0,0.0,0.0,16,22.8,10.102631578947369,0.4539473684210526,0.1875,33.29226557152635,0.35624999999999996,1.0,0.5625,0.0,0.8125,0.0,13.0,3.0,0.0,0.0,0.0,0.0,9.0,18.0,0.0,71.0,425.0,3.0,4.0,,3
00-0023682,2015,veteran,QB,10.034345891446492,29.559293247385295,296.60817275096264,2144.8827228846944,13.784939886962015,8.171804458701269,28.674037733996343,113.65362882254047,0.9433553058399211,2.00218593196942,7.2313675749102675,0.04647525305560642,0.13162682506592902,0.03920855901498614,0.009573813642679356,3.490553813985949e-05,5.392324853474471e-05,1.3703859775862731e-11,2.104233252387907,137.61258239918803,139.71681565157593,veteran,Ryan Fitzpatrick,QB,16.0,287.7,0.0,0.0,0.0,0.0,60.0,270.0,2.0,562.0,335.0,3905.0,31.0,15.0,19.0,2.0,0.0,0.0,2.5,2.5,0.0,0.0,0.0,0.0,0.0,0.0,1.0,1.0,0.0,16,182.22,15.008048780487803,0.7820121951219512,0.75,32.76933607118412,0.76875,1.0,1.0,0.0,0.25,0.0,4.0,12.0,0.0,0.0,0.0,0.0,50.0,184.0,2.0,312.0,2483.0,17.0,8.0,,3
00-0024226,2015,veteran,QB,12.30617053387955,34.099728963463654,419.6370797834555,2949.943341453431,19.863511416758396,12.351395593962872,30.486943536145564,144.79915675039942,0.9322175032991342,2.6248107533272083,7.029748998767422,0.047334976754219445,0.2190078672165773,0.07509974762757884,0.02090657421116185,4.2563035895896436e-05,6.124153928836011e-05,1.3703822170980056e-11,4.597647610861251,187.5725873254254,192.17023493628665,veteran,Jay Cutler,QB,15.0,230.96,0.0,0.0,0.0,0.0,38.0,201.0,1.0,483.0,311.0,3659.0,21.0,11.0,29.0,5.0,0.0,0.0,4.5,4.5,0.0,0.0,0.0,0.0,0.0,0.0,3.0,1.0,0.0,16,261.08,16.16514492753623,0.8777173913043478,0.9375,32.342231348391515,0.8625,1.0,0.9375,0.0,0.0625,0.0,1.0,15.0,0.0,0.0,0.0,0.0,39.0,191.0,2.0,561.0,3812.0,28.0,18.0,,3
00-0024264,2015,veteran,QB,1.3742311229130926,19.613598536350104,26.953617540974992,191.3537874126776,1.1520782310279745,0.7149981057814222,2.1971243672698906,6.839926823352378,0.06534479672610091,0.2810501071892436,7.099373103509421,0.04274299096500055,0.015010162290332106,0.003116366876613188,0.0005008986901245069,5.820564901071053e-07,3.899150668237764e-06,1.3704635955737268e-11,0.028436883265640315,11.346429457369513,11.374866340635155,veteran,Kellen Clemens,QB,2.0,6.42,0.0,0.0,0.0,0.0,1.0,-1.0,0.0,6.0,5.0,63.0,1.0,0.0,0.0,0.0,0.0,0.0,0.0,0.0,0.0,0.0,0.0,0.0,0.0,0.0,0.0,0.0,0.0,16,0.4,6.707792207792208,0.5056818181818182,0.0625,32.238193018480494,0.24062499999999998,1.0,0.625,0.0,0.9375,0.0,15.0,1.0,0.0,0.0,0.0,0.0,0.0,0.0,0.0,3.0,10.0,0.0,0.0,,3
00-0024296,2015,veteran,QB,4.347403434962384,23.214111958319407,100.92111006719915,720.6879767692106,4.375029601338967,2.269166589639771,8.518749304270752,31.058418459517426,0.24692626569444295,0.8549835895169544,7.141102354991286,0.043350985719695485,0.037332717806160216,0.00880697550611141,0.0016666554519886745,3.3483192317086635e-06,1.1982206235238881e-05,1.370430422434647e-11,0.23431554009158231,44.666736557929234,44.90105209802081,veteran,Charlie Whitehurst,QB,4.0,4.1,0.0,0.0,0.0,0.0,2.0,1.0,0.0,32.0,16.0,150.0,0.0,1.0,5.0,0.0,0.0,0.0,0.0,0.0,0.0,0.0,0.0,0.0,0.0,0.0,0.0,0.0,0.0,16,87.03999999999999,10.724044943820225,0.39536516853932585,0.4375,33.07049965776865,0.278125,1.0,0.4375,0.0,0.5625,0.0,9.0,7.0,0.0,0.0,10.0,0.0,20.0,90.0,0.0,185.0,1326.0,7.0,2.0,,3
00-0025430,2015,veteran,QB,6.6600999877121625,25.97624125906882,173.00436409033242,1233.6666377303766,7.031630528909001,4.231302116048152,12.959822221102659,35.695288203425235,0.3740291568240251,1.305937215209605,7.13084114506054,0.04064423788314096,0.0656880856416695,0.01698963770322252,0.003579973505085238,8.265257084442433e-07,4.883016318706124e-06,1.3704569469658952e-11,0.6549584971488688,72.21241272362222,72.86737122077109,veteran,Drew Stanton,QB,6.0,-1.1400000000000001,0.0,0.0,0.0,0.0,13.0,-13.0,0.0,25.0,11.0,104.0,0.0,2.0,2.0,0.0,0.0,0.0,0.0,0.0,0.0,0.0,0.0,0.0,0.0,0.0,0.0,0.0,0.0,16,95.74,10.637777777777778,0.5625,0.5625,31.318275154004105,0.309375,1.0,0.5625,0.125,0.3125,2.0,7.0,9.0,0.0,0.0,0.0,0.0,25.0,63.0,0.0,240.0,1711.0,7.0,5.0,,3
00-0026143,2015,veteran,QB,13.780378119794836,38.30977975513754,527.9232507118566,3808.8312848168525,23.292542564952768,12.88416215207729,29.4836562099771,124.51734014068231,0.8221370995168499,2.73524765823423,7.214744339600481,0.04412107732240414,0.37595261151647347,0.16034240385918255,0.054093778747481024,1.091171765415592e-05,2.5570830072532086e-05,1.3704080239442565e-11,9.9866819542173,231.66915864303147,241.65584059724875,veteran,Matt Ryan,QB,16.0,241.94,0.0,0.0,0.0,0.0,36.0,63.0,0.0,614.0,407.0,4591.0,21.0,16.0,30.0,5.0,0.0,0.0,8.0,8.0,0.0,0.0,0.0,0.0,0.0,0.0,5.0,2.0,0.0,16,296.76,18.062625,1.0,1.0,30.29158110882957,1.0,1.0,1.0,0.0,0.0,0.0,0.0,16.0,0.0,0.0,0.0,0.0,29.0,145.0,0.0,628.0,4694.0,28.0,14.0,,3
00-0026158,2015,veteran,QB,13.773229103156458,34.94478600477213,481.30254360450203,3373.8135743319294,20.605199932403853,12.420454728122127,27.879740731026647,67.18661524120299,0.9346394594409941,2.626921253480443,7.00975637707054,0.042811325654110076,0.23951970688574892,0.08463447818145445,0.024199198231460193,5.2947818645057e-07,3.669332852108591e-06,1.3704653906346286e-11,5.714180188241327,199.60508902045373,205.31926920869506,veteran,Joe Flacco,QB,10.0,169.94,0.0,0.0,0.0,0.0,13.0,23.0,3.0,413.0,266.0,2791.0,14.0,12.0,16.0,2.0,0.0,0.0,8.0,8.0,0.0,0.0,0.0,0.0,0.0,0.0,5.0,2.0,0.0,16,267.44,15.4608125,1.0,1.0,30.622861054072555,1.0,1.0,1.0,0.0,0.0,0.0,0.0,16.0,0.0,0.0,0.0,0.0,39.0,70.0,2.0,554.0,3986.0,27.0,12.0,,3
00-0026197,2015,veteran,QB,4.019644479818949,29.252630390696282,117.58517427014633,812.2855451763763,4.570512290100669,3.070853209234842,7.72979249160046,26.970650403980404,0.22851224504708026,0.795689741303136,6.90806090324099,0.03886980070803939,0.10083189461693126,0.028308134439771898,0.006513488953569747,2.4556803016510567e-06,9.82053908911906e-06,1.3704363009928807e-11,0.6284242266075428,47.1085235770623,47.73694780366984,veteran,,,0.0,0.0,0.0,0.0,0.0,0.0,0.0,0.0,0.0,0.0,0.0,0.0,0.0,0.0,0.0,0.0,0.0,0.0,0.0,0.0,0.0,0.0,0.0,0.0,0.0,0.0,0.0,0.0,0.0,16,30.18,10.911764705882353,0.7144607843137255,0.1875,30.16563997262149,0.478125,1.0,0.9375,0.0,0.8125,0.0,13.0,3.0,0.0,0.0,0.0,0.0,4.0,25.0,0.0,78.0,492.0,3.0,1.0,,3
00-0026349,2015,veteran,QB,4.909749003498151,13.924303519779746,68.36483533064441,483.095552034,2.9538786138984556,1.8009239995502684,6.3219378249771685,11.381882831860974,0.1838367326884108,1.023098511985777,7.066433345411033,0.04320757301048285,0.0023758698973046807,0.00039205268687259623,4.586368046469773e-05,2.0856948000581885e-08,4.605965260477754e-07,1.3705267129803337e-11,0.01500609826964745,27.732500193198295,27.747506291467943,veteran,,,0.0,0.0,0.0,0.0,0.0,0.0,0.0,0.0,0.0,0.0,0.0,0.0,0.0,0.0,0.0,0.0,0.0,0.0,0.0,0.0,0.0,0.0,0.0,0.0,0.0,0.0,0.0,0.0,0.0,16,-2.3600000000000003,3.3102399999999994,0.4225,0.4375,30.198494182067076,0.39062500000000006,1.0,0.4375,0.0,0.5625,0.0,9.0,7.0,0.0,0.0,0.0,0.0,10.0,-10.0,0.0,16.0,66.0,0.0,1.0,,3
00-0026498,2015,veteran,QB,13.816578663301197,37.57773513425602,519.1957334711454,3685.2472703325147,20.855030933104015,12.67773459665419,32.74121315454121,75.40105176275678,1.1292183888862375,2.807545411172007,7.0979922074751105,0.0401679551441519,0.33224876982202817,0.1335897115181969,0.042785373034664634,9.009758671752646e-07,5.160864245521451e-06,1.3704553117121206e-11,8.541584752086557,214.17487003965738,222.71645479174393,veteran,Matthew Stafford,QB,16.0,296.78000000000003,1.0,1.0,-6.0,0.0,44.0,159.0,1.0,592.0,398.0,4262.0,32.0,13.0,44.0,2.0,0.0,0.0,6.5,6.5,0.0,0.0,0.0,0.0,0.0,0.0,3.0,1.0,1.0,16,257.08,17.114125,1.0,1.0,27.564681724845997,1.0,1.0,1.0,0.0,0.0,0.0,0.0,16.0,0.0,0.0,0.0,0.0,43.0,93.0,2.0,602.0,4257.0,22.0,12.0,,3
00-0026544,2015,veteran,QB,0.8217166326057563,12.711969901816,10.44563710150597,73.92848648478011,0.44558044128107777,0.25847826529285656,1.509422387397742,5.651765722157482,0.044964321772873295,0.1632500957107084,7.077451166106631,0.042657086106967806,0.0014749822863703787,0.00022984792817438553,2.4788668523955182e-05,2.774690799659548e-06,1.0621118580441418e-05,1.370433985332494e-11,0.0015514321550825017,4.730967005361373,4.732518437516456,veteran,Chase Daniel,QB,2.0,-0.04000000000000001,0.0,0.0,0.0,0.0,2.0,-2.0,0.0,2.0,2.0,4.0,0.0,0.0,0.0,0.0,0.0,0.0,0.0,0.0,0.0,0.0,0.0,0.0,0.0,0.0,0.0,0.0,0.0,16,7.780000000000001,3.5381818181818177,0.22386363636363635,0.125,28.90075290896646,0.171875,1.0,0.3125,0.0,0.875,0.0,14.0,2.0,0.0,0.0,0.0,0.0,4.0,15.0,0.0,28.0,157.0,0.0,0.0,,3
00-0026625,2015,veteran,QB,10.701965870613302,29.76771056183288,318.5730224790306,2302.859897756713,12.176037738603045,8.78833564710525,18.756640916028246,41.04230132201983,0.537883443804819,2.084609490722961,7.228672032040295,0.03822055503586939,0.13576164547271308,0.04074067503741584,0.010019931982740229,1.7538919574065061e-07,1.8058947982950228e-06,1.3704863395617954e-11,2.3214212745311116,126.40418738405519,128.7256086585863,veteran,Brian Hoyer,QB,11.0,167.64,0.0,0.0,0.0,0.0,15.0,44.0,0.0,369.0,224.0,2606.0,19.0,7.0,25.0,2.0,0.0,0.0,1.0,1.0,0.0,0.0,0.0,0.0,0.0,0.0,1.0,0.0,0.0,16,159.94,11.505280898876402,0.780196629213483,0.875,29.83436002737851,0.5562500000000001,1.0,0.875,0.0625,0.0625,1.0,2.0,14.0,1.0,0.0,0.0,0.0,24.0,39.0,0.0,438.0,3326.0,12.0,13.0,,3
00-0026898,2015,veteran,QB,7.061679020325476,31.20504706108224,220.3600261595136,1589.7688409771135,9.485470072066196,6.620770884952703,16.100894613001284,40.404235264683614,0.483409581579817,1.4839573681551177,7.214415739024808,0.043045330123531025,0.16680177426330353,0.05276208995869771,0.01364391741760593,1.1304858285331163e-06,5.969783282437018e-06,1.3704510092308498e-11,1.9295531545906044,92.26405843708095,94.19361159167156,veteran,Mark Sanchez,QB,3.0,32.839999999999996,0.0,0.0,0.0,0.0,6.0,22.0,0.0,91.0,59.0,616.0,4.0,4.0,9.0,1.0,0.0,0.0,0.0,0.0,0.0,0.0,0.0,0.0,0.0,0.0,0.0,0.0,0.0,16,144.92,13.59361111111111,0.6796875000000001,0.5625,28.804928131416837,0.45,1.0,0.9375,0.0,0.4375,0.0,7.0,9.0,0.0,0.0,0.0,0.0,34.0,87.0,1.0,309.0,2418.0,14.0,11.0,,3
00-0026993,2015,veteran,QB,2.6717375093015034,31.879699320516487,85.17418845987756,596.6676331802654,3.631979244068589,2.2742834777840337,6.565243433450226,23.789991488459513,0.19512231337875494,0.5376629888764569,7.005263495540479,0.04264178279525941,0.1608976730118124,0.05040447650738631,0.012916531001102885,1.0127132923016704e-05,2.4375371584673997e-05,1.3704094386865854e-11,0.7010215486645962,36.320462399282476,37.021483947947075,veteran,Josh Freeman,QB,1.0,10.360000000000001,0.0,0.0,0.0,0.0,8.0,24.0,0.0,28.0,15.0,149.0,1.0,1.0,1.0,0.0,0.0,0.0,0.0,0.0,0.0,0.0,0.0,0.0,0.0,0.0,0.0,0.0,0.0,16,0.0,13.224166666666667,0.75,0.0,27.633127994524298,0.22499999999999998,0.0,1.0,0.0,1.0,0.0,16.0,0.0,0.0,0.0,0.0,0.0,0.0,0.0,0.0,0.0,0.0,0.0,0.0,,3
00-0027253,2015,veteran,QB,0.7342265793820166,28.730692045414646,21.09483774378291,150.1037398562158,0.8983820951837383,0.5289357786340777,1.724000230876786,4.763534975918575,0.05342310858145474,0.1508260676303915,7.115662214583969,0.04258776986556866,0.10661894485714726,0.030287687267297463,0.007053640613676417,2.0817974849244063e-06,8.832986181432555e-06,1.3704394326232552e-11,0.12200869820022775,9.035046431535234,9.157055129735461,veteran,,,0.0,0.0,0.0,0.0,0.0,0.0,0.0,0.0,0.0,0.0,0.0,0.0,0.0,0.0,0.0,0.0,0.0,0.0,0.0,0.0,0.0,0.0,0.0,0.0,0.0,0.0,0.0,0.0,0.0,16,0.0,11.656363636363638,0.2897727272727273,0.0,27.783709787816566,0.103125,0.0,0.3125,0.0,1.0,0.0,16.0,0.0,0.0,0.0,0.0,0.0,0.0,0.0,0.0,0.0,0.0,0.0,0.0,,3
00-0027659,2015,veteran,QB,2.141720060356888,13.72239620271119,29.38953122351174,205.66494916759018,1.317971070671742,0.7476298056028048,2.6722145985452634,9.6036325286042,0.08154287519074163,0.42690263488195807,6.997898251710032,0.04484491639721562,0.0020869417368569276,0.0003390397694876743,3.879394912015431e-05,3.576215097822962e-07,2.852552348554013e-06,1.3704728309335912e-11,0.005734938990827589,12.59903787242592,12.604772811416748,veteran,Jimmy Clausen,QB,4.0,33.160000000000004,0.0,0.0,0.0,0.0,11.0,36.0,0.0,125.0,72.0,739.0,2.0,4.0,7.0,0.0,0.0,0.0,0.0,0.0,0.0,0.0,0.0,0.0,0.0,0.0,0.0,0.0,0.0,16,15.82,3.955,0.25,0.25,26.94318959616701,0.1375,1.0,0.25,0.0625,0.6875,1.0,12.0,4.0,0.0,0.0,0.0,0.0,3.0,9.0,0.0,48.0,223.0,2.0,1.0,,3
00-0027688,2015,veteran,QB,2.887220328421976,19.89291373988035,57.43522494132738,418.3793377997907,2.456671322312942,1.4488484438411695,5.324979781361665,17.757232932815512,0.16771446468567958,0.5784403286553741,7.284368403313188,0.04277290329797682,0.018514989962966907,0.0039531045727349235,0.0006593054525527613,1.6037315158941319e-06,7.471435622505633e-06,1.3704443792202445e-11,0.07442118936286089,25.289291337645935,25.363712527008797,veteran,Colt McCoy,QB,2.0,8.82,0.0,0.0,0.0,0.0,3.0,-3.0,0.0,11.0,7.0,128.0,1.0,0.0,1.0,0.0,0.0,0.0,0.0,0.0,0.0,0.0,0.0,0.0,0.0,0.0,0.0,0.0,0.0,16,65.38000000000001,9.081463414634147,0.27134146341463417,0.3125,28.98836413415469,0.25625,1.0,0.3125,0.0,0.6875,0.0,11.0,5.0,0.0,0.0,0.0,0.0,16.0,66.0,1.0,128.0,1057.0,4.0,3.0,,3
00-0027854,2015,veteran,QB,2.825948686850791,33.47697920409082,94.60422542153168,660.9730984158258,4.261114489394291,2.2577920414748647,6.512645251609825,19.875619055903478,0.1953969693025852,0.5631447639719751,6.9867185685491595,0.04504148171403423,0.19728175268725487,0.0654736282795582,0.017697000644156722,3.0985227037102557e-06,1.1400687316022511e-05,1.3704318924397961e-11,0.9351244951788824,41.001452004722374,41.93657649990126,veteran,Sam Bradford,QB,14.0,202.9,0.0,0.0,0.0,0.0,26.0,39.0,0.0,532.0,346.0,3725.0,19.0,14.0,28.0,3.0,0.0,0.0,8.0,8.0,0.0,0.0,0.0,0.0,0.0,0.0,5.0,2.0,0.0,16,0.0,15.904666666666666,0.7375,0.0,27.813826146475016,0.28125,0.0,1.0,0.0,1.0,0.0,16.0,0.0,0.0,0.0,0.0,0.0,0.0,0.0,0.0,0.0,0.0,0.0,0.0,,3
00-0027939,2015,veteran,QB,12.551632392544104,33.06757938574715,415.0521005611676,2963.1743994238336,18.141856732463335,10.89391816471903,71.46648738974056,363.40051852697667,2.6894110047766486,2.569671006933746,7.1392829849975445,0.0437098299416743,0.20530484505958702,0.06897267486913222,0.018850063703771527,0.00526761862294743,0.0013510214059970944,1.3702907698434855e-11,4.44024207304658,216.6437424448587,221.0839845179053,veteran,Cam Newton,QB,16.0,393.08,0.0,0.0,0.0,0.0,132.0,636.0,10.0,495.0,296.0,3837.0,35.0,10.0,33.0,4.0,0.0,1.0,3.0,4.0,0.0,0.0,0.0,1.0,0.0,0.0,3.0,0.0,0.0,16,250.98,18.57422818791946,0.9354026845637585,0.875,26.308008213552363,0.93125,1.0,1.0,0.0625,0.0625,1.0,2.0,14.0,0.0,0.0,0.0,0.0,103.0,539.0,5.0,448.0,3127.0,18.0,12.0,,3
00-0027946,2015,veteran,QB,5.467898098832412,24.881965813456446,136.0520535666116,959.0553014699502,5.713316948101897,4.000178129115283,17.978209214598316,107.26706386659647,0.5856468813288448,1.1017879588317654,7.049179165828564,0.04199361052131886,0.04985952714811612,0.012307798018986658,0.0024587397675287564,0.0006400686700044379,0.00034869111157511594,1.3703308167069565e-11,0.4068215103986893,65.25213534994421,65.6589568603429,veteran,,,0.0,0.0,0.0,0.0,0.0,0.0,0.0,0.0,0.0,0.0,0.0,0.0,0.0,0.0,0.0,0.0,0.0,0.0,0.0,0.0,0.0,0.0,0.0,0.0,0.0,0.0,0.0,0.0,0.0,16,63.92,11.279473684210526,0.4917763157894736,0.4375,27.211498973305954,0.4750000000000001,1.0,0.6875,0.0,0.5625,0.0,9.0,7.0,0.0,0.0,0.0,0.0,22.0,142.0,1.0,146.0,993.0,5.0,7.0,,3
00-0027948,2015,veteran,QB,0.8759411236146452,22.30905530594193,19.541418971468033,135.84700211557058,0.8327346805398509,0.5565712222475239,1.817160213267902,6.458896777488143,0.05435687323329307,0.1761748334376001,6.951747071894706,0.042613828696662574,0.026419116909641948,0.0059247556987293065,0.0010527933234924032,3.918338209114528e-06,1.325395437232138e-05,1.370427441796436e-11,0.03279141341310685,8.271357612560552,8.304149025973658,veteran,Blaine Gabbert,QB,8.0,133.24,0.0,0.0,0.0,0.0,32.0,185.0,1.0,282.0,178.0,2031.0,10.0,7.0,25.0,1.0,0.0,0.0,3.5,3.5,0.0,0.0,0.0,0.0,0.0,0.0,2.0,1.0,0.0,16,6.02,7.222033898305084,0.3866525423728813,0.0625,25.87816563997262,0.184375,1.0,0.625,0.0,0.9375,0.0,15.0,1.0,0.0,0.0,0.0,0.0,1.0,5.0,0.0,7.0,38.0,1.0,0.0,,3
00-0027950,2015,veteran,QB,3.0006225655856547,26.698671970936598,80.11263758716159,552.8406870461077,3.1744591043045025,2.253110193113876,8.987862812605307,36.49306313020518,0.325173782667534,0.6184096979903585,6.900792480395165,0.03962494807202833,0.06394553341892871,0.01646093490295901,0.0034502565210330284,5.057830707568158e-05,6.841093966911981e-05,1.3703789458311269e-11,0.28713150437980994,34.66877312587957,34.955904630259376,veteran,,,0.0,0.0,0.0,0.0,0.0,0.0,0.0,0.0,0.0,0.0,0.0,0.0,0.0,0.0,0.0,0.0,0.0,0.0,0.0,0.0,0.0,0.0,0.0,0.0,0.0,0.0,0.0,0.0,0.0,16,12.48,11.032258064516128,0.6542338709677419,0.125,27.515400410677618,0.38749999999999996,1.0,1.0,0.0,0.875,0.0,14.0,2.0,0.0,0.0,0.0,0.0,4.0,16.0,1.0,44.0,222.0,0.0,2.0,,3
00-0027973,2015,veteran,QB,13.814747740767507,33.42551276267977,461.76502692222584,3284.8945894520575,21.12254914869782,14.080175281770693,39.229406801627505,108.54604239517118,1.4163342188502737,2.7420696354298233,7.1137795154099575,0.04574306826457745,0.21167203408986382,0.07179582066371899,0.019791770703859925,5.382952531139244e-06,1.6249531245876266e-05,1.3704214207898657e-11,4.959205210199036,201.5940998910913,206.55330510129033,veteran,Andy Dalton,QB,13.0,249.70000000000002,0.0,0.0,0.0,0.0,57.0,142.0,3.0,386.0,255.0,3250.0,25.0,7.0,20.0,2.0,0.0,0.0,5.5,5.5,0.0,0.0,0.0,0.0,0.0,0.0,4.0,1.0,0.0,16,228.12,15.785062499999999,1.0,1.0,27.84120465434634,1.0,1.0,1.0,0.0,0.0,0.0,0.0,16.0,1.0,1.0,18.0,1.0,60.0,169.0,4.0,481.0,3398.0,19.0,17.0,,3
00-0027974,2015,veteran,QB,13.639428376390056,30.192525921661705,411.80879481080495,2966.981598230306,18.052740935857233,9.348796846174743,70.84912632969404,406.52155950856735,2.0305578832266784,2.83913687619116,7.204755302988151,0.043837677007726616,0.1427433046590742,0.04336447450676831,0.010792470336988692,0.006168140420157145,0.0014956526484285716,1.3702877607880085e-11,3.243272979221647,219.34986347812622,222.59313645734787,veteran,Colin Kaepernick,QB,9.0,112.2,0.0,0.0,0.0,0.0,45.0,256.0,1.0,244.0,144.0,1615.0,6.0,5.0,28.0,1.0,0.0,0.0,2.0,2.0,0.0,0.0,0.0,0.0,0.0,0.0,2.0,0.0,0.0,16,254.16,15.87337620578778,0.9764871382636656,1.0,27.82751540041068,0.971875,1.0,1.0,0.0,0.0,0.0,0.0,16.0,0.0,0.0,0.0,0.0,104.0,639.0,1.0,478.0,3369.0,19.0,10.0,,3
00-0028012,2015,veteran,QB,1.1134731947308065,19.15719837653048,21.331026878407215,148.8875849022758,0.9183914754795117,0.5591262093420647,1.174959018416531,2.0120289974274765,0.03538307600484763,0.22207890052893256,6.979860170397629,0.0430542552271205,0.012119100369927025,0.0024468445615236363,0.00037884603569088694,8.095453063824655e-09,2.5095401203189275e-07,1.3705446574813911e-11,0.018425135154343283,8.480160434038917,8.49858556919326,veteran,Ryan Mallett,QB,7.0,70.94,0.0,0.0,0.0,0.0,5.0,15.0,1.0,244.0,136.0,1336.0,5.0,6.0,6.0,0.0,0.0,0.0,0.0,0.0,0.0,0.0,0.0,0.0,0.0,0.0,0.0,0.0,0.0,16,19.799999999999997,5.027142857142857,0.1875,0.1875,27.238877481177276,0.13125,1.0,0.1875,0.0,0.8125,0.0,13.0,3.0,0.0,0.0,0.0,0.0,6.0,-2.0,0.0,75.0,400.0,2.0,2.0,,3
00-0028595,2015,veteran,QB,0.23317874003169425,27.930532407553738,6.512806355207784,46.85489340862087,0.2777800376301642,0.1816682053266416,0.5590042023809654,3.0344147896519837,0.017791327690655213,0.04684532356230326,7.194270926104636,0.04265135833618715,0.09811545245906006,0.027390014840636447,0.006265485345405909,7.209955497899469e-05,8.588524908016305e-05,1.3703722240193538e-11,0.03542739927511375,2.9384782741967315,2.973905673471845,veteran,Scott Tolzien,QB,2.0,-0.13999999999999999,0.0,0.0,0.0,0.0,3.0,-3.0,0.0,1.0,1.0,4.0,0.0,0.0,1.0,0.0,0.0,0.0,0.0,0.0,0.0,0.0,0.0,0.0,0.0,0.0,0.0,0.0,0.0,16,0.0,11.726666666666667,0.1875,0.0,27.991786447638603,0.056249999999999994,0.0,0.1875,0.0,1.0,0.0,16.0,0.0,0.0,0.0,0.0,0.0,0.0,0.0,0.0,0.0,0.0,0.0,0.0,,3
00-0028957,2015,veteran,QB,6.2002961136804355,29.78869405646396,184.69872398990898,1312.749306131784,8.134010232101113,5.086651402867707,11.743581363977407,32.02803981337539,0.34670295320055505,1.2762974083475982,7.107516921467774,0.0440393417798897,0.1258824186023304,0.0371069182629079,0.008968000664055458,6.936692427662771e-07,4.363709730853159e-06,1.3704602694460407e-11,1.2368724973780079,77.60313725178608,78.84000974916408,veteran,Austin Davis,QB,3.0,19.18,0.0,0.0,0.0,0.0,7.0,33.0,0.0,94.0,56.0,547.0,1.0,3.0,11.0,2.0,0.0,0.0,0.0,0.0,0.0,0.0,0.0,0.0,0.0,0.0,0.0,0.0,0.0,16,111.14,12.348888888888888,0.5625,0.5625,26.247775496235455,0.309375,1.0,0.5625,0.0,0.4375,0.0,7.0,9.0,0.0,0.0,0.0,0.0,16.0,36.0,0.0,284.0,2001.0,12.0,9.0,,3
00-0028986,2015,veteran,QB,1.5178860477336655,30.982847069429727,47.02843128575327,329.13715414734713,1.9621810032971005,1.1976493297628459,3.50108082363469,13.871109594579933,0.10734050400915558,0.3106256316704748,6.99868452229355,0.04172329269021399,0.14066790461620754,0.04257967736869447,0.010560282055561214,1.1557864088604366e-05,2.6532367795843107e-05,1.3704069332232143e-11,0.3426010598864021,20.028814239728572,20.371415299614974,veteran,Case Keenum,QB,5.0,43.620000000000005,0.0,0.0,0.0,0.0,12.0,5.0,0.0,125.0,76.0,828.0,4.0,1.0,4.0,2.0,0.0,0.0,0.0,0.0,0.0,0.0,0.0,0.0,0.0,0.0,0.0,0.0,0.0,16,22.900000000000002,12.692857142857145,0.3821428571428571,0.125,27.537303216974674,0.21875,1.0,0.5,0.0,0.875,0.0,14.0,2.0,0.0,0.0,0.0,0.0,10.0,35.0,0.0,77.0,435.0,2.0,2.0,,3
00-0029151,2015,veteran,QB,0.0,12.077869108703622,0.0,0.0,0.0,0.0,0.0,0.0,0.0,0.0,7.078119164972099,0.04423544140254914,9.357622968839299e-14,9.357622968839299e-14,9.357622968839299e-14,2.3599534873612555e-11,5.9262594036056716e-09,1.3706553544212506e-11,0.0,0.0,0.0,veteran,,,0.0,0.0,0.0,0.0,0.0,0.0,0.0,0.0,0.0,0.0,0.0,0.0,0.0,0.0,0.0,0.0,0.0,0.0,0.0,0.0,0.0,0.0,0.0,0.0,0.0,0.0,0.0,0.0,0.0,16,1.76,2.724137931034482,0.14008620689655174,0.0625,26.926762491444215,0.090625,1.0,0.1875,0.0,0.9375,0.0,15.0,1.0,0.0,0.0,0.0,0.0,1.0,2.0,0.0,8.0,39.0,0.0,0.0,,3
00-0029263,2015,veteran,QB,13.819552544864495,31.42310079963624,434.25319262314656,3233.6074666838394,21.188884339310555,9.590340405950224,82.23291087490847,508.0007151917616,2.694703475228414,2.6932208133876703,7.446364290728491,0.04879384814954875,0.1976221979597023,0.06562079143680065,0.017745178740675212,0.019250841701929828,0.0031259442862127777,1.3702659329258109e-11,4.912622917514828,256.50100595646666,261.4136288739815,veteran,Russell Wilson,QB,16.0,337.26,0.0,0.0,0.0,0.0,103.0,553.0,1.0,483.0,329.0,4024.0,34.0,8.0,45.0,3.0,0.0,0.0,1.0,1.0,0.0,0.0,0.0,0.0,0.0,0.0,1.0,0.0,0.0,16,333.09999999999997,19.156375,1.0,1.0,26.754277891854894,1.0,1.0,1.0,0.0,0.0,0.0,0.0,16.0,1.0,1.0,17.0,0.0,118.0,849.0,6.0,452.0,3475.0,20.0,7.0,,3
00-0029531,2015,veteran,QB,1.4302681697582393,25.3228285166874,36.21843559566424,249.63193434720426,1.4312816920502605,1.0393104159539646,1.5201591551553149,5.480761912848044,0.04661499106409777,0.28706773799333307,6.892399692080794,0.03951804291131783,0.0486226254136157,0.011953728207881854,0.0023766521711481615,1.7476586197815951e-07,1.8017739328275528e-06,1.370486407067254e-11,0.1019915643407552,13.885413971864008,13.987405536204763,veteran,Ryan Lindley,QB,1.0,6.32,0.0,0.0,0.0,0.0,0.0,0.0,0.0,10.0,6.0,58.0,1.0,0.0,0.0,0.0,0.0,0.0,0.0,0.0,0.0,0.0,0.0,0.0,0.0,0.0,0.0,0.0,0.0,16,23.48,5.874901960784315,0.2536764705882353,0.1875,26.193018480492814,0.159375,1.0,0.375,0.0,0.8125,0.0,13.0,3.0,0.0,0.0,0.0,0.0,0.0,0.0,0.0,93.0,562.0,2.0,4.0,,3
00-0029567,2015,veteran,QB,8.914353758768184,32.89793737290952,293.26385167591627,2135.0817907339974,14.146681906204021,7.11416757700771,23.30784833522708,88.86422581808078,0.7293592231728364,1.8423376171341852,7.28041242905539,0.04823875095876943,0.21823475603185344,0.07474894684428553,0.020787561762466766,1.8039289603803925e-05,3.530472885328387e-05,1.3703984926981129e-11,3.3161778964070763,137.3395667867373,140.65574468314438,veteran,Nick Foles,QB,11.0,96.08,0.0,0.0,0.0,0.0,17.0,20.0,1.0,337.0,190.0,2052.0,7.0,10.0,14.0,2.0,0.0,0.0,0.0,0.0,0.0,0.0,0.0,0.0,0.0,0.0,0.0,0.0,0.0,16,126.82000000000001,17.521069518716576,0.6233288770053474,0.5,26.611909650924023,0.5843750000000001,1.0,0.8125,0.5,0.0,8.0,8.0,8.0,0.0,0.0,0.0,0.0,16.0,68.0,0.0,311.0,2163.0,13.0,10.0,,3
00-0029604,2015,veteran,QB,3.9220865723559823,29.71419158904214,116.54163183979524,846.221586125768,5.191181985184829,3.708230188036426,5.399001749606917,18.902460722746536,0.1618369304837979,0.8070667155631711,7.261109809145562,0.044543584153008284,0.13745654515212286,0.04137338785603199,0.010205245729627551,5.00322271683809e-07,3.5383725894534916e-06,1.3704664645288725e-11,0.8625959770758415,48.44426523374829,49.30686121082413,veteran,Kirk Cousins,QB,16.0,301.94,0.0,0.0,0.0,0.0,26.0,48.0,5.0,543.0,379.0,4166.0,29.0,11.0,26.0,3.0,0.0,0.0,8.5,8.5,0.0,0.0,0.0,0.0,0.0,0.0,7.0,1.0,0.0,16,95.39999999999999,13.021714285714282,0.3410714285714285,0.375,27.033538672142367,0.32812500000000006,1.0,0.375,0.0,0.625,0.0,10.0,6.0,0.0,0.0,0.0,0.0,7.0,20.0,0.0,204.0,1710.0,10.0,9.0,,3
00-0029665,2015,veteran,QB,9.386268788141578,29.12970544895304,273.4192450632656,1992.3010515902756,10.599475298356388,6.875791983259019,45.80357986155713,243.94999719987433,1.3185820953928766,1.9740179648792535,7.286616021228804,0.03876638345594075,0.12737539784269633,0.03765013063367056,0.009123896043985611,0.002929645731909719,0.0009261885434670204,1.370301936829445e-11,1.9374883960074456,136.69681565310472,138.63430404911216,veteran,,,0.0,0.0,0.0,0.0,0.0,0.0,0.0,0.0,0.0,0.0,0.0,0.0,0.0,0.0,0.0,0.0,0.0,0.0,0.0,0.0,0.0,0.0,0.0,0.0,0.0,0.0,0.0,0.0,0.0,16,88.35999999999999,14.561171171171171,0.7263513513513514,0.5625,25.54962354551677,0.69375,1.0,0.9375,0.3125,0.125,5.0,7.0,9.0,0.0,0.0,0.0,0.0,38.0,176.0,1.0,214.0,1694.0,4.0,6.0,,3
00-0029668,2015,veteran,QB,13.819030137475798,38.37933577379372,530.3651977143584,3821.7737272793147,26.38628650898516,12.947577947809346,51.206835586103445,230.69709327888296,1.8511583849966198,2.8999831933137186,7.205928563468126,0.04975116508907163,0.37669813631814425,0.16082124109665372,0.05430354633402702,0.00026963030110570865,0.00020021078283321853,1.3703472137086715e-11,10.047914059324668,260.8976324827351,270.9455465420598,veteran,Andrew Luck,QB,7.0,132.84,0.0,0.0,0.0,0.0,33.0,196.0,0.0,293.0,162.0,1881.0,15.0,12.0,15.0,1.0,0.0,0.0,2.0,2.0,0.0,0.0,0.0,0.0,0.0,0.0,2.0,0.0,0.0,16,374.24,21.14375,1.0,1.0,25.968514715947983,1.0,1.0,1.0,0.0,0.0,0.0,0.0,16.0,0.0,0.0,0.0,0.0,64.0,273.0,3.0,616.0,4761.0,40.0,16.0,,3
00-0029677,2015,veteran,QB,3.845525082755118,26.280945969762296,101.06403692525295,706.0554311878961,4.2234517249232155,2.9185291027796154,5.310764995975526,15.556574992568766,0.15524828453332834,0.7625353208257558,6.986218368756587,0.0417898577319535,0.06284191962949005,0.016127751011801222,0.00336889291155688,2.2315725578020397e-07,2.107728892011075e-06,1.3704817725853707e-11,0.360613025383879,40.261042506454814,40.62165553183869,veteran,Brandon Weeden,QB,6.0,66.42,0.0,0.0,0.0,0.0,16.0,47.0,1.0,140.0,97.0,1043.0,5.0,2.0,10.0,1.0,0.0,0.0,0.0,0.0,0.0,0.0,0.0,0.0,0.0,0.0,0.0,0.0,0.0,16,20.02,9.367591240875914,0.5634124087591241,0.25,31.88227241615332,0.428125,1.0,0.9375,0.0,0.75,0.0,12.0,4.0,0.0,0.0,0.0,0.0,6.0,-1.0,0.0,41.0,303.0,3.0,2.0,,3
00-0029701,2015,veteran,QB,13.818731776964848,35.517447938641595,490.8060864664012,3406.288493029029,20.903554748944096,12.07592854172478,45.94037784208771,235.58805667621758,1.3245702588162105,2.788829248415417,6.940192037048446,0.04259025168053835,0.24571688649303808,0.08760268663401234,0.025246685497343442,0.0003016168149986049,0.0002151444185415804,1.370345087749164e-11,5.917714638878268,221.6424703571762,227.56018499605446,veteran,Ryan Tannehill,QB,16.0,268.32,1.0,1.0,9.0,0.0,32.0,141.0,1.0,586.0,363.0,4208.0,24.0,12.0,45.0,3.0,0.0,0.0,10.5,10.5,0.0,0.0,0.0,0.0,0.0,0.0,6.0,3.0,0.0,16,282.5,16.029687499999998,1.0,1.0,27.096509240246405,1.0,1.0,1.0,0.0,0.0,0.0,0.0,16.0,1.0,1.0,-4.0,0.0,56.0,311.0,1.0,590.0,4045.0,27.0,12.0,,3
00-0030024,2015,veteran,QB,0.0,24.308502918943926,0.0,0.0,0.0,0.0,0.0,0.0,0.0,0.0,7.068931409214329,0.043745905311185745,9.357622968839299e-14,9.357622968839299e-14,9.357622968839299e-14,2.3599534873612555e-11,5.9262594036056716e-09,1.3706553544212506e-11,0.0,0.0,0.0,veteran,,,0.0,0.0,0.0,0.0,0.0,0.0,0.0,0.0,0.0,0.0,0.0,0.0,0.0,0.0,0.0,0.0,0.0,0.0,0.0,0.0,0.0,0.0,0.0,0.0,0.0,0.0,0.0,0.0,0.0,16,0.0,6.029999999999999,0.125,0.0,24.550308008213552,0.0375,0.0,0.125,0.0,1.0,0.0,16.0,0.0,0.0,0.0,0.0,0.0,0.0,0.0,0.0,0.0,0.0,0.0,0.0,,3
00-0030419,2015,veteran,QB,0.7213950707584885,25.833669078550237,18.636281532872125,133.35074717476547,0.8223107667371908,0.5493824601206903,1.2348281946858097,3.7157608891732155,0.037203212492562296,0.1447036099781916,7.1554374696234895,0.04412418675296008,0.06501327895118694,0.016784516939353344,0.00352955949985438,6.843241204910704e-07,4.325896632043995e-06,1.3704605266127133e-11,0.07016024900576878,7.829896177614313,7.900056426620082,veteran,Matt McGloin,QB,2.0,9.68,0.0,0.0,0.0,0.0,0.0,0.0,0.0,32.0,23.0,142.0,2.0,1.0,2.0,1.0,0.0,0.0,0.0,0.0,0.0,0.0,0.0,0.0,0.0,0.0,0.0,0.0,0.0,16,5.46,10.029056603773585,0.3596698113207547,0.0625,25.746748802190282,0.16562500000000002,1.0,0.4375,0.0,0.9375,0.0,15.0,1.0,0.0,0.0,0.0,0.0,2.0,3.0,0.0,19.0,129.0,1.0,2.0,,3
00-0030520,2015,veteran,QB,5.236329258478731,31.04012607668326,162.5363203622052,1129.7430013630028,7.429958416527151,4.163046306637062,10.92903829529587,32.321389432979714,0.31563548975362077,1.04995089659777,6.9507110708881505,0.045712603804305446,0.13743572673113086,0.04136559972431445,0.010202960871202755,1.6321525015056263e-06,7.556127298390922e-06,1.3704440461600025e-11,1.1514845884920144,69.60951119597874,70.76099578447075,veteran,,,0.0,0.0,0.0,0.0,0.0,0.0,0.0,0.0,0.0,0.0,0.0,0.0,0.0,0.0,0.0,0.0,0.0,0.0,0.0,0.0,0.0,0.0,0.0,0.0,0.0,0.0,0.0,0.0,0.0,16,91.58,13.57986111111111,0.6119791666666666,0.375,25.71937029431896,0.45,1.0,0.8125,0.0,0.625,0.0,10.0,6.0,0.0,0.0,0.0,0.0,10.0,49.0,0.0,203.0,1417.0,10.0,6.0,,3
00-0030526,2015,veteran,QB,3.2429520934961853,29.898486178811538,96.95935834594364,673.2347418997454,4.105571471489447,2.5219240583739477,10.551006495230684,35.26182369781938,0.3384483515804022,0.6521910262713355,6.943473568561529,0.04234322030928751,0.11471905146854075,0.03311215544151229,0.007836739025615385,2.8242475165658693e-05,4.7070656457042976e-05,1.3703899935923542e-11,0.5842489882049368,42.56031787192139,43.144566860126325,veteran,EJ Manuel,QB,4.0,38.84,0.0,0.0,0.0,0.0,17.0,64.0,1.0,84.0,52.0,561.0,3.0,3.0,6.0,1.0,0.0,0.0,0.0,0.0,0.0,0.0,0.0,0.0,0.0,0.0,0.0,0.0,0.0,16,58.72,13.911538461538461,0.4663461538461538,0.25,25.453798767967147,0.325,1.0,0.625,0.0,0.75,0.0,12.0,4.0,0.0,0.0,0.0,0.0,16.0,52.0,1.0,131.0,838.0,5.0,3.0,,3
00-0030533,2015,veteran,QB,0.0,11.203082320046494,0.0,0.0,0.0,0.0,0.0,0.0,0.0,0.0,7.102808329365674,0.043221091968402306,9.357622968839299e-14,9.357622968839299e-14,9.357622968839299e-14,2.3599534873612555e-11,5.9262594036056716e-09,1.3706553544212506e-11,0.0,0.0,0.0,veteran,,,0.0,0.0,0.0,0.0,0.0,0.0,0.0,0.0,0.0,0.0,0.0,0.0,0.0,0.0,0.0,0.0,0.0,0.0,0.0,0.0,0.0,0.0,0.0,0.0,0.0,0.0,0.0,0.0,0.0,16,0.0,0.3724137931034484,0.14008620689655174,0.0625,24.980150581793293,0.090625,1.0,0.1875,0.0,0.9375,0.0,15.0,1.0,0.0,0.0,0.0,0.0,3.0,0.0,0.0,1.0,0.0,0.0,0.0,,3
00-0030565,2015,veteran,QB,11.718663067135614,27.410745074696276,321.2172859495127,2254.441073327145,12.416218132005433,10.432144232071773,45.69124601865454,193.03340012389722,1.4991624953836473,2.3886490111841345,7.01843011549972,0.03865364248783595,0.07930416414863752,0.021228916694210846,0.004645389809857151,0.0002510627879847856,0.00019125095664747823,1.370348566725978e-11,1.4176800073283533,142.49924395928733,143.91692396661568,veteran,Geno Smith,QB,1.0,20.0,0.0,0.0,0.0,0.0,2.0,34.0,0.0,42.0,27.0,265.0,2.0,1.0,3.0,0.0,0.0,0.0,0.0,0.0,0.0,0.0,0.0,0.0,0.0,0.0,0.0,0.0,0.0,16,154.3,11.474960000000001,0.9230000000000002,0.875,24.892539356605067,0.78125,1.0,1.0,0.0,0.125,0.0,2.0,14.0,1.0,0.0,0.0,0.0,59.0,238.0,1.0,367.0,2525.0,13.0,13.0,,3
00-0031237,2015,veteran,QB,9.619493684070946,29.460964573266043,283.3995626391706,2030.6618738976888,11.612604359458363,7.732976436028206,36.61303912023102,153.31258125763398,1.0808627158373867,1.8620063607109334,7.1653669998184295,0.040976084265323086,0.12414715863276239,0.036478207261203884,0.00878817562994663,0.00021060304928126393,0.0001708565074627984,1.370351899039687e-11,1.89415245943752,130.3033612210504,132.19751368048793,veteran,Teddy Bridgewater,QB,16.0,202.44,0.0,0.0,0.0,0.0,44.0,192.0,3.0,447.0,292.0,3231.0,14.0,9.0,44.0,3.0,0.0,0.0,2.0,2.0,0.0,0.0,0.0,0.0,0.0,0.0,2.0,0.0,0.0,16,182.66,14.050769230769232,0.8125,0.8125,22.806297056810404,0.446875,1.0,0.8125,0.0,0.1875,0.0,3.0,13.0,0.0,0.0,0.0,0.0,47.0,209.0,1.0,402.0,2919.0,14.0,12.0,,3
00-0031266,2015,veteran,QB,4.9806199468886065,24.50062723614009,122.0283127236016,887.4176878858691,5.4765292755247295,3.494202492587157,7.842718584875897,21.31030673930844,0.23810151925028242,1.0156425409844305,7.27222779762514,0.044879169049311204,0.0540031636541302,0.013506709239423369,0.0027396906260449996,2.881634490191975e-07,2.483454818030935e-06,1.3704769253542564e-11,0.397187616919707,51.942774339823046,52.339961956742755,veteran,Zach Mettenberger,QB,7.0,42.2,0.0,0.0,0.0,0.0,9.0,8.0,1.0,166.0,101.0,935.0,4.0,7.0,13.0,2.0,0.0,0.0,0.0,0.0,0.0,0.0,0.0,0.0,0.0,0.0,0.0,0.0,0.0,16,71.88,10.268571428571429,0.4375,0.4375,24.128678986995208,0.24062500000000003,1.0,0.4375,0.125,0.4375,2.0,9.0,7.0,0.0,0.0,0.0,0.0,5.0,4.0,0.0,179.0,1412.0,8.0,7.0,,3
00-0031280,2015,veteran,QB,12.236591467878256,33.516663520065734,410.12971886138274,2650.8602481000066,16.437439771023026,9.477967294393641,33.55129299798394,107.41119521843974,0.9586500338407833,2.501628268951418,6.463467840027352,0.04007863613653079,0.1400545668360709,0.042348531595856775,0.01049207638572083,9.417246547450717e-06,2.326479502179194e-05,1.3704108165819076e-11,2.7484098009744127,164.31799760629096,167.06640740726536,veteran,Derek Carr,QB,16.0,278.78000000000003,0.0,0.0,0.0,0.0,33.0,138.0,0.0,573.0,350.0,3987.0,32.0,13.0,31.0,3.0,0.0,0.0,7.5,7.5,0.0,0.0,0.0,0.0,0.0,0.0,6.0,1.0,0.0,16,193.0,12.0625,1.0,1.0,24.42984257357974,0.55,1.0,1.0,0.0,0.0,0.0,0.0,16.0,1.0,0.0,0.0,0.0,29.0,92.0,0.0,599.0,3270.0,21.0,12.0,,3
00-0031407,2015,veteran,QB,10.49926526558812,30.932883919621386,324.7725537017501,2199.2554349855973,11.6056787920587,9.700820235519494,51.06860015792446,345.5448090964835,1.3647141086965968,2.0594002883528795,6.771678856228872,0.03573478934650555,0.11969199648344493,0.03487710390137704,0.00833320675586768,0.010573812160056798,0.0021183364568886434,1.3702774587338528e-11,2.12531778966591,153.61525708174187,155.74057487140777,veteran,Blake Bortles,QB,16.0,325.12,0.0,0.0,0.0,0.0,52.0,310.0,2.0,606.0,355.0,4428.0,35.0,18.0,51.0,5.0,0.0,0.0,9.0,9.0,0.0,0.0,0.0,0.0,0.0,0.0,6.0,2.0,0.0,16,169.22,12.087142857142856,0.875,0.875,23.709787816564,0.48125000000000007,1.0,0.875,0.0,0.125,0.0,2.0,14.0,0.0,0.0,0.0,0.0,56.0,419.0,0.0,475.0,2908.0,11.0,17.0,,3
00-0031409,2015,veteran,QB,2.104132243827217,10.77260251738207,22.66698030675786,159.8462804021788,0.9689171284004832,0.6211905642715819,4.824787464018111,16.641696796550296,0.1562862302137663,0.4194103681693317,7.0519442042539175,0.04274575242435859,0.0005996032767607346,8.392567019442858e-05,7.765203680383118e-06,5.563443969634793e-06,1.6597064342137785e-05,1.3704207954953999e-11,0.001623298589002552,10.790204925744884,10.791828224333887,veteran,Johnny Manziel,QB,9.0,98.5,0.0,0.0,0.0,0.0,37.0,230.0,0.0,223.0,129.0,1500.0,7.0,5.0,19.0,3.0,0.0,1.0,2.5,3.5,0.0,0.0,0.0,1.0,0.0,0.0,1.0,1.0,0.0,16,11.9,2.975,0.25,0.25,22.73511293634497,0.1375,1.0,0.25,0.0625,0.6875,1.0,12.0,4.0,0.0,0.0,0.0,0.0,9.0,29.0,1.0,35.0,175.0,0.0,2.0,,3
00-0031503,2015,rookie,QB,16.0,33.342468249555466,533.4794919928875,3594.8638023313138,18.876519858213218,15.294821218449686,91.65894162378989,437.68817233783466,3.880451543196944,3.0157068062827226,6.738522954091817,0.035383777898747956,0.16532379558536092,0.05216875277961545,0.013460117103708119,0.003869328561367434,0.0011076649466100466,1.3702966448934294e-11,4.41644775953422,249.73110196960573,254.14754972913994,rookie,Jameis Winston,QB,16.0,278.48,0.0,0.0,0.0,0.0,54.0,213.0,6.0,535.0,312.0,4042.0,22.0,15.0,27.0,2.0,0.0,0.0,3.5,3.5,0.0,0.0,0.0,0.0,0.0,0.0,2.0,1.0,0.0,16,0.0,,,0.0,21.650924024640656,0.0,0.0,0.0,0.0,1.0,0.0,16.0,0.0,0.0,0.0,0.0,0.0,0.0,0.0,0.0,0.0,0.0,0.0,0.0,,3
00-0031568,2015,rookie,QB,5.906397948096818,25.310318417414166,149.49281276629213,1007.3607502974097,5.289620484381594,4.285948905293805,14.307472192415027,68.32079057137162,0.6057178008467675,1.1132477807931176,6.738522954091817,0.035383777898747956,0.04321067779825803,0.010425758329801162,0.0020273240185201074,3.894174714058587e-05,5.78452423097085e-05,1.370383902987573e-11,0.37227833108748437,61.12090443946669,61.49318277055418,rookie,,,0.0,0.0,0.0,0.0,0.0,0.0,0.0,0.0,0.0,0.0,0.0,0.0,0.0,0.0,0.0,0.0,0.0,0.0,0.0,0.0,0.0,0.0,0.0,0.0,0.0,0.0,0.0,0.0,0.0,16,0.0,,,0.0,24.254620123203285,0.0,0.0,0.0,0.0,1.0,0.0,16.0,0.0,0.0,0.0,0.0,0.0,0.0,0.0,0.0,0.0,0.0,0.0,0.0,,3
00-0032148,2015,rookie,QB,6.885333776104557,26.171699736567536,180.2008881742552,1214.2878213099514,6.376188204314963,5.166347365547509,17.873194230363108,85.3477639817777,0.7566753761759564,1.297759245757927,6.738522954091817,0.035383777898747956,0.051265845854507296,0.012712508618422517,0.002553069231499569,5.587358281043318e-05,7.292420287718797e-05,1.3703770580108494e-11,0.5205725947729061,74.22288110228055,74.74345369705345,rookie,,,0.0,0.0,0.0,0.0,0.0,0.0,0.0,0.0,0.0,0.0,0.0,0.0,0.0,0.0,0.0,0.0,0.0,0.0,0.0,0.0,0.0,0.0,0.0,0.0,0.0,0.0,0.0,0.0,0.0,16,0.0,,,0.0,24.26009582477755,0.0,0.0,0.0,0.0,1.0,0.0,16.0,0.0,0.0,0.0,0.0,0.0,0.0,0.0,0.0,0.0,0.0,0.0,0.0,,3
00-0032245,2015,rookie,QB,5.660073969214519,24.170175956284666,136.8049837615015,921.863523311036,4.84067716085879,3.922189699567635,15.63818900411606,74.67520617877902,0.6620547169625777,1.066820224563993,6.738522954091817,0.035383777898747956,0.034075392464756736,0.007929210126361627,0.0014755719602341662,7.749873799355782e-05,8.995844651814831e-05,1.37037085482764e-11,0.2780952144500289,57.6990786472667,57.97717386171673,rookie,Sean Mannion,QB,1.0,1.24,0.0,0.0,0.0,0.0,0.0,0.0,0.0,7.0,6.0,31.0,0.0,0.0,0.0,0.0,0.0,0.0,0.0,0.0,0.0,0.0,0.0,0.0,0.0,0.0,0.0,0.0,0.0,16,0.0,,,0.0,23.351129363449694,0.0,0.0,0.0,0.0,1.0,0.0,16.0,0.0,0.0,0.0,0.0,0.0,0.0,0.0,0.0,0.0,0.0,0.0,0.0,,3
00-0032268,2015,rookie,QB,16.0,31.796505538727217,508.7440886196355,3428.183718921935,18.00128783901813,14.585658864435203,84.68273412498334,404.3755085004679,3.585108452006594,3.0157068062827226,6.738522954091817,0.035383777898747956,0.1330878002528373,0.03974805703307742,0.00973047785356082,0.002517044921170683,0.0008400805877242102,1.3703048224043462e-11,3.455168117435811,235.87797033360042,239.33313845103623,rookie,Marcus Mariota,QB,12.0,216.52,1.0,1.0,41.0,1.0,34.0,252.0,2.0,370.0,230.0,2818.0,19.0,10.0,38.0,6.0,0.0,1.0,5.0,6.0,0.0,0.0,0.0,1.0,0.0,0.0,2.0,2.0,0.0,16,0.0,,,0.0,21.83709787816564,0.0,0.0,0.0,0.0,1.0,0.0,16.0,0.0,0.0,0.0,0.0,0.0,0.0,0.0,0.0,0.0,0.0,0.0,0.0,,3
00-0007091,2016,veteran,QB,5.697772946995951,27.417379103846613,156.2180009354293,1102.108905093268,6.7298926409749384,3.640673270055381,7.55224900577168,10.359489834882513,0.2216766161058518,1.1271005738264477,7.0549418024419,0.04308013545607112,0.15889938934828604,0.05445964262650712,0.011592397670050382,0.00016690943951261694,7.882411436285547e-06,1.3703908904609197e-11,1.5039407398150493,63.83438775999019,65.33832849980524,veteran,,,0.0,0.0,0.0,0.0,0.0,0.0,0.0,0.0,0.0,0.0,0.0,0.0,0.0,0.0,0.0,0.0,0.0,0.0,0.0,0.0,0.0,0.0,0.0,0.0,0.0,0.0,0.0,0.0,0.0,16,92.1,9.287107438016529,0.4271694214876033,0.5,40.936344969199176,0.37812500000000004,1.0,0.5,0.0625,0.4375,1.0,8.0,8.0,0.0,0.0,0.0,0.0,16.0,15.0,0.0,256.0,1690.0,9.0,5.0,,4
00-0010346,2016,veteran,QB,10.607740383390789,36.90207129681079,391.4475919259459,2861.883267983675,19.177245101208904,11.255387984423757,12.480037094741942,1.9126217285999334,0.3684108677567833,1.985251519079615,7.311025350553405,0.04899058136200479,0.3262225255162281,0.14954495220088182,0.047417206256172836,2.747548361201744e-05,9.235761520142685e-07,1.3704026023821997e-11,6.846269876794753,167.10475949657658,173.95102937337134,veteran,,,0.0,0.0,0.0,0.0,0.0,0.0,0.0,0.0,0.0,0.0,0.0,0.0,0.0,0.0,0.0,0.0,0.0,0.0,0.0,0.0,0.0,0.0,0.0,0.0,0.0,0.0,0.0,0.0,0.0,16,93.36,17.01566929133858,0.8375984251968505,0.625,40.440793976728266,0.7937500000000001,1.0,1.0,0.375,0.0,6.0,6.0,10.0,0.0,0.0,0.0,0.0,6.0,-6.0,0.0,331.0,2249.0,9.0,17.0,,4
00-0019596,2016,veteran,QB,13.48759041118915,39.12930211367059,527.7599999848668,3821.937362420755,26.194510707657475,9.990342064618604,24.87537395335783,40.300073651005725,0.845065463471911,2.562712509682713,7.241809463639433,0.04963337636124107,0.35746943858423746,0.17173508961562753,0.05804401605561997,0.00034276712254266125,1.854075912454842e-05,1.3703862183319788e-11,9.866586231018397,241.6498283247895,251.5164145558079,veteran,Tom Brady,QB,12.0,272.06,0.0,0.0,0.0,0.0,28.0,64.0,0.0,432.0,291.0,3554.0,28.0,2.0,15.0,0.0,0.0,0.0,13.5,13.5,0.0,0.0,0.0,0.0,0.0,0.0,5.0,3.0,2.0,16,359.2,20.219125,1.0,1.0,39.08008213552361,1.0,1.0,1.0,0.0,0.0,0.0,0.0,16.0,1.0,1.0,36.0,0.0,34.0,53.0,3.0,624.0,4770.0,36.0,7.0,,4
00-0020245,2016,veteran,QB,4.386969514280996,19.462145716620785,85.37983994130985,597.4542461839454,3.6546776904982745,2.010833076645907,14.484927408494663,78.81382090761362,0.4176648791802309,0.8435943576569985,6.997603258505003,0.042804925530552665,0.06555636987002726,0.017479356887818865,0.0025545996620371073,0.008617108982088053,0.0008633284469167671,1.370365234360237e-11,0.46851389435003127,43.195397106587855,43.66391100093789,veteran,,,0.0,0.0,0.0,0.0,0.0,0.0,0.0,0.0,0.0,0.0,0.0,0.0,0.0,0.0,0.0,0.0,0.0,0.0,0.0,0.0,0.0,0.0,0.0,0.0,0.0,0.0,0.0,0.0,0.0,16,30.740000000000002,7.041538461538463,0.4365384615384616,0.3125,36.18343600273785,0.40624999999999994,1.0,0.5625,0.125,0.5625,2.0,11.0,5.0,0.0,0.0,0.0,0.0,20.0,99.0,0.0,66.0,371.0,2.0,1.0,,4
00-0020531,2016,veteran,QB,12.936019642101023,40.70356677193375,526.5421392653055,3896.18822990291,25.52171721609969,11.793595586030497,21.28824369883632,34.86272085084392,0.7156131133004785,2.452850051206357,7.399575341375976,0.04847041729976377,0.3980299715537892,0.20284856190756395,0.07436357943214093,0.00029263886156392606,1.5363923370792305e-05,1.3703872449750821e-11,11.013024154796785,237.22145755092876,248.23448170572556,veteran,Drew Brees,QB,16.0,355.32,0.0,0.0,0.0,0.0,23.0,20.0,2.0,673.0,471.0,5208.0,37.0,15.0,27.0,4.0,0.0,0.0,23.0,23.0,0.0,0.0,0.0,0.0,0.0,0.0,10.0,6.0,2.0,16,325.7,21.455080906148865,0.966626213592233,0.9375,37.6290212183436,0.9656250000000001,1.0,1.0,0.0625,0.0,1.0,1.0,15.0,0.0,0.0,0.0,0.0,24.0,14.0,1.0,627.0,4870.0,32.0,11.0,,4
00-0020679,2016,veteran,QB,2.2068683630106114,18.957999209721713,41.83780868191502,298.85695028413727,1.8326870429609583,1.0682708709631872,1.9962962371167778,3.5328369015981114,0.06426403391265502,0.42099474811765764,7.143226657884747,0.04380456579106551,0.0645873173750148,0.01715786959724369,0.0024930097549416027,0.00014133047613916052,6.468354301393572e-06,1.3703919704247934e-11,0.2106702454932977,17.045362838683374,17.25603308417667,veteran,Shaun Hill,QB,3.0,10.18,0.0,0.0,0.0,0.0,5.0,5.0,0.0,35.0,19.0,242.0,0.0,0.0,1.0,0.0,0.0,0.0,0.0,0.0,0.0,0.0,0.0,0.0,0.0,0.0,0.0,0.0,0.0,16,0.09999999999999998,6.418809523809523,0.3616071428571428,0.1875,36.64613278576318,0.2625,1.0,0.5,0.0,0.8125,0.0,13.0,3.0,0.0,0.0,0.0,0.0,4.0,-5.0,0.0,7.0,15.0,0.0,0.0,,4
00-0021206,2016,veteran,QB,6.874445170721151,32.255717091364545,221.74015858687866,1587.8620164011227,9.679961742346094,5.310082934562812,14.577627718224555,66.80147614292011,0.5303382190869091,1.5279877991584332,7.160913145008833,0.04365452701051194,0.23779912881912418,0.09454540804433836,0.02471775597626785,0.002655106151194268,0.00021173059190451342,1.3703729149027503e-11,2.9699353020977144,98.42036308680026,101.39029838889797,veteran,Josh McCown,QB,5.0,54.1,0.0,0.0,0.0,0.0,7.0,21.0,0.0,165.0,90.0,1100.0,6.0,6.0,18.0,4.0,0.0,0.0,2.0,2.0,0.0,0.0,0.0,0.0,0.0,0.0,2.0,0.0,0.0,16,140.16,15.402134831460675,0.5695224719101123,0.5,37.163586584531146,0.55625,1.0,0.6875,0.125,0.375,2.0,8.0,8.0,0.0,0.0,0.0,0.0,20.0,98.0,1.0,292.0,2109.0,12.0,4.0,,4
00-0021429,2016,veteran,QB,12.527245560124534,34.380572981104905,430.6938802320839,3264.608296608459,21.84380878966129,10.302656894525464,17.71793611522968,26.647147657424505,0.5462122563420481,2.3766094881010797,7.579880853773196,0.050717713420702706,0.30503868471100326,0.13534385844933283,0.041057057251896636,0.00020707579504781576,1.0185123755763219e-05,1.3703894905021721e-11,7.395972286824625,198.54302256152516,205.93899484834978,veteran,Carson Palmer,QB,15.0,252.12,0.0,0.0,0.0,0.0,14.0,38.0,0.0,597.0,364.0,4233.0,26.0,14.0,40.0,4.0,0.0,0.0,9.0,9.0,0.0,0.0,0.0,0.0,0.0,0.0,6.0,2.0,0.0,16,327.74,18.94676923076923,0.9134615384615384,1.0,36.681724845995895,0.8125000000000001,1.0,1.0,0.0,0.0,0.0,0.0,16.0,0.0,0.0,0.0,0.0,25.0,24.0,1.0,537.0,4671.0,35.0,11.0,,4
00-0021678,2016,veteran,QB,6.020550195053314,30.3135301857904,182.50413007281492,1344.5692257385604,9.376401332277046,4.814243404709876,8.265768148541115,22.13635118595688,0.24045357963014893,1.1703486087360684,7.36733588002698,0.051376378871733366,0.22096545689561073,0.08530662708941891,0.021425151343500506,0.000476874522009158,2.7454194763045076e-05,1.3703840740949516e-11,2.361824249555004,82.97554692813529,85.33737117769029,veteran,Tony Romo,QB,1.0,5.16,0.0,0.0,0.0,0.0,0.0,0.0,0.0,4.0,3.0,29.0,1.0,0.0,0.0,0.0,0.0,0.0,0.0,0.0,0.0,0.0,0.0,0.0,0.0,0.0,0.0,0.0,0.0,16,43.16,16.135865921787712,0.7685055865921788,0.25,36.36413415468857,0.559375,1.0,0.9375,0.25,0.5,4.0,12.0,4.0,0.0,0.0,0.0,0.0,4.0,13.0,0.0,121.0,884.0,5.0,7.0,,4
00-0022787,2016,veteran,QB,1.4861115002907133,28.26291206709734,42.00183865461853,296.9151023682394,1.8055644214495647,1.2340495712641537,1.5818919731936563,5.505863569970368,0.04894146707046245,0.28841599191278494,7.069097731882043,0.04298774718642048,0.17151512069457844,0.06032616947942371,0.013318641706602585,0.0004828267503392978,2.786207842494141e-05,1.3703839935378828e-11,0.42973333156242927,16.89816581359377,17.3278991451562,veteran,Matt Schaub,QB,3.0,0.44,0.0,0.0,0.0,0.0,2.0,-2.0,0.0,3.0,1.0,16.0,0.0,0.0,0.0,0.0,0.0,0.0,0.0,0.0,0.0,0.0,0.0,0.0,0.0,0.0,0.0,0.0,0.0,16,27.6,9.471562500000001,0.35937499999999994,0.125,35.186858316221766,0.2,1.0,0.625,0.0,0.875,0.0,14.0,2.0,0.0,0.0,0.0,0.0,4.0,10.0,0.0,80.0,540.0,3.0,4.0,,4
00-0022803,2016,veteran,QB,13.42235298131428,36.93448074782572,495.74763777887335,3551.366577401688,23.820905465456146,12.705439332740063,18.833895322854257,54.41167671730764,0.5648426713079102,2.69188210683773,7.163658092881854,0.048050466911314635,0.31421943325379886,0.14141644583349544,0.04373460995314294,0.0005599790736390943,3.323210085848369e-05,1.3703830307914111e-11,8.24700438795197,215.37386577831475,223.6208701662667,veteran,Eli Manning,QB,16.0,236.18,0.0,0.0,0.0,0.0,21.0,-9.0,0.0,598.0,377.0,4027.0,26.0,16.0,21.0,4.0,0.0,0.0,12.0,12.0,0.0,0.0,0.0,0.0,0.0,0.0,4.0,4.0,1.0,16,299.88,17.248874999999998,1.0,1.0,35.66050650239562,1.0,1.0,1.0,0.0,0.0,0.0,0.0,16.0,0.0,0.0,0.0,0.0,20.0,61.0,0.0,618.0,4432.0,35.0,14.0,,4
00-0022864,2016,veteran,QB,0.5986189960499915,16.32335725146991,9.771471730040266,70.64435681272596,0.4243368212437021,0.24435595587262182,0.3205175717813822,1.0865097419995906,0.010075244520651621,0.1154034460387409,7.229653706671968,0.043426091070720776,0.04475357723711276,0.010901032814637899,0.0013756257781247423,0.0001665244866301652,7.860808836053526e-06,1.37039090545151e-11,0.03833238408057056,3.9727051949849908,4.011037579065562,veteran,,,0.0,0.0,0.0,0.0,0.0,0.0,0.0,0.0,0.0,0.0,0.0,0.0,0.0,0.0,0.0,0.0,0.0,0.0,0.0,0.0,0.0,0.0,0.0,0.0,0.0,0.0,0.0,0.0,0.0,16,12.4,4.361290322580646,0.14314516129032256,0.125,35.14031485284052,0.096875,1.0,0.1875,0.0625,0.8125,1.0,14.0,2.0,0.0,0.0,0.0,0.0,0.0,0.0,0.0,39.0,335.0,0.0,1.0,,4
00-0022924,2016,veteran,QB,11.20196042314261,37.28021415599497,417.61148354173656,3155.7083995141074,19.39417214983787,10.548705511833147,18.215027081222026,36.79462785932294,0.5167392687757243,2.1637955109031637,7.556565190091863,0.04644070604897434,0.3536663498973126,0.16895330282146487,0.05666576563426981,0.0003977328658270498,2.212650711214197e-05,1.3703852525617743e-11,8.075031278373707,185.1599209330298,193.2349522114035,veteran,Ben Roethlisberger,QB,14.0,261.16,0.0,0.0,0.0,0.0,16.0,14.0,1.0,509.0,328.0,3819.0,29.0,13.0,17.0,2.0,0.0,0.0,9.0,9.0,0.0,0.0,0.0,0.0,0.0,0.0,4.0,2.0,1.0,16,247.12,19.927246376811595,0.8804347826086957,0.75,34.502395619438744,0.8625,1.0,1.0,0.1875,0.0625,3.0,4.0,12.0,0.0,0.0,-3.0,0.0,15.0,29.0,0.0,469.0,3938.0,21.0,16.0,,4
00-0022942,2016,veteran,QB,13.421663370964808,37.7602944004874,506.80596023186934,3690.217131908831,23.74446013353167,12.10188008330689,22.513258489909326,54.742819222605455,0.612350467237353,2.4992252290017913,7.2813214947600775,0.046851185654305086,0.33810036017253803,0.15780279915271664,0.051273769182400224,0.0005657063053213836,3.363660674582714e-05,1.3703829647035311e-11,9.09946174191055,222.5326999115472,231.63216165345776,veteran,Philip Rivers,QB,16.0,267.94,0.0,0.0,0.0,0.0,14.0,35.0,0.0,578.0,349.0,4386.0,33.0,21.0,36.0,5.0,0.0,0.0,9.0,9.0,0.0,0.0,0.0,0.0,0.0,0.0,6.0,2.0,0.0,16,302.48,18.3918125,1.0,1.0,34.732375085557834,1.0,1.0,1.0,0.0,0.0,0.0,0.0,16.0,0.0,0.0,0.0,0.0,17.0,28.0,0.0,661.0,4792.0,29.0,13.0,,4
00-0023436,2016,veteran,QB,13.266676877624072,32.634279458228036,432.9484407063961,3097.2354564302696,18.948508726988337,8.58376497297818,55.88918666206986,300.1975499148483,1.5569183586782434,2.339106382956515,7.153820559734176,0.04376620157373026,0.2433163492270156,0.0976564154659857,0.025861035678151532,0.013524347852617845,0.0014828374364010076,1.3703622763974482e-11,6.0664751968858415,217.19897559684904,223.26545079373489,veteran,Alex Smith,QB,15.0,226.78,1.0,1.0,3.0,0.0,48.0,134.0,5.0,489.0,328.0,3502.0,15.0,8.0,28.0,4.0,0.0,0.0,2.5,2.5,0.0,0.0,0.0,0.0,0.0,0.0,1.0,1.0,0.0,16,273.74,16.393247588424437,0.9728697749196141,1.0,32.32032854209446,0.971875,1.0,1.0,0.0,0.0,0.0,0.0,16.0,0.0,0.0,0.0,0.0,84.0,498.0,2.0,470.0,3486.0,20.0,7.0,,4
00-0023459,2016,veteran,QB,13.094455223825184,35.393002929730216,463.45209210006584,3357.902490616421,24.047190342577924,8.90718726259035,42.69988500807401,231.2936277533972,1.2458522080345582,2.5492691477847513,7.245414462152007,0.05188711142420692,0.2954633506068705,0.12914198368236887,0.03838762508003535,0.008337458008990443,0.0008298858923351591,1.3703654503366097e-11,7.536302401014395,238.19642419776537,245.73272659877975,veteran,Aaron Rodgers,QB,16.0,389.02,0.0,0.0,0.0,0.0,67.0,369.0,4.0,610.0,401.0,4428.0,40.0,7.0,35.0,4.0,0.0,0.0,9.0,9.0,0.0,0.0,0.0,0.0,0.0,0.0,6.0,2.0,0.0,16,305.74,20.390635451505013,0.9604933110367894,1.0,32.7501711156742,0.9343750000000001,1.0,1.0,0.0,0.0,0.0,0.0,16.0,0.0,0.0,0.0,0.0,58.0,344.0,1.0,572.0,3821.0,31.0,8.0,,4
00-0023541,2016,veteran,QB,2.671098916368616,32.29817380339936,86.27161704694524,611.7299108995215,3.817328818932835,2.1162814509826307,3.5906073777250795,8.907229085604687,0.11620049438627873,0.526495454625908,7.090743535810217,0.04424779492490111,0.23345282928911415,0.09212363037832833,0.02383975390979953,0.0004074131471382127,2.2768175221226396e-05,1.3703850964068685e-11,1.1212187398817892,36.04088377537327,37.16210251525506,veteran,,,0.0,0.0,0.0,0.0,0.0,0.0,0.0,0.0,0.0,0.0,0.0,0.0,0.0,0.0,0.0,0.0,0.0,0.0,0.0,0.0,0.0,0.0,0.0,0.0,0.0,0.0,0.0,0.0,0.0,16,0.0,14.786923076923078,0.701923076923077,0.0,33.79876796714579,0.24374999999999997,0.0,0.75,0.0,1.0,0.0,16.0,0.0,0.0,0.0,0.0,0.0,0.0,0.0,0.0,0.0,0.0,0.0,0.0,,4
00-0023578,2016,veteran,QB,0.23818362202007676,20.01109756505038,4.766315698640838,33.74204231119401,0.21233294426032778,0.11908168985819344,0.12924465506598634,0.49357459588707986,0.004074460232523782,0.04612359915723867,7.079271379530292,0.04454865302373416,0.07270505834841652,0.019893922958553963,0.0030288770915968214,0.00019961261339608745,9.750315635891694e-06,1.3703897288148803e-11,0.025918649918980966,1.942407112442058,1.968325762361039,veteran,,,0.0,0.0,0.0,0.0,0.0,0.0,0.0,0.0,0.0,0.0,0.0,0.0,0.0,0.0,0.0,0.0,0.0,0.0,0.0,0.0,0.0,0.0,0.0,0.0,0.0,0.0,0.0,0.0,0.0,16,10.040000000000001,5.0200000000000005,0.125,0.125,33.040383299110196,0.06875,1.0,0.125,0.0,0.875,0.0,14.0,2.0,0.0,0.0,0.0,0.0,0.0,0.0,0.0,40.0,201.0,1.0,1.0,,4
00-0023645,2016,veteran,QB,1.64978670744068,13.59296533832796,22.425493529875375,160.72197598977723,1.0213112299327587,0.5198858754422551,2.25686905786571,4.592585025050922,0.06808291615336663,0.31174797244445046,7.1669315003329785,0.04554241932611926,0.026584045362065434,0.00577745757764353,0.0006009191663896274,0.00030739134217830355,1.628891462306116e-05,1.3703869256324692e-11,0.06068558069360626,9.718612262974004,9.77929784366761,veteran,Derek Anderson,QB,4.0,16.519999999999996,0.0,0.0,0.0,0.0,1.0,4.0,0.0,53.0,36.0,453.0,2.0,5.0,0.0,1.0,0.0,0.0,0.0,0.0,0.0,0.0,0.0,0.0,0.0,0.0,0.0,0.0,0.0,16,1.24,4.392777777777777,0.2395833333333333,0.1875,33.215605749486656,0.22500000000000003,1.0,0.3125,0.0,0.8125,0.0,13.0,3.0,0.0,0.0,0.0,0.0,7.0,-2.0,0.0,6.0,36.0,0.0,0.0,,4
00-0023662,2016,veteran,QB,5.608555167958417,25.533045931160608,143.20349671093047,1000.4983689633272,5.97553451345015,4.051325035365689,10.398569507487615,40.7431326705139,0.3099693719139271,1.037670211612242,6.9865498534782695,0.041727574051577246,0.13065773389098595,0.04206587252747235,0.008186477693932166,0.001550808829998207,0.00011162135455454636,1.3703764123612554e-11,1.1881597311604672,59.67821181691278,60.866371548073246,veteran,Matt Cassel,QB,4.0,15.66,0.0,0.0,0.0,0.0,4.0,3.0,0.0,51.0,30.0,284.0,2.0,2.0,5.0,0.0,0.0,0.0,0.0,0.0,0.0,0.0,0.0,0.0,0.0,0.0,0.0,0.0,0.0,16,66.84,9.04872180451128,0.47039473684210525,0.5,34.2943189596167,0.415625,1.0,0.5625,0.0,0.5,0.0,8.0,8.0,0.0,0.0,0.0,0.0,15.0,78.0,0.0,204.0,1276.0,5.0,7.0,,4
00-0023682,2016,veteran,QB,12.678748595874618,33.10616450894908,419.74473678263223,3003.2473442613027,20.405027339359194,10.902694136318049,41.174849605355455,169.52601867277045,1.3562889276198353,2.3673548391342223,7.1549374681416325,0.048612943894817864,0.25095396763842065,0.10203140346346339,0.027497940252189018,0.004866632352637439,0.00043605687980617614,1.3703689674791106e-11,5.889502769428794,200.30024060998042,206.1897433794092,veteran,Ryan Fitzpatrick,QB,14.0,135.9,0.0,0.0,0.0,0.0,33.0,130.0,0.0,403.0,228.0,2710.0,12.0,17.0,19.0,1.0,0.0,0.0,2.5,2.5,0.0,0.0,0.0,0.0,0.0,0.0,1.0,1.0,0.0,16,287.7,16.99644128113879,0.8992437722419928,1.0,33.77138945927447,0.878125,1.0,1.0,0.0,0.0,0.0,0.0,16.0,0.0,0.0,0.0,0.0,60.0,270.0,2.0,562.0,3905.0,31.0,15.0,,4
00-0024226,2016,veteran,QB,12.505764733784567,33.64137020261384,420.71106107603913,3030.6618218802764,19.30342545219557,10.908638359109837,31.08825394941142,148.4294288016889,0.9702075509446363,2.6822254356915183,7.203665656255508,0.04588285699649498,0.26328553787682507,0.10926430418327454,0.030278162589491096,0.003874972408309165,0.00033225750574405707,1.3703704530071803e-11,6.154232868129237,191.92263528022733,198.07686814835657,veteran,Jay Cutler,QB,5.0,46.760000000000005,0.0,0.0,0.0,0.0,5.0,24.0,0.0,137.0,81.0,1059.0,4.0,5.0,17.0,2.0,0.0,0.0,0.0,0.0,0.0,0.0,0.0,0.0,0.0,0.0,0.0,0.0,0.0,16,230.96,16.05368055555555,0.9088541666666666,0.9375,33.34428473648186,0.9,1.0,0.9375,0.0625,0.0,1.0,1.0,15.0,0.0,0.0,0.0,0.0,38.0,201.0,1.0,483.0,3659.0,21.0,11.0,,4
00-0024296,2016,veteran,QB,2.6618694564907575,18.153658841373215,48.32266999340475,342.78754199255656,2.088056001816829,1.1412071690065906,3.934445641564298,13.440357675451798,0.11796328848222848,0.49821214941222586,7.093721063826593,0.04321069183680898,0.056529059165325635,0.014539957204981899,0.002005938579329891,0.0008127080433929017,5.175015626377798e-05,1.3703806114092797e-11,0.22157722227330282,20.836702548570493,21.058279770843797,veteran,Charlie Whitehurst,QB,1.0,9.38,0.0,0.0,0.0,0.0,2.0,1.0,0.0,24.0,14.0,182.0,1.0,1.0,2.0,0.0,0.0,0.0,0.0,0.0,0.0,0.0,0.0,0.0,0.0,0.0,0.0,0.0,0.0,16,4.1,6.150434782608695,0.327445652173913,0.25,34.072553045859,0.28750000000000003,1.0,0.4375,0.0,0.75,0.0,12.0,4.0,0.0,0.0,0.0,0.0,2.0,1.0,0.0,32.0,150.0,0.0,1.0,,4
00-0025430,2016,veteran,QB,4.458139351500186,17.064234225340495,76.07473410320677,539.714543713342,3.214162391558763,1.9656251040312236,7.372585326586449,10.975443699346004,0.2123833074510378,0.8235145283485805,7.094530793642188,0.04225006409090133,0.0479298281337388,0.011859797882266382,0.0015360002779991565,0.00025566553849546916,1.308505139101434e-05,1.3703881219607933e-11,0.30790950213380447,31.23879626464996,31.546705766783763,veteran,Drew Stanton,QB,5.0,9.380000000000003,0.0,0.0,0.0,0.0,3.0,-3.0,0.0,48.0,19.0,192.0,2.0,3.0,1.0,0.0,0.0,0.0,0.0,0.0,0.0,0.0,0.0,0.0,0.0,0.0,0.0,0.0,0.0,16,-1.1400000000000001,4.6825,0.4593749999999999,0.375,32.32032854209446,0.375,1.0,0.5625,0.0,0.625,0.0,10.0,6.0,0.0,0.0,0.0,0.0,13.0,-13.0,0.0,25.0,104.0,0.0,2.0,,4
00-0026143,2016,veteran,QB,13.48243430946439,37.11739362469081,500.4328212834262,3630.065227628748,20.937990930227336,12.43428333396136,26.841942797047906,74.65200300126537,0.7048423619229631,2.7323712928790465,7.253851212874018,0.04183976358011268,0.3249590679581097,0.1486791547612653,0.047019596569707625,0.000954317865938252,6.264376569889871e-05,1.3703795678653078e-11,8.670085350901644,210.31551804404276,218.9856033949444,veteran,Matt Ryan,QB,16.0,358.46,0.0,0.0,0.0,0.0,35.0,117.0,0.0,534.0,373.0,4944.0,38.0,7.0,37.0,2.0,0.0,0.0,11.0,11.0,0.0,0.0,0.0,0.0,0.0,0.0,6.0,2.0,1.0,16,241.94,16.319375,1.0,1.0,31.293634496919918,1.0,1.0,1.0,0.0,0.0,0.0,0.0,16.0,0.0,0.0,0.0,0.0,36.0,63.0,0.0,614.0,4591.0,21.0,16.0,,4
00-0026158,2016,veteran,QB,9.19489124551521,35.58542771144592,327.2041377318884,2297.389574710733,13.822023998024118,8.578147800703958,16.25452066855946,40.11192561689077,0.6516064925470687,1.7128006465382581,7.021272990726107,0.042242815429644434,0.28038123045518715,0.11964209114066734,0.034426744452840365,0.000633149087359925,3.845680473240496e-05,1.3703822331716279e-11,4.867671434776116,134.52261360301287,139.390285037789,veteran,Joe Flacco,QB,16.0,247.98,0.0,0.0,0.0,0.0,21.0,58.0,2.0,672.0,436.0,4317.0,20.0,15.0,33.0,3.0,0.0,0.0,5.5,5.5,0.0,0.0,0.0,0.0,0.0,0.0,4.0,1.0,0.0,16,169.94,16.181968503937007,0.8375984251968505,0.625,31.6249144421629,0.7937500000000001,1.0,1.0,0.0,0.375,0.0,6.0,10.0,0.0,0.0,0.0,0.0,13.0,23.0,3.0,413.0,2791.0,14.0,12.0,,4
00-0026197,2016,veteran,QB,2.659618372788182,28.06700095785263,74.64751141656836,526.0398426088583,3.1804864945338447,1.8529058236072067,4.911943017613393,17.79102261475802,0.1497933296480639,0.5125283846662202,7.046984321731874,0.042606731747361654,0.16750078558433526,0.058437292669365475,0.012755130681962363,0.001335691372019153,9.344944103744798e-05,1.3703773830500299e-11,0.7503923116355967,31.710533505307044,32.46092581694264,veteran,Chad Henne,QB,1.0,-0.2,0.0,0.0,0.0,0.0,1.0,-2.0,0.0,0.0,0.0,0.0,0.0,0.0,0.0,0.0,0.0,0.0,0.0,0.0,0.0,0.0,0.0,0.0,0.0,0.0,0.0,0.0,0.0,16,0.0,10.7,0.7232142857142858,0.0,31.16769336071184,0.196875,0.0,0.9375,0.0,1.0,0.0,16.0,0.0,0.0,0.0,0.0,0.0,0.0,0.0,0.0,0.0,0.0,0.0,0.0,,4
00-0026498,2016,veteran,QB,13.60152738436585,37.27986768213856,507.0631411641431,3631.153738949181,23.4431960107578,12.001875101490526,35.67900046126251,102.87661252032576,1.1269887837574628,2.6015757040746337,7.161147092278451,0.04623328754863869,0.3197076281518357,0.14510629002062878,0.045392312843880726,0.0016692478670984978,0.0001218391638542512,1.3703759338739182e-11,8.569012516742207,226.86162594444545,235.43063846118767,veteran,Matthew Stafford,QB,16.0,285.28,0.0,0.0,0.0,0.0,37.0,207.0,2.0,594.0,388.0,4327.0,24.0,10.0,37.0,2.0,0.0,0.0,5.5,5.5,0.0,0.0,0.0,0.0,0.0,0.0,4.0,1.0,0.0,16,296.78000000000003,17.782062500000002,1.0,1.0,28.566735112936346,1.0,1.0,1.0,0.0,0.0,0.0,0.0,16.0,1.0,1.0,-6.0,0.0,44.0,159.0,1.0,592.0,4262.0,32.0,13.0,,4
00-0026625,2016,veteran,QB,9.427111132239297,31.106562122510265,293.24501807080975,2106.1630474419367,12.959923674966452,7.126011502097714,15.087835081417337,38.766468367361064,0.4303202995806301,1.7870904302351807,7.182263696406131,0.04419486394083266,0.2211520168400357,0.0854069413107523,0.021460070134672018,0.00057347474321572,3.418652031424347e-05,1.3703828761224638e-11,3.703038293385472,124.71858136709739,128.42161966048286,veteran,Brian Hoyer,QB,6.0,85.1,0.0,0.0,0.0,0.0,7.0,-2.0,0.0,200.0,134.0,1445.0,6.0,0.0,4.0,1.0,0.0,0.0,5.5,5.5,0.0,0.0,0.0,0.0,0.0,0.0,4.0,1.0,0.0,16,167.64,13.678878504672898,0.7400700934579441,0.6875,30.836413415468858,0.66875,1.0,0.875,0.125,0.1875,2.0,5.0,11.0,0.0,0.0,0.0,0.0,15.0,44.0,0.0,369.0,2606.0,19.0,7.0,,4
00-0026898,2016,veteran,QB,2.5584716668314096,29.906390475924756,76.51465268985021,552.7584590604238,3.463742557552289,2.1580781269140226,6.233337029104307,18.531541282390542,0.1911566809964158,0.5156230976773295,7.224217056842866,0.04526900973585364,0.20525571786246558,0.07702458684337211,0.018606234775243907,0.0015425647150988406,0.0001109155524421717,1.3703764470132838e-11,0.9203180918717108,33.61800035766095,34.53831844953266,veteran,Mark Sanchez,QB,2.0,-0.4800000000000001,0.0,0.0,0.0,0.0,4.0,-2.0,0.0,18.0,10.0,93.0,0.0,2.0,3.0,0.0,0.0,0.0,0.0,0.0,0.0,0.0,0.0,0.0,0.0,0.0,0.0,0.0,0.0,16,32.839999999999996,14.146666666666667,0.42025862068965514,0.1875,29.806981519507186,0.271875,1.0,0.5625,0.0,0.8125,0.0,13.0,3.0,0.0,0.0,0.0,0.0,6.0,22.0,0.0,91.0,616.0,4.0,4.0,,4
00-0027659,2016,veteran,QB,2.35603610180841,23.79417963626579,56.0599462359567,390.3721758787449,2.33924806538979,1.445043276747574,4.618725755714528,15.586792237557301,0.13937593481012847,0.4460613124866232,6.96347752878081,0.041727618780508256,0.10873705139233938,0.03315406835352495,0.0059559868377186435,0.001309346531064429,9.1260528452998e-05,1.3703775125282822e-11,0.40482911906285907,23.584604950857063,23.989434069919923,veteran,,,0.0,0.0,0.0,0.0,0.0,0.0,0.0,0.0,0.0,0.0,0.0,0.0,0.0,0.0,0.0,0.0,0.0,0.0,0.0,0.0,0.0,0.0,0.0,0.0,0.0,0.0,0.0,0.0,0.0,16,33.160000000000004,6.76,0.25,0.25,27.94524298425736,0.21250000000000002,1.0,0.25,0.0,0.75,0.0,12.0,4.0,0.0,0.0,0.0,0.0,11.0,36.0,0.0,125.0,739.0,2.0,4.0,,4
00-0027688,2016,veteran,QB,1.0829346129816584,17.055795198890973,18.47031097280542,134.80686433898404,0.8298244935787142,0.45276858137125253,1.9705675683740336,5.616927270808588,0.06271540785490212,0.20889265746862698,7.298570367194444,0.044927478200042115,0.051641987980874306,0.013001950208855044,0.0017325011902190003,0.0008514534181255771,5.469736947892789e-05,1.3703803088507781e-11,0.0818085790751436,8.326235244404732,8.408043823479876,veteran,,,0.0,0.0,0.0,0.0,0.0,0.0,0.0,0.0,0.0,0.0,0.0,0.0,0.0,0.0,0.0,0.0,0.0,0.0,0.0,0.0,0.0,0.0,0.0,0.0,0.0,0.0,0.0,0.0,0.0,16,8.82,8.017377049180329,0.22643442622950818,0.125,29.99041752224504,0.190625,1.0,0.3125,0.0,0.875,0.0,14.0,2.0,0.0,0.0,0.0,0.0,3.0,-3.0,0.0,11.0,128.0,1.0,0.0,,4
00-0027854,2016,veteran,QB,10.729342497711569,34.496279627291855,370.1223990180443,2620.2691845715503,15.741166795449953,9.220458290961469,20.649257955200024,41.21071133624878,0.5882500088520904,2.109092301135789,7.079466661632133,0.04252962489493249,0.26753465225243994,0.11180540003867342,0.0312766698416962,0.0005122074875017362,2.988921719091022e-05,1.3703836099074367e-11,5.347001452353981,152.76690456720473,158.11390601955873,veteran,Sam Bradford,QB,15.0,224.88,1.0,1.0,5.0,0.0,20.0,53.0,0.0,552.0,395.0,3877.0,20.0,5.0,37.0,5.0,0.0,0.0,3.5,3.5,0.0,0.0,0.0,0.0,0.0,0.0,2.0,1.0,0.0,16,202.9,14.829371428571429,0.8224999999999999,0.875,28.815879534565365,0.5468750000000001,1.0,0.875,0.0625,0.0625,1.0,2.0,14.0,0.0,0.0,0.0,0.0,26.0,39.0,0.0,532.0,3725.0,19.0,14.0,,4
00-0027939,2016,veteran,QB,13.435546710069818,33.77722408957277,453.81547199195046,3298.067587987935,23.23975580300186,10.901385460266704,83.88012102507759,395.4958144009618,3.7534579432705915,2.725460398782287,7.267419890978143,0.05120970358501588,0.27039284848263384,0.11352887736666284,0.031960302807507,0.022649765038309674,0.002763511306048536,1.370358868960274e-11,7.139673734902988,259.69836411314657,266.83803784804957,veteran,Cam Newton,QB,15.0,258.76,0.0,0.0,0.0,0.0,90.0,359.0,5.0,510.0,270.0,3509.0,19.0,14.0,36.0,2.0,0.0,0.0,4.5,4.5,0.0,0.0,0.0,0.0,0.0,0.0,3.0,1.0,0.0,16,393.08,21.836818181818185,0.965909090909091,1.0,27.310061601642712,0.9625,1.0,1.0,0.0,0.0,0.0,0.0,16.0,0.0,0.0,0.0,0.0,132.0,636.0,10.0,495.0,3837.0,35.0,10.0,,4
00-0027946,2016,veteran,QB,1.754065082066424,22.899863543281093,40.16785102535526,286.257179799381,1.7859209495118271,1.0764796156298635,5.597124378728806,30.229104878740007,0.18455726415888923,0.34058456850995655,7.1265246333115035,0.04446145123333821,0.10465611718987755,0.031564237199704845,0.0055789648458528865,0.00794750328013173,0.0007836358951980241,1.3703657638101088e-11,0.30219622570147836,19.890096694570246,20.192292920271726,veteran,,,0.0,0.0,0.0,0.0,0.0,0.0,0.0,0.0,0.0,0.0,0.0,0.0,0.0,0.0,0.0,0.0,0.0,0.0,0.0,0.0,0.0,0.0,0.0,0.0,0.0,0.0,0.0,0.0,0.0,16,0.0,10.884761904761906,0.43749999999999994,0.0,28.213552361396303,0.19687500000000002,0.0,0.4375,0.0,1.0,0.0,16.0,0.0,0.0,0.0,0.0,0.0,0.0,0.0,0.0,0.0,0.0,0.0,0.0,,4
00-0027948,2016,veteran,QB,5.51227611640215,31.111739391840036,171.49649798936778,1224.1589624731903,7.335425709123055,4.453576396050831,19.50106381053512,98.31166538846246,0.6044597725821257,1.0552053589321584,7.138098893127743,0.0427730349897747,0.21824230367615574,0.08384763476712014,0.020919368633983283,0.008495774191247309,0.0008487906453779835,1.3703653272016146e-11,2.180774688060054,80.74842299979287,82.92919768785292,veteran,Blaine Gabbert,QB,6.0,73.2,1.0,1.0,-16.0,0.0,40.0,173.0,2.0,160.0,91.0,925.0,5.0,6.0,11.0,0.0,0.0,0.0,0.0,0.0,0.0,0.0,0.0,0.0,0.0,0.0,0.0,0.0,0.0,16,133.24,14.942524271844661,0.44720873786407767,0.5,26.88021902806297,0.321875,1.0,0.5,0.0,0.5,0.0,8.0,8.0,0.0,0.0,0.0,0.0,32.0,185.0,1.0,282.0,2031.0,10.0,7.0,,4
00-0027950,2016,veteran,QB,1.4661248853658293,23.82449130795237,34.92967958777087,248.0391231988963,1.5078600083248028,0.925820147549286,4.109264515716101,16.430809924220803,0.14588853915961142,0.2902236428704515,7.101099297965979,0.043168446608159425,0.11457419849888552,0.03546610230991143,0.006515887353065608,0.0034745556569835408,0.0002917383021417275,1.3703711636024118e-11,0.27081861534408913,16.039329607795338,16.31014822313943,veteran,,,0.0,0.0,0.0,0.0,0.0,0.0,0.0,0.0,0.0,0.0,0.0,0.0,0.0,0.0,0.0,0.0,0.0,0.0,0.0,0.0,0.0,0.0,0.0,0.0,0.0,0.0,0.0,0.0,0.0,16,0.0,10.152307692307692,0.42788461538461536,0.0,28.517453798767967,0.12187499999999998,0.0,0.5625,0.0,1.0,0.0,16.0,0.0,0.0,0.0,0.0,0.0,0.0,0.0,0.0,0.0,0.0,0.0,0.0,,4
00-0027973,2016,veteran,QB,12.07546025492745,31.9230539236604,385.48556887106696,2848.4831136172666,18.989477878861347,9.927392257764197,37.89947626068561,98.88602894907822,1.3914547332033753,2.295612233447359,7.389337873164316,0.04926119007379169,0.24875070361195864,0.10076114988159605,0.02701918082859008,0.0019313897734239995,0.00014494176634281253,1.3703749853446303e-11,5.507370992822961,183.688558371841,189.19592936466395,veteran,Andy Dalton,QB,16.0,267.64,0.0,0.0,0.0,0.0,46.0,184.0,4.0,563.0,364.0,4206.0,18.0,8.0,41.0,3.0,0.0,0.0,7.0,7.0,0.0,0.0,0.0,0.0,0.0,0.0,4.0,2.0,0.0,16,249.70000000000002,17.433728222996518,0.9065766550522648,0.8125,28.843258042436688,0.896875,1.0,1.0,0.1875,0.0,3.0,3.0,13.0,0.0,0.0,0.0,0.0,57.0,142.0,3.0,386.0,3250.0,25.0,7.0,,4
00-0027974,2016,veteran,QB,8.637969122037376,29.035496202765863,250.807719642525,1780.5409731047482,10.464477854513888,5.786713091855575,42.66569687543286,235.09059007191004,1.1842962698747048,1.7116657852717025,7.099227151550775,0.041723109118925274,0.1844223858520003,0.06653994923441216,0.015222864351676312,0.019421744824765108,0.0022940928667429094,1.3703598883872508e-11,2.9156680664908783,128.69762921443015,131.61329728092102,veteran,Colin Kaepernick,QB,11.0,203.94,0.0,0.0,0.0,0.0,69.0,468.0,2.0,331.0,196.0,2241.0,16.0,4.0,36.0,3.0,0.0,1.0,2.5,3.5,0.0,0.0,0.0,1.0,0.0,0.0,1.0,1.0,0.0,16,112.2,14.685185185185183,0.8217592592592592,0.5625,28.829568788501028,0.759375,1.0,1.0,0.0,0.4375,0.0,7.0,9.0,0.0,0.0,0.0,0.0,45.0,256.0,1.0,244.0,1615.0,6.0,5.0,,4
00-0028012,2016,veteran,QB,4.632924162773346,28.939388900260433,134.07399409191132,909.8561419187332,5.322284213509698,3.3398747884857607,5.579112410918976,15.264681622821037,0.18881767145881742,0.8658956843391914,6.786223891375999,0.03969661864374033,0.1647226320985573,0.057142188134058684,0.012372965269191225,0.0003996911422637496,2.2256077641129774e-05,1.3703852206680446e-11,1.2769030230640708,51.93121577617322,53.20811879923729,veteran,Ryan Mallett,QB,4.0,-1.56,0.0,0.0,0.0,0.0,5.0,-6.0,0.0,6.0,3.0,26.0,0.0,1.0,0.0,0.0,0.0,0.0,0.0,0.0,0.0,0.0,0.0,0.0,0.0,0.0,0.0,0.0,0.0,16,70.94,9.464631578947369,0.39013157894736844,0.4375,28.240930869267626,0.296875,1.0,0.4375,0.0,0.5625,0.0,9.0,7.0,0.0,0.0,0.0,0.0,5.0,15.0,1.0,244.0,1336.0,5.0,6.0,,4
00-0028090,2016,veteran,QB,2.0438962166872177,15.24528608847828,31.15978255855503,222.42113457964334,1.4185439575741665,0.7956717125681744,2.2110570889363856,4.92015080197086,0.06819173778777968,0.4002181342273728,7.1380836551626325,0.04552483493453327,0.03594719404584726,0.00833694937806292,0.0009691391582167347,0.0002473715340379324,1.2582044225977732e-05,1.3703883360823277e-11,0.10353793895491958,13.080407026815069,13.183944965769989,veteran,,,0.0,0.0,0.0,0.0,0.0,0.0,0.0,0.0,0.0,0.0,0.0,0.0,0.0,0.0,0.0,0.0,0.0,0.0,0.0,0.0,0.0,0.0,0.0,0.0,0.0,0.0,0.0,0.0,0.0,16,22.799999999999997,4.566428571428571,0.21651785714285718,0.25,29.26488706365503,0.175,1.0,0.25,0.0,0.75,0.0,12.0,4.0,0.0,0.0,0.0,0.0,6.0,0.0,0.0,57.0,370.0,3.0,1.0,,4
00-0028118,2016,veteran,QB,10.72806671439787,27.54917402486594,295.5493768653187,2178.996185499297,13.999845164721055,6.585277571169025,63.10940561921533,317.94538500067114,2.042576151761049,1.991841365519996,7.372697613543816,0.0473688874367032,0.17823343592470198,0.06353369665092652,0.01429201629742089,0.022952690516916396,0.002808396134674853,1.3703587807114222e-11,3.5325731914800373,170.05498561611142,173.58755880759145,veteran,Tyrod Taylor,QB,15.0,271.92,0.0,0.0,0.0,0.0,95.0,580.0,6.0,436.0,269.0,3023.0,17.0,6.0,42.0,2.0,0.0,0.0,1.0,1.0,0.0,0.0,0.0,0.0,0.0,0.0,1.0,0.0,0.0,16,271.09999999999997,17.733964497041416,0.8095414201183431,0.875,27.080082135523615,0.5281250000000001,1.0,0.875,0.0625,0.0625,1.0,2.0,14.0,1.0,1.0,4.0,0.0,104.0,568.0,4.0,380.0,3035.0,20.0,6.0,,4
00-0028957,2016,veteran,QB,2.700384109253233,27.834403365815373,75.16358053959253,529.6995859446835,3.1674917492876036,1.994160373547026,5.093633711511712,17.329208871959636,0.15211245865872497,0.5584858773499897,7.0472904848600635,0.042141310014084846,0.16426338949748637,0.05692905419318113,0.012310402725252577,0.0012397141687884572,8.551577717807023e-05,1.3703778676987825e-11,0.7443494411578663,31.398253572292038,32.14260301344991,veteran,,,0.0,0.0,0.0,0.0,0.0,0.0,0.0,0.0,0.0,0.0,0.0,0.0,0.0,0.0,0.0,0.0,0.0,0.0,0.0,0.0,0.0,0.0,0.0,0.0,0.0,0.0,0.0,0.0,0.0,16,19.18,10.089885057471264,0.42025862068965514,0.1875,27.249828884325805,0.271875,1.0,0.5625,0.0,0.8125,0.0,13.0,3.0,0.0,0.0,0.0,0.0,7.0,33.0,0.0,94.0,547.0,1.0,3.0,,4
00-0028986,2016,veteran,QB,3.3714321463443366,25.819875485583687,87.04995822670493,613.2858035939964,3.7092679004680726,1.99080024721603,6.411084258786388,15.90477397612547,0.1933413324248652,0.6862260955999451,7.045216518046006,0.04261079472098074,0.1370544989925901,0.04478350672217275,0.008904175368999054,0.0007230987676715315,4.503756143764226e-05,1.370381370315946e-11,0.7512520612862873,36.76497645216194,37.516228513448226,veteran,Case Keenum,QB,10.0,112.14,0.0,0.0,0.0,0.0,20.0,51.0,1.0,322.0,196.0,2201.0,9.0,11.0,23.0,1.0,0.0,0.0,1.0,1.0,0.0,0.0,0.0,0.0,0.0,0.0,1.0,0.0,0.0,16,43.620000000000005,10.28043956043956,0.3372252747252747,0.3125,28.539356605065024,0.284375,1.0,0.5,0.0,0.6875,0.0,11.0,5.0,0.0,0.0,0.0,0.0,12.0,5.0,0.0,125.0,828.0,4.0,1.0,,4
00-0029234,2016,veteran,QB,1.3298243095437816,29.07432588758371,38.66374534890691,278.4607075952963,1.728290626183864,1.1152230529953835,1.1203155164311034,3.3918663906289415,0.035070274483826096,0.2633693883015328,7.2021141532572415,0.0447005485523333,0.19120331218580203,0.06989059848251769,0.016281181172855427,0.0002694328257569872,1.3926784929471022e-05,1.3703877814203841e-11,0.437368437563049,15.844014211919324,16.281382649482374,veteran,,,0.0,0.0,0.0,0.0,0.0,0.0,0.0,0.0,0.0,0.0,0.0,0.0,0.0,0.0,0.0,0.0,0.0,0.0,0.0,0.0,0.0,0.0,0.0,0.0,0.0,0.0,0.0,0.0,0.0,16,37.56,12.520000000000001,0.1875,0.1875,27.140314852840522,0.10312500000000001,1.0,0.1875,0.0,0.8125,0.0,13.0,3.0,0.0,0.0,0.0,0.0,2.0,-1.0,0.0,104.0,779.0,4.0,6.0,,4
00-0029263,2016,veteran,QB,13.649009375320228,31.83194816667754,434.4745589616893,3275.4701510897003,22.719176949548437,9.206901334936672,78.58472733494447,444.5500456405958,2.169196626952336,2.5876247311759646,7.538922782768787,0.052291156020372986,0.25794499872387955,0.10610610467376706,0.029052899176424812,0.027611047320543477,0.003515453650568883,1.3703575502878992e-11,6.934982252451408,255.7766460353301,262.7116282877815,veteran,Russell Wilson,QB,16.0,273.56,2.0,2.0,14.0,1.0,72.0,259.0,1.0,546.0,353.0,4219.0,21.0,11.0,41.0,2.0,0.0,0.0,4.5,4.5,0.0,0.0,0.0,0.0,0.0,0.0,3.0,1.0,0.0,16,337.26,20.4,1.0,1.0,27.756331279945243,1.0,1.0,1.0,0.0,0.0,0.0,0.0,16.0,0.0,0.0,0.0,0.0,103.0,553.0,1.0,483.0,4024.0,34.0,8.0,,4
00-0029531,2016,veteran,QB,0.10157769673774339,22.14330676389641,2.2492660992338913,15.963109670577827,0.10062085396060183,0.05799997970475467,0.07513439570685107,0.2869320126182036,0.002368624893973165,0.01960186159976922,7.097030305135939,0.04473497110674174,0.09508394448940082,0.027921886073521956,0.004740675003261866,0.0003143362663762976,1.6727304832773008e-05,1.3703867805658536e-11,0.014910341325852876,0.928709070682132,0.9436194120079849,veteran,,,0.0,0.0,0.0,0.0,0.0,0.0,0.0,0.0,0.0,0.0,0.0,0.0,0.0,0.0,0.0,0.0,0.0,0.0,0.0,0.0,0.0,0.0,0.0,0.0,0.0,0.0,0.0,0.0,0.0,16,6.32,7.255172413793104,0.14008620689655174,0.0625,27.195071868583163,0.090625,1.0,0.1875,0.0,0.9375,0.0,15.0,1.0,0.0,0.0,0.0,0.0,0.0,0.0,0.0,10.0,58.0,1.0,0.0,,4
00-0029567,2016,veteran,QB,8.816382419500679,30.43686927453832,268.34307917668,1885.6912724401122,11.259423537506022,6.8936816812051545,18.69944395951623,53.85485786566938,0.6126519371787998,1.7468764089268105,7.027165665034918,0.04195906066238695,0.20064847900041463,0.07465723772580846,0.01782397737735547,0.001135215892089184,7.701044094752086e-05,1.370378439965884e-11,3.081616789532367,112.24562627700439,115.32724306653675,veteran,Nick Foles,QB,2.0,28.0,0.0,0.0,0.0,0.0,4.0,-4.0,0.0,55.0,36.0,410.0,3.0,0.0,4.0,0.0,0.0,0.0,0.0,0.0,0.0,0.0,0.0,0.0,0.0,0.0,0.0,0.0,0.0,16,96.08,12.615480769230771,0.6676682692307693,0.6875,27.613963039014372,0.65,1.0,0.8125,0.0,0.3125,0.0,5.0,11.0,0.0,0.0,0.0,0.0,17.0,20.0,1.0,337.0,2052.0,7.0,10.0,,4
00-0029604,2016,veteran,QB,12.192490932260341,32.83693526509109,400.364035462843,2937.028642532657,19.021151595129954,10.06924696761788,21.316801481081466,49.52901328092364,0.9241879676822645,2.422412967541414,7.335895291237359,0.04750964100244531,0.259999159160977,0.10731618134681763,0.02952029941419418,0.00056191962305076,3.336907157744385e-05,1.3703830083235835e-11,5.860028186646503,179.08046134569344,184.94048953233994,veteran,Kirk Cousins,QB,16.0,317.28,0.0,0.0,0.0,0.0,34.0,96.0,4.0,606.0,406.0,4917.0,25.0,12.0,23.0,3.0,0.0,0.0,17.0,17.0,0.0,0.0,0.0,0.0,0.0,0.0,7.0,4.0,2.0,16,301.94,17.629603524229072,0.8554515418502203,1.0,28.035592060232716,0.7093750000000001,1.0,1.0,0.0,0.0,0.0,0.0,16.0,0.0,0.0,0.0,0.0,26.0,48.0,5.0,543.0,4166.0,29.0,11.0,,4
00-0029665,2016,veteran,QB,2.993948856036051,27.771776849104988,83.14727952746637,600.4772269045453,3.454621379065117,2.115066032915372,13.631985587904229,64.84691722535815,0.3928510045463139,0.6116684286016252,7.221850556231216,0.041548219000044836,0.173066341843088,0.06106161471123628,0.013540001280644086,0.012414157515753326,0.00133773621984347,1.3703628396758823e-11,0.9166259696505239,41.225903419221986,42.14252938887251,veteran,Robert Griffin III,QB,5.0,66.44,0.0,0.0,0.0,0.0,31.0,190.0,2.0,147.0,87.0,886.0,2.0,3.0,22.0,1.0,0.0,0.0,0.0,0.0,0.0,0.0,0.0,0.0,0.0,0.0,0.0,0.0,0.0,16,0.0,12.669032258064519,0.6673387096774193,0.0,26.55167693360712,0.29062499999999997,0.0,0.8125,0.0,1.0,0.0,16.0,0.0,0.0,0.0,0.0,0.0,0.0,0.0,0.0,0.0,0.0,0.0,0.0,,4
00-0029668,2016,veteran,QB,9.025861648968446,37.03777619350454,334.2978437080292,2375.7528231606484,16.457518389138645,9.006151255568644,35.258547167498016,172.85441582581484,1.098935908844877,1.8061028966881407,7.106695026234139,0.049230106322529554,0.31106266241289265,0.13931436235797873,0.042800618652520286,0.00976012331438915,0.0010022902278096952,1.3703644183859795e-11,5.568045042882826,163.1147352141177,168.68278025700053,veteran,Andrew Luck,QB,15.0,315.7,0.0,0.0,0.0,0.0,64.0,341.0,2.0,545.0,346.0,4240.0,31.0,13.0,41.0,5.0,0.0,0.0,8.0,8.0,0.0,0.0,0.0,0.0,0.0,0.0,5.0,2.0,0.0,16,132.84,20.805067873303166,0.8040158371040724,0.4375,26.97056810403833,0.690625,1.0,1.0,0.4375,0.125,7.0,9.0,7.0,0.0,0.0,0.0,0.0,33.0,196.0,0.0,293.0,1881.0,15.0,12.0,,4
00-0029677,2016,veteran,QB,4.080024477467432,21.321335226939564,86.99156961820204,622.9404406015814,3.8279895146620277,2.142311487162469,5.7576332832550206,16.288733136647288,0.18575675294411126,0.7885570136733311,7.160928850181799,0.04400414352175412,0.08830153542647487,0.025415686444220844,0.004185391779711361,0.0005459520772398342,3.2244716453656756e-05,1.3703831955491968e-11,0.5523951987611756,37.11125251236916,37.66364771113034,veteran,,,0.0,0.0,0.0,0.0,0.0,0.0,0.0,0.0,0.0,0.0,0.0,0.0,0.0,0.0,0.0,0.0,0.0,0.0,0.0,0.0,0.0,0.0,0.0,0.0,0.0,0.0,0.0,0.0,0.0,16,66.42,9.887368421052631,0.375,0.375,32.884325804243666,0.35625,1.0,0.5,0.0,0.625,0.0,10.0,6.0,0.0,0.0,0.0,0.0,16.0,47.0,1.0,140.0,1043.0,5.0,2.0,,4
00-0029682,2016,veteran,QB,5.6788905311728195,27.09344325773319,153.86069837320906,1099.8705037525406,6.678072683546263,3.681711993504036,13.099298890912879,34.2374769650299,0.41764028551773835,1.079442715975246,7.1484824609638915,0.04340336911345438,0.1593858993070919,0.05468209608753853,0.011656558027041856,0.0011090506102948252,7.490355529998142e-05,1.3703785914972922e-11,1.5102643957349406,67.11439087493753,68.62465527067246,veteran,Brock Osweiler,QB,15.0,168.48000000000002,1.0,1.0,-14.0,0.0,30.0,131.0,2.0,510.0,301.0,2957.0,15.0,16.0,27.0,1.0,0.0,0.0,0.0,0.0,0.0,0.0,0.0,0.0,0.0,0.0,0.0,0.0,0.0,16,117.78,11.390338983050848,0.43008474576271183,0.5,25.776865160848732,0.36875,1.0,0.5,0.0,0.5,0.0,8.0,8.0,0.0,0.0,0.0,0.0,21.0,61.0,1.0,275.0,1967.0,10.0,6.0,,4
00-0029701,2016,veteran,QB,13.62828218434538,35.74643538391199,487.162508496421,3450.950873547218,21.3618518022482,11.31038216684067,36.91690051957833,175.63108398887158,1.0998229651329536,2.65268894989677,7.083777617038383,0.043849539793567954,0.28808142973300677,0.12445150975082614,0.03641256404196054,0.004534731380344444,0.0004008032749266165,1.3703694281439675e-11,7.532620841289678,219.7213461070915,227.2539669483812,veteran,Ryan Tannehill,QB,13.0,193.7,0.0,0.0,0.0,0.0,39.0,164.0,1.0,389.0,261.0,2995.0,19.0,12.0,29.0,3.0,0.0,0.0,3.5,3.5,0.0,0.0,0.0,0.0,0.0,0.0,2.0,1.0,0.0,16,268.32,16.8015,1.0,1.0,28.098562628336754,1.0,1.0,1.0,0.0,0.0,0.0,0.0,16.0,1.0,1.0,9.0,0.0,32.0,141.0,1.0,586.0,4208.0,24.0,12.0,,4
00-0030419,2016,veteran,QB,1.2398226141935969,22.044204930536818,27.330903784797535,193.74399153674293,1.2480144502440211,0.7380761641430262,1.559697700125491,5.099670541171,0.04846890023672416,0.2454342859611334,7.088824909058094,0.04566312406171556,0.09372233985727432,0.027413748929448027,0.004626636751653978,0.0005737057790994648,3.4202896647043996e-05,1.3703828735064354e-11,0.17942867466864154,11.575577017774929,11.755005692443572,veteran,Matt McGloin,QB,3.0,1.6999999999999997,0.0,0.0,0.0,0.0,3.0,-3.0,0.0,15.0,8.0,50.0,0.0,0.0,0.0,0.0,0.0,0.0,0.0,0.0,0.0,0.0,0.0,0.0,0.0,0.0,0.0,0.0,0.0,16,9.68,7.65265306122449,0.2512755102040817,0.125,26.748802190280628,0.153125,1.0,0.4375,0.0,0.875,0.0,14.0,2.0,0.0,0.0,0.0,0.0,0.0,0.0,0.0,32.0,142.0,2.0,1.0,,4
00-0030520,2016,veteran,QB,2.5689553410517845,29.846501726355147,76.67433002163136,541.5835952053749,3.5130017592579343,1.9219899339567534,5.172294689604502,16.369860081367523,0.1559844322224419,0.4996449625629051,7.06342781283623,0.045817182338167756,0.19417997433111056,0.07138028486527107,0.01675867477924706,0.001224147630865584,8.423980387855806e-05,1.3703779498210693e-11,0.8634727955311633,33.44497365367882,34.30844644920999,veteran,Mike Glennon,QB,1.0,9.0,0.0,0.0,0.0,0.0,0.0,0.0,0.0,11.0,10.0,75.0,1.0,0.0,0.0,0.0,0.0,0.0,0.0,0.0,0.0,0.0,0.0,0.0,0.0,0.0,0.0,0.0,0.0,16,0.0,13.647199999999998,0.6024999999999999,0.0,26.72142368240931,0.234375,0.0,0.8125,0.0,1.0,0.0,16.0,0.0,0.0,0.0,0.0,0.0,0.0,0.0,0.0,0.0,0.0,0.0,0.0,,4
00-0030524,2016,veteran,QB,4.903674795740047,11.853526150026127,58.125837422528676,424.1069251571094,2.6769551348216405,1.6392719146138344,4.634656372342155,9.685286138641487,0.14357082213860398,0.9504429737094348,7.296358107913162,0.0460544785851824,0.019171168732655987,0.003892954550650369,0.0003595765970099334,0.00018675265256661578,9.008318637963748e-06,1.3703901611633452e-11,0.12715238018488753,24.32262131562017,24.44977369580506,veteran,Landry Jones,QB,7.0,33.92,0.0,0.0,0.0,0.0,6.0,-4.0,0.0,86.0,53.0,558.0,4.0,2.0,4.0,0.0,0.0,0.0,0.0,0.0,0.0,0.0,0.0,0.0,0.0,0.0,0.0,0.0,0.0,16,22.02,3.1457142857142855,0.4375,0.4375,27.411362080766597,0.24062500000000003,1.0,0.4375,0.0625,0.5,1.0,9.0,7.0,0.0,0.0,0.0,0.0,5.0,-5.0,0.0,55.0,513.0,3.0,4.0,,4
00-0030526,2016,veteran,QB,3.1679948058575063,26.306534691398582,83.338965262461,586.4741595356796,3.6286900124365125,2.1676975222549113,11.000003288591222,37.9721370510554,0.3703276176926387,0.621485582851649,7.037214317320659,0.04354133748851584,0.1430205051931964,0.04736546874320522,0.009601508128062469,0.003948260732517047,0.00033976559170996744,1.3703703309101404e-11,0.7531262447968152,38.41453963222149,39.16766587701831,veteran,EJ Manuel,QB,5.0,7.44,0.0,0.0,0.0,0.0,8.0,22.0,0.0,26.0,11.0,131.0,0.0,0.0,3.0,1.0,0.0,0.0,0.0,0.0,0.0,0.0,0.0,0.0,0.0,0.0,0.0,0.0,0.0,16,38.84,12.040816326530612,0.3647959183673469,0.25,26.455852156057496,0.30625,1.0,0.625,0.0,0.75,0.0,12.0,4.0,0.0,0.0,0.0,0.0,17.0,64.0,1.0,84.0,561.0,3.0,3.0,,4
00-0030565,2016,veteran,QB,4.364490517376857,28.087339436865033,122.58692663054246,866.8088425181431,5.176167745911588,3.537103625673603,17.001319616135437,77.24880098674095,0.5534492359463622,0.8585555009772752,7.070972952365201,0.042224467879121694,0.16913201598243052,0.05920234481081541,0.012982496469754525,0.008370468558530821,0.0008338217066632379,1.3703654244714984e-11,1.2810727953755114,57.631281945422586,58.9123547407981,veteran,Geno Smith,QB,2.0,7.9399999999999995,0.0,0.0,0.0,0.0,2.0,9.0,0.0,14.0,8.0,126.0,1.0,1.0,3.0,0.0,0.0,0.0,0.0,0.0,0.0,0.0,0.0,0.0,0.0,0.0,0.0,0.0,0.0,16,20.0,12.108531468531469,0.8544580419580419,0.0625,25.894592744695416,0.446875,1.0,1.0,0.125,0.8125,2.0,15.0,1.0,0.0,0.0,0.0,0.0,2.0,34.0,0.0,42.0,265.0,2.0,1.0,,4
00-0031237,2016,veteran,QB,13.101842910335755,31.37405740429962,411.05797157099,2952.9463499171234,16.57827584061126,9.951205796441318,43.59925329164808,180.31053674214084,1.5139378741681149,2.469198301839496,7.183771035096317,0.04033074891420316,0.22545492142254892,0.08773348972913107,0.022275082109879434,0.005143967244875988,0.0004658834696483359,1.3703686059231171e-11,5.338321166875361,186.7048300817911,192.04315124866648,veteran,,,0.0,0.0,0.0,0.0,0.0,0.0,0.0,0.0,0.0,0.0,0.0,0.0,0.0,0.0,0.0,0.0,0.0,0.0,0.0,0.0,0.0,0.0,0.0,0.0,0.0,0.0,0.0,0.0,0.0,16,202.44,13.081889763779527,0.9424212598425196,1.0,23.808350444900753,0.7937500000000001,1.0,1.0,0.0,0.0,0.0,0.0,16.0,0.0,0.0,0.0,0.0,44.0,192.0,3.0,447.0,3231.0,14.0,9.0,,4
00-0031266,2016,veteran,QB,5.262012435223894,24.826406099971607,130.63685761996894,916.8297051032393,5.528624810646421,3.7689080570477036,7.899824221437799,16.54532520392464,0.264228096716143,1.0567625371608813,7.018154920492318,0.0423205587716259,0.12328480913489887,0.038998878787855996,0.007397120418020254,0.0003712048431995301,2.038335348950944e-05,1.3703857007904676e-11,1.0365067265376668,52.376247358987406,53.41275408552507,veteran,,,0.0,0.0,0.0,0.0,0.0,0.0,0.0,0.0,0.0,0.0,0.0,0.0,0.0,0.0,0.0,0.0,0.0,0.0,0.0,0.0,0.0,0.0,0.0,0.0,0.0,0.0,0.0,0.0,0.0,16,42.2,7.525042016806722,0.4375,0.4375,25.130732375085557,0.37187500000000007,1.0,0.4375,0.0,0.5625,0.0,9.0,7.0,0.0,0.0,0.0,0.0,9.0,8.0,1.0,166.0,935.0,4.0,7.0,,4
00-0031280,2016,veteran,QB,13.344649813726974,35.485380196250034,473.53997222591886,3243.148400297278,22.039146485261593,11.051114557989928,32.59347518105666,119.93448297902442,0.8757529361816344,2.63410276505566,6.848732082853652,0.046541258981083536,0.26484571967159304,0.11019441469334329,0.030642336288547286,0.0022947314852424638,0.00017796295186899044,1.37037386408468e-11,6.59203935980067,207.76005322183855,214.35209258163923,veteran,Derek Carr,QB,15.0,275.98,0.0,0.0,0.0,0.0,39.0,70.0,0.0,560.0,357.0,3937.0,28.0,6.0,16.0,3.0,0.0,0.0,7.5,7.5,0.0,0.0,0.0,0.0,0.0,0.0,4.0,1.0,1.0,16,278.78000000000003,15.53154411764706,1.0,1.0,25.43189596167009,0.8500000000000001,1.0,1.0,0.0,0.0,0.0,0.0,16.0,0.0,0.0,0.0,0.0,33.0,138.0,0.0,573.0,3987.0,32.0,13.0,,4
00-0031288,2016,veteran,QB,4.782102176786724,19.00146923942454,90.86696741199808,651.4926342072476,4.185842124685188,2.1697949567670487,9.025702682733396,24.85911319147289,0.27110857965653706,0.9268794532288311,7.169741136548864,0.04606560826120944,0.06561631046424911,0.017499288640147645,0.002558430505230543,0.0008547636642399912,5.495036803969651e-05,1.3703802836425606e-11,0.46826006745003723,40.722287844125404,41.19054791157544,veteran,,,0.0,0.0,0.0,0.0,0.0,0.0,0.0,0.0,0.0,0.0,0.0,0.0,0.0,0.0,0.0,0.0,0.0,0.0,0.0,0.0,0.0,0.0,0.0,0.0,0.0,0.0,0.0,0.0,0.0,16,55.26,7.894285714285714,0.4375,0.4375,25.968514715947983,0.24062500000000003,1.0,0.4375,0.0,0.5625,0.0,9.0,7.0,0.0,0.0,0.0,0.0,14.0,31.0,0.0,119.0,854.0,6.0,2.0,,4
00-0031407,2016,veteran,QB,13.140706091148628,36.278906680219166,476.73044999296866,3370.3945315224028,21.994509219377274,13.321545292701046,51.15568860364059,307.042292202347,1.5097830439038882,2.6303350127484006,7.069811738629477,0.04613615350079206,0.29557376102588306,0.1292127356649095,0.03841770659143917,0.014401717375016776,0.0015993433484346137,1.3703618626267392e-11,7.661412864747436,230.65298501116436,238.3143978759118,veteran,Blake Bortles,QB,16.0,275.6,1.0,1.0,20.0,1.0,58.0,359.0,3.0,625.0,368.0,3905.0,23.0,16.0,34.0,6.0,0.0,0.0,5.0,5.0,0.0,0.0,0.0,0.0,0.0,0.0,5.0,0.0,0.0,16,325.12,17.660153846153847,0.9596153846153848,1.0,24.711841204654345,0.8125,1.0,1.0,0.0,0.0,0.0,0.0,16.0,0.0,0.0,0.0,0.0,52.0,310.0,2.0,606.0,4428.0,35.0,18.0,,4
00-0031409,2016,veteran,QB,6.89656587571188,24.54674176745913,169.28822163337017,1193.6965090000695,7.094934864409208,4.229144620100009,26.569105450338977,140.43364014924478,0.7710649624538551,1.379162318142757,7.051267344430343,0.041910386889022946,0.12127747037606107,0.03817602782021423,0.007189146149143911,0.011002451447062807,0.0011572015814204164,1.3703636325340369e-11,1.4183343466008813,83.58073973080168,84.99907407740257,veteran,,,0.0,0.0,0.0,0.0,0.0,0.0,0.0,0.0,0.0,0.0,0.0,0.0,0.0,0.0,0.0,0.0,0.0,0.0,0.0,0.0,0.0,0.0,0.0,0.0,0.0,0.0,0.0,0.0,0.0,16,98.5,9.389430894308942,0.5015243902439024,0.5625,23.737166324435318,0.384375,1.0,0.5625,0.0625,0.375,1.0,7.0,9.0,0.0,0.0,0.0,0.0,37.0,230.0,0.0,223.0,1500.0,7.0,5.0,,4
00-0031503,2016,veteran,QB,12.66145449338693,34.3548556081591,434.9824409095852,3168.5754270622215,19.073364036874406,11.331839901125063,46.036479476139135,172.73022511317618,1.987944936895452,2.406908698563526,7.284375480620462,0.04384858385775385,0.28129231792006465,0.12020673230669075,0.03465781837182586,0.0050580817744533295,0.00045661178965068224,1.3703687157743124e-11,6.794909495995774,204.75966816329964,211.5545776592954,veteran,Jameis Winston,QB,16.0,262.6,0.0,0.0,0.0,0.0,53.0,165.0,1.0,567.0,345.0,4090.0,28.0,18.0,35.0,6.0,0.0,0.0,6.5,6.5,0.0,0.0,0.0,0.0,0.0,0.0,3.0,1.0,1.0,16,278.48,17.405,1.0,1.0,22.652977412731005,0.55,1.0,1.0,0.0,0.0,0.0,0.0,16.0,0.0,0.0,0.0,0.0,54.0,213.0,6.0,535.0,4042.0,22.0,15.0,,4
00-0032268,2016,veteran,QB,10.17037672075041,32.07900257824067,326.25554104663127,2374.957557432429,15.343577159502262,8.334238576420796,37.22430645801763,238.62110661704625,1.2676473104491526,2.182200347806744,7.279439760052933,0.04702932281327668,0.24344437484996936,0.09772909586620995,0.025887951633728916,0.014518652578505825,0.0016149893801405749,1.3703618093658103e-11,4.665711768439375,166.80772761125067,171.47343937969003,veteran,Marcus Mariota,QB,15.0,260.94,1.0,0.0,0.0,0.0,60.0,349.0,2.0,451.0,276.0,3426.0,26.0,9.0,23.0,5.0,0.0,0.0,1.0,1.0,0.0,0.0,0.0,0.0,0.0,0.0,1.0,0.0,0.0,16,216.52,18.043333333333333,0.75,0.75,22.83915126625599,0.41250000000000003,1.0,0.75,0.25,0.0,4.0,4.0,12.0,1.0,1.0,41.0,1.0,34.0,252.0,2.0,370.0,2818.0,19.0,10.0,,4
00-0032893,2016,rookie,QB,4.607008064062401,24.07035124259374,110.8923022794438,760.1207212294989,4.074510873104272,3.1594724143139055,12.849513862057583,62.103213180656056,0.6150478821424716,0.9214016128124802,6.8545850848513155,0.03674295500544917,0.10758723202818841,0.03270390612843668,0.005848563655560916,0.0049432878644509685,0.000444268089261363,1.370368865534677e-11,0.8013886314683133,48.4417328982647,49.24312152973302,rookie,Connor Cook,QB,1.0,6.0,0.0,0.0,0.0,0.0,0.0,0.0,0.0,21.0,14.0,150.0,1.0,1.0,2.0,1.0,0.0,0.0,0.0,0.0,0.0,0.0,0.0,0.0,0.0,0.0,0.0,0.0,0.0,16,0.0,,,0.0,23.589322381930184,0.0,0.0,0.0,0.0,1.0,0.0,16.0,0.0,0.0,0.0,0.0,0.0,0.0,0.0,0.0,0.0,0.0,0.0,0.0,,4
00-0032950,2016,rookie,QB,16.0,34.86489115294981,557.838258447197,3823.7498061115894,20.496626030443483,15.893570184623547,65.1774532650945,315.0103045257349,3.119748733258081,3.2,6.8545850848513155,0.03674295500544917,0.2557033271632928,0.1047922221255079,0.028548313174952815,0.010301554464679829,0.001069326893720778,1.3703640643897641e-11,7.710301304546057,246.96887884911237,254.67918015365842,rookie,Carson Wentz,QB,16.0,218.98,1.0,1.0,7.0,0.0,46.0,150.0,2.0,607.0,379.0,3782.0,16.0,14.0,33.0,3.0,0.0,0.0,5.5,5.5,0.0,0.0,0.0,0.0,0.0,0.0,4.0,1.0,0.0,16,0.0,,,0.0,23.67145790554415,0.0,0.0,0.0,0.0,1.0,0.0,16.0,0.0,0.0,0.0,0.0,0.0,0.0,0.0,0.0,0.0,0.0,0.0,0.0,,4
00-0032953,2016,rookie,QB,5.115108017210181,22.37083459085965,114.42923536738904,784.3649300202455,4.2044682464119285,3.2602444453109443,17.276744408195828,83.50053959769679,0.8269593054375752,1.0230216034420363,6.8545850848513155,0.03674295500544917,0.08928984705356792,0.025776985461759275,0.004264321455036827,0.007153395834623309,0.0006908948751150014,1.3703664523138023e-11,0.7400216351331257,52.9377478813467,53.67776951647983,rookie,,,0.0,0.0,0.0,0.0,0.0,0.0,0.0,0.0,0.0,0.0,0.0,0.0,0.0,0.0,0.0,0.0,0.0,0.0,0.0,0.0,0.0,0.0,0.0,0.0,0.0,0.0,0.0,0.0,0.0,16,0.0,,,0.0,21.54688569472964,0.0,0.0,0.0,0.0,1.0,0.0,16.0,0.0,0.0,0.0,0.0,0.0,0.0,0.0,0.0,0.0,0.0,0.0,0.0,,4
00-0033077,2016,rookie,QB,3.307212199620317,22.39595319968393,74.06816964412037,507.7065709048245,2.721483424569891,2.11030282498428,9.187390344657668,44.40373910432219,0.43975865815308374,0.6614424399240635,6.8545850848513155,0.03674295500544917,0.08954773646793342,0.02587148231919014,0.004285028466163297,0.0049054550655499695,0.00044021232657672486,1.3703689156505236e-11,0.4712472805490311,32.72963186400658,33.20087914455561,rookie,Dak Prescott,QB,16.0,288.88,0.0,0.0,0.0,0.0,57.0,282.0,6.0,459.0,311.0,3667.0,23.0,4.0,25.0,4.0,0.0,0.0,2.0,2.0,0.0,0.0,0.0,0.0,0.0,0.0,2.0,0.0,0.0,16,0.0,,,0.0,23.093771389459274,0.0,0.0,0.0,0.0,1.0,0.0,16.0,0.0,0.0,0.0,0.0,0.0,0.0,0.0,0.0,0.0,0.0,0.0,0.0,,4
00-0033098,2016,rookie,QB,3.850918096726737,23.751444287185713,91.46486662892033,626.9537105825121,3.360689479125829,2.605958367288249,10.089778191680967,48.76508580093156,0.48295186687218083,0.7701836193453474,6.8545850848513155,0.03674295500544917,0.10402456119827955,0.03132016354063225,0.005521671530744607,0.004385052594550715,0.00038506864391141466,1.37036964698527e-11,0.6431449319339338,39.54284214786286,40.18598707979679,rookie,Cardale Jones,QB,1.0,1.7399999999999998,0.0,0.0,0.0,0.0,1.0,-1.0,0.0,11.0,6.0,96.0,0.0,1.0,1.0,0.0,0.0,0.0,0.0,0.0,0.0,0.0,0.0,0.0,0.0,0.0,0.0,0.0,0.0,16,0.0,,,0.0,23.923340177960302,0.0,0.0,0.0,0.0,1.0,0.0,16.0,0.0,0.0,0.0,0.0,0.0,0.0,0.0,0.0,0.0,0.0,0.0,0.0,,4
00-0033104,2016,rookie,QB,4.616621451072129,23.784892155307805,109.80584333563122,752.673495957938,4.034591161016499,3.128517722313641,13.217895033566574,63.88364274955333,0.6326806160956834,0.9233242902144259,6.8545850848513155,0.03674295500544917,0.10439547120647652,0.031463442933078616,0.00555528549497871,0.005198388847608033,0.0004717744596593645,1.3703685372560177e-11,0.778395880213859,48.326068428856814,49.10446430907067,rookie,Cody Kessler,QB,9.0,78.0,0.0,0.0,0.0,0.0,11.0,18.0,0.0,195.0,128.0,1380.0,6.0,2.0,21.0,1.0,0.0,0.0,1.0,1.0,0.0,0.0,0.0,0.0,0.0,0.0,1.0,0.0,0.0,16,0.0,,,0.0,23.310061601642712,0.0,0.0,0.0,0.0,1.0,0.0,16.0,0.0,0.0,0.0,0.0,0.0,0.0,0.0,0.0,0.0,0.0,0.0,0.0,,4
00-0033106,2016,rookie,QB,16.0,33.65974288008454,538.5558860813527,3691.5771440921244,19.788134690206952,15.34418918774522,73.97040128697373,357.5076574490736,3.5406272284838654,3.2,6.8545850848513155,0.03674295500544917,0.23722926350043297,0.09422642484733532,0.0246015088108484,0.013194265194132332,0.001439419538125407,1.3703624389563853e-11,7.090005006749767,246.72177526483296,253.81178027158273,rookie,Jared Goff,QB,7.0,53.160000000000004,0.0,0.0,0.0,0.0,8.0,16.0,1.0,205.0,112.0,1089.0,5.0,7.0,26.0,2.0,0.0,0.0,0.0,0.0,0.0,0.0,0.0,0.0,0.0,0.0,0.0,0.0,0.0,16,0.0,,,0.0,21.883641341546884,0.0,0.0,0.0,0.0,1.0,0.0,16.0,0.0,0.0,0.0,0.0,0.0,0.0,0.0,0.0,0.0,0.0,0.0,0.0,,4
00-0033108,2016,rookie,QB,7.950889441723031,25.943505681664806,206.27394540563017,1413.9223095708671,7.579114294835548,5.877025067605531,27.206632475800042,131.4928576061953,1.3022579580913345,1.5901778883446063,6.8545850848513155,0.03674295500544917,0.12965945741720522,0.041646506322722786,0.008077241539625038,0.007336306183908378,0.0007120793291251923,1.3703662872316488e-11,1.722863326684492,92.90177715944414,94.62464048612863,rookie,Paxton Lynch,QB,3.0,28.380000000000003,0.0,0.0,0.0,0.0,11.0,25.0,0.0,83.0,49.0,497.0,2.0,1.0,9.0,0.0,0.0,0.0,0.0,0.0,0.0,0.0,0.0,0.0,0.0,0.0,0.0,0.0,0.0,16,0.0,,,0.0,22.55167693360712,0.0,0.0,0.0,0.0,1.0,0.0,16.0,0.0,0.0,0.0,0.0,0.0,0.0,0.0,0.0,0.0,0.0,0.0,0.0,,4
00-0033119,2016,rookie,QB,4.999007572306633,24.55922254847836,122.77173948980712,841.5493343480831,4.51099650001471,3.4979337267063215,13.979613391050822,67.56511724316414,0.6691406150955762,0.9998015144613266,6.8545850848513155,0.03674295500544917,0.11316128963201637,0.034902373576335015,0.006378121456406675,0.0049683521886486485,0.0004469584344337641,1.370368832542546e-11,0.9193668966244428,53.48184430653674,54.40121120316119,rookie,Jacoby Brissett,QB,3.0,28.299999999999997,0.0,0.0,0.0,0.0,16.0,83.0,1.0,55.0,34.0,400.0,0.0,0.0,6.0,1.0,0.0,0.0,0.0,0.0,0.0,0.0,0.0,0.0,0.0,0.0,0.0,0.0,0.0,16,0.0,,,0.0,23.72347707049966,0.0,0.0,0.0,0.0,1.0,0.0,16.0,0.0,0.0,0.0,0.0,0.0,0.0,0.0,0.0,0.0,0.0,0.0,0.0,,4
00-0007091,2017,veteran,QB,0.08411877556484004,27.128113645201942,2.281983703218217,16.154668657599508,0.09921913656239861,0.0527245818715284,0.111451202394841,0.21940957629576366,0.0035929861564103008,0.0168279120770683,7.079221746771038,0.043479336168121045,0.14031287081191796,0.044777304280964915,0.008613195152448468,0.0001760204381295111,8.86280802187022e-06,1.3704501571523076e-11,0.018917852681223396,0.9474571792244194,0.9663750319056428,veteran,,,0.0,0.0,0.0,0.0,0.0,0.0,0.0,0.0,0.0,0.0,0.0,0.0,0.0,0.0,0.0,0.0,0.0,0.0,0.0,0.0,0.0,0.0,0.0,0.0,0.0,0.0,0.0,0.0,0.0,16,0.0,10.057,0.44999999999999996,0.0,41.935660506502394,0.1875,0.0,0.5,0.0,1.0,0.0,16.0,0.0,0.0,0.0,0.0,0.0,0.0,0.0,0.0,0.0,0.0,0.0,0.0,,5
00-0010346,2017,veteran,QB,2.011833704568569,33.12030809724888,66.63255213574058,479.6505461517737,2.9864978922466046,1.9321698508407785,2.2072496993491373,2.945094178088453,0.07144373471501521,0.3691285803023265,7.1984417642393925,0.044820403789467,0.24381676143062073,0.09649160637588833,0.024708164460827787,7.585021311960832e-05,3.3391730858710144e-06,1.3704582620366335e-11,0.881286488199808,27.25258837887009,28.1338748670699,veteran,,,0.0,0.0,0.0,0.0,0.0,0.0,0.0,0.0,0.0,0.0,0.0,0.0,0.0,0.0,0.0,0.0,0.0,0.0,0.0,0.0,0.0,0.0,0.0,0.0,0.0,0.0,0.0,0.0,0.0,16,0.0,14.302777777777777,0.7916666666666666,0.0,41.440109514031484,0.3375,0.0,1.0,0.0,1.0,0.0,16.0,0.0,0.0,0.0,0.0,0.0,0.0,0.0,0.0,0.0,0.0,0.0,0.0,,5
00-0019596,2017,veteran,QB,9.59150170891432,38.31723261839763,367.5198021402284,2732.6990568930496,18.975395860549156,5.799200342717462,17.28077239991012,36.052660182351175,0.5616969605528994,1.6501226645383096,7.435515150420056,0.05163094818305608,0.36110516081577093,0.17393667512835811,0.05768786215159772,0.0003241526388750945,1.7992830203862924e-05,1.370444277711976e-11,7.076006077233441,177.2863474849596,184.36235356219305,veteran,Tom Brady,QB,16.0,306.88,0.0,0.0,0.0,0.0,25.0,28.0,0.0,581.0,385.0,4577.0,32.0,8.0,35.0,3.0,0.0,0.0,11.0,11.0,0.0,0.0,0.0,0.0,0.0,0.0,6.0,2.0,1.0,16,272.06,21.761014492753624,0.8804347826086957,0.75,40.07939767282683,0.8625,1.0,1.0,0.0,0.25,0.0,4.0,12.0,0.0,0.0,0.0,0.0,28.0,64.0,0.0,432.0,3554.0,28.0,2.0,,5
00-0020245,2017,veteran,QB,0.9547014019365312,16.66915636135792,15.914066947287655,111.75903574273582,0.6929600279502852,0.37380979711389295,2.839662564462106,13.075619651864724,0.08921750536810094,0.18342816273417545,7.022657131763776,0.04354386784004269,0.03331548094661605,0.007096032547563264,0.0007532255249943673,0.0038896756602279812,0.0003220700362407541,1.3704203232759055e-11,0.04758113553206209,7.970592619209516,8.018173754741577,veteran,,,0.0,0.0,0.0,0.0,0.0,0.0,0.0,0.0,0.0,0.0,0.0,0.0,0.0,0.0,0.0,0.0,0.0,0.0,0.0,0.0,0.0,0.0,0.0,0.0,0.0,0.0,0.0,0.0,0.0,16,0.0,5.523157894736842,0.430921052631579,0.0,37.18275154004107,0.17812499999999998,0.0,0.5625,0.0,1.0,0.0,16.0,0.0,0.0,0.0,0.0,0.0,0.0,0.0,0.0,0.0,0.0,0.0,0.0,,5
00-0020531,2017,veteran,QB,12.773741863297298,41.20176348642828,526.300691088263,3900.363471470298,25.542002184657125,11.813019180266632,18.707892523247683,27.729026802723528,0.703407577351807,2.5468616960645587,7.410903191871716,0.04853119636199303,0.4128380852347118,0.21518829621079721,0.07943128717073047,0.0001323390491611935,6.3669216523027365e-06,1.370452903345711e-11,11.427708729525067,236.45613398916126,247.88384271868634,veteran,Drew Brees,QB,16.0,268.56,0.0,0.0,0.0,0.0,33.0,12.0,2.0,536.0,386.0,4334.0,23.0,8.0,20.0,0.0,0.0,0.0,6.0,6.0,0.0,0.0,0.0,0.0,0.0,0.0,3.0,2.0,0.0,16,355.32,21.709108280254778,0.9820859872611465,1.0,38.62833675564682,0.9812500000000001,1.0,1.0,0.0,0.0,0.0,0.0,16.0,0.0,0.0,0.0,0.0,23.0,20.0,2.0,673.0,5208.0,37.0,15.0,,5
00-0020679,2017,veteran,QB,1.1702255385546176,16.540792951435023,19.356458339713473,138.15712174452088,0.8197236904898493,0.45602420300252877,1.0213813180890232,2.1076315537928805,0.03401973092577629,0.21788688231916534,7.137520682751408,0.0423488468863144,0.0341840292415589,0.007326640359275596,0.0007854061741186396,0.00010066290306996072,4.636133454039039e-06,1.3704555373473964e-11,0.05482789756038265,7.87223900203079,7.927066899591173,veteran,,,0.0,0.0,0.0,0.0,0.0,0.0,0.0,0.0,0.0,0.0,0.0,0.0,0.0,0.0,0.0,0.0,0.0,0.0,0.0,0.0,0.0,0.0,0.0,0.0,0.0,0.0,0.0,0.0,0.0,16,10.18,5.092266666666666,0.2875,0.1875,37.64544832306639,0.234375,1.0,0.5,0.0,0.8125,0.0,13.0,3.0,0.0,0.0,0.0,0.0,5.0,5.0,0.0,35.0,242.0,0.0,0.0,,5
00-0021206,2017,veteran,QB,4.409764642082165,30.901791225713186,136.2696263241549,963.9042656505039,5.794481681810601,3.5335789170185277,7.837581261197435,31.823713443973883,0.2759192835369695,1.117277639911648,7.073507806923839,0.04252218075381544,0.1969736019240434,0.07125628654909845,0.01621538362463376,0.001081148256870198,7.277483951067616e-05,1.3704326748833375e-11,1.488203444693086,57.270271285021416,58.7584747297145,veteran,Josh McCown,QB,13.0,209.94,0.0,0.0,0.0,0.0,37.0,124.0,5.0,397.0,267.0,2926.0,18.0,9.0,39.0,4.0,0.0,0.0,4.5,4.5,0.0,0.0,0.0,0.0,0.0,0.0,3.0,1.0,0.0,16,54.1,13.403529411764703,0.46966911764705876,0.3125,38.16290212183436,0.42500000000000004,1.0,0.6875,0.3125,0.375,5.0,11.0,5.0,0.0,0.0,0.0,0.0,7.0,21.0,0.0,165.0,1100.0,6.0,6.0,,5
00-0021429,2017,veteran,QB,12.098410320554407,36.43674200473971,440.82665551752126,3235.6237754104945,20.7710570308692,10.062650317853272,15.089083102517128,34.51962416912689,0.4815793618357191,2.4211590371896543,7.339900468613768,0.047118423468481996,0.31649327866797666,0.14196101537401665,0.04283279633727729,0.00020346518323213712,1.0484364338892233e-05,1.3704487620716647e-11,7.444388831645948,193.88299901773775,201.32738784938368,veteran,Carson Palmer,QB,7.0,106.82000000000001,0.0,0.0,0.0,0.0,14.0,12.0,0.0,267.0,164.0,1978.0,9.0,7.0,22.0,0.0,0.0,0.0,4.5,4.5,0.0,0.0,0.0,0.0,0.0,0.0,3.0,1.0,0.0,16,252.12,18.12322580645161,0.9227150537634409,0.9375,37.68104038329911,0.8718750000000001,1.0,1.0,0.0625,0.0,1.0,1.0,15.0,0.0,0.0,0.0,0.0,14.0,38.0,0.0,597.0,4233.0,26.0,14.0,,5
00-0021678,2017,veteran,QB,3.1837384239147437,25.268168307519915,80.44723834259592,588.7464945886826,3.942205142709194,2.106041169091681,3.795129862940787,11.753933423104996,0.12308705719137267,0.6251851502002748,7.318417719716152,0.04900361061396237,0.12657397897746675,0.03901368256985987,0.0071553415321142285,0.00031417723689211986,1.7352259881096815e-05,1.3704445787018574e-11,0.6359370780795649,35.770143401258906,36.40608047933847,veteran,,,0.0,0.0,0.0,0.0,0.0,0.0,0.0,0.0,0.0,0.0,0.0,0.0,0.0,0.0,0.0,0.0,0.0,0.0,0.0,0.0,0.0,0.0,0.0,0.0,0.0,0.0,0.0,0.0,0.0,16,5.16,13.97025,0.6109375,0.0625,37.36344969199179,0.25,1.0,0.9375,0.5,0.4375,8.0,15.0,1.0,0.0,0.0,0.0,0.0,0.0,0.0,0.0,4.0,29.0,1.0,0.0,,5
00-0022787,2017,veteran,QB,0.7069133707150281,13.475983278505613,9.526352763107758,67.95280496186001,0.42115418397169957,0.25173695405709157,0.5537966794529328,1.576247743537497,0.018304326613680977,0.13457463382991156,7.133139686472406,0.04420938363763757,0.018249486985890802,0.00337580152188082,0.00028554702323658446,0.00013783168835839008,6.674341115615368e-06,1.3704525118233366e-11,0.016988631579697884,3.897556492623028,3.914545124202726,veteran,,,0.0,0.0,0.0,0.0,0.0,0.0,0.0,0.0,0.0,0.0,0.0,0.0,0.0,0.0,0.0,0.0,0.0,0.0,0.0,0.0,0.0,0.0,0.0,0.0,0.0,0.0,0.0,0.0,0.0,16,0.44,3.123137254901961,0.16544117647058826,0.1875,36.186173853524984,0.159375,1.0,0.1875,0.0,0.8125,0.0,13.0,3.0,0.0,0.0,0.0,0.0,2.0,-2.0,0.0,3.0,16.0,0.0,0.0,,5
00-0022803,2017,veteran,QB,13.230855117318313,36.87126746943786,487.83839788002416,3438.358820299631,22.56478347604105,11.966200908838482,16.999967812488787,25.048691221826928,0.5177615139285697,2.7697380806124356,7.048151263290347,0.04625462770888832,0.2972607300629376,0.12915168426266804,0.03736854130181046,0.00010811639730672205,5.036473862416412e-06,1.3704548496482153e-11,7.486560425341237,203.9330469430017,211.41960736834292,veteran,Eli Manning,QB,15.0,194.32,0.0,0.0,0.0,0.0,12.0,26.0,1.0,571.0,352.0,3468.0,19.0,13.0,32.0,5.0,0.0,0.0,7.0,7.0,0.0,0.0,0.0,0.0,0.0,0.0,2.0,2.0,1.0,16,236.18,16.3758125,1.0,1.0,36.65982203969884,1.0,1.0,1.0,0.0,0.0,0.0,0.0,16.0,0.0,0.0,0.0,0.0,21.0,-9.0,0.0,598.0,4027.0,26.0,16.0,,5
00-0022864,2017,veteran,QB,0.0,18.526718715432875,0.0,0.0,0.0,0.0,0.0,0.0,0.0,0.0,7.202362746136902,0.04375411015896893,9.636775565658922e-09,8.475858820624355e-11,9.357622968839299e-14,1.0368671092482818e-05,3.323637782392678e-07,1.3704774192038902e-11,0.0,0.0,0.0,veteran,,,0.0,0.0,0.0,0.0,0.0,0.0,0.0,0.0,0.0,0.0,0.0,0.0,0.0,0.0,0.0,0.0,0.0,0.0,0.0,0.0,0.0,0.0,0.0,0.0,0.0,0.0,0.0,0.0,0.0,16,0.0,6.2,0.125,0.0,36.139630390143736,0.0375,0.0,0.125,0.0,1.0,0.0,16.0,0.0,0.0,0.0,0.0,0.0,0.0,0.0,0.0,0.0,0.0,0.0,0.0,,5
00-0022924,2017,veteran,QB,11.59900070586716,36.58753930139496,424.37889418282265,3164.491538865692,20.415293314583792,10.635109551675969,15.82462871582009,25.996678741046523,0.5225139629899306,2.137999058310515,7.456759943161611,0.048106288023336226,0.3302293423540239,0.1514644481785288,0.04706672764100722,0.00013891932283492943,6.73545022066568e-06,1.3704524361485296e-11,7.559167263708309,188.4293692450341,195.9885365087424,veteran,Ben Roethlisberger,QB,15.0,271.06,0.0,0.0,0.0,0.0,28.0,47.0,0.0,562.0,361.0,4259.0,28.0,14.0,21.0,1.0,0.0,0.0,10.0,10.0,0.0,0.0,0.0,0.0,0.0,0.0,5.0,2.0,1.0,16,261.16,19.472700729927006,0.8640510948905109,0.875,35.501711156741955,0.8562500000000001,1.0,1.0,0.0625,0.0625,1.0,2.0,14.0,0.0,0.0,0.0,0.0,16.0,14.0,1.0,509.0,3819.0,29.0,13.0,,5
00-0022942,2017,veteran,QB,13.366429647815796,37.068687628457944,495.4760053226429,3610.9533595743414,23.81700097532494,13.63200141642198,19.04754577994131,48.46924365130098,0.5669502989850538,2.730622272724112,7.287847081965088,0.04806892910952538,0.3234023514185104,0.14670373673473547,0.044926615811931386,0.00030455704246268,1.6737574074437417e-05,1.3704448781639273e-11,8.469515864565471,215.22951706502164,223.6990329295871,veteran,Philip Rivers,QB,16.0,281.4,0.0,0.0,0.0,0.0,18.0,-2.0,0.0,575.0,360.0,4515.0,28.0,10.0,18.0,1.0,0.0,0.0,11.0,11.0,0.0,0.0,0.0,0.0,0.0,0.0,6.0,2.0,1.0,16,267.94,17.452,1.0,1.0,35.73169062286105,1.0,1.0,1.0,0.0,0.0,0.0,0.0,16.0,0.0,0.0,0.0,0.0,14.0,35.0,0.0,578.0,4386.0,33.0,21.0,,5
00-0023436,2017,veteran,QB,13.023081171923405,32.90619737987621,428.54007953746117,3072.8921675405,17.3531020551844,8.339018354448086,42.89777765814163,177.81390139353712,1.7314547228085222,2.4405248071221934,7.17060623794438,0.04049353347279497,0.2378515498846225,0.09310569712664683,0.02350190256898544,0.0038651176484267697,0.000319705276489513,1.3704203844822842e-11,5.585060050471209,198.9391270754219,204.52418712589312,veteran,Alex Smith,QB,15.0,303.18,0.0,0.0,0.0,0.0,60.0,355.0,1.0,505.0,341.0,4042.0,26.0,5.0,35.0,1.0,0.0,0.0,8.0,8.0,0.0,0.0,0.0,0.0,0.0,0.0,5.0,2.0,0.0,16,226.78,15.686339869281046,0.9571078431372549,0.9375,33.319644079397676,0.95625,1.0,1.0,0.0625,0.0,1.0,1.0,15.0,1.0,1.0,3.0,0.0,48.0,134.0,5.0,489.0,3502.0,15.0,8.0,,5
00-0023459,2017,veteran,QB,13.605535782659157,37.68271096182973,512.6934723787768,3682.7017867841173,27.217460659159592,8.769429089494487,48.107542777996265,253.00485182954796,1.7650167239131627,2.789284065324415,7.183047932514626,0.05308719951685164,0.32474443839956973,0.147633766790065,0.04534167845334526,0.007314643338820416,0.0006722529384949206,1.3704142106812566e-11,8.778311663508159,268.95107332479904,277.7293849883072,veteran,Aaron Rodgers,QB,7.0,132.6,0.0,0.0,0.0,0.0,24.0,126.0,0.0,238.0,154.0,1675.0,16.0,6.0,22.0,1.0,0.0,0.0,3.0,3.0,0.0,0.0,0.0,0.0,0.0,0.0,3.0,0.0,0.0,16,389.02,22.547125,1.0,1.0,33.74948665297741,1.0,1.0,1.0,0.0,0.0,0.0,0.0,16.0,0.0,0.0,0.0,0.0,67.0,369.0,4.0,610.0,4428.0,40.0,7.0,,5
00-0023578,2017,veteran,QB,0.0,18.450895119107418,0.0,0.0,0.0,0.0,0.0,0.0,0.0,0.0,7.110273458625759,0.04437395032258843,9.636775565658922e-09,8.475858820624355e-11,9.357622968839299e-14,1.0368671092482818e-05,3.323637782392678e-07,1.3704774192038902e-11,0.0,0.0,0.0,veteran,,,0.0,0.0,0.0,0.0,0.0,0.0,0.0,0.0,0.0,0.0,0.0,0.0,0.0,0.0,0.0,0.0,0.0,0.0,0.0,0.0,0.0,0.0,0.0,0.0,0.0,0.0,0.0,0.0,0.0,16,0.0,5.0200000000000005,0.125,0.0,34.039698836413415,0.0375,0.0,0.125,0.0,1.0,0.0,16.0,0.0,0.0,0.0,0.0,0.0,0.0,0.0,0.0,0.0,0.0,0.0,0.0,,5
00-0023645,2017,veteran,QB,2.2486228838287667,14.578245708831734,32.780976906957555,237.34476784480046,1.4576595484152703,0.9259328958661361,2.082190093363312,5.619001110730182,0.06810189682551702,0.43448932140140534,7.2403201563656125,0.04446662930615382,0.02430929918998286,0.004804041795452909,0.0004524497912966819,0.00016445285182717807,8.191026442096585e-06,1.3704508116308347e-11,0.07329836213342161,13.574095964944137,13.647394327077558,veteran,Derek Anderson,QB,3.0,0.48000000000000004,0.0,0.0,0.0,0.0,2.0,-2.0,0.0,8.0,2.0,17.0,0.0,0.0,0.0,0.0,0.0,0.0,0.0,0.0,0.0,0.0,0.0,0.0,0.0,0.0,0.0,0.0,0.0,16,16.519999999999996,4.421818181818181,0.24756493506493507,0.25,34.21492128678987,0.240625,1.0,0.3125,0.0625,0.6875,1.0,12.0,4.0,0.0,0.0,0.0,0.0,1.0,4.0,0.0,53.0,453.0,2.0,5.0,,5
00-0023662,2017,veteran,QB,2.581333472306069,20.131884917671435,51.96710839859898,361.96111407508516,2.200033322155647,1.4098883045909392,3.6318895150044,12.560406997579411,0.11550319456744912,0.4626470015716064,6.965196356486972,0.04233511138008516,0.05725280080943098,0.013981766340022073,0.001833205394194242,0.0005141919399844044,3.072596324578298e-05,1.3704398344531958e-11,0.21283647405985517,21.482567106463538,21.695403580523394,veteran,Matt Cassel,QB,2.0,2.4800000000000004,0.0,0.0,0.0,0.0,0.0,0.0,0.0,42.0,25.0,162.0,1.0,2.0,8.0,2.0,0.0,0.0,0.0,0.0,0.0,0.0,0.0,0.0,0.0,0.0,0.0,0.0,0.0,16,15.66,6.353465346534654,0.3632425742574258,0.25,35.29363449691992,0.315625,1.0,0.5,0.0,0.75,0.0,12.0,4.0,0.0,0.0,0.0,0.0,4.0,3.0,0.0,51.0,284.0,2.0,2.0,,5
00-0023682,2017,veteran,QB,11.733012515099896,31.28054557076799,367.0150326609735,2589.559346105415,15.966754368869697,10.75986617379221,30.654836781109847,118.87420264412253,0.9278937325935033,2.047720610760107,7.055731007338588,0.043504360715433774,0.20183154668684283,0.0737307635573242,0.01699641244354202,0.0021107856387440295,0.00015824781069020543,1.3704262246309405e-11,4.092107220344022,159.28900041056403,163.38110763090805,veteran,Ryan Fitzpatrick,QB,6.0,73.92,0.0,0.0,0.0,0.0,15.0,78.0,0.0,163.0,96.0,1103.0,7.0,3.0,7.0,0.0,0.0,0.0,0.0,0.0,0.0,0.0,0.0,0.0,0.0,0.0,0.0,0.0,0.0,16,135.9,13.173986013986013,0.9012237762237763,0.875,34.770704996577685,0.89375,1.0,1.0,0.0,0.125,0.0,2.0,14.0,0.0,0.0,0.0,0.0,33.0,130.0,0.0,403.0,2710.0,12.0,17.0,,5
00-0024226,2017,veteran,QB,6.996339001242105,30.482809203081178,213.2680668949386,1542.5892879511061,9.287854241519435,5.564581941144869,14.831530770542063,68.37276865906627,0.4887800495817998,1.5648499304837653,7.233100156110224,0.04355014033158032,0.2013218276277496,0.07346959807883094,0.016913435634027287,0.001963780015199641,0.00014551921379537925,1.370426920958365e-11,2.4314737583711317,94.36608190426215,96.79755566263327,veteran,Jay Cutler,QB,14.0,158.84,0.0,0.0,0.0,0.0,19.0,32.0,0.0,429.0,266.0,2666.0,19.0,14.0,20.0,0.0,0.0,0.0,1.0,1.0,0.0,0.0,0.0,0.0,0.0,0.0,1.0,0.0,0.0,16,46.760000000000005,14.122947368421054,0.756578947368421,0.3125,34.34360027378508,0.59375,1.0,0.9375,0.4375,0.25,7.0,11.0,5.0,0.0,0.0,0.0,0.0,5.0,24.0,0.0,137.0,1059.0,4.0,5.0,,5
00-0024296,2017,veteran,QB,0.3090066614469789,18.28374708215094,5.649799644596404,40.26806913881264,0.24600699613345753,0.13609482507599321,0.4138933654334387,1.387140924425115,0.013459858794723459,0.05767552665056692,7.127344626694141,0.043542605332694266,0.04602823670856272,0.010621891347342953,0.0012776089877023719,0.00044413823521343305,2.5925440965342623e-05,1.3704412450098539e-11,0.0200852222913885,2.4266832918440677,2.446768514135456,veteran,,,0.0,0.0,0.0,0.0,0.0,0.0,0.0,0.0,0.0,0.0,0.0,0.0,0.0,0.0,0.0,0.0,0.0,0.0,0.0,0.0,0.0,0.0,0.0,0.0,0.0,0.0,0.0,0.0,0.0,16,9.38,6.944642857142858,0.28348214285714285,0.0625,35.07186858316222,0.175,1.0,0.4375,0.0,0.9375,0.0,15.0,1.0,0.0,0.0,0.0,0.0,2.0,1.0,0.0,24.0,182.0,1.0,1.0,,5
00-0025430,2017,veteran,QB,3.581179324377591,14.706206750267558,52.66556355408034,366.69171942445826,2.264545534866448,1.4328894458048225,3.945045928203866,6.242876869095867,0.12443471814851438,0.6324864936122395,6.962646835591457,0.04299860064235464,0.02215232817939523,0.004284196801215596,0.0003896353183689925,9.613611549768841e-05,4.395270194585169e-06,1.3704559803260546e-11,0.10550377420779689,20.965995033410675,21.07149880761847,veteran,Drew Stanton,QB,5.0,50.459999999999994,0.0,0.0,0.0,0.0,9.0,7.0,0.0,159.0,79.0,894.0,6.0,5.0,7.0,0.0,0.0,0.0,0.0,0.0,0.0,0.0,0.0,0.0,0.0,0.0,0.0,0.0,0.0,16,9.380000000000003,3.2505084745762716,0.38877118644067793,0.3125,33.319644079397676,0.36874999999999997,1.0,0.5625,0.0,0.6875,0.0,11.0,5.0,0.0,0.0,0.0,0.0,3.0,-3.0,0.0,48.0,192.0,2.0,3.0,,5
00-0025708,2017,veteran,QB,1.8776920207027035,18.834631836160344,35.36563791163139,257.0988975388395,1.7380084584827074,0.8979037836412731,1.3545320116434687,3.535945092041177,0.044938828621848136,0.3504677720359689,7.269737313412982,0.04914398724619342,0.053347969383457726,0.012788286471373629,0.0016302451367464412,0.00010728784048159851,4.99174688610632e-06,1.3704549237132077e-11,0.14252746121916762,15.362474105065134,15.505001566284301,veteran,Matt Moore,QB,4.0,41.34,0.0,0.0,0.0,0.0,3.0,9.0,0.0,127.0,78.0,861.0,4.0,5.0,12.0,0.0,0.0,0.0,0.0,0.0,0.0,0.0,0.0,0.0,0.0,0.0,0.0,0.0,0.0,16,54.739999999999995,10.825357142857143,0.21651785714285718,0.25,33.06228610540725,0.175,1.0,0.25,0.0,0.75,0.0,12.0,4.0,0.0,0.0,0.0,0.0,1.0,-1.0,0.0,87.0,721.0,8.0,3.0,,5
00-0026143,2017,veteran,QB,13.737440033812197,36.026534185188666,494.9123529951145,3817.4481687273515,24.33933961960897,10.404656187032534,28.021350668273975,83.82600017564839,0.7571483943164405,2.6577649931919956,7.713382269860286,0.04917909094875479,0.34316617707431996,0.1606908742140486,0.05132372701889708,0.0007839513660509524,5.011796092509873e-05,1.3704357719479569e-11,9.447362120384582,236.85593325054438,246.30329537092896,veteran,Matt Ryan,QB,16.0,232.1,0.0,0.0,0.0,0.0,32.0,143.0,0.0,529.0,342.0,4095.0,20.0,12.0,24.0,3.0,0.0,0.0,4.0,4.0,0.0,0.0,0.0,0.0,0.0,0.0,4.0,0.0,0.0,16,358.46,19.6405625,1.0,1.0,32.29295003422313,1.0,1.0,1.0,0.0,0.0,0.0,0.0,16.0,0.0,0.0,0.0,0.0,35.0,117.0,0.0,534.0,4944.0,38.0,7.0,,5
00-0026158,2017,veteran,QB,13.113529883988171,37.14394963061801,487.08829349046067,3354.6151389391653,19.128012988082354,11.58466056818792,20.659673990244208,51.3681923016138,0.8785785909221315,2.4776673774451154,6.887078141213557,0.03927011435855205,0.28700054642327844,0.1225508972545377,0.03466179261225811,0.0003484314827117083,1.9564958183456194e-05,1.3704435821934953e-11,7.088233444451122,192.98029239432415,200.0685258387753,veteran,Joe Flacco,QB,16.0,185.04,0.0,0.0,0.0,0.0,25.0,54.0,1.0,549.0,352.0,3141.0,18.0,13.0,27.0,0.0,0.0,0.0,0.0,0.0,0.0,0.0,0.0,0.0,0.0,0.0,0.0,0.0,0.0,16,247.98,16.020211267605635,0.920774647887324,1.0,32.62422997946612,0.8875000000000001,1.0,1.0,0.0,0.0,0.0,0.0,16.0,0.0,0.0,0.0,0.0,21.0,58.0,2.0,672.0,4317.0,20.0,15.0,,5
00-0026498,2017,veteran,QB,13.884645835174393,36.939048540200005,512.8856064689927,3679.80933282725,22.623929372744662,10.772765057135311,36.72530329186308,150.43965383493807,1.28829398854325,2.536000984492837,7.174717493363149,0.044111063144277235,0.31034352867657994,0.1378026334966677,0.04102834341213204,0.0024156568675069456,0.00018510174376441436,1.37042492300351e-11,8.355744808437345,233.84428803556563,242.20003284400298,veteran,Matthew Stafford,QB,16.0,285.14,0.0,0.0,0.0,0.0,29.0,98.0,0.0,565.0,371.0,4446.0,29.0,10.0,47.0,7.0,0.0,0.0,11.5,11.5,0.0,0.0,0.0,0.0,0.0,0.0,5.0,3.0,1.0,16,285.28,17.78125,1.0,1.0,29.56605065023956,1.0,1.0,1.0,0.0,0.0,0.0,0.0,16.0,0.0,0.0,0.0,0.0,37.0,207.0,2.0,594.0,4327.0,24.0,10.0,,5
00-0026625,2017,veteran,QB,5.61665486366757,30.245438305023978,169.87818815967034,1219.6383660726249,7.174456559962468,3.389599337440835,7.409225355011901,15.67890509634765,0.2297031130247066,1.0683808000860426,7.179487721674272,0.04223294725288169,0.19370901700122936,0.06961170306170024,0.015702705856791593,0.00019634207736377637,1.0059930297282778e-05,1.3704491051913298e-11,1.8520549573496836,71.51350979548413,73.3655647528338,veteran,Brian Hoyer,QB,10.0,67.38,0.0,0.0,0.0,0.0,9.0,4.0,1.0,211.0,123.0,1287.0,4.0,4.0,16.0,1.0,0.0,0.0,3.5,3.5,0.0,0.0,0.0,0.0,0.0,0.0,2.0,1.0,0.0,16,85.1,13.918160919540231,0.6142241379310346,0.375,31.835728952772072,0.54375,1.0,0.875,0.0,0.625,0.0,10.0,6.0,0.0,0.0,0.0,0.0,7.0,-2.0,0.0,200.0,1445.0,6.0,0.0,,5
00-0026898,2017,veteran,QB,1.461877994862188,23.009124065810934,33.636532152863005,240.85277274263365,1.4800448764842364,0.9570139511463839,2.8228196493631046,7.297016310919995,0.09177991902439808,0.29053610501782173,7.160451964788328,0.0440011137223687,0.09156052414617964,0.025500386091480635,0.004055856643992895,0.0005388057355686277,3.243852209211438e-05,1.3704393841032351e-11,0.20248513056597378,14.339571448552269,14.542056579118242,veteran,,,0.0,0.0,0.0,0.0,0.0,0.0,0.0,0.0,0.0,0.0,0.0,0.0,0.0,0.0,0.0,0.0,0.0,0.0,0.0,0.0,0.0,0.0,0.0,0.0,0.0,0.0,0.0,0.0,0.0,16,-0.4800000000000001,9.351044776119402,0.3180970149253731,0.125,30.806297056810404,0.20937499999999998,1.0,0.5625,0.0,0.875,0.0,14.0,2.0,0.0,0.0,0.0,0.0,4.0,-2.0,0.0,18.0,93.0,0.0,2.0,,5
00-0027659,2017,veteran,QB,0.7812395195449042,22.202394147973354,17.345387736909295,122.01418284894562,0.7400994872583913,0.43218817903334544,1.4965204814265243,5.205948054106356,0.04897955316914899,0.14859368856619137,7.034387740396909,0.04266837377659374,0.07851215979185619,0.02090941286530956,0.0031174282022106464,0.0009272155550226291,6.089357950205339e-05,1.3704341548971931e-11,0.09150634386965828,7.493873652217847,7.585379996087505,veteran,,,0.0,0.0,0.0,0.0,0.0,0.0,0.0,0.0,0.0,0.0,0.0,0.0,0.0,0.0,0.0,0.0,0.0,0.0,0.0,0.0,0.0,0.0,0.0,0.0,0.0,0.0,0.0,0.0,0.0,16,0.0,6.845000000000001,0.25,0.0,28.944558521560573,0.11249999999999999,0.0,0.25,0.0,1.0,0.0,16.0,0.0,0.0,0.0,0.0,0.0,0.0,0.0,0.0,0.0,0.0,0.0,0.0,,5
00-0027854,2017,veteran,QB,12.464611469800884,34.694442740191974,432.4527489177469,3063.5714493959226,17.668046282617244,8.348109554579306,21.800343486424232,52.60881833086502,0.6470634085520202,2.6866142717764947,7.084176148868968,0.04085543756360242,0.26191939595972163,0.1070815349268679,0.02861106142879723,0.00039764229736736193,2.2804636928354175e-05,1.3704423099688226e-11,5.985452462110792,180.2888577379929,186.2743102001037,veteran,Sam Bradford,QB,2.0,27.98,0.0,0.0,0.0,0.0,2.0,-3.0,0.0,43.0,32.0,382.0,3.0,0.0,5.0,0.0,0.0,0.0,1.0,1.0,0.0,0.0,0.0,0.0,0.0,0.0,1.0,0.0,0.0,16,224.88,14.823614457831326,0.9164156626506025,0.9375,29.815195071868583,0.778125,1.0,0.9375,0.0,0.0625,0.0,1.0,15.0,1.0,1.0,5.0,0.0,20.0,53.0,0.0,552.0,3877.0,20.0,5.0,,5
00-0027939,2017,veteran,QB,13.225709509134761,34.606978236480415,457.70184114463876,3269.1799142648665,20.96552487878113,11.2715449312474,69.98620838886949,294.4776317217712,3.1281261358406502,2.6195000181435018,7.142597255211324,0.04580607503424002,0.26539818223345124,0.10917138788746429,0.02940437531683204,0.010647799818337906,0.0010426174802312933,1.3704105639269978e-11,6.6151790508663115,235.06372617415843,241.67890522502475,veteran,Cam Newton,QB,16.0,302.98,0.0,0.0,0.0,0.0,139.0,754.0,6.0,492.0,291.0,3302.0,22.0,16.0,35.0,1.0,0.0,0.0,3.5,3.5,0.0,0.0,0.0,0.0,0.0,0.0,2.0,1.0,0.0,16,258.76,19.662640264026404,0.9486386138613861,0.9375,28.309377138945926,0.946875,1.0,1.0,0.0625,0.0,1.0,1.0,15.0,0.0,0.0,0.0,0.0,90.0,359.0,5.0,510.0,3509.0,19.0,14.0,,5
00-0027948,2017,veteran,QB,4.508362770846489,28.25885585033884,127.40117366238512,889.2096893543095,5.347466450722369,3.3539533055669075,19.394683803044064,85.30750231669124,0.6807068095663926,0.8207547638642573,6.97960359227716,0.04197344731606028,0.15074194783303363,0.049323573630674175,0.00981553383839946,0.0075841125937564135,0.0007012500037540988,1.3704138598190311e-11,1.1405903700099733,61.22382832726699,62.36441869727697,veteran,Blaine Gabbert,QB,5.0,61.64,0.0,0.0,0.0,0.0,22.0,82.0,0.0,171.0,95.0,1086.0,6.0,6.0,23.0,2.0,0.0,0.0,0.0,0.0,0.0,0.0,0.0,0.0,0.0,0.0,0.0,0.0,0.0,16,73.2,13.86923076923077,0.4182692307692307,0.375,27.87953456536619,0.36562500000000003,1.0,0.5,0.0,0.625,0.0,10.0,6.0,1.0,1.0,-16.0,0.0,40.0,173.0,2.0,160.0,925.0,5.0,6.0,,5
00-0027973,2017,veteran,QB,13.539284229489486,33.434007704274876,452.67253323911876,3328.2654973875924,19.358392759825673,9.445957431569797,37.64721215874494,119.00868367697666,1.6158212645892556,2.5843061415661395,7.352479448160988,0.04276467277858857,0.26202174794974337,0.1071427681408026,0.02863419796572538,0.0015906320029797764,0.00011392887932049249,1.3704289531920395e-11,6.522764388553566,208.0994597437677,214.62222413232126,veteran,Andy Dalton,QB,16.0,211.7,0.0,0.0,0.0,0.0,38.0,99.0,0.0,496.0,297.0,3320.0,25.0,12.0,39.0,4.0,0.0,0.0,1.0,1.0,0.0,0.0,0.0,0.0,0.0,0.0,1.0,0.0,0.0,16,267.64,16.975496688741718,0.9515728476821191,1.0,29.842573579739906,0.9437500000000001,1.0,1.0,0.0,0.0,0.0,0.0,16.0,0.0,0.0,0.0,0.0,46.0,184.0,4.0,563.0,4206.0,18.0,8.0,,5
00-0027974,2017,veteran,QB,9.273031656349845,29.837852530927414,276.6873510767883,1941.383066097224,11.977446833953548,5.653806971649078,48.04355374656739,282.9283176244303,1.4313565368183283,1.9013754328405872,7.016522651078608,0.043288740115298874,0.17637914936538718,0.061126345244114345,0.013140286456677887,0.020588532122470693,0.00226303588083714,1.3704041194420933e-11,2.951905737313605,147.33571615407683,150.28762189139044,veteran,,,0.0,0.0,0.0,0.0,0.0,0.0,0.0,0.0,0.0,0.0,0.0,0.0,0.0,0.0,0.0,0.0,0.0,0.0,0.0,0.0,0.0,0.0,0.0,0.0,0.0,0.0,0.0,0.0,0.0,16,203.94,16.497847533632285,0.7244955156950672,0.6875,29.828884325804243,0.696875,1.0,1.0,0.0,0.3125,0.0,5.0,11.0,0.0,0.0,0.0,0.0,69.0,468.0,2.0,331.0,2241.0,16.0,4.0,,5
00-0028012,2017,veteran,QB,2.8513151394490146,18.535016691244838,52.84917370168659,364.04270562614835,2.1686041325192074,1.3409709455645988,3.0257122653982744,5.908394881202581,0.10386290225990878,0.5137333238317567,6.888332969613309,0.04103383233123284,0.04328948490501113,0.0098360183068038,0.0011550882125660102,0.00012342661948541196,5.872452605307473e-06,1.3704535745902089e-11,0.17246443115594645,20.74073311800976,20.91319754916571,veteran,Ryan Mallett,QB,2.0,9.94,0.0,0.0,0.0,0.0,4.0,-3.0,0.0,16.0,9.0,56.0,2.0,0.0,0.0,0.0,0.0,0.0,0.0,0.0,0.0,0.0,0.0,0.0,0.0,0.0,0.0,0.0,0.0,16,-1.56,4.9250526315789465,0.32697368421052625,0.25,29.240246406570844,0.29687500000000006,1.0,0.4375,0.0,0.75,0.0,12.0,4.0,0.0,0.0,0.0,0.0,5.0,-6.0,0.0,6.0,26.0,0.0,1.0,,5
00-0028090,2017,veteran,QB,0.5868868903241395,14.307659499074855,8.396977791228679,60.057285871186586,0.3787498887089352,0.2044617611252916,0.6134275431329259,1.7129080197807374,0.020344519881353638,0.11603918141297939,7.152250174333112,0.04510550082728217,0.022111163589588225,0.0042743947076075125,0.00038847253414573275,0.00021116260334418164,1.0945694737743052e-05,1.3704484045348843e-11,0.017329174649408613,3.5696470258728583,3.5869762005222667,veteran,T.J. Yates,QB,4.0,34.02,0.0,0.0,0.0,0.0,5.0,51.0,0.0,97.0,47.0,523.0,4.0,3.0,13.0,1.0,0.0,0.0,0.0,0.0,0.0,0.0,0.0,0.0,0.0,0.0,0.0,0.0,0.0,16,0.0,5.128888888888889,0.22916666666666669,0.0,30.26420260095825,0.08437499999999999,0.0,0.25,0.0,1.0,0.0,16.0,0.0,0.0,0.0,0.0,0.0,0.0,0.0,0.0,0.0,0.0,0.0,0.0,,5
00-0028118,2017,veteran,QB,12.476054319300232,30.928016059069353,385.85960834113916,2774.6324676313743,17.005852843164785,7.560078451743902,71.3200588718835,384.250582001239,2.8634968474002895,2.251583220786103,7.190782366570788,0.04407264319858502,0.20572712831327178,0.07573863128852522,0.01763861197697411,0.020997576717482234,0.0023162439505331985,1.370403926048768e-11,4.729475593169575,214.99142601737972,219.7209016105493,veteran,Tyrod Taylor,QB,15.0,222.66,0.0,0.0,0.0,0.0,84.0,427.0,4.0,420.0,263.0,2799.0,14.0,4.0,46.0,2.0,0.0,0.0,0.0,0.0,0.0,0.0,0.0,0.0,0.0,0.0,0.0,0.0,0.0,16,271.92,18.32071428571429,0.9062500000000001,0.9375,28.079397672826833,0.7875,1.0,0.9375,0.0,0.0625,0.0,1.0,15.0,0.0,0.0,0.0,0.0,95.0,580.0,6.0,436.0,3023.0,17.0,6.0,,5
00-0028595,2017,veteran,QB,0.43454966441768994,12.80343779466644,5.56372959706507,39.53618647119357,0.24526702780681384,0.14378954426355517,0.5571197473282989,1.1919611313785516,0.018178666345029206,0.08281094734993845,7.106058226131147,0.0440832041758814,0.015408542113496104,0.002743182439370999,0.0002178789629309556,0.00019084065530347268,9.733800791691612e-06,1.3704493788230895e-11,0.00876248326216522,2.3375826980560412,2.3463451813182066,veteran,Scott Tolzien,QB,1.0,1.32,0.0,0.0,0.0,0.0,2.0,2.0,0.0,18.0,9.0,128.0,0.0,2.0,4.0,0.0,0.0,0.0,0.0,0.0,0.0,0.0,0.0,0.0,0.0,0.0,0.0,0.0,0.0,16,8.94,2.867647058823529,0.125,0.125,29.99315537303217,0.10625000000000001,1.0,0.125,0.0,0.875,0.0,14.0,2.0,0.0,0.0,0.0,0.0,6.0,3.0,0.0,37.0,216.0,1.0,2.0,,5
00-0028957,2017,veteran,QB,1.5512149144537748,26.21499782606538,40.665095610165906,287.9837351211763,1.7419234783381514,1.0352548285616099,2.8483671060939444,10.016086664060978,0.09275388206620429,0.32367901882563427,7.081840846555959,0.04283583875068245,0.12794561656784825,0.03957754719951072,0.007294583679086785,0.0008729505250759402,5.6777985065057995e-05,1.3704347359552869e-11,0.31467825109702324,17.327307582228492,17.641985833325517,veteran,Austin Davis,QB,1.0,-0.1,0.0,0.0,0.0,0.0,1.0,-1.0,0.0,0.0,0.0,0.0,0.0,0.0,0.0,0.0,0.0,0.0,0.0,0.0,0.0,0.0,0.0,0.0,0.0,0.0,0.0,0.0,0.0,16,0.0,9.966666666666665,0.4124999999999999,0.0,28.249144421629023,0.140625,0.0,0.5625,0.0,1.0,0.0,16.0,0.0,0.0,0.0,0.0,0.0,0.0,0.0,0.0,0.0,0.0,0.0,0.0,,5
00-0028986,2017,veteran,QB,7.396027904367318,27.560281852342133,203.8366136321506,1432.267827495135,8.119354754765146,5.312982008346075,12.747450914735738,31.259228192861976,0.42658866598444667,1.4401516400176018,7.0265483809491,0.0398326611205265,0.14350686199678975,0.04615396997103146,0.0089725048597821,0.00039862324962917396,2.2869898987912515e-05,1.3704422862411489e-11,1.7093385716280367,81.9473196373315,83.65665820895954,veteran,Case Keenum,QB,15.0,241.38,0.0,0.0,0.0,0.0,40.0,160.0,1.0,481.0,325.0,3547.0,22.0,7.0,22.0,1.0,0.0,0.0,3.5,3.5,0.0,0.0,0.0,0.0,0.0,0.0,2.0,1.0,0.0,16,112.14,10.712054794520549,0.5402397260273973,0.625,29.53867214236824,0.45625,1.0,0.625,0.0,0.375,0.0,6.0,10.0,0.0,0.0,0.0,0.0,20.0,51.0,1.0,322.0,2201.0,9.0,11.0,,5
00-0029234,2017,veteran,QB,0.3944204938719196,27.779559963884942,10.956827760500103,78.72688695971844,0.4870640351032947,0.2947835082553339,0.31204792451050956,1.0426326258291223,0.010434606820084508,0.07867753600661456,7.185189790381912,0.04445301557620393,0.15560853393524002,0.05149547371698372,0.010405660954406743,0.00017982326562916243,9.08522379667182e-06,1.370449951356927e-11,0.1001262130239912,4.517280433781439,4.61740664680543,veteran,,,0.0,0.0,0.0,0.0,0.0,0.0,0.0,0.0,0.0,0.0,0.0,0.0,0.0,0.0,0.0,0.0,0.0,0.0,0.0,0.0,0.0,0.0,0.0,0.0,0.0,0.0,0.0,0.0,0.0,16,0.0,12.520000000000001,0.1875,0.0,28.139630390143736,0.056249999999999994,0.0,0.1875,0.0,1.0,0.0,16.0,0.0,0.0,0.0,0.0,0.0,0.0,0.0,0.0,0.0,0.0,0.0,0.0,,5
00-0029263,2017,veteran,QB,13.903329598139162,33.88391995812256,471.0993072547437,3519.197079051899,21.706154462087753,9.895930962368714,62.9241827661842,289.9952840522326,1.7494620879314546,2.5093243536948617,7.470180967914091,0.046075538910419794,0.2802237411241919,0.11827855181625954,0.03294955976531344,0.009290546807138783,0.000888880602353143,1.3704118897043511e-11,7.426665883342314,242.2782913111118,249.7049571944541,veteran,Russell Wilson,QB,16.0,355.92,0.0,0.0,0.0,0.0,95.0,586.0,3.0,553.0,339.0,3983.0,34.0,11.0,43.0,3.0,0.0,0.0,8.0,8.0,0.0,0.0,0.0,0.0,0.0,0.0,3.0,2.0,1.0,16,273.56,18.8500625,1.0,1.0,28.75564681724846,1.0,1.0,1.0,0.0,0.0,0.0,0.0,16.0,2.0,2.0,14.0,1.0,72.0,259.0,1.0,546.0,4219.0,21.0,11.0,,5
00-0029567,2017,veteran,QB,2.7929272965291463,28.250257532429913,78.90091539630163,552.018970948541,3.268477948431116,1.9350339270261951,4.50383446777599,9.851417414695007,0.15003687163121007,0.5477760501042894,6.996356989977535,0.04142509541257264,0.15158709727650835,0.04969845106720775,0.009916674944864798,0.00029037472015555496,1.583706665393257e-05,1.3704453373456222e-11,0.6878484301673798,32.0744136486619,32.76226207882928,veteran,Nick Foles,QB,7.0,33.78,0.0,0.0,0.0,0.0,11.0,3.0,0.0,101.0,57.0,537.0,5.0,2.0,5.0,2.0,0.0,0.0,0.0,0.0,0.0,0.0,0.0,0.0,0.0,0.0,0.0,0.0,0.0,16,28.0,11.294107142857142,0.5368303571428571,0.125,28.61327857631759,0.35000000000000003,1.0,0.6875,0.0,0.875,0.0,14.0,2.0,0.0,0.0,0.0,0.0,4.0,-4.0,0.0,55.0,410.0,3.0,0.0,,5
00-0029604,2017,veteran,QB,13.517232395626912,35.7500352215429,483.2415342414429,3633.141295347982,21.671154047855726,10.886922105365882,26.35076467048434,68.87205117025096,1.2864530705271315,2.6629526895453024,7.5182719983931445,0.044845387890495615,0.31990068835531044,0.1442906111461415,0.043856501585793774,0.0005595681598584042,3.3892933904114524e-05,1.370439019929038e-11,8.443674602287322,219.51644195570768,227.960116557995,veteran,Kirk Cousins,QB,16.0,284.12,0.0,0.0,0.0,0.0,49.0,179.0,4.0,540.0,347.0,4093.0,27.0,13.0,41.0,5.0,0.0,0.0,6.5,6.5,0.0,0.0,0.0,0.0,0.0,0.0,5.0,1.0,0.0,16,317.28,19.268689655172413,0.9612068965517241,1.0,29.034907597535934,0.9062500000000001,1.0,1.0,0.0,0.0,0.0,0.0,16.0,0.0,0.0,0.0,0.0,34.0,96.0,4.0,606.0,4917.0,25.0,12.0,,5
00-0029665,2017,veteran,QB,3.610995412933227,25.967025396447838,93.76680959409376,660.6360900850685,3.674629281090295,2.2358654655230996,16.937458176850846,86.88666296241306,0.6120638722703893,0.734251599412119,7.045521682404358,0.039189018982274886,0.1228927935184549,0.03751310080776599,0.0067884514554203655,0.012523107216396682,0.0012608627771553,1.370408984091186e-11,0.748031237593213,47.54477612775713,48.29280736535034,veteran,,,0.0,0.0,0.0,0.0,0.0,0.0,0.0,0.0,0.0,0.0,0.0,0.0,0.0,0.0,0.0,0.0,0.0,0.0,0.0,0.0,0.0,0.0,0.0,0.0,0.0,0.0,0.0,0.0,0.0,16,66.44,12.145365853658538,0.3948170731707317,0.3125,27.550992470910334,0.25625,1.0,0.5625,0.0,0.6875,0.0,11.0,5.0,0.0,0.0,0.0,0.0,31.0,190.0,2.0,147.0,886.0,2.0,3.0,,5
00-0029668,2017,veteran,QB,12.533701448712756,36.76863774358415,460.8471281539552,3364.891390585858,23.034266540419893,11.884024072898049,48.661849419611634,236.14971151624962,1.5429068369981698,2.746448709323866,7.301534901746743,0.04998244565977817,0.3191075351967629,0.14374671097891945,0.04361666943674175,0.0075168388516687595,0.0006939937488633608,1.3704139462399168e-11,7.902734021503439,230.344188394284,238.24692241578745,veteran,,,0.0,0.0,0.0,0.0,0.0,0.0,0.0,0.0,0.0,0.0,0.0,0.0,0.0,0.0,0.0,0.0,0.0,0.0,0.0,0.0,0.0,0.0,0.0,0.0,0.0,0.0,0.0,0.0,0.0,16,315.7,21.146901960784312,0.8669117647058823,0.9375,27.969883641341546,0.796875,1.0,1.0,0.0625,0.0,1.0,1.0,15.0,0.0,0.0,0.0,0.0,64.0,341.0,2.0,545.0,4240.0,31.0,13.0,,5
00-0029677,2017,veteran,QB,0.9604058501220178,18.547372524554042,17.813005076974083,128.05982639238155,0.7914170320074648,0.42091287049852505,1.3351172049269144,4.008686309727846,0.045662714483327274,0.1860944299530765,7.189119738023184,0.04442917006914725,0.049296193058417995,0.011577436808228734,0.001430540287198857,0.0003898370885522671,2.2286285245225223e-05,1.3704425008761615e-11,0.06717721544828661,7.748891500694667,7.816068716142953,veteran,,,0.0,0.0,0.0,0.0,0.0,0.0,0.0,0.0,0.0,0.0,0.0,0.0,0.0,0.0,0.0,0.0,0.0,0.0,0.0,0.0,0.0,0.0,0.0,0.0,0.0,0.0,0.0,0.0,0.0,16,0.0,9.553749999999999,0.34375,0.0,33.883641341546884,0.15,0.0,0.375,0.0,1.0,0.0,16.0,0.0,0.0,0.0,0.0,0.0,0.0,0.0,0.0,0.0,0.0,0.0,0.0,,5
00-0029682,2017,veteran,QB,11.850176910724768,31.537317017932477,373.7227859521107,2519.3990236156196,14.737245441258878,9.871524911645027,28.773913728178584,103.28722881145798,1.0566466651265136,2.0803281098601736,6.741357814715794,0.039433628334204184,0.18352600499219496,0.06457592395838842,0.01416509540131189,0.001564335310046114,0.00011174487161825501,1.3704291139193781e-11,3.678911529665217,152.48983953855478,156.16875106822,veteran,Brock Osweiler,QB,6.0,67.92,0.0,0.0,0.0,0.0,14.0,64.0,1.0,172.0,96.0,1088.0,5.0,5.0,10.0,1.0,0.0,0.0,0.0,0.0,0.0,0.0,0.0,0.0,0.0,0.0,0.0,0.0,0.0,16,168.48000000000002,11.45866666666667,0.8075,0.9375,26.77618069815195,0.703125,1.0,0.9375,0.0,0.0625,0.0,1.0,15.0,1.0,1.0,-14.0,0.0,30.0,131.0,2.0,510.0,2957.0,15.0,16.0,,5
00-0029701,2017,veteran,QB,12.236609744516754,33.14883295892031,405.6293324044824,2932.118655247181,18.175955978917415,9.9659064979404,32.401661936542595,136.88245848961267,1.0208288370101155,2.416031745974651,7.228566627236299,0.04480927419911746,0.2467535324687063,0.0981773246326059,0.02531627325014374,0.002576344739682098,0.00019948596831598995,1.3704243015196773e-11,5.476221076128414,185.03791250874878,190.5141335848772,veteran,,,0.0,0.0,0.0,0.0,0.0,0.0,0.0,0.0,0.0,0.0,0.0,0.0,0.0,0.0,0.0,0.0,0.0,0.0,0.0,0.0,0.0,0.0,0.0,0.0,0.0,0.0,0.0,0.0,0.0,16,193.7,15.986480836236934,0.9065766550522648,0.8125,29.097878165639973,0.896875,1.0,1.0,0.1875,0.0,3.0,3.0,13.0,0.0,0.0,0.0,0.0,39.0,164.0,1.0,389.0,2995.0,19.0,12.0,,5
00-0030419,2017,veteran,QB,1.2881534319243353,11.795448706973328,15.194347732975157,106.97751012732876,0.6761443568445629,0.3729655922884081,1.2450332258373538,3.1986395617503454,0.04124966785180206,0.2496009146295835,7.0406122070751,0.0444997290260231,0.01162821734237314,0.001944189500886374,0.00013914529686367557,0.00016282453933522722,8.097055897495432e-06,1.3704509074364854e-11,0.0193194190269067,6.305906781921264,6.325226200948171,veteran,,,0.0,0.0,0.0,0.0,0.0,0.0,0.0,0.0,0.0,0.0,0.0,0.0,0.0,0.0,0.0,0.0,0.0,0.0,0.0,0.0,0.0,0.0,0.0,0.0,0.0,0.0,0.0,0.0,0.0,16,1.6999999999999997,1.9408333333333332,0.16406250000000003,0.1875,27.748117727583846,0.15,1.0,0.1875,0.0,0.8125,0.0,13.0,3.0,0.0,0.0,0.0,0.0,3.0,-3.0,0.0,15.0,50.0,0.0,0.0,,5
00-0030524,2017,veteran,QB,5.147917571480428,14.074297203571035,72.45332188050118,519.3946923881705,3.2795542096179795,1.8830373242103802,4.633835542790727,7.321006997147866,0.15059163394168096,0.9355737753948433,7.1686801779057046,0.045264373316478416,0.02117296165666503,0.004052231420357397,0.00036234123531059953,7.304257363658483e-05,3.196286733513056e-06,1.3704586251553385e-11,0.14441879559607487,29.892432838153162,30.036851633749237,veteran,Landry Jones,QB,3.0,8.56,0.0,0.0,0.0,0.0,8.0,-10.0,0.0,28.0,23.0,239.0,1.0,1.0,3.0,1.0,0.0,0.0,0.0,0.0,0.0,0.0,0.0,0.0,0.0,0.0,0.0,0.0,0.0,16,33.92,4.245714285714285,0.4375,0.4375,28.410677618069816,0.37187500000000007,1.0,0.4375,0.0,0.5625,0.0,9.0,7.0,0.0,0.0,0.0,0.0,6.0,-4.0,0.0,86.0,558.0,4.0,2.0,,5
00-0030526,2017,veteran,QB,3.2161130347183313,16.01487138023967,51.50563659532635,363.22844339250514,2.210930593077372,1.2395613617601287,7.077493398421583,23.375922746094435,0.23891674809027397,0.6310903016318229,7.052207630134692,0.042925992944197355,0.029879907933002367,0.006199804812712476,0.0006313298970680073,0.0010962104713651186,7.395283439046397e-05,1.370432541553372e-11,0.13394922549401694,23.402649544376878,23.536598769870896,veteran,EJ Manuel,QB,2.0,14.1,0.0,0.0,0.0,0.0,2.0,15.0,0.0,43.0,24.0,265.0,1.0,1.0,4.0,0.0,0.0,0.0,0.0,0.0,0.0,0.0,0.0,0.0,0.0,0.0,0.0,0.0,0.0,16,7.44,5.396043956043957,0.28777472527472525,0.3125,27.45516769336071,0.284375,1.0,0.3125,0.0,0.6875,0.0,11.0,5.0,0.0,0.0,0.0,0.0,8.0,22.0,0.0,26.0,131.0,0.0,0.0,,5
00-0030533,2017,veteran,QB,4.804874262908256,26.79091627138964,128.7269840721301,928.6134451637655,5.565310446401969,4.364157732739944,6.4773034670074745,13.938802450702429,0.21121030686874334,0.9744053596704766,7.213821187975878,0.04323344080898793,0.14273143237727626,0.045818474265161446,0.008884554560778784,0.00020906827366309693,1.0819904554635882e-05,1.370448500507182e-11,1.1024954619945766,51.38979549362036,52.49229095561494,veteran,,,0.0,0.0,0.0,0.0,0.0,0.0,0.0,0.0,0.0,0.0,0.0,0.0,0.0,0.0,0.0,0.0,0.0,0.0,0.0,0.0,0.0,0.0,0.0,0.0,0.0,0.0,0.0,0.0,0.0,16,75.84,10.427999999999999,0.4234374999999999,0.4375,26.981519507186857,0.25000000000000006,1.0,0.4375,0.0,0.5625,0.0,9.0,7.0,1.0,1.0,2.0,1.0,7.0,2.0,0.0,216.0,1611.0,8.0,14.0,,5
00-0030565,2017,veteran,QB,2.630280401707559,22.0144523380171,57.904182539011536,413.3469777449458,2.565039942149526,1.529950100396742,7.76863313524526,33.42662206723709,0.25020875459519737,0.5066329350341601,7.138464954003336,0.044298008013866574,0.07993023201391894,0.021396221163584386,0.0032138542346582507,0.0033379183352510748,0.0002695667822167253,1.370421801208712e-11,0.32140590576877387,27.564787541829023,27.886193447597798,veteran,Geno Smith,QB,2.0,9.680000000000001,0.0,0.0,0.0,0.0,4.0,12.0,0.0,36.0,21.0,212.0,1.0,0.0,3.0,2.0,0.0,0.0,0.0,0.0,0.0,0.0,0.0,0.0,0.0,0.0,0.0,0.0,0.0,16,7.9399999999999995,9.574857142857143,0.5696428571428572,0.125,26.89390828199863,0.21875,1.0,0.875,0.0,0.875,0.0,14.0,2.0,0.0,0.0,0.0,0.0,2.0,9.0,0.0,14.0,126.0,1.0,1.0,,5
00-0031064,2017,veteran,QB,1.4853522328950153,19.854152745021416,29.490410112056257,209.16988050625164,1.2100546857644845,0.6518994205091649,2.3972492479667875,6.3455430643352715,0.07822159317390046,0.3017352338588793,7.09281016138663,0.0410321416747538,0.057979869650265595,0.014206805580147587,0.0018721291260703206,0.00040633435379252875,2.338380537347908e-05,1.3704421017295584e-11,0.12399088625121008,12.403628520048846,12.527619406300056,veteran,Tom Savage,QB,8.0,53.18,0.0,0.0,0.0,0.0,4.0,2.0,0.0,223.0,125.0,1412.0,5.0,6.0,21.0,7.0,0.0,0.0,2.5,2.5,0.0,0.0,0.0,0.0,0.0,0.0,1.0,1.0,0.0,16,17.64,5.012307692307691,0.17788461538461536,0.1875,27.351129363449694,0.12187500000000001,1.0,0.1875,0.0625,0.75,1.0,13.0,3.0,0.0,0.0,0.0,0.0,6.0,12.0,0.0,73.0,461.0,0.0,0.0,,5
00-0031237,2017,veteran,QB,4.401846781138674,29.230460927273505,128.66801034391864,923.1666611795413,5.317827438494928,3.065672238762805,14.539138799757104,59.19127834198456,0.516469381479209,0.8348077984707536,7.17479549665838,0.041329833454957665,0.1771762166237072,0.06150761355590813,0.013252401415702558,0.003746193819053499,0.0003082894839120346,1.3704206864674773e-11,1.3212190119206189,59.41496024976796,60.73617926168858,veteran,Teddy Bridgewater,QB,1.0,-2.3,0.0,0.0,0.0,0.0,3.0,-3.0,0.0,2.0,0.0,0.0,0.0,1.0,0.0,0.0,0.0,0.0,0.0,0.0,0.0,0.0,0.0,0.0,0.0,0.0,0.0,0.0,0.0,16,0.0,13.056444444444445,0.9458333333333333,0.0,24.80766598220397,0.421875,0.0,1.0,0.0,1.0,0.0,16.0,0.0,0.0,0.0,0.0,0.0,0.0,0.0,0.0,0.0,0.0,0.0,0.0,,5
00-0031266,2017,veteran,QB,1.7629856649673332,22.980992218889043,40.515159848627206,285.93145017641103,1.7391736331966203,1.0988643397668503,2.5830845252535433,6.666954587400926,0.0896845856533513,0.3566432260317959,7.057394102471976,0.042926490718400795,0.08753227861462475,0.024056556473961262,0.0037538628654543954,0.0003275910013229116,1.8214361826669133e-05,1.3704441761074495e-11,0.23179691735353636,16.68774038090583,16.919537298259364,veteran,,,0.0,0.0,0.0,0.0,0.0,0.0,0.0,0.0,0.0,0.0,0.0,0.0,0.0,0.0,0.0,0.0,0.0,0.0,0.0,0.0,0.0,0.0,0.0,0.0,0.0,0.0,0.0,0.0,0.0,16,0.0,7.441904761904761,0.43749999999999994,0.0,26.130047912388775,0.19687500000000002,0.0,0.4375,0.0,1.0,0.0,16.0,0.0,0.0,0.0,0.0,0.0,0.0,0.0,0.0,0.0,0.0,0.0,0.0,,5
00-0031280,2017,veteran,QB,13.330230295367318,36.545127224142185,487.1549620713131,3390.2830029452043,22.728646792644334,9.420196878154096,31.403025999261367,82.71277519002058,0.8421605517162165,2.648086870978943,6.959352294247823,0.046655886857860145,0.28326746931953406,0.12018887343622797,0.03371129679010477,0.000809215339367303,5.199673122506145e-05,1.370435466376496e-11,7.089824063319373,215.71358061941876,222.80340468273815,veteran,Derek Carr,QB,15.0,212.94,0.0,0.0,0.0,0.0,23.0,66.0,0.0,515.0,323.0,3496.0,22.0,13.0,20.0,3.0,0.0,0.0,6.5,6.5,0.0,0.0,0.0,0.0,0.0,0.0,3.0,1.0,1.0,16,275.98,17.111521035598702,0.966626213592233,0.9375,26.431211498973305,0.9656250000000001,1.0,1.0,0.0625,0.0,1.0,1.0,15.0,0.0,0.0,0.0,0.0,39.0,70.0,0.0,560.0,3937.0,28.0,6.0,,5
00-0031288,2017,veteran,QB,1.6316389832629703,17.94759251459476,29.28399160253149,209.81348673801307,1.325251009259689,0.691726917964548,2.9540567070264276,8.909742076672124,0.09639006963737073,0.3179670592285261,7.164784418251079,0.04525513554460677,0.04422743770329657,0.01010360100782278,0.0011964660020314017,0.0006362575160767972,3.93384057261212e-05,1.3704377828033203e-11,0.10193017826803705,13.143470177664566,13.245400355932603,veteran,AJ McCarron,QB,2.0,2.6399999999999997,0.0,0.0,0.0,0.0,0.0,0.0,0.0,14.0,7.0,66.0,0.0,0.0,1.0,0.0,0.0,0.0,0.0,0.0,0.0,0.0,0.0,0.0,0.0,0.0,0.0,0.0,0.0,16,0.0,7.894285714285713,0.4375,0.0,26.967830253251197,0.13125,0.0,0.4375,0.0,1.0,0.0,16.0,0.0,0.0,0.0,0.0,0.0,0.0,0.0,0.0,0.0,0.0,0.0,0.0,,5
00-0031345,2017,veteran,QB,4.245414750933871,13.532386578259686,57.450593594683205,413.7780435804227,2.64075943814704,1.2585009536652898,6.666728231892284,10.82762794450855,0.21139053218666298,0.7999402200699118,7.202328430227325,0.04596574679067251,0.019041510389739304,0.003556615515283352,0.00030564899465907353,0.0001698483214367606,8.503457395408398e-06,1.370450500819879e-11,0.1068585122885058,25.348383135905497,25.455241648194004,veteran,Jimmy Garoppolo,QB,6.0,90.9,1.0,1.0,-6.0,0.0,15.0,11.0,1.0,178.0,120.0,1560.0,7.0,5.0,8.0,0.0,0.0,0.0,3.5,3.5,0.0,0.0,0.0,0.0,0.0,0.0,2.0,1.0,0.0,16,35.48,4.0500952380952375,0.3375,0.375,25.831622176591377,0.328125,1.0,0.375,0.0625,0.5625,1.0,10.0,6.0,1.0,1.0,3.0,0.0,10.0,6.0,0.0,63.0,502.0,4.0,0.0,,5
00-0031407,2017,veteran,QB,13.756312307053449,37.76837707442229,519.5535903663107,3563.890830167021,22.349648607714006,13.663855264123388,53.15644123063527,307.21129316670033,1.855734884373053,3.081991171193785,6.859524977306583,0.043017022732835725,0.2952326925071899,0.12783424221931664,0.036822368038316525,0.010714703623644984,0.0010502909387598337,1.3704105029809185e-11,7.881251754830215,240.31807338981088,248.19932514464108,veteran,Blake Bortles,QB,16.0,255.18,0.0,0.0,0.0,0.0,57.0,322.0,2.0,523.0,315.0,3687.0,21.0,13.0,24.0,3.0,0.0,0.0,5.5,5.5,0.0,0.0,0.0,0.0,0.0,0.0,4.0,1.0,0.0,16,275.6,17.484012738853504,0.9832802547770702,1.0,25.711156741957563,0.9812500000000001,1.0,1.0,0.0,0.0,0.0,0.0,16.0,1.0,1.0,20.0,1.0,58.0,359.0,3.0,625.0,3905.0,23.0,16.0,,5
00-0031409,2017,veteran,QB,2.0179387656966705,23.035335503263152,46.483896492863536,329.3989587364611,1.98627203396506,1.1326890748096368,7.792811078383101,39.35321962846656,0.24792355471999034,0.40707100311592775,7.086302646488171,0.04273032563588991,0.08916516476034111,0.02463899975182097,0.0038749505130205313,0.008075649908402115,0.0007546040901880569,1.3704132505492295e-11,0.28872894168435215,23.46438962063415,23.7531185623185,veteran,,,0.0,0.0,0.0,0.0,0.0,0.0,0.0,0.0,0.0,0.0,0.0,0.0,0.0,0.0,0.0,0.0,0.0,0.0,0.0,0.0,0.0,0.0,0.0,0.0,0.0,0.0,0.0,0.0,0.0,16,0.0,9.495454545454544,0.5056818181818181,0.0,24.736481861738536,0.20625,0.0,0.5625,0.0,1.0,0.0,16.0,0.0,0.0,0.0,0.0,0.0,0.0,0.0,0.0,0.0,0.0,0.0,0.0,,5
00-0031503,2017,veteran,QB,13.413577062199025,36.15155958118431,484.9217303608952,3500.3196650764517,21.97852534131282,13.288768991700751,45.3629075839134,148.334829424798,1.6962863894137428,2.890630390741306,7.218318845953542,0.04532386149194769,0.2999954448137126,0.1309381755067823,0.038113891294468974,0.0025172682935055532,0.00019417999417959187,1.3704245253926468e-11,7.718695759753239,220.57929048238748,228.29798624214072,veteran,Jameis Winston,QB,13.0,212.16,0.0,0.0,0.0,0.0,33.0,135.0,1.0,442.0,282.0,3504.0,19.0,11.0,33.0,7.0,0.0,0.0,10.5,10.5,0.0,0.0,0.0,0.0,0.0,0.0,6.0,3.0,0.0,16,262.6,16.76279411764706,1.0,1.0,23.652292950034223,0.8500000000000001,1.0,1.0,0.0,0.0,0.0,0.0,16.0,0.0,0.0,0.0,0.0,53.0,165.0,1.0,567.0,4090.0,28.0,18.0,,5
00-0031568,2017,veteran,QB,4.957985045495057,20.66283317241368,102.44601786638623,718.7447611158116,4.285455811134103,2.9618006344966776,6.625609876123087,24.655927214602695,0.2183232903114262,0.9677754349924077,7.0158389372754755,0.04183135567771261,0.06316170821431204,0.015835729062304384,0.002159807081446852,0.0005351306690941744,3.2182008997416396e-05,1.3704394500225525e-11,0.45523385587920373,41.807994013519526,42.26322786939873,veteran,Bryce Petty,QB,4.0,25.259999999999998,0.0,0.0,0.0,0.0,7.0,55.0,0.0,112.0,55.0,544.0,1.0,3.0,8.0,0.0,0.0,0.0,0.0,0.0,0.0,0.0,0.0,0.0,0.0,0.0,0.0,0.0,0.0,16,32.26,5.376666666666666,0.375,0.375,26.255989048596852,0.20625000000000002,1.0,0.375,0.3125,0.3125,5.0,10.0,6.0,0.0,0.0,0.0,0.0,5.0,19.0,0.0,133.0,809.0,3.0,7.0,,5
00-0032156,2017,veteran,QB,11.171638696714743,31.42523856306527,351.0714111846324,2491.6829844004938,14.783812760272378,7.967428875572726,23.937200758963083,55.74494446576164,0.7244927200539243,2.1122079132230565,7.097367957113688,0.04211055725211816,0.20720913903718247,0.07650801871535927,0.017886687241690184,0.0005384739527668507,3.241535268248578e-05,1.3704393900359103e-11,4.003151600072254,148.5647476064174,152.56789920648964,veteran,Trevor Siemian,QB,11.0,128.6,0.0,0.0,0.0,0.0,31.0,127.0,1.0,349.0,206.0,2285.0,12.0,14.0,33.0,2.0,0.0,0.0,2.5,2.5,0.0,0.0,0.0,0.0,0.0,0.0,1.0,1.0,0.0,16,196.24,13.487749999999998,0.8445312499999998,0.875,25.683778234086244,0.5000000000000001,1.0,0.875,0.0625,0.0625,1.0,2.0,14.0,0.0,0.0,0.0,0.0,28.0,57.0,0.0,486.0,3401.0,18.0,10.0,,5
00-0032268,2017,veteran,QB,12.118831377417006,33.08543413274268,400.9567973033456,2933.6828281565845,19.54246650225143,9.287435390151254,49.372094102094074,277.738436984182,1.7019545182183389,2.8069301827272484,7.3167055600184625,0.04873958150525253,0.25277611468738126,0.10167327940479545,0.026593337310718675,0.011310300882989305,0.0011189790542605262,1.370409976439591e-11,5.713562151712442,209.31401879724032,215.02758094895276,veteran,Marcus Mariota,QB,15.0,212.48000000000002,0.0,0.0,0.0,0.0,60.0,312.0,5.0,453.0,281.0,3232.0,13.0,15.0,27.0,1.0,0.0,0.0,2.0,2.0,0.0,0.0,0.0,0.0,0.0,0.0,2.0,0.0,0.0,16,260.94,17.5926582278481,0.8805379746835442,0.9375,23.838466803559207,0.740625,1.0,0.9375,0.0,0.0625,0.0,1.0,15.0,1.0,0.0,0.0,0.0,60.0,349.0,2.0,451.0,3426.0,26.0,9.0,,5
00-0032950,2017,veteran,QB,12.792064127955738,34.753282268247546,444.5662154323697,3025.8072952913735,16.83024772884667,10.49978584196974,37.70801379686554,120.32697269895704,1.3100797560908428,2.5034015922990007,6.806201619141433,0.037857684962583474,0.2392571224288788,0.09389892140034353,0.023782673573833853,0.0018197070881280206,0.000133194674937955,1.3704276558264323e-11,5.496626522661426,182.2400836649449,187.73671018760632,veteran,Carson Wentz,QB,13.0,285.74,0.0,0.0,0.0,0.0,64.0,299.0,0.0,440.0,265.0,3296.0,33.0,7.0,28.0,3.0,0.0,0.0,4.0,4.0,0.0,0.0,0.0,0.0,0.0,0.0,4.0,0.0,0.0,16,218.98,13.68625,1.0,1.0,24.670773442847366,0.55,1.0,1.0,0.0,0.0,0.0,0.0,16.0,1.0,1.0,7.0,0.0,46.0,150.0,2.0,607.0,3782.0,16.0,14.0,,5
00-0033077,2017,veteran,QB,12.757106653357821,31.014271095011818,395.6523641352184,2933.7180381835224,18.33205871007731,7.1736997822979225,47.907999124245826,217.64443679657762,2.1841175851972516,2.6127275859650503,7.414888179919716,0.04633375248533112,0.22348497088059857,0.0851592530677148,0.020751209128309526,0.006116891532753125,0.0005456808228579968,1.3704159436808425e-11,5.098526696579848,205.97325082196545,211.0717775185453,veteran,Dak Prescott,QB,16.0,261.66,0.0,0.0,0.0,0.0,57.0,357.0,6.0,490.0,308.0,3324.0,22.0,13.0,32.0,3.0,0.0,0.0,1.0,1.0,0.0,0.0,0.0,0.0,0.0,0.0,1.0,0.0,0.0,16,288.88,18.055,1.0,1.0,24.093086926762492,0.55,1.0,1.0,0.0,0.0,0.0,0.0,16.0,0.0,0.0,0.0,0.0,57.0,282.0,6.0,459.0,3667.0,23.0,4.0,,5
00-0033104,2017,veteran,QB,6.934244594841411,23.045572704132926,159.8036379586585,1141.480750970724,6.749515884868091,3.377452856448818,12.2674872772026,31.4234798449042,0.3953497763814486,1.3135396704445952,7.143021057292996,0.04223630932991778,0.09133734955732523,0.025419781951135062,0.004038836777143763,0.0004517782381044565,2.644342031480723e-05,1.3704410807532735e-11,0.9571763537650757,68.7897551672936,69.74693152105868,veteran,Cody Kessler,QB,3.0,2.94,0.0,0.0,0.0,0.0,1.0,-1.0,0.0,23.0,11.0,126.0,0.0,1.0,6.0,0.0,0.0,0.0,0.0,0.0,0.0,0.0,0.0,0.0,0.0,0.0,0.0,0.0,0.0,16,78.0,8.666666666666666,0.5625,0.5625,24.309377138945926,0.309375,1.0,0.5625,0.125,0.3125,2.0,7.0,9.0,0.0,0.0,0.0,0.0,11.0,18.0,0.0,195.0,1380.0,6.0,2.0,,5
00-0033106,2017,veteran,QB,4.635092778804585,27.567274293084694,127.77687400720212,870.2098390196898,5.231499404772133,3.3866285657415425,8.826965166110725,25.612788794344542,0.31859826602390234,0.9425861644150743,6.81038604036158,0.04094245884022221,0.13193313501820675,0.041231345965137924,0.007707259383947196,0.0006505124034604155,4.0362681545343305e-05,1.3704375693756648e-11,0.9729325295843523,51.54883019514076,52.521762724725114,veteran,Jared Goff,QB,15.0,263.26,0.0,0.0,0.0,0.0,28.0,51.0,1.0,477.0,296.0,3804.0,28.0,7.0,25.0,3.0,0.0,0.0,8.0,8.0,0.0,0.0,0.0,0.0,0.0,0.0,5.0,2.0,0.0,16,53.160000000000004,7.594285714285715,0.4375,0.4375,22.882956878850102,0.24062500000000003,1.0,0.4375,0.0,0.5625,0.0,9.0,7.0,0.0,0.0,0.0,0.0,8.0,16.0,1.0,205.0,1089.0,5.0,7.0,,5
00-0033108,2017,veteran,QB,1.1202955208733454,25.717582828259214,28.81129285018806,203.32494613055465,1.2383566988953114,0.6606144723454951,3.193010779386019,9.22832943348439,0.10290258054391699,0.21369675114951164,7.057126772748328,0.042981642834789634,0.12020381583249261,0.036428707565421554,0.006526678026367623,0.0013995196489201705,9.819567149689227e-05,1.3704301872195499e-11,0.21223667754357625,12.878050620425357,13.090287297968933,veteran,Paxton Lynch,QB,2.0,14.8,0.0,0.0,0.0,0.0,5.0,30.0,0.0,45.0,30.0,295.0,2.0,3.0,9.0,1.0,0.0,0.0,0.0,0.0,0.0,0.0,0.0,0.0,0.0,0.0,0.0,0.0,0.0,16,28.380000000000003,9.46,0.1875,0.1875,23.550992470910334,0.10312500000000001,1.0,0.1875,0.0,0.8125,0.0,13.0,3.0,0.0,0.0,0.0,0.0,11.0,25.0,0.0,83.0,497.0,2.0,1.0,,5
00-0033119,2017,veteran,QB,1.4006355769365835,19.71582599013495,27.61468731047395,198.0284903185204,1.1620869842768253,0.6196015107998909,6.152364581594321,27.646378255343727,0.21571580433776918,0.2821155154045521,7.171129192667351,0.04208220687822376,0.05866805270341986,0.014420613826266753,0.0019092981222801838,0.008281184016310606,0.0007770850186199632,1.3704130066241e-11,0.13104960112545477,14.824986149000221,14.956035750125675,veteran,Jacoby Brissett,QB,16.0,207.92000000000002,0.0,0.0,0.0,0.0,63.0,260.0,4.0,469.0,276.0,3098.0,13.0,7.0,52.0,3.0,0.0,0.0,2.0,2.0,0.0,0.0,0.0,0.0,0.0,0.0,2.0,0.0,0.0,16,28.299999999999997,9.433333333333332,0.1875,0.1875,24.722792607802873,0.10312500000000001,1.0,0.1875,0.0625,0.75,1.0,13.0,3.0,0.0,0.0,0.0,0.0,16.0,83.0,1.0,55.0,400.0,0.0,0.0,,5
00-0033537,2017,rookie,QB,8.832028966535205,27.283419623108305,240.96795241742757,1647.1575335365742,8.641238149725346,6.3688018196937675,31.885786013408723,148.85791108535014,1.6236532422862513,1.7920058772680127,6.835587541878645,0.03586052860156347,0.12955329596109655,0.04024171438258377,0.007459550551776831,0.005964658787596928,0.000529881295942827,1.3704161877558952e-11,1.868808306236305,108.75734910869332,110.62615741492962,rookie,Deshaun Watson,QB,7.0,174.36,0.0,0.0,0.0,0.0,36.0,269.0,2.0,204.0,126.0,1699.0,19.0,8.0,19.0,1.0,0.0,0.0,5.5,5.5,0.0,0.0,0.0,0.0,0.0,0.0,2.0,1.0,1.0,16,0.0,,,0.0,21.965776865160848,0.0,0.0,0.0,0.0,1.0,0.0,16.0,0.0,0.0,0.0,0.0,0.0,0.0,0.0,0.0,0.0,0.0,0.0,0.0,,5
00-0033550,2017,rookie,QB,4.310961904985399,23.266515166856472,100.30106054608326,685.6166799060225,3.596849050479968,2.650964871114994,13.34696960738914,62.30995887133239,0.6796398391628272,0.8746879227506608,6.835587541878645,0.03586052860156347,0.08273868364426633,0.022369141804368657,0.0034088129917883726,0.004344158372033297,0.0003662715531580483,1.370419255127482e-11,0.5518185918435148,45.06959273253966,45.621411324383175,rookie,,,0.0,0.0,0.0,0.0,0.0,0.0,0.0,0.0,0.0,0.0,0.0,0.0,0.0,0.0,0.0,0.0,0.0,0.0,0.0,0.0,0.0,0.0,0.0,0.0,0.0,0.0,0.0,0.0,0.0,16,0.0,,,0.0,22.60917180013689,0.0,0.0,0.0,0.0,1.0,0.0,16.0,0.0,0.0,0.0,0.0,0.0,0.0,0.0,0.0,0.0,0.0,0.0,0.0,,5
00-0033869,2017,rookie,QB,14.476966411900039,33.755967573334864,488.68400876035565,3340.4423221976017,17.524466873277426,12.915956553661218,54.7731024161976,255.7067153969615,2.789096222709954,2.937355503863776,6.835587541878645,0.03586052860156347,0.22532776967582893,0.08616219623715443,0.02109212365201699,0.0065731848534969035,0.0005934371450052602,1.370415246711143e-11,5.8518598471121415,214.31418514191967,220.1660449890318,rookie,Mitchell Trubisky,QB,12.0,135.52,0.0,0.0,0.0,0.0,41.0,248.0,2.0,330.0,196.0,2193.0,7.0,7.0,31.0,3.0,0.0,0.0,1.0,1.0,0.0,0.0,0.0,0.0,0.0,0.0,1.0,0.0,0.0,16,0.0,,,0.0,23.033538672142367,0.0,0.0,0.0,0.0,1.0,0.0,16.0,0.0,0.0,0.0,0.0,0.0,0.0,0.0,0.0,0.0,0.0,0.0,0.0,,5
00-0033873,2017,rookie,QB,9.296222892815631,27.740896566194056,257.8855577258837,1762.7993056214768,9.2479124187592,6.815935450504185,33.917692970379896,158.34381257786237,1.7271197937246534,1.8861901521654905,6.835587541878645,0.03586052860156347,0.13556774353432105,0.0427576409519363,0.008093712212856036,0.00609647478671257,0.0005435579135044128,1.3704159760622297e-11,2.0712304494945544,116.2964707146907,118.36770116418525,rookie,Patrick Mahomes,QB,1.0,10.36,0.0,0.0,0.0,0.0,7.0,10.0,0.0,35.0,22.0,284.0,0.0,1.0,2.0,0.0,0.0,0.0,0.0,0.0,0.0,0.0,0.0,0.0,0.0,0.0,0.0,0.0,0.0,16,0.0,,,0.0,21.95756331279945,0.0,0.0,0.0,0.0,1.0,0.0,16.0,0.0,0.0,0.0,0.0,0.0,0.0,0.0,0.0,0.0,0.0,0.0,0.0,,5
00-0033899,2017,rookie,QB,4.749814498820399,22.967365027340854,109.09072340656415,745.6991898524391,3.912051006886343,2.8832763476359555,15.995745998614613,74.6756982752225,0.8145179435914267,0.9637304780215303,6.835587541878645,0.03586052860156347,0.07970398438456013,0.021318352049248507,0.003198379301685112,0.0051656654015520016,0.0004481197965452519,1.3704175799074065e-11,0.5885785652957873,50.13683545939877,50.72541402469456,rookie,DeShone Kizer,QB,15.0,176.66,0.0,0.0,0.0,0.0,77.0,419.0,5.0,476.0,255.0,2894.0,11.0,22.0,38.0,6.0,0.0,0.0,1.0,1.0,0.0,0.0,0.0,0.0,0.0,0.0,1.0,0.0,0.0,16,0.0,,,0.0,21.661875427789184,0.0,0.0,0.0,0.0,1.0,0.0,16.0,0.0,0.0,0.0,0.0,0.0,0.0,0.0,0.0,0.0,0.0,0.0,0.0,,5
00-0033936,2017,rookie,QB,4.964364654735083,24.840524767602826,123.31742316135887,842.9470414583618,4.422227980349016,3.259289134305676,14.152108082310201,66.06872559769735,0.7206382230428814,1.0072623937143648,6.835587541878645,0.03586052860156347,0.09975726869725048,0.028510109044510654,0.004704568437613881,0.003667782566472531,0.0003007954842337698,1.370420890848908e-11,0.7746918097489698,53.80439242171748,54.57908423146645,rookie,C.J. Beathard,QB,6.0,88.8,0.0,0.0,0.0,0.0,26.0,136.0,3.0,224.0,123.0,1430.0,4.0,6.0,19.0,2.0,0.0,0.0,0.0,0.0,0.0,0.0,0.0,0.0,0.0,0.0,0.0,0.0,0.0,16,0.0,,,0.0,23.79192334017796,0.0,0.0,0.0,0.0,1.0,0.0,16.0,0.0,0.0,0.0,0.0,0.0,0.0,0.0,0.0,0.0,0.0,0.0,0.0,,5
00-0033949,2017,rookie,QB,3.1633323881373863,22.11115031137534,69.94491791894767,478.1146095444831,2.508261729566432,1.8486496484347752,9.51907993224384,44.4395616771817,0.48472021323451847,0.6418355570133828,6.835587541878645,0.03586052860156347,0.07137493162981715,0.018505232548275973,0.0026525770554342576,0.004097587564521151,0.00034218926237686173,1.370419820004866e-11,0.344957620061231,31.52893833627401,31.87389595633524,rookie,,,0.0,0.0,0.0,0.0,0.0,0.0,0.0,0.0,0.0,0.0,0.0,0.0,0.0,0.0,0.0,0.0,0.0,0.0,0.0,0.0,0.0,0.0,0.0,0.0,0.0,0.0,0.0,0.0,0.0,16,0.0,,,0.0,22.598220396988363,0.0,0.0,0.0,0.0,1.0,0.0,16.0,0.0,0.0,0.0,0.0,0.0,0.0,0.0,0.0,0.0,0.0,0.0,0.0,,5
00-0019596,2018,veteran,QB,12.590140031651439,38.29401682677027,482.12703422345413,3610.503126174881,24.033321127269094,8.296810579726772,20.68344384313963,38.815542935242725,0.6195092652034278,2.275599898792639,7.4886966917136215,0.04984852418819193,0.3445481020520328,0.15987985090452797,0.05437552281611911,0.0001498855544387906,7.411910700171106e-06,1.3705128006470555e-11,8.728491368219192,227.00719848377764,235.73568985199682,veteran,Tom Brady,QB,16.0,287.3,1.0,1.0,6.0,0.0,23.0,35.0,2.0,570.0,375.0,4355.0,29.0,11.0,21.0,2.0,0.0,0.0,6.5,6.5,0.0,0.0,0.0,0.0,0.0,0.0,5.0,1.0,0.0,16,306.88,20.559594594594596,0.9391891891891891,1.0,41.07871321013005,0.925,1.0,1.0,0.0,0.0,0.0,0.0,16.0,0.0,0.0,0.0,0.0,25.0,28.0,0.0,581.0,4577.0,32.0,8.0,,6
00-0020531,2018,veteran,QB,13.05047439963274,37.9750019829279,495.5917912042031,3715.612677280822,22.786946189485512,10.221935970158437,20.521941352199384,20.82658814165699,0.7984851654925127,2.244258854749813,7.497324901715019,0.04597926477780663,0.3397413264146266,0.1565293183068723,0.052562536043363785,5.15515078901591e-05,2.138869055529027e-06,1.3705274475718615e-11,8.870604978807924,221.7134720064792,230.58407698528714,veteran,Drew Brees,QB,15.0,318.48,1.0,1.0,1.0,0.0,31.0,22.0,4.0,489.0,364.0,3992.0,32.0,5.0,17.0,1.0,0.0,0.0,14.0,14.0,0.0,0.0,0.0,0.0,0.0,0.0,6.0,4.0,1.0,16,268.56,19.126750788643534,0.9911277602523659,1.0,39.62765229295003,0.9906250000000001,1.0,1.0,0.0,0.0,0.0,0.0,16.0,0.0,0.0,0.0,0.0,33.0,12.0,2.0,536.0,4334.0,23.0,8.0,,6
00-0020679,2018,veteran,QB,0.0,13.636018788787482,0.0,0.0,0.0,0.0,0.0,0.0,0.0,0.0,7.121102340575211,0.04366560176223239,2.6040802927163152e-08,4.713583704665021e-10,9.357622968839299e-14,5.444253654942997e-06,1.5609947922766807e-07,1.3705582965087315e-11,0.0,0.0,0.0,veteran,,,0.0,0.0,0.0,0.0,0.0,0.0,0.0,0.0,0.0,0.0,0.0,0.0,0.0,0.0,0.0,0.0,0.0,0.0,0.0,0.0,0.0,0.0,0.0,0.0,0.0,0.0,0.0,0.0,0.0,16,0.0,2.273333333333333,0.1875,0.0,38.64476386036961,0.08437499999999999,0.0,0.1875,0.0,1.0,0.0,16.0,0.0,0.0,0.0,0.0,0.0,0.0,0.0,0.0,0.0,0.0,0.0,0.0,,6
00-0021206,2018,veteran,QB,9.342838570272336,31.94351884065285,298.4431398946725,2136.1201476987,13.149252770672343,7.1064962884829415,20.149020870855228,69.28976122677342,0.9437396261196117,2.1547906476750405,7.1575448122298475,0.04405949078043147,0.21190475546150642,0.07951820407818024,0.018332956636965034,0.000823760992764035,5.394107104541664e-05,1.3704894089750673e-11,3.4451964577610323,132.1106569977164,135.55585345547743,veteran,Josh McCown,QB,4.0,20.759999999999998,0.0,0.0,0.0,0.0,5.0,32.0,0.0,110.0,60.0,539.0,1.0,4.0,7.0,0.0,0.0,0.0,0.0,0.0,0.0,0.0,0.0,0.0,0.0,0.0,0.0,0.0,0.0,16,209.94,15.504670050761423,0.6982868020304569,0.8125,39.162217659137575,0.615625,1.0,0.8125,0.0,0.1875,0.0,3.0,13.0,0.0,0.0,0.0,0.0,37.0,124.0,5.0,397.0,2926.0,18.0,9.0,,6
00-0021429,2018,veteran,QB,6.6245445650235055,35.29464765191471,233.81096627691122,1702.4852114770338,10.363816891325785,5.588979054758016,8.602383495431328,16.786957276940097,0.26264839652039934,1.2242919704534527,7.281460055473684,0.04432562362815576,0.2753673817316861,0.11492647631591733,0.03228781426107371,0.00010665902614737522,4.9872623131180515e-06,1.3705174699956386e-11,3.394727092244364,99.18272008077795,102.57744717302232,veteran,,,0.0,0.0,0.0,0.0,0.0,0.0,0.0,0.0,0.0,0.0,0.0,0.0,0.0,0.0,0.0,0.0,0.0,0.0,0.0,0.0,0.0,0.0,0.0,0.0,0.0,0.0,0.0,0.0,0.0,16,106.82000000000001,17.07423255813953,0.7723837209302324,0.4375,38.680355920602324,0.6718750000000001,1.0,1.0,0.0,0.5625,0.0,9.0,7.0,0.0,0.0,0.0,0.0,14.0,12.0,0.0,267.0,1978.0,9.0,7.0,,6
00-0022803,2018,veteran,QB,12.476817956909336,36.14868476467603,451.02055919056477,3056.0308196418346,19.16888236492438,10.793943349100756,14.761586042034457,27.897615394918226,0.4917210178451056,2.6859751796420874,6.775812670549689,0.04250112766328499,0.24791353431589433,0.09895240310769916,0.025610344741216325,8.665921063422236e-05,3.916047468095512e-06,1.3705203197341956e-11,5.585314456227732,177.69701283444766,183.2823272906754,veteran,Eli Manning,QB,16.0,246.46,0.0,0.0,0.0,0.0,15.0,20.0,1.0,576.0,380.0,4299.0,21.0,11.0,47.0,4.0,0.0,0.0,6.5,6.5,0.0,0.0,0.0,0.0,0.0,0.0,5.0,1.0,0.0,16,194.32,14.415016181229772,0.966626213592233,0.9375,37.659137577002056,0.9656250000000001,1.0,1.0,0.0,0.0625,0.0,1.0,15.0,0.0,0.0,0.0,0.0,12.0,26.0,1.0,571.0,3468.0,19.0,13.0,,6
00-0022924,2018,veteran,QB,12.073995174906806,36.25812446020479,437.78041978368304,3224.1410479918795,20.621179987128574,11.012702433877315,18.2034453046885,34.9116362860839,0.5462150450898815,2.061819928086518,7.364744749399708,0.0471039339706375,0.29855277037237177,0.1292249676461647,0.03878825513321955,0.00013384160303047166,6.496401397435567e-06,1.3705143544187428e-11,6.883509232808925,192.0697710434095,198.95328027621844,veteran,Ben Roethlisberger,QB,16.0,360.86,1.0,1.0,-1.0,0.0,31.0,98.0,3.0,675.0,452.0,5129.0,34.0,16.0,24.0,2.0,0.0,0.0,19.5,19.5,0.0,0.0,0.0,0.0,0.0,0.0,8.0,5.0,2.0,16,271.06,18.561333333333334,0.8953947368421052,0.9375,36.50102669404517,0.890625,1.0,0.9375,0.0,0.0625,0.0,1.0,15.0,0.0,0.0,0.0,0.0,28.0,47.0,0.0,562.0,4259.0,28.0,14.0,,6
00-0022942,2018,veteran,QB,13.276566109003815,36.32723813170176,482.3009786130627,3558.017408182074,22.588464536818446,11.381530646295564,16.279920391734244,24.618969766712077,0.4759695469002734,2.433889296708718,7.377172276145385,0.04683478893568776,0.3007828271840966,0.13064018600382535,0.03945836219234522,6.447401382148487e-05,2.775233207875896e-06,1.3705243779888257e-11,7.6436970591420765,210.36142884662107,218.00512590576315,veteran,Philip Rivers,QB,16.0,297.02,0.0,0.0,0.0,0.0,18.0,7.0,0.0,508.0,347.0,4308.0,32.0,12.0,32.0,1.0,0.0,0.0,12.0,12.0,0.0,0.0,0.0,0.0,0.0,0.0,5.0,2.0,2.0,16,281.4,17.53275,1.0,1.0,36.73100616016427,1.0,1.0,1.0,0.0,0.0,0.0,0.0,16.0,0.0,0.0,0.0,0.0,18.0,-2.0,0.0,575.0,4515.0,28.0,10.0,8.6,6
00-0023436,2018,veteran,QB,12.552895283107068,33.81839907921084,424.5188222836582,3124.9926416716353,18.764064304724673,7.703179943870313,44.47165792850314,215.74552299990853,1.5395108173006309,2.222906180042351,7.361258153080322,0.04420078290942482,0.25697825926580586,0.10411405762453024,0.027700073654619742,0.005041864752639762,0.0004466718849825022,1.3704644918716052e-11,5.953353259443224,211.0154078417334,216.96876110117663,veteran,Alex Smith,QB,10.0,139.0,0.0,0.0,0.0,0.0,41.0,168.0,1.0,328.0,205.0,2180.0,10.0,5.0,22.0,1.0,0.0,0.0,1.0,1.0,0.0,0.0,0.0,0.0,0.0,0.0,1.0,0.0,0.0,16,303.18,18.207524752475248,0.9474009900990099,0.9375,34.31895961670089,0.946875,1.0,1.0,0.0,0.0625,0.0,1.0,15.0,0.0,0.0,0.0,0.0,60.0,355.0,1.0,505.0,4042.0,26.0,5.0,,6
00-0023459,2018,veteran,QB,7.242073184099081,34.90211184020276,252.76364822635944,1791.0248430054044,12.979986894720561,5.18187504896402,24.78335732968093,126.702076527534,0.8058098357694894,1.4253562317629116,7.085769079426618,0.05135226914867319,0.25326727739291927,0.10198763605933972,0.026831286152251575,0.005244580897727598,0.00046775208456004,1.3704639481777471e-11,3.3737742013381347,127.8515454050149,131.22531960635303,veteran,Aaron Rodgers,QB,16.0,327.08,0.0,0.0,0.0,0.0,43.0,269.0,2.0,597.0,372.0,4442.0,25.0,2.0,49.0,3.0,0.0,0.0,14.5,14.5,0.0,0.0,0.0,0.0,0.0,0.0,4.0,3.0,3.0,16,132.6,21.311945701357462,0.8040158371040724,0.4375,34.74880219028063,0.690625,1.0,1.0,0.0625,0.5,1.0,9.0,7.0,0.0,0.0,0.0,0.0,24.0,126.0,0.0,238.0,1675.0,16.0,6.0,6.7,6
00-0023645,2018,veteran,QB,1.4145755079173834,12.52635926334812,17.719481017306286,126.44442989380288,0.7797660470848238,0.46961890998040007,0.9341623079431496,2.4096540865670337,0.030606146598665014,0.26545203164352704,7.135899170540433,0.044006144780608464,0.01657163376697892,0.003294826064308574,0.00017913822002786707,5.6729256247420525e-05,2.39102340814216e-06,1.370526134161814e-11,0.031025127990212082,7.131301789092249,7.162326917082461,veteran,Derek Anderson,QB,2.0,6.5,0.0,0.0,0.0,0.0,1.0,-1.0,0.0,70.0,42.0,465.0,0.0,4.0,5.0,2.0,0.0,0.0,0.0,0.0,0.0,0.0,0.0,0.0,0.0,0.0,0.0,0.0,0.0,16,0.48000000000000004,1.638181818181818,0.21022727272727273,0.1875,35.214236824093085,0.20625,1.0,0.25,0.0,0.8125,0.0,13.0,3.0,0.0,0.0,0.0,0.0,2.0,-2.0,0.0,8.0,17.0,0.0,0.0,,6
00-0023662,2018,veteran,QB,1.1378678191585425,20.267777655696847,23.06205196027801,158.78801639413322,0.983380435229836,0.608831501797001,1.1143886996717776,4.139484852691907,0.036211828447580675,0.22890203053267122,6.885251003147036,0.04264063045749818,0.058860142467900986,0.015260502459564647,0.0016143925785974355,0.00020237846605726555,1.0514584918603008e-05,1.3705086796238746e-11,0.09694387093677541,9.240794787980004,9.337738658916779,veteran,Matt Cassel,QB,2.0,1.6600000000000001,0.0,0.0,0.0,0.0,2.0,13.0,0.0,17.0,7.0,59.0,0.0,1.0,1.0,0.0,0.0,0.0,0.0,0.0,0.0,0.0,0.0,0.0,0.0,0.0,0.0,0.0,0.0,16,2.4800000000000004,4.596571428571429,0.29642857142857143,0.125,36.29295003422313,0.21875,1.0,0.5,0.0,0.875,0.0,14.0,2.0,0.0,0.0,0.0,0.0,0.0,0.0,0.0,42.0,162.0,1.0,2.0,,6
00-0023682,2018,veteran,QB,5.987037257985897,29.25070312495775,175.12504943140652,1225.554655562883,7.594163870905535,4.6575244467641275,14.686869298712303,62.2443799122991,0.42553161100835146,1.037603832272375,6.998168791626305,0.04336423541670456,0.16239971040752726,0.055506499186482615,0.010675078233246146,0.0016814411006800965,0.00012391768694747465,1.3704796062979092e-11,1.6097762175534562,76.78621280534448,78.39598902289794,veteran,Ryan Fitzpatrick,QB,8.0,183.84,0.0,0.0,0.0,0.0,36.0,152.0,2.0,246.0,164.0,2366.0,17.0,12.0,14.0,1.0,0.0,0.0,18.0,18.0,0.0,0.0,0.0,0.0,0.0,0.0,4.0,4.0,4.0,16,73.92,12.583939393939396,0.7386363636363636,0.375,35.7700205338809,0.61875,1.0,1.0,0.0,0.625,0.0,10.0,6.0,0.0,0.0,0.0,0.0,15.0,78.0,0.0,163.0,1103.0,7.0,3.0,,6
00-0024226,2018,veteran,QB,11.234878959686316,29.79913436571082,334.78966770218994,2321.9107742290803,14.627572928950073,9.053907637330115,17.628517843440008,56.02978854404845,0.5299707102136894,2.0295936226910603,6.935431401349343,0.043691829049999055,0.1662851898052619,0.05728008082754325,0.011188168214826448,0.00036934639452712196,2.1187595286370957e-05,1.3705004222130759e-11,3.089398196394089,138.00252328060813,141.09192147700222,veteran,,,0.0,0.0,0.0,0.0,0.0,0.0,0.0,0.0,0.0,0.0,0.0,0.0,0.0,0.0,0.0,0.0,0.0,0.0,0.0,0.0,0.0,0.0,0.0,0.0,0.0,0.0,0.0,0.0,0.0,16,158.84,11.880698689956333,0.8135917030567685,0.875,35.3429158110883,0.7156250000000001,1.0,0.9375,0.125,0.0,2.0,2.0,14.0,0.0,0.0,0.0,0.0,19.0,32.0,0.0,429.0,2666.0,19.0,14.0,,6
00-0025430,2018,veteran,QB,3.2597228864501013,21.018549174933682,68.51464578550822,465.4206504858909,2.9695507220991786,1.837034816212336,3.479295902331924,5.577388014518105,0.10912616860270456,0.5758456618336548,6.7930096572773015,0.043341838639809165,0.06271303314769194,0.016502899725629256,0.0018076232466648677,5.710350273535156e-05,2.4094005278333255e-06,1.3705260439273572e-11,0.2971020537085163,26.881763764808404,27.178865818516922,veteran,,,0.0,0.0,0.0,0.0,0.0,0.0,0.0,0.0,0.0,0.0,0.0,0.0,0.0,0.0,0.0,0.0,0.0,0.0,0.0,0.0,0.0,0.0,0.0,0.0,0.0,0.0,0.0,0.0,0.0,16,50.459999999999994,5.902135922330096,0.3234223300970873,0.3125,34.31895961670089,0.321875,1.0,0.375,0.0,0.6875,0.0,11.0,5.0,0.0,0.0,0.0,0.0,9.0,7.0,0.0,159.0,894.0,6.0,5.0,,6
00-0025708,2018,veteran,QB,3.2866354424277837,25.23832129908702,82.94916128895942,592.3883739717157,3.739554931826966,2.217660620429925,2.4234682707157083,7.7063617266434825,0.07943331009903098,0.5965986992576638,7.141583649147312,0.04508249238108575,0.11747592924883629,0.03636169137016016,0.005708952325080309,9.368244870311412e-05,4.288022816254131e-06,1.3705192503005964e-11,0.6032175181065041,34.27247208005985,34.87568959816635,veteran,,,0.0,0.0,0.0,0.0,0.0,0.0,0.0,0.0,0.0,0.0,0.0,0.0,0.0,0.0,0.0,0.0,0.0,0.0,0.0,0.0,0.0,0.0,0.0,0.0,0.0,0.0,0.0,0.0,0.0,16,41.34,11.045915492957748,0.2420774647887324,0.25,34.06160164271047,0.22187500000000002,1.0,0.25,0.3125,0.4375,5.0,12.0,4.0,0.0,0.0,0.0,0.0,3.0,9.0,0.0,127.0,861.0,4.0,5.0,,6
00-0026143,2018,veteran,QB,13.483083653738973,34.01737711575083,458.6591413324543,3483.664636653898,20.82716357729059,10.127210095160486,27.971989596468063,99.6874620079929,0.7195339427244366,2.5923509212487943,7.595323678785681,0.04540880514620385,0.27853260537834656,0.11683427933610435,0.03312668518382754,0.0008185091673593908,5.354055763078392e-05,1.370489496810139e-11,7.0238265621593925,211.5020675996456,218.525894161805,veteran,Matt Ryan,QB,16.0,374.96000000000004,1.0,1.0,5.0,1.0,33.0,125.0,3.0,608.0,422.0,4924.0,35.0,7.0,42.0,5.0,0.0,0.0,20.5,20.5,0.0,0.0,0.0,0.0,0.0,0.0,8.0,7.0,1.0,16,232.1,16.96775,1.0,1.0,33.29226557152635,1.0,1.0,1.0,0.0,0.0,0.0,0.0,16.0,0.0,0.0,0.0,0.0,32.0,143.0,0.0,529.0,4095.0,20.0,12.0,11.4,6
00-0026158,2018,veteran,QB,13.161284864938612,34.65248367712755,456.0712089523111,3011.8766058929227,17.826918369305897,10.870644408710902,20.350811265885113,51.215758095194694,0.7941315070346382,2.2309895934788173,6.603961282300235,0.03908801524713208,0.21235100478031396,0.07974875316462775,0.018413742635608153,0.0002294096486589983,1.2167489992535652e-05,1.3705069589197915e-11,4.857162712618815,175.46583456028839,180.3229972729072,veteran,Joe Flacco,QB,9.0,142.1,0.0,0.0,0.0,0.0,19.0,45.0,0.0,379.0,232.0,2465.0,12.0,6.0,16.0,1.0,0.0,0.0,5.0,5.0,0.0,0.0,0.0,0.0,0.0,0.0,2.0,2.0,0.0,16,185.04,13.354768211920527,0.9627483443708609,1.0,33.62354551676933,0.9437500000000001,1.0,1.0,0.0,0.0,0.0,0.0,16.0,0.0,0.0,0.0,0.0,25.0,54.0,1.0,549.0,3141.0,18.0,13.0,,6
00-0026498,2018,veteran,QB,13.652897782149497,35.66027939231742,486.8661494262019,3570.183912027837,22.390840004720616,10.114986602564038,31.148658900876637,123.30860372014617,0.9509162887118618,2.953788711780797,7.332988576501964,0.04598972434437973,0.2857344213842871,0.12122686688156796,0.03509150044585568,0.0012454155583613822,8.732425407680614e-05,1.3704837313313358e-11,7.36074309355783,224.26952397559208,231.6302670691499,veteran,Matthew Stafford,QB,16.0,215.18,0.0,0.0,0.0,0.0,25.0,71.0,0.0,555.0,367.0,3777.0,21.0,11.0,40.0,4.0,0.0,0.0,3.0,3.0,0.0,0.0,0.0,0.0,0.0,0.0,3.0,0.0,0.0,16,285.14,17.933,1.0,1.0,30.56536618754278,1.0,1.0,1.0,0.0,0.0,0.0,0.0,16.0,0.0,0.0,0.0,0.0,29.0,98.0,0.0,565.0,4446.0,29.0,10.0,9.9,6
00-0026625,2018,veteran,QB,7.59650611018047,25.79985965163325,195.98879148543054,1363.8042964657025,7.918064553560101,4.020769604647736,8.134113732079758,15.581964592761173,0.28503957150366677,1.4013544993652525,6.958583121663287,0.04040059889929326,0.11627054289862039,0.03588265963322668,0.005598813562357314,7.544832111502406e-05,3.3326455483162043e-06,1.3705222208998307e-11,1.3777981156997692,78.64861575314063,80.02641386884041,veteran,Brian Hoyer,QB,5.0,-0.52,0.0,0.0,0.0,0.0,11.0,-8.0,0.0,2.0,1.0,7.0,0.0,0.0,0.0,0.0,0.0,0.0,0.0,0.0,0.0,0.0,0.0,0.0,0.0,0.0,0.0,0.0,0.0,16,67.38,9.802793296089385,0.5862430167597765,0.625,32.83504449007529,0.559375,1.0,0.6875,0.0,0.375,0.0,6.0,10.0,0.0,0.0,0.0,0.0,9.0,4.0,1.0,211.0,1287.0,4.0,4.0,,6
00-0027854,2018,veteran,QB,5.0657640914963356,31.09315532118225,157.51058971736325,1124.0616891927202,6.745902600844215,3.1416794266660384,8.206365410668118,19.865730371551763,0.25086556246565994,1.0185987911008503,7.136419787455147,0.04282824801144515,0.19749521766109654,0.07221032202103939,0.01584256933490657,0.0002327576723819981,1.237454053695645e-05,1.3705067600600796e-11,1.7109474294240872,67.11728794750103,68.82823537692511,veteran,Sam Bradford,QB,3.0,12.700000000000001,0.0,0.0,0.0,0.0,2.0,7.0,0.0,80.0,50.0,400.0,2.0,4.0,6.0,2.0,0.0,0.0,0.0,0.0,0.0,0.0,0.0,0.0,0.0,0.0,0.0,0.0,0.0,16,27.98,14.712727272727273,0.804383116883117,0.125,30.8145106091718,0.48124999999999996,1.0,0.9375,0.3125,0.5625,5.0,14.0,2.0,0.0,0.0,0.0,0.0,2.0,-3.0,0.0,43.0,382.0,3.0,0.0,,6
00-0027939,2018,veteran,QB,13.614955427616515,33.64391125822054,458.0603521913581,3212.8730181152164,20.656040284721264,12.165669474172361,86.65990250060852,411.5521200589676,3.6233288230449974,2.3931089187589802,7.014082320691696,0.045094582375232624,0.22794268555285216,0.08796510069995074,0.02138035110878429,0.017795066610598057,0.0019659698818461223,1.370447009978775e-11,5.7645048740004965,244.91671002179777,250.68121489579826,veteran,Cam Newton,QB,14.0,287.1,0.0,0.0,0.0,0.0,101.0,488.0,4.0,471.0,320.0,3395.0,24.0,13.0,29.0,0.0,0.0,0.0,4.5,4.5,0.0,0.0,0.0,0.0,0.0,0.0,3.0,1.0,0.0,16,302.98,19.313949044585986,0.9820859872611465,1.0,29.308692676249144,0.9812500000000001,1.0,1.0,0.0,0.0,0.0,0.0,16.0,0.0,0.0,0.0,0.0,139.0,754.0,6.0,492.0,3302.0,22.0,16.0,,6
00-0027948,2018,veteran,QB,3.873797924544808,29.384213914453944,113.82850687619236,787.6783280825083,4.785848854931693,3.05804260079922,15.438439986774485,63.09138883527026,0.48747331253503406,0.7591573701667486,6.919868754311614,0.04204437874369299,0.15972439320861223,0.05429621538602093,0.010329928616044285,0.004475904254428314,0.0003886128674925267,1.3704661334788696e-11,1.0338678449840262,52.2501073598324,53.28397520481642,veteran,Blaine Gabbert,QB,8.0,33.04,0.0,0.0,0.0,0.0,6.0,0.0,0.0,101.0,61.0,626.0,4.0,4.0,5.0,0.0,0.0,0.0,0.0,0.0,0.0,0.0,0.0,0.0,0.0,0.0,0.0,0.0,0.0,16,61.64,13.19095652173913,0.37119565217391304,0.3125,28.878850102669404,0.359375,1.0,0.5,0.0,0.6875,0.0,11.0,5.0,0.0,0.0,0.0,0.0,22.0,82.0,0.0,171.0,1086.0,6.0,6.0,,6
00-0027973,2018,veteran,QB,13.469118006362514,32.387881226681046,436.2361942182201,3107.7502947374533,19.59193446184568,9.589483351905683,33.40041423217034,100.27459309524951,1.1385514417787606,2.680566594637002,7.124008360440747,0.04491129970761924,0.21644390987450945,0.08187522585115349,0.019165223354186037,0.0008303278330837543,5.4442466260130153e-05,1.3704892999306967e-11,5.0980502139309465,194.99641770399302,200.09446791792396,veteran,Andy Dalton,QB,11.0,178.04,0.0,0.0,0.0,0.0,16.0,99.0,0.0,365.0,226.0,2566.0,21.0,11.0,21.0,0.0,0.0,0.0,3.5,3.5,0.0,0.0,0.0,0.0,0.0,0.0,2.0,1.0,0.0,16,211.7,15.059935691318325,0.9764871382636656,1.0,30.84188911704312,0.971875,1.0,1.0,0.0,0.0,0.0,0.0,16.0,0.0,0.0,0.0,0.0,38.0,99.0,0.0,496.0,3320.0,25.0,12.0,9.8,6
00-0027974,2018,veteran,QB,2.3639602162842186,27.437347654634994,64.86079829591624,456.330213104412,2.8566987118369824,1.4027803424552923,12.338880636246197,72.15418282763433,0.39367778124005587,0.46395234069143027,7.035531863522306,0.044043533025970256,0.14016638299027603,0.045718091160514306,0.00800185921437237,0.018186047371778414,0.0020171856569007143,1.3704467063013926e-11,0.5814374422352998,35.52402297543473,36.10546041767003,veteran,,,0.0,0.0,0.0,0.0,0.0,0.0,0.0,0.0,0.0,0.0,0.0,0.0,0.0,0.0,0.0,0.0,0.0,0.0,0.0,0.0,0.0,0.0,0.0,0.0,0.0,0.0,0.0,0.0,0.0,16,0.0,16.776774193548388,0.6512096774193549,0.0,30.82819986310746,0.29062499999999997,0.0,0.6875,0.0,1.0,0.0,16.0,0.0,0.0,0.0,0.0,0.0,0.0,0.0,0.0,0.0,0.0,0.0,0.0,,6
00-0028090,2018,veteran,QB,2.209195926678832,21.345271906334627,47.15588774932657,327.1292517788966,2.0952485962359457,1.1668354151946918,3.279818934125089,17.460120907345296,0.10640225716780963,0.43418065190869115,6.9371878548414845,0.04443238577914097,0.06933526748793677,0.018688853824986314,0.002163984367595119,0.0009404313357303764,6.294410448620593e-05,1.3704875897965652e-11,0.22695371195242586,20.648557955634267,20.875511667586693,veteran,,,0.0,0.0,0.0,0.0,0.0,0.0,0.0,0.0,0.0,0.0,0.0,0.0,0.0,0.0,0.0,0.0,0.0,0.0,0.0,0.0,0.0,0.0,0.0,0.0,0.0,0.0,0.0,0.0,0.0,16,34.02,7.903928571428571,0.25,0.25,31.263518138261464,0.17500000000000002,1.0,0.25,0.0,0.75,0.0,12.0,4.0,0.0,0.0,0.0,0.0,5.0,51.0,0.0,97.0,523.0,4.0,3.0,,6
00-0028118,2018,veteran,QB,12.759465072465755,30.991261678197258,395.43192093460436,2778.701296466067,16.567782847180652,7.177627110452692,67.05864787691495,345.2747449980211,2.7025321718307476,2.28668925250979,7.02700300445801,0.04189793987299421,0.188861900768596,0.06795803031369771,0.014456913634721472,0.013885263289178875,0.001466666929970154,1.3704504686976903e-11,4.284603327312786,209.23321805222693,213.51782137953973,veteran,Tyrod Taylor,QB,4.0,41.419999999999995,0.0,0.0,0.0,0.0,16.0,125.0,1.0,85.0,42.0,473.0,2.0,2.0,13.0,0.0,0.0,0.0,0.0,0.0,0.0,0.0,0.0,0.0,0.0,0.0,0.0,0.0,0.0,16,222.66,16.478383838383838,0.9286616161616162,0.9375,29.078713210130047,0.928125,1.0,0.9375,0.0,0.0625,0.0,1.0,15.0,0.0,0.0,0.0,0.0,84.0,427.0,4.0,420.0,2799.0,14.0,4.0,15.5,6
00-0028595,2018,veteran,QB,0.0,15.545742945475027,0.0,0.0,0.0,0.0,0.0,0.0,0.0,0.0,7.1036471831646315,0.043436861708651985,2.6040802927163152e-08,4.713583704665021e-10,9.357622968839299e-14,5.444253654942997e-06,1.5609947922766807e-07,1.3705582965087315e-11,0.0,0.0,0.0,veteran,,,0.0,0.0,0.0,0.0,0.0,0.0,0.0,0.0,0.0,0.0,0.0,0.0,0.0,0.0,0.0,0.0,0.0,0.0,0.0,0.0,0.0,0.0,0.0,0.0,0.0,0.0,0.0,0.0,0.0,16,1.32,2.3358620689655174,0.10129310344827587,0.0625,30.99247091033539,0.090625,1.0,0.125,0.0,0.9375,0.0,15.0,1.0,0.0,0.0,0.0,0.0,2.0,2.0,0.0,18.0,128.0,0.0,2.0,,6
00-0028986,2018,veteran,QB,11.74210083252197,30.529163927324845,358.4765211672408,2560.893079827158,15.418609253506611,7.816935501749146,26.30252880314237,89.89053564869012,0.8424814232677718,2.0694693020359787,7.143823733528198,0.043011489855184507,0.18952645785411434,0.06828201539128419,0.014560826760877837,0.0008799185790091739,5.824982523917795e-05,1.3704885032596943e-11,3.78140769125751,158.38129270401816,162.16270039527566,veteran,Case Keenum,QB,16.0,219.4,0.0,0.0,0.0,0.0,26.0,93.0,2.0,586.0,365.0,3890.0,18.0,15.0,34.0,2.0,0.0,0.0,4.5,4.5,0.0,0.0,0.0,0.0,0.0,0.0,3.0,1.0,0.0,16,241.38,14.411999999999999,0.8203125,0.9375,30.537987679671456,0.75,1.0,0.9375,0.0,0.0625,0.0,1.0,15.0,0.0,0.0,0.0,0.0,40.0,160.0,1.0,481.0,3547.0,22.0,7.0,17.2,6
00-0029263,2018,veteran,QB,13.704395655339106,34.769392369383965,476.4935097257663,3475.3329144729073,23.32811498396006,10.295726550348425,66.1394651003622,336.74772779141216,1.8513862516116748,2.578325614002655,7.293557715976125,0.04895788611556527,0.2675645049117164,0.11028225202863748,0.03028250855856464,0.01118695676129661,0.0011371760499998252,1.370453471132204e-11,6.940531167214082,251.36076247486565,258.3012936420797,veteran,Russell Wilson,QB,16.0,299.92,1.0,1.0,-11.0,0.0,67.0,376.0,0.0,427.0,280.0,3448.0,35.0,7.0,51.0,2.0,0.0,0.0,1.0,1.0,0.0,0.0,0.0,0.0,0.0,0.0,1.0,0.0,0.0,16,355.92,20.5258125,1.0,1.0,29.754962354551676,1.0,1.0,1.0,0.0,0.0,0.0,0.0,16.0,0.0,0.0,0.0,0.0,95.0,586.0,3.0,553.0,3983.0,34.0,11.0,6.3,6
00-0029567,2018,veteran,QB,5.281064632786514,21.350760026664926,112.75474365993217,774.9920917068688,4.897848046006545,2.6369418298749348,7.445227365978312,11.521754893136459,0.23799898358158356,1.0420977910554299,6.87325487647989,0.04343806643539924,0.06764083659815527,0.01812354386363371,0.0020698747882634417,8.327481138481216e-05,3.7385378145402457e-06,1.370520866434718e-11,0.5231147197419935,45.81316600124335,46.33628072098534,veteran,Nick Foles,QB,5.0,81.22,1.0,1.0,10.0,0.0,9.0,17.0,0.0,195.0,141.0,1413.0,7.0,4.0,9.0,2.0,0.0,0.0,5.5,5.5,0.0,0.0,0.0,0.0,0.0,0.0,2.0,1.0,1.0,16,33.78,6.785409836065574,0.47438524590163933,0.4375,29.61259411362081,0.38125,1.0,0.6875,0.0,0.5625,0.0,9.0,7.0,0.0,0.0,0.0,0.0,11.0,3.0,0.0,101.0,537.0,5.0,2.0,,6
00-0029604,2018,veteran,QB,13.686596418823786,34.86966906590274,477.247087762955,3540.294289931466,21.799017756982682,10.957467904011258,33.039708102785035,106.26406229293266,1.6553251096720971,2.838656634759272,7.4181579745750135,0.04567658622950066,0.2792133564566639,0.11724640467426758,0.03330905271436453,0.0009061576851589427,6.027894719329333e-05,1.370488099696135e-11,7.1539517165973185,221.77395043497415,228.92790215157146,veteran,Kirk Cousins,QB,16.0,296.12,1.0,1.0,-1.0,0.0,44.0,123.0,1.0,606.0,425.0,4298.0,30.0,10.0,40.0,7.0,0.0,0.0,13.5,13.5,0.0,0.0,0.0,0.0,0.0,0.0,5.0,3.0,2.0,16,284.12,18.5463125,1.0,1.0,30.034223134839152,1.0,1.0,1.0,0.0,0.0,0.0,0.0,16.0,0.0,0.0,0.0,0.0,49.0,179.0,4.0,540.0,4093.0,27.0,13.0,9.8,6
00-0029665,2018,veteran,QB,0.7912628973688585,26.40949880530174,20.896856542742462,146.96529589947505,0.8816728010237437,0.4953389136302806,4.178865684913986,21.53117163178369,0.14797808131724768,0.1534091415251368,7.0328901190890605,0.04219164730448184,0.12698902912804758,0.04020623054406996,0.006618893115960386,0.014059356077598405,0.0014883737790404368,1.3704502953050463e-11,0.1715680131893539,11.148792580844997,11.320360594034351,veteran,Robert Griffin III,QB,2.0,0.84,0.0,0.0,0.0,0.0,0.0,0.0,0.0,6.0,2.0,21.0,0.0,0.0,0.0,0.0,0.0,0.0,0.0,0.0,0.0,0.0,0.0,0.0,0.0,0.0,0.0,0.0,0.0,16,0.0,13.288000000000002,0.3125,0.0,28.550308008213552,0.09375,0.0,0.3125,0.0,1.0,0.0,16.0,0.0,0.0,0.0,0.0,0.0,0.0,0.0,0.0,0.0,0.0,0.0,0.0,,6
00-0029668,2018,veteran,QB,5.072038139519257,33.05414831629616,167.65190092958034,1212.0883734953718,7.9397074804414265,4.215763287185662,20.660975923596908,102.76199651129512,0.6541206282659944,1.0316840811070318,7.229792008171094,0.04735829081816604,0.23457155130984286,0.09155393494551696,0.022729154624951155,0.007268332829970379,0.000685437033567728,1.3704594424368585e-11,2.158949813391469,83.94839354572068,86.10734335911215,veteran,Andrew Luck,QB,16.0,342.42,2.0,1.0,4.0,0.0,46.0,148.0,0.0,639.0,430.0,4593.0,39.0,15.0,18.0,1.0,0.0,0.0,15.0,15.0,0.0,0.0,0.0,0.0,0.0,0.0,7.0,4.0,1.0,16,0.0,20.655135135135136,0.8429054054054054,0.0,28.969199178644764,0.346875,0.0,0.9375,0.5,0.5,8.0,16.0,0.0,0.0,0.0,0.0,0.0,0.0,0.0,0.0,0.0,0.0,0.0,0.0,,6
00-0029682,2018,veteran,QB,6.093671561514048,30.254543207771633,184.361249551796,1248.1563376915906,7.384371368793295,4.805585947468468,14.268063074051323,57.002419393885646,0.5356179812104461,1.1088735270652306,6.770166402788039,0.04005381492447885,0.1626491438009662,0.0556197930693779,0.010707594842352031,0.0013417638747691702,9.524907336179497e-05,1.3704827075140982e-11,1.6390676147642946,76.54876986042066,78.18783747518496,veteran,Brock Osweiler,QB,7.0,70.48,0.0,0.0,0.0,0.0,8.0,21.0,0.0,178.0,113.0,1247.0,6.0,4.0,17.0,1.0,0.0,0.0,2.5,2.5,0.0,0.0,0.0,0.0,0.0,0.0,1.0,1.0,0.0,16,67.92,11.729666666666667,0.6729166666666666,0.375,27.77549623545517,0.5625,1.0,0.9375,0.0,0.625,0.0,10.0,6.0,0.0,0.0,0.0,0.0,14.0,64.0,1.0,172.0,1088.0,5.0,5.0,,6
00-0029701,2018,veteran,QB,3.486223638810201,29.25157248397161,101.97752346599187,736.7420816992931,4.562072035804157,2.527478929755199,9.152616304735409,36.84941931924141,0.29702774022252454,0.6827189455824051,7.224553574739307,0.04473605438482282,0.17562599116994035,0.06162069504825275,0.012480072667614783,0.0017422805269512842,0.00012916215050097203,1.3704791177386643e-11,1.0282728281451594,46.76468403377243,47.792956861917595,veteran,Ryan Tannehill,QB,11.0,142.46,1.0,1.0,3.0,1.0,32.0,145.0,0.0,274.0,176.0,1979.0,17.0,9.0,35.0,4.0,0.0,0.0,0.0,0.0,0.0,0.0,0.0,0.0,0.0,0.0,0.0,0.0,0.0,16,0.0,15.612380952380951,0.8839285714285714,0.0,30.09719370294319,0.39375,0.0,1.0,0.0,1.0,0.0,16.0,0.0,0.0,0.0,0.0,0.0,0.0,0.0,0.0,0.0,0.0,0.0,0.0,,6
00-0030520,2018,veteran,QB,2.23853866203118,27.001577687588025,60.44407558950425,420.47039078610436,2.589564276279609,1.5572345336051048,2.221962814063569,6.630660481856238,0.0729488597391937,0.48091553830545875,6.956354062582711,0.0428423174814716,0.130713329857097,0.0417421386404712,0.006995118629528092,0.00013963176222847286,6.824827292771182e-06,1.3705137731839603e-11,0.46442210391636296,24.20153179936227,24.665953903278634,veteran,Mike Glennon,QB,2.0,10.96,0.0,0.0,0.0,0.0,0.0,0.0,0.0,21.0,15.0,174.0,1.0,0.0,1.0,0.0,0.0,0.0,0.0,0.0,0.0,0.0,0.0,0.0,0.0,0.0,0.0,0.0,0.0,16,34.72,8.718399999999999,0.22750000000000004,0.25,28.720054757015742,0.15625,1.0,0.25,0.0,0.75,0.0,12.0,4.0,0.0,0.0,0.0,0.0,4.0,4.0,0.0,140.0,833.0,4.0,5.0,,6
00-0030524,2018,veteran,QB,2.5291343604314265,14.795320138227304,37.419352535173715,268.7251666921148,1.669822831985798,0.9480330336661402,2.7186835364195794,2.838825459575923,0.08585788308945665,0.47985489851211516,7.1814488623103925,0.0446245784294687,0.02724863970152937,0.0059798753547728985,0.00042010235658883533,3.207576485822201e-05,1.230958243380512e-06,1.3705339588087972e-11,0.09381211777687748,15.371551975765604,15.465364093542481,veteran,,,0.0,0.0,0.0,0.0,0.0,0.0,0.0,0.0,0.0,0.0,0.0,0.0,0.0,0.0,0.0,0.0,0.0,0.0,0.0,0.0,0.0,0.0,0.0,0.0,0.0,0.0,0.0,0.0,0.0,16,8.56,3.7889583333333343,0.35156250000000006,0.1875,29.409993155373034,0.3,1.0,0.4375,0.0,0.8125,0.0,13.0,3.0,0.0,0.0,0.0,0.0,8.0,-10.0,0.0,28.0,239.0,1.0,1.0,,6
00-0030526,2018,veteran,QB,1.3712617495302692,17.034686330199587,23.359013779848848,164.46419736169352,1.002380624281827,0.5591169895774425,2.4512492376330774,9.47381328819941,0.08074276212764361,0.26144866295998864,7.040716654894569,0.04291194113454191,0.03847950559946486,0.009075250091181,0.000764023138724735,0.000711528656052834,4.5478212308995194e-05,1.3704914202912396e-11,0.07459687642413743,10.378796988105988,10.453393864530126,veteran,,,0.0,0.0,0.0,0.0,0.0,0.0,0.0,0.0,0.0,0.0,0.0,0.0,0.0,0.0,0.0,0.0,0.0,0.0,0.0,0.0,0.0,0.0,0.0,0.0,0.0,0.0,0.0,0.0,0.0,16,14.1,4.941562500000001,0.23632812499999997,0.125,28.45448323066393,0.2,1.0,0.3125,0.0,0.875,0.0,14.0,2.0,0.0,0.0,0.0,0.0,2.0,15.0,0.0,43.0,265.0,1.0,1.0,,6
00-0030533,2018,veteran,QB,1.3479521434408732,26.746139056489262,36.05251546996236,258.6449126583916,1.5786689399584193,1.073952403862899,1.6856784795717243,4.740134839466737,0.055387897818696914,0.26586527424213635,7.174115572431696,0.04378803862586811,0.13803983702228723,0.04481398762972541,0.007768823224609334,0.00019011902738656506,9.776586274599319e-06,1.3705095372746151e-11,0.29790180299516217,14.787177780818126,15.085079583813288,veteran,Matt Barkley,QB,1.0,17.080000000000002,0.0,0.0,0.0,0.0,3.0,-2.0,0.0,25.0,15.0,232.0,2.0,0.0,1.0,0.0,0.0,0.0,0.0,0.0,0.0,0.0,0.0,0.0,0.0,0.0,0.0,0.0,0.0,16,0.0,10.834285714285715,0.4375,0.0,27.980835044490075,0.13125,0.0,0.4375,0.0,1.0,0.0,16.0,0.0,0.0,0.0,0.0,0.0,0.0,0.0,0.0,0.0,0.0,0.0,0.0,,6
00-0030565,2018,veteran,QB,0.762874957761255,18.405442832336853,14.041051423296171,99.5294014507519,0.6217471363514371,0.3287662346285271,1.278953564684188,5.223935604444949,0.04167899933376695,0.15818809604020415,7.088457869018127,0.044280667993272,0.04878197071492274,0.012117544449718564,0.0011577704502742474,0.0006986439340612606,4.4520127415521724e-05,1.3704916712289267e-11,0.0534311917488115,6.266723498545459,6.32015469029427,veteran,Geno Smith,QB,4.0,-1.4800000000000002,0.0,0.0,0.0,0.0,8.0,2.0,0.0,4.0,1.0,8.0,0.0,0.0,1.0,1.0,0.0,0.0,0.0,0.0,0.0,0.0,0.0,0.0,0.0,0.0,0.0,0.0,0.0,16,9.680000000000001,5.787027027027028,0.11993243243243244,0.125,27.89322381930185,0.115625,1.0,0.125,0.0,0.875,0.0,14.0,2.0,0.0,0.0,0.0,0.0,4.0,12.0,0.0,36.0,212.0,1.0,0.0,,6
00-0031064,2018,veteran,QB,5.864345567107162,24.80997341903464,145.4942576399623,1009.2040717241538,5.727260526128626,3.451163464859482,6.153939540372078,16.350340645414917,0.19907109488442343,1.4474017902581562,6.936384212643729,0.0393641688615726,0.10402930513673275,0.031121927324798532,0.004544478892932361,0.00012561370767442682,6.033734939754902e-06,1.3705152251421883e-11,0.9379189067601497,56.309535097093416,57.24745400385357,veteran,,,0.0,0.0,0.0,0.0,0.0,0.0,0.0,0.0,0.0,0.0,0.0,0.0,0.0,0.0,0.0,0.0,0.0,0.0,0.0,0.0,0.0,0.0,0.0,0.0,0.0,0.0,0.0,0.0,0.0,16,53.18,6.517169811320755,0.44693396226415094,0.5,28.35044490075291,0.33125000000000004,1.0,0.5,0.0625,0.4375,1.0,8.0,8.0,0.0,0.0,0.0,0.0,4.0,2.0,0.0,223.0,1412.0,5.0,6.0,,6
00-0031076,2018,veteran,QB,0.6438117236453949,19.00332164892677,12.234561265783391,86.5864467453136,0.5332005623200705,0.29299539188071877,0.9070963429475039,2.8521118179557465,0.033538721262338825,0.12145912406721983,7.077200797340515,0.043581502494190925,0.053110122676765896,0.013447942359688143,0.0013452270620601756,0.00029343171762196937,1.620673240399079e-05,1.3705035805542153e-11,0.049116545879724784,5.253794596566555,5.3029111424462805,veteran,,,0.0,0.0,0.0,0.0,0.0,0.0,0.0,0.0,0.0,0.0,0.0,0.0,0.0,0.0,0.0,0.0,0.0,0.0,0.0,0.0,0.0,0.0,0.0,0.0,0.0,0.0,0.0,0.0,0.0,16,19.4,7.809999999999999,0.11160714285714285,0.125,27.90965092402464,0.08750000000000001,1.0,0.125,0.0,0.875,0.0,14.0,2.0,0.0,0.0,0.0,0.0,4.0,8.0,1.0,43.0,265.0,1.0,1.0,,6
00-0031280,2018,veteran,QB,12.987086452492111,34.84495375464542,452.5344268446696,3166.565097731589,20.55959674196255,9.962134202444371,27.194662226013435,74.6925971775848,0.7217614457160996,2.526633014613107,6.997401545360212,0.04543211637027461,0.24541066093940267,0.09754654185479468,0.025052482806752034,0.000490146650815836,2.945974117585167e-05,1.370496537649198e-11,5.745094520012559,195.72328483505387,201.46837935506645,veteran,Derek Carr,QB,16.0,223.76,1.0,1.0,-9.0,0.0,24.0,47.0,1.0,553.0,381.0,4049.0,19.0,10.0,51.0,7.0,0.0,0.0,7.5,7.5,0.0,0.0,0.0,0.0,0.0,0.0,4.0,1.0,1.0,16,212.94,15.955643564356436,0.9474009900990099,0.9375,27.430527036276523,0.946875,1.0,1.0,0.0,0.0625,0.0,1.0,15.0,0.0,0.0,0.0,0.0,23.0,66.0,0.0,515.0,3496.0,22.0,13.0,15.0,6
00-0031345,2018,veteran,QB,4.494843137901432,23.224947413874812,104.39249551137681,775.3095122515914,4.624185897655395,2.4954787295523118,7.934541539145811,12.337117521583899,0.2722978222351957,0.809606563102239,7.426870183087992,0.044296152467697705,0.10466561720107272,0.031364701555397674,0.004596441822137199,0.00012225145000903034,5.8460837415284435e-06,1.3705155974895137e-11,0.7238341386128218,45.7664521809457,46.49028631955852,veteran,Jimmy Garoppolo,QB,3.0,48.019999999999996,0.0,0.0,0.0,0.0,8.0,33.0,0.0,89.0,53.0,718.0,5.0,3.0,13.0,0.0,0.0,0.0,0.0,0.0,0.0,0.0,0.0,0.0,0.0,0.0,0.0,0.0,0.0,16,90.9,10.631578947368423,0.36184210526315796,0.375,26.830937713894592,0.35624999999999996,1.0,0.375,0.0,0.625,0.0,10.0,6.0,1.0,1.0,-6.0,0.0,15.0,11.0,1.0,178.0,1560.0,7.0,5.0,12.1,6
00-0031407,2018,veteran,QB,13.90208170204835,35.64836555380152,495.58649047343476,3450.644937385688,21.44335891304345,12.366142327796116,50.5224247860777,275.2176931417375,1.7712217994684303,2.902479971600388,6.962750203479679,0.043268651033159855,0.25531067586922385,0.10315623024458005,0.027307369674007823,0.006902852188110702,0.0006452234900398672,1.3704601554157567e-11,6.569156895283761,231.41108865979265,237.9802455550764,veteran,Blake Bortles,QB,13.0,183.72,0.0,0.0,0.0,0.0,58.0,365.0,1.0,403.0,243.0,2718.0,13.0,11.0,31.0,4.0,0.0,0.0,10.5,10.5,0.0,0.0,0.0,0.0,0.0,0.0,4.0,3.0,1.0,16,255.18,16.9873125,1.0,1.0,26.71047227926078,1.0,1.0,1.0,0.0,0.0,0.0,0.0,16.0,0.0,0.0,0.0,0.0,57.0,322.0,2.0,523.0,3687.0,21.0,13.0,,6
00-0031503,2018,veteran,QB,12.498208461451409,35.458507671706755,443.16782061296504,3251.98209584636,19.73645707064919,11.46106817856884,37.93565452618453,135.40752159577264,1.325898315473838,2.981959952096501,7.338037521199982,0.04453495076278513,0.28273259526321415,0.11938719822280187,0.034262954059122726,0.0018373014451725277,0.00013741447754805038,1.3704783877646345e-11,6.653830264634603,201.63519790754077,208.28902817217536,veteran,Jameis Winston,QB,11.0,203.78,0.0,0.0,0.0,0.0,49.0,281.0,1.0,378.0,244.0,2992.0,19.0,14.0,27.0,3.0,0.0,0.0,8.0,8.0,0.0,0.0,0.0,0.0,0.0,0.0,5.0,2.0,0.0,16,212.16,16.53240418118467,0.9065766550522648,0.8125,24.65160848733744,0.896875,1.0,1.0,0.1875,0.0,3.0,3.0,13.0,0.0,0.0,0.0,0.0,33.0,135.0,1.0,442.0,3504.0,19.0,11.0,12.5,6
00-0031568,2018,veteran,QB,2.8894824656428404,23.45908579411023,67.78461706209256,461.0242993337024,2.6995338770310364,1.805774651876179,4.694822099923276,24.310187260624602,0.15020500895904865,0.5356291571112629,6.801311555856272,0.039825169692383,0.08497240093288835,0.024093950544623294,0.0031285823617847493,0.0010721964416433884,7.333712909158675e-05,1.3704857886941962e-11,0.3714507541726186,27.888548643314106,28.259999397486723,veteran,,,0.0,0.0,0.0,0.0,0.0,0.0,0.0,0.0,0.0,0.0,0.0,0.0,0.0,0.0,0.0,0.0,0.0,0.0,0.0,0.0,0.0,0.0,0.0,0.0,0.0,0.0,0.0,0.0,0.0,16,25.259999999999998,5.8927499999999995,0.30625,0.25,27.255304585900067,0.25,1.0,0.375,0.0,0.75,0.0,12.0,4.0,0.0,0.0,0.0,0.0,7.0,55.0,0.0,112.0,544.0,1.0,3.0,,6
00-0031589,2018,veteran,QB,8.36062694891479,25.719912335817803,215.03459219856427,1451.0545689323392,8.747774748504678,6.1229317117286195,26.961676674117424,168.110832259962,0.9687197466000514,1.5777043268098734,6.748005305083316,0.040680779120537636,0.10638878482488663,0.032024743666131124,0.004738710270183098,0.0071465020566484,0.0006719910951047585,1.3704596760695663e-11,1.4385111596391376,100.25541137983181,101.69392253947095,veteran,,,0.0,0.0,0.0,0.0,0.0,0.0,0.0,0.0,0.0,0.0,0.0,0.0,0.0,0.0,0.0,0.0,0.0,0.0,0.0,0.0,0.0,0.0,0.0,0.0,0.0,0.0,0.0,0.0,0.0,16,123.94000000000001,9.33944827586207,0.6150862068965517,0.6875,25.21286789869952,0.45312500000000006,1.0,0.6875,0.0,0.3125,0.0,5.0,11.0,1.0,1.0,10.0,0.0,36.0,270.0,2.0,316.0,1836.0,9.0,12.0,,6
00-0032156,2018,veteran,QB,9.345919141121195,31.057837779428016,290.2640405845933,2021.6595012908556,12.024275842480623,7.914819774583943,22.874494280240235,76.5784769723219,0.7088664814801269,1.764942005321754,6.964898225833357,0.04142530303879071,0.18583144447073255,0.06648766202832677,0.0139887808607119,0.001014251676970375,6.873886504453598e-05,1.3704865518522499e-11,2.940766909543497,121.51500644785824,124.45577335740174,veteran,,,0.0,0.0,0.0,0.0,0.0,0.0,0.0,0.0,0.0,0.0,0.0,0.0,0.0,0.0,0.0,0.0,0.0,0.0,0.0,0.0,0.0,0.0,0.0,0.0,0.0,0.0,0.0,0.0,0.0,16,128.6,12.460288461538463,0.754206730769231,0.6875,26.68309377138946,0.65,1.0,0.875,0.0,0.3125,0.0,5.0,11.0,0.0,0.0,0.0,0.0,31.0,127.0,1.0,349.0,2285.0,12.0,14.0,,6
00-0032245,2018,veteran,QB,3.221871840520969,13.283253113826229,42.796939157949204,300.3838890997522,1.8273373537098463,1.003794547363925,4.694109956029164,8.31863368924519,0.15030466065324355,0.6200385689892022,7.018817116596485,0.0426978515207771,0.018714453015254266,0.0038101463406619057,0.00022047251068694435,0.00011009483671276872,5.174831605393131e-06,1.3705170348860446e-11,0.08050966284189434,17.810730078967204,17.8912397418091,veteran,Sean Mannion,QB,3.0,0.01999999999999999,0.0,0.0,0.0,0.0,7.0,-9.0,0.0,3.0,2.0,23.0,0.0,0.0,0.0,0.0,0.0,0.0,0.0,0.0,0.0,0.0,0.0,0.0,0.0,0.0,0.0,0.0,0.0,16,5.2,0.8262500000000002,0.27734375000000006,0.3125,26.351813826146476,0.19999999999999998,1.0,0.3125,0.0,0.6875,0.0,11.0,5.0,0.0,0.0,0.0,0.0,9.0,-2.0,0.0,37.0,185.0,0.0,0.0,,6
00-0032268,2018,veteran,QB,12.932042252157741,33.071740426710946,427.6851445506192,3081.220369496083,18.334893636727575,11.136617316647994,50.82953635411152,265.3469351274129,2.1831632421854064,2.528181457572448,7.204412892885507,0.04287007362856281,0.23299006762669927,0.09069250841577217,0.022402481637367837,0.007476401565680006,0.000708493629288976,1.3704590522733961e-11,5.462144648857181,208.89246474416646,214.35460939302365,veteran,Marcus Mariota,QB,14.0,177.42,1.0,1.0,21.0,0.0,64.0,357.0,2.0,331.0,228.0,2528.0,11.0,8.0,42.0,2.0,0.0,0.0,2.0,2.0,0.0,0.0,0.0,0.0,0.0,0.0,2.0,0.0,0.0,16,212.48000000000002,15.644261168384881,0.9143041237113402,0.9375,24.83778234086242,0.909375,1.0,0.9375,0.0,0.0625,0.0,1.0,15.0,0.0,0.0,0.0,0.0,60.0,312.0,5.0,453.0,3232.0,13.0,15.0,10.1,6
00-0032784,2018,veteran,QB,2.5617507942228737,19.37856906431057,49.64306469140042,350.65135947240674,2.2168864068497514,1.4383834810599037,7.429335438885202,49.81017687857965,0.24939573076657554,0.46868979094893776,7.0634510913495125,0.044656517896925464,0.05578302240394889,0.0142842216155945,0.001467490913279345,0.006631659793438895,0.0006156272898452655,1.3704607091182263e-11,0.22466410343672513,25.55684553473501,25.781509638171737,veteran,,,0.0,0.0,0.0,0.0,0.0,0.0,0.0,0.0,0.0,0.0,0.0,0.0,0.0,0.0,0.0,0.0,0.0,0.0,0.0,0.0,0.0,0.0,0.0,0.0,0.0,0.0,0.0,0.0,0.0,16,33.78,7.702258064516128,0.2318548387096774,0.25,25.864476386036962,0.19375,1.0,0.25,0.0,0.75,0.0,12.0,4.0,0.0,0.0,0.0,0.0,10.0,71.0,0.0,75.0,517.0,4.0,5.0,,6
00-0032950,2018,veteran,QB,11.208360798330602,34.84539465506724,390.5597554542143,2747.843206697178,18.736790593305805,8.428347178504236,42.1880980762907,171.47671725903868,1.1211332395834737,2.2095953605885152,7.035653746509246,0.04797419685885259,0.24841681656950193,0.09923610288147823,0.025723508399516235,0.0038986721123188827,0.0003306967556254591,1.3704680360164474e-11,5.07865067954312,187.45947672632957,192.5381274058727,veteran,Carson Wentz,QB,11.0,199.66,1.0,1.0,4.0,0.0,34.0,93.0,0.0,401.0,279.0,3074.0,21.0,7.0,31.0,6.0,0.0,0.0,6.5,6.5,0.0,0.0,0.0,0.0,0.0,0.0,5.0,1.0,0.0,16,285.74,18.648619246861927,0.8878138075313808,0.8125,25.67008898015058,0.746875,1.0,1.0,0.0,0.1875,0.0,3.0,13.0,0.0,0.0,0.0,0.0,64.0,299.0,0.0,440.0,3296.0,33.0,7.0,8.6,6
00-0033077,2018,veteran,QB,13.521841361988775,32.439957540516836,438.6479596525202,3132.022615536412,19.82442254370843,9.797741616381177,50.95214547720681,273.8608521796193,2.7318430097893858,2.6603148234144895,7.140173678266914,0.0451943799292092,0.2183931781045215,0.0828955453157092,0.019529854645328602,0.00726251795476138,0.000684794350695227,1.3704594534992948e-11,5.274679858512456,223.4396251933971,228.71430505190955,veteran,Dak Prescott,QB,16.0,292.9,1.0,0.0,0.0,0.0,75.0,305.0,6.0,526.0,356.0,3885.0,22.0,8.0,56.0,6.0,0.0,0.0,7.0,7.0,0.0,0.0,0.0,0.0,0.0,0.0,2.0,2.0,1.0,16,261.66,16.95419117647059,1.0,1.0,25.09240246406571,0.8500000000000001,1.0,1.0,0.0,0.0,0.0,0.0,16.0,0.0,0.0,0.0,0.0,57.0,357.0,6.0,490.0,3324.0,22.0,13.0,19.0,6
00-0033104,2018,veteran,QB,2.9250896662497046,19.792363613566017,57.894438276698615,410.1777037219693,2.4502562930170497,1.3237108887385858,3.8818506622462694,10.548853064410748,0.12572672014854705,0.5389699402717774,7.084924146972125,0.042322826958029754,0.059657866069746976,0.015515925811948574,0.00165355104628955,0.00019914491673104627,1.0319195821430876e-05,1.3705089006865395e-11,0.25288418276738867,24.292017290258606,24.544901473025995,veteran,Cody Kessler,QB,5.0,38.660000000000004,0.0,0.0,0.0,0.0,19.0,123.0,0.0,131.0,85.0,709.0,2.0,2.0,22.0,3.0,0.0,0.0,0.0,0.0,0.0,0.0,0.0,0.0,0.0,0.0,0.0,0.0,0.0,16,2.94,5.75103448275862,0.42025862068965514,0.1875,25.308692676249144,0.271875,1.0,0.5625,0.0,0.8125,0.0,13.0,3.0,0.0,0.0,0.0,0.0,1.0,-1.0,0.0,23.0,126.0,0.0,1.0,,6
00-0033106,2018,veteran,QB,11.893730498237266,32.48246998155463,386.3377438776928,2799.510138291554,18.1407973543498,8.352692345398442,25.874269241621146,57.91419876351746,0.9040968277071162,2.3479160102802092,7.24627656152029,0.046955798758541265,0.22661083020697226,0.0872509576956767,0.021115779359352962,0.00035245080415002654,2.00630103565496e-05,1.3705010649627621e-11,4.758697876464224,174.35837908029848,179.1170769567627,veteran,Jared Goff,QB,16.0,329.82,0.0,0.0,0.0,0.0,43.0,108.0,2.0,561.0,364.0,4688.0,32.0,12.0,33.0,5.0,0.0,0.0,19.5,19.5,0.0,0.0,0.0,0.0,0.0,0.0,8.0,5.0,2.0,16,263.26,15.530531400966183,0.8360507246376812,0.9375,23.88227241615332,0.646875,1.0,0.9375,0.0,0.0625,0.0,1.0,15.0,0.0,0.0,0.0,0.0,28.0,51.0,1.0,477.0,3804.0,28.0,7.0,10.9,6
00-0033108,2018,veteran,QB,3.142126900939481,24.581977375653548,77.23969239032672,544.2375000266088,3.3774197484236965,1.9908524853871827,8.585245285624026,32.84943280472424,0.2731143296744226,0.618004512864552,7.046085803609021,0.04372647849704118,0.10582103670066795,0.03180685492021659,0.004691585244796844,0.0017016420270835734,0.00012565556823336313,1.3704794421482777e-11,0.5178370141195556,34.98509425677462,35.50293127089418,veteran,,,0.0,0.0,0.0,0.0,0.0,0.0,0.0,0.0,0.0,0.0,0.0,0.0,0.0,0.0,0.0,0.0,0.0,0.0,0.0,0.0,0.0,0.0,0.0,0.0,0.0,0.0,0.0,0.0,0.0,16,14.8,8.327,0.153125,0.125,24.550308008213552,0.125,1.0,0.1875,0.5625,0.3125,9.0,14.0,2.0,0.0,0.0,0.0,0.0,5.0,30.0,0.0,45.0,295.0,2.0,3.0,,6
00-0033119,2018,veteran,QB,12.446779995453802,28.82380934861843,358.76361359315814,2492.9912305897997,13.95646151860734,7.229226836299334,47.25961203629474,191.1501808632958,1.9030349911758944,2.424141084720249,6.948840785779572,0.038901552414493515,0.15383281009876207,0.05166224819046816,0.009592871560827965,0.003931542900194136,0.0003339571836923175,1.3704679203573344e-11,3.1732369102647326,166.77198748936715,169.94522439963188,veteran,Jacoby Brissett,QB,4.0,-0.62,0.0,0.0,0.0,0.0,7.0,-7.0,0.0,4.0,2.0,2.0,0.0,0.0,0.0,0.0,0.0,0.0,0.0,0.0,0.0,0.0,0.0,0.0,0.0,0.0,0.0,0.0,0.0,16,207.92000000000002,12.664536082474227,0.9246134020618556,1.0,25.72210814510609,0.6062500000000001,1.0,1.0,0.0,0.0,0.0,0.0,16.0,0.0,0.0,0.0,0.0,63.0,260.0,4.0,469.0,3098.0,13.0,7.0,,6
00-0033537,2018,veteran,QB,5.1471199694899665,31.915118022529235,164.27094130238936,1209.7180684505195,8.672717022866818,4.489533080003999,26.907031417603072,173.88017546170445,0.9730916314417783,0.979232226901862,7.364163490264993,0.052795198920191924,0.22584289755666698,0.08684023965224914,0.02096419579057393,0.022823911923161383,0.0026407915275543574,1.3704435244475391e-11,2.186582766274161,95.36862755049745,97.5552103167716,veteran,Deshaun Watson,QB,16.0,341.2,0.0,0.0,0.0,0.0,99.0,551.0,5.0,505.0,345.0,4165.0,26.0,9.0,62.0,3.0,0.0,0.0,9.5,9.5,0.0,0.0,0.0,0.0,0.0,0.0,5.0,3.0,0.0,16,174.36,24.90857142857143,0.4375,0.4375,22.965092402464066,0.24062500000000003,1.0,0.4375,0.0,0.5625,0.0,9.0,7.0,0.0,0.0,0.0,0.0,36.0,269.0,2.0,204.0,1699.0,19.0,8.0,6.7,6
00-0033869,2018,veteran,QB,9.264845098211042,27.930900781631635,258.7754691953188,1808.8590270030709,10.095107348988375,5.996115332290254,34.25368436018933,185.74455009130702,1.2143896046633358,1.8512829313005408,6.990071480221251,0.039011067704291476,0.14425669433173868,0.04747286905207061,0.008460970714699248,0.007099747959964475,0.0006668418572526975,1.37045976678055e-11,2.2280836057785782,122.90078658600547,125.12887019178405,veteran,Mitchell Trubisky,QB,14.0,270.02,0.0,0.0,0.0,0.0,68.0,421.0,3.0,434.0,289.0,3223.0,24.0,12.0,24.0,3.0,0.0,0.0,7.0,7.0,0.0,0.0,0.0,0.0,0.0,0.0,4.0,2.0,0.0,16,135.52,11.293333333333335,0.75,0.75,24.032854209445585,0.41250000000000003,1.0,0.75,0.0,0.25,0.0,4.0,12.0,0.0,0.0,0.0,0.0,41.0,248.0,2.0,330.0,2193.0,7.0,7.0,10.9,6
00-0033873,2018,veteran,QB,0.11885248247887181,30.72059581291836,3.651219075595382,26.2145881125393,0.15707006067657964,0.08871609316145788,0.5461544925551114,1.5222104698922465,0.01768904036190147,0.022782263296013735,7.179680969503218,0.04301852543618385,0.19469310989253377,0.07081984511559901,0.015384287995292345,0.002640465454650118,0.00020979426463982952,1.3704734004231799e-11,0.03977358040340342,1.7122223434535806,1.751995923856984,veteran,Patrick Mahomes,QB,16.0,436.58,0.0,0.0,0.0,0.0,60.0,272.0,2.0,580.0,383.0,5097.0,50.0,12.0,26.0,2.0,0.0,0.0,19.5,19.5,0.0,0.0,0.0,0.0,0.0,0.0,10.0,5.0,1.0,16,10.36,10.36,0.0625,0.0625,22.95687885010267,0.034375,1.0,0.0625,0.0,0.9375,0.0,15.0,1.0,0.0,0.0,0.0,0.0,7.0,10.0,0.0,35.0,284.0,0.0,1.0,9.8,6
00-0033899,2018,veteran,QB,11.873147037709666,31.604211091632592,375.24144530176847,2536.7668904761426,14.328510876292897,12.132033031261209,60.46020120308458,305.4319842695307,2.4832981959262344,2.622158475003837,6.760359022804849,0.03818477691015697,0.18036180836781815,0.06386298703994923,0.013167330042954737,0.012396327213005431,0.0012831904303114,1.3704520458016421e-11,3.7615561942531324,174.71932371419766,178.4808799084508,veteran,DeShone Kizer,QB,3.0,5.380000000000001,0.0,0.0,0.0,0.0,5.0,39.0,0.0,42.0,20.0,187.0,0.0,2.0,4.0,1.0,0.0,0.0,0.0,0.0,0.0,0.0,0.0,0.0,0.0,0.0,0.0,0.0,0.0,16,176.66,11.777333333333333,0.9375,0.9375,22.661190965092402,0.515625,1.0,0.9375,0.0,0.0625,0.0,1.0,15.0,0.0,0.0,0.0,0.0,77.0,419.0,5.0,476.0,2894.0,11.0,22.0,,6
00-0033936,2018,veteran,QB,4.184685132165195,32.46169501256675,135.84197248396916,946.7665064459028,5.39577586630131,3.3522201924573913,16.353464509345887,76.86540339550346,0.6802174699815317,0.8448574669345346,6.969616894790243,0.039720977012006144,0.20675741474525347,0.07687732124601952,0.01741721780860536,0.005843234081405766,0.0005308237191603013,1.3704624567588702e-11,1.5213309891794153,62.827453563697034,64.34878455287645,veteran,C.J. Beathard,QB,5.0,75.98,0.0,0.0,0.0,0.0,19.0,69.0,1.0,169.0,102.0,1252.0,8.0,7.0,18.0,3.0,0.0,0.0,1.0,1.0,0.0,0.0,0.0,0.0,0.0,0.0,1.0,0.0,0.0,16,88.8,14.8,0.375,0.375,24.791238877481177,0.20625000000000002,1.0,0.375,0.0,0.625,0.0,10.0,6.0,0.0,0.0,0.0,0.0,26.0,136.0,3.0,224.0,1430.0,4.0,6.0,,6
00-0033958,2018,veteran,QB,2.7642565399956323,16.54541510614292,45.73577191409809,320.2541442299219,2.035901880572589,1.334229228009334,5.281069207341581,18.76589527449588,0.17104509371628707,0.5139222324922054,7.002268264574831,0.044514431381992715,0.034879107365128406,0.008056196238950191,0.000643967759322023,0.0006863519327253548,4.360884140887436e-05,1.3704919149713616e-11,0.13545714646742163,20.160330460231464,20.295787606698884,veteran,Nathan Peterman,QB,4.0,12.839999999999998,0.0,0.0,0.0,0.0,10.0,50.0,1.0,81.0,44.0,296.0,1.0,7.0,7.0,0.0,0.0,0.0,0.0,0.0,0.0,0.0,0.0,0.0,0.0,0.0,0.0,0.0,0.0,16,9.540000000000001,2.3850000000000002,0.25,0.25,24.32854209445585,0.1375,1.0,0.25,0.0625,0.6875,1.0,12.0,4.0,0.0,0.0,0.0,0.0,7.0,23.0,0.0,48.0,231.0,2.0,5.0,,6
00-0034343,2018,rookie,QB,8.583813109629949,27.946154817474508,239.8845700859858,1635.2680148614563,8.486482432287234,6.609169651811573,34.215150230959566,166.17466206766036,1.8186431203843372,1.8413226859774023,6.816895368782161,0.03537735849056604,0.13553246215594789,0.04375518824641169,0.007498974349391169,0.006567492471571031,0.0006086555314919749,1.3704608434200388e-11,1.9197154580244755,109.98499057710131,111.90470603512578,rookie,Josh Rosen,QB,14.0,112.92,0.0,0.0,0.0,0.0,23.0,138.0,0.0,393.0,217.0,2278.0,11.0,14.0,45.0,5.0,0.0,0.0,0.0,0.0,0.0,0.0,0.0,0.0,0.0,0.0,0.0,0.0,0.0,16,0.0,,,0.0,21.555099247091032,0.0,0.0,0.0,0.0,1.0,0.0,16.0,0.0,0.0,0.0,0.0,0.0,0.0,0.0,0.0,0.0,0.0,0.0,0.0,,6
00-0034369,2018,rookie,QB,4.529046855487317,25.709797388357263,116.44087701695548,793.765275273817,4.119370649184746,3.208115929819636,14.405483500533364,69.9639293255634,0.7656968707490707,0.9715305557512225,6.816895368782161,0.03537735849056604,0.10916188937308852,0.03309489525773016,0.004972440718873908,0.003982750763115918,0.00033904579538574496,1.370467742082643e-11,0.7846140391418293,51.459374793600716,52.243988832742545,rookie,Kyle Lauletta,QB,1.0,-2.2,0.0,0.0,0.0,0.0,1.0,-2.0,0.0,5.0,0.0,0.0,0.0,1.0,0.0,0.0,0.0,0.0,0.0,0.0,0.0,0.0,0.0,0.0,0.0,0.0,0.0,0.0,0.0,16,0.0,,,0.0,23.460643394934976,0.0,0.0,0.0,0.0,1.0,0.0,16.0,0.0,0.0,0.0,0.0,0.0,0.0,0.0,0.0,0.0,0.0,0.0,0.0,,6
00-0034771,2018,rookie,QB,5.079302873953597,25.96951551801013,131.90703480581138,899.1964546775229,4.666522457752761,3.6342311261892717,16.83193852868237,81.74863117849249,0.8946706064795135,1.089566547094147,6.816895368782161,0.03537735849056604,0.11208283537012804,0.03423265610005424,0.00522505022000982,0.004359990309418739,0.00037687324343486,1.3704664951131685e-11,0.9082160272535638,58.72923942827145,59.637455455525014,rookie,,,0.0,0.0,0.0,0.0,0.0,0.0,0.0,0.0,0.0,0.0,0.0,0.0,0.0,0.0,0.0,0.0,0.0,0.0,0.0,0.0,0.0,0.0,0.0,0.0,0.0,0.0,0.0,0.0,0.0,16,0.0,,,0.0,23.12662559890486,0.0,0.0,0.0,0.0,1.0,0.0,16.0,0.0,0.0,0.0,0.0,0.0,0.0,0.0,0.0,0.0,0.0,0.0,0.0,,6
00-0034796,2018,rookie,QB,5.828578310526368,25.72916273694962,149.9644398765878,1022.2918956767221,5.305345750350983,4.131738963152129,22.258507306934742,108.10415575827496,1.1831098478460809,1.2502944009961925,6.816895368782161,0.03537735849056604,0.109378358896858,0.03317884292928235,0.004990934870367664,0.005970531756358996,0.0005443863131155191,1.370462159279264e-11,1.025337875618448,69.25806676308017,70.28340463869861,rookie,Lamar Jackson,QB,16.0,158.54,2.0,0.0,0.0,0.0,147.0,695.0,5.0,170.0,99.0,1201.0,6.0,3.0,16.0,4.0,0.0,1.0,0.0,1.0,0.0,0.0,0.0,1.0,0.0,0.0,0.0,0.0,0.0,16,0.0,,,0.0,21.648186173853524,0.0,0.0,0.0,0.0,1.0,0.0,16.0,0.0,0.0,0.0,0.0,0.0,0.0,0.0,0.0,0.0,0.0,0.0,0.0,,6
00-0034855,2018,rookie,QB,15.894820350538383,35.03358553378699,556.8525482947646,3796.0055575651254,19.699972227409123,15.342099583164076,59.971353555805024,291.2662765940044,3.1876665403536,3.409614460052398,6.816895368782161,0.03537735849056604,0.23422859278785968,0.09136684872782343,0.022658050667985968,0.005812419028049908,0.0005275483739188496,1.3704625297384251e-11,6.726667449462918,241.3893100273306,248.11597747679352,rookie,Baker Mayfield,QB,14.0,246.10000000000002,1.0,0.0,0.0,0.0,39.0,131.0,0.0,486.0,310.0,3725.0,27.0,14.0,25.0,3.0,0.0,0.0,6.0,6.0,0.0,0.0,0.0,0.0,0.0,0.0,3.0,2.0,0.0,16,0.0,,,0.0,23.38398357289528,0.0,0.0,0.0,0.0,1.0,0.0,16.0,0.0,0.0,0.0,0.0,0.0,0.0,0.0,0.0,0.0,0.0,0.0,0.0,,6
00-0034857,2018,rookie,QB,10.124169058699538,29.63682676388919,300.0482445210053,2045.3974884864585,10.614914310884622,8.266766599688934,38.81138626074866,188.4974624609874,2.0629475580037577,2.17174604413744,6.816895368782161,0.03537735849056604,0.15718880648632136,0.053157344700658936,0.010008860174780601,0.006021673694690105,0.0005498495063151404,1.3704620415381823e-11,2.670644349500035,134.6259630894654,137.29660743896542,rookie,Josh Allen,QB,12.0,208.86,1.0,0.0,0.0,0.0,89.0,631.0,8.0,319.0,168.0,2044.0,10.0,12.0,28.0,2.0,0.0,2.0,0.0,2.0,0.0,0.0,0.0,2.0,0.0,0.0,0.0,0.0,0.0,16,0.0,,,0.0,22.28062970568104,0.0,0.0,0.0,0.0,1.0,0.0,16.0,0.0,0.0,0.0,0.0,0.0,0.0,0.0,0.0,0.0,0.0,0.0,0.0,,6
00-0034869,2018,rookie,QB,11.234226472266693,29.94805569351763,336.443240065033,2293.4983650573886,11.902473115508243,9.26950178995642,47.386609650869644,230.14523660165608,2.5187477201813593,2.4098656155020035,6.816895368782161,0.03537735849056604,0.16132346972885975,0.0550185513628769,0.010535436987635953,0.007450026990575665,0.0007055645767580962,1.3704591011293861e-11,3.0717806628262716,154.11810223466543,157.1898828974917,rookie,Sam Darnold,QB,13.0,170.1,0.0,0.0,0.0,0.0,43.0,135.0,1.0,414.0,239.0,2865.0,17.0,15.0,30.0,2.0,0.0,0.0,2.0,2.0,0.0,0.0,0.0,0.0,0.0,0.0,2.0,0.0,0.0,16,0.0,,,0.0,21.240246406570844,0.0,0.0,0.0,0.0,1.0,0.0,16.0,0.0,0.0,0.0,0.0,0.0,0.0,0.0,0.0,0.0,0.0,0.0,0.0,,6
00-0019596,2019,veteran,QB,13.037715133729352,37.52361605986142,489.2222169759049,3652.566802636064,23.859856165174623,9.298431715547697,22.720208646750116,44.16265975513398,0.8003698167947582,2.2979999263477215,7.466068947592295,0.04877099881657616,0.3376025893648249,0.15767017132784114,0.05167709837890453,0.0002452300007476667,6.151130614655196e-06,1.3703622289643271e-11,8.83587466632214,227.56771835863216,236.4035930249543,veteran,Tom Brady,QB,16.0,268.68,0.0,0.0,0.0,0.0,26.0,34.0,3.0,613.0,373.0,4057.0,24.0,8.0,27.0,1.0,0.0,0.0,5.0,5.0,0.0,0.0,0.0,0.0,0.0,0.0,5.0,0.0,0.0,16,287.3,18.888831168831167,0.9707792207792207,1.0,42.078028747433265,0.9625000000000001,1.0,1.0,0.0,0.0,0.0,0.0,16.0,1.0,1.0,6.0,0.0,23.0,35.0,2.0,570.0,4355.0,29.0,11.0,,7
00-0020531,2019,veteran,QB,12.532765939156736,36.38546054643596,456.0104606169038,3463.83967487654,22.753411443933672,8.200972631401724,21.784464435497817,24.951749802489278,1.0233256027339617,2.0039120592619386,7.595965386825908,0.04989668748640594,0.32837867970438883,0.15169454136931615,0.048987212237737936,0.00010589651759135765,2.0672195325743976e-06,1.37037844743013e-11,8.196477972543262,217.79259198612166,225.9890699586649,veteran,Drew Brees,QB,11.0,232.76,0.0,0.0,0.0,0.0,9.0,-4.0,1.0,378.0,281.0,2979.0,27.0,4.0,12.0,0.0,0.0,0.0,8.0,8.0,0.0,0.0,0.0,0.0,0.0,0.0,5.0,2.0,0.0,16,318.48,20.001941747572815,0.966626213592233,0.9375,40.62696783025325,0.9656250000000001,1.0,1.0,0.0,0.0625,0.0,1.0,15.0,1.0,1.0,1.0,0.0,31.0,22.0,4.0,489.0,3992.0,32.0,5.0,,7
00-0021206,2019,veteran,QB,3.8755550943404393,29.18845347876674,113.12145957555336,790.2567426626633,4.760133831382771,2.8701701921290614,7.540836473285109,28.473154726720068,0.3064455362792332,0.7981310838391895,6.985913597895668,0.042079848061043604,0.16153066306518535,0.060293381840493,0.014368326273088062,0.0010035983250369187,3.8364616868261496e-05,1.3703350031922163e-11,1.0920094760115002,48.00019117044852,49.092200646460014,veteran,Josh McCown,QB,2.0,0.76,0.0,0.0,0.0,0.0,2.0,-2.0,0.0,5.0,3.0,24.0,0.0,0.0,0.0,0.0,0.0,0.0,0.0,0.0,0.0,0.0,0.0,0.0,0.0,0.0,0.0,0.0,0.0,16,20.759999999999998,12.045985401459856,0.5770985401459854,0.25,40.16153319644079,0.428125,1.0,0.8125,0.0,0.75,0.0,12.0,4.0,0.0,0.0,0.0,0.0,5.0,32.0,0.0,110.0,539.0,1.0,4.0,,7
00-0021429,2019,veteran,QB,2.3561485111410287,33.93935683901286,79.96616508532423,575.3101688702366,3.4946342818460163,1.9215741044839838,3.0491970633585317,7.802023206976121,0.09749441977191203,0.4466979509148951,7.194419893168295,0.04370141144216716,0.2506537905755624,0.10535138729356655,0.0298736173133863,0.000236021439440634,5.852869035913145e-06,1.3703629682302177e-11,1.1042629718354071,33.61956861072485,34.72383158256025,veteran,,,0.0,0.0,0.0,0.0,0.0,0.0,0.0,0.0,0.0,0.0,0.0,0.0,0.0,0.0,0.0,0.0,0.0,0.0,0.0,0.0,0.0,0.0,0.0,0.0,0.0,0.0,0.0,0.0,0.0,16,0.0,16.060689655172418,0.6961206896551725,0.0,39.67967145790554,0.271875,0.0,0.9375,0.0,1.0,0.0,16.0,0.0,0.0,0.0,0.0,0.0,0.0,0.0,0.0,0.0,0.0,0.0,0.0,,7
00-0022803,2019,veteran,QB,13.04264744480293,35.624166776603374,464.6334477820994,3273.6191182816096,19.197641094002435,10.33101423767143,16.769141440418455,31.468544488873494,0.6024869186580954,2.8546976617699165,7.045595046822477,0.041317819854858176,0.26683235387574766,0.11442941877332063,0.03337202495381239,0.00014140720375976028,3.009287400107462e-06,1.3703728624563276e-11,6.591316478287144,188.12568126922739,194.71699774751454,veteran,Eli Manning,QB,4.0,55.379999999999995,0.0,0.0,0.0,0.0,4.0,7.0,0.0,147.0,91.0,1042.0,6.0,5.0,5.0,1.0,0.0,0.0,1.0,1.0,0.0,0.0,0.0,0.0,0.0,0.0,1.0,0.0,0.0,16,246.46,14.60356687898089,0.9820859872611465,1.0,38.65845311430527,0.9812500000000001,1.0,1.0,0.0,0.0,0.0,0.0,16.0,0.0,0.0,0.0,0.0,15.0,20.0,1.0,576.0,4299.0,21.0,11.0,,7
00-0022924,2019,veteran,QB,12.893730567867351,38.51945653175465,496.6594941411226,3661.69678976476,23.67085739203789,11.900920710399825,22.99064857105878,61.5778261326993,0.8977905759007522,2.198855534677924,7.372650342861084,0.04766013268904101,0.34698622911228527,0.16385867871154627,0.05451685117242277,0.00044797786089941595,1.345295665964964e-05,1.370350589614114e-11,9.054958905945663,224.49627473726088,233.55123364320653,veteran,Ben Roethlisberger,QB,2.0,12.739999999999998,0.0,0.0,0.0,0.0,1.0,7.0,0.0,62.0,35.0,351.0,0.0,1.0,2.0,0.0,0.0,0.0,0.0,0.0,0.0,0.0,0.0,0.0,0.0,0.0,0.0,0.0,0.0,16,360.86,20.71201298701299,0.9646915584415585,1.0,37.50034223134839,0.9625,1.0,1.0,0.0,0.0,0.0,0.0,16.0,1.0,1.0,-1.0,0.0,31.0,98.0,3.0,675.0,5129.0,34.0,16.0,,7
00-0022942,2019,veteran,QB,13.185142395614898,34.68207777775227,457.28813407545476,3491.674729757741,22.99204418583856,10.796693043799088,17.3261548828884,22.82324062256025,0.5067612412370466,2.19801748075456,7.635611925109777,0.050279118290099255,0.30017002948627464,0.13406363005432087,0.041349633317180605,8.67623825404058e-05,1.595897610878403e-06,1.3703822962231851e-11,7.700833804703941,210.9686363942349,218.66947019893882,veteran,Philip Rivers,QB,16.0,245.0,0.0,0.0,0.0,0.0,12.0,29.0,0.0,591.0,390.0,4615.0,23.0,20.0,34.0,3.0,0.0,0.0,9.5,9.5,0.0,0.0,0.0,0.0,0.0,0.0,8.0,1.0,0.0,16,297.02,17.99825,1.0,1.0,37.73032169746749,1.0,1.0,1.0,0.0,0.0,0.0,0.0,16.0,0.0,0.0,0.0,0.0,18.0,7.0,0.0,508.0,4308.0,32.0,12.0,9.3,7
00-0023436,2019,veteran,QB,8.841778462543598,32.43355841165368,286.77033822780925,2064.6005789734363,12.191399005136356,5.256771718796983,28.41148320459927,123.17567778322503,0.9372109250128384,1.5599733514496554,7.199491383008118,0.042512761537602105,0.22583915467929896,0.09197863803957702,0.02494313736684836,0.0035817807134906083,0.00020076919792501945,1.3703103858789752e-11,3.6921173215756973,135.65696236738913,139.34907968896482,veteran,,,0.0,0.0,0.0,0.0,0.0,0.0,0.0,0.0,0.0,0.0,0.0,0.0,0.0,0.0,0.0,0.0,0.0,0.0,0.0,0.0,0.0,0.0,0.0,0.0,0.0,0.0,0.0,0.0,0.0,16,139.0,16.442530612244898,0.7971938775510204,0.625,35.318275154004105,0.765625,1.0,0.9375,0.0,0.375,0.0,6.0,10.0,0.0,0.0,0.0,0.0,41.0,168.0,1.0,328.0,2180.0,10.0,5.0,,7
00-0023459,2019,veteran,QB,12.108800369603435,35.940589621460866,435.1974248921107,3154.3058537862694,20.46997385758137,6.458155733248429,36.22370832102215,196.03190082026654,1.272682270943072,2.3556645065334676,7.247988322927807,0.047036063833916425,0.2896874748291505,0.12775249651723714,0.038724438781406266,0.004870976394372934,0.0002997323837044939,1.3703044244092462e-11,6.830400795601424,217.66377280989752,224.49417360549896,veteran,Aaron Rodgers,QB,16.0,289.38,0.0,0.0,0.0,0.0,46.0,183.0,1.0,569.0,353.0,4002.0,26.0,4.0,36.0,4.0,0.0,0.0,11.0,11.0,0.0,0.0,0.0,0.0,0.0,0.0,4.0,2.0,2.0,16,327.08,20.904285714285713,0.9111842105263158,1.0,35.748117727583846,0.83125,1.0,1.0,0.0,0.0,0.0,0.0,16.0,0.0,0.0,0.0,0.0,43.0,269.0,2.0,597.0,4442.0,25.0,2.0,8.7,7
00-0023645,2019,veteran,QB,1.302569013019183,18.595919878019696,24.22246900169592,172.93701438318993,1.0114983275943585,0.6841450575907851,0.6908224179277015,2.101178156703936,0.023020984863375386,0.2786879580755925,7.1395287726896,0.041758679824238365,0.04933821895947859,0.014923851369438279,0.0024581954263805756,7.876421854655564e-05,1.4075614514891955e-06,1.3703841640074543e-11,0.09993473911298105,9.386051579222922,9.485986318335904,veteran,,,0.0,0.0,0.0,0.0,0.0,0.0,0.0,0.0,0.0,0.0,0.0,0.0,0.0,0.0,0.0,0.0,0.0,0.0,0.0,0.0,0.0,0.0,0.0,0.0,0.0,0.0,0.0,0.0,0.0,16,6.5,2.383461538461538,0.17548076923076925,0.125,36.2135523613963,0.1625,1.0,0.25,0.25,0.625,4.0,14.0,2.0,0.0,0.0,0.0,0.0,1.0,-1.0,0.0,70.0,465.0,0.0,4.0,,7
00-0023662,2019,veteran,QB,0.30428351312067703,15.440956799197558,4.698428580804437,32.8385863185954,0.20602897608071558,0.1209144067618152,0.248713627200959,0.9941297982763528,0.008260509778069887,0.0606480098521765,6.989270083354755,0.04385061356949274,0.026847487844708515,0.007501031012365519,0.0010454019521678145,0.00023074731361495804,5.683593717991029e-06,1.3703634047381703e-11,0.012301911927179835,1.9235105623347497,1.9358124742619296,veteran,,,0.0,0.0,0.0,0.0,0.0,0.0,0.0,0.0,0.0,0.0,0.0,0.0,0.0,0.0,0.0,0.0,0.0,0.0,0.0,0.0,0.0,0.0,0.0,0.0,0.0,0.0,0.0,0.0,0.0,16,1.6600000000000001,1.7417391304347825,0.15760869565217392,0.125,37.29226557152635,0.14375000000000002,1.0,0.25,0.0,0.875,0.0,14.0,2.0,0.0,0.0,0.0,0.0,2.0,13.0,0.0,17.0,59.0,0.0,1.0,,7
00-0023682,2019,veteran,QB,6.017143167210411,29.822640374295098,179.44709675636307,1357.4971602464175,8.57280077034957,5.500401319920811,16.521474213039674,67.79503576101824,0.5619810426615586,1.0551859829587846,7.564887840395119,0.047773415816188644,0.20794622348377242,0.0827391818715503,0.021695016689208854,0.0023309735390342197,0.00011476459540973906,1.3703187051008154e-11,2.274168129108953,85.63130471756696,87.90547284667592,veteran,Ryan Fitzpatrick,QB,15.0,250.46,0.0,0.0,0.0,0.0,54.0,243.0,4.0,502.0,311.0,3529.0,20.0,13.0,40.0,2.0,0.0,0.0,9.0,9.0,0.0,0.0,0.0,0.0,0.0,0.0,4.0,2.0,1.0,16,183.84,17.31,0.5677710843373494,0.5,36.76933607118412,0.51875,1.0,0.875,0.0,0.5,0.0,8.0,8.0,0.0,0.0,0.0,0.0,36.0,152.0,2.0,246.0,2366.0,17.0,12.0,,7
00-0024226,2019,veteran,QB,2.813556404712935,27.20500469502837,76.54281519994254,535.124122867511,3.4096644235501468,2.0274816915046983,3.637425656578268,10.34179348907479,0.11615954202689122,0.5060414361691333,6.991173782538282,0.04454584554596715,0.1347133560077372,0.04830143495415222,0.010803967273020269,0.0002819476514199305,7.373054774758324e-06,1.37035953396407e-11,0.644491378194477,31.707712954622192,32.35220433281667,veteran,,,0.0,0.0,0.0,0.0,0.0,0.0,0.0,0.0,0.0,0.0,0.0,0.0,0.0,0.0,0.0,0.0,0.0,0.0,0.0,0.0,0.0,0.0,0.0,0.0,0.0,0.0,0.0,0.0,0.0,16,0.0,11.043636363636365,0.7897727272727273,0.0,36.342231348391515,0.309375,0.0,0.875,0.0,1.0,0.0,16.0,0.0,0.0,0.0,0.0,0.0,0.0,0.0,0.0,0.0,0.0,0.0,0.0,,7
00-0025430,2019,veteran,QB,0.5886026593643314,22.445818066158296,13.211668205348728,92.25824127798506,0.5888037955728826,0.3347926754167316,0.5482280482755024,1.4414126050763367,0.017989992467192732,0.10863234734022478,6.983087967697707,0.04456695297074643,0.0793336417423092,0.02578674817667512,0.004875305899581888,0.00014470915935807266,3.100848941423947e-06,1.3703724166599401e-11,0.07529036533578576,5.41077600320781,5.486066368543596,veteran,,,0.0,0.0,0.0,0.0,0.0,0.0,0.0,0.0,0.0,0.0,0.0,0.0,0.0,0.0,0.0,0.0,0.0,0.0,0.0,0.0,0.0,0.0,0.0,0.0,0.0,0.0,0.0,0.0,0.0,16,0.0,7.353333333333333,0.3125,0.0,35.318275154004105,0.140625,0.0,0.3125,0.0,1.0,0.0,16.0,0.0,0.0,0.0,0.0,0.0,0.0,0.0,0.0,0.0,0.0,0.0,0.0,,7
00-0025708,2019,veteran,QB,0.2729641728028969,25.529659514764937,6.968682391387418,50.06353458836724,0.316516749006214,0.17826500253915198,0.18899484624201304,0.6876069750955592,0.006311244569828853,0.05095315696911968,7.184074660977615,0.045419884452962946,0.12227258542926357,0.04297818949515872,0.009306864224379202,0.00015124020164715662,3.2837860220256974e-06,1.3703715640973866e-11,0.056096802741052956,2.916800225471532,2.972897028212585,veteran,Matt Moore,QB,6.0,42.26,0.0,0.0,0.0,0.0,5.0,-1.0,0.0,91.0,59.0,659.0,4.0,0.0,8.0,0.0,0.0,0.0,0.0,0.0,0.0,0.0,0.0,0.0,0.0,0.0,0.0,0.0,0.0,16,0.0,11.451666666666668,0.25,0.0,35.06091718001369,0.11249999999999999,0.0,0.25,0.0,1.0,0.0,16.0,0.0,0.0,0.0,0.0,0.0,0.0,0.0,0.0,0.0,0.0,0.0,0.0,,7
00-0026143,2019,veteran,QB,13.276244974706925,35.854800742650966,476.01711817873803,3645.799398816402,23.270644444235383,8.732470107694118,27.57302981454111,104.12641644757066,1.012477368255254,2.801805823369251,7.658966998425156,0.048886150425156705,0.32404664599246835,0.14892437055293373,0.04775762751292368,0.0011388820010610201,4.521756197934424e-05,1.3703325587155886e-11,8.55196177517229,232.3335077217595,240.8854694969318,veteran,Matt Ryan,QB,15.0,282.84000000000003,0.0,0.0,0.0,0.0,34.0,147.0,1.0,616.0,408.0,4466.0,26.0,14.0,48.0,5.0,0.0,0.0,15.5,15.5,0.0,0.0,0.0,0.0,0.0,0.0,11.0,3.0,0.0,16,374.96000000000004,20.601687500000004,1.0,1.0,34.29158110882957,1.0,1.0,1.0,0.0,0.0,0.0,0.0,16.0,1.0,1.0,5.0,1.0,33.0,125.0,3.0,608.0,4924.0,35.0,7.0,6.4,7
00-0026158,2019,veteran,QB,9.101529147959011,34.74326543674507,316.21684306781214,2124.688505607026,12.523500537523717,6.814950801379149,14.5373064356328,37.973199117192905,0.4737500267839492,1.526101256912059,6.7190870827566584,0.039604153959749935,0.2256967825312644,0.09190380165481114,0.024916303219537257,0.0003517317625517033,9.82611150464138e-06,1.3703552621658998e-11,3.7657719052861167,125.03925833021646,128.80503023550258,veteran,Joe Flacco,QB,8.0,85.88,0.0,0.0,0.0,0.0,12.0,20.0,0.0,262.0,171.0,1822.0,6.0,5.0,26.0,3.0,0.0,0.0,1.0,1.0,0.0,0.0,0.0,0.0,0.0,0.0,1.0,0.0,0.0,16,142.1,14.062880658436214,0.8217592592592592,0.5625,34.62286105407255,0.759375,1.0,1.0,0.1875,0.25,3.0,7.0,9.0,0.0,0.0,0.0,0.0,19.0,45.0,0.0,379.0,2465.0,12.0,6.0,,7
00-0026300,2019,veteran,QB,1.564312379408271,22.734750395700893,35.56425148675199,252.94460199918487,1.5698047687407817,0.9345796044037233,6.573799760886593,30.6701556178393,0.22604425226684058,0.28907171183479957,7.112327447504668,0.04413996367463401,0.08656639442339378,0.028551738605570736,0.005542539295034927,0.007230944331480735,0.0005020549100826314,1.3702967498084501e-11,0.23224267717579516,18.37298159783845,18.605224275014244,veteran,,,0.0,0.0,0.0,0.0,0.0,0.0,0.0,0.0,0.0,0.0,0.0,0.0,0.0,0.0,0.0,0.0,0.0,0.0,0.0,0.0,0.0,0.0,0.0,0.0,0.0,0.0,0.0,0.0,0.0,16,49.6,12.4,0.25,0.25,33.29774127310061,0.1375,1.0,0.25,0.0,0.75,0.0,12.0,4.0,0.0,0.0,0.0,0.0,23.0,120.0,1.0,91.0,590.0,3.0,4.0,,7
00-0026498,2019,veteran,QB,13.468686296106146,34.19486548132252,460.55991610548176,3305.744650529865,20.178252083222425,9.52105071477724,26.77974537375196,93.57695799276415,0.7754528704985443,3.007582909702252,7.177664696666204,0.043812436509565914,0.2536389753062188,0.10700479849747258,0.030501749460552625,0.0009014829755333226,3.337105758942448e-05,1.370337077257592e-11,6.412457863736186,201.89594012739298,208.30839799112917,veteran,Matthew Stafford,QB,8.0,177.06,0.0,0.0,0.0,0.0,20.0,66.0,0.0,291.0,187.0,2499.0,19.0,5.0,18.0,3.0,0.0,0.0,10.5,10.5,0.0,0.0,0.0,0.0,0.0,0.0,4.0,3.0,1.0,16,215.18,15.417687500000001,1.0,1.0,31.564681724845997,1.0,1.0,1.0,0.0,0.0,0.0,0.0,16.0,0.0,0.0,0.0,0.0,25.0,71.0,0.0,555.0,3777.0,21.0,11.0,13.4,7
00-0026544,2019,veteran,QB,1.6383976185241325,17.63133713691681,28.887140776520596,206.63091440013716,1.2943549793083806,0.6936937730538653,2.445281943519543,4.021281560208626,0.07707578490343144,0.2993757398389626,7.153041417241485,0.04480730679861641,0.04248283706351652,0.012588514996401717,0.0019885485339390047,0.0001452179326024909,3.115012885655695e-06,1.3703723488762214e-11,0.10730291512834222,12.321100332894803,12.428403248023145,veteran,Chase Daniel,QB,3.0,26.000000000000004,0.0,0.0,0.0,0.0,6.0,6.0,0.0,64.0,45.0,435.0,3.0,2.0,7.0,0.0,0.0,0.0,0.0,0.0,0.0,0.0,0.0,0.0,0.0,0.0,0.0,0.0,0.0,16,30.2,6.281509433962265,0.21816037735849061,0.25,32.90075290896646,0.165625,1.0,0.25,0.0,0.75,0.0,12.0,4.0,1.0,1.0,8.0,0.0,13.0,3.0,0.0,76.0,515.0,3.0,2.0,,7
00-0026625,2019,veteran,QB,3.9873017802521966,17.608634064880395,70.21093795470708,494.8830960064438,2.926660160446452,1.5022815349608103,4.076915749537218,4.8055412826543344,0.1357698435921896,0.702947736148573,7.048518513250625,0.04168382086469823,0.04053979613164187,0.011937575876614731,0.001861409488763663,5.4295811224180794e-05,8.683437761018135e-07,1.3703913483427523e-11,0.24810816775755465,28.386679129643365,28.63478729740092,veteran,Brian Hoyer,QB,4.0,21.080000000000002,0.0,0.0,0.0,0.0,8.0,2.0,0.0,65.0,35.0,372.0,4.0,4.0,5.0,1.0,0.0,0.0,0.0,0.0,0.0,0.0,0.0,0.0,0.0,0.0,0.0,0.0,0.0,16,-0.52,4.916240601503759,0.46193609022556387,0.3125,33.83436002737851,0.415625,1.0,0.625,0.0,0.6875,0.0,11.0,5.0,0.0,0.0,0.0,0.0,11.0,-8.0,0.0,2.0,7.0,0.0,0.0,,7
00-0026898,2019,veteran,QB,0.10664176529831393,15.645645608409232,1.6684792669125734,11.735782474692215,0.07228378896297055,0.04610244483352454,0.09077142525442507,0.3463059107884184,0.0030286637828440465,0.020110169993933915,7.03381978273462,0.043323156838938504,0.02844644995241262,0.008004540396165768,0.0011330910823758695,0.00022841420674984115,5.609078214229005e-06,1.3703636010273215e-11,0.004580932523458744,0.67894379896056,0.6835247314840187,veteran,,,0.0,0.0,0.0,0.0,0.0,0.0,0.0,0.0,0.0,0.0,0.0,0.0,0.0,0.0,0.0,0.0,0.0,0.0,0.0,0.0,0.0,0.0,0.0,0.0,0.0,0.0,0.0,0.0,0.0,16,0.31999999999999984,0.07428571428571422,0.125,0.125,32.80492813141684,0.08750000000000001,1.0,0.125,0.0,0.875,0.0,14.0,2.0,0.0,0.0,0.0,0.0,1.0,8.0,0.0,35.0,138.0,0.0,3.0,,7
00-0027688,2019,veteran,QB,1.4181948075118889,19.18693761723153,27.210815300812285,195.05872149789536,1.248304084180175,0.7145129343627487,3.948281630954801,19.690493307702777,0.12707289594047658,0.2657389821507088,7.168426206328061,0.04587529151112613,0.054649695407427035,0.01677298874747288,0.0028439923843611003,0.0035572502281752934,0.00019897980656185876,1.3703105190557384e-11,0.1267197950794946,13.566548070022735,13.69326786510223,veteran,Colt McCoy,QB,1.0,4.279999999999999,0.0,0.0,0.0,0.0,2.0,14.0,0.0,27.0,18.0,122.0,0.0,1.0,6.0,0.0,0.0,0.0,0.0,0.0,0.0,0.0,0.0,0.0,0.0,0.0,0.0,0.0,0.0,16,27.18,9.06,0.1875,0.1875,32.988364134154686,0.10312500000000001,1.0,0.1875,0.1875,0.625,3.0,13.0,3.0,0.0,0.0,0.0,0.0,10.0,63.0,0.0,54.0,372.0,3.0,3.0,,7
00-0027854,2019,veteran,QB,2.8594229345018887,27.292961828341923,78.0421210024455,548.7971871818563,3.3760171154487697,1.7927990257780624,3.333841560306461,10.382011239310158,0.1080063106638238,0.6250368413695921,7.032063969207851,0.04325891034333857,0.13797709560218926,0.04972311273291608,0.011212912605836749,0.0002760487147424323,7.17334882884962e-06,1.3703599423795818e-11,0.672749011482815,32.30652320268798,32.97927221417079,veteran,,,0.0,0.0,0.0,0.0,0.0,0.0,0.0,0.0,0.0,0.0,0.0,0.0,0.0,0.0,0.0,0.0,0.0,0.0,0.0,0.0,0.0,0.0,0.0,0.0,0.0,0.0,0.0,0.0,0.0,16,12.700000000000001,10.913555555555556,0.5541666666666667,0.1875,31.813826146475016,0.28125,1.0,0.9375,0.0,0.8125,0.0,13.0,3.0,0.0,0.0,0.0,0.0,2.0,7.0,0.0,80.0,400.0,2.0,4.0,,7
00-0027939,2019,veteran,QB,12.525959968418539,33.63063285007843,421.25596079266387,2985.096698212243,19.278421097156027,11.219224697486883,72.80935783181457,341.12080548145155,2.7139731334023076,1.897268145230235,7.086182691860982,0.04576415028259882,0.23693751289101475,0.09787828058402652,0.027085252529860313,0.014317982064569013,0.001229342703064443,1.3702834202691918e-11,5.6878810326379945,220.68048598023861,226.3683670128766,veteran,Cam Newton,QB,2.0,17.68,0.0,0.0,0.0,0.0,5.0,-2.0,0.0,89.0,50.0,572.0,0.0,1.0,6.0,2.0,0.0,0.0,1.0,1.0,0.0,0.0,0.0,0.0,0.0,0.0,1.0,0.0,0.0,16,287.1,19.49918644067797,0.9252118644067797,0.875,30.308008213552363,0.921875,1.0,1.0,0.125,0.0,2.0,2.0,14.0,0.0,0.0,0.0,0.0,101.0,488.0,4.0,471.0,3395.0,24.0,13.0,,7
00-0027948,2019,veteran,QB,5.623512863049971,21.047263767641066,118.35955852933513,823.0611662541347,5.142900902787898,3.243339323702594,11.24041239808781,36.779403280319684,0.356832333890234,1.007070845780706,6.953905341326032,0.04345150460757457,0.06532728486554171,0.020589609452415777,0.0036753537071245743,0.0008033367659602545,2.8729111729895578e-05,1.3703393049805108e-11,0.5871444374321999,50.81216425372376,51.39930869115596,veteran,,,0.0,0.0,0.0,0.0,0.0,0.0,0.0,0.0,0.0,0.0,0.0,0.0,0.0,0.0,0.0,0.0,0.0,0.0,0.0,0.0,0.0,0.0,0.0,0.0,0.0,0.0,0.0,0.0,0.0,16,33.04,7.0064705882352944,0.4420955882352941,0.5,29.87816563997262,0.42500000000000004,1.0,0.5,0.0,0.5,0.0,8.0,8.0,0.0,0.0,0.0,0.0,6.0,0.0,0.0,101.0,626.0,4.0,4.0,,7
00-0027973,2019,veteran,QB,9.981541928785841,31.933649467485907,318.74706109886023,2259.5691725669444,14.982910366272813,7.755698337765409,20.49313928808749,80.81261354260431,0.6388123414360666,1.7655193701044327,7.088909823285031,0.04700564238810605,0.20966937446863373,0.08361452432321574,0.02199709042653628,0.001211482810867562,4.8999520415568423e-05,1.3703313639888368e-11,3.7966823367275064,143.18610835490617,146.98279069163368,veteran,Andy Dalton,QB,13.0,212.16,1.0,1.0,-4.0,0.0,32.0,73.0,4.0,528.0,314.0,3494.0,16.0,14.0,37.0,4.0,0.0,0.0,9.0,9.0,0.0,0.0,0.0,0.0,0.0,0.0,4.0,2.0,1.0,16,178.04,15.213433962264148,0.857311320754717,0.6875,31.84120465434634,0.8281250000000001,1.0,1.0,0.0,0.3125,0.0,5.0,11.0,0.0,0.0,0.0,0.0,16.0,99.0,0.0,365.0,2566.0,21.0,11.0,,7
00-0028090,2019,veteran,QB,0.2530559807325781,22.14497705212246,5.603918886225286,39.62764652500362,0.25249403933328285,0.13622556937285885,0.40854255261039024,2.1312645107809303,0.013591562234428547,0.0499125249400321,7.071416865510021,0.04505669058735412,0.07912765127952998,0.02570879908518682,0.004856774725450897,0.0013085421009870236,5.41626823520609e-05,1.370329873915195e-11,0.03259213892692049,2.5174816541921583,2.5500737931190787,veteran,,,0.0,0.0,0.0,0.0,0.0,0.0,0.0,0.0,0.0,0.0,0.0,0.0,0.0,0.0,0.0,0.0,0.0,0.0,0.0,0.0,0.0,0.0,0.0,0.0,0.0,0.0,0.0,0.0,0.0,16,0.0,8.505,0.25,0.0,32.26283367556468,0.075,0.0,0.25,0.0,1.0,0.0,16.0,0.0,0.0,0.0,0.0,0.0,0.0,0.0,0.0,0.0,0.0,0.0,0.0,,7
00-0028118,2019,veteran,QB,5.494172954704121,27.340751228217407,150.21481595936555,1044.8997501536758,6.250728178222112,2.9460177673960626,25.558008611723682,138.7054965814376,1.0027161130463096,0.9735888702063888,6.956036549925478,0.041611928479231966,0.13469151172664387,0.048291954856107815,0.010801253013176733,0.012226975495677367,0.0009989894932990466,1.370286509594843e-11,1.3321029435918217,78.84653578025218,80.178638723844,veteran,Tyrod Taylor,QB,4.0,6.02,1.0,0.0,0.0,0.0,10.0,7.0,0.0,6.0,4.0,33.0,1.0,0.0,0.0,0.0,0.0,0.0,0.0,0.0,0.0,0.0,0.0,0.0,0.0,0.0,0.0,0.0,0.0,16,41.419999999999995,14.566145251396652,0.7685055865921788,0.25,30.078028747433265,0.559375,1.0,0.9375,0.0,0.75,0.0,12.0,4.0,0.0,0.0,0.0,0.0,16.0,125.0,1.0,85.0,473.0,2.0,2.0,,7
00-0028986,2019,veteran,QB,12.926859075473917,33.14922288590749,428.5153327076009,3006.2220338367497,17.430045727859167,10.028589786369828,25.530691686019402,90.99492917951798,0.944594194209007,2.192830290162946,7.015436331861798,0.040675430719657873,0.2236665529022999,0.09083895043200231,0.024535402007179942,0.0009243619640368647,3.447578442552642e-05,1.3703365928537897e-11,5.299648436284867,180.29328219504694,185.5929306313318,veteran,Case Keenum,QB,10.0,106.98,0.0,0.0,0.0,0.0,9.0,12.0,1.0,247.0,160.0,1707.0,11.0,5.0,15.0,3.0,0.0,0.0,3.5,3.5,0.0,0.0,0.0,0.0,0.0,0.0,2.0,1.0,0.0,16,219.4,14.18277027027027,0.9429898648648649,1.0,31.537303216974674,0.925,1.0,1.0,0.0,0.0,0.0,0.0,16.0,0.0,0.0,0.0,0.0,26.0,93.0,2.0,586.0,3890.0,18.0,15.0,,7
00-0029263,2019,veteran,QB,13.546371476090117,32.53962452513257,440.7938415099382,3270.80994033137,23.881194693138312,9.073337544384508,56.84889352091645,294.3444626740267,1.4037239519549687,2.4371311915820466,7.4202714110687635,0.05417769588461885,0.24426207235896433,0.10184373454105655,0.02855447768955894,0.008949035056956421,0.00066352749912424,1.3702926000307987e-11,6.2866130233662565,241.1930288930074,247.47964191637365,veteran,Russell Wilson,QB,16.0,336.6,0.0,0.0,0.0,0.0,75.0,342.0,3.0,516.0,341.0,4110.0,31.0,5.0,48.0,2.0,0.0,0.0,8.0,8.0,0.0,0.0,0.0,0.0,0.0,0.0,3.0,2.0,1.0,16,299.92,19.547875,1.0,1.0,30.754277891854894,1.0,1.0,1.0,0.0,0.0,0.0,0.0,16.0,1.0,1.0,-11.0,0.0,67.0,376.0,0.0,427.0,3448.0,35.0,7.0,11.1,7
00-0029567,2019,veteran,QB,3.454300829837616,26.379478695906208,91.12265514995252,647.0042344424718,4.013303879056013,2.0405391611470565,4.515215455293987,9.632117918444267,0.14139838115644213,0.7315236350298617,7.100366351021641,0.04404287685045693,0.12934430471287056,0.04598543721921413,0.010145922132230117,0.00017778053815506597,4.0509276784781555e-06,1.3703684414364711e-11,0.7557946717456777,38.200861380352165,38.95665605209784,veteran,Nick Foles,QB,4.0,37.74,0.0,0.0,0.0,0.0,4.0,23.0,0.0,117.0,77.0,736.0,3.0,2.0,8.0,2.0,0.0,0.0,0.0,0.0,0.0,0.0,0.0,0.0,0.0,0.0,0.0,0.0,0.0,16,81.22,11.45728155339806,0.3525485436893205,0.3125,30.611909650924023,0.32187499999999997,1.0,0.4375,0.0,0.6875,0.0,11.0,5.0,1.0,1.0,10.0,0.0,9.0,17.0,0.0,195.0,1413.0,7.0,4.0,,7
00-0029604,2019,veteran,QB,13.518541182751134,35.66496918739584,482.1383547413609,3505.483665761922,22.394126950739405,10.060590704672373,32.73670308664054,100.82330970535891,1.2583567499591197,3.3247632670798746,7.270700684334499,0.046447511861512344,0.28681527355498926,0.1260454965103238,0.03802427752715451,0.001033134629331294,3.9838408939124514e-05,1.3703344425193298e-11,7.476090773160525,220.65761796022062,228.13370873338116,veteran,Kirk Cousins,QB,15.0,248.42,1.0,0.0,0.0,0.0,31.0,63.0,1.0,444.0,307.0,3603.0,26.0,6.0,28.0,3.0,0.0,0.0,4.0,4.0,0.0,0.0,0.0,0.0,0.0,0.0,4.0,0.0,0.0,16,296.12,18.480875,1.0,1.0,31.033538672142367,1.0,1.0,1.0,0.0,0.0,0.0,0.0,16.0,1.0,1.0,-1.0,0.0,44.0,123.0,1.0,606.0,4298.0,30.0,10.0,7.5,7
00-0029668,2019,veteran,QB,12.041951820001772,36.27119704606951,436.77600728255965,3154.948529335567,22.254178042317886,10.288647643163436,33.88492717402099,124.70608805579755,0.9325614116672832,2.140287827656253,7.2232642744375015,0.05095100846031862,0.2933191929229794,0.12992453465911402,0.03962143602145666,0.0019689257438666877,9.213719213749363e-05,1.3703219715779755e-11,6.858565892899109,208.42275967663826,215.2813255695374,veteran,,,0.0,0.0,0.0,0.0,0.0,0.0,0.0,0.0,0.0,0.0,0.0,0.0,0.0,0.0,0.0,0.0,0.0,0.0,0.0,0.0,0.0,0.0,0.0,0.0,0.0,0.0,0.0,0.0,0.0,16,342.42,21.329049773755656,0.9872737556561086,1.0,29.968514715947983,0.690625,1.0,1.0,0.0,0.0,0.0,0.0,16.0,2.0,1.0,4.0,0.0,46.0,148.0,0.0,639.0,4593.0,39.0,15.0,,7
00-0029682,2019,veteran,QB,6.031624682175627,27.398443230370958,165.2571264414932,1146.3820306809298,6.813077123717752,4.121179507914913,11.116989513341979,41.710063712728754,0.38498217779664334,1.1070277050859394,6.936959726737044,0.04122713053545573,0.1344640550104491,0.048193269802372464,0.010773008387475202,0.0008934256163862618,3.298399253177519e-05,1.3703372507812094e-11,1.3827070018909133,69.13207473415923,70.51478173605014,veteran,,,0.0,0.0,0.0,0.0,0.0,0.0,0.0,0.0,0.0,0.0,0.0,0.0,0.0,0.0,0.0,0.0,0.0,0.0,0.0,0.0,0.0,0.0,0.0,0.0,0.0,0.0,0.0,0.0,0.0,16,70.48,10.68506329113924,0.5656645569620253,0.4375,28.774811772758383,0.49375,1.0,0.9375,0.0,0.5625,0.0,9.0,7.0,0.0,0.0,0.0,0.0,8.0,21.0,0.0,178.0,1247.0,6.0,4.0,,7
00-0029701,2019,veteran,QB,8.827607612915676,26.35949239132541,232.69125570625704,1682.4609138639748,11.327561653343857,6.242138906259132,22.508456046125076,94.36129566353665,0.6512137923966546,1.937206475037923,7.230443227260189,0.048680650327674775,0.13545662095425237,0.04862428014496803,0.010896502178648607,0.00209758228825595,0.0001000449047319231,1.37032074682305e-11,2.0518334572611954,109.59340472607389,111.64523818333508,veteran,Ryan Tannehill,QB,12.0,228.68,0.0,0.0,0.0,0.0,43.0,185.0,4.0,286.0,201.0,2742.0,22.0,6.0,31.0,3.0,0.0,0.0,4.5,4.5,0.0,0.0,0.0,0.0,0.0,0.0,3.0,1.0,0.0,16,142.46,13.426,0.71796875,0.6875,31.096509240246405,0.5,1.0,0.8125,0.25,0.0625,4.0,5.0,11.0,1.0,1.0,3.0,1.0,32.0,145.0,0.0,274.0,1979.0,17.0,9.0,,7
00-0030520,2019,veteran,QB,0.896331915647346,21.563252101762778,19.327831063959692,137.2908168327413,0.8539388746142403,0.46792075085463253,0.6648232919920477,2.2277321595233524,0.022173110524256218,0.18467755139901101,7.103270738367812,0.044181826289167385,0.0743392658935868,0.02390943255575379,0.004433402050087472,0.0001480884860143314,3.195204186553633e-06,1.3703719708272467e-11,0.10686346974426018,7.958003446357201,8.064866916101462,veteran,Mike Glennon,QB,2.0,4.239999999999999,0.0,0.0,0.0,0.0,2.0,0.0,0.0,10.0,6.0,56.0,1.0,0.0,0.0,1.0,0.0,0.0,0.0,0.0,0.0,0.0,0.0,0.0,0.0,0.0,0.0,0.0,0.0,16,10.96,7.262857142857144,0.1823979591836735,0.125,29.71937029431896,0.15312499999999998,1.0,0.25,0.0,0.875,0.0,14.0,2.0,0.0,0.0,0.0,0.0,0.0,0.0,0.0,21.0,174.0,1.0,0.0,,7
00-0030526,2019,veteran,QB,0.5199414817566912,15.021402442593947,7.810250244065878,55.759320357296424,0.3465391677548078,0.18344563536324587,0.7204839003112622,2.858445360509328,0.02390943768104075,0.10016714710263586,7.139248886379998,0.044369790586172776,0.026349213377421184,0.007344982580697103,0.0010185134821545205,0.0005798438980443786,1.8809355378359504e-05,1.370345604719487e-11,0.020803780110454112,3.478605082516502,3.499408862626956,veteran,,,0.0,0.0,0.0,0.0,0.0,0.0,0.0,0.0,0.0,0.0,0.0,0.0,0.0,0.0,0.0,0.0,0.0,0.0,0.0,0.0,0.0,0.0,0.0,0.0,0.0,0.0,0.0,0.0,0.0,16,0.0,3.96,0.22916666666666666,0.0,29.453798767967147,0.084375,0.0,0.3125,0.0,1.0,0.0,16.0,0.0,0.0,0.0,0.0,0.0,0.0,0.0,0.0,0.0,0.0,0.0,0.0,,7
00-0030565,2019,veteran,QB,2.165564747429229,10.957070097407785,23.728244738057246,169.3976496714745,1.0636266160795813,0.550115396228155,3.070198876398064,7.2801459684377825,0.09848836907969938,0.45236587979919557,7.139072086515573,0.044825339076752374,0.010257445195823237,0.0025664240299757934,0.00027754005444330257,0.0002421142170261998,6.049830314124626e-06,1.3703624759470511e-11,0.0322958257614522,10.344394710444579,10.37669053620603,veteran,,,0.0,0.0,0.0,0.0,0.0,0.0,0.0,0.0,0.0,0.0,0.0,0.0,0.0,0.0,0.0,0.0,0.0,0.0,0.0,0.0,0.0,0.0,0.0,0.0,0.0,0.0,0.0,0.0,0.0,16,-1.4800000000000002,1.0583870967741935,0.21370967741935482,0.25,28.892539356605067,0.19375,1.0,0.25,0.0,0.75,0.0,12.0,4.0,0.0,0.0,0.0,0.0,8.0,2.0,0.0,4.0,8.0,0.0,0.0,,7
00-0031064,2019,veteran,QB,1.6562942304512638,23.883184657485103,39.55758095299472,279.0276524658123,1.6535446458782204,0.934341407322225,1.6339165218563325,5.062470072526915,0.05408654730347328,0.3930305200340553,7.05370868854124,0.04180095460951179,0.09700510930136985,0.032637070751611236,0.006562102279488629,0.00020651832583703958,4.9210585366075316e-06,1.3703655474010945e-11,0.26384571636578813,15.951307118506344,16.215152834872132,veteran,,,0.0,0.0,0.0,0.0,0.0,0.0,0.0,0.0,0.0,0.0,0.0,0.0,0.0,0.0,0.0,0.0,0.0,0.0,0.0,0.0,0.0,0.0,0.0,0.0,0.0,0.0,0.0,0.0,0.0,16,0.0,6.526315789473684,0.4506578947368422,0.0,29.349760438056126,0.17812499999999998,0.0,0.5,0.0,1.0,0.0,16.0,0.0,0.0,0.0,0.0,0.0,0.0,0.0,0.0,0.0,0.0,0.0,0.0,,7
00-0031076,2019,veteran,QB,0.05522484776889819,18.978106557110614,1.0480630455583622,7.497606169879554,0.04679967822521722,0.02483359457704448,0.07172209971068406,0.2474478818498462,0.002557096226560196,0.01059002025498397,7.153774004010567,0.04465349524873706,0.052636608354369126,0.016068180384164094,0.0026955625682147408,0.0003993524214903303,1.1587880566599417e-05,1.3703528093025951e-11,0.004558631058468412,0.45634309557634,0.46090172663480844,veteran,David Fales,QB,1.0,0.0,0.0,0.0,0.0,0.0,0.0,0.0,0.0,0.0,0.0,0.0,0.0,0.0,1.0,0.0,0.0,0.0,0.0,0.0,0.0,0.0,0.0,0.0,0.0,0.0,0.0,0.0,0.0,16,0.0,7.935999999999999,0.11249999999999999,0.0,28.908966461327857,0.046875,0.0,0.125,0.0,1.0,0.0,16.0,0.0,0.0,0.0,0.0,0.0,0.0,0.0,0.0,0.0,0.0,0.0,0.0,,7
00-0031280,2019,veteran,QB,13.60019771841175,33.99689462238126,462.36448867639433,3301.5258341743847,19.648824909826967,9.651208795283312,26.071299122439513,63.00757644666179,0.8107557738866498,3.2179694163127923,7.140526392123292,0.04249639708723185,0.24731749073260398,0.10351497134355601,0.02918070819517499,0.00042404057703226614,1.2526810974193383e-05,1.3703516504970116e-11,6.275052277572382,196.0832688710771,202.35832114864948,veteran,Derek Carr,QB,16.0,246.86,0.0,0.0,0.0,0.0,27.0,82.0,2.0,513.0,361.0,4054.0,21.0,8.0,29.0,3.0,0.0,0.0,2.5,2.5,0.0,0.0,0.0,0.0,0.0,0.0,1.0,1.0,0.0,16,223.76,14.684694533762055,0.9728697749196141,1.0,28.42984257357974,0.971875,1.0,1.0,0.0,0.0,0.0,0.0,16.0,1.0,1.0,-9.0,0.0,24.0,47.0,1.0,553.0,4049.0,19.0,10.0,15.8,7
00-0031345,2019,veteran,QB,2.5317500386584966,25.76673947241283,65.2349436553846,484.4494576894357,2.9900070642238656,1.616824607614438,4.834908188112524,13.038302887541304,0.16024841742581256,0.45285018443934927,7.426226352683428,0.04583443928485812,0.13688658941221307,0.04924692757176191,0.011075518133744196,0.0005140193256965325,1.608399987915106e-05,1.3703479328416899e-11,0.591027330656235,29.46397777367432,30.055005104330554,veteran,Jimmy Garoppolo,QB,16.0,253.82,0.0,0.0,0.0,0.0,46.0,62.0,1.0,476.0,329.0,3978.0,27.0,13.0,36.0,5.0,0.0,0.0,6.5,6.5,0.0,0.0,0.0,0.0,0.0,0.0,3.0,1.0,1.0,16,48.019999999999996,13.563908045977012,0.30387931034482757,0.1875,27.83025325119781,0.271875,1.0,0.375,0.0,0.8125,0.0,13.0,3.0,0.0,0.0,0.0,0.0,8.0,33.0,0.0,89.0,718.0,5.0,3.0,10.9,7
00-0031407,2019,veteran,QB,11.8213957811746,32.92159939730273,389.1792562247947,2711.592367612568,16.06555905930284,9.72430780625083,47.30816938754524,266.11119565456386,1.4641831214473207,2.5859869119295316,6.967463769565146,0.04128061504394051,0.21643958837709934,0.08708342926324941,0.023205868698561505,0.00963151302495744,0.0007305649159119371,1.3702911675846639e-11,4.77825345182352,183.50155979949366,188.2798132513172,veteran,Blake Bortles,QB,2.0,-0.78,0.0,0.0,0.0,0.0,2.0,-9.0,0.0,2.0,1.0,3.0,0.0,0.0,0.0,0.0,0.0,0.0,0.0,0.0,0.0,0.0,0.0,0.0,0.0,0.0,0.0,0.0,0.0,16,183.72,15.25714285714286,0.9065766550522648,0.8125,27.709787816564,0.896875,1.0,1.0,0.0,0.1875,0.0,3.0,13.0,0.0,0.0,0.0,0.0,58.0,365.0,1.0,403.0,2718.0,13.0,11.0,,7
00-0031503,2019,veteran,QB,10.301076782940056,34.334831221359224,353.68573274050885,2630.225792254065,16.306535344834195,9.95060419395666,37.248094728705134,171.34217459448195,1.1151213510203306,2.478995784548263,7.436618299171828,0.046104589004719414,0.27723500867679407,0.12042009473640965,0.03574678893848962,0.005149732902931511,0.0003223003874514663,1.3703033444078904e-11,5.510992765514089,169.4009186780597,174.91191144357379,veteran,Jameis Winston,QB,16.0,331.36,0.0,0.0,0.0,0.0,59.0,250.0,1.0,626.0,380.0,5109.0,33.0,30.0,47.0,5.0,0.0,0.0,26.0,26.0,0.0,0.0,0.0,0.0,0.0,0.0,11.0,6.0,3.0,16,203.78,17.41838056680162,0.7877024291497975,0.6875,25.650924024640656,0.7718750000000001,1.0,1.0,0.0,0.3125,0.0,5.0,11.0,0.0,0.0,0.0,0.0,49.0,281.0,1.0,378.0,2992.0,19.0,14.0,9.0,7
00-0031568,2019,veteran,QB,1.1290449903397168,22.781130865943172,25.720921678466635,179.4473842498173,1.0861726073485336,0.6539954856799147,1.8848527760493483,9.084137060934879,0.06200522784550521,0.21341329258468525,6.976708941190444,0.04222914796470413,0.08249562339233313,0.026988847317644196,0.005163045007863918,0.001196849814946054,4.8231616811453265e-05,1.3703315989299118e-11,0.1519403056233673,11.068213316024144,11.220153621647512,veteran,,,0.0,0.0,0.0,0.0,0.0,0.0,0.0,0.0,0.0,0.0,0.0,0.0,0.0,0.0,0.0,0.0,0.0,0.0,0.0,0.0,0.0,0.0,0.0,0.0,0.0,0.0,0.0,0.0,0.0,16,0.0,5.912857142857143,0.3035714285714286,0.0,28.254620123203285,0.13124999999999998,0.0,0.375,0.0,1.0,0.0,16.0,0.0,0.0,0.0,0.0,0.0,0.0,0.0,0.0,0.0,0.0,0.0,0.0,,7
00-0031589,2019,veteran,QB,2.9380300368670023,24.22617308597666,71.17722420493838,492.7864518704993,3.0275126510131654,1.9207414623556593,9.63799744444449,56.83897307352965,0.338576363790923,0.5630597986721168,6.923372713322376,0.0425348513493044,0.09583539688405142,0.03217378367073637,0.006444536254315075,0.007033681909698342,0.00048422920540930017,1.3702972877346582e-11,0.4840262597808647,34.56926164691558,35.05328790669644,veteran,Brett Hundley,QB,3.0,6.06,0.0,0.0,0.0,0.0,7.0,41.0,0.0,11.0,5.0,49.0,0.0,0.0,2.0,0.0,0.0,0.0,0.0,0.0,0.0,0.0,0.0,0.0,0.0,0.0,0.0,0.0,0.0,16,0.0,9.475384615384616,0.6201923076923076,0.0,26.21218343600274,0.24375,0.0,0.6875,0.0,1.0,0.0,16.0,0.0,0.0,0.0,0.0,0.0,0.0,0.0,0.0,0.0,0.0,0.0,0.0,,7
00-0031800,2019,veteran,QB,3.1585426842053117,14.701139739380816,46.43417737330126,328.77398924866077,2.0237026474529354,1.2129303821197601,4.79039127088962,21.588542854340588,0.15732616482071662,0.5714555556960345,7.080431006788964,0.0435821793758432,0.02411583069752209,0.00665070157276908,0.0009006090838479556,0.0008737039557825227,3.2041020169733234e-05,1.3703376821934351e-11,0.11628132800472062,20.779809558484942,20.896090886489663,veteran,,,0.0,0.0,0.0,0.0,0.0,0.0,0.0,0.0,0.0,0.0,0.0,0.0,0.0,0.0,0.0,0.0,0.0,0.0,0.0,0.0,0.0,0.0,0.0,0.0,0.0,0.0,0.0,0.0,0.0,16,13.900000000000002,2.5655737704918034,0.2879098360655738,0.3125,26.46406570841889,0.190625,1.0,0.3125,0.0,0.6875,0.0,11.0,5.0,0.0,0.0,0.0,0.0,5.0,31.0,0.0,57.0,320.0,1.0,3.0,,7
00-0032156,2019,veteran,QB,3.592458245108114,29.356607120512606,105.46238529848507,743.8175855302984,4.516295042757176,2.7911498357697004,8.518143995989368,29.686688205445748,0.27551818657819627,0.6894932792709422,7.052918283851703,0.042823752089192035,0.16796946120715844,0.06327819835273193,0.015294750188053308,0.0012608337426356247,5.1609824968406305e-05,1.370330592020505e-11,1.0591088086764473,45.478375302173106,46.537484110849554,veteran,Trevor Siemian,QB,1.0,0.12,0.0,0.0,0.0,0.0,0.0,0.0,0.0,6.0,3.0,3.0,0.0,0.0,2.0,0.0,0.0,0.0,0.0,0.0,0.0,0.0,0.0,0.0,0.0,0.0,0.0,0.0,0.0,16,0.0,12.595555555555553,0.7604166666666666,0.0,27.682409308692677,0.3375,0.0,0.875,0.0,1.0,0.0,16.0,0.0,0.0,0.0,0.0,0.0,0.0,0.0,0.0,0.0,0.0,0.0,0.0,,7
00-0032245,2019,veteran,QB,2.080534297087974,10.757887493003972,22.382153893408525,159.49891362338246,0.9858143507571496,0.5210102459218969,2.83613947484765,3.642918254797648,0.09038572840370868,0.38934064497715315,7.126164639157199,0.04404465966286957,0.009654427831891977,0.0023996745755098066,0.000255455102954451,8.815919992097518e-05,1.6293382640989693e-06,1.3703819877815102e-11,0.028826745450706945,9.409118362067813,9.43794510751852,veteran,Sean Mannion,QB,3.0,-1.46,0.0,0.0,0.0,0.0,6.0,-5.0,0.0,21.0,12.0,126.0,0.0,2.0,0.0,1.0,0.0,0.0,0.0,0.0,0.0,0.0,0.0,0.0,0.0,0.0,0.0,0.0,0.0,16,0.01999999999999999,0.4151515151515151,0.23863636363636362,0.1875,27.351129363449694,0.20625000000000002,1.0,0.3125,0.0,0.8125,0.0,13.0,3.0,0.0,0.0,0.0,0.0,7.0,-9.0,0.0,3.0,23.0,0.0,0.0,,7
00-0032268,2019,veteran,QB,12.578639788536616,29.847685209072882,375.44328076656,2735.9136196059812,15.643408640720425,9.425471105804547,53.43391074146093,274.2986967450175,2.0016452173756014,2.2948113375748145,7.287155636451768,0.04166650315003787,0.19010977347849953,0.07385695402466289,0.01869800119746025,0.009015928981952356,0.0006700285750634331,1.3702924549258604e-11,4.381293430863771,188.00935543911757,192.39064886998133,veteran,Marcus Mariota,QB,7.0,86.02,0.0,0.0,0.0,0.0,24.0,129.0,0.0,160.0,95.0,1203.0,7.0,2.0,25.0,0.0,0.0,0.0,1.0,1.0,0.0,0.0,0.0,0.0,0.0,0.0,1.0,0.0,0.0,16,177.42,13.873079584775086,0.9041955017301038,0.875,25.83709787816564,0.9031250000000001,1.0,0.9375,0.0,0.125,0.0,2.0,14.0,1.0,1.0,21.0,0.0,64.0,357.0,2.0,331.0,2528.0,11.0,8.0,,7
00-0032436,2019,veteran,QB,5.5329808779429595,23.23030232158752,128.5328185341777,888.6426274942239,5.588061243389782,2.706909582188874,16.437216751162534,76.78388255702885,0.6259797171769224,1.0411546058309031,6.913741078959753,0.04347575434132319,0.0849475342127326,0.027928157589937993,0.00539040341832022,0.003553750439081425,0.00019872481936517895,1.3703105381307597e-11,0.7827641676696769,61.83608825605295,62.61885242372263,veteran,Jeff Driskel,QB,3.0,57.6,1.0,1.0,6.0,0.0,22.0,151.0,1.0,105.0,62.0,685.0,4.0,4.0,11.0,0.0,0.0,0.0,0.0,0.0,0.0,0.0,0.0,0.0,0.0,0.0,0.0,0.0,0.0,16,85.12,10.64,0.5,0.5,26.357289527720738,0.275,1.0,0.5,0.0,0.5,0.0,8.0,8.0,0.0,0.0,0.0,0.0,25.0,130.0,2.0,176.0,1003.0,6.0,2.0,,7
00-0032784,2019,veteran,QB,0.9845297233257218,18.49773666707388,18.211571562986308,130.1319471524766,0.8249162522334309,0.48980227026852186,2.935629972411764,17.370446031359446,0.09887762891942709,0.18447954060183158,7.145563835740586,0.04529626942849969,0.048705161340023694,0.014705732714696402,0.002413474627133861,0.0058145775068228515,0.000377641156584372,1.3703009868589533e-11,0.0807036232999357,9.48668964994459,9.567393273244527,veteran,,,0.0,0.0,0.0,0.0,0.0,0.0,0.0,0.0,0.0,0.0,0.0,0.0,0.0,0.0,0.0,0.0,0.0,0.0,0.0,0.0,0.0,0.0,0.0,0.0,0.0,0.0,0.0,0.0,0.0,16,0.0,7.747272727272727,0.23295454545454544,0.0,26.863791923340177,0.103125,0.0,0.25,0.0,1.0,0.0,16.0,0.0,0.0,0.0,0.0,0.0,0.0,0.0,0.0,0.0,0.0,0.0,0.0,,7
00-0032950,2019,veteran,QB,11.17363526817213,35.00387178239464,391.12049627034,2828.7869986375667,18.95248664979128,8.075045874525088,35.633772223670796,126.39628596087223,0.9133309668560224,2.688980512576352,7.2325204779918435,0.048456899678025155,0.27202948048788106,0.11740714732656003,0.03454588398063096,0.002349727716428238,0.00011596754421790031,1.3703185499991412e-11,5.807560044901717,185.55298816768828,191.36054821259,veteran,Carson Wentz,QB,16.0,280.86,0.0,0.0,0.0,0.0,62.0,243.0,1.0,607.0,388.0,4039.0,27.0,7.0,37.0,7.0,0.0,0.0,5.0,5.0,0.0,0.0,0.0,0.0,0.0,0.0,5.0,0.0,0.0,16,199.66,18.49246963562753,0.7877024291497975,0.6875,26.6694045174538,0.7718750000000001,1.0,1.0,0.3125,0.0,5.0,5.0,11.0,1.0,1.0,4.0,0.0,34.0,93.0,0.0,401.0,3074.0,21.0,7.0,5.2,7
00-0033077,2019,veteran,QB,14.17575333209331,33.73493372275057,478.21809912822835,3453.7778865989562,21.288106565553996,9.649443480629985,56.33057353786102,252.40644766812628,3.022634731297679,3.2189600319492615,7.222181454225696,0.04451547652496074,0.24939597831430124,0.10465762478724407,0.029611261758002095,0.005925325354588146,0.00038705852060340155,1.3703006203840598e-11,6.692526985823997,240.94318785561444,247.63571484143844,veteran,Dak Prescott,QB,16.0,358.28,0.0,0.0,0.0,0.0,52.0,277.0,3.0,596.0,388.0,4902.0,30.0,11.0,23.0,2.0,0.0,0.0,20.5,20.5,0.0,0.0,0.0,0.0,0.0,0.0,7.0,5.0,3.0,16,292.9,17.6828125,1.0,1.0,26.091718001368925,1.0,1.0,1.0,0.0,0.0,0.0,0.0,16.0,1.0,0.0,0.0,0.0,75.0,305.0,6.0,526.0,3885.0,22.0,8.0,8.2,7
00-0033104,2019,veteran,QB,4.000603681124007,22.427156194163732,89.7221636275145,621.0935986337806,3.6466492959970864,1.9595550069110932,10.458830691388535,51.740101105223125,0.31828925619324133,0.8595797003556025,6.922409954493272,0.040643795786471565,0.07722613068078589,0.02499134941369565,0.004686949334016044,0.00307932876741154,0.00016489292542839858,1.3703133142568573e-11,0.5097318038679884,40.87581736248794,41.38554916635593,veteran,,,0.0,0.0,0.0,0.0,0.0,0.0,0.0,0.0,0.0,0.0,0.0,0.0,0.0,0.0,0.0,0.0,0.0,0.0,0.0,0.0,0.0,0.0,0.0,0.0,0.0,0.0,0.0,0.0,0.0,16,38.660000000000004,6.769,0.3575,0.3125,26.308008213552363,0.3125,1.0,0.5625,0.0,0.6875,0.0,11.0,5.0,0.0,0.0,0.0,0.0,19.0,123.0,0.0,131.0,709.0,2.0,2.0,,7
00-0033106,2019,veteran,QB,13.693537536455842,35.03234688445877,479.71675705247804,3634.6217839715714,23.627698462690027,10.403955679840575,35.463381046123935,88.20639946892716,1.27687152386002,2.982217676411325,7.576599588273224,0.04925343573125444,0.3016461067244535,0.1349626356450206,0.04172826034657589,0.0007804538515344215,2.7670380236907343e-05,1.3703398634557739e-11,8.056846692339288,229.605187587172,237.6620342795113,veteran,Jared Goff,QB,16.0,263.52,0.0,0.0,0.0,0.0,33.0,40.0,2.0,626.0,394.0,4638.0,22.0,16.0,22.0,5.0,0.0,0.0,16.0,16.0,0.0,0.0,0.0,0.0,0.0,0.0,6.0,4.0,2.0,16,329.82,18.700557491289196,0.9392421602787456,1.0,24.88158795345654,0.8968750000000001,1.0,1.0,0.0,0.0,0.0,0.0,16.0,0.0,0.0,0.0,0.0,43.0,108.0,2.0,561.0,4688.0,32.0,12.0,7.5,7
00-0033108,2019,veteran,QB,0.7759851990247806,23.55688296752478,18.279792517958178,130.43694272894086,0.8180092707518469,0.45549680505504897,2.057233242235572,8.011565398369846,0.06750769255147247,0.15364533860903967,7.135581139709263,0.04474937393015975,0.09641316434475113,0.03240244696831805,0.00650250212585687,0.001956962313458784,9.140964130832339e-05,1.3703220894967777e-11,0.12424758082927051,8.477433199982665,8.601680780811936,veteran,,,0.0,0.0,0.0,0.0,0.0,0.0,0.0,0.0,0.0,0.0,0.0,0.0,0.0,0.0,0.0,0.0,0.0,0.0,0.0,0.0,0.0,0.0,0.0,0.0,0.0,0.0,0.0,0.0,0.0,16,0.0,8.282857142857143,0.1517857142857143,0.0,25.54962354551677,0.06562499999999999,0.0,0.1875,0.0,1.0,0.0,16.0,0.0,0.0,0.0,0.0,0.0,0.0,0.0,0.0,0.0,0.0,0.0,0.0,,7
00-0033119,2019,veteran,QB,5.3630592308187515,22.669529699455026,121.57803051298211,853.7208711901038,4.981626277758348,2.5263132383840654,15.736490396087044,53.752834477480015,0.5779426518276416,1.0001910355586305,7.021999514122277,0.040974724271638945,0.08285716892689116,0.027126961021146232,0.005196337744607599,0.0018447334901820422,8.465075131310358e-05,1.3703232320858936e-11,0.7289040825407318,55.865270769466,56.59417485200673,veteran,Jacoby Brissett,QB,15.0,220.18,1.0,1.0,2.0,0.0,56.0,228.0,4.0,447.0,272.0,2942.0,18.0,6.0,27.0,5.0,0.0,0.0,3.0,3.0,0.0,0.0,0.0,0.0,0.0,0.0,3.0,0.0,0.0,16,-0.62,8.896644295302014,0.7294463087248321,0.25,26.72142368240931,0.465625,1.0,1.0,0.0,0.75,0.0,12.0,4.0,0.0,0.0,0.0,0.0,7.0,-7.0,0.0,4.0,2.0,0.0,0.0,,7
00-0033319,2019,veteran,QB,5.872968878367666,31.8512049945253,187.06113567135586,1395.7596931712885,8.544111402371506,5.143205548001596,10.821318516026812,9.102949073779406,0.3360111064190401,1.0282704406713443,7.4615161944888015,0.045675502673000405,0.2354180406417729,0.09706284024702008,0.026786046579016322,7.465324155972576e-05,1.312923761925012e-06,1.3703851992400869e-11,2.552750624452552,80.59024290488387,83.14299352933642,veteran,Nick Mullens,QB,1.0,-0.3,0.0,0.0,0.0,0.0,3.0,-3.0,0.0,0.0,0.0,0.0,0.0,0.0,0.0,0.0,0.0,0.0,0.0,0.0,0.0,0.0,0.0,0.0,0.0,0.0,0.0,0.0,0.0,16,128.98000000000002,16.122500000000002,0.5,0.5,24.449007529089666,0.275,1.0,0.5,0.0,0.5,0.0,8.0,8.0,0.0,0.0,0.0,0.0,18.0,-16.0,0.0,274.0,2277.0,13.0,10.0,,7
00-0033537,2019,veteran,QB,12.648167188769687,33.80411156460682,427.5600547369699,3252.187958425449,21.344719012195092,9.701715211808532,71.82699759012019,392.4521803827799,2.8237569212481857,2.42571591596038,7.606388675448548,0.04992215426982795,0.28154893147659416,0.12294021764238307,0.0367614036742711,0.018792402730042804,0.001759307072465832,1.3702780815026669e-11,7.094526824052683,247.3992916960276,254.49381852008028,veteran,Deshaun Watson,QB,15.0,328.48,1.0,1.0,6.0,1.0,82.0,413.0,7.0,495.0,333.0,3852.0,26.0,12.0,44.0,3.0,0.0,0.0,8.0,8.0,0.0,0.0,0.0,0.0,0.0,0.0,3.0,2.0,1.0,16,341.2,22.0154128440367,0.8916284403669724,1.0,23.964407939767284,0.68125,1.0,1.0,0.0,0.0,0.0,0.0,16.0,0.0,0.0,0.0,0.0,99.0,551.0,5.0,505.0,4165.0,26.0,9.0,8.1,7
00-0033869,2019,veteran,QB,11.948084631423187,31.52658377705736,376.68229110793465,2704.14323287851,17.007579899723158,9.279229938801299,53.416478596635244,302.42851693291624,1.9485338924590998,2.4201882774316537,7.178843541927125,0.0451509940902685,0.20955653479364214,0.08355710933394565,0.021977240422572288,0.012293601472613274,0.0010061437298551617,1.3702864033590846e-11,4.691409417469612,194.73126752961338,199.42267694708298,veteran,Mitchell Trubisky,QB,15.0,204.82,0.0,0.0,0.0,0.0,48.0,193.0,2.0,516.0,326.0,3138.0,17.0,10.0,38.0,2.0,0.0,0.0,2.0,2.0,0.0,0.0,0.0,0.0,0.0,0.0,2.0,0.0,0.0,16,270.02,16.74044247787611,0.8351769911504424,0.875,25.032169746748803,0.70625,1.0,0.875,0.125,0.0,2.0,2.0,14.0,0.0,0.0,0.0,0.0,68.0,421.0,3.0,434.0,3223.0,24.0,12.0,7.6,7
00-0033873,2019,veteran,QB,12.31437994484794,37.081127636481234,456.6310944990312,3561.913233353612,26.60295006108245,10.208376357011636,47.713389934163,196.9119136923373,1.5577419010733213,2.228066193533946,7.800417615583928,0.05825917328356379,0.35983246695429655,0.17251307756940448,0.058580468143095525,0.004748913893683949,0.00028997387555768843,1.3703049168277531e-11,9.124301575722662,253.05308725305673,262.1773888287794,veteran,Patrick Mahomes,QB,14.0,304.04,0.0,0.0,0.0,0.0,43.0,218.0,2.0,484.0,319.0,4031.0,26.0,5.0,17.0,2.0,0.0,0.0,17.0,17.0,0.0,0.0,0.0,0.0,0.0,0.0,7.0,4.0,2.0,16,436.58,26.728241758241754,0.9690934065934066,1.0,23.956194387405887,0.5687500000000001,1.0,1.0,0.0,0.0,0.0,0.0,16.0,0.0,0.0,0.0,0.0,60.0,272.0,2.0,580.0,5097.0,50.0,12.0,6.0,7
00-0033899,2019,veteran,QB,5.094510904100745,26.98767802939512,137.48901999711356,938.3079666468818,5.407367504969885,4.24587630583206,22.036616454983633,113.80138625760651,0.8277230316461245,1.1300783689766716,6.824602914956995,0.03932944976321315,0.1236603461854143,0.04356445640541908,0.009469053740200533,0.009478355001902639,0.0007153849719917304,1.3702914800930686e-11,1.1131331622517573,64.75635615177474,65.8694893140265,veteran,,,0.0,0.0,0.0,0.0,0.0,0.0,0.0,0.0,0.0,0.0,0.0,0.0,0.0,0.0,0.0,0.0,0.0,0.0,0.0,0.0,0.0,0.0,0.0,0.0,0.0,0.0,0.0,0.0,0.0,16,5.380000000000001,9.098699186991869,0.736280487804878,0.1875,23.66050650239562,0.384375,1.0,0.9375,0.0,0.8125,0.0,13.0,3.0,0.0,0.0,0.0,0.0,5.0,39.0,0.0,42.0,187.0,0.0,2.0,,7
00-0033936,2019,veteran,QB,3.8871617672037866,31.74656625322817,123.40403857955052,879.3841843676843,5.290640228419909,3.3657401975148664,13.077616651768622,53.358924336291395,0.5139926753608441,0.8855598386590856,7.1260567683998675,0.042872504735810404,0.2093401419534509,0.08344704123912204,0.02193920106993695,0.003475677997111506,0.00019305669589584184,1.3703109685896047e-11,1.485495852425867,56.25517670183331,57.74067255425918,veteran,,,0.0,0.0,0.0,0.0,0.0,0.0,0.0,0.0,0.0,0.0,0.0,0.0,0.0,0.0,0.0,0.0,0.0,0.0,0.0,0.0,0.0,0.0,0.0,0.0,0.0,0.0,0.0,0.0,0.0,16,75.98,15.03934065934066,0.3372252747252747,0.3125,25.790554414784395,0.284375,1.0,0.375,0.0,0.6875,0.0,11.0,5.0,0.0,0.0,0.0,0.0,19.0,69.0,1.0,169.0,1252.0,8.0,7.0,,7
00-0033958,2019,veteran,QB,2.9147770761907736,19.023982075423508,55.45066685130862,376.5826343900251,2.359214034959167,1.8523372632131319,6.796477128218909,28.256746792516786,0.243115212325729,0.5228388268024611,6.791309388574789,0.04254617967508699,0.045580901390799504,0.01363654595193044,0.0021967697487992703,0.001726564489296638,7.766743320784182e-05,1.3703245127141939e-11,0.21065771756028884,24.034175288612538,24.244833006172826,veteran,,,0.0,0.0,0.0,0.0,0.0,0.0,0.0,0.0,0.0,0.0,0.0,0.0,0.0,0.0,0.0,0.0,0.0,0.0,0.0,0.0,0.0,0.0,0.0,0.0,0.0,0.0,0.0,0.0,0.0,16,12.839999999999998,2.9188235294117644,0.25,0.25,25.32785763175907,0.21250000000000002,1.0,0.25,0.0,0.75,0.0,12.0,4.0,0.0,0.0,0.0,0.0,10.0,50.0,1.0,81.0,296.0,1.0,7.0,,7
00-0034343,2019,veteran,QB,11.018796215442533,28.225318371830053,311.0090312551816,2096.3615538025947,12.582966820240685,8.749980632257314,31.147420237895044,161.54723653013647,0.9460014674880429,2.458442056794125,6.740516651050364,0.040458525495088965,0.13482271340406338,0.04834890150397751,0.010817560023860726,0.003975290659788296,0.000229976001776401,1.3703083654464828e-11,2.570701028510478,133.60021651290555,136.17091754141603,veteran,Josh Rosen,QB,5.0,17.98,0.0,0.0,0.0,0.0,3.0,13.0,0.0,109.0,58.0,567.0,1.0,5.0,16.0,0.0,0.0,0.0,0.0,0.0,0.0,0.0,0.0,0.0,0.0,0.0,0.0,0.0,0.0,16,112.92,8.065714285714286,0.875,0.875,22.55441478439425,0.48125000000000007,1.0,0.875,0.0,0.125,0.0,2.0,14.0,0.0,0.0,0.0,0.0,23.0,138.0,0.0,393.0,2278.0,11.0,14.0,,7
00-0034577,2019,veteran,QB,1.3082502429060794,20.79489993252213,27.204932887929694,197.08096265039282,1.2501941300756254,0.6160914417316332,3.3268595923254654,12.686818740669501,0.12369919406087757,0.2486124866403376,7.244309826540093,0.04595468532217231,0.07091925951516063,0.02263921609003605,0.004139735660274381,0.0017277091683604057,7.773440411948153e-05,1.3703244998941628e-11,0.15045121883179965,13.165484208006488,13.315935426838287,veteran,Kyle Allen,QB,13.0,179.48,0.0,0.0,0.0,0.0,32.0,106.0,2.0,489.0,303.0,3322.0,17.0,16.0,46.0,7.0,0.0,0.0,2.0,2.0,0.0,0.0,0.0,0.0,0.0,0.0,2.0,0.0,0.0,16,26.539999999999996,13.269999999999998,0.125,0.125,23.482546201232033,0.06875,1.0,0.125,0.0,0.875,0.0,14.0,2.0,0.0,0.0,0.0,0.0,5.0,19.0,1.0,31.0,266.0,2.0,0.0,,7
00-0034796,2019,veteran,QB,12.584071843860809,19.68082282924932,247.66488842956937,1773.8143383639003,10.825045765031025,5.559788382563347,94.22372607311003,421.80697359386005,3.097864584430625,2.5913994026898073,7.162155078225129,0.043708439390307184,0.0586526433461527,0.01818857013943137,0.0031470403411975817,0.02207123530284983,0.0021763499555935086,1.3702749115028593e-11,1.479450678632756,158.71826589014358,160.19771656877634,veteran,Lamar Jackson,QB,15.0,423.18,0.0,0.0,0.0,0.0,176.0,1206.0,7.0,401.0,265.0,3127.0,36.0,6.0,23.0,2.0,0.0,6.5,1.0,7.5,0.0,0.0,0.0,5.0,1.0,0.0,1.0,0.0,0.0,16,158.54,9.90875,1.0,1.0,22.647501711156742,0.55,1.0,1.0,0.0,0.0,0.0,0.0,16.0,2.0,0.0,0.0,0.0,147.0,695.0,5.0,170.0,1201.0,6.0,3.0,10.8,7
00-0034855,2019,veteran,QB,10.642373158856993,33.32221922100927,354.6274914312176,2605.1732946306274,17.13841729632578,9.156627502829284,31.03890171133254,104.4710892191491,0.8795475432470258,2.1151711463227927,7.346224862930342,0.04832794329384328,0.25211207206591174,0.10615787549374063,0.030179497586284836,0.0017700351626793308,8.022010241975272e-05,1.370324031715379e-11,5.040209259426406,165.9413978536211,170.98160711304752,veteran,Baker Mayfield,QB,16.0,232.18,0.0,0.0,0.0,0.0,28.0,141.0,3.0,534.0,317.0,3827.0,22.0,21.0,40.0,2.0,0.0,0.0,3.0,3.0,0.0,0.0,0.0,0.0,0.0,0.0,3.0,0.0,0.0,16,246.10000000000002,17.57857142857143,0.875,0.875,24.383299110198493,0.48125000000000007,1.0,0.875,0.0,0.125,0.0,2.0,14.0,1.0,0.0,0.0,0.0,39.0,131.0,0.0,486.0,3725.0,27.0,14.0,8.0,7
00-0034857,2019,veteran,QB,9.903948690825821,29.19815301393458,289.1770093168894,2013.8928927585582,12.103241546693488,8.171584678899691,71.0493469051931,458.0117017148948,3.5251443429017693,1.8939730617036616,6.964222008920737,0.04185409336407643,0.16038265587486703,0.059765513286087354,0.014206074787785308,0.04297613294266703,0.0053001674146637865,1.3702616272169726e-11,3.2620582269321243,175.7896026448097,179.0516608717418,veteran,Josh Allen,QB,16.0,288.56,0.0,0.0,0.0,0.0,109.0,510.0,9.0,461.0,271.0,3089.0,20.0,9.0,38.0,4.0,0.0,0.0,0.0,0.0,0.0,0.0,0.0,0.0,0.0,0.0,0.0,0.0,0.0,16,208.86,17.405,0.75,0.75,23.279945242984258,0.41250000000000003,1.0,0.75,0.1875,0.0625,3.0,4.0,12.0,1.0,0.0,0.0,0.0,89.0,631.0,8.0,319.0,2044.0,10.0,12.0,11.6,7
00-0034869,2019,veteran,QB,10.71282653752515,31.54350802749458,337.9201298835815,2396.261397125116,14.864134704868034,9.632404746768275,36.99663895015207,117.94266713568736,1.1702843253642314,2.023373810661466,7.091206427834481,0.04398712414672943,0.2036614698020347,0.08057580755394325,0.020953585279922644,0.0022252889480740296,0.00010804097706478755,1.3703196031100778e-11,3.95110149258187,150.81141025537144,154.7625117479533,veteran,Sam Darnold,QB,13.0,191.16,0.0,0.0,0.0,0.0,33.0,62.0,2.0,441.0,273.0,3024.0,19.0,13.0,33.0,3.0,0.0,0.0,2.0,2.0,0.0,0.0,0.0,0.0,0.0,0.0,2.0,0.0,0.0,16,170.1,13.084615384615384,0.8125,0.8125,22.239561943874058,0.446875,1.0,0.8125,0.125,0.0625,2.0,3.0,13.0,0.0,0.0,0.0,0.0,43.0,135.0,1.0,414.0,2865.0,17.0,15.0,12.8,7
00-0035228,2019,rookie,QB,15.30168977027082,33.00751609624608,505.07077139197804,3439.8886608316807,18.221626570236907,14.359187022929829,62.80557212631837,307.9289724292427,3.1575804168190365,3.3212970043998675,6.810706252811516,0.036077372919478184,0.20615951385395953,0.08183477951990988,0.02138416948068553,0.007632065849396972,0.0005387723067796579,1.370295699502642e-11,5.816482086303925,224.85946440339393,230.67594648969785,rookie,Kyler Murray,QB,16.0,290.28,0.0,0.0,0.0,0.0,93.0,544.0,4.0,542.0,349.0,3722.0,20.0,12.0,48.0,2.0,0.0,0.0,5.0,5.0,0.0,0.0,0.0,0.0,0.0,0.0,5.0,0.0,0.0,16,0.0,,,0.0,22.067077344284737,0.0,0.0,0.0,0.0,1.0,0.0,16.0,0.0,0.0,0.0,0.0,0.0,0.0,0.0,0.0,0.0,0.0,0.0,0.0,7.6,7
00-0035232,2019,rookie,QB,8.786274131526731,27.1047868959287,238.15008794424307,1621.9702930694689,8.591829533570984,6.770618784559677,35.27086955070879,172.9292839748594,1.7732599705246155,1.9070982611065774,6.810706252811516,0.036077372919478184,0.12442198528033145,0.043887020210955634,0.009558578635496726,0.007288798164859975,0.0005073120792429962,1.3702965948046109e-11,1.9103067941485197,109.82318398636382,111.73349078051234,rookie,Dwayne Haskins,QB,9.0,76.7,0.0,0.0,0.0,0.0,20.0,101.0,0.0,203.0,119.0,1365.0,7.0,7.0,29.0,2.0,0.0,0.0,0.0,0.0,0.0,0.0,0.0,0.0,0.0,0.0,0.0,0.0,0.0,16,0.0,,,0.0,22.32991101984942,0.0,0.0,0.0,0.0,1.0,0.0,16.0,0.0,0.0,0.0,0.0,0.0,0.0,0.0,0.0,0.0,0.0,0.0,0.0,,7
00-0035251,2019,rookie,QB,5.219177518183725,26.3368061667068,137.45646664603862,936.1756168755529,4.95906820738295,3.9078941484613767,16.6386532481024,81.57752925154338,0.8365163134376552,1.1328447326290256,6.810706252811516,0.036077372919478184,0.11515644867122529,0.04000175095082116,0.00849401320911882,0.004532070119473618,0.00027282888097405567,1.3703058235137697e-11,1.0286394245791424,60.37867054815337,61.40730997273251,rookie,Will Grier,QB,2.0,1.3200000000000012,0.0,0.0,0.0,0.0,7.0,22.0,0.0,52.0,28.0,228.0,0.0,4.0,6.0,1.0,0.0,0.0,0.0,0.0,0.0,0.0,0.0,0.0,0.0,0.0,0.0,0.0,0.0,16,0.0,,,0.0,24.413415468856947,0.0,0.0,0.0,0.0,1.0,0.0,16.0,0.0,0.0,0.0,0.0,0.0,0.0,0.0,0.0,0.0,0.0,0.0,0.0,,7
00-0035264,2019,rookie,QB,3.8098295367397967,23.273314255807307,88.66736006960205,603.8873436463289,3.1988854150166826,2.520817434277485,14.218044422383166,69.709544244453,0.7148190377644429,0.826939744408638,6.810706252811516,0.036077372919478184,0.0818716630137793,0.026750808483881155,0.005105777110466723,0.006268142167021403,0.00041655486400852035,1.3702995276659623e-11,0.5299564491088485,41.5153896995796,42.04534614868845,rookie,Jarrett Stidham,QB,3.0,-1.64,0.0,0.0,0.0,0.0,2.0,-2.0,0.0,4.0,2.0,14.0,0.0,1.0,1.0,0.0,0.0,0.0,0.0,0.0,0.0,0.0,0.0,0.0,0.0,0.0,0.0,0.0,0.0,16,0.0,,,0.0,23.06365503080082,0.0,0.0,0.0,0.0,1.0,0.0,16.0,0.0,0.0,0.0,0.0,0.0,0.0,0.0,0.0,0.0,0.0,0.0,0.0,,7
00-0035652,2019,rookie,QB,5.263691734702098,26.720220565261137,140.64700413878205,957.9054305272101,5.074174418322232,3.9986012872564216,16.214285137089156,79.49689799651357,0.8151810020712869,1.1425067331136336,6.810706252811516,0.036077372919478184,0.1197379442794032,0.04191231075590874,0.009013734935385488,0.004224218151928905,0.0002489212312544311,1.3703071878183898e-11,1.0802752466097603,61.1714746657163,62.25174991232606,rookie,Ryan Finley,QB,3.0,24.66,0.0,0.0,0.0,0.0,10.0,77.0,0.0,87.0,41.0,474.0,2.0,2.0,11.0,3.0,0.0,0.0,0.0,0.0,0.0,0.0,0.0,0.0,0.0,0.0,0.0,0.0,0.0,16,0.0,,,0.0,24.681724845995895,0.0,0.0,0.0,0.0,1.0,0.0,16.0,0.0,0.0,0.0,0.0,0.0,0.0,0.0,0.0,0.0,0.0,0.0,0.0,,7
00-0035704,2019,rookie,QB,6.506725467434697,25.527897902088174,166.1030234095899,1131.2789001465915,5.99256071860059,4.722317174757571,24.912774665645387,122.14465760656302,1.2525017566061387,1.412312504559469,6.810706252811516,0.036077372919478184,0.10578675998129985,0.03615911160973516,0.007471493588229607,0.006608902071288359,0.00044637712910605156,1.3702984988408165e-11,1.1858304308430676,76.68161582192508,77.86744625276815,rookie,Drew Lock,QB,5.0,69.0,0.0,0.0,0.0,0.0,18.0,72.0,0.0,156.0,100.0,1020.0,7.0,3.0,5.0,1.0,0.0,0.0,1.0,1.0,0.0,0.0,0.0,0.0,0.0,0.0,1.0,0.0,0.0,16,0.0,,,0.0,22.806297056810404,0.0,0.0,0.0,0.0,1.0,0.0,16.0,0.0,0.0,0.0,0.0,0.0,0.0,0.0,0.0,0.0,0.0,0.0,0.0,,7
00-0035710,2019,rookie,QB,11.003011293432023,29.143193153962585,320.6628833997211,2183.9407050150508,11.56867442584689,9.11646164231326,44.40258405332203,217.70109908787845,2.232361319485199,2.3882505133030745,6.810706252811516,0.036077372919478184,0.15066926581080134,0.05535122389921756,0.012868236368648645,0.007368667363372334,0.000514591316690713,1.3702963828115113e-11,2.944110157595361,145.78717941845596,148.73128957605132,rookie,Daniel Jones,QB,13.0,221.48000000000002,0.0,0.0,0.0,0.0,45.0,279.0,2.0,459.0,284.0,3027.0,24.0,12.0,38.0,11.0,0.0,0.0,6.5,6.5,0.0,0.0,0.0,0.0,0.0,0.0,5.0,1.0,0.0,16,0.0,,,0.0,22.26420260095825,0.0,0.0,0.0,0.0,1.0,0.0,16.0,0.0,0.0,0.0,0.0,0.0,0.0,0.0,0.0,0.0,0.0,0.0,0.0,,7
00-0019596,2020,veteran,QB,13.382845420774295,39.11851625509393,523.5170561319686,3728.6927567911416,23.47382133930781,9.26973457080349,22.008668617887587,40.089388943912226,1.028951672567044,2.252186160548084,7.12239021272921,0.04483869448828523,0.3442932372073515,0.1574591035682467,0.05334772753947934,9.068626977539849e-05,1.2697708283770927e-06,1.3704740583410153e-11,9.197627350523218,230.18180309596727,239.3794304464905,veteran,Tom Brady,QB,16.0,350.92,0.0,0.0,0.0,0.0,30.0,6.0,3.0,610.0,401.0,4633.0,40.0,12.0,21.0,1.0,0.0,0.0,13.0,13.0,0.0,0.0,0.0,0.0,0.0,0.0,7.0,4.0,0.0,16,268.68,17.499750000000002,1.0,1.0,43.08008213552361,1.0,1.0,1.0,0.0,0.0,0.0,0.0,16.0,0.0,0.0,0.0,0.0,26.0,34.0,3.0,613.0,4057.0,24.0,8.0,,8
00-0020531,2020,veteran,QB,10.883704459111247,36.505145519427266,397.3112150702955,3004.601553235263,20.689631365538194,6.435775622451537,15.358424891772216,18.238251303041647,0.7297255192773671,1.657488730179297,7.562337631732004,0.052074118677665863,0.3377379769740024,0.15313270140024335,0.051420570569468915,3.0672455533387846e-05,2.8032122820441586e-07,1.3704949493443722e-11,7.29544791663496,192.95823713227003,200.253685048905,veteran,Drew Brees,QB,12.0,212.48,0.0,0.0,0.0,0.0,18.0,-2.0,2.0,390.0,275.0,2942.0,24.0,6.0,13.0,2.0,0.0,0.0,3.0,3.0,0.0,0.0,0.0,0.0,0.0,0.0,3.0,0.0,0.0,16,232.76,20.374208494208496,0.8322876447876448,0.6875,41.6290212183436,0.8093750000000001,1.0,1.0,0.3125,0.0,5.0,5.0,11.0,0.0,0.0,0.0,0.0,9.0,-4.0,1.0,378.0,2979.0,27.0,4.0,,8
00-0021206,2020,veteran,QB,1.8845274441322792,24.37985000843051,45.94449642471587,323.9058664544077,1.9805163791965954,1.1140165920845029,3.2352796532498114,11.23585034871703,0.1310526104482281,0.36347161523075433,7.049938331246184,0.0431067164364691,0.1021638711907102,0.03210027214169209,0.0073079028365652336,0.0004068642195781179,1.0287826218842349e-05,1.37044512656159e-11,0.3116111000652656,19.833224457893248,20.144835557958515,veteran,,,0.0,0.0,0.0,0.0,0.0,0.0,0.0,0.0,0.0,0.0,0.0,0.0,0.0,0.0,0.0,0.0,0.0,0.0,0.0,0.0,0.0,0.0,0.0,0.0,0.0,0.0,0.0,0.0,0.0,16,0.76,8.973411764705883,0.475735294117647,0.125,41.163586584531146,0.265625,1.0,0.8125,0.0,0.875,0.0,14.0,2.0,0.0,0.0,0.0,0.0,2.0,-2.0,0.0,5.0,24.0,0.0,0.0,,8
00-0022787,2020,veteran,QB,2.2973662405897226,17.476902162349155,40.15084501787047,292.9948988810095,1.806403322729023,0.9020185444835823,1.3785541975040008,3.641287955939117,0.0489905066307301,0.4502145612677293,7.297353237537151,0.04499041855594877,0.042454315092758294,0.01129584950394736,0.002095246680048424,2.7940325666595515e-05,2.4614738216240247e-07,1.3704967472203764e-11,0.14615130066202695,16.89901487003214,17.045166170694166,veteran,Matt Schaub,QB,1.0,-0.4,0.0,0.0,0.0,0.0,3.0,-4.0,0.0,0.0,0.0,0.0,0.0,0.0,0.0,0.0,0.0,0.0,0.0,0.0,0.0,0.0,0.0,0.0,0.0,0.0,0.0,0.0,0.0,16,37.4,6.1940298507462686,0.27891791044776115,0.3125,39.186858316221766,0.209375,1.0,0.3125,0.0,0.6875,0.0,11.0,5.0,0.0,0.0,0.0,0.0,3.0,-3.0,0.0,67.0,580.0,3.0,1.0,,8
00-0022803,2020,veteran,QB,5.051194777799867,33.41372545065334,168.77923550317865,1199.6759318683678,7.1230993067078545,3.9603495595367697,5.687594847821979,14.153091058374343,0.21334113330922733,1.0783171905102156,7.107959271718434,0.042203647181312795,0.24048977634190072,0.09542521847266586,0.027941776123743108,7.928864953849296e-05,1.0530209660855664e-06,1.3704766467628164e-11,2.2204649385511326,69.09745690716495,71.31792184571609,veteran,,,0.0,0.0,0.0,0.0,0.0,0.0,0.0,0.0,0.0,0.0,0.0,0.0,0.0,0.0,0.0,0.0,0.0,0.0,0.0,0.0,0.0,0.0,0.0,0.0,0.0,0.0,0.0,0.0,0.0,16,55.379999999999995,14.437297297297299,0.8064189189189189,0.25,39.66050650239562,0.578125,1.0,1.0,0.0,0.75,0.0,12.0,4.0,0.0,0.0,0.0,0.0,4.0,7.0,0.0,147.0,1042.0,6.0,5.0,,8
00-0022924,2020,veteran,QB,3.876008684129285,35.1157902756234,136.10910805837898,988.0220858142739,6.11622160190428,3.168753227700287,6.679738626265937,20.611438692250097,0.2643920030647071,0.6948930798517324,7.2590445996494095,0.04493616694101729,0.28373470185221716,0.11963734607848471,0.037284989537339164,0.0003129195350496662,7.13492949432725e-06,1.370450187347411e-11,2.0856195048709454,59.905973112697296,61.991592617568244,veteran,Ben Roethlisberger,QB,15.0,272.22,0.0,0.0,0.0,0.0,25.0,11.0,0.0,608.0,399.0,3803.0,33.0,10.0,13.0,1.0,0.0,0.0,5.0,5.0,0.0,0.0,0.0,0.0,0.0,0.0,5.0,0.0,0.0,16,12.739999999999998,19.131779141104296,0.8646472392638036,0.125,38.502395619438744,0.509375,1.0,1.0,0.0,0.875,0.0,14.0,2.0,0.0,0.0,0.0,0.0,1.0,7.0,0.0,62.0,351.0,0.0,1.0,,8
00-0022942,2020,veteran,QB,12.963051386139714,35.48826098140495,460.03615070668934,3492.707753487228,21.02411305656899,12.283651237237816,15.138172126481432,29.505006921173283,0.474380574027014,2.3071857219400127,7.59224627917147,0.04570100202836794,0.32073397554087973,0.14217860649383687,0.04664471428504323,5.301863133920551e-05,6.009911005458082e-07,1.3704844026292566e-11,8.132308505154526,200.4198725836888,208.55218108884333,veteran,Philip Rivers,QB,16.0,245.95999999999998,0.0,0.0,0.0,0.0,18.0,-8.0,0.0,543.0,369.0,4169.0,24.0,11.0,19.0,1.0,0.0,0.0,6.0,6.0,0.0,0.0,0.0,0.0,0.0,0.0,3.0,2.0,0.0,16,245.0,16.629125,1.0,1.0,38.732375085557834,1.0,1.0,1.0,0.0,0.0,0.0,0.0,16.0,0.0,0.0,0.0,0.0,12.0,29.0,0.0,591.0,4615.0,23.0,20.0,14.9,8
00-0023436,2020,veteran,QB,2.4328529908719947,29.71221018195679,72.28543940659091,520.3324691479419,3.167941472906577,1.4198344400059133,8.475746163507038,37.94974643284217,0.2823957822037197,0.4492068146405634,7.1983026377024215,0.04382544394712121,0.18516445165274512,0.06759603661401738,0.018148554775242534,0.0042461325837681455,0.0002715465425735201,1.3703998600056972e-11,0.7967814169578479,35.236331484757564,36.03311290171541,veteran,Alex Smith,QB,8.0,75.08,0.0,0.0,0.0,0.0,10.0,3.0,0.0,252.0,168.0,1582.0,6.0,8.0,22.0,0.0,0.0,0.0,3.5,3.5,0.0,0.0,0.0,0.0,0.0,0.0,2.0,1.0,0.0,16,0.0,16.605142857142855,0.7589285714285714,0.0,36.32032854209446,0.328125,0.0,0.9375,0.0,1.0,0.0,16.0,0.0,0.0,0.0,0.0,0.0,0.0,0.0,0.0,0.0,0.0,0.0,0.0,,8
00-0023459,2020,veteran,QB,12.372800142610274,35.47061311866315,438.8708070530693,3144.1052308078633,19.863211921402513,5.661064818442054,32.84001928663062,146.98036648541165,1.092898374057231,2.544269100373691,7.164079223951823,0.045259815877889104,0.28173359104743056,0.1184672151862717,0.036816403817145286,0.0021428716970674556,0.00010442020829244681,1.370413078167851e-11,6.623985472845383,210.06181597317763,216.68580144602302,veteran,Aaron Rodgers,QB,16.0,389.26,1.0,1.0,-6.0,0.0,38.0,149.0,3.0,526.0,372.0,4299.0,48.0,5.0,20.0,2.0,0.0,0.0,6.5,6.5,0.0,0.0,0.0,0.0,0.0,0.0,5.0,1.0,0.0,16,289.38,18.91965870307167,0.9596843003412968,1.0,36.7501711156742,0.9156250000000001,1.0,1.0,0.0,0.0,0.0,0.0,16.0,0.0,0.0,0.0,0.0,46.0,183.0,1.0,569.0,4002.0,26.0,4.0,9.3,8
00-0023645,2020,veteran,QB,0.0,19.18254454419909,0.0,0.0,0.0,0.0,0.0,0.0,0.0,0.0,7.155291161287211,0.04330863330547345,8.702065421040017e-09,2.980544646273433e-10,2.482492189043648e-12,2.1432018566245e-06,6.874352724210472e-09,1.3705462308784764e-11,0.0,0.0,0.0,veteran,,,0.0,0.0,0.0,0.0,0.0,0.0,0.0,0.0,0.0,0.0,0.0,0.0,0.0,0.0,0.0,0.0,0.0,0.0,0.0,0.0,0.0,0.0,0.0,0.0,0.0,0.0,0.0,0.0,0.0,16,0.0,1.925714285714286,0.1517857142857143,0.0,37.215605749486656,0.06562499999999999,0.0,0.1875,0.0,1.0,0.0,16.0,0.0,0.0,0.0,0.0,0.0,0.0,0.0,0.0,0.0,0.0,0.0,0.0,,8
00-0023682,2020,veteran,QB,10.56249605779671,32.695916907705566,345.3504934436889,2529.056804547383,15.624051254412535,9.310329276056281,32.76611217794673,138.0506930413479,1.4539707235435357,1.9017170875852307,7.323159666947915,0.0452411435658195,0.24521234691913968,0.09796159033209294,0.028885440550832652,0.0027199660145207135,0.00014569146920681965,1.3704084718187045e-11,4.783375448044558,163.76327811765844,168.546653565703,veteran,Ryan Fitzpatrick,QB,9.0,157.74,1.0,1.0,0.0,0.0,30.0,151.0,2.0,267.0,183.0,2091.0,13.0,8.0,14.0,0.0,0.0,0.0,4.5,4.5,0.0,0.0,0.0,0.0,0.0,0.0,3.0,1.0,0.0,16,250.46,17.6617316017316,0.8027597402597402,0.9375,37.77138945927447,0.721875,1.0,0.9375,0.0,0.0625,0.0,1.0,15.0,0.0,0.0,0.0,0.0,54.0,243.0,4.0,502.0,3529.0,20.0,13.0,,8
00-0025708,2020,veteran,QB,3.023782327480037,19.792990510248153,59.84969491286844,429.80243219963677,2.670849597834201,1.2685201023108643,2.3286973487069726,5.912784572246469,0.08166467095686393,0.5433891398625863,7.18136379517657,0.044625951756688646,0.05876355450364456,0.01654540607096629,0.0033003555465887006,4.013121094166567e-05,4.0768617621039977e-07,1.3704897694684206e-11,0.27281506813862405,25.332943677941206,25.60575874607983,veteran,,,0.0,0.0,0.0,0.0,0.0,0.0,0.0,0.0,0.0,0.0,0.0,0.0,0.0,0.0,0.0,0.0,0.0,0.0,0.0,0.0,0.0,0.0,0.0,0.0,0.0,0.0,0.0,0.0,0.0,16,42.26,7.549743589743589,0.3557692307692307,0.375,36.062970568104035,0.24375000000000002,1.0,0.375,0.0,0.625,0.0,10.0,6.0,0.0,0.0,0.0,0.0,5.0,-1.0,0.0,91.0,659.0,4.0,0.0,,8
00-0026143,2020,veteran,QB,12.229288788952845,36.98501902167929,452.30047848103027,3335.9403747229853,20.554893152767043,9.318480802799776,25.455966705645213,101.36418090526688,0.95844479489633,2.8226931493985825,7.375496010807109,0.04544521646715244,0.3293160292841785,0.14765921995075082,0.04901564100493272,0.000886690231805383,3.0482164909746825e-05,1.3704301059097106e-11,7.946207301733922,207.2619265554955,215.20813385722943,veteran,Matt Ryan,QB,16.0,293.94,0.0,0.0,0.0,0.0,29.0,92.0,2.0,626.0,407.0,4581.0,26.0,11.0,41.0,3.0,0.0,0.0,11.5,11.5,0.0,0.0,0.0,0.0,0.0,0.0,5.0,3.0,1.0,16,282.84000000000003,19.602912621359224,0.966626213592233,0.9375,35.29363449691992,0.9656250000000001,1.0,1.0,0.0,0.0625,0.0,1.0,15.0,0.0,0.0,0.0,0.0,34.0,147.0,1.0,616.0,4466.0,26.0,14.0,7.5,8
00-0026158,2020,veteran,QB,6.426091462851966,31.49235785873458,202.3727719810933,1394.3984574315134,7.968575121987096,4.271843510242241,9.30577695761074,23.056674608036396,0.3003181194951137,1.2868459637678085,6.890247357790727,0.03937572749525594,0.19216479849904525,0.07092917322590689,0.019265752303188974,0.0001317832775055915,2.137643754179322e-06,1.3704668552765293e-11,2.1670390323105715,80.64043601496314,82.80747504727371,veteran,Joe Flacco,QB,5.0,54.760000000000005,0.0,0.0,0.0,0.0,6.0,22.0,0.0,134.0,74.0,864.0,6.0,3.0,7.0,0.0,0.0,0.0,0.0,0.0,0.0,0.0,0.0,0.0,0.0,0.0,0.0,0.0,0.0,16,85.88,12.381052631578948,0.6440789473684211,0.5,35.624914442162904,0.59375,1.0,1.0,0.0,0.5,0.0,8.0,8.0,0.0,0.0,0.0,0.0,12.0,20.0,0.0,262.0,1822.0,6.0,5.0,,8
00-0026300,2020,veteran,QB,0.0,22.53063380662724,0.0,0.0,0.0,0.0,0.0,0.0,0.0,0.0,7.15128347808948,0.04457872181486733,8.702065421040017e-09,2.980544646273433e-10,2.482492189043648e-12,2.1432018566245e-06,6.874352724210472e-09,1.3705462308784764e-11,0.0,0.0,0.0,veteran,,,0.0,0.0,0.0,0.0,0.0,0.0,0.0,0.0,0.0,0.0,0.0,0.0,0.0,0.0,0.0,0.0,0.0,0.0,0.0,0.0,0.0,0.0,0.0,0.0,0.0,0.0,0.0,0.0,0.0,16,0.0,12.4,0.25,0.0,34.299794661190965,0.075,0.0,0.25,0.0,1.0,0.0,16.0,0.0,0.0,0.0,0.0,0.0,0.0,0.0,0.0,0.0,0.0,0.0,0.0,,8
00-0026498,2020,veteran,QB,8.95735181809398,33.28489305142422,298.1444972892384,2211.626321757894,14.08402862989308,6.098266440526163,16.988508597126938,54.61779539424785,0.49601540184202964,2.0821313412804447,7.417967937916804,0.04723893534157622,0.2636610122495221,0.10812057889041726,0.03274794473102241,0.00042860161000483855,1.1062027639071697e-05,1.3704441231823989e-11,4.4050730331966665,136.87824377675182,141.28331680994847,veteran,Matthew Stafford,QB,16.0,267.06,1.0,0.0,0.0,0.0,29.0,112.0,0.0,528.0,339.0,4084.0,26.0,10.0,38.0,1.0,0.0,0.0,6.5,6.5,0.0,0.0,0.0,0.0,0.0,0.0,3.0,1.0,1.0,16,177.06,17.647241379310344,0.810344827586207,0.5,32.56673511293634,0.725,1.0,1.0,0.3125,0.1875,5.0,8.0,8.0,0.0,0.0,0.0,0.0,20.0,66.0,0.0,291.0,2499.0,19.0,5.0,8.9,8
00-0026544,2020,veteran,QB,1.1344206366272014,20.250993838434834,22.973145322530776,164.10106641943716,1.0349445084281395,0.5607734622001654,1.7811576459655998,3.446282893478631,0.059683919050399145,0.2085240207500137,7.143169301179496,0.04505018768209871,0.061903992825017344,0.017596219241922822,0.0035520399035379622,9.330795301924609e-05,1.3212165223852975e-06,1.3704735091017798e-11,0.10833455176118927,9.867957528239943,9.976292080001132,veteran,Chase Daniel,QB,4.0,12.16,0.0,0.0,0.0,0.0,2.0,16.0,0.0,43.0,29.0,264.0,1.0,2.0,3.0,0.0,0.0,0.0,0.0,0.0,0.0,0.0,0.0,0.0,0.0,0.0,0.0,0.0,0.0,16,26.000000000000004,7.776666666666666,0.20625000000000002,0.1875,33.90280629705681,0.1875,1.0,0.25,0.0,0.8125,0.0,13.0,3.0,0.0,0.0,0.0,0.0,6.0,6.0,0.0,64.0,435.0,3.0,2.0,,8
00-0026625,2020,veteran,QB,2.64814280002052,16.7500624425414,44.35655725711013,310.7210850886136,1.9831031075799461,1.1826741903734632,3.149363528145891,4.607607665654111,0.10855302614008364,0.5054483203350132,7.005076685450078,0.044708228731211205,0.032962054433451196,0.008415297083032654,0.0014774541758808938,3.270306645415707e-05,3.065146025487683e-07,1.3704937139935872e-11,0.12862842897317783,18.09708973585329,18.225718164826468,veteran,Brian Hoyer,QB,1.0,2.0,0.0,0.0,0.0,0.0,1.0,8.0,0.0,24.0,15.0,130.0,0.0,1.0,2.0,1.0,0.0,0.0,0.0,0.0,0.0,0.0,0.0,0.0,0.0,0.0,0.0,0.0,0.0,16,21.080000000000002,4.143269230769231,0.3762019230769231,0.25,34.836413415468854,0.325,1.0,0.625,0.0,0.75,0.0,12.0,4.0,0.0,0.0,0.0,0.0,8.0,2.0,0.0,65.0,372.0,4.0,4.0,,8
00-0026898,2020,veteran,QB,0.0,16.114336100413038,0.0,0.0,0.0,0.0,0.0,0.0,0.0,0.0,7.114462517943764,0.044289380561904346,8.702065421040017e-09,2.980544646273433e-10,2.482492189043648e-12,2.1432018566245e-06,6.874352724210472e-09,1.3705462308784764e-11,0.0,0.0,0.0,veteran,,,0.0,0.0,0.0,0.0,0.0,0.0,0.0,0.0,0.0,0.0,0.0,0.0,0.0,0.0,0.0,0.0,0.0,0.0,0.0,0.0,0.0,0.0,0.0,0.0,0.0,0.0,0.0,0.0,0.0,16,0.0,0.15999999999999992,0.125,0.0,33.80698151950719,0.0375,0.0,0.125,0.0,1.0,0.0,16.0,0.0,0.0,0.0,0.0,0.0,0.0,0.0,0.0,0.0,0.0,0.0,0.0,,8
00-0027688,2020,veteran,QB,0.35497022959685787,20.56497987763762,7.299955628819787,51.77628057738581,0.3231632944411352,0.18695561783639744,0.8639019647909282,4.220130649172571,0.030011893471165122,0.06791032552756136,7.092684286049105,0.04426921352306661,0.06344266133636647,0.018115561944606066,0.003677597439420833,0.0021470830036733556,0.00010470686190475835,1.3704130402543622e-11,0.03559476133452975,3.456056939876304,3.491651701210834,veteran,Colt McCoy,QB,4.0,18.2,0.0,0.0,0.0,0.0,9.0,12.0,0.0,66.0,40.0,375.0,1.0,1.0,5.0,1.0,0.0,0.0,0.0,0.0,0.0,0.0,0.0,0.0,0.0,0.0,0.0,0.0,0.0,16,4.279999999999999,7.246896551724138,0.14008620689655174,0.0625,33.99041752224504,0.090625,1.0,0.1875,0.1875,0.75,3.0,15.0,1.0,0.0,0.0,0.0,0.0,2.0,14.0,0.0,27.0,122.0,0.0,1.0,,8
00-0027854,2020,veteran,QB,0.0,22.041321444856077,0.0,0.0,0.0,0.0,0.0,0.0,0.0,0.0,7.099352084482424,0.044595263246377165,8.702065421040017e-09,2.980544646273433e-10,2.482492189043648e-12,2.1432018566245e-06,6.874352724210472e-09,1.3705462308784764e-11,0.0,0.0,0.0,veteran,,,0.0,0.0,0.0,0.0,0.0,0.0,0.0,0.0,0.0,0.0,0.0,0.0,0.0,0.0,0.0,0.0,0.0,0.0,0.0,0.0,0.0,0.0,0.0,0.0,0.0,0.0,0.0,0.0,0.0,16,0.0,6.6725,0.171875,0.0,32.81587953456537,0.075,0.0,0.1875,0.0,1.0,0.0,16.0,0.0,0.0,0.0,0.0,0.0,0.0,0.0,0.0,0.0,0.0,0.0,0.0,,8
00-0027939,2020,veteran,QB,5.403231786849126,31.317948999862768,169.2181375349783,1198.5226347637654,7.355945386549964,4.157022167810419,30.250696934686353,135.90603039321928,1.1083291041487129,1.0401677434006606,7.082707871761231,0.04347019470669597,0.20320682513385493,0.07629606542976976,0.021097258521676925,0.01436745161606065,0.0015037389572783678,1.3703761750761074e-11,2.0341465681154527,87.21088477854254,89.24503134665798,veteran,Cam Newton,QB,15.0,264.98,2.0,2.0,35.0,1.0,137.0,592.0,12.0,368.0,242.0,2657.0,8.0,10.0,31.0,1.0,0.0,0.0,5.0,5.0,0.0,0.0,0.0,0.0,0.0,0.0,2.0,2.0,0.0,16,17.68,18.35077922077922,0.8068181818181818,0.125,31.310061601642712,0.48125000000000007,1.0,1.0,0.375,0.5,6.0,14.0,2.0,0.0,0.0,0.0,0.0,5.0,-2.0,0.0,89.0,572.0,0.0,1.0,,8
00-0027948,2020,veteran,QB,2.1695875517044407,18.509970490792146,40.15900155923918,284.3943141563011,1.7845129955322951,1.0294982740958083,3.3322448123853023,10.437547229596275,0.11457141881659055,0.41366643747546566,7.081707789392786,0.04443618930365915,0.046116428792686986,0.012443013376895436,0.0023505378050951748,0.0002496096970074266,5.206598087931925e-06,1.3704545444815848e-11,0.15130582975995044,17.35867836109785,17.509984190857804,veteran,Blaine Gabbert,QB,4.0,15.319999999999999,0.0,0.0,0.0,0.0,9.0,16.0,0.0,16.0,9.0,143.0,2.0,0.0,1.0,0.0,0.0,0.0,0.0,0.0,0.0,0.0,0.0,0.0,0.0,0.0,0.0,0.0,0.0,16,0.0,6.081904761904761,0.45535714285714285,0.0,30.88021902806297,0.196875,0.0,0.5,0.1875,0.8125,3.0,16.0,0.0,0.0,0.0,0.0,0.0,0.0,0.0,0.0,0.0,0.0,0.0,0.0,,8
00-0027973,2020,veteran,QB,10.276419097806858,33.80202818396826,347.36380797433713,2413.4332483660824,14.900802635835365,8.870665790330506,19.996666981817405,61.50077468794417,0.9023822538797256,2.09600260433848,6.9478546496829745,0.042896819685187874,0.23405509034723557,0.09201085265622269,0.026684636882129836,0.000410426444773787,1.0413606237200683e-05,1.3704449585140534e-11,4.376384586003215,145.77157468071957,150.14795926672278,veteran,Andy Dalton,QB,11.0,138.9,1.0,1.0,-3.0,0.0,28.0,114.0,0.0,333.0,216.0,2170.0,14.0,8.0,24.0,1.0,0.0,0.0,2.5,2.5,0.0,0.0,0.0,0.0,0.0,0.0,1.0,1.0,0.0,16,212.16,15.708560311284046,0.8154182879377433,0.8125,32.84325804243669,0.803125,1.0,1.0,0.0,0.1875,0.0,3.0,13.0,1.0,1.0,-4.0,0.0,32.0,73.0,4.0,528.0,3494.0,16.0,14.0,,8
00-0028118,2020,veteran,QB,3.4390099691757454,19.519817242370497,67.12884609300075,472.0323292646243,2.935766917562236,1.4167620242916423,11.589351466483324,49.70092051538959,0.4235893472310948,0.6166519837347341,7.031736082736587,0.04373331419245618,0.05294811731419237,0.01463273018918048,0.002850742238999192,0.0035015193094284406,0.0002073648717426173,1.3704035897324462e-11,0.2902911774452195,34.06916095970669,34.35945213715191,veteran,Tyrod Taylor,QB,2.0,9.02,0.0,0.0,0.0,0.0,6.0,7.0,0.0,30.0,16.0,208.0,0.0,0.0,2.0,0.0,0.0,0.0,0.0,0.0,0.0,0.0,0.0,0.0,0.0,0.0,0.0,0.0,0.0,16,6.02,8.696637168141592,0.5237831858407079,0.25,31.080082135523615,0.353125,1.0,0.9375,0.0,0.75,0.0,12.0,4.0,1.0,0.0,0.0,0.0,10.0,7.0,0.0,6.0,33.0,1.0,0.0,,8
00-0028986,2020,veteran,QB,9.158685290183152,29.66575341493203,271.6992994235386,1911.6000257388391,11.584321495762028,6.078367140373744,13.775147675633152,44.206191485425414,0.5691134464916532,1.8038832780818141,7.035719377247787,0.04263655269019962,0.17378938797220903,0.06229370536146902,0.01640403947125429,0.0002514546143809609,5.260313971604259e-06,1.3704544025417567e-11,2.75032910593776,114.87208600318303,117.6224151091208,veteran,Case Keenum,QB,1.0,1.84,0.0,0.0,0.0,0.0,0.0,0.0,0.0,10.0,5.0,46.0,0.0,0.0,0.0,0.0,0.0,0.0,0.0,0.0,0.0,0.0,0.0,0.0,0.0,0.0,0.0,0.0,0.0,16,106.98,12.818007968127489,0.8244521912350598,0.625,32.539356605065024,0.784375,1.0,1.0,0.0625,0.3125,1.0,6.0,10.0,0.0,0.0,0.0,0.0,9.0,12.0,1.0,247.0,1707.0,11.0,5.0,,8
00-0029263,2020,veteran,QB,13.168143916601387,33.45663082895476,440.561729720279,3307.9335051415514,23.423617315892752,7.473990153352446,53.703582683689085,258.0472822041616,1.7256699207611257,2.356451854459421,7.508444973742547,0.05316761701195619,0.2744173208504531,0.11423087290913966,0.035134302988573084,0.007584147408765337,0.0006120130051291256,1.3703886182417187e-11,6.907144509692602,242.50967319859225,249.41681770828487,veteran,Russell Wilson,QB,16.0,369.28000000000003,0.0,0.0,0.0,0.0,83.0,513.0,2.0,558.0,384.0,4212.0,40.0,13.0,47.0,4.0,0.0,0.0,9.5,9.5,0.0,0.0,0.0,0.0,0.0,0.0,5.0,3.0,0.0,16,336.6,20.530874999999998,1.0,1.0,31.756331279945243,1.0,1.0,1.0,0.0,0.0,0.0,0.0,16.0,0.0,0.0,0.0,0.0,75.0,342.0,3.0,516.0,4110.0,31.0,5.0,8.5,8
00-0029567,2020,veteran,QB,2.588987008298406,26.23353129678277,67.91827170916022,478.1006316372312,2.8975284552553786,1.4963106793765504,3.207183095503636,10.350236687678867,0.10865701486913837,0.5812077487212496,7.039352144950843,0.04266198744960975,0.1249450948158964,0.04110683717612751,0.009860304086189904,0.0001660765942898521,2.950710905921087e-06,1.3704623976343824e-11,0.534616655929113,28.246067988297874,28.780684644226987,veteran,Nick Foles,QB,9.0,105.18,0.0,0.0,0.0,0.0,16.0,1.0,1.0,312.0,202.0,1852.0,10.0,8.0,18.0,0.0,0.0,0.0,1.0,1.0,0.0,0.0,0.0,0.0,0.0,0.0,1.0,0.0,0.0,16,37.74,10.566315789473686,0.31118421052631584,0.25,31.613963039014372,0.296875,1.0,0.4375,0.0,0.75,0.0,12.0,4.0,0.0,0.0,0.0,0.0,4.0,23.0,0.0,117.0,736.0,3.0,2.0,,8
00-0029604,2020,veteran,QB,12.439571472659269,33.14448749237437,412.30322108605213,3055.1380557542934,19.983786629981736,7.780113914651849,26.675491468753524,72.66563367503075,0.9726218177425817,2.822522041704703,7.409930118194864,0.048468664827168315,0.2604079469012232,0.10629997934809537,0.032046055042930656,0.00038808573595527034,9.631991798690594e-06,1.370446037484012e-11,6.025138285103595,194.03769111134415,200.06282939644774,veteran,Kirk Cousins,QB,16.0,314.7,0.0,0.0,0.0,0.0,32.0,156.0,1.0,516.0,349.0,4265.0,35.0,13.0,39.0,5.0,0.0,0.0,8.5,8.5,0.0,0.0,0.0,0.0,0.0,0.0,5.0,1.0,1.0,16,248.42,17.35177993527508,0.966626213592233,0.9375,32.035592060232716,0.9656250000000001,1.0,1.0,0.0,0.0625,0.0,1.0,15.0,1.0,0.0,0.0,0.0,31.0,63.0,1.0,444.0,3603.0,26.0,6.0,14.0,8
00-0029665,2020,veteran,QB,3.378870550126757,12.292371554912286,41.53433223810897,295.6496246073157,1.8402512450486581,1.0469615686040918,7.751273076274254,27.406511459622198,0.2514091036615243,0.6072003084529317,7.1181985763586795,0.044306749281505804,0.013349774784740911,0.0029768195321593937,0.00043240222815471,0.0008416594016195058,2.834507600902013e-05,1.3704311111144497e-11,0.06610417472724296,20.12777197830458,20.193876153031823,veteran,Robert Griffin III,QB,4.0,2.58,0.0,0.0,0.0,0.0,12.0,69.0,0.0,14.0,8.0,42.0,0.0,2.0,3.0,1.0,0.0,0.0,0.0,0.0,0.0,0.0,0.0,0.0,0.0,0.0,0.0,0.0,0.0,16,16.0,2.321025641025641,0.3365384615384615,0.375,30.55167693360712,0.24375000000000002,1.0,0.375,0.0,0.625,0.0,10.0,6.0,0.0,0.0,0.0,0.0,20.0,70.0,0.0,38.0,225.0,1.0,2.0,,8
00-0029668,2020,veteran,QB,3.1889668386162136,33.243372915947724,106.01201383270967,761.5070978399579,5.186922330955683,2.4851848083901125,8.552401173159115,28.415649432079114,0.27021983297794333,0.5836747585777146,7.183215093353856,0.04892768416927549,0.243639262606822,0.09711384820651066,0.028569110033928313,0.0010563408351845402,3.8912849331985814e-05,1.3704267291062325e-11,1.4272634539637277,49.533138044560964,50.96040149852469,veteran,,,0.0,0.0,0.0,0.0,0.0,0.0,0.0,0.0,0.0,0.0,0.0,0.0,0.0,0.0,0.0,0.0,0.0,0.0,0.0,0.0,0.0,0.0,0.0,0.0,0.0,0.0,0.0,0.0,0.0,16,0.0,21.40125,1.0,0.0,30.97056810403833,0.3,0.0,1.0,0.0,1.0,0.0,16.0,0.0,0.0,0.0,0.0,0.0,0.0,0.0,0.0,0.0,0.0,0.0,0.0,,8
00-0029682,2020,veteran,QB,1.4167812418582102,24.209720007041014,34.29987717661513,244.41344987194958,1.4915797241558784,0.8134614697174253,2.2257664117979568,8.152711914543877,0.08032960677958718,0.27652186337326995,7.125782072438006,0.04348644505271883,0.10324134061039647,0.03251356096202822,0.007421668869887924,0.00037487654564571915,9.178071024172757e-06,1.3704467050430889e-11,0.23694768522791804,14.86013905745202,15.097086742679938,veteran,,,0.0,0.0,0.0,0.0,0.0,0.0,0.0,0.0,0.0,0.0,0.0,0.0,0.0,0.0,0.0,0.0,0.0,0.0,0.0,0.0,0.0,0.0,0.0,0.0,0.0,0.0,0.0,0.0,0.0,16,0.0,10.444,0.41875,0.0,29.776865160848732,0.1875,0.0,0.4375,0.0,1.0,0.0,16.0,0.0,0.0,0.0,0.0,0.0,0.0,0.0,0.0,0.0,0.0,0.0,0.0,,8
00-0029701,2020,veteran,QB,8.730926856164517,27.15267914960016,237.06805560406238,1833.7093063444006,12.43230657247294,5.718366639636533,24.984095000597577,103.09438560461192,1.0811038290420945,1.904161966945626,7.734948943973109,0.05244193082359723,0.17663957404699882,0.06360910731198903,0.01683302421279163,0.0021109896506886446,0.00010225736873740783,1.3704133676305846e-11,2.688982801122614,124.62860286521723,127.31758566633985,veteran,Ryan Tannehill,QB,16.0,349.86,1.0,1.0,0.0,0.0,43.0,266.0,7.0,481.0,315.0,3819.0,33.0,7.0,24.0,1.0,0.0,0.0,6.0,6.0,0.0,0.0,0.0,0.0,0.0,0.0,3.0,2.0,0.0,16,228.68,17.02141414141414,0.7291666666666666,0.75,32.09856262833676,0.61875,1.0,0.75,0.0,0.25,0.0,4.0,12.0,0.0,0.0,0.0,0.0,43.0,185.0,4.0,286.0,2742.0,22.0,6.0,13.6,8
00-0030533,2020,veteran,QB,0.35022312191947835,22.30439581004515,7.811515133121745,56.41382157561226,0.33871057973028923,0.2019494277416682,0.34749894100686074,0.8598684510816248,0.012342666758006864,0.07214100450056624,7.221879573197139,0.04336042034843106,0.08482703374660394,0.025626888031949,0.005571855175766859,6.122527750511102e-05,7.344591325561749e-07,1.3704816291481612e-11,0.047095695062713466,3.2232571631173816,3.270352858180095,veteran,Matt Barkley,QB,4.0,9.279999999999998,0.0,0.0,0.0,0.0,6.0,-6.0,0.0,21.0,11.0,197.0,1.0,1.0,1.0,0.0,0.0,0.0,0.0,0.0,0.0,0.0,0.0,0.0,0.0,0.0,0.0,0.0,0.0,16,5.959999999999999,6.001428571428572,0.11160714285714285,0.125,29.982203969883642,0.08750000000000001,1.0,0.125,0.0,0.875,0.0,14.0,2.0,0.0,0.0,0.0,0.0,2.0,-4.0,0.0,51.0,359.0,0.0,3.0,,8
00-0031237,2020,veteran,QB,6.301390006134875,21.41120900696532,134.9203784557563,962.2412349509408,6.099521057161224,2.8015328331890137,14.651827039183896,23.99539149433265,0.4413843824414757,1.068246169070765,7.131919180514924,0.04520830082878405,0.07261084075887213,0.02126987438263778,0.004455896908067633,0.00014956965145510856,2.550134218554651e-06,1.3704644152747958e-11,0.7157171765495195,60.19602106624509,60.911738242794605,veteran,Teddy Bridgewater,QB,15.0,245.72,0.0,0.0,0.0,0.0,53.0,279.0,5.0,492.0,340.0,3733.0,15.0,11.0,31.0,3.0,0.0,0.0,4.5,4.5,0.0,0.0,0.0,0.0,0.0,0.0,3.0,1.0,0.0,16,91.46000000000001,8.273650793650793,0.4910714285714285,0.5625,27.808350444900753,0.39375000000000004,1.0,0.5625,0.0,0.4375,0.0,7.0,9.0,0.0,0.0,0.0,0.0,28.0,31.0,0.0,196.0,1384.0,9.0,2.0,,8
00-0031280,2020,veteran,QB,13.406970118137531,32.94491003034325,441.6914243215414,3250.134844192364,18.79466956924957,8.735417202824639,24.044122287523336,68.68342679781176,0.9556748997373246,2.9404562224587036,7.358383398963933,0.04255158360413961,0.2525443816207221,0.1019510025729396,0.030386493269054533,0.0002875284085874182,6.341064327147429e-06,1.3704518185389382e-11,6.254900066752738,194.43471727233128,200.689617339084,veteran,Derek Carr,QB,16.0,281.12,0.0,0.0,0.0,0.0,39.0,140.0,3.0,517.0,348.0,4103.0,27.0,9.0,26.0,8.0,0.0,0.0,9.0,9.0,0.0,0.0,0.0,0.0,0.0,0.0,6.0,2.0,0.0,16,246.86,14.816529968454258,0.9911277602523659,1.0,29.43189596167009,0.9906250000000001,1.0,1.0,0.0,0.0,0.0,0.0,16.0,0.0,0.0,0.0,0.0,27.0,82.0,2.0,513.0,4054.0,21.0,8.0,,8
00-0031288,2020,veteran,QB,0.5810737632429529,15.61294228016407,9.072271126029946,64.60746768202759,0.3920658429144149,0.21337212993682012,0.9839505062579309,4.452161347937765,0.039790921441529424,0.10958415535279545,7.121421613674812,0.04321584281024283,0.027961028595351392,0.006956266744084017,0.0011790894417381937,0.0007342042589033046,2.3429071266663092e-05,1.3704337451879703e-11,0.02412790000647811,4.190611171802485,4.214739071808963,veteran,AJ McCarron,QB,2.0,0.8,0.0,0.0,0.0,0.0,0.0,0.0,0.0,1.0,1.0,20.0,0.0,0.0,1.0,0.0,0.0,0.0,0.0,0.0,0.0,0.0,0.0,0.0,0.0,0.0,0.0,0.0,0.0,16,16.9,4.8635,0.125,0.125,29.968514715947983,0.125,1.0,0.125,0.0,0.875,0.0,14.0,2.0,0.0,0.0,0.0,0.0,5.0,39.0,1.0,37.0,225.0,0.0,1.0,,8
00-0031345,2020,veteran,QB,11.513004525361003,29.83176010701208,343.45318911151395,2629.0711531128663,16.573536100679704,8.816719092246133,27.686031928906452,52.78548076081412,0.9123270567055962,2.4488239228511666,7.654816541124758,0.04825558948383656,0.2185118811720017,0.08395874079743552,0.02378050275157885,0.00022423051159534206,4.483837710502092e-06,1.370456611168979e-11,4.515883393359766,159.67841491335386,164.19429830671362,veteran,Jimmy Garoppolo,QB,6.0,64.34,0.0,0.0,0.0,0.0,10.0,25.0,0.0,140.0,94.0,1096.0,7.0,5.0,11.0,0.0,0.0,0.0,0.0,0.0,0.0,0.0,0.0,0.0,0.0,0.0,0.0,0.0,0.0,16,253.82,15.815283018867921,0.8779481132075471,1.0,28.83230663928816,0.6625000000000001,1.0,1.0,0.0,0.0,0.0,0.0,16.0,0.0,0.0,0.0,0.0,46.0,62.0,1.0,476.0,3978.0,27.0,13.0,,8
00-0031407,2020,veteran,QB,4.056966525281894,26.44771298808759,107.29748626293453,758.8101121139216,4.569355550215424,2.6299305094995766,14.230023604685114,72.62936236643868,0.4687548329345287,0.8235373711329111,7.07202133565779,0.04258585833985087,0.12942580400366163,0.042944062074731816,0.010398917521318603,0.006022988271209748,0.0004430006228775348,1.3703930895922424e-11,0.8979171283182824,51.79835615840463,52.696273286722914,veteran,,,0.0,0.0,0.0,0.0,0.0,0.0,0.0,0.0,0.0,0.0,0.0,0.0,0.0,0.0,0.0,0.0,0.0,0.0,0.0,0.0,0.0,0.0,0.0,0.0,0.0,0.0,0.0,0.0,0.0,16,-0.78,12.562702702702701,0.7711148648648648,0.125,28.711841204654345,0.4625,1.0,1.0,0.0,0.875,0.0,14.0,2.0,0.0,0.0,0.0,0.0,2.0,-9.0,0.0,2.0,3.0,0.0,0.0,,8
00-0031503,2020,veteran,QB,13.130985261426693,36.8222798662695,483.5128142161136,3685.8378632648933,22.87419363677654,17.197461354226785,46.62111647182432,203.63878535857904,1.401735757340158,3.1149936585671507,7.623040703151768,0.0473083503978295,0.34963449603312546,0.16102755980036845,0.054954702422487685,0.004184020889635613,0.0002660058398621884,1.3704001451554279e-11,9.266119656181312,227.07967213201286,236.34579178819416,veteran,Jameis Winston,QB,3.0,2.4,0.0,0.0,0.0,0.0,8.0,-6.0,0.0,11.0,7.0,75.0,0.0,0.0,2.0,0.0,0.0,0.0,0.0,0.0,0.0,0.0,0.0,0.0,0.0,0.0,0.0,0.0,0.0,16,331.36,19.58761565836299,0.9005782918149466,1.0,26.652977412731005,0.878125,1.0,1.0,0.0,0.0,0.0,0.0,16.0,0.0,0.0,0.0,0.0,59.0,250.0,1.0,626.0,5109.0,33.0,30.0,,8
00-0031800,2020,veteran,QB,1.0818998106727804,14.408356306942647,15.58839796058721,111.20152111668392,0.6904239980173128,0.39001187360237943,1.4646348230016177,6.284145959601895,0.052217514804170966,0.2059006646256725,7.133608046050615,0.04429088863159256,0.021963276674308252,0.005266674608195839,0.00084834120508706,0.00038303900249706435,9.457834691665242e-06,1.3704462898128155e-11,0.03457448514452954,6.9596514450657185,6.9942259302102485,veteran,Taylor Heinicke,QB,1.0,11.68,0.0,0.0,0.0,0.0,3.0,22.0,0.0,19.0,12.0,137.0,1.0,0.0,1.0,0.0,0.0,0.0,0.0,0.0,0.0,0.0,0.0,0.0,0.0,0.0,0.0,0.0,0.0,16,0.0,2.581818181818182,0.2897727272727273,0.0,27.46611909650924,0.103125,0.0,0.3125,0.0,1.0,0.0,16.0,0.0,0.0,0.0,0.0,0.0,0.0,0.0,0.0,0.0,0.0,0.0,0.0,,8
00-0032268,2020,veteran,QB,7.478657005236347,27.466722114260975,205.4141937506979,1495.32595087637,8.693458317086977,4.723795080526873,28.526246867798434,142.4820548486139,0.9916311607943962,1.278137341756664,7.279564880950635,0.042321604745764754,0.15512980645597255,0.05389827919217515,0.013726683993751763,0.007057914509870283,0.0005532825034877977,1.3703900141023726e-11,2.0290974885685595,102.7809989084634,104.81009639703196,veteran,Marcus Mariota,QB,1.0,25.84,0.0,0.0,0.0,0.0,9.0,88.0,1.0,28.0,17.0,226.0,1.0,1.0,0.0,0.0,0.0,0.0,0.0,0.0,0.0,0.0,0.0,0.0,0.0,0.0,0.0,0.0,0.0,16,86.02,12.855242718446602,0.7251213592233009,0.4375,26.83915126625599,0.64375,1.0,0.9375,0.0,0.5625,0.0,9.0,7.0,0.0,0.0,0.0,0.0,24.0,129.0,0.0,160.0,1203.0,7.0,2.0,,8
00-0032434,2020,veteran,QB,1.3851789950735987,25.38016118379916,35.15606616338088,249.1019651174824,1.5612331110133941,0.8276920149085883,3.6547030284603044,13.934028986141739,0.12514464488683286,0.26361893485665505,7.08560405933446,0.04440864070962523,0.11605852093949742,0.0375268193447056,0.008827826538656791,0.0014204459342780666,5.882112690458209e-05,1.3704210152280318e-11,0.2652798966479617,16.170659917157558,16.43593981380552,veteran,Brandon Allen,QB,5.0,52.2,1.0,0.0,0.0,0.0,13.0,27.0,0.0,142.0,90.0,925.0,5.0,4.0,7.0,1.0,0.0,0.0,2.5,2.5,0.0,0.0,0.0,0.0,0.0,0.0,1.0,1.0,0.0,16,32.5,10.833333333333334,0.1875,0.1875,27.98904859685147,0.10312500000000001,1.0,0.1875,0.0,0.8125,0.0,13.0,3.0,0.0,0.0,0.0,0.0,10.0,39.0,0.0,84.0,515.0,3.0,2.0,,8
00-0032436,2020,veteran,QB,2.729193246783255,26.94640256250263,73.54193989868519,512.3686050823866,3.209044051262957,1.761828133836537,11.735290174166728,64.00562953847901,0.46625226542789006,0.50880252573782,6.967025968967497,0.04363556435530374,0.13075830341810457,0.043494573758298606,0.010561439297112086,0.012008038432354585,0.0011676429749339762,1.370379677767596e-11,0.6301230841750652,37.98773563561382,38.617858719788885,veteran,Jeff Driskel,QB,3.0,30.080000000000002,0.0,0.0,0.0,0.0,6.0,28.0,0.0,64.0,35.0,432.0,3.0,2.0,11.0,0.0,0.0,0.0,0.0,0.0,0.0,0.0,0.0,0.0,0.0,0.0,0.0,0.0,0.0,16,57.6,14.127407407407409,0.3726851851851852,0.1875,27.359342915811087,0.253125,1.0,0.5,0.0,0.8125,0.0,13.0,3.0,1.0,1.0,6.0,0.0,22.0,151.0,1.0,105.0,685.0,4.0,4.0,,8
00-0032950,2020,veteran,QB,12.917923432268536,35.83749273899174,462.94598720677493,3275.171218472871,21.754526221615773,7.889082185244887,43.69527407693539,161.22500257261368,1.1749993257336142,3.4276833140921306,7.074629241812641,0.046991499705772606,0.2802779269844854,0.11761912237205016,0.03647785261485606,0.0024236131614195637,0.00012400834238720748,1.3704107004482538e-11,6.875848185114853,218.56391883836696,225.4397670234818,veteran,Carson Wentz,QB,12.0,200.9,0.0,0.0,0.0,0.0,52.0,276.0,5.0,437.0,251.0,2620.0,16.0,15.0,50.0,4.0,0.0,0.0,2.5,2.5,0.0,0.0,0.0,0.0,0.0,0.0,1.0,1.0,0.0,16,280.86,18.308327402135234,0.9005782918149466,1.0,27.67145790554415,0.878125,1.0,1.0,0.0,0.0,0.0,0.0,16.0,0.0,0.0,0.0,0.0,62.0,243.0,1.0,607.0,4039.0,27.0,7.0,8.6,8
00-0033077,2020,veteran,QB,13.908821838321018,36.30252703138812,504.9253807604101,3780.998951376751,23.136529355763766,10.205123813120512,50.06581491285187,233.22690470334587,2.4469626403404385,2.8125488279827957,7.488233104231407,0.045821680266736636,0.32690202783076133,0.1461077781820443,0.048340712334602166,0.005099903818992311,0.00035091724931500187,1.3703963131194547e-11,9.018082280616632,255.75519650829574,264.77327878891236,veteran,Dak Prescott,QB,5.0,148.64,1.0,1.0,11.0,1.0,18.0,93.0,3.0,222.0,151.0,1856.0,9.0,4.0,10.0,3.0,0.0,0.0,13.5,13.5,0.0,0.0,0.0,0.0,0.0,0.0,3.0,3.0,3.0,16,358.28,20.2608125,1.0,1.0,27.093771389459274,1.0,1.0,1.0,0.0,0.0,0.0,0.0,16.0,0.0,0.0,0.0,0.0,52.0,277.0,3.0,596.0,4902.0,30.0,11.0,7.1,8
00-0033104,2020,veteran,QB,1.198575563013561,21.232123795881936,25.44830473262282,178.76413696030565,1.089429523186915,0.5798894372113933,3.5088819980509447,17.467690828880038,0.11972361016823214,0.2542464007802013,7.024599038659869,0.04280951264271635,0.06775506442177343,0.019586608549361107,0.004037283533716058,0.003576257853638535,0.0002135792977238814,1.3704031813215262e-11,0.13077199050343374,12.305122639074094,12.435894629577527,veteran,,,0.0,0.0,0.0,0.0,0.0,0.0,0.0,0.0,0.0,0.0,0.0,0.0,0.0,0.0,0.0,0.0,0.0,0.0,0.0,0.0,0.0,0.0,0.0,0.0,0.0,0.0,0.0,0.0,0.0,16,0.0,6.1738461538461555,0.28365384615384615,0.0,27.310061601642712,0.121875,0.0,0.3125,0.0,1.0,0.0,16.0,0.0,0.0,0.0,0.0,0.0,0.0,0.0,0.0,0.0,0.0,0.0,0.0,,8
00-0033106,2020,veteran,QB,14.1101337537655,36.93489755732053,521.1563447154193,3891.9286812732557,23.25746063797566,12.029638164785847,32.92670304348888,67.52661118233235,1.3183460690450493,3.2318080228067516,7.467871629574936,0.04462664778776807,0.3371239722890456,0.15273044152753945,0.05124256442799992,0.0002466988166438545,5.122164011453908e-06,1.3704547705789575e-11,9.439103019182532,232.8468349601512,242.28593797933374,veteran,Jared Goff,QB,15.0,250.48,0.0,0.0,0.0,0.0,51.0,99.0,4.0,552.0,370.0,3952.0,20.0,13.0,23.0,4.0,0.0,0.0,10.5,10.5,0.0,0.0,0.0,0.0,0.0,0.0,6.0,3.0,0.0,16,263.52,17.878296529968452,0.9911277602523659,1.0,25.883641341546884,0.9906250000000001,1.0,1.0,0.0,0.0,0.0,0.0,16.0,0.0,0.0,0.0,0.0,33.0,40.0,2.0,626.0,4638.0,22.0,16.0,12.2,8
00-0033119,2020,veteran,QB,11.694678617249004,28.30510575398994,331.0191150201579,2292.138102541124,14.071096998157206,6.102935234344831,37.62693773943791,139.10483246260978,1.6745913730776252,2.5329789382528074,6.924488642903722,0.042508412232629904,0.14703911865622848,0.05037413327472646,0.012634977997666708,0.0021497910086735977,0.00010489130772569518,1.3704130159139502e-11,2.925744320252788,154.65611523380525,157.58185955405804,veteran,Jacoby Brissett,QB,11.0,20.580000000000002,0.0,0.0,0.0,0.0,17.0,19.0,3.0,8.0,2.0,17.0,0.0,0.0,2.0,0.0,0.0,0.0,0.0,0.0,0.0,0.0,0.0,0.0,0.0,0.0,0.0,0.0,0.0,16,220.18,12.835527426160338,0.8805379746835444,0.9375,27.72347707049966,0.740625,1.0,1.0,0.0,0.0625,0.0,1.0,15.0,1.0,1.0,2.0,0.0,56.0,228.0,4.0,447.0,2942.0,18.0,6.0,,8
00-0033319,2020,veteran,QB,2.0213207669611784,27.142720080090086,54.86414376970027,404.7767915842143,2.493602758329185,1.437709513019813,3.850629321767002,4.777499560935225,0.12980307735720314,0.37202173283210355,7.3778020355757326,0.04545049985280774,0.15576890770514268,0.05417964444055581,0.01381468106144313,5.693327649796458e-05,6.637139279821961e-07,1.3704830298003184e-11,0.5350954849471861,23.802588625218224,24.33768411016541,veteran,Nick Mullens,QB,10.0,118.28,0.0,0.0,0.0,0.0,9.0,8.0,0.0,326.0,211.0,2437.0,12.0,12.0,19.0,4.0,0.0,0.0,2.0,2.0,0.0,0.0,0.0,0.0,0.0,0.0,2.0,0.0,0.0,16,-0.3,13.060677966101695,0.4184322033898305,0.0625,25.451060917180012,0.184375,1.0,0.5,0.0,0.9375,0.0,15.0,1.0,0.0,0.0,0.0,0.0,3.0,-3.0,0.0,0.0,0.0,0.0,0.0,,8
00-0033537,2020,veteran,QB,13.158423731653548,35.916672222450615,472.6067921339159,3568.06928221088,23.014798311667363,10.95249963508126,68.94576071337804,346.48068421518127,3.44691911902925,2.5903382192649276,7.549763019909893,0.04869756147124095,0.32515972520163505,0.14499281893450675,0.04785750707506212,0.016156841429748714,0.001774959339042239,1.370373878323473e-11,8.647495649413196,263.02587196210584,271.67336761151904,veteran,Deshaun Watson,QB,16.0,383.82,0.0,0.0,0.0,0.0,90.0,444.0,3.0,544.0,382.0,4823.0,33.0,7.0,49.0,3.0,0.0,0.0,14.5,14.5,0.0,0.0,0.0,0.0,0.0,0.0,10.0,3.0,0.0,16,328.48,21.92751773049645,0.9215425531914893,0.9375,24.966461327857633,0.8812500000000001,1.0,1.0,0.0,0.0625,0.0,1.0,15.0,1.0,1.0,6.0,1.0,82.0,413.0,7.0,495.0,3852.0,26.0,12.0,5.4,8
00-0033869,2020,veteran,QB,13.141924487479152,33.40687140265765,439.03058133665354,3007.899567354226,18.544929641243613,9.85121831405098,47.801109521404854,226.56672919443812,1.8229271019164108,2.5135864365962006,6.851230176714581,0.042240632952680705,0.21974782208709653,0.08458898738747785,0.024004713816144645,0.005472260992413991,0.0003873130921467909,1.370394948009166e-11,5.265889784078389,203.3603272887914,208.6262170728698,veteran,Mitchell Trubisky,QB,10.0,153.70000000000002,0.0,0.0,0.0,0.0,33.0,195.0,1.0,297.0,199.0,2055.0,16.0,8.0,18.0,2.0,0.0,0.0,0.0,0.0,0.0,0.0,0.0,0.0,0.0,0.0,0.0,0.0,0.0,16,204.82,15.016491228070175,0.8953947368421052,0.9375,26.034223134839152,0.890625,1.0,0.9375,0.0625,0.0,1.0,1.0,15.0,0.0,0.0,0.0,0.0,48.0,193.0,2.0,516.0,3138.0,17.0,10.0,,8
00-0033873,2020,veteran,QB,12.478316140405239,37.3016202679812,465.461410253217,3630.154394650886,24.557640211114347,8.427628048431728,43.47639091351543,193.34723631222496,1.601740831335361,2.2725493764696925,7.799044807336521,0.05275977700869912,0.3758220782408213,0.17909846279608946,0.0633351541198702,0.004174742410765019,0.00026518097766118455,1.3704001881136875e-11,9.679586989255263,250.98155039992463,260.6611373891799,veteran,Patrick Mahomes,QB,15.0,394.9,2.0,0.0,0.0,0.0,62.0,308.0,2.0,588.0,390.0,4740.0,38.0,6.0,22.0,2.0,0.0,0.0,20.5,20.5,0.0,0.0,0.0,0.0,0.0,0.0,9.0,5.0,2.0,16,304.04,23.695652173913043,0.9127964426877472,0.875,24.958247775496236,0.790625,1.0,1.0,0.0625,0.0625,1.0,2.0,14.0,0.0,0.0,0.0,0.0,43.0,218.0,2.0,484.0,4031.0,26.0,5.0,6.2,8
00-0033899,2020,veteran,QB,3.233039754858954,25.01478202532892,80.87378474701957,563.0014374547819,3.373537592877796,2.2939180602413143,13.586690751322996,67.55129233485596,0.5244810334023833,0.6896342771068416,6.9614825028394645,0.04171361094859754,0.10602147178848084,0.03358580711146332,0.007718389151598766,0.00893434531486598,0.0007703163232267694,1.3703854349272279e-11,0.5881765141079988,39.94911862890604,40.53729514301404,veteran,,,0.0,0.0,0.0,0.0,0.0,0.0,0.0,0.0,0.0,0.0,0.0,0.0,0.0,0.0,0.0,0.0,0.0,0.0,0.0,0.0,0.0,0.0,0.0,0.0,0.0,0.0,0.0,0.0,0.0,16,0.0,8.924761904761905,0.7232142857142858,0.0,24.66255989048597,0.196875,0.0,0.9375,0.0,1.0,0.0,16.0,0.0,0.0,0.0,0.0,0.0,0.0,0.0,0.0,0.0,0.0,0.0,0.0,,8
00-0033936,2020,veteran,QB,1.5773227456948744,30.58853805348126,48.24799682930921,345.39301433297504,2.1159149495806706,1.2575865836463593,5.339110127130441,21.45641838179471,0.21314787433394639,0.34287282667699914,7.158701646306675,0.04385498028169567,0.19667759625656392,0.07310635312747836,0.0200039214577718,0.0030068544287880764,0.00016760331961228816,1.3704065340469889e-11,0.5514371239642756,22.50299063517812,23.054427759142396,veteran,C.J. Beathard,QB,6.0,52.28,0.0,0.0,0.0,0.0,6.0,28.0,0.0,104.0,66.0,787.0,6.0,0.0,9.0,3.0,0.0,0.0,0.0,0.0,0.0,0.0,0.0,0.0,0.0,0.0,0.0,0.0,0.0,16,0.0,15.047500000000003,0.3359375,0.0,26.792607802874745,0.15,0.0,0.375,0.0,1.0,0.0,16.0,0.0,0.0,0.0,0.0,0.0,0.0,0.0,0.0,0.0,0.0,0.0,0.0,,8
00-0033958,2020,veteran,QB,1.2838521763405666,18.497515326220977,23.748075308461786,165.21850147698282,1.0373212498693063,0.7041738426356602,2.8649528012773366,11.723154149703829,0.10819075487416895,0.24338139113066296,6.957132286763175,0.04368022403481656,0.04362553131848698,0.011660652851264101,0.0021758981856518996,0.0011210593480551613,4.227818757072075e-05,1.3704255820301308e-11,0.08557232131419593,10.68437453523929,10.769946856553485,veteran,Nathan Peterman,QB,1.0,1.9,0.0,0.0,0.0,0.0,1.0,9.0,0.0,5.0,3.0,25.0,0.0,0.0,2.0,0.0,0.0,0.0,0.0,0.0,0.0,0.0,0.0,0.0,0.0,0.0,0.0,0.0,0.0,16,0.0,2.935,0.25,0.0,26.32991101984942,0.11249999999999999,0.0,0.25,0.0,1.0,0.0,16.0,0.0,0.0,0.0,0.0,0.0,0.0,0.0,0.0,0.0,0.0,0.0,0.0,,8
00-0034343,2020,veteran,QB,6.153849357064609,26.120624664943243,160.74238930048693,1080.261290652341,6.373650516803391,4.68557693228067,12.759781379297058,61.446048971744304,0.423777785473542,1.240804069474763,6.720450625086413,0.03965133618170054,0.10844958675047119,0.03452917904376704,0.007981288083625035,0.0013947955870592282,5.734431335831696e-05,1.3704213668701245e-11,1.0934574526640837,65.53956329981202,66.6330207524761,veteran,,,0.0,0.0,0.0,0.0,0.0,0.0,0.0,0.0,0.0,0.0,0.0,0.0,0.0,0.0,0.0,0.0,0.0,0.0,0.0,0.0,0.0,0.0,0.0,0.0,0.0,0.0,0.0,0.0,0.0,16,17.98,6.297122302158273,0.6524280575539569,0.3125,23.5564681724846,0.434375,1.0,0.875,0.0,0.6875,0.0,11.0,5.0,0.0,0.0,0.0,0.0,3.0,13.0,0.0,109.0,567.0,1.0,5.0,,8
00-0034412,2020,veteran,QB,1.8854660969868215,22.053826230586346,41.581741666609226,293.5511672203636,1.743433263946265,1.0608913422581137,1.2651121387948674,4.9318631586044175,0.04592122358119568,0.38585937406417603,7.059616924514003,0.041927855690236,0.07684424036479745,0.022760165364763593,0.004832495867550367,6.922306409209868e-05,8.715093259768379e-07,1.3704792631038496e-11,0.22761348703042128,16.590991969302642,16.818605456333064,veteran,,,0.0,0.0,0.0,0.0,0.0,0.0,0.0,0.0,0.0,0.0,0.0,0.0,0.0,0.0,0.0,0.0,0.0,0.0,0.0,0.0,0.0,0.0,0.0,0.0,0.0,0.0,0.0,0.0,0.0,16,8.64,2.8800000000000003,0.1875,0.1875,25.678302532511978,0.10312500000000001,1.0,0.1875,0.0,0.8125,0.0,13.0,3.0,0.0,0.0,0.0,0.0,0.0,0.0,0.0,73.0,416.0,0.0,3.0,,8
00-0034577,2020,veteran,QB,9.933903571456245,32.9196125099415,327.02025628346354,2306.251533615386,13.804789890535668,8.927899631091993,26.611878251117634,89.75648021407162,1.1185930708802956,2.497376710092982,7.052320121773468,0.042213867872972294,0.22757406378253167,0.08861996136392451,0.02545122233817532,0.0010926402720482916,4.07906574301818e-05,1.370426077362877e-11,4.098334007048845,140.3058746710771,144.40420867812594,veteran,Kyle Allen,QB,4.0,45.0,0.0,0.0,0.0,0.0,7.0,26.0,1.0,87.0,60.0,610.0,4.0,1.0,7.0,1.0,0.0,0.0,0.0,0.0,0.0,0.0,0.0,0.0,0.0,0.0,0.0,0.0,0.0,16,179.48,13.764645161290323,0.7592741935483871,0.8125,24.484599589322382,0.484375,1.0,0.8125,0.0,0.1875,0.0,3.0,13.0,0.0,0.0,0.0,0.0,32.0,106.0,2.0,489.0,3322.0,17.0,16.0,,8
00-0034771,2020,veteran,QB,7.647382866178492,27.36331213862202,209.25772441079198,1450.498021525607,9.471670804845372,5.491275488382108,16.569598442251593,42.72041163096199,0.5346304976122362,1.3214629349498677,6.931634306976155,0.045263183624474575,0.13449198848154623,0.045047233050169076,0.011022581928843433,0.0003501899924859723,8.346642588003906e-06,1.3704480181972272e-11,1.7166134761296699,89.76095138251142,91.47756485864109,veteran,Mason Rudolph,QB,4.0,19.360000000000003,0.0,0.0,0.0,0.0,7.0,-6.0,0.0,43.0,25.0,324.0,2.0,1.0,1.0,0.0,0.0,0.0,1.0,1.0,0.0,0.0,0.0,0.0,0.0,0.0,1.0,0.0,0.0,16,108.8,10.879999999999999,0.625,0.625,25.127994524298426,0.34375,1.0,0.625,0.0625,0.3125,1.0,6.0,10.0,0.0,0.0,0.0,0.0,21.0,42.0,0.0,283.0,1765.0,13.0,9.0,,8
00-0034796,2020,veteran,QB,13.26118636483904,30.570866435161776,405.4059571312828,2982.271031455062,22.40244956779497,7.971147351527392,125.55319887818047,721.8343078876939,4.558170868074836,2.5580682510313997,7.356258532948276,0.055259300396862145,0.21034719691008194,0.07983842835136493,0.022327816704696486,0.09999748354980853,0.02489017053586486,1.3703370393835027e-11,6.7909635235184105,287.37466432148324,294.16562784500167,veteran,Lamar Jackson,QB,15.0,334.78000000000003,0.0,0.0,0.0,0.0,159.0,1005.0,7.0,376.0,242.0,2757.0,26.0,9.0,29.0,4.0,0.0,2.0,0.0,2.0,0.0,0.0,0.0,2.0,0.0,0.0,0.0,0.0,0.0,16,423.18,21.479770114942525,0.9604885057471264,0.9375,23.64955509924709,0.815625,1.0,1.0,0.0,0.0625,0.0,1.0,15.0,0.0,0.0,0.0,0.0,176.0,1206.0,7.0,401.0,3127.0,36.0,6.0,4.9,8
00-0034855,2020,veteran,QB,13.21847366231076,33.758750432196194,446.2391534605074,3231.69733800513,20.213541676838044,13.705838194434644,33.126578662099995,135.03600551880217,1.3642605980549494,2.471217960877531,7.2420748223096885,0.045297552937893344,0.25764200440094664,0.10476191335935467,0.03145637413694064,0.0014753094529836096,6.201538273461356e-05,1.3704202839167396e-11,6.335164406956943,199.45711205714295,205.7922764640999,veteran,Baker Mayfield,QB,16.0,250.12,1.0,1.0,6.0,0.0,54.0,165.0,1.0,486.0,305.0,3563.0,26.0,8.0,26.0,4.0,0.0,0.0,2.0,2.0,0.0,0.0,0.0,0.0,0.0,0.0,2.0,0.0,0.0,16,232.18,15.50223076923077,0.9596153846153848,1.0,25.385352498288842,0.8125,1.0,1.0,0.0,0.0,0.0,0.0,16.0,0.0,0.0,0.0,0.0,28.0,141.0,3.0,534.0,3827.0,22.0,21.0,13.7,8
00-0034857,2020,veteran,QB,13.234159125364343,32.28878447284082,427.3149116781688,2963.5374964793345,18.505681933364617,10.23245548014309,82.82907859615796,418.46168152129025,4.706117210408133,2.724346340084093,6.93525410765753,0.043306894816023005,0.2081149642726638,0.0787249146367398,0.021939159938652423,0.025809050134312304,0.003450466138566288,1.370364663231436e-11,5.307763395730254,236.73349536675528,242.04125876248554,veteran,Josh Allen,QB,16.0,413.56,1.0,1.0,12.0,1.0,102.0,421.0,8.0,572.0,396.0,4544.0,37.0,10.0,26.0,6.0,0.0,0.0,18.0,18.0,0.0,0.0,0.0,0.0,0.0,0.0,8.0,4.0,2.0,16,288.56,17.85209677419355,0.9274193548387096,1.0,24.281998631074607,0.775,1.0,1.0,0.0,0.0,0.0,0.0,16.0,0.0,0.0,0.0,0.0,109.0,510.0,9.0,461.0,3089.0,20.0,9.0,8.7,8
00-0034869,2020,veteran,QB,12.268435811818547,33.8259453606715,414.99143943147965,2922.1523705670784,18.285141605760273,11.593114319871173,35.82824947080443,92.59657607370015,1.3606481388372393,2.454254715072008,7.041476264113546,0.04406149107752711,0.2421503660326577,0.09631412620304855,0.028271549362153092,0.0007082968379567525,2.2284331237014138e-05,1.3704344379301696e-11,5.446036897880268,179.3554696162313,184.80150651411157,veteran,Sam Darnold,QB,12.0,134.02,0.0,0.0,0.0,0.0,37.0,217.0,2.0,364.0,217.0,2208.0,9.0,11.0,35.0,2.0,0.0,0.0,0.0,0.0,0.0,0.0,0.0,0.0,0.0,0.0,0.0,0.0,0.0,16,191.16,14.132850678733032,0.8125,0.8125,23.241615331964407,0.690625,1.0,0.8125,0.1875,0.0,3.0,3.0,13.0,0.0,0.0,0.0,0.0,33.0,62.0,2.0,441.0,3024.0,19.0,13.0,,8
00-0035040,2020,veteran,QB,3.565599802535711,30.088515045512274,107.28360330487133,740.4753512336986,4.488201728798093,2.79676405328899,6.5868479202415235,25.103185876132592,0.22811478081749548,0.6595928310215228,6.902036550072479,0.04183492715139166,0.17151391526561408,0.06124984550831306,0.016065414139170637,0.000600396363610153,1.769771448466985e-05,1.3704376247707947e-11,1.0559397406466065,44.53811446843752,45.59405420908413,veteran,David Blough,QB,1.0,1.76,0.0,0.0,0.0,0.0,1.0,18.0,0.0,10.0,6.0,49.0,0.0,1.0,1.0,0.0,0.0,0.0,0.0,0.0,0.0,0.0,0.0,0.0,0.0,0.0,0.0,0.0,0.0,16,54.86,10.972,0.3125,0.3125,25.089664613278575,0.171875,1.0,0.3125,0.0,0.6875,0.0,11.0,5.0,1.0,1.0,19.0,1.0,8.0,31.0,0.0,174.0,984.0,4.0,6.0,,8
00-0035228,2020,veteran,QB,12.562247026147546,34.08197984880235,428.1462500008379,3019.4418265644867,18.17848694989276,9.744312457682003,71.87276148615085,385.5476851604733,2.7281111810311343,2.3171866928575926,7.052360791571987,0.042458592011157835,0.2474696604261047,0.09918310644093416,0.029342873129171273,0.023916316743211985,0.003095744043678653,1.3703661682164119e-11,6.07372080439598,224.29205816330546,230.36577896770143,veteran,Kyler Murray,QB,16.0,389.24,0.0,0.0,0.0,0.0,133.0,819.0,11.0,558.0,375.0,3971.0,26.0,12.0,27.0,4.0,0.0,1.0,9.5,10.5,0.0,0.0,0.0,1.0,0.0,0.0,3.0,3.0,1.0,16,290.28,18.1425,1.0,1.0,23.069130732375086,0.55,1.0,1.0,0.0,0.0,0.0,0.0,16.0,0.0,0.0,0.0,0.0,93.0,544.0,4.0,542.0,3722.0,20.0,12.0,6.3,8
00-0035232,2020,veteran,QB,7.373407904551965,24.881423029647905,183.46088124330717,1300.8519885381713,7.951058987683731,4.840187368095368,19.95051309031061,89.87433185446216,0.6470860417722989,1.487095455599293,7.090623241981334,0.04333926084841475,0.1099922563768985,0.03513186659345711,0.00815013538258611,0.0022847208395846406,0.00011419739217785018,1.3704118403217924e-11,1.3378779070096054,84.05369928095244,85.39157718796204,veteran,Dwayne Haskins,QB,7.0,69.16,0.0,0.0,0.0,0.0,20.0,46.0,1.0,241.0,148.0,1439.0,5.0,7.0,20.0,3.0,0.0,0.0,1.0,1.0,0.0,0.0,0.0,0.0,0.0,0.0,1.0,0.0,0.0,16,76.7,8.522222222222222,0.5625,0.5625,23.33196440793977,0.309375,1.0,0.5625,0.0625,0.375,1.0,7.0,9.0,0.0,0.0,0.0,0.0,20.0,101.0,0.0,203.0,1365.0,7.0,7.0,,8
00-0035251,2020,veteran,QB,1.1830410396370925,22.178524595109387,26.238104794615037,183.8972736464245,1.122991177114358,0.7345822422616317,3.3577362381395437,11.84478693432669,0.11695190132832527,0.24561247202390554,7.008786460985801,0.042800011125225565,0.07648905656444709,0.02263432336383925,0.004800484674688521,0.0014041311739501731,5.7880571668602784e-05,1.3704212381461476e-11,0.14377789139899708,11.773656327145959,11.917434218544956,veteran,,,0.0,0.0,0.0,0.0,0.0,0.0,0.0,0.0,0.0,0.0,0.0,0.0,0.0,0.0,0.0,0.0,0.0,0.0,0.0,0.0,0.0,0.0,0.0,0.0,0.0,0.0,0.0,0.0,0.0,16,1.3200000000000012,0.6600000000000006,0.125,0.125,25.415468856947296,0.06875,1.0,0.125,0.0,0.875,0.0,14.0,2.0,0.0,0.0,0.0,0.0,7.0,22.0,0.0,52.0,228.0,0.0,4.0,,8
00-0035289,2020,veteran,QB,10.676998556001383,32.50631387032179,347.0698662543535,2463.108420005764,15.58761813070411,6.431271133890023,49.06710818154463,232.70941870978223,1.286462436065727,2.6871905538519174,7.096866249404238,0.044912046957371325,0.22406568693514275,0.08680435337081757,0.024797029074824093,0.009953783888652602,0.0008966562946224578,1.370383333089383e-11,4.432716569941195,173.62760243493568,178.06031900487687,veteran,Gardner Minshew,QB,9.0,164.66,1.0,1.0,0.0,0.0,29.0,153.0,1.0,327.0,216.0,2259.0,16.0,5.0,27.0,4.0,0.0,0.0,4.5,4.5,0.0,0.0,0.0,0.0,0.0,0.0,3.0,1.0,0.0,16,232.74,16.624285714285715,0.875,0.875,24.295687885010267,0.48125000000000007,1.0,0.875,0.0,0.125,0.0,2.0,14.0,0.0,0.0,0.0,0.0,67.0,344.0,0.0,470.0,3271.0,21.0,6.0,17.3,8
00-0035577,2020,veteran,QB,6.050563548586525,22.25086659386465,134.63028233729906,955.1542985209319,5.816335075905313,3.949091999110774,15.866952593507866,53.37704820708236,0.5119591033072827,1.1553010147226195,7.094646775885934,0.04320227941982045,0.08000583172649015,0.023886770035219985,0.005120768397473099,0.0010309763142216976,3.761574590283049e-05,1.3704271979351707e-11,0.769419450998156,59.67218565734366,60.44160510834182,veteran,,,0.0,0.0,0.0,0.0,0.0,0.0,0.0,0.0,0.0,0.0,0.0,0.0,0.0,0.0,0.0,0.0,0.0,0.0,0.0,0.0,0.0,0.0,0.0,0.0,0.0,0.0,0.0,0.0,0.0,16,51.32,6.415,0.5,0.5,24.38877481177276,0.275,1.0,0.5,0.0,0.5,0.0,8.0,8.0,0.0,0.0,0.0,0.0,21.0,68.0,0.0,160.0,1063.0,5.0,8.0,,8
00-0035652,2020,veteran,QB,1.8841401763807692,25.985341595495946,48.96002609705227,343.1933031364414,2.1205521645089864,1.1473552685184831,6.441772212776202,36.22108289022037,0.22057969956299595,0.43960762437365575,7.009663402877639,0.0433119083781832,0.12027305228211231,0.03921408821475087,0.009311582357557144,0.007221968332086008,0.0005714058747615169,1.3703895681564508e-11,0.387749315307264,23.98160148410934,24.369350799416605,veteran,Ryan Finley,QB,4.0,19.16,0.0,0.0,0.0,0.0,11.0,66.0,1.0,32.0,17.0,164.0,1.0,2.0,9.0,0.0,0.0,0.0,0.0,0.0,0.0,0.0,0.0,0.0,0.0,0.0,0.0,0.0,0.0,16,24.66,8.22,0.1875,0.1875,25.683778234086244,0.10312500000000001,1.0,0.1875,0.0,0.8125,0.0,13.0,3.0,0.0,0.0,0.0,0.0,10.0,77.0,0.0,87.0,474.0,2.0,2.0,,8
00-0035704,2020,veteran,QB,3.9109834363014664,30.05023350718418,117.52596550358865,831.9163765157308,5.301125547212855,2.651663692133047,12.973047062505794,49.94675483723368,0.4252353169217563,0.7781073064068675,7.0785751297684785,0.045105994445550725,0.18257087724417195,0.0663747109073707,0.017743138956702462,0.0025668934545514887,0.00013436701474681668,1.3704095909108786e-11,1.2530308530546241,55.16770263765473,56.42073349070935,veteran,Drew Lock,QB,13.0,183.32,0.0,0.0,0.0,0.0,44.0,160.0,3.0,443.0,254.0,2933.0,16.0,15.0,19.0,3.0,0.0,0.0,2.0,2.0,0.0,0.0,0.0,0.0,0.0,0.0,2.0,0.0,0.0,16,69.0,13.8,0.3125,0.3125,23.808350444900753,0.171875,1.0,0.3125,0.0,0.6875,0.0,11.0,5.0,0.0,0.0,0.0,0.0,18.0,72.0,0.0,156.0,1020.0,7.0,3.0,10.5,8
00-0035710,2020,veteran,QB,10.717499531810185,34.02987767984342,364.7151981012798,2540.996986513278,17.173329960233247,8.983525310388544,41.84247676285945,230.23235954572985,1.5728028338334261,3.273802341535672,6.967071840553391,0.04708696004344817,0.23948010264133407,0.09488630529418808,0.027742345208845998,0.009591508642996543,0.0008511141690064255,1.3703840545264398e-11,4.803180643605264,178.27859695518922,183.08177759879447,veteran,Daniel Jones,QB,14.0,180.02,0.0,0.0,0.0,0.0,65.0,423.0,1.0,448.0,280.0,2943.0,11.0,10.0,45.0,6.0,0.0,0.0,0.0,0.0,0.0,0.0,0.0,0.0,0.0,0.0,0.0,0.0,0.0,16,221.48000000000002,17.036923076923078,0.8125,0.8125,23.266255989048595,0.446875,1.0,0.8125,0.125,0.0625,2.0,3.0,13.0,0.0,0.0,0.0,0.0,45.0,279.0,2.0,459.0,3027.0,24.0,12.0,9.1,8
00-0036212,2020,rookie,QB,11.666853850269504,30.188828158039325,352.2086460307455,2388.001416751966,12.867981123805174,9.965009243380578,46.48476383848889,231.77466948492457,2.2296881258291577,2.7702118731233525,6.780076081787922,0.03653510857505152,0.16509104894367277,0.058333515928667715,0.015127908616718432,0.007853584014528764,0.0006427441307523902,1.3703879403329932e-11,3.4028110651376866,158.07713463575888,161.47994570089656,rookie,Tua Tagovailoa,QB,10.0,138.96,0.0,0.0,0.0,0.0,36.0,109.0,3.0,290.0,186.0,1814.0,11.0,5.0,20.0,1.0,0.0,0.0,3.5,3.5,0.0,0.0,0.0,0.0,0.0,0.0,2.0,1.0,0.0,16,0.0,,,0.0,22.50239561943874,0.0,0.0,0.0,0.0,1.0,0.0,16.0,0.0,0.0,0.0,0.0,0.0,0.0,0.0,0.0,0.0,0.0,0.0,0.0,,8
00-0036226,2020,rookie,QB,3.7023976030317445,22.639613279011982,83.82084993777961,568.3117398182742,3.0624038533298785,2.371536172752205,13.529177404933902,67.45695497833468,0.648940506976186,0.8791081066559393,6.780076081787922,0.03653510857505152,0.07372382277757697,0.02165964017257939,0.004553860177535116,0.006298630530502777,0.0004716724195449193,1.3703922219825515e-11,0.45290371946926533,39.12013498692478,39.573038706394044,rookie,,,0.0,0.0,0.0,0.0,0.0,0.0,0.0,0.0,0.0,0.0,0.0,0.0,0.0,0.0,0.0,0.0,0.0,0.0,0.0,0.0,0.0,0.0,0.0,0.0,0.0,0.0,0.0,0.0,0.0,16,0.0,,,0.0,22.78986995208761,0.0,0.0,0.0,0.0,1.0,0.0,16.0,0.0,0.0,0.0,0.0,0.0,0.0,0.0,0.0,0.0,0.0,0.0,0.0,,8
00-0036264,2020,rookie,QB,7.198442314945635,24.840962363244564,178.81623461955158,1212.387675379399,6.533070546807203,5.059232505878896,29.752384991288018,148.34643931296736,1.4271028623629347,1.709219179804443,6.780076081787922,0.03653510857505152,0.09642705037992977,0.029921247085671072,0.00671374147675069,0.008625074415431306,0.0007331225811086501,1.3703861197710126e-11,1.1838641896958648,84.48814693651244,85.6720111262083,rookie,,,0.0,0.0,0.0,0.0,0.0,0.0,0.0,0.0,0.0,0.0,0.0,0.0,0.0,0.0,0.0,0.0,0.0,0.0,0.0,0.0,0.0,0.0,0.0,0.0,0.0,0.0,0.0,0.0,0.0,16,0.0,,,0.0,21.831622176591377,0.0,0.0,0.0,0.0,1.0,0.0,16.0,0.0,0.0,0.0,0.0,0.0,0.0,0.0,0.0,0.0,0.0,0.0,0.0,,8
00-0036301,2020,rookie,QB,3.954483652020555,23.849739283602002,94.31340410195654,639.4520553436745,3.4457504589476913,2.6684011146297735,13.338326408295776,66.50536518817542,0.6397861483031976,0.938964154817666,6.780076081787922,0.03653510857505152,0.08577958883423571,0.02597382784168075,0.0056626160757540095,0.005138164238740614,0.0003546088481739104,1.3703961683575756e-11,0.5604912724223194,42.635606919279596,43.196098191701914,rookie,,,0.0,0.0,0.0,0.0,0.0,0.0,0.0,0.0,0.0,0.0,0.0,0.0,0.0,0.0,0.0,0.0,0.0,0.0,0.0,0.0,0.0,0.0,0.0,0.0,0.0,0.0,0.0,0.0,0.0,16,0.0,,,0.0,23.50718685831622,0.0,0.0,0.0,0.0,1.0,0.0,16.0,0.0,0.0,0.0,0.0,0.0,0.0,0.0,0.0,0.0,0.0,0.0,0.0,,8
00-0036355,2020,rookie,QB,11.195556944881046,29.690076889808935,332.39694651775267,2253.676586744354,12.144158531041686,9.404478515362,44.5631312028475,222.19334149227913,2.137515097161477,2.658305758601892,6.780076081787922,0.03653510857505152,0.15795208995443863,0.05514409394198203,0.014117239730590224,0.007833893967620466,0.0006404834757933852,1.3703879890861502e-11,3.1089762662763567,149.6425537782099,152.75153004448626,rookie,Justin Herbert,QB,15.0,342.34,0.0,0.0,0.0,0.0,55.0,234.0,5.0,595.0,396.0,4336.0,31.0,10.0,32.0,1.0,0.0,0.0,9.5,9.5,0.0,0.0,0.0,0.0,0.0,0.0,8.0,1.0,0.0,16,0.0,,,0.0,22.480492813141684,0.0,0.0,0.0,0.0,1.0,0.0,16.0,0.0,0.0,0.0,0.0,0.0,0.0,0.0,0.0,0.0,0.0,0.0,0.0,,8
00-0036389,2020,rookie,QB,5.498975964070514,23.466542496538796,129.0419531483061,874.914260088028,4.714561769010075,3.6509729968255886,21.95032107741599,109.44507388448095,1.0528690741444222,1.305692922975647,6.780076081787922,0.03653510857505152,0.08184918771341909,0.024548953566792146,0.005291602753615197,0.007890720952767058,0.0006470142339952186,1.3703878487099488e-11,0.7595024256230706,61.20320747327357,61.96270989889664,rookie,Jalen Hurts,QB,14.0,111.64,1.0,1.0,3.0,0.0,63.0,354.0,3.0,148.0,77.0,1061.0,6.0,4.0,13.0,2.0,0.0,1.0,2.0,3.0,0.0,0.0,0.0,1.0,0.0,0.0,2.0,0.0,0.0,16,0.0,,,0.0,22.069815195071868,0.0,0.0,0.0,0.0,1.0,0.0,16.0,0.0,0.0,0.0,0.0,0.0,0.0,0.0,0.0,0.0,0.0,0.0,0.0,,8
00-0036442,2020,rookie,QB,16.0,36.41800008486558,582.6880013578493,3950.668981151163,21.28856939498879,16.485942026054225,57.87701999737998,288.5768598776469,2.77612907091258,3.7990867579908674,6.780076081787922,0.03653510857505152,0.2636872673662298,0.10813532415159544,0.032753646601158495,0.006138132151693298,0.00045491412921549307,1.3703927224625334e-11,7.971488802701829,248.12543967115164,256.0969284738535,rookie,Joe Burrow,QB,10.0,182.22,0.0,0.0,0.0,0.0,37.0,142.0,3.0,404.0,264.0,2688.0,13.0,5.0,32.0,4.0,0.0,0.0,8.5,8.5,0.0,0.0,0.0,0.0,0.0,0.0,5.0,1.0,1.0,16,0.0,,,0.0,23.72621492128679,0.0,0.0,0.0,0.0,1.0,0.0,16.0,0.0,0.0,0.0,0.0,0.0,0.0,0.0,0.0,0.0,0.0,0.0,0.0,11.3,8
00-0019596,2021,veteran,QB,14.524597086853992,40.7099152319099,591.2951161834716,4278.385354074879,29.666297013496273,11.632813632249288,25.21459058130075,33.24784496903844,1.3608977317906725,2.2166128843897446,7.235617607819627,0.050171726776602005,0.38664130078873205,0.18846533520258685,0.06671092491128676,3.702925579178783e-05,1.3920283935655041e-06,1.3705572810574519e-11,11.660350473730022,273.59192007135005,285.2522705450801,veteran,Tom Brady,QB,17.0,400.24,0.0,0.0,0.0,0.0,28.0,81.0,2.0,719.0,485.0,5316.0,43.0,12.0,22.0,3.0,0.0,0.0,25.5,25.5,0.0,0.0,0.0,0.0,0.0,0.0,9.0,7.0,3.0,17,350.92,19.794062500000003,1.0,1.0,44.07939767282683,1.0,1.0,1.0,0.0,0.0,0.0,0.0,16.0,0.0,0.0,0.0,0.0,30.0,6.0,3.0,610.0,4633.0,40.0,12.0,,9
00-0020531,2021,veteran,QB,10.540445764025764,36.207060301739105,381.63855538529134,2843.4921990648527,20.40009702777338,6.793414182799149,14.29560712317602,15.86952923760617,0.738221841734839,1.789771695172945,7.450746678867769,0.0534539729802143,0.3226321512094304,0.1437536792789149,0.04607977836490253,1.691889853782146e-05,5.709575555565808e-07,1.3705739784749428e-11,6.645118650871036,184.18998829191307,190.8351069427841,veteran,,,0.0,0.0,0.0,0.0,0.0,0.0,0.0,0.0,0.0,0.0,0.0,0.0,0.0,0.0,0.0,0.0,0.0,0.0,0.0,0.0,0.0,0.0,0.0,0.0,0.0,0.0,0.0,0.0,0.0,17,212.48,19.29744855967078,0.7677469135802469,0.75,42.62833675564682,0.759375,1.0,0.9375,0.0,0.25,0.0,4.0,12.0,0.0,0.0,0.0,0.0,18.0,-2.0,2.0,390.0,2942.0,24.0,6.0,,9
00-0022787,2021,veteran,QB,0.47667843549860917,15.525951153631134,7.400886105540715,53.77222727914896,0.33682728857605165,0.1687421478898392,0.36930426431280916,0.8484233685543776,0.014241568130177578,0.0917065462313179,7.265647182287007,0.04551175140013086,0.028904854749741877,0.006730043193400785,0.0009995908948977948,2.281653410555032e-05,8.023724345318459e-07,1.3705676034356936e-11,0.0195548373519636,3.147592602864354,3.1671474402163176,veteran,,,0.0,0.0,0.0,0.0,0.0,0.0,0.0,0.0,0.0,0.0,0.0,0.0,0.0,0.0,0.0,0.0,0.0,0.0,0.0,0.0,0.0,0.0,0.0,0.0,0.0,0.0,0.0,0.0,0.0,17,-0.4,4.719148936170213,0.23005319148936174,0.0625,40.186173853524984,0.14687499999999998,1.0,0.3125,0.0,0.9375,0.0,15.0,1.0,0.0,0.0,0.0,0.0,3.0,-4.0,0.0,0.0,0.0,0.0,0.0,,9
00-0022803,2021,veteran,QB,2.391600066228823,31.39901918174708,75.09389635458639,542.6674789364046,3.2968545848106703,1.7681143298196527,2.8336529127045162,8.484871278570113,0.11292100763087744,0.48444193116190526,7.226519135110252,0.043903096587813606,0.21534732981783197,0.0814594330489661,0.021858900763430358,9.411408113587151e-05,4.0233903968061405e-06,1.370537395773913e-11,0.9120472803131926,31.91501814837802,32.82706542869121,veteran,,,0.0,0.0,0.0,0.0,0.0,0.0,0.0,0.0,0.0,0.0,0.0,0.0,0.0,0.0,0.0,0.0,0.0,0.0,0.0,0.0,0.0,0.0,0.0,0.0,0.0,0.0,0.0,0.0,0.0,17,0.0,14.884166666666667,0.75,0.0,40.65982203969884,0.22499999999999998,0.0,1.0,0.0,1.0,0.0,16.0,0.0,0.0,0.0,0.0,0.0,0.0,0.0,0.0,0.0,0.0,0.0,0.0,,9
00-0022924,2021,veteran,QB,11.945331133095022,36.93162160324917,441.160449332977,3013.809248999857,21.108256710171133,8.957287961025887,19.212133601207704,36.36519904562784,0.7094566505502531,1.9583978019982828,6.831549051046297,0.04784711943712602,0.2778711896658857,0.1159407339219755,0.034605796153585826,6.713828462871568e-05,2.739605205257625e-06,1.3705445960500872e-11,6.22429552663814,191.04728508249477,197.2715806091329,veteran,Ben Roethlisberger,QB,16.0,220.1,0.0,0.0,0.0,0.0,20.0,5.0,1.0,605.0,390.0,3740.0,22.0,10.0,38.0,5.0,0.0,0.0,2.0,2.0,0.0,0.0,0.0,0.0,0.0,0.0,2.0,0.0,0.0,17,272.22,18.459733333333336,0.9075,0.9375,39.501711156741955,0.703125,1.0,1.0,0.0625,0.0,1.0,1.0,15.0,0.0,0.0,0.0,0.0,25.0,11.0,0.0,608.0,3803.0,33.0,10.0,,9
00-0022942,2021,veteran,QB,13.947575642241123,35.12781086881972,489.94779923920294,3688.553569883185,22.12656467401814,11.930034999031736,16.5651554468975,22.19943084011011,0.5570500125626648,2.2675408409760176,7.528462370094972,0.045161065542852825,0.3089414991259537,0.13495721529178717,0.042337813588914634,1.8646144392825866e-05,6.377307538738297e-07,1.3705719062571127e-11,8.313767007414794,213.2154929707715,221.52925997818627,veteran,,,0.0,0.0,0.0,0.0,0.0,0.0,0.0,0.0,0.0,0.0,0.0,0.0,0.0,0.0,0.0,0.0,0.0,0.0,0.0,0.0,0.0,0.0,0.0,0.0,0.0,0.0,0.0,0.0,0.0,17,245.95999999999998,15.8331875,1.0,1.0,39.73169062286105,1.0,1.0,1.0,0.0,0.0,0.0,0.0,16.0,0.0,0.0,0.0,0.0,18.0,-8.0,0.0,543.0,4169.0,24.0,11.0,,9
00-0023436,2021,veteran,QB,5.825542369543634,28.043205735547147,163.36688319025896,1130.265479194685,6.537737545836267,4.046320029228122,9.85846163483746,27.767799122418985,0.3607035042373941,0.9888316282477273,6.918571604738059,0.04001874442461109,0.14289033117582906,0.04743523784494662,0.011007881143181422,0.00018641363186699717,8.75686725398177e-06,1.3705228249709495e-11,1.376333897194797,66.23226697384703,67.60860087104183,veteran,,,0.0,0.0,0.0,0.0,0.0,0.0,0.0,0.0,0.0,0.0,0.0,0.0,0.0,0.0,0.0,0.0,0.0,0.0,0.0,0.0,0.0,0.0,0.0,0.0,0.0,0.0,0.0,0.0,0.0,17,75.08,10.532881355932204,0.5317796610169492,0.5,37.319644079397676,0.36875,1.0,0.625,0.0625,0.4375,1.0,8.0,8.0,0.0,0.0,0.0,0.0,10.0,3.0,0.0,252.0,1582.0,6.0,8.0,,9
00-0023459,2021,veteran,QB,13.824904689613234,36.39339044587418,503.1351542460915,3750.825374406566,28.372064832649023,6.937888886337565,34.22908136565078,140.94558866043667,1.5047813779497468,2.599664477203416,7.454906187238861,0.056390543561127895,0.32660880238502726,0.1463577672445984,0.0472075251764619,0.001257319583228139,7.691557811720135e-05,1.3704821150770092e-11,8.874665259854062,267.56941471351894,276.444079973373,veteran,Aaron Rodgers,QB,16.0,338.3,1.0,1.0,-4.0,0.0,33.0,101.0,3.0,531.0,366.0,4115.0,37.0,4.0,30.0,0.0,0.0,0.0,5.5,5.5,0.0,0.0,0.0,0.0,0.0,0.0,4.0,1.0,0.0,17,389.26,21.873062500000003,1.0,1.0,37.74948665297741,1.0,1.0,1.0,0.0,0.0,0.0,0.0,16.0,1.0,1.0,-6.0,0.0,38.0,149.0,3.0,526.0,4299.0,48.0,5.0,6.6,9
00-0023682,2021,veteran,QB,8.10927379455103,32.333053844791536,262.1975862413754,1938.2898734154012,12.052155447398777,6.995056680148191,24.8000664786556,109.75902266355308,1.1817831186708214,1.3299962238163432,7.392477944594955,0.04596592829158897,0.24466017710271679,0.09701324856779268,0.02740167653246139,0.0026623694617442023,0.00018087241865394257,1.3704660935136158e-11,3.6322822481917068,127.15671189666232,130.78899414485403,veteran,Ryan Fitzpatrick,QB,1.0,0.72,0.0,0.0,0.0,0.0,1.0,2.0,0.0,6.0,3.0,13.0,0.0,0.0,1.0,0.0,0.0,0.0,0.0,0.0,0.0,0.0,0.0,0.0,0.0,0.0,0.0,0.0,0.0,17,157.74,17.790704225352115,0.7139084507042255,0.5625,38.770704996577685,0.6656249999999999,1.0,0.9375,0.0,0.4375,0.0,7.0,9.0,1.0,1.0,0.0,0.0,30.0,151.0,2.0,267.0,2091.0,13.0,8.0,,9
00-0025708,2021,veteran,QB,0.5717708587609344,17.42408816475543,9.962585853088447,71.7691812179798,0.4537818027728892,0.2149770309775394,0.4305783303840523,1.3221989541361123,0.0168274618730488,0.10672082708524593,7.203870789804139,0.04554859646526557,0.040093732949832955,0.009930210766183627,0.0016043406548993764,3.779244261404523e-05,1.4247182083440731e-06,1.3705568461622159e-11,0.0332985968454094,4.275683410337082,4.308982007182492,veteran,,,0.0,0.0,0.0,0.0,0.0,0.0,0.0,0.0,0.0,0.0,0.0,0.0,0.0,0.0,0.0,0.0,0.0,0.0,0.0,0.0,0.0,0.0,0.0,0.0,0.0,0.0,0.0,0.0,0.0,17,0.0,7.043333333333332,0.375,0.0,37.06228610540725,0.11249999999999999,0.0,0.375,0.0,1.0,0.0,16.0,0.0,0.0,0.0,0.0,0.0,0.0,0.0,0.0,0.0,0.0,0.0,0.0,,9
00-0026143,2021,veteran,QB,13.642142694410467,37.32467878028979,509.18859394374766,3716.423482713331,22.734119324406887,10.198814196265138,26.168761063261723,94.16204627009088,1.1624526224734553,2.9319262534352424,7.298717070484695,0.04464773876478158,0.3294848968715637,0.14825506329430485,0.04803492694687303,0.0004616298955309184,2.4577959322726077e-05,1.3705034898321759e-11,8.846054292492378,229.72285606860987,238.56891036110224,veteran,Matt Ryan,QB,17.0,226.92,0.0,0.0,0.0,0.0,40.0,82.0,1.0,560.0,375.0,3968.0,20.0,12.0,40.0,4.0,0.0,0.0,4.0,4.0,0.0,0.0,0.0,0.0,0.0,0.0,4.0,0.0,0.0,17,293.94,19.284267515923567,0.9820859872611465,1.0,36.29295003422313,0.9812500000000001,1.0,1.0,0.0,0.0,0.0,0.0,16.0,0.0,0.0,0.0,0.0,29.0,92.0,2.0,626.0,4581.0,26.0,11.0,14.1,9
00-0026158,2021,veteran,QB,4.717415312433709,28.800252182652777,135.86275064839856,950.52570111164,5.680109467912291,2.9615966711673636,5.716065731338823,17.304133626573492,0.2046387200802051,0.9007086916166539,6.996220057192285,0.04180770255867953,0.15826641856786533,0.05414025895779488,0.012998234545441575,0.00010146361275760452,4.382783082931077e-06,1.3705357927835894e-11,1.2528573569363992,55.975100873685314,57.22795823062171,veteran,Joe Flacco,QB,2.0,23.82,0.0,0.0,0.0,0.0,2.0,3.0,0.0,42.0,27.0,338.0,3.0,0.0,2.0,1.0,0.0,0.0,0.0,0.0,0.0,0.0,0.0,0.0,0.0,0.0,0.0,0.0,0.0,17,54.760000000000005,11.87646153846154,0.43365384615384617,0.3125,36.62422997946612,0.40625,1.0,0.5625,0.125,0.5625,2.0,11.0,5.0,0.0,0.0,0.0,0.0,6.0,22.0,0.0,134.0,864.0,6.0,3.0,,9
00-0026197,2021,veteran,QB,0.8690297088518666,16.20205741136386,14.080069234998764,100.92829153441923,0.6466446625464239,0.30893199673753174,1.1319525543273354,2.5415168825495327,0.04964459428118974,0.16220408555151478,7.168167276020365,0.04592624167920015,0.031612604003627795,0.007483665529598477,0.0011371963402160275,6.157309310660686e-05,2.482728336479951e-06,1.3705464406761758e-11,0.039260843594731844,6.233457400926463,6.272718244521195,veteran,Chad Henne,QB,4.0,3.28,0.0,0.0,0.0,0.0,8.0,0.0,0.0,16.0,11.0,82.0,0.0,0.0,0.0,0.0,0.0,0.0,0.0,0.0,0.0,0.0,0.0,0.0,0.0,0.0,0.0,0.0,0.0,17,23.72,7.3694444444444445,0.17708333333333334,0.1875,36.167008898015055,0.1125,1.0,0.1875,0.0,0.8125,0.0,13.0,3.0,0.0,0.0,0.0,0.0,7.0,-2.0,1.0,38.0,248.0,2.0,0.0,,9
00-0026498,2021,veteran,QB,12.808466851937473,32.893710934638804,421.3180061435343,3140.2420808129095,19.987180637218433,8.71758283092799,24.934562707406517,88.73508419917003,0.7707391324389027,2.336478740760008,7.4533773421093565,0.04743965447897144,0.25991823852194135,0.10553359820817183,0.03058323499180305,0.00046593859149333445,2.483924646622522e-05,1.3705032917079972e-11,6.146633425532642,196.94822585256452,203.09485927809715,veteran,Matthew Stafford,QB,17.0,338.24,0.0,0.0,0.0,0.0,32.0,43.0,0.0,601.0,404.0,4886.0,41.0,17.0,30.0,2.0,0.0,0.0,8.5,8.5,0.0,0.0,0.0,0.0,0.0,0.0,7.0,1.0,0.0,17,267.06,17.079264705882352,0.9117647058823529,1.0,33.56605065023956,0.8500000000000001,1.0,1.0,0.0,0.0,0.0,0.0,16.0,1.0,0.0,0.0,0.0,29.0,112.0,0.0,528.0,4084.0,26.0,10.0,7.9,9
00-0026544,2021,veteran,QB,2.1357903465049826,17.12450963808662,36.57436237365694,260.01649064336317,1.6267532741977115,0.9226284741741541,2.050919300883905,6.458641734200103,0.0772624062993405,0.3768532361512885,7.109255603336034,0.04447796676749168,0.036523174605938756,0.008884930162201795,0.0014011669850585986,6.617289922885981e-05,2.694827271297511e-06,1.3705449048070913e-11,0.11260552856986601,15.418147913090541,15.530753441660407,veteran,Chase Daniel,QB,1.0,-0.2,0.0,0.0,0.0,0.0,2.0,-2.0,0.0,0.0,0.0,0.0,0.0,0.0,0.0,0.0,0.0,0.0,0.0,0.0,0.0,0.0,0.0,0.0,0.0,0.0,0.0,0.0,0.0,17,12.16,5.14,0.23479729729729729,0.25,34.902121834360024,0.23125,1.0,0.25,0.0,0.75,0.0,12.0,4.0,0.0,0.0,0.0,0.0,2.0,16.0,0.0,43.0,264.0,1.0,2.0,,9
00-0026625,2021,veteran,QB,0.32289796662995723,15.361929857140467,4.960335914382687,35.05329253811095,0.22320282224870416,0.12904887754194155,0.3817070999677985,0.9694558907878007,0.014418367419714596,0.06702921040802544,7.066717485094623,0.04499752155927967,0.025678315535358313,0.005850913886682996,0.0008433341298756053,6.515338937174031e-05,2.6476365822162177e-06,1.3705452358034695e-11,0.011692290200209243,2.0862426082163883,2.0979348984165975,veteran,Brian Hoyer,QB,5.0,12.280000000000001,0.0,0.0,0.0,0.0,11.0,-8.0,0.0,11.0,9.0,227.0,1.0,0.0,0.0,0.0,0.0,0.0,0.0,0.0,0.0,0.0,0.0,0.0,0.0,0.0,0.0,0.0,0.0,17,2.0,2.9384000000000006,0.22749999999999998,0.0625,35.83572895277207,0.15625,1.0,0.3125,0.0,0.9375,0.0,15.0,1.0,0.0,0.0,0.0,0.0,1.0,8.0,0.0,24.0,130.0,0.0,1.0,,9
00-0027688,2021,veteran,QB,1.8436926334956831,18.352147367354235,33.835718910018194,237.19679323067163,1.449578769652981,0.7962041924199995,3.103042034527873,10.266268939473308,0.11420986864548725,0.36181813373238925,7.010248366865396,0.04284167194756382,0.043215202556547316,0.010861309568102129,0.0017894568101883663,0.00027114749315651103,1.3413241464915659e-05,1.3705148361271747e-11,0.11684834947555504,14.682028261354267,14.798876610829822,veteran,Colt McCoy,QB,7.0,42.300000000000004,0.0,0.0,0.0,0.0,22.0,37.0,0.0,99.0,74.0,740.0,3.0,1.0,6.0,1.0,0.0,0.0,1.0,1.0,0.0,0.0,0.0,0.0,0.0,0.0,1.0,0.0,0.0,17,18.2,5.210508474576271,0.22139830508474578,0.25,34.98973305954826,0.184375,1.0,0.25,0.0,0.75,0.0,12.0,4.0,0.0,0.0,0.0,0.0,9.0,12.0,0.0,66.0,375.0,1.0,1.0,,9
00-0027939,2021,veteran,QB,11.45441598786703,28.920385247684408,331.2661231563501,2371.908552364327,12.81390763297301,8.107271991624712,75.71859132961768,313.89659682232366,4.363730404179984,1.9758477396566052,7.1601301387671334,0.03868161196466545,0.17019958344829422,0.05953383356894183,0.014654402026892731,0.018037389693084424,0.0016210369628835532,1.370424981917206e-11,3.5425998188447134,183.53777527121477,187.08037509005948,veteran,Cam Newton,QB,7.0,86.36,0.0,0.0,0.0,0.0,47.0,230.0,5.0,126.0,69.0,684.0,4.0,5.0,10.0,1.0,0.0,0.0,0.0,0.0,0.0,0.0,0.0,0.0,0.0,0.0,0.0,0.0,0.0,17,264.98,17.726757990867583,0.8809931506849316,0.9375,32.309377138945926,0.684375,1.0,0.9375,0.0,0.0625,0.0,1.0,15.0,2.0,2.0,35.0,1.0,137.0,592.0,12.0,368.0,2657.0,8.0,10.0,,9
00-0027973,2021,veteran,QB,9.683034117489175,31.546870877537128,305.4694270072177,2107.890388992562,13.112726866642593,7.526698630981196,19.7335466490932,70.86634756772914,0.7979870116628305,1.7830189810304011,6.900495442847562,0.04292647874817522,0.19387241653227477,0.07072811883516503,0.018240730250969808,0.0005351241181432424,2.907900096219059e-05,1.3705003391632632e-11,3.263422616834415,130.02164462899955,133.28506724583397,veteran,Andy Dalton,QB,8.0,86.2,0.0,0.0,0.0,0.0,16.0,76.0,0.0,236.0,149.0,1515.0,8.0,9.0,18.0,1.0,0.0,0.0,2.0,2.0,0.0,0.0,0.0,0.0,0.0,0.0,2.0,0.0,0.0,17,138.9,14.374913793103445,0.7295258620689654,0.6875,33.842573579739906,0.7250000000000001,1.0,0.8125,0.0625,0.25,1.0,5.0,11.0,1.0,1.0,-3.0,0.0,28.0,114.0,0.0,333.0,2170.0,14.0,8.0,,9
00-0028118,2021,veteran,QB,2.0149495085300324,14.727632999774947,29.675436874707216,211.56759289444366,1.3032458985898612,0.6581739177972246,4.459982801226653,14.41483143740166,0.16810656289895512,0.3639654567703896,7.129384271163524,0.04391665417066313,0.02316331135678454,0.005180776246456016,0.0007275961697666454,0.0005052074489178437,2.7235718729235503e-05,1.3705015660921176e-11,0.06636383120427577,14.081531082135855,14.147894913340131,veteran,Tyrod Taylor,QB,6.0,81.74,0.0,0.0,0.0,0.0,19.0,151.0,3.0,150.0,91.0,966.0,5.0,5.0,13.0,0.0,0.0,0.0,0.0,0.0,0.0,0.0,0.0,0.0,0.0,0.0,0.0,0.0,0.0,17,9.02,4.475862068965517,0.20258620689655174,0.125,32.07939767282683,0.18125,1.0,0.25,0.1875,0.6875,3.0,14.0,2.0,0.0,0.0,0.0,0.0,6.0,7.0,0.0,30.0,208.0,0.0,0.0,,9
00-0028986,2021,veteran,QB,2.8547103046796027,25.074945552376235,71.58170545764841,503.5872577586474,3.0805104922644033,1.64653482409571,3.3155396302366227,10.665304652496603,0.14309034267787848,0.5647786261763158,7.03513913979874,0.04303488541617661,0.10965334073718415,0.0338839703549808,0.007235714055071076,0.00010577012927986455,4.5950648501134444e-06,1.3705349066150447e-11,0.4997552552228685,29.967977900176386,30.467733155399255,veteran,Case Keenum,QB,5.0,28.68,0.0,0.0,0.0,0.0,12.0,22.0,0.0,72.0,47.0,462.0,3.0,1.0,5.0,1.0,0.0,0.0,0.0,0.0,0.0,0.0,0.0,0.0,0.0,0.0,0.0,0.0,0.0,17,1.84,11.095126050420168,0.724264705882353,0.0625,33.53867214236824,0.37187499999999996,1.0,1.0,0.0,0.9375,0.0,15.0,1.0,0.0,0.0,0.0,0.0,0.0,0.0,0.0,10.0,46.0,0.0,0.0,,9
00-0029263,2021,veteran,QB,13.905687965056169,34.664243850360506,482.0301585277304,3600.9160266801696,27.20026789431629,9.814428140051062,60.30704413218719,317.47116512941994,1.993265685514313,2.72263207429914,7.470312724163326,0.056428560356875476,0.2948142128527229,0.12614999146793568,0.038695862061939104,0.010959210560467043,0.0009127405009525637,1.3704357554255075e-11,7.978517035236707,271.4703028417994,279.44881987703616,veteran,Russell Wilson,QB,14.0,243.82,0.0,0.0,0.0,0.0,43.0,183.0,2.0,400.0,259.0,3113.0,25.0,6.0,33.0,1.0,0.0,0.0,1.0,1.0,0.0,0.0,0.0,0.0,0.0,0.0,1.0,0.0,0.0,17,369.28000000000003,21.817000000000004,1.0,1.0,32.75564681724846,1.0,1.0,1.0,0.0,0.0,0.0,0.0,16.0,0.0,0.0,0.0,0.0,83.0,513.0,2.0,558.0,4212.0,40.0,13.0,6.5,9
00-0029567,2021,veteran,QB,6.597686228542555,29.248226287451352,192.97061978601414,1310.8078142197048,7.9265492252729635,4.528933121587108,8.435502352071733,16.27002772049322,0.34249647335401956,1.2201004936393645,6.7927843921176425,0.041076456271233124,0.1523894297347836,0.05154500234513104,0.012218652810630393,4.3058541422219985e-05,1.6526864343766167e-06,1.3705540652579978e-11,1.6770643876671145,76.32242385160053,77.99948823926765,veteran,Nick Foles,QB,1.0,16.8,0.0,0.0,0.0,0.0,4.0,8.0,0.0,35.0,24.0,250.0,1.0,0.0,4.0,0.0,0.0,0.0,0.0,0.0,0.0,0.0,0.0,0.0,0.0,0.0,0.0,0.0,0.0,17,105.18,11.790434782608697,0.4809782608695652,0.5625,32.61327857631759,0.43125,1.0,0.5625,0.0625,0.375,1.0,7.0,9.0,0.0,0.0,0.0,0.0,16.0,1.0,1.0,312.0,1852.0,10.0,8.0,,9
00-0029604,2021,veteran,QB,13.737767660394145,33.21742446082689,456.33325951953304,3476.720287862077,24.149440909129265,9.88200341856311,27.96274447042328,101.13366619325473,1.031150869048465,3.1971609548394198,7.618818517683036,0.05292062413893713,0.27984231134648313,0.11710893323784091,0.035066608414748915,0.0005431433941876982,2.95755701690551e-05,1.3705000219269687e-11,7.229176498171743,225.8085182378113,233.03769473598305,veteran,Kirk Cousins,QB,16.0,309.34000000000003,0.0,0.0,0.0,0.0,29.0,115.0,1.0,561.0,372.0,4221.0,33.0,7.0,28.0,2.0,0.0,0.0,9.0,9.0,0.0,0.0,0.0,0.0,0.0,0.0,6.0,2.0,0.0,17,314.7,18.600573248407642,0.9820859872611465,1.0,33.034907597535934,0.9812500000000001,1.0,1.0,0.0,0.0,0.0,0.0,16.0,0.0,0.0,0.0,0.0,32.0,156.0,1.0,516.0,4265.0,35.0,13.0,14.9,9
00-0029665,2021,veteran,QB,2.699029204338171,11.204317622572002,30.240780478002662,213.84645100519901,1.3402257472823524,0.8116539442800621,6.594884720092983,28.570836337456587,0.22952323416782947,0.5095841321965842,7.071459387787702,0.044318490663865014,0.009634645605749904,0.0018530512426972905,0.00020944849371020975,0.0013875945081260371,8.605777010367432e-05,1.370480010809045e-11,0.03873053102513291,15.506507915136716,15.545238446161848,veteran,,,0.0,0.0,0.0,0.0,0.0,0.0,0.0,0.0,0.0,0.0,0.0,0.0,0.0,0.0,0.0,0.0,0.0,0.0,0.0,0.0,0.0,0.0,0.0,0.0,0.0,0.0,0.0,0.0,0.0,17,2.58,1.4755813953488373,0.2936046511627908,0.25,31.550992470910334,0.26875,1.0,0.375,0.0,0.75,0.0,12.0,4.0,0.0,0.0,0.0,0.0,12.0,69.0,0.0,14.0,42.0,0.0,2.0,,9
00-0029701,2021,veteran,QB,12.956759932239908,31.114641471366646,403.14493992221355,3095.267688569985,22.28734075486049,8.225665714725316,35.684596616526925,178.72947856787508,2.3005920161249573,2.338672250761413,7.677803643442019,0.055283692160841245,0.24434182187400905,0.09683860365045611,0.027337526065721467,0.0028010205137636176,0.00019165565002465524,1.3704650084305176e-11,5.7963786667736965,223.50789458480511,229.30427325157882,veteran,Ryan Tannehill,QB,17.0,270.36,0.0,0.0,0.0,0.0,55.0,270.0,7.0,531.0,357.0,3734.0,21.0,14.0,47.0,4.0,0.0,0.0,2.0,2.0,0.0,0.0,0.0,0.0,0.0,0.0,2.0,0.0,0.0,17,349.86,20.099359430604988,0.8992437722419928,1.0,33.097878165639976,0.878125,1.0,1.0,0.0,0.0,0.0,0.0,16.0,1.0,1.0,0.0,0.0,43.0,266.0,7.0,481.0,3819.0,33.0,7.0,8.1,9
00-0030520,2021,veteran,QB,2.8478795762604294,25.153002949448492,71.6327233813527,497.33539568164946,3.205515662150179,1.7211416575628684,2.640007396428069,8.679787082304033,0.10047925768030934,0.6165023024816434,6.9428519844760626,0.04474932001516827,0.10655702216191956,0.0326877264202684,0.006920177859246447,6.730590096656721e-05,2.747388920462299e-06,1.3705445428943923e-11,0.4827167117289214,29.51104481008993,29.993761521818854,veteran,Mike Glennon,QB,6.0,30.9,0.0,0.0,0.0,0.0,7.0,33.0,1.0,167.0,90.0,790.0,4.0,10.0,9.0,3.0,0.0,0.0,0.0,0.0,0.0,0.0,0.0,0.0,0.0,0.0,0.0,0.0,0.0,17,60.58,9.927397260273972,0.2662671232876712,0.3125,31.720739219712527,0.228125,1.0,0.3125,0.0,0.6875,0.0,11.0,5.0,0.0,0.0,0.0,0.0,6.0,17.0,0.0,179.0,1072.0,7.0,5.0,,9
00-0030533,2021,veteran,QB,2.0953633357276877,14.142358910014305,29.63338034074576,215.65447481879679,1.3183036201422922,0.7516509692975109,2.0830441936229263,3.6803141409261935,0.0788958734457004,0.396082819558541,7.277417302347815,0.04448711571152181,0.02177200453701437,0.004816080783042142,0.0006659425159903167,2.226666579232664e-05,7.804081052465269e-07,1.3705681234661123e-11,0.06359731142795018,12.445332550375758,12.508929861803708,veteran,,,0.0,0.0,0.0,0.0,0.0,0.0,0.0,0.0,0.0,0.0,0.0,0.0,0.0,0.0,0.0,0.0,0.0,0.0,0.0,0.0,0.0,0.0,0.0,0.0,0.0,0.0,0.0,0.0,0.0,17,9.279999999999998,3.204745762711864,0.21504237288135591,0.25,30.981519507186857,0.184375,1.0,0.25,0.0,0.75,0.0,12.0,4.0,0.0,0.0,0.0,0.0,6.0,-6.0,0.0,21.0,197.0,1.0,1.0,,9
00-0031237,2021,veteran,QB,11.909281740123442,29.302004231031322,348.9658239376412,2548.4051650288948,14.244963545665609,7.632154324267071,37.73999136991856,151.26457461282135,1.8253362429820745,2.166989411925537,7.302735655524493,0.0408205118338784,0.18547423277434233,0.06668115884175102,0.016921542064957516,0.0022470132429107145,0.00014906306615591837,1.3704697177780852e-11,3.832521943795128,165.3962482306076,169.2287701744027,veteran,Teddy Bridgewater,QB,14.0,204.68,0.0,0.0,0.0,0.0,30.0,106.0,2.0,426.0,285.0,3052.0,18.0,7.0,31.0,1.0,0.0,0.0,2.0,2.0,0.0,0.0,0.0,0.0,0.0,0.0,2.0,0.0,0.0,17,245.72,14.170303030303032,0.8141233766233767,0.9375,28.80766598220397,0.7218749999999999,1.0,0.9375,0.0,0.0625,0.0,1.0,15.0,0.0,0.0,0.0,0.0,53.0,279.0,5.0,492.0,3733.0,15.0,11.0,,9
00-0031280,2021,veteran,QB,14.133642822288534,32.83976696120878,464.14553659691666,3490.56323404931,21.169265657774407,9.047851828105308,29.50485642655128,97.45015827852659,1.41660088513624,3.784455628368019,7.520406766467865,0.04560911177340197,0.264424199358155,0.10810650008216269,0.03156382562954938,0.0004603897133093912,2.4502814951366295e-05,1.3705035472013973e-11,6.928435306003735,216.87959821879343,223.80803352479717,veteran,Derek Carr,QB,17.0,270.96,0.0,0.0,0.0,0.0,40.0,108.0,0.0,626.0,428.0,4804.0,23.0,14.0,40.0,5.0,0.0,0.0,14.0,14.0,0.0,0.0,0.0,0.0,0.0,0.0,6.0,4.0,1.0,17,281.12,16.389875000000004,1.0,1.0,30.431211498973305,1.0,1.0,1.0,0.0,0.0,0.0,0.0,16.0,0.0,0.0,0.0,0.0,39.0,140.0,3.0,517.0,4103.0,27.0,9.0,,9
00-0031288,2021,veteran,QB,0.6242593014886673,11.631750554222812,7.261228476069551,52.15844162969719,0.3226252182249298,0.16991646986931774,0.5563182993371373,2.455908927900689,0.023448498045914937,0.1158201906188121,7.1831428802430635,0.044431217016265054,0.011375192773604197,0.002249551543864766,0.0002648303121769268,0.00011901042351377975,5.255041384193097e-06,1.3705323922211779e-11,0.009617384823347556,3.1916470981769054,3.201264483000253,veteran,,,0.0,0.0,0.0,0.0,0.0,0.0,0.0,0.0,0.0,0.0,0.0,0.0,0.0,0.0,0.0,0.0,0.0,0.0,0.0,0.0,0.0,0.0,0.0,0.0,0.0,0.0,0.0,0.0,0.0,17,0.8,2.764,0.125,0.125,30.967830253251197,0.125,1.0,0.125,0.0,0.875,0.0,14.0,2.0,0.0,0.0,0.0,0.0,0.0,0.0,0.0,1.0,20.0,0.0,0.0,,9
00-0031345,2021,veteran,QB,7.355568800303197,27.14907502618717,199.69688921971306,1506.6959387218017,9.638257007271495,5.231182692243545,15.467210437095778,35.41237243667426,0.5412908801207764,1.4147500174714664,7.544914418091338,0.04826443238515934,0.16537323692209752,0.05733238247131567,0.013972625029367731,0.0001908961749679229,8.996882433312226e-06,1.370522318367828e-11,2.056039272919524,92.3179826829201,94.37402195583962,veteran,Jimmy Garoppolo,QB,15.0,232.5,0.0,0.0,0.0,0.0,38.0,51.0,3.0,441.0,301.0,3810.0,20.0,12.0,29.0,3.0,0.0,0.0,5.0,5.0,0.0,0.0,0.0,0.0,0.0,0.0,5.0,0.0,0.0,17,64.34,13.887251461988308,0.7160087719298246,0.375,29.831622176591377,0.5343749999999999,1.0,1.0,0.1875,0.4375,3.0,10.0,6.0,0.0,0.0,0.0,0.0,10.0,25.0,0.0,140.0,1096.0,7.0,5.0,,9
00-0031395,2021,veteran,QB,0.6117504164391522,13.660656166621923,8.356912098763033,59.74026239521165,0.3730848808677163,0.19582618448747913,0.6346589662966867,2.827021350274448,0.024515062912404205,0.11282226215969313,7.148604854184627,0.044643868029070125,0.018497601400136815,0.003975893991007002,0.0005278309620811242,0.00017320603004096808,8.054365994390118e-06,1.3705243916982729e-11,0.01572344895886158,3.6944456384868567,3.7101690874457183,veteran,Garrett Gilbert,QB,1.0,7.76,0.0,0.0,0.0,0.0,0.0,0.0,0.0,31.0,20.0,194.0,0.0,0.0,2.0,0.0,0.0,0.0,0.0,0.0,0.0,0.0,0.0,0.0,0.0,0.0,0.0,0.0,0.0,17,14.52,3.698181818181819,0.23295454545454553,0.0625,30.171115674195757,0.13749999999999998,1.0,0.3125,0.0,0.9375,0.0,15.0,1.0,0.0,0.0,0.0,0.0,3.0,28.0,0.0,38.0,243.0,1.0,1.0,,9
00-0031503,2021,veteran,QB,5.331457083028833,30.00082245650359,159.94809738241653,1203.3261208749132,7.550476932665619,5.145707945885926,18.064338333366667,68.10825683068119,0.6075741812456755,1.0992802625141358,7.523228725865405,0.04720579398086457,0.2125014228137531,0.08000539575191237,0.021358623344198333,0.002281758460808556,0.00015169392264873663,1.3704693899622328e-11,2.013883605942826,76.30124691940105,78.31513052534387,veteran,Jameis Winston,QB,7.0,117.4,0.0,0.0,0.0,0.0,32.0,166.0,1.0,161.0,95.0,1170.0,14.0,3.0,11.0,1.0,0.0,0.0,0.0,0.0,0.0,0.0,0.0,0.0,0.0,0.0,0.0,0.0,0.0,17,2.4,16.20925925925926,0.7708333333333334,0.1875,27.652292950034223,0.50625,1.0,1.0,0.0,0.8125,0.0,13.0,3.0,0.0,0.0,0.0,0.0,8.0,-6.0,0.0,11.0,75.0,0.0,0.0,16.0,9
00-0032268,2021,veteran,QB,2.765212344064585,24.83371540623368,68.67049639030422,500.99268509110607,3.0282992059300105,1.5577307975439476,12.23392305137617,69.73221097804216,0.48235682657007495,0.49633747409259327,7.2956030817601984,0.044098985228211984,0.11822039159530733,0.037252982850682,0.0081402661195074,0.014376311012734962,0.0012474337849661334,1.370429896794661e-11,0.5713699086238606,37.91212974131587,38.48349964993973,veteran,Marcus Mariota,QB,7.0,14.86,0.0,0.0,0.0,0.0,13.0,87.0,1.0,2.0,1.0,4.0,0.0,0.0,0.0,0.0,0.0,0.0,0.0,0.0,0.0,0.0,0.0,0.0,0.0,0.0,0.0,0.0,0.0,17,25.84,14.02757894736842,0.5875,0.0625,27.838466803559207,0.296875,1.0,0.875,0.0,0.9375,0.0,15.0,1.0,0.0,0.0,0.0,0.0,9.0,88.0,1.0,28.0,226.0,1.0,1.0,,9
00-0032434,2021,veteran,QB,3.5628102209469414,25.351319557750656,90.32194043484614,634.582764931598,3.948245542698202,2.186916783970638,7.105607913870132,21.708841341656207,0.2533634769361767,0.6852327152553671,7.025787553682543,0.04371302834825913,0.11268039939221083,0.03506445847328596,0.007550025966202099,0.0003382929091081764,1.7253985547510852e-05,1.3705101185455896e-11,0.6439469971234338,39.1230587653874,39.767005762510834,veteran,Brandon Allen,QB,5.0,13.860000000000003,0.0,0.0,0.0,0.0,7.0,-1.0,0.0,34.0,17.0,149.0,2.0,0.0,4.0,0.0,0.0,0.0,0.0,0.0,0.0,0.0,0.0,0.0,0.0,0.0,0.0,0.0,0.0,17,52.2,10.536986301369865,0.2816780821917808,0.3125,28.98836413415469,0.228125,1.0,0.3125,0.0625,0.625,1.0,11.0,5.0,1.0,0.0,0.0,0.0,13.0,27.0,0.0,142.0,925.0,5.0,4.0,,9
00-0032436,2021,veteran,QB,2.4684986940878035,24.664926313863496,60.88533839554394,428.0522106401678,2.720958075477809,1.4810368447075068,7.792755175385008,40.018091452126924,0.3129886855259981,0.44542070461178,7.030464507880537,0.044689873575161895,0.10443955850086757,0.03187623391133754,0.00670785945955493,0.0043238018500238685,0.0003145916478193968,1.3704557218355316e-11,0.4207934139720885,30.032746887248052,30.45354030122014,veteran,,,0.0,0.0,0.0,0.0,0.0,0.0,0.0,0.0,0.0,0.0,0.0,0.0,0.0,0.0,0.0,0.0,0.0,0.0,0.0,0.0,0.0,0.0,0.0,0.0,0.0,0.0,0.0,0.0,0.0,17,30.080000000000002,12.424533333333333,0.2875,0.1875,28.358658453114305,0.234375,1.0,0.5,0.0,0.8125,0.0,13.0,3.0,0.0,0.0,0.0,0.0,6.0,28.0,0.0,64.0,432.0,3.0,2.0,,9
00-0032950,2021,veteran,QB,11.120892681751176,34.701136502961816,385.90761498423666,2616.802700265607,16.827098721539816,9.050784412922933,39.73187388340615,172.19142842798658,1.8250862305503373,2.874081277837832,6.780904544660247,0.0436039561495234,0.2355534951748978,0.09206745879117983,0.025601662267762962,0.0038199487674785235,0.0002730828562898089,1.3704583735246623e-11,4.77183693911205,176.3004317413627,181.07226868047476,veteran,Carson Wentz,QB,17.0,263.52000000000004,0.0,0.0,0.0,0.0,57.0,215.0,1.0,516.0,322.0,3563.0,27.0,7.0,32.0,5.0,0.0,0.0,5.5,5.5,0.0,0.0,0.0,0.0,0.0,0.0,2.0,1.0,1.0,17,200.9,17.218544061302683,0.834051724137931,0.75,28.670773442847366,0.815625,1.0,1.0,0.0,0.25,0.0,4.0,12.0,0.0,0.0,0.0,0.0,52.0,276.0,5.0,437.0,2620.0,16.0,15.0,22.4,9
00-0033077,2021,veteran,QB,6.898157514375407,36.359392351357485,250.81281556664032,1908.2896202455045,11.37805359118352,5.095950761381832,24.101615764785976,110.59582210886138,1.3173039556187114,1.562877979622978,7.608421507227476,0.04536472175665362,0.3403858749653624,0.15555312862746723,0.051262700731746325,0.004196250830210286,0.0003040133699731174,1.37045636281785e-11,4.696908821943078,127.48954763714308,132.18645645908614,veteran,Dak Prescott,QB,16.0,334.06,0.0,0.0,0.0,0.0,48.0,146.0,1.0,596.0,410.0,4449.0,37.0,10.0,30.0,6.0,0.0,0.0,13.5,13.5,0.0,0.0,0.0,0.0,0.0,0.0,5.0,3.0,2.0,17,148.64,23.43427135678392,0.8099874371859296,0.3125,28.093086926762492,0.621875,1.0,1.0,0.0,0.6875,0.0,11.0,5.0,1.0,1.0,11.0,1.0,18.0,93.0,3.0,222.0,1856.0,9.0,4.0,6.1,9
00-0033106,2021,veteran,QB,14.314377561145871,36.22716662811283,518.5693410853509,3784.631329500684,21.888519114517525,12.251747695246266,38.63313755828612,82.07366170025898,1.8928322512722906,3.2694405531935646,7.298216515422139,0.04220943542228216,0.3087750569811101,0.13485186814926123,0.04229363139910799,0.0002912584643273095,1.4551130063433388e-05,1.3705133105757586e-11,8.530699216494176,227.46131281887742,235.9920120353716,veteran,Jared Goff,QB,14.0,195.5,0.0,0.0,0.0,0.0,17.0,87.0,0.0,494.0,332.0,3245.0,19.0,8.0,35.0,6.0,0.0,0.0,1.0,1.0,0.0,0.0,0.0,0.0,0.0,0.0,1.0,0.0,0.0,17,250.48,17.2357928802589,0.966626213592233,0.9375,26.882956878850102,0.9656250000000001,1.0,1.0,0.0625,0.0,1.0,1.0,15.0,0.0,0.0,0.0,0.0,51.0,99.0,4.0,552.0,3952.0,20.0,13.0,,9
00-0033119,2021,veteran,QB,9.82828275428704,18.932580036153006,186.07474986348168,1298.9828330208284,8.19128020457235,3.774957666870618,22.074904368850707,66.26408334513046,1.1971690432993962,1.7702686829695267,6.980973151778299,0.04402144950124659,0.046894598262720556,0.011978733028871992,0.00201642021056252,0.00043522441366255533,2.2984169749811245e-05,1.3705047459365642e-11,0.6817411814524561,87.44340403375165,88.1251452152041,veteran,Jacoby Brissett,QB,10.0,72.32000000000001,0.0,0.0,0.0,0.0,19.0,70.0,1.0,225.0,141.0,1283.0,5.0,4.0,19.0,3.0,0.0,0.0,0.0,0.0,0.0,0.0,0.0,0.0,0.0,0.0,0.0,0.0,0.0,17,20.580000000000002,6.930941704035875,0.7648542600896862,0.6875,28.722792607802873,0.696875,1.0,0.9375,0.0,0.3125,0.0,5.0,11.0,0.0,0.0,0.0,0.0,17.0,19.0,3.0,8.0,17.0,0.0,0.0,,9
00-0033275,2021,veteran,QB,2.653783712215018,16.06680539305824,42.637826459426364,304.940301624251,1.8689917077925433,1.2330594878707917,2.8933747433583874,7.2861807864443,0.11151641257160888,0.4894248923235949,7.15187257292368,0.04383412249147017,0.030593999603056803,0.007198523612554292,0.0010847534867511987,5.3831832196370856e-05,2.1307634934265116e-06,1.3705493049344034e-11,0.11575358717081452,17.626326689825525,17.74208027699634,veteran,PJ Walker,QB,5.0,13.78,0.0,0.0,0.0,0.0,7.0,13.0,0.0,66.0,36.0,362.0,1.0,3.0,7.0,1.0,0.0,0.0,0.0,0.0,0.0,0.0,0.0,0.0,0.0,0.0,0.0,0.0,0.0,17,8.52,2.13,0.25,0.25,26.51334702258727,0.1375,1.0,0.25,0.0,0.75,0.0,12.0,4.0,1.0,0.0,0.0,0.0,5.0,-2.0,0.0,56.0,368.0,1.0,5.0,,9
00-0033319,2021,veteran,QB,8.234116497643813,29.142509070017873,239.96281471616862,1761.6691767025536,10.42379098233365,6.857483418508966,11.500101288356781,19.371150743919518,0.416761261899867,1.8010753523606062,7.3414257070883275,0.04343919283770302,0.18539055950237954,0.06664125803084718,0.016908661769102475,3.9124016466378154e-05,1.4819711849931428e-06,1.3705561079930133e-11,2.6284215254415786,99.28249610148875,101.91091762693033,veteran,Nick Mullens,QB,1.0,9.879999999999999,0.0,0.0,0.0,0.0,0.0,0.0,0.0,30.0,20.0,147.0,1.0,0.0,0.0,0.0,0.0,0.0,0.0,0.0,0.0,0.0,0.0,0.0,0.0,0.0,0.0,0.0,0.0,17,118.28,12.044428571428572,0.5794642857142857,0.625,26.45037645448323,0.4375,1.0,0.625,0.0625,0.3125,1.0,6.0,10.0,0.0,0.0,0.0,0.0,9.0,8.0,0.0,326.0,2437.0,12.0,12.0,,9
00-0033537,2021,veteran,QB,14.762174345820902,36.803094517745336,543.2936977366821,4276.561430021327,27.52378068899561,10.532588366355657,76.9586226939918,367.90126398842966,3.413857414607068,2.876844811956452,7.871546178130059,0.0506609607357079,0.37413090906186675,0.1792455950443073,0.062235707798037276,0.013920748757771127,0.0012019808006046573,1.3704305930071012e-11,11.561652828778321,311.61198448669666,323.173637315475,veteran,,,0.0,0.0,0.0,0.0,0.0,0.0,0.0,0.0,0.0,0.0,0.0,0.0,0.0,0.0,0.0,0.0,0.0,0.0,0.0,0.0,0.0,0.0,0.0,0.0,0.0,0.0,0.0,0.0,0.0,17,383.82,22.982484076433117,0.9820859872611465,1.0,25.965776865160848,0.9812500000000001,1.0,1.0,0.0,0.0,0.0,0.0,16.0,0.0,0.0,0.0,0.0,90.0,444.0,3.0,544.0,4823.0,33.0,7.0,14.8,9
00-0033869,2021,veteran,QB,10.713742043118582,31.852456287950513,341.25900010881224,2362.8296491872916,15.514249959903246,8.069054946106512,37.032902410428974,183.63352077958055,1.4335964854442032,2.0509458347388736,6.923860318508496,0.04546180453836073,0.2004346124512706,0.07394868289689809,0.01930844522608255,0.005026323480022746,0.0003736476485388186,1.3704524977228437e-11,3.8093922868719154,163.29511523603716,167.10450752290907,veteran,Mitchell Trubisky,QB,5.0,8.120000000000001,0.0,0.0,0.0,0.0,13.0,24.0,1.0,8.0,6.0,43.0,0.0,1.0,0.0,0.0,0.0,0.0,0.0,0.0,0.0,0.0,0.0,0.0,0.0,0.0,0.0,0.0,0.0,17,153.70000000000002,15.41190082644628,0.784607438016529,0.625,27.033538672142367,0.75625,1.0,0.9375,0.125,0.25,2.0,6.0,10.0,0.0,0.0,0.0,0.0,33.0,195.0,1.0,297.0,2055.0,16.0,8.0,,9
00-0033873,2021,veteran,QB,13.881510773635883,39.25330637258968,544.8951953119337,4229.011247865446,29.750075179949622,8.872924527609722,52.31128354434526,242.43568583489485,1.9822426201852448,2.4436295596982274,7.7611461511318405,0.05459779318281332,0.4123939500982711,0.2082171979913802,0.07668892703623037,0.005288278827463152,0.000395991680487947,1.3704514092188917e-11,12.270976054842201,301.66466676440143,313.93564281924364,veteran,Patrick Mahomes,QB,17.0,375.16,0.0,0.0,0.0,0.0,66.0,381.0,2.0,658.0,436.0,4839.0,37.0,13.0,28.0,4.0,0.0,0.0,13.5,13.5,0.0,0.0,0.0,0.0,0.0,0.0,5.0,3.0,2.0,17,394.9,25.178047138047138,0.9299242424242425,0.9375,25.95756331279945,0.928125,1.0,1.0,0.0,0.0625,0.0,1.0,15.0,2.0,0.0,0.0,0.0,62.0,308.0,2.0,588.0,4740.0,38.0,6.0,4.9,9
00-0033936,2021,veteran,QB,4.241044213920672,21.92375446887197,92.97961203762694,674.376993810292,4.364773420760463,1.9743839475315874,6.706037811676583,26.857596569669433,0.25957339999294693,0.9914806728989612,7.252955556938499,0.04694333870735155,0.08133222074354235,0.023373701477780187,0.004572912856289802,0.00037223205597440443,1.923738712788242e-05,1.370508079902295e-11,0.5341157801624831,42.74564425151706,43.27976003167954,veteran,C.J. Beathard,QB,2.0,1.52,0.0,0.0,0.0,0.0,1.0,2.0,0.0,2.0,2.0,33.0,0.0,0.0,0.0,0.0,0.0,0.0,0.0,0.0,0.0,0.0,0.0,0.0,0.0,0.0,0.0,0.0,0.0,17,52.28,9.913827160493826,0.3634259259259259,0.375,27.79192334017796,0.25312500000000004,1.0,0.375,0.0,0.625,0.0,10.0,6.0,0.0,0.0,0.0,0.0,6.0,28.0,0.0,104.0,787.0,6.0,0.0,,9
00-0034343,2021,veteran,QB,3.3209662269048974,23.729906129869786,78.80621682492107,541.963700609854,3.275552505522944,2.1078407310625913,6.700725990012224,30.963053850993496,0.2537918452814248,0.6585256584141107,6.877169371217267,0.04156464600756103,0.08771653823789731,0.025657327411031567,0.005129487843077989,0.0009959239566782903,5.898334771860183e-05,1.3704870886021587e-11,0.4567853019867529,33.86708172432043,34.323867026307184,veteran,Josh Rosen,QB,3.0,-3.24,0.0,0.0,0.0,0.0,0.0,0.0,0.0,11.0,2.0,19.0,0.0,2.0,0.0,0.0,0.0,0.0,0.0,0.0,0.0,0.0,0.0,0.0,0.0,0.0,0.0,0.0,0.0,17,0.0,6.203333333333333,0.6406250000000001,0.0,24.555783709787818,0.225,0.0,0.875,0.0,1.0,0.0,16.0,0.0,0.0,0.0,0.0,0.0,0.0,0.0,0.0,0.0,0.0,0.0,0.0,,9
00-0034412,2021,veteran,QB,0.7321707432831436,20.79490983595514,15.225424591097227,108.35592164455083,0.6620779351768006,0.37213625524886784,0.3364653907165855,1.3386713827749135,0.01337456873877924,0.14710004328407403,7.11677503613987,0.043485022779853236,0.0658271797307012,0.018044007665814286,0.0033276095055648756,2.3981267577735884e-05,8.491368699905997e-07,1.3705665420965748e-11,0.07290492449081745,6.158190560133519,6.231095484624337,veteran,,,0.0,0.0,0.0,0.0,0.0,0.0,0.0,0.0,0.0,0.0,0.0,0.0,0.0,0.0,0.0,0.0,0.0,0.0,0.0,0.0,0.0,0.0,0.0,0.0,0.0,0.0,0.0,0.0,0.0,17,0.0,2.8800000000000003,0.1875,0.0,26.677618069815196,0.056249999999999994,0.0,0.1875,0.0,1.0,0.0,16.0,0.0,0.0,0.0,0.0,0.0,0.0,0.0,0.0,0.0,0.0,0.0,0.0,,9
00-0034577,2021,veteran,QB,5.520046996778949,29.49029728551087,162.78782696500267,1152.7985770725559,7.063328785555305,4.006594402488162,13.073065423488544,45.98243515976381,0.608886154979114,1.2928468069935295,7.081601852946862,0.043389784833689264,0.17404940669790903,0.06130941028733067,0.015210018681797138,0.0007444435779303405,4.234537174933257e-05,1.3704932975467023e-11,1.6407871661722229,72.01793625201113,73.65872341818334,veteran,Kyle Allen,QB,2.0,7.9,0.0,0.0,0.0,0.0,2.0,11.0,0.0,19.0,12.0,120.0,1.0,0.0,2.0,1.0,0.0,0.0,0.0,0.0,0.0,0.0,0.0,0.0,0.0,0.0,0.0,0.0,0.0,17,45.0,12.90234375,0.5869140625000001,0.25,25.4839151266256,0.39999999999999997,1.0,0.8125,0.0625,0.6875,1.0,12.0,4.0,0.0,0.0,0.0,0.0,7.0,26.0,1.0,87.0,610.0,4.0,1.0,,9
00-0034771,2021,veteran,QB,4.3206250014597005,22.452276927307977,97.00786903182363,683.0441605961142,4.428733131333055,2.419030384022662,7.667086609531705,15.50045627506127,0.2733840291933197,0.7301757354804694,7.041121173087929,0.04565333900778915,0.07996047185059452,0.02288970707643528,0.004456647406053495,9.650271094108495e-05,4.139784204863916e-06,1.3705368614611647e-11,0.5327807610493032,41.92863651283657,42.46141727388587,veteran,Mason Rudolph,QB,2.0,18.38,0.0,0.0,0.0,0.0,5.0,53.0,0.0,58.0,35.0,277.0,1.0,1.0,0.0,0.0,0.0,0.0,0.0,0.0,0.0,0.0,0.0,0.0,0.0,0.0,0.0,0.0,0.0,17,19.360000000000003,8.324615384615385,0.4663461538461538,0.25,26.127310061601644,0.325,1.0,0.625,0.0,0.75,0.0,12.0,4.0,0.0,0.0,0.0,0.0,7.0,-6.0,0.0,43.0,324.0,2.0,1.0,,9
00-0034796,2021,veteran,QB,14.341619040621113,32.26036978440898,462.6659335575579,3380.640080708109,26.086979387381994,10.09719168253966,137.33627683450976,805.5536853173992,5.500959020086328,2.9586207446951662,7.306870542020447,0.056384050554127624,0.23657120881354202,0.09261504676950244,0.025799249521391482,0.12095912448972339,0.015798267838899312,1.3703820606900315e-11,8.199803538001293,327.0230185756406,335.2228221136419,veteran,Lamar Jackson,QB,12.0,247.48,0.0,0.0,0.0,0.0,133.0,767.0,2.0,382.0,246.0,2882.0,16.0,13.0,38.0,3.0,0.0,2.0,5.5,7.5,0.0,0.0,0.0,2.0,0.0,0.0,2.0,1.0,1.0,17,334.78000000000003,22.103234323432346,0.9474009900990099,0.9375,24.648870636550306,0.946875,1.0,1.0,0.0,0.0625,0.0,1.0,15.0,0.0,0.0,0.0,0.0,159.0,1005.0,7.0,376.0,2757.0,26.0,9.0,4.9,9
00-0034855,2021,veteran,QB,14.673403894052193,33.26953231424916,488.1772850131989,3537.183825570875,23.107662406897678,12.011292180366496,41.33910552690184,142.2399212740188,1.541551611562235,2.941216490279516,7.245695230320353,0.047334571100072616,0.24969665322795237,0.09979313193907288,0.02842855271163309,0.0011021273348410464,6.619825889827427e-05,1.3704849264983399e-11,6.712273502734647,227.48628710590896,234.19856060864362,veteran,Baker Mayfield,QB,14.0,182.9,0.0,0.0,11.0,0.0,37.0,134.0,1.0,418.0,253.0,3010.0,17.0,13.0,43.0,3.0,0.0,0.0,2.0,2.0,0.0,0.0,0.0,0.0,0.0,0.0,2.0,0.0,0.0,17,250.12,15.549999999999999,0.9832802547770702,1.0,26.38466803559206,0.9812500000000001,1.0,1.0,0.0,0.0,0.0,0.0,16.0,1.0,1.0,6.0,0.0,54.0,165.0,1.0,486.0,3563.0,26.0,8.0,14.5,9
00-0034857,2021,veteran,QB,14.78925531141642,36.419805192844116,538.6217973890211,3939.4252030120033,26.898404625878396,11.477599523528133,86.55179873442087,386.0584040634915,5.19255475997371,3.497459930085518,7.313898587298988,0.049939316894096926,0.3138652340709663,0.13809087155916308,0.04365890028498878,0.015797519592089318,0.001390751927630361,1.3704278566756495e-11,9.261075888349168,304.9816766829578,314.242752571307,veteran,Josh Allen,QB,17.0,414.08,0.0,0.0,0.0,0.0,122.0,763.0,6.0,646.0,409.0,4407.0,36.0,15.0,26.0,3.0,0.0,1.0,10.5,11.5,0.0,0.0,0.0,1.0,0.0,0.0,6.0,3.0,0.0,17,413.56,22.425649350649348,0.9707792207792207,1.0,25.281314168377822,0.9625000000000001,1.0,1.0,0.0,0.0,0.0,0.0,16.0,1.0,1.0,12.0,1.0,102.0,421.0,8.0,572.0,4544.0,37.0,10.0,5.5,9
00-0034869,2021,veteran,QB,13.042890109434369,32.462359765169516,423.4029911100297,2888.4899432966527,17.13051515548355,11.56913107098449,41.485755823660234,170.89849261998262,1.7611791758328785,2.522233731643437,6.822082044635393,0.04045912644729485,0.2025650584824224,0.07500531052461618,0.019662165492811634,0.0024413160994750664,0.00016384760353933201,1.3704679458313789e-11,4.657413147061576,183.53585306553998,188.19326621260157,veteran,Sam Darnold,QB,12.0,160.28,0.0,0.0,0.0,0.0,48.0,222.0,5.0,406.0,243.0,2527.0,9.0,13.0,35.0,4.0,0.0,0.0,3.0,3.0,0.0,0.0,0.0,0.0,0.0,0.0,3.0,0.0,0.0,17,134.02,12.576224899598396,0.7793674698795181,0.75,24.240930869267626,0.778125,1.0,0.8125,0.25,0.0,4.0,4.0,12.0,0.0,0.0,0.0,0.0,37.0,217.0,2.0,364.0,2208.0,9.0,11.0,,9
00-0034899,2021,veteran,QB,0.3709568871175753,31.154616388647707,11.557019514874948,82.52990605527927,0.5036442879068033,0.2718508443278328,2.192526538475546,12.83689061064632,0.0839955083522445,0.07192242617298943,7.141106402827795,0.04357908085718525,0.20493344214993361,0.07618632950392436,0.020059510219542043,0.03400607109359419,0.0033918960855706844,1.37041111706505e-11,0.1477988212591929,6.415888964014838,6.563687785274031,veteran,John Wolford,QB,2.0,-1.9000000000000001,0.0,0.0,0.0,0.0,2.0,-1.0,0.0,4.0,1.0,5.0,0.0,1.0,1.0,0.0,0.0,0.0,0.0,0.0,0.0,0.0,0.0,0.0,0.0,0.0,0.0,0.0,0.0,17,12.84,12.84,0.0625,0.0625,25.87816563997262,0.034375,1.0,0.0625,0.0,0.9375,0.0,15.0,1.0,0.0,0.0,0.0,0.0,6.0,56.0,0.0,38.0,231.0,0.0,1.0,,9
00-0034955,2021,veteran,QB,1.3494107313877377,20.655823063265547,27.87318930721686,201.00872588461257,1.2782828809933697,0.7830987461379082,2.3502548100425886,5.46430475463382,0.09058349100708024,0.25726030221321056,7.2115438125542335,0.045860660827299005,0.06711216600012676,0.01847374763217157,0.003425039047712676,0.00012719143964842996,5.668007006142417e-06,1.3705309748902106e-11,0.13738156209056898,12.162693884161607,12.300075446252176,veteran,Brett Rypien,QB,1.0,0.0,0.0,0.0,0.0,0.0,0.0,0.0,0.0,2.0,0.0,0.0,0.0,0.0,0.0,0.0,0.0,0.0,0.0,0.0,0.0,0.0,0.0,0.0,0.0,0.0,0.0,0.0,0.0,17,11.3,5.65,0.125,0.125,25.14715947980835,0.06875,1.0,0.125,0.0,0.875,0.0,14.0,2.0,0.0,0.0,0.0,0.0,5.0,-5.0,0.0,40.0,295.0,2.0,4.0,,9
00-0035040,2021,veteran,QB,1.309868191042486,25.16333181181394,32.96064792094257,230.05692071809514,1.4107728495934235,0.8535172823241931,2.2331671800658257,10.670640596492447,0.08588145020664151,0.24265894803059937,6.979745096937895,0.04280173293247203,0.10829858337119011,0.03335916498626609,0.007096913428898114,0.000703044433393402,3.9674773486041e-05,1.3704945180507468e-11,0.22699192410770788,14.235368527277007,14.462360451384715,veteran,David Blough,QB,1.0,0.6,0.0,0.0,0.0,0.0,1.0,6.0,0.0,0.0,0.0,0.0,0.0,0.0,1.0,0.0,0.0,0.0,0.0,0.0,0.0,0.0,0.0,0.0,0.0,0.0,0.0,0.0,0.0,17,1.76,8.500487804878048,0.24542682926829273,0.0625,26.088980150581794,0.128125,1.0,0.3125,0.0,0.9375,0.0,15.0,1.0,0.0,0.0,0.0,0.0,1.0,18.0,0.0,10.0,49.0,0.0,1.0,,9
00-0035228,2021,veteran,QB,14.55937672121908,37.09755413655131,540.1172661098697,3828.80121633729,23.966501764405812,12.080251190624855,102.29646109485425,578.4958798537731,5.643291753887379,2.90850847474475,7.088833215634403,0.04437277470691076,0.3051362337498077,0.1325582154094157,0.04133539479865281,0.049303407566802564,0.005260882134748046,1.3704028595223256e-11,9.373895673635028,310.7498748890772,320.12377056271225,veteran,Kyler Murray,QB,14.0,308.48,0.0,0.0,7.0,0.0,88.0,423.0,5.0,481.0,333.0,3787.0,24.0,10.0,31.0,0.0,0.0,0.0,8.0,8.0,0.0,0.0,0.0,0.0,0.0,0.0,3.0,2.0,1.0,17,389.24,22.144558823529408,1.0,1.0,24.0684462696783,0.8500000000000001,1.0,1.0,0.0,0.0,0.0,0.0,16.0,0.0,0.0,0.0,0.0,133.0,819.0,11.0,558.0,3971.0,26.0,12.0,3.6,9
00-0035232,2021,veteran,QB,6.643832334344922,28.40189184705126,188.69740741000658,1294.0754391629973,7.505677274148712,4.906994709000558,17.399981586502946,58.68681757073153,0.6687599003048003,1.4792091888383527,6.8579396872750715,0.039776260719047316,0.14441998294919,0.048089946480300655,0.011198781186239444,0.0008658742568499048,5.0295106819150834e-05,1.3704900740998501e-11,1.5938140655709199,78.89456002633888,80.4883740919098,veteran,,,0.0,0.0,0.0,0.0,0.0,0.0,0.0,0.0,0.0,0.0,0.0,0.0,0.0,0.0,0.0,0.0,0.0,0.0,0.0,0.0,0.0,0.0,0.0,0.0,0.0,0.0,0.0,0.0,0.0,17,69.16,9.32030534351145,0.48902671755725186,0.4375,24.331279945242983,0.40937500000000004,1.0,0.5625,0.0,0.5625,0.0,9.0,7.0,0.0,0.0,0.0,0.0,20.0,46.0,1.0,241.0,1439.0,5.0,7.0,,9
00-0035251,2021,veteran,QB,0.5230536732008038,20.962378452241758,10.964449048470431,77.70441137326422,0.4833890822108293,0.28229999825485763,1.4302606154543436,5.309771746927744,0.05552309132669465,0.10604852543169359,7.08694171770575,0.04408694682914901,0.0665775943473081,0.01829470156264222,0.003384379176813419,0.001243302935827865,7.593961103427513e-05,1.3704823543370764e-11,0.053427640395346664,5.129151459053726,5.182579099449073,veteran,,,0.0,0.0,0.0,0.0,0.0,0.0,0.0,0.0,0.0,0.0,0.0,0.0,0.0,0.0,0.0,0.0,0.0,0.0,0.0,0.0,0.0,0.0,0.0,0.0,0.0,0.0,0.0,0.0,0.0,17,0.0,0.6600000000000006,0.125,0.0,26.414784394250514,0.0375,0.0,0.125,0.0,1.0,0.0,16.0,0.0,0.0,0.0,0.0,0.0,0.0,0.0,0.0,0.0,0.0,0.0,0.0,,9
00-0035264,2021,veteran,QB,4.017405036539189,13.992271486711958,56.2126219433403,399.3591866784133,2.558891011229459,1.5250007136932524,5.4731771016199415,13.812598734576357,0.20707461914567424,0.7098909541725343,7.10443976587587,0.045521644832875824,0.019548524269130174,0.004242678942942973,0.0005710612925524344,8.773229204087096e-05,3.7144374877207773e-06,1.3705388926977724e-11,0.10906438837399332,24.363855764654478,24.472920153028472,veteran,,,0.0,0.0,0.0,0.0,0.0,0.0,0.0,0.0,0.0,0.0,0.0,0.0,0.0,0.0,0.0,0.0,0.0,0.0,0.0,0.0,0.0,0.0,0.0,0.0,0.0,0.0,0.0,0.0,0.0,17,12.94,1.815068493150685,0.2816780821917808,0.3125,25.065023956194388,0.228125,1.0,0.3125,0.0,0.6875,0.0,11.0,5.0,0.0,0.0,0.0,0.0,7.0,7.0,0.0,44.0,256.0,2.0,3.0,,9
00-0035289,2021,veteran,QB,9.429388170085335,33.85729696632593,319.2535954853399,2254.964662311773,14.685472751202086,6.029125433022935,36.16876436918526,174.53754080823106,1.1820843530004734,2.4521046625780794,7.063239675918766,0.0459993965890243,0.244957787833506,0.09717662833414091,0.027461727963876126,0.006191119860336001,0.0004742265691988195,1.3704480301208196e-11,4.267256849018374,156.52427750490315,160.79153435392152,veteran,Gardner Minshew,QB,3.0,33.660000000000004,0.0,0.0,0.0,0.0,9.0,21.0,0.0,60.0,41.0,439.0,4.0,1.0,5.0,0.0,0.0,0.0,0.0,0.0,0.0,0.0,0.0,0.0,0.0,0.0,0.0,0.0,0.0,17,164.66,17.528415300546445,0.7059426229508197,0.5625,25.295003422313485,0.571875,1.0,0.875,0.125,0.3125,2.0,7.0,9.0,1.0,1.0,0.0,0.0,29.0,153.0,1.0,327.0,2259.0,16.0,5.0,,9
00-0035577,2021,veteran,QB,2.342021504066949,20.508554230448503,48.03147502503359,342.6877079133737,2.1245954469783466,1.2818661215944114,6.032010561044433,21.26336755459376,0.22376434559375305,0.4499096161340899,7.13464884713134,0.04423339999179758,0.06364250310736379,0.017318480805530754,0.0031643855048329337,0.0009295964479783073,5.453100051494511e-05,1.3704885590975816e-11,0.2270833144447623,22.211261458013226,22.438344772457988,veteran,,,0.0,0.0,0.0,0.0,0.0,0.0,0.0,0.0,0.0,0.0,0.0,0.0,0.0,0.0,0.0,0.0,0.0,0.0,0.0,0.0,0.0,0.0,0.0,0.0,0.0,0.0,0.0,0.0,0.0,17,0.0,6.415,0.5,0.0,25.388090349075977,0.15,0.0,0.5,0.0,1.0,0.0,16.0,0.0,0.0,0.0,0.0,0.0,0.0,0.0,0.0,0.0,0.0,0.0,0.0,,9
00-0035652,2021,veteran,QB,2.8772817417908643,17.782972872697364,51.16662316137436,358.1467736633231,2.246611437953656,1.2863872950873552,8.03215932604732,43.36455146624257,0.33383905108954554,0.5911855378126872,6.999617163199618,0.043907752733028146,0.039083224178048326,0.009632206688010847,0.0015459017073225904,0.0035522893028113313,0.00025134817877929045,1.3704599276867517e-11,0.1742270320266902,25.896660485708992,26.07088751773568,veteran,,,0.0,0.0,0.0,0.0,0.0,0.0,0.0,0.0,0.0,0.0,0.0,0.0,0.0,0.0,0.0,0.0,0.0,0.0,0.0,0.0,0.0,0.0,0.0,0.0,0.0,0.0,0.0,0.0,0.0,17,19.16,5.785806451612903,0.2318548387096774,0.25,26.68309377138946,0.19375,1.0,0.25,0.0,0.75,0.0,12.0,4.0,0.0,0.0,0.0,0.0,11.0,66.0,1.0,32.0,164.0,1.0,2.0,,9
00-0035704,2021,veteran,QB,11.26045735588987,31.975748804440563,360.06155583504943,2496.859358557676,15.345677940736538,9.737144498758257,37.41318534728529,136.31341740470637,1.6220747418711952,2.2894056832553398,6.9345347152294465,0.04261959571092523,0.2032066371475761,0.07532457615488936,0.019769373898708264,0.0019775484708449225,0.0001288618172815842,1.3704724464431578e-11,4.030152487007326,160.5677759329238,164.59792841993112,veteran,Drew Lock,QB,6.0,51.379999999999995,1.0,1.0,1.0,0.0,10.0,53.0,2.0,111.0,67.0,787.0,2.0,2.0,9.0,1.0,0.0,0.0,0.0,0.0,0.0,0.0,0.0,0.0,0.0,0.0,0.0,0.0,0.0,17,183.32,14.049248554913294,0.7257947976878613,0.8125,24.80766598220397,0.540625,1.0,0.8125,0.125,0.0625,2.0,3.0,13.0,0.0,0.0,0.0,0.0,44.0,160.0,3.0,443.0,2933.0,16.0,15.0,,9
00-0035710,2021,veteran,QB,12.862939309437929,33.09520265276962,425.7015831561248,2929.2319983505395,17.43027685055072,9.995724035054858,57.85523789779789,339.3091542984344,1.9572843166865461,3.86785167665943,6.880951620225129,0.04094482506107622,0.2172970729753535,0.08246126902133644,0.02220539819119525,0.016255528296658037,0.001437412604083071,1.37042723757809e-11,5.194201789460728,204.8378572427586,210.0320590322193,veteran,Daniel Jones,QB,11.0,171.52,1.0,1.0,16.0,0.0,62.0,298.0,2.0,361.0,232.0,2428.0,10.0,7.0,22.0,3.0,0.0,0.0,4.5,4.5,0.0,0.0,0.0,0.0,0.0,0.0,1.0,1.0,1.0,17,180.02,14.263362068965517,0.8539870689655171,0.875,24.265571526351813,0.7250000000000001,1.0,0.875,0.0625,0.0625,1.0,2.0,14.0,0.0,0.0,0.0,0.0,65.0,423.0,1.0,448.0,2943.0,11.0,10.0,,9
00-0036212,2021,veteran,QB,8.236726507548733,29.430649472240304,242.41221064237683,1675.63858923731,10.578786855305973,5.179105770783872,28.321576841873394,89.97012770384553,1.3390388328560012,1.5036716446251268,6.912352248250924,0.04363966166255761,0.1623767350664232,0.05597927783920449,0.013557524249116056,0.0015069772022955079,9.454257529347227e-05,1.3704782490054838e-11,2.266001640425302,113.00638192741884,115.27238356784414,veteran,Tua Tagovailoa,QB,13.0,181.92,0.0,0.0,0.0,0.0,42.0,128.0,3.0,388.0,263.0,2653.0,16.0,10.0,20.0,1.0,0.0,0.0,1.0,1.0,0.0,0.0,0.0,0.0,0.0,0.0,1.0,0.0,0.0,17,138.96,13.895999999999999,0.625,0.625,23.50171115674196,0.34375,1.0,0.625,0.0,0.375,0.0,6.0,10.0,0.0,0.0,0.0,0.0,36.0,109.0,3.0,290.0,1814.0,11.0,5.0,13.6,9
00-0036312,2021,veteran,QB,2.0983079770499047,29.88617643314703,62.71040241319328,437.91516560738967,2.657411403785568,1.7630593100162624,1.9161080892706792,9.151498749862254,0.08735645745185021,0.39342179782041076,6.983134356593751,0.04237592650540049,0.17374411293742723,0.06116797156446517,0.01516557333700088,0.0001511479048097749,6.897793000802519e-06,1.3705272959266559e-11,0.6210754746247191,25.27257864346184,25.89365411808656,veteran,,,0.0,0.0,0.0,0.0,0.0,0.0,0.0,0.0,0.0,0.0,0.0,0.0,0.0,0.0,0.0,0.0,0.0,0.0,0.0,0.0,0.0,0.0,0.0,0.0,0.0,0.0,0.0,0.0,0.0,17,29.26,9.753333333333334,0.1875,0.1875,25.39082819986311,0.10312500000000001,1.0,0.1875,0.0,0.8125,0.0,13.0,3.0,0.0,0.0,0.0,0.0,1.0,13.0,1.0,110.0,624.0,2.0,6.0,,9
00-0036355,2021,veteran,QB,12.279261365579462,37.9740685716808,466.29351310610537,3367.066058092413,22.331496233535795,9.38149799344355,47.70644414675963,194.272882318133,2.4815420208899144,2.080296145687441,7.220915503763903,0.04789150096637576,0.3341005033133548,0.15132441473178382,0.04938370677173698,0.004048626710353623,0.0002918289465902404,1.3704571293522341e-11,8.157615658834793,235.40157933673058,243.55919499556538,veteran,Justin Herbert,QB,17.0,395.76,0.0,0.0,0.0,0.0,63.0,302.0,3.0,672.0,443.0,5014.0,38.0,15.0,31.0,1.0,0.0,0.0,15.0,15.0,0.0,0.0,0.0,0.0,0.0,0.0,9.0,4.0,0.0,17,342.34,22.822666666666667,0.9375,0.9375,23.479808350444902,0.515625,1.0,0.9375,0.0,0.0625,0.0,1.0,15.0,0.0,0.0,0.0,0.0,55.0,234.0,5.0,595.0,4336.0,31.0,10.0,7.0,9
00-0036384,2021,veteran,QB,1.442569058661456,20.833678851866548,30.054020489792208,212.5864173831003,1.3019924117474957,0.6551600002606978,3.7841248322667886,14.416965291733144,0.14496950589961852,0.3228991336235509,7.0734768233522995,0.043321738340789215,0.06500357081197991,0.017769732069147573,0.0032657164554138517,0.0011934666129877812,7.248214106629425e-05,1.3704832274049012e-11,0.14352378026623275,14.066821639116524,14.210345419382756,veteran,,,0.0,0.0,0.0,0.0,0.0,0.0,0.0,0.0,0.0,0.0,0.0,0.0,0.0,0.0,0.0,0.0,0.0,0.0,0.0,0.0,0.0,0.0,0.0,0.0,0.0,0.0,0.0,0.0,0.0,17,6.960000000000001,3.4800000000000004,0.125,0.125,24.76933607118412,0.06875,1.0,0.125,0.0,0.875,0.0,14.0,2.0,0.0,0.0,0.0,0.0,6.0,22.0,0.0,43.0,219.0,0.0,0.0,,9
00-0036389,2021,veteran,QB,11.588713116038035,19.3188668784857,223.8808059817,1609.674953347317,10.036196361810156,5.384767730198434,54.99711469517525,283.5819950525399,2.287632012670418,2.1580644686059713,7.189874747363968,0.044828301907357405,0.05447204904970368,0.01434472247198845,0.0025128685887864845,0.01324338397447838,0.0011348525310475833,1.3704316708730658e-11,1.1120590843132316,131.53011076480098,132.64216984911423,veteran,Jalen Hurts,QB,15.0,315.66,1.0,0.0,0.0,0.0,139.0,784.0,10.0,432.0,265.0,3144.0,16.0,9.0,26.0,2.0,0.0,0.0,3.5,3.5,0.0,0.0,0.0,0.0,0.0,0.0,2.0,1.0,0.0,17,111.64,7.974285714285714,0.875,0.875,23.069130732375086,0.48125000000000007,1.0,0.875,0.0,0.125,0.0,2.0,14.0,1.0,1.0,3.0,0.0,63.0,354.0,3.0,148.0,1061.0,6.0,4.0,9.3,9
00-0036442,2021,veteran,QB,7.9118407466007845,35.52925812537032,281.1018321328019,1964.5052741982583,11.642740985641725,5.336345854001551,27.413116342641924,103.14412846741146,1.289493280211852,1.800159431757118,6.98858936383652,0.041418232308572445,0.2677683727332525,0.11003290814678823,0.03230400992378771,0.002408583809191324,0.0001613448615514002,1.3704682342521005e-11,3.9565244892581206,128.92953686699212,132.88606135625025,veteran,Joe Burrow,QB,16.0,330.74,0.0,0.0,0.0,0.0,40.0,118.0,2.0,520.0,366.0,4611.0,34.0,14.0,51.0,2.0,0.0,0.0,16.5,16.5,0.0,0.0,0.0,0.0,0.0,0.0,6.0,3.0,3.0,17,182.22,18.222,0.625,0.625,24.725530458590008,0.34375,1.0,0.625,0.0,0.375,0.0,6.0,10.0,0.0,0.0,0.0,0.0,37.0,142.0,3.0,404.0,2688.0,13.0,5.0,11.1,9
00-0036898,2021,rookie,QB,5.523524450753433,23.57469555922028,130.2154073404216,884.315946683973,4.836175213923875,3.5298520239559323,20.365925481086197,100.28944044032164,1.030484803994024,1.2702972042800502,6.791177516897901,0.037139807897545354,0.08296654190557382,0.023953434440211772,0.00471296820568306,0.005875799082437757,0.000446695296733578,1.3704491511021416e-11,0.7449493029056382,61.328893134578756,62.073842437484394,rookie,Davis Mills,QB,13.0,160.95999999999998,0.0,0.0,0.0,0.0,18.0,44.0,0.0,394.0,263.0,2664.0,16.0,10.0,31.0,1.0,0.0,0.0,4.0,4.0,0.0,0.0,0.0,0.0,0.0,0.0,4.0,0.0,0.0,17,0.0,,,0.0,22.863791923340177,0.0,0.0,0.0,0.0,1.0,0.0,16.0,0.0,0.0,0.0,0.0,0.0,0.0,0.0,0.0,0.0,0.0,0.0,0.0,,9
00-0036928,2021,rookie,QB,5.856924667123444,24.96800216074272,146.2357077440455,993.112650599014,5.4311660933754355,3.9641269761993123,20.16098313792397,99.28022762859078,1.0201150336381553,1.3469724080448167,6.791177516897901,0.037139807897545354,0.09795726916919062,0.02942537950625987,0.006075327263533585,0.00487769278048846,0.0003610456419694654,1.3704531407104483e-11,0.9351473659617195,66.87568459366207,67.8108319596238,rookie,,,0.0,0.0,0.0,0.0,0.0,0.0,0.0,0.0,0.0,0.0,0.0,0.0,0.0,0.0,0.0,0.0,0.0,0.0,0.0,0.0,0.0,0.0,0.0,0.0,0.0,0.0,0.0,0.0,0.0,17,0.0,,,0.0,23.49075975359343,0.0,0.0,0.0,0.0,1.0,0.0,16.0,0.0,0.0,0.0,0.0,0.0,0.0,0.0,0.0,0.0,0.0,0.0,0.0,,9
00-0036929,2021,rookie,QB,3.9390503811871826,22.707763399122012,89.44702407321992,607.4506188394764,3.3220452910865026,2.4247112182068156,13.499804318747884,66.478089711092,0.6830695329943162,0.9059007036816519,6.791177516897901,0.037139807897545354,0.07434386456047688,0.0209329683913226,0.003992892201199059,0.004820125708052999,0.0003561797823941798,1.3704533950027948e-11,0.469075894089106,41.671208243223234,42.14028413731234,rookie,Ian Book,QB,1.0,2.0000000000000004,0.0,0.0,0.0,0.0,3.0,6.0,0.0,20.0,12.0,135.0,0.0,2.0,8.0,0.0,0.0,0.0,0.0,0.0,0.0,0.0,0.0,0.0,0.0,0.0,0.0,0.0,0.0,17,0.0,,,0.0,23.42505133470226,0.0,0.0,0.0,0.0,1.0,0.0,16.0,0.0,0.0,0.0,0.0,0.0,0.0,0.0,0.0,0.0,0.0,0.0,0.0,,9
00-0036945,2021,rookie,QB,10.078724465171984,28.088721814634262,283.0984877485643,1922.5720850658458,10.514223451067275,7.674174587847955,39.65266429472889,195.26456176909207,2.0063644066429744,2.3178996716617295,6.791177516897901,0.037139807897545354,0.13640547967539152,0.04468989011652376,0.01021574521388779,0.007007917618500636,0.0005465056743788105,1.3704453711436094e-11,2.3352352321109353,130.5402713046506,132.87550653676152,rookie,Justin Fields,QB,12.0,127.80000000000001,0.0,0.0,0.0,0.0,72.0,420.0,2.0,270.0,159.0,1870.0,7.0,10.0,36.0,5.0,0.0,1.0,0.0,1.0,0.0,0.0,0.0,1.0,0.0,0.0,0.0,0.0,0.0,17,0.0,,,0.0,22.494182067077343,0.0,0.0,0.0,0.0,1.0,0.0,16.0,0.0,0.0,0.0,0.0,0.0,0.0,0.0,0.0,0.0,0.0,0.0,0.0,12.3,9
00-0036946,2021,rookie,QB,5.333728680150065,22.2758887423387,118.81354666084388,806.8838867860226,4.412712298609783,3.220772769674957,21.076881636067565,103.79045467249594,1.0664581023690334,1.2266480742850252,6.791177516897901,0.037139807897545354,0.07025183868746607,0.019532993901395592,0.0036675106955826263,0.007092147519755149,0.0005540346040996682,1.3704451146730342e-11,0.6123629916384787,57.80915705942387,58.421520051062345,rookie,Kellen Mond,QB,1.0,0.2,0.0,0.0,0.0,0.0,0.0,0.0,0.0,3.0,2.0,5.0,0.0,0.0,0.0,0.0,0.0,0.0,0.0,0.0,0.0,0.0,0.0,0.0,0.0,0.0,0.0,0.0,0.0,17,0.0,,,0.0,22.195756331279945,0.0,0.0,0.0,0.0,1.0,0.0,16.0,0.0,0.0,0.0,0.0,0.0,0.0,0.0,0.0,0.0,0.0,0.0,0.0,,9
00-0036971,2021,rookie,QB,16.09057215727893,33.88235065650612,545.1864080967389,3702.457677184897,20.248118465065648,14.778799109559412,69.20628324268273,340.79764397688865,3.501732503574262,3.7005011942818076,6.791177516897901,0.037139807897545354,0.22296873126429986,0.08540183774215909,0.023230885813547836,0.008931753509605223,0.000721667449630112,1.370440159400615e-11,6.557672685013712,247.22233975911047,253.78001244412417,rookie,Trevor Lawrence,QB,17.0,201.04,0.0,0.0,0.0,0.0,73.0,334.0,2.0,602.0,359.0,3641.0,12.0,17.0,32.0,5.0,0.0,0.0,2.0,2.0,0.0,0.0,0.0,0.0,0.0,0.0,2.0,0.0,0.0,17,0.0,,,0.0,21.905544147843944,0.0,0.0,0.0,0.0,1.0,0.0,16.0,0.0,0.0,0.0,0.0,0.0,0.0,0.0,0.0,0.0,0.0,0.0,0.0,14.3,9
00-0036972,2021,rookie,QB,9.44474805032514,28.18224793049808,266.17423119535147,1807.6364544714547,9.885659813872177,7.215395381389464,35.14698741472524,173.07692224737656,1.7783840204403956,2.1720981142431532,6.791177516897901,0.037139807897545354,0.13765638080631265,0.04521564527329376,0.010366391434069,0.006024843555239716,0.0004596818076016556,1.3704486139767243e-11,2.199936809080508,121.05110679046167,123.25104359954219,rookie,Mac Jones,QB,17.0,226.94,0.0,0.0,0.0,0.0,44.0,129.0,0.0,521.0,352.0,3801.0,22.0,13.0,28.0,3.0,0.0,0.0,2.0,2.0,0.0,0.0,0.0,0.0,0.0,0.0,2.0,0.0,0.0,17,0.0,,,0.0,22.989733059548254,0.0,0.0,0.0,0.0,1.0,0.0,16.0,0.0,0.0,0.0,0.0,0.0,0.0,0.0,0.0,0.0,0.0,0.0,0.0,22.6,9
00-0037012,2021,rookie,QB,13.041340025902194,29.497468270525033,384.6865136191781,2612.4744023444,14.287183216592739,10.428001543145276,58.33199426639366,287.2485745947383,2.9515100472114306,2.9992404166345907,6.791177516897901,0.037139807897545354,0.1558118513596434,0.053051439191275904,0.012669774688155713,0.00993802122089577,0.0008157335300111873,1.370437862275122e-11,3.545812300988298,181.22714278332964,184.77295508431794,rookie,Trey Lance,QB,6.0,64.92,0.0,0.0,0.0,0.0,38.0,168.0,1.0,71.0,41.0,603.0,5.0,2.0,4.0,0.0,0.0,0.0,0.0,0.0,0.0,0.0,0.0,0.0,0.0,0.0,0.0,0.0,0.0,17,0.0,,,0.0,21.31416837782341,0.0,0.0,0.0,0.0,1.0,0.0,16.0,0.0,0.0,0.0,0.0,0.0,0.0,0.0,0.0,0.0,0.0,0.0,0.0,11.6,9
00-0037013,2021,rookie,QB,14.354493909407896,32.21780142656161,462.4702343520916,3140.7174577664277,17.176055662169464,12.536546374112195,60.188828792977915,296.39232285377756,3.045463045564171,3.3012388456954502,6.791177516897901,0.037139807897545354,0.1964109874941931,0.07196789908622112,0.018649891023768492,0.008333926094901465,0.0006665477339512466,1.3704416489091658e-11,5.0383751964540195,210.56936107848247,215.60773627493649,rookie,Zach Wilson,QB,13.0,151.86,1.0,0.0,0.0,0.0,29.0,185.0,4.0,383.0,213.0,2334.0,9.0,11.0,44.0,1.0,0.0,0.0,0.0,0.0,0.0,0.0,0.0,0.0,0.0,0.0,0.0,0.0,0.0,17,0.0,,,0.0,22.080766598220396,0.0,0.0,0.0,0.0,1.0,0.0,16.0,0.0,0.0,0.0,0.0,0.0,0.0,0.0,0.0,0.0,0.0,0.0,0.0,15.1,9
00-0019596,2022,veteran,QB,13.304831555871315,43.86586112582696,583.6278933323714,4234.139328733471,30.416183918518595,11.220676141030035,25.899733267805203,57.30492308347183,1.3382691420892978,2.2389264654132743,7.254861148869324,0.05211571322413958,0.4414979864045331,0.24056809422889947,0.09718519275872906,0.00012515130476630529,7.855574162683144e-06,1.370594605825444e-11,13.263020430307092,277.8712107714096,291.1342312017167,veteran,Tom Brady,QB,17.0,283.15999999999997,1.0,0.0,0.0,0.0,29.0,-1.0,1.0,733.0,490.0,4694.0,25.0,9.0,22.0,4.0,0.0,0.0,11.5,11.5,0.0,0.0,0.0,0.0,0.0,0.0,5.0,3.0,1.0,17,400.24,22.04756617647059,1.0,1.0,45.07871321013005,1.0,1.0,1.0,0.0,0.0,0.0,0.0,17.0,0.0,0.0,0.0,0.0,28.0,81.0,2.0,719.0,5316.0,43.0,12.0,,10
00-0020531,2022,veteran,QB,2.4590188634992587,33.8624495696593,83.26840225608457,609.9566799297618,4.225108111553106,1.6742962606173084,3.64424391335808,6.4161980516381805,0.1661979545076394,0.4473728344920617,7.325187747134792,0.050740833222176665,0.26190877881600455,0.10583127677100311,0.03178563068279135,3.992024647208302e-05,2.410907017631147e-06,1.3706238750979113e-11,1.1908302747964512,38.694168985393816,39.88499926019027,veteran,,,0.0,0.0,0.0,0.0,0.0,0.0,0.0,0.0,0.0,0.0,0.0,0.0,0.0,0.0,0.0,0.0,0.0,0.0,0.0,0.0,0.0,0.0,0.0,0.0,0.0,0.0,0.0,0.0,0.0,17,0.0,18.791999999999998,0.7303571428571428,0.0,43.62765229295003,0.328125,0.0,0.75,0.0,1.0,0.0,17.0,0.0,0.0,0.0,0.0,0.0,0.0,0.0,0.0,0.0,0.0,0.0,0.0,,10
00-0022924,2022,veteran,QB,11.943967325051858,36.262438800309326,433.1173841575873,2864.6208755180664,18.89901734959962,8.340768587742048,17.056439621050117,22.575589127568378,0.6514302626428017,2.4280014259134557,6.61395958762946,0.0436348621433383,0.24154747815722527,0.09389607666276242,0.02720502371318601,2.0662290412421192e-05,1.220453293656261e-06,1.3706407442910428e-11,5.21741317821994,174.80950488042382,180.02691805864376,veteran,,,0.0,0.0,0.0,0.0,0.0,0.0,0.0,0.0,0.0,0.0,0.0,0.0,0.0,0.0,0.0,0.0,0.0,0.0,0.0,0.0,0.0,0.0,0.0,0.0,0.0,0.0,0.0,0.0,0.0,17,220.1,15.097522482014387,0.9211955803004654,0.9411764705882353,40.50102669404517,0.8176470588235295,1.0,0.9411764705882353,0.0,0.058823529411764705,0.0,1.0,16.0,0.0,0.0,0.0,0.0,20.0,5.0,1.0,605.0,3740.0,22.0,10.0,,10
00-0022942,2022,veteran,QB,4.094547879492547,32.14507829534902,131.61956217034324,972.010363526471,5.841169129946284,3.1642692000387167,5.709743553227724,11.061309177192943,0.21188065409971865,0.7212995641569799,7.384999216670287,0.04437918675330791,0.23556370226144732,0.09050738887702992,0.025941859207304383,4.301987967696488e-05,2.6046653180095537e-06,1.3706219596496232e-11,1.7330396270616537,56.85136837477019,58.58440800183184,veteran,,,0.0,0.0,0.0,0.0,0.0,0.0,0.0,0.0,0.0,0.0,0.0,0.0,0.0,0.0,0.0,0.0,0.0,0.0,0.0,0.0,0.0,0.0,0.0,0.0,0.0,0.0,0.0,0.0,0.0,17,0.0,15.352500000000001,1.0,0.0,40.73100616016427,0.44999999999999996,0.0,1.0,0.0,1.0,0.0,17.0,0.0,0.0,0.0,0.0,0.0,0.0,0.0,0.0,0.0,0.0,0.0,0.0,,10
00-0023436,2022,veteran,QB,1.0286347812167456,26.04628527242761,26.792114952712517,188.382615866124,1.1363858223233652,0.6657377556383817,1.2320245874337346,3.32263653362335,0.0480135318508676,0.1849903075660783,7.031270812274997,0.04241493530201183,0.11813883747397778,0.034512739133952045,0.007685982157169635,6.39015528921665e-05,3.920962273176523e-06,1.3706118242450829e-11,0.1906571414352937,10.999736641997043,11.190393783432336,veteran,,,0.0,0.0,0.0,0.0,0.0,0.0,0.0,0.0,0.0,0.0,0.0,0.0,0.0,0.0,0.0,0.0,0.0,0.0,0.0,0.0,0.0,0.0,0.0,0.0,0.0,0.0,0.0,0.0,0.0,17,0.0,9.385,0.5,0.0,38.31895961670089,0.15,0.0,0.5,0.0,1.0,0.0,17.0,0.0,0.0,0.0,0.0,0.0,0.0,0.0,0.0,0.0,0.0,0.0,0.0,,10
00-0023459,2022,veteran,QB,12.80740023817194,36.253894731504396,464.31814001892985,3475.245862497709,27.039654076972617,6.572071628649298,28.278278418269313,98.4379607908837,1.4178259741851718,1.9203301908359511,7.48462220829026,0.05823518778712853,0.3213474938787484,0.14436789907731357,0.04793752014648135,0.0005388153305443031,3.553997643140717e-05,1.3705572041745867e-11,8.124585767059953,248.53439909302773,256.6589848600877,veteran,Aaron Rodgers,QB,17.0,239.2,0.0,0.0,0.0,0.0,34.0,94.0,1.0,542.0,350.0,3695.0,26.0,12.0,32.0,4.0,0.0,0.0,0.0,0.0,0.0,0.0,0.0,0.0,0.0,0.0,0.0,0.0,0.0,17,338.3,21.65723784194529,0.9685320936885392,0.9411764705882353,38.74880219028063,0.9676470588235294,1.0,1.0,0.0,0.058823529411764705,0.0,1.0,16.0,1.0,1.0,-4.0,0.0,33.0,101.0,3.0,531.0,4115.0,37.0,4.0,9.8,10
00-0023682,2022,veteran,QB,2.5711678883822846,28.568704345908685,73.45493522688783,530.5439068039964,3.305906813474311,1.8076778985213509,7.475735843238486,32.68567097797333,0.33622669207158257,0.44274382808831725,7.2227128805607235,0.045005918298927305,0.16420162180922618,0.054130342494562,0.01347992649986672,0.0020820793452723018,0.00014394621659266456,1.3705225432140061e-11,0.706184083597066,35.23046732306459,35.93665140666165,veteran,,,0.0,0.0,0.0,0.0,0.0,0.0,0.0,0.0,0.0,0.0,0.0,0.0,0.0,0.0,0.0,0.0,0.0,0.0,0.0,0.0,0.0,0.0,0.0,0.0,0.0,0.0,0.0,0.0,0.0,17,0.72,15.594222700376548,0.6691314906812645,0.058823529411764705,39.7700205338809,0.34172794117647054,1.0,0.9375,0.0,0.9411764705882353,0.0,16.0,1.0,0.0,0.0,0.0,0.0,1.0,2.0,0.0,6.0,13.0,0.0,0.0,,10
00-0026143,2022,veteran,QB,13.502677834386208,34.802836139326764,469.9314841122628,3365.44716984341,19.6748338657163,10.107931660735222,26.50402885359126,74.40616874692984,1.0284360030832018,2.815826058754701,7.161569896090282,0.04186745202416815,0.26490267723923,0.10763948532197087,0.032497287417942534,0.0002293310549489151,1.4693022936971991e-05,1.3705790907240236e-11,6.63802242851737,201.08093971081396,207.71896213933132,veteran,Matt Ryan,QB,12.0,162.78,0.0,0.0,0.0,0.0,27.0,70.0,1.0,461.0,309.0,3057.0,14.0,13.0,38.0,5.0,0.0,0.0,7.5,7.5,0.0,0.0,0.0,0.0,0.0,0.0,3.0,3.0,0.0,17,226.92,15.651259974021155,0.9911277602523659,1.0,37.29226557152635,0.9906250000000001,1.0,1.0,0.0,0.0,0.0,0.0,17.0,0.0,0.0,0.0,0.0,40.0,82.0,1.0,560.0,3968.0,20.0,12.0,,10
00-0026158,2022,veteran,QB,1.2948352131540062,24.778856093274143,32.08453541124707,229.20624186912235,1.4437729950614915,0.6937770745050513,1.2695790293449463,4.098985477465103,0.048491658616713416,0.2608887976891995,7.143822995447685,0.044999030734145656,0.10723869878165951,0.03031340646870281,0.006545731152174528,6.105683853738342e-05,3.740658274076936e-06,1.3706129907231787e-11,0.21477035285226492,13.734858410069148,13.949628762921412,veteran,Joe Flacco,QB,5.0,50.34,0.0,0.0,-3.0,0.0,3.0,6.0,0.0,191.0,110.0,1051.0,5.0,3.0,10.0,4.0,0.0,0.0,2.0,2.0,0.0,0.0,0.0,0.0,0.0,0.0,2.0,0.0,0.0,17,23.82,11.147811023622047,0.3187297359888837,0.11764705882352941,37.62354551676933,0.23345588235294118,1.0,0.5,0.0,0.8823529411764706,0.0,15.0,2.0,0.0,0.0,0.0,0.0,2.0,3.0,0.0,42.0,338.0,3.0,0.0,,10
00-0026197,2022,veteran,QB,1.611540967157554,12.90996015735606,20.804929677951073,148.26217650119776,0.935691009769016,0.4571746467593324,2.02907637891978,3.7334275848319023,0.08266155488511322,0.2836458683201202,7.126300294988501,0.04497448557880276,0.014575097596147658,0.002376615427100069,0.00029516840200397666,3.10728063719738e-05,1.8607921765736357e-06,1.3706302929038896e-11,0.030239311765362226,9.060922156758938,9.0911614685243,veteran,Chad Henne,QB,3.0,-0.5,0.0,0.0,0.0,0.0,5.0,-5.0,0.0,2.0,0.0,0.0,0.0,0.0,0.0,0.0,0.0,0.0,0.0,0.0,0.0,0.0,0.0,0.0,0.0,0.0,0.0,0.0,0.0,17,3.28,2.967049504950494,0.22081391962725683,0.23529411764705882,37.16632443531827,0.18566176470588236,1.0,0.23529411764705882,0.0,0.7647058823529411,0.0,13.0,4.0,0.0,0.0,0.0,0.0,8.0,0.0,0.0,16.0,82.0,0.0,0.0,,10
00-0026300,2022,veteran,QB,1.4999268632159612,21.435857806273297,32.152218959706886,232.35133363857142,1.5100286393394096,0.750075773190094,2.4797147118352902,8.749826266780387,0.09443632833296632,0.271424780399172,7.226603362267276,0.046964989919724524,0.07262626289542684,0.018143258452416017,0.0034822701606919836,0.0002647167183515805,1.7042926200492756e-05,1.3705754145179982e-11,0.16063612539077018,14.732767392397799,14.893403517788569,veteran,Josh Johnson,QB,1.0,0.7,0.0,0.0,0.0,0.0,2.0,3.0,0.0,2.0,1.0,10.0,0.0,0.0,0.0,0.0,0.0,0.0,0.0,0.0,0.0,0.0,0.0,0.0,0.0,0.0,0.0,0.0,0.0,17,48.32,12.08,0.23529411764705882,0.23529411764705882,36.2984257357974,0.12941176470588237,1.0,0.23529411764705882,0.0,0.7647058823529411,0.0,13.0,4.0,0.0,0.0,0.0,0.0,9.0,28.0,0.0,85.0,638.0,5.0,2.0,,10
00-0026498,2022,veteran,QB,13.303012398688768,34.40357256420621,457.6711523808239,3499.387954241942,24.462426229610838,11.022445201031486,24.630047834995786,63.21739505955782,0.7306737337926563,2.2265201102967516,7.646074995196844,0.053449788352087094,0.29998696178407147,0.12987028582786989,0.04162028040945574,0.00015888247984703906,1.005366972295241e-05,1.3705884925820569e-11,7.691893750693837,222.03307437417627,229.72496812487012,veteran,Matthew Stafford,QB,9.0,109.38000000000001,0.0,0.0,0.0,0.0,13.0,9.0,1.0,303.0,206.0,2087.0,10.0,8.0,29.0,3.0,0.0,0.0,1.0,1.0,0.0,0.0,0.0,0.0,0.0,0.0,1.0,0.0,0.0,17,338.24,19.038239268680446,0.9594594594594595,1.0,34.56536618754278,0.925,1.0,1.0,0.0,0.0,0.0,0.0,17.0,0.0,0.0,0.0,0.0,32.0,43.0,0.0,601.0,4886.0,41.0,17.0,10.7,10
00-0026544,2022,veteran,QB,0.07509259747928657,13.873247307642771,1.0417781758034146,7.447069904293201,0.04696070750441851,0.025368516792110073,0.06019448826679724,0.19634430335853578,0.002357126927141749,0.013588657074064385,7.14842187834282,0.0450774537182089,0.018449043148535956,0.003188014212796783,0.0004210305393562343,4.0098993753719106e-05,2.422067088006335e-06,1.3706237606605299e-11,0.0018109974853465272,0.4415884703557572,0.44339946784110373,veteran,Chase Daniel,QB,3.0,8.48,0.0,0.0,0.0,0.0,1.0,4.0,0.0,12.0,8.0,52.0,1.0,0.0,1.0,0.0,0.0,0.0,0.0,0.0,0.0,0.0,0.0,0.0,0.0,0.0,0.0,0.0,0.0,17,-0.2,3.434355495251017,0.1913710192353739,0.058823529411764705,35.90143737166324,0.1354779411764706,1.0,0.25,0.0,0.9411764705882353,0.0,16.0,1.0,0.0,0.0,0.0,0.0,2.0,-2.0,0.0,0.0,0.0,0.0,0.0,,10
00-0027688,2022,veteran,QB,4.047898023093719,17.733958282435154,71.78525467309574,511.86177982726423,3.0498459180250266,1.5303688437235259,7.818433927005423,18.42518641598129,0.2662243638733268,0.7661244513504774,7.130458506530924,0.04248568779081135,0.03927247837533405,0.00824212985771774,0.0013310257745116024,0.00014303927906472068,9.019037631483195e-06,1.3705911835414352e-11,0.2204254232586853,31.52073309988076,31.741158523139447,veteran,Colt McCoy,QB,4.0,32.8,0.0,0.0,0.0,0.0,14.0,36.0,0.0,132.0,90.0,780.0,1.0,3.0,13.0,0.0,0.0,0.0,0.0,0.0,0.0,0.0,0.0,0.0,0.0,0.0,0.0,0.0,0.0,17,42.300000000000004,5.62949733885275,0.3622008383483494,0.4117647058823529,35.98904859685147,0.3108455882352941,1.0,0.4117647058823529,0.0,0.5882352941176471,0.0,10.0,7.0,0.0,0.0,0.0,0.0,22.0,37.0,0.0,99.0,740.0,3.0,1.0,,10
00-0027939,2022,veteran,QB,6.381241268466951,24.945695718416577,159.18450298897918,1106.8012845865558,6.240308899114582,4.126470002922829,39.348992082873835,168.15108355984668,2.492185748166605,1.147023289624734,6.952946196422041,0.03920173623651429,0.10114126308284094,0.028039573527089783,0.0059449162317337595,0.015893130396687348,0.0011924868171049891,1.3704701304695547e-11,1.1025018360135463,90.45452323980973,91.55702507582328,veteran,,,0.0,0.0,0.0,0.0,0.0,0.0,0.0,0.0,0.0,0.0,0.0,0.0,0.0,0.0,0.0,0.0,0.0,0.0,0.0,0.0,0.0,0.0,0.0,0.0,0.0,0.0,0.0,0.0,0.0,17,86.36,15.059008379888267,0.6824089097929674,0.4117647058823529,33.308692676249144,0.5264705882352941,1.0,0.9375,0.0,0.5882352941176471,0.0,10.0,7.0,0.0,0.0,0.0,0.0,47.0,230.0,5.0,126.0,684.0,4.0,5.0,,10
00-0027973,2022,veteran,QB,7.551229385137369,28.850464218877327,217.85647318444072,1496.5402896808014,9.078513772380639,5.82503296479886,14.515406742835449,55.84038612889801,0.5431526535835419,1.3797850852872813,6.869386379966809,0.041671994592029526,0.14719269942261695,0.04653602708954409,0.011151397904501719,0.0004870525731286095,3.2014995460421256e-05,1.3705597923974039e-11,1.811046161851626,90.60898511097338,92.420031272825,veteran,Andy Dalton,QB,14.0,176.74,0.0,0.0,0.0,0.0,30.0,54.0,0.0,378.0,252.0,2871.0,18.0,9.0,25.0,1.0,0.0,0.0,2.5,2.5,0.0,0.0,0.0,0.0,0.0,0.0,1.0,1.0,0.0,17,86.2,12.577250234888819,0.6178048027855051,0.47058823529411764,34.841889117043124,0.5869485294117647,1.0,0.8125,0.17647058823529413,0.35294117647058826,3.0,9.0,8.0,0.0,0.0,0.0,0.0,16.0,76.0,0.0,236.0,1515.0,8.0,9.0,,10
00-0028118,2022,veteran,QB,3.4543870836612016,21.180847787714345,73.16684701887438,515.3157884233954,3.157293898898166,1.8064496974428021,9.296689105550275,50.07859234723634,0.4782754950271957,0.5827816695549355,7.04302302777189,0.04315197425527574,0.06489728093341031,0.015678762142006225,0.002912836650666453,0.002989504706253527,0.00020939932415114815,1.370513255060883e-11,0.33695715579309793,36.340856603419816,36.67781375921292,veteran,Tyrod Taylor,QB,2.0,11.319999999999999,0.0,0.0,0.0,0.0,5.0,70.0,0.0,8.0,6.0,58.0,1.0,1.0,3.0,1.0,0.0,0.0,0.0,0.0,0.0,0.0,0.0,0.0,0.0,0.0,0.0,0.0,0.0,17,81.74,10.664822404371584,0.306834619093539,0.35294117647058826,33.07871321013005,0.2691176470588236,1.0,0.35294117647058826,0.0,0.6470588235294118,0.0,11.0,6.0,0.0,0.0,0.0,0.0,19.0,151.0,3.0,150.0,966.0,5.0,5.0,,10
00-0028986,2022,veteran,QB,3.2557534806358173,18.48568547867169,60.18483483912434,425.9731221395666,2.7072637999925564,1.3222169449109418,3.85520936368962,10.288693771890804,0.14816827693537074,0.6418660021648394,7.077748460691203,0.04498249114131731,0.04360390485429432,0.009414211527129492,0.0015644414963315318,6.081887060656186e-05,3.7255880550301687e-06,1.370613090753042e-11,0.19834217034621682,25.857693230202635,26.05603540054885,veteran,Case Keenum,QB,2.0,0.32,0.0,0.0,0.0,0.0,5.0,0.0,0.0,7.0,2.0,8.0,0.0,0.0,0.0,0.0,0.0,0.0,0.0,0.0,0.0,0.0,0.0,0.0,0.0,0.0,0.0,0.0,0.0,17,28.68,7.1657774798927605,0.3913864138148557,0.29411764705882354,34.53798767967146,0.27426470588235297,1.0,0.625,0.0,0.7058823529411765,0.0,12.0,5.0,0.0,0.0,0.0,0.0,12.0,22.0,0.0,72.0,462.0,3.0,1.0,,10
00-0029263,2022,veteran,QB,12.079688280915212,32.62304238994123,394.0761828455733,2936.833132465189,21.458188962788814,7.7993532681261275,42.57676628337691,203.9544122778305,1.6193783462235853,2.1001480576346037,7.452450212186627,0.05445187985694035,0.24964005678207057,0.09856449340586221,0.028972434587565925,0.004563718553861297,0.00032474618013286126,1.3705023800804511e-11,5.562485106138312,213.61878980336593,219.18127490950425,veteran,Russell Wilson,QB,15.0,226.26000000000002,1.0,1.0,1.0,0.0,55.0,277.0,3.0,483.0,292.0,3524.0,16.0,11.0,55.0,2.0,0.0,0.0,1.0,1.0,0.0,0.0,0.0,0.0,0.0,0.0,1.0,0.0,0.0,17,243.82,19.899324104234527,0.9114772945008622,0.8235294117647058,33.75496235455168,0.9029411764705882,1.0,1.0,0.058823529411764705,0.11764705882352941,1.0,3.0,14.0,0.0,0.0,0.0,0.0,43.0,183.0,2.0,400.0,3113.0,25.0,6.0,6.5,10
00-0029567,2022,veteran,QB,1.9568243712731928,26.998484887515644,52.831293215341596,365.37284845853765,2.231492974732418,1.193112501963599,2.832502102234763,6.588104067067542,0.11395358889718708,0.3537643009722161,6.915841468602127,0.04223809108054199,0.12476294326663281,0.03714818724395575,0.008420918188793881,7.021276072133506e-05,4.321933898450326e-06,1.3706094116304876e-11,0.38628448111133984,21.789664171489424,22.175948652600763,veteran,Nick Foles,QB,2.0,1.7999999999999998,0.0,0.0,0.0,0.0,2.0,8.0,0.0,42.0,25.0,225.0,0.0,4.0,8.0,0.0,0.0,0.0,0.0,0.0,0.0,0.0,0.0,0.0,0.0,0.0,0.0,0.0,0.0,17,16.8,12.026117103235748,0.4450908637723194,0.058823529411764705,33.61259411362081,0.23860294117647057,1.0,0.5625,0.058823529411764705,0.8823529411764706,1.0,16.0,1.0,0.0,0.0,0.0,0.0,4.0,8.0,0.0,35.0,250.0,1.0,0.0,,10
00-0029604,2022,veteran,QB,13.042021013112107,33.61820525098023,438.44933930639996,3294.5491425310274,23.23570674008672,8.39161574849804,24.01615263876657,92.28928954848584,0.9160770267856106,2.514947704251493,7.514093071146607,0.0529951915923609,0.27338406885175487,0.1128369943658152,0.03456850932963759,0.00043430986069568987,2.8436628121388527e-05,1.370562729315826e-11,6.6808214834550705,217.63705687165114,224.31787835510622,veteran,Kirk Cousins,QB,17.0,303.08,0.0,0.0,0.0,0.0,31.0,97.0,2.0,643.0,424.0,4547.0,29.0,14.0,46.0,3.0,0.0,0.0,11.5,11.5,0.0,0.0,0.0,0.0,0.0,0.0,3.0,3.0,2.0,17,309.34000000000003,19.03177824669097,0.9590524537073606,0.9411764705882353,34.03422313483915,0.9582720588235294,1.0,1.0,0.0,0.058823529411764705,0.0,1.0,16.0,0.0,0.0,0.0,0.0,29.0,115.0,1.0,561.0,4221.0,33.0,7.0,8.3,10
00-0029701,2022,veteran,QB,13.53417268772732,31.875688293339948,431.411069902231,3171.3951174752174,20.791001604112463,9.81384775898881,38.40270902988985,184.97706548261596,2.827272542129824,2.5729094994265886,7.351214047877673,0.048193018340545235,0.22812642582534046,0.08636992182555647,0.024422338221537845,0.0025407677219775764,0.0001769185153364872,1.3705174321287314e-11,5.539971741216768,220.70763839966827,226.24761014088503,veteran,Ryan Tannehill,QB,12.0,162.24,0.0,0.0,0.0,0.0,34.0,98.0,2.0,325.0,212.0,2536.0,13.0,6.0,33.0,2.0,0.0,0.0,1.0,1.0,0.0,0.0,0.0,0.0,0.0,0.0,1.0,0.0,0.0,17,270.36,18.130588235294116,0.9707792207792207,1.0,34.09719370294319,0.9625000000000001,1.0,1.0,0.0,0.0,0.0,0.0,17.0,0.0,0.0,0.0,0.0,55.0,270.0,7.0,531.0,3734.0,21.0,14.0,,10
00-0030520,2022,veteran,QB,4.005366590427244,23.80970716185079,95.36660559393343,631.3134685280539,3.9893466566388653,2.9215535607779892,4.069512404853668,15.765713094098746,0.17821103208824876,0.9362152989412419,6.61985885516527,0.04183169393304526,0.07645832383747735,0.019400630040982154,0.003780130257453017,0.00010096678451368743,6.291712734121911e-06,1.370600106447261e-11,0.4535273938583151,36.14022515017852,36.59375254403684,veteran,,,0.0,0.0,0.0,0.0,0.0,0.0,0.0,0.0,0.0,0.0,0.0,0.0,0.0,0.0,0.0,0.0,0.0,0.0,0.0,0.0,0.0,0.0,0.0,0.0,0.0,0.0,0.0,0.0,0.0,17,30.9,7.094604316546762,0.3266372196360559,0.35294117647058826,32.720054757015745,0.30661764705882355,1.0,0.35294117647058826,0.058823529411764705,0.5882352941176471,1.0,11.0,6.0,0.0,0.0,0.0,0.0,7.0,33.0,1.0,167.0,790.0,4.0,10.0,,10
00-0030565,2022,veteran,QB,1.8424391428153752,21.138480470027382,38.9463638376168,280.90339787612754,1.80213968895176,0.8373662218547908,3.281180578483334,12.951126976188412,0.14435585002803827,0.36080074970418313,7.21257057648123,0.04627234769504059,0.06926501270967876,0.01705959971828548,0.0032294723607333383,0.00042686998705273324,2.7933032052023e-05,1.3705631720622405e-11,0.18752737403361242,18.20960852552127,18.397135899554883,veteran,Geno Smith,QB,17.0,309.38,0.0,0.0,0.0,0.0,68.0,366.0,1.0,572.0,399.0,4282.0,30.0,11.0,46.0,4.0,0.0,0.0,5.5,5.5,0.0,0.0,0.0,0.0,0.0,0.0,4.0,1.0,0.0,17,54.28,11.994441687344914,0.21342687198949062,0.23529411764705882,31.89322381930185,0.14816176470588235,1.0,0.23529411764705882,0.0,0.7647058823529411,0.0,13.0,4.0,0.0,0.0,0.0,0.0,9.0,42.0,1.0,95.0,702.0,5.0,1.0,,10
00-0031237,2022,veteran,QB,12.111960383912127,30.58153546503667,370.40234603172786,2677.352258443394,15.648318348153497,7.597683804597104,31.654737748200233,122.76789769000744,1.5590043569735366,2.002495145167631,7.228227053977832,0.04224681219166224,0.19682935910926727,0.06984937596561007,0.01861064227811243,0.00112468454545558,7.60888814222062e-05,1.3705383413578316e-11,4.118835948977371,172.11782174166225,176.23665769063962,veteran,Teddy Bridgewater,QB,5.0,39.02,0.0,0.0,0.0,0.0,3.0,27.0,0.0,79.0,49.0,683.0,4.0,4.0,7.0,0.0,0.0,0.0,1.0,1.0,0.0,0.0,0.0,0.0,0.0,0.0,1.0,0.0,0.0,17,204.68,14.765681562991244,0.8357823872868259,0.8235294117647058,29.806981519507186,0.8185661764705882,1.0,0.9375,0.11764705882352941,0.058823529411764705,2.0,3.0,14.0,0.0,0.0,0.0,0.0,30.0,106.0,2.0,426.0,3052.0,18.0,7.0,,10
00-0031280,2022,veteran,QB,14.036767426222546,33.689028168300155,472.8850532138894,3547.1689025576957,20.48634077148605,10.097557144019563,29.999954760379236,92.6794774674357,1.1204820466178824,3.4726080676921804,7.5011229017494125,0.0433220306547095,0.2736246825612032,0.11298607130018265,0.0346284761895095,0.000363102561643969,2.36296662819002e-05,1.3705673176896038e-11,7.197482885033101,212.6826287912794,219.8801116763125,veteran,Derek Carr,QB,15.0,221.08,0.0,0.0,0.0,0.0,24.0,102.0,0.0,502.0,305.0,3522.0,24.0,14.0,27.0,0.0,0.0,0.0,2.0,2.0,0.0,0.0,0.0,0.0,0.0,0.0,2.0,0.0,0.0,17,270.96,16.351665441176472,1.0,1.0,31.430527036276523,1.0,1.0,1.0,0.0,0.0,0.0,0.0,17.0,0.0,0.0,0.0,0.0,40.0,108.0,0.0,626.0,4804.0,23.0,14.0,10.6,10
00-0031345,2022,veteran,QB,12.132279996881108,29.004653061931666,351.89257215974993,2738.32379683328,16.358411534266565,9.077459039838915,25.37928689288844,48.503622621589805,1.138920199833512,2.343082255776953,7.781703887714213,0.0464869475188589,0.2076257050027063,0.07538711105330004,0.02051238317630811,0.00010475630645455895,6.53598821982499e-06,1.3705991626204484e-11,4.390013326853773,163.80939888032577,168.19941220717953,veteran,Jimmy Garoppolo,QB,11.0,165.78,0.0,0.0,0.0,0.0,23.0,33.0,2.0,308.0,207.0,2437.0,16.0,4.0,18.0,2.0,0.0,0.0,1.0,1.0,0.0,0.0,0.0,0.0,0.0,0.0,1.0,0.0,0.0,17,232.5,14.854351032448378,0.829624327607149,0.8823529411764706,30.830937713894592,0.7477941176470589,1.0,1.0,0.11764705882352941,0.0,2.0,2.0,15.0,0.0,0.0,0.0,0.0,38.0,51.0,3.0,441.0,3810.0,20.0,12.0,,10
00-0031395,2022,veteran,QB,0.2819799735376648,16.55828080562958,4.669103583400652,33.246361556117535,0.20281863306931716,0.10400383070473834,0.1908228200265759,0.8253305728245144,0.0075862785461815515,0.05199072810500615,7.120502032619971,0.0434384522524553,0.0316418200436251,0.006271298934982089,0.0009553191856379151,5.125897918863742e-05,3.121908369252983e-06,1.3706174711767007e-11,0.01212946688434085,1.9571906054620214,1.9693200723463622,veteran,,,0.0,0.0,0.0,0.0,0.0,0.0,0.0,0.0,0.0,0.0,0.0,0.0,0.0,0.0,0.0,0.0,0.0,0.0,0.0,0.0,0.0,0.0,0.0,0.0,0.0,0.0,0.0,0.0,0.0,17,7.76,5.3123827392120075,0.18089200971195232,0.058823529411764705,31.170431211498972,0.09797794117647059,1.0,0.3125,0.0,0.9411764705882353,0.0,16.0,1.0,0.0,0.0,0.0,0.0,0.0,0.0,0.0,31.0,194.0,0.0,0.0,,10
00-0031503,2022,veteran,QB,6.387892681420189,26.866416955206496,171.61978824414683,1261.3544279277276,8.90806003618865,4.591874067330234,22.718006291692653,95.05968853552095,0.8170691100561235,1.2221193332711624,7.349702740183555,0.051905786199409686,0.14572260269039855,0.04589887535567767,0.01096076524267845,0.003213802934143043,0.00022570844192378037,1.3705113963583334e-11,1.533380496725448,88.86681397454976,90.4001944712752,veteran,Jameis Winston,QB,3.0,46.419999999999995,0.0,0.0,0.0,0.0,5.0,16.0,0.0,115.0,73.0,858.0,4.0,5.0,11.0,0.0,0.0,0.0,2.5,2.5,0.0,0.0,0.0,0.0,0.0,0.0,1.0,1.0,0.0,17,117.4,16.06056074766355,0.5865204408016392,0.4117647058823529,28.65160848733744,0.43272058823529413,1.0,1.0,0.058823529411764705,0.5294117647058824,1.0,10.0,7.0,0.0,0.0,0.0,0.0,32.0,166.0,1.0,161.0,1170.0,14.0,3.0,,10
00-0031800,2022,veteran,QB,11.606076251367227,27.93413623959864,324.2057152128624,2290.2214036456467,14.177651920867897,8.484801731430904,41.035461313277956,199.83360052334393,1.3590588215200599,2.0459917830590633,7.0640994164521915,0.0437304194701174,0.14545831625433184,0.04578465601180009,0.01092667071530886,0.004819711017125321,0.00034367821911064964,1.3705009757111613e-11,2.800823237375365,155.39558978177226,158.19641301914763,veteran,Taylor Heinicke,QB,9.0,115.96,0.0,0.0,0.0,0.0,28.0,96.0,1.0,259.0,161.0,1859.0,12.0,6.0,19.0,5.0,0.0,0.0,0.0,0.0,0.0,0.0,0.0,0.0,0.0,0.0,0.0,0.0,0.0,17,223.36,13.880301576422207,0.9104619400878925,0.9411764705882353,29.464750171115675,0.5363970588235295,1.0,0.9411764705882353,0.0,0.058823529411764705,0.0,1.0,16.0,1.0,1.0,-2.0,0.0,60.0,313.0,1.0,494.0,3419.0,20.0,15.0,,10
00-0032156,2022,veteran,QB,3.549631708362784,25.984213184944974,92.234387038139,640.3289671730233,4.422677923775342,1.9867963971141758,4.326804937033315,13.549935529798049,0.19169353794249094,0.6755666053003364,6.942410393080909,0.04795042354373277,0.11318294457314211,0.03258218519195563,0.007156963541926588,9.392999472911279e-05,5.838948355403557e-06,1.3706019569878367e-11,0.6264135810377001,40.484299157828026,41.11071273886573,veteran,Trevor Siemian,QB,2.0,10.16,0.0,0.0,0.0,0.0,4.0,8.0,0.0,26.0,15.0,184.0,1.0,1.0,2.0,0.0,0.0,0.0,0.0,0.0,0.0,0.0,0.0,0.0,0.0,0.0,0.0,0.0,0.0,17,90.16000000000001,14.339909665763328,0.33956041766300016,0.35294117647058826,30.68309377138946,0.20349264705882356,1.0,0.35294117647058826,0.0,0.6470588235294118,0.0,11.0,6.0,0.0,0.0,0.0,0.0,9.0,20.0,1.0,188.0,1154.0,11.0,3.0,,10
00-0032245,2022,veteran,QB,0.0,19.536762545155916,0.0,0.0,0.0,0.0,0.0,0.0,0.0,0.0,7.083594079502449,0.044581397741381375,6.603958413836337e-09,3.7331242678705746e-11,1.1361459963998721e-13,8.893062014390459e-07,4.7245240835277157e-08,1.3707213196897007e-11,0.0,0.0,0.0,veteran,,,0.0,0.0,0.0,0.0,0.0,0.0,0.0,0.0,0.0,0.0,0.0,0.0,0.0,0.0,0.0,0.0,0.0,0.0,0.0,0.0,0.0,0.0,0.0,0.0,0.0,0.0,0.0,0.0,0.0,17,12.959999999999999,6.706686930091185,0.1186639549436796,0.058823529411764705,30.351813826146476,0.06047794117647059,1.0,0.1875,0.0,0.9411764705882353,0.0,16.0,1.0,0.0,0.0,0.0,0.0,2.0,14.0,0.0,36.0,189.0,1.0,0.0,,10
00-0032434,2022,veteran,QB,3.3099252195849695,17.452828599377348,57.7675575341729,402.7798298330447,2.59975112058059,1.3149070977454407,4.279447572511659,10.3480370429399,0.1551861815052716,0.5834766798795211,6.972422706201085,0.04500365311520544,0.034890486216526684,0.007095129243008096,0.0011096214300620087,5.936637333007114e-05,3.633646669113055e-06,1.3706137099273302e-11,0.1582714879843796,24.679350913719844,24.837622401704223,veteran,Brandon Allen,QB,1.0,0.78,0.0,0.0,0.0,0.0,3.0,-1.0,0.0,3.0,3.0,22.0,0.0,0.0,1.0,0.0,0.0,0.0,0.0,0.0,0.0,0.0,0.0,0.0,0.0,0.0,0.0,0.0,0.0,17,13.860000000000003,6.105806869734285,0.2896215355876635,0.29411764705882354,29.987679671457904,0.28363970588235293,1.0,0.3125,0.0,0.7058823529411765,0.0,12.0,5.0,0.0,0.0,0.0,0.0,7.0,-1.0,0.0,34.0,149.0,2.0,0.0,,10
00-0032436,2022,veteran,QB,0.26527417232132955,22.978946672653525,6.095721059404133,43.54946784828159,0.27721493439982264,0.1483791481588648,0.8411586597496332,4.0972560234509166,0.03340271833873875,0.04929619602589827,7.144268483397208,0.045476971747608286,0.08620190212630113,0.02270068276174997,0.0045837094679986885,0.0035628609995772484,0.0002511784209519617,1.3705087465910478e-11,0.03537695668739135,3.065629675538552,3.1010066322259435,veteran,Jeff Driskel,QB,7.0,16.72,1.0,1.0,4.0,0.0,20.0,75.0,0.0,20.0,14.0,108.0,1.0,0.0,2.0,0.0,0.0,0.0,0.0,0.0,0.0,0.0,0.0,0.0,0.0,0.0,0.0,0.0,0.0,17,0.0,13.084444444444443,0.1875,0.0,29.357973990417523,0.08437499999999999,0.0,0.1875,0.0,1.0,0.0,17.0,0.0,0.0,0.0,0.0,0.0,0.0,0.0,0.0,0.0,0.0,0.0,0.0,,10
00-0032950,2022,veteran,QB,13.679081492214081,32.60131693133724,445.9560710572608,3057.3001094523615,20.503655915241637,9.158494874049076,44.86022773130449,181.72135779682796,1.7661501740172796,3.284571500485671,6.855608226622402,0.045976851187678906,0.20248917637696068,0.07273141470077471,0.019594438982692003,0.0023496748996790014,0.00016315184779375615,1.3705194396099537e-11,4.83377126927278,208.189532113778,213.02330338305077,veteran,Carson Wentz,QB,8.0,117.3,0.0,0.0,0.0,0.0,22.0,86.0,1.0,276.0,172.0,1755.0,11.0,9.0,26.0,1.0,0.0,0.0,4.5,4.5,0.0,0.0,0.0,0.0,0.0,0.0,3.0,1.0,0.0,17,263.52000000000004,16.135767090620035,0.9391891891891891,1.0,29.67008898015058,0.925,1.0,1.0,0.0,0.0,0.0,0.0,17.0,0.0,0.0,0.0,0.0,57.0,215.0,1.0,516.0,3563.0,27.0,7.0,,10
00-0033077,2022,veteran,QB,12.404718595632524,35.83011154960606,444.46245102298593,3314.16024297361,22.518569733188716,8.810948599659637,35.846046063328316,132.5496200025804,1.5198502141778079,3.01288679566412,7.456558445703693,0.05066472922821582,0.31057117630437575,0.1369610810777982,0.04467401172344573,0.0012969909921338588,8.818310206046241e-05,1.3705346860623882e-11,7.527060276358004,221.36708114637662,228.89414142273463,veteran,Dak Prescott,QB,12.0,199.60000000000002,0.0,0.0,0.0,0.0,45.0,182.0,1.0,394.0,261.0,2860.0,23.0,15.0,20.0,1.0,0.0,0.0,1.0,1.0,0.0,0.0,0.0,0.0,0.0,0.0,1.0,0.0,0.0,17,334.06,22.26656687590536,0.8753568182463715,0.9411764705882353,29.09240246406571,0.7613970588235295,1.0,1.0,0.0,0.058823529411764705,0.0,1.0,16.0,0.0,0.0,0.0,0.0,48.0,146.0,1.0,596.0,4449.0,37.0,10.0,7.4,10
00-0033106,2022,veteran,QB,12.807078857155373,34.314015241700716,439.4622991060925,3078.0370956371135,18.162221508683313,9.4133765897797,27.865963705828644,82.82290309493148,1.1908322396019448,3.2022531654972655,7.004098194311843,0.04132828127834168,0.24277633309480592,0.09459862822338753,0.027468992351983704,0.00034423977032178193,2.2361493825358608e-05,1.3705686845368529e-11,5.634987166464094,185.96639409676865,191.60138126323275,veteran,Jared Goff,QB,17.0,291.82,1.0,1.0,5.0,0.0,29.0,73.0,0.0,587.0,382.0,4438.0,29.0,7.0,23.0,4.0,0.0,0.0,8.0,8.0,0.0,0.0,0.0,0.0,0.0,0.0,5.0,2.0,0.0,17,195.5,15.259143451143451,0.8897196404549346,0.8235294117647058,27.88227241615332,0.8841911764705882,1.0,1.0,0.11764705882352941,0.058823529411764705,2.0,3.0,14.0,0.0,0.0,0.0,0.0,17.0,87.0,0.0,494.0,3245.0,19.0,8.0,,10
00-0033119,2022,veteran,QB,8.642776976542228,21.30130672859063,184.10244336412717,1245.3421671359843,7.450857606300959,3.8086500367565987,17.15295760935591,57.30231734371533,0.8597749105757757,1.7282269987923493,6.7643978231884905,0.0404712586652871,0.05846902717959355,0.013703987225006384,0.0024713521610807785,0.0003670020158238042,2.3892118727079882e-05,1.370567043993701e-11,0.7291958691688171,79.4322442373715,80.16144010654033,veteran,Jacoby Brissett,QB,14.0,169.62,0.0,0.0,0.0,0.0,49.0,243.0,2.0,369.0,236.0,2608.0,12.0,6.0,24.0,4.0,0.0,0.0,1.0,1.0,0.0,0.0,0.0,0.0,0.0,0.0,1.0,0.0,0.0,17,72.32000000000001,7.144683301343571,0.6920363634897337,0.5882352941176471,29.72210814510609,0.6704044117647059,1.0,0.9375,0.0,0.4117647058823529,0.0,7.0,10.0,0.0,0.0,0.0,0.0,19.0,70.0,1.0,225.0,1283.0,5.0,4.0,,10
00-0033275,2022,veteran,QB,3.3701870552824134,15.791114415215592,53.2190093906431,373.40397813045587,2.256803770583641,1.5014788735526596,3.8080986908769487,10.03412936311871,0.14435156785242384,0.6319677318797241,7.016364686339075,0.042405971032231,0.026085483800095607,0.004918357144863791,0.0007116002072289757,5.323385319409131e-05,3.2463256860863926e-06,1.3706165028321231e-11,0.11776890604458258,21.56600334011444,21.683772246159023,veteran,PJ Walker,QB,6.0,40.14,0.0,0.0,0.0,0.0,6.0,39.0,0.0,106.0,63.0,731.0,3.0,3.0,7.0,0.0,0.0,0.0,1.0,1.0,0.0,0.0,0.0,0.0,0.0,0.0,1.0,0.0,0.0,17,13.78,2.5577018633540374,0.2801424917793205,0.29411764705882354,27.512662559890487,0.23676470588235293,1.0,0.29411764705882354,0.0,0.7058823529411765,0.0,12.0,5.0,0.0,0.0,0.0,0.0,7.0,13.0,0.0,66.0,362.0,1.0,3.0,,10
00-0033319,2022,veteran,QB,2.5705553386095237,26.149526858850553,67.21880586913142,481.5095808878139,2.937485005504644,1.7053116926322978,2.95620264610376,8.18216041972291,0.11500066428992396,0.534479433622049,7.163316495465079,0.043700344978214074,0.12589161094827,0.03760349200013379,0.008549343368190408,6.181535723054208e-05,3.788707555938964e-06,1.3706126744617903e-11,0.5127307672402541,28.038961032734274,28.551691799974527,veteran,Nick Mullens,QB,4.0,11.759999999999998,0.0,0.0,0.0,0.0,4.0,8.0,0.0,25.0,21.0,224.0,1.0,1.0,0.0,0.0,0.0,0.0,0.0,0.0,0.0,0.0,0.0,0.0,0.0,0.0,0.0,0.0,0.0,17,9.879999999999999,11.057048917401763,0.5220853577998962,0.058823529411764705,27.449691991786448,0.22922794117647058,1.0,0.625,0.0,0.9411764705882353,0.0,16.0,1.0,0.0,0.0,0.0,0.0,0.0,0.0,0.0,30.0,147.0,1.0,0.0,,10
00-0033537,2022,veteran,QB,10.064164768489912,32.6830057642023,328.9271551404375,2527.8414159473095,16.31793827547749,6.742674807003255,52.764774233072075,244.87558120734016,2.264025885142982,1.9444196498299946,7.685110141994911,0.04960958078547952,0.2697558636836204,0.11059996289246032,0.03367239384107389,0.01270232783814604,0.0009429824319010866,1.3704759528495952e-11,5.204354690253249,187.08293425772774,192.28728894798098,veteran,Deshaun Watson,QB,6.0,85.58,0.0,0.0,0.0,0.0,36.0,175.0,1.0,170.0,99.0,1102.0,7.0,5.0,20.0,0.0,0.0,0.0,0.0,0.0,0.0,0.0,0.0,0.0,0.0,0.0,0.0,0.0,0.0,17,0.0,23.321702127659577,0.9800531914893617,0.0,26.965092402464066,0.440625,0.0,1.0,1.0,0.0,17.0,17.0,0.0,0.0,0.0,0.0,0.0,0.0,0.0,0.0,0.0,0.0,0.0,0.0,,10
00-0033662,2022,veteran,QB,2.180669550982671,15.333183451452193,33.436606272213176,244.51923486167757,1.5630131452587472,0.7742322421162963,3.2033672712309333,5.581393051666886,0.12199558358596241,0.4309406935266733,7.312920242892007,0.04674556779279535,0.02707554355812246,0.005154002406449659,0.0007531106675124625,3.831084751920887e-05,2.3105012207833567e-06,1.3706249291633002e-11,0.07927724960391085,14.912588910898618,14.991866160502529,veteran,Cooper Rush,QB,8.0,56.64,0.0,0.0,0.0,0.0,9.0,6.0,0.0,162.0,94.0,1051.0,5.0,3.0,7.0,0.0,0.0,0.0,0.0,0.0,0.0,0.0,0.0,0.0,0.0,0.0,0.0,0.0,0.0,17,25.08,6.27,0.23529411764705882,0.23529411764705882,28.777549623545518,0.12941176470588237,1.0,0.23529411764705882,0.0,0.7647058823529411,0.0,13.0,4.0,0.0,0.0,0.0,0.0,9.0,-8.0,0.0,47.0,422.0,3.0,1.0,,10
00-0033869,2022,veteran,QB,5.603890531223903,23.571744652612843,132.09347666320477,919.9388687067591,5.923450867181357,3.1989726269939314,15.671702231586973,62.560385621947326,0.6532987351110721,0.9878819458061705,6.9643020378084435,0.04484287200861722,0.08619110969341354,0.02269694690123425,0.00458278268479629,0.0014605165067934718,9.971508569705056e-05,1.3705316405998655e-11,0.734177940629411,62.29348004425676,63.02765798488617,veteran,Mitchell Trubisky,QB,7.0,73.88,0.0,0.0,0.0,0.0,19.0,38.0,2.0,180.0,117.0,1252.0,4.0,5.0,11.0,0.0,0.0,0.0,0.0,0.0,0.0,0.0,0.0,0.0,0.0,0.0,0.0,0.0,0.0,17,8.120000000000001,10.338589118198875,0.6054450391788986,0.29411764705882354,28.032854209445585,0.4898897058823529,1.0,0.9375,0.0,0.7058823529411765,0.0,12.0,5.0,0.0,0.0,0.0,0.0,13.0,24.0,1.0,8.0,43.0,0.0,1.0,,10
00-0033873,2022,veteran,QB,14.24900106402994,38.43231006676558,547.6220270344713,4078.704296931395,28.380272680018894,10.208579340670992,55.06464086143103,279.4091770445335,2.0154211646084246,2.7576327933391083,7.448028193859798,0.05182456380307805,0.3599052461293949,0.1724580909057929,0.060996307675705595,0.006931667517424172,0.0005013847217053484,1.3704916144428765e-11,10.662082107591024,290.77028302141514,301.43236512900614,veteran,Patrick Mahomes,QB,17.0,436.9,1.0,1.0,6.0,0.0,61.0,358.0,4.0,648.0,435.0,5250.0,41.0,12.0,26.0,0.0,0.0,0.0,20.0,20.0,0.0,0.0,0.0,0.0,0.0,0.0,10.0,4.0,2.0,17,375.16,23.264705882352942,0.9646915584415585,1.0,26.95687885010267,0.9625,1.0,1.0,0.0,0.0,0.0,0.0,17.0,0.0,0.0,0.0,0.0,66.0,381.0,2.0,658.0,4839.0,37.0,13.0,5.7,10
00-0033936,2022,veteran,QB,1.6827489399016704,15.318722924603435,25.777564762023847,186.84385171467764,1.196106174376921,0.5478651190626083,1.5893875360730896,6.297379888690222,0.06242555873873081,0.3431256222888331,7.24831276498006,0.04640105399479219,0.026260836172391767,0.004959915235892976,0.0007188903997846257,8.966396210553397e-05,5.565015081968636e-06,1.3706031476317236e-11,0.05929418527226406,11.480488624693313,11.539782809965578,veteran,C.J. Beathard,QB,4.0,-1.0,0.0,0.0,0.0,0.0,4.0,-4.0,0.0,11.0,7.0,35.0,0.0,1.0,1.0,0.0,0.0,0.0,0.0,0.0,0.0,0.0,0.0,0.0,0.0,0.0,0.0,0.0,0.0,17,1.52,5.809211618257262,0.2810288015621186,0.11764705882352941,28.791238877481177,0.17720588235294116,1.0,0.375,0.0,0.8823529411764706,0.0,15.0,2.0,0.0,0.0,0.0,0.0,1.0,2.0,0.0,2.0,33.0,0.0,0.0,,10
00-0034177,2022,veteran,QB,3.4859669693361,14.651789060127786,51.075652705285485,356.8531706453663,2.2541608670941256,1.4637130061920862,3.610763869315416,8.24617002988254,0.1362378784807419,0.5785430773310591,6.986756932984586,0.04413376526191426,0.020376525774125125,0.003609347138021143,0.0004892524341113726,3.244898753197019e-05,1.94604657721859e-06,1.370629182857129e-11,0.09343932077981687,20.84830240101757,20.941741721797385,veteran,Tim Boyle,QB,1.0,-2.88,0.0,0.0,0.0,0.0,2.0,-2.0,0.0,8.0,2.0,33.0,0.0,2.0,0.0,0.0,0.0,0.0,0.0,0.0,0.0,0.0,0.0,0.0,0.0,0.0,0.0,0.0,0.0,17,24.34,2.502653915122534,0.3600326113709082,0.23529411764705882,27.912388774811774,0.30753676470588237,1.0,0.5,0.0,0.7647058823529411,0.0,13.0,4.0,0.0,0.0,0.0,0.0,2.0,13.0,0.0,94.0,526.0,3.0,6.0,,10
00-0034401,2022,veteran,QB,2.340116417311109,26.486832600030912,61.98227180990342,445.8106989078676,2.760068753388249,1.85399021012948,2.2164726064358935,5.779158463403815,0.08663765443192437,0.42346437033291073,7.19255177149923,0.044529970793152664,0.1319775808972589,0.04008986458342705,0.00925804239155277,3.551410313227623e-05,2.1363624810062386e-06,1.3706268708491904e-11,0.49298572938444263,25.41553558187485,25.908521311259292,veteran,Mike White,QB,4.0,60.08,0.0,0.0,0.0,0.0,6.0,9.0,1.0,175.0,103.0,1192.0,3.0,4.0,9.0,1.0,0.0,0.0,3.5,3.5,0.0,0.0,0.0,0.0,0.0,0.0,2.0,1.0,0.0,17,48.519999999999996,12.129999999999999,0.23529411764705882,0.23529411764705882,27.43874058863792,0.12941176470588237,1.0,0.23529411764705882,0.0,0.7647058823529411,0.0,13.0,4.0,0.0,0.0,0.0,0.0,5.0,-1.0,0.0,132.0,953.0,5.0,8.0,,10
00-0034577,2022,veteran,QB,3.0862480038385036,24.7245013618939,76.30594297404741,541.3714984887191,3.3814737558655215,1.8018286395093213,6.325494097780994,23.745498671006455,0.27404848202939186,0.6939847179608919,7.094748814949396,0.044314684074025563,0.10447918763507345,0.029277610079810154,0.006270550751782194,0.0005402771198734959,3.5639698713829764e-05,1.3705571347450204e-11,0.498523000952536,34.20796900734742,34.70649200829996,veteran,Kyle Allen,QB,2.0,15.939999999999998,0.0,0.0,0.0,0.0,6.0,13.0,0.0,78.0,46.0,416.0,2.0,4.0,5.0,1.0,0.0,0.0,0.0,0.0,0.0,0.0,0.0,0.0,0.0,0.0,0.0,0.0,0.0,17,7.9,10.635193253689389,0.47933890703154064,0.11764705882352941,26.483230663928815,0.2615808823529412,1.0,0.8125,0.0,0.8823529411764706,0.0,15.0,2.0,0.0,0.0,0.0,0.0,2.0,11.0,0.0,19.0,120.0,1.0,0.0,,10
00-0034771,2022,veteran,QB,2.4349402873738515,22.007655647813785,53.587327367512465,371.77299172800633,2.3551834155785123,1.2697613285961458,4.849429620544735,19.510324379995115,0.17833283913648643,0.41954033062967516,6.937703557751887,0.04395038027230207,0.06956326854339939,0.01715502294332603,0.0032515835849085636,0.0006010765116042026,3.979542024272287e-05,1.3705544018609207e-11,0.24948334826698151,23.93407948580109,24.18356283406807,veteran,,,0.0,0.0,0.0,0.0,0.0,0.0,0.0,0.0,0.0,0.0,0.0,0.0,0.0,0.0,0.0,0.0,0.0,0.0,0.0,0.0,0.0,0.0,0.0,0.0,0.0,0.0,0.0,0.0,0.0,17,18.38,8.471181102362205,0.3639069013432144,0.11764705882352941,27.12662559890486,0.23345588235294118,1.0,0.625,0.0,0.8823529411764706,0.0,15.0,2.0,0.0,0.0,0.0,0.0,5.0,53.0,0.0,58.0,277.0,1.0,1.0,,10
00-0034796,2022,veteran,QB,11.387593697469367,33.625147526337145,382.90951804739456,2807.1780309249534,19.299819073137577,9.87671076687378,110.37351790287293,631.2869327726678,3.5751418549430714,2.356024775649459,7.331178512458642,0.05040308000583246,0.2580670355730918,0.10353113090560118,0.030887047960974755,0.12144062079569051,0.010865955460586165,1.3704151450811825e-11,6.979198611074971,249.6004708514272,256.5796694625022,veteran,Lamar Jackson,QB,12.0,239.08,0.0,0.0,0.0,0.0,112.0,764.0,3.0,326.0,203.0,2242.0,17.0,7.0,26.0,2.0,0.0,2.0,1.0,3.0,0.0,0.0,0.0,2.0,0.0,0.0,1.0,0.0,0.0,17,247.48,22.529208078057632,0.8265001201297401,0.7058823529411765,25.648186173853524,0.8101102941176471,1.0,0.9375,0.058823529411764705,0.23529411764705882,1.0,5.0,12.0,0.0,0.0,0.0,0.0,133.0,767.0,2.0,382.0,2882.0,16.0,13.0,4.7,10
00-0034855,2022,veteran,QB,12.73726904858157,31.48476440072372,401.02991510322113,2884.073932886639,18.07481892753623,10.377077710505041,34.036209477737444,119.31515303891248,1.266984241111165,2.5406987147407953,7.1916678139692065,0.045070999062211986,0.2093191014712729,0.07627102826224354,0.02082031577711097,0.0009100303793814356,6.111637472739586e-05,1.3705437710311506e-11,4.6665275369841455,181.36010092567707,186.02662846266122,veteran,Baker Mayfield,QB,12.0,121.42,0.0,0.0,0.0,0.0,31.0,89.0,1.0,335.0,201.0,2163.0,10.0,8.0,36.0,2.0,0.0,0.0,0.0,0.0,0.0,0.0,0.0,0.0,0.0,0.0,0.0,0.0,0.0,17,182.9,14.157943811074919,0.9114772945008622,0.8235294117647058,27.38398357289528,0.9029411764705882,1.0,1.0,0.058823529411764705,0.11764705882352941,1.0,3.0,14.0,0.0,0.0,11.0,0.0,37.0,134.0,1.0,418.0,3010.0,17.0,13.0,,10
00-0034857,2022,veteran,QB,14.625263951813883,38.06447835254959,556.7030430941435,3969.0370811810567,28.407841479850862,12.225807012494368,90.9850078220565,465.4515552361057,4.707981332448765,3.105781416203428,7.129540839441499,0.05102871599544471,0.32143931986010316,0.1444318328503954,0.04796601702316344,0.0269860345130017,0.002083681768708426,1.370456280929194e-11,9.7130862064841,316.5227158275533,326.2358020340374,veteran,Josh Allen,QB,16.0,408.52,0.0,0.0,0.0,0.0,124.0,762.0,7.0,567.0,359.0,4283.0,35.0,14.0,33.0,5.0,0.0,0.0,13.0,13.0,0.0,0.0,0.0,0.0,0.0,0.0,6.0,2.0,2.0,17,414.08,23.856205882352942,1.0,1.0,26.28062970568104,1.0,1.0,1.0,0.0,0.0,0.0,0.0,17.0,0.0,0.0,0.0,0.0,122.0,763.0,6.0,646.0,4407.0,36.0,15.0,6.3,10
00-0034869,2022,veteran,QB,10.498634750580926,32.3003705985771,339.109793222864,2278.7662645667697,12.607274433871847,9.310348750787178,36.937320065698884,161.63760032505417,2.0370889264016756,2.2613649972919903,6.71984799645452,0.03717755926201254,0.1877308220570005,0.065312993853674,0.017088641704870223,0.0035314054148801125,0.00024887890913027677,1.370508974522736e-11,3.3992723169346366,146.8226144129153,150.22188672984993,veteran,Sam Darnold,QB,6.0,87.32,0.0,0.0,0.0,0.0,26.0,106.0,2.0,140.0,82.0,1143.0,7.0,3.0,10.0,2.0,0.0,0.0,1.0,1.0,0.0,0.0,0.0,0.0,0.0,0.0,1.0,0.0,0.0,17,160.28,12.910347586896725,0.7370620228586559,0.7058823529411765,25.240246406570844,0.7351102941176471,1.0,0.8125,0.0,0.29411764705882354,0.0,5.0,12.0,0.0,0.0,0.0,0.0,48.0,222.0,5.0,406.0,2527.0,9.0,13.0,,10
00-0034899,2022,veteran,QB,0.8443783561889859,13.590051852933136,11.475145644102763,81.77094756278115,0.5081069202386431,0.28493762582735166,1.6499275653798016,7.3780861269809295,0.06437669819723313,0.15666508660939932,7.125918057938059,0.04427890817226937,0.017123182788990172,0.002904783696893299,0.00037622144296763,0.00075594132821271,5.044413675191661e-05,1.3705485264444026e-11,0.019475087572985897,5.544128960473808,5.563604048046794,veteran,John Wolford,QB,2.0,14.8,0.0,0.0,0.0,0.0,8.0,32.0,0.0,62.0,38.0,390.0,1.0,3.0,7.0,1.0,0.0,0.0,0.0,0.0,0.0,0.0,0.0,0.0,0.0,0.0,0.0,0.0,0.0,17,-1.9000000000000001,2.1481938325991186,0.1052571909821197,0.11764705882352941,26.87748117727584,0.08345588235294119,1.0,0.11764705882352941,0.0,0.8823529411764706,0.0,15.0,2.0,0.0,0.0,0.0,0.0,2.0,-1.0,0.0,4.0,5.0,0.0,1.0,,10
00-0034955,2022,veteran,QB,0.4076417026887551,14.89877186238699,6.073360729954747,43.60524605275441,0.27767605475306734,0.15713847216560065,0.43576390044770286,1.2752400045151988,0.0172924171792964,0.07623178188172648,7.179755656153708,0.045720329665835,0.02337812239102568,0.0042866948709480695,0.0006024768217336884,5.9450399943693033e-05,3.6389634014013106e-06,1.3706136736974752e-11,0.012668699929466929,2.61945205655509,2.632120756484557,veteran,Brett Rypien,QB,4.0,18.02,0.0,0.0,0.0,0.0,6.0,7.0,0.0,88.0,53.0,483.0,2.0,4.0,8.0,1.0,0.0,0.0,0.0,0.0,0.0,0.0,0.0,0.0,0.0,0.0,0.0,0.0,0.0,17,0.0,3.033157894736842,0.09434984520123839,0.058823529411764705,26.146475017111566,0.06985294117647059,1.0,0.125,0.0,0.9411764705882353,0.0,16.0,1.0,0.0,0.0,0.0,0.0,0.0,0.0,0.0,2.0,0.0,0.0,0.0,,10
00-0035228,2022,veteran,QB,12.749703385374247,36.900726442178694,470.4733168426147,3443.135384775747,21.613230652527562,10.392914618854025,80.40025621371265,412.1471841862965,4.258548908617373,2.053363623028337,7.3184498706173455,0.045939333600417,0.3180149347127758,0.14205700931923637,0.04691125533282377,0.028189909679203106,0.0021824155013011864,1.3704551314531832e-11,8.368733083193217,266.05179338770927,274.4205264709025,veteran,Kyler Murray,QB,11.0,203.52,0.0,0.0,0.0,0.0,67.0,418.0,3.0,390.0,259.0,2368.0,14.0,7.0,25.0,2.0,0.0,1.0,2.0,3.0,0.0,0.0,0.0,1.0,0.0,0.0,2.0,0.0,0.0,17,308.48,22.149682410423452,0.9114772945008622,0.8235294117647058,25.06776180698152,0.9029411764705882,1.0,1.0,0.0,0.17647058823529413,0.0,3.0,14.0,0.0,0.0,7.0,0.0,88.0,423.0,5.0,481.0,3787.0,24.0,10.0,6.1,10
00-0035232,2022,veteran,QB,2.47159147225844,26.180406294592743,64.70726893797661,450.88116235702927,2.6983611380137478,1.618702618625642,6.454291831381657,22.289914411505748,0.2556066328590378,0.5176567429905558,6.96801410038197,0.04170105124665652,0.11684110367069524,0.03400379522623024,0.007545739905233631,0.000822282350350844,5.503034735522891e-05,1.37054637022561e-11,0.4543850486219476,28.318603561408572,28.77298861003052,veteran,,,0.0,0.0,0.0,0.0,0.0,0.0,0.0,0.0,0.0,0.0,0.0,0.0,0.0,0.0,0.0,0.0,0.0,0.0,0.0,0.0,0.0,0.0,0.0,0.0,0.0,0.0,0.0,0.0,0.0,17,0.0,9.348695652173912,0.48641304347826086,0.0,25.3305954825462,0.215625,0.0,0.5625,0.0,1.0,0.0,17.0,0.0,0.0,0.0,0.0,0.0,0.0,0.0,0.0,0.0,0.0,0.0,0.0,,10
00-0035264,2022,veteran,QB,1.1962167939709698,12.933884266073665,15.47172957035421,110.47501303889678,0.7062130662261092,0.39283724894720173,1.5750155681948865,4.730028461311912,0.06182382743248785,0.218155553033987,7.140443641839557,0.045645385864247705,0.01475188558860175,0.002412540511774486,0.0003005702659771775,0.00010206242168648532,6.3623069248134525e-06,1.370599829973591e-11,0.022827934761397318,6.865812993224049,6.888640927985446,veteran,Jarrett Stidham,QB,3.0,45.14,0.0,0.0,0.0,0.0,14.0,84.0,0.0,83.0,53.0,656.0,4.0,3.0,7.0,1.0,0.0,0.0,2.5,2.5,0.0,0.0,0.0,0.0,0.0,0.0,1.0,1.0,0.0,17,0.0,1.8646153846153848,0.28365384615384615,0.0,26.064339493497606,0.121875,0.0,0.3125,0.0,1.0,0.0,17.0,0.0,0.0,0.0,0.0,0.0,0.0,0.0,0.0,0.0,0.0,0.0,0.0,,10
00-0035289,2022,veteran,QB,4.449201228450217,29.56591761607364,131.54471697769276,935.1829656964045,6.173839611055171,2.6433757481818123,15.261136390586664,66.02048972615368,0.5193542040165037,0.9841162235550867,7.109240014975227,0.04693339081114239,0.17250486622127167,0.05798661816957582,0.01470081456154856,0.0031884597012510887,0.00022386336949375065,1.3705115997777762e-11,1.3009939450183283,64.56586732531747,65.8668612703358,veteran,Gardner Minshew,QB,5.0,39.32,0.0,0.0,0.0,0.0,7.0,3.0,1.0,76.0,44.0,663.0,3.0,3.0,6.0,1.0,0.0,0.0,2.5,2.5,0.0,0.0,0.0,0.0,0.0,0.0,1.0,1.0,0.0,17,33.660000000000004,16.013527777777778,0.5714358660130718,0.17647058823529413,26.2943189596167,0.3970588235294118,1.0,0.875,0.0,0.8235294117647058,0.0,14.0,3.0,0.0,0.0,0.0,0.0,9.0,21.0,0.0,60.0,439.0,4.0,1.0,,10
00-0035652,2022,veteran,QB,0.7151084645172305,16.045850793382513,11.474523722728355,81.26845889341426,0.5131899262421115,0.27930071588998767,1.9404997864109577,9.778982576727099,0.08062621857413098,0.141519610936844,7.082512604199894,0.0447242899699272,0.028228918793017935,0.005431552974092269,0.0008025301931679174,0.002544567458603027,0.00017719266864180645,1.3705173937570596e-11,0.0291704650158351,5.9235129761688485,5.952683441184684,veteran,,,0.0,0.0,0.0,0.0,0.0,0.0,0.0,0.0,0.0,0.0,0.0,0.0,0.0,0.0,0.0,0.0,0.0,0.0,0.0,0.0,0.0,0.0,0.0,0.0,0.0,0.0,0.0,0.0,0.0,17,0.0,5.725454545454546,0.23295454545454544,0.0,27.682409308692677,0.103125,0.0,0.25,0.0,1.0,0.0,17.0,0.0,0.0,0.0,0.0,0.0,0.0,0.0,0.0,0.0,0.0,0.0,0.0,,10
00-0035704,2022,veteran,QB,6.199156372134429,27.505377649357634,170.51013712297927,1196.108181936161,7.034406816823555,4.273402329715314,16.822959705405104,66.65863459368595,0.8563433934184063,1.2100015790449663,7.014880183185097,0.041255065156331656,0.13672519532146876,0.042066036905715115,0.009830038002762808,0.0013192724887070887,8.9751453652395e-05,1.3705342492264806e-11,1.3696306139250676,76.81907054709914,78.18870116102421,veteran,,,0.0,0.0,0.0,0.0,0.0,0.0,0.0,0.0,0.0,0.0,0.0,0.0,0.0,0.0,0.0,0.0,0.0,0.0,0.0,0.0,0.0,0.0,0.0,0.0,0.0,0.0,0.0,0.0,0.0,17,51.379999999999995,11.854577171027682,0.580116944388677,0.35294117647058826,25.806981519507186,0.48474264705882353,1.0,0.8125,0.0,0.6470588235294118,0.0,11.0,6.0,1.0,1.0,1.0,0.0,10.0,53.0,2.0,111.0,787.0,2.0,2.0,,10
00-0035710,2022,veteran,QB,11.028010201758274,32.82395091625983,361.9828655665263,2497.7213336249456,14.149945434833308,8.094611255966628,51.95410076020171,266.02104420912053,1.8083182687447026,2.8721190124326537,6.900109290299839,0.03909009729697493,0.20946204338822144,0.07634583179931423,0.02084643016142892,0.012397842576871989,0.0009193549617360942,1.370476582143613e-11,4.184584276829642,172.02718858091276,176.2117728577424,veteran,Daniel Jones,QB,16.0,292.0,0.0,0.0,0.0,0.0,120.0,708.0,7.0,472.0,317.0,3205.0,15.0,5.0,44.0,3.0,0.0,1.0,2.0,3.0,0.0,0.0,0.0,1.0,0.0,0.0,2.0,0.0,0.0,17,171.52,14.860948596970454,0.7551262434449818,0.6470588235294118,25.26488706365503,0.7402573529411764,1.0,0.875,0.17647058823529413,0.17647058823529413,3.0,6.0,11.0,1.0,1.0,16.0,0.0,62.0,298.0,2.0,361.0,2428.0,10.0,7.0,,10
00-0035993,2022,veteran,QB,5.0954349329428865,24.508627804043602,124.88211827121907,856.386119239816,4.983557252445663,2.8413125796697796,29.684550643220962,156.9558164173314,1.172426691514148,1.1027039593736039,6.857555998368927,0.03990609161211031,0.09232243586826133,0.024847689381395446,0.005122433473572048,0.02463068680467472,0.0018916061746753724,1.3704586817858351e-11,0.8525015908379563,69.03178249210654,69.8842840829445,veteran,Tyler Huntley,QB,5.0,50.019999999999996,0.0,0.0,0.0,0.0,43.0,137.0,1.0,112.0,75.0,658.0,2.0,3.0,7.0,0.0,0.0,0.0,0.0,0.0,0.0,0.0,0.0,0.0,0.0,0.0,0.0,0.0,0.0,17,82.64000000000001,10.334568245125348,0.37102654432246435,0.4117647058823529,24.57494866529774,0.2639705882352941,1.0,0.4117647058823529,0.0,0.5882352941176471,0.0,10.0,7.0,0.0,0.0,0.0,0.0,47.0,294.0,2.0,188.0,1081.0,3.0,4.0,,10
00-0036197,2022,veteran,QB,1.9937170262837667,20.134900329596544,40.14329360964326,276.3262490301736,1.750101803120997,1.0313599714810966,6.039885361242098,34.20206096268797,0.23150741159124352,0.40067445396259077,6.883497196747061,0.04359636805437873,0.051981346495484276,0.011782758231123645,0.002055726988220644,0.004770640775903087,0.00034004581309895213,1.3705012390657362e-11,0.15759864039256796,19.998638888619816,20.156237529012383,veteran,,,0.0,0.0,0.0,0.0,0.0,0.0,0.0,0.0,0.0,0.0,0.0,0.0,0.0,0.0,0.0,0.0,0.0,0.0,0.0,0.0,0.0,0.0,0.0,0.0,0.0,0.0,0.0,0.0,0.0,17,10.900000000000002,3.633333333333334,0.1764705882352941,0.17647058823529413,24.09034907597536,0.09705882352941178,1.0,0.17647058823529413,0.0,0.8235294117647058,0.0,14.0,3.0,0.0,0.0,0.0,0.0,8.0,65.0,0.0,60.0,210.0,1.0,3.0,,10
00-0036212,2022,veteran,QB,10.760541425442067,30.54884020954228,328.72206057399,2283.4878514491897,14.290972890774302,7.661508601388427,34.7336843915692,108.51353367157873,1.7362988455272281,1.7760181257314684,6.946561017115593,0.043474334718577964,0.17692860344862427,0.060081143949229074,0.01537444505836674,0.0011092976201320512,7.501196432043656e-05,1.3705386945752778e-11,3.217628127486192,150.89749860714625,154.11512673463244,veteran,Tua Tagovailoa,QB,13.0,239.92000000000002,0.0,0.0,0.0,0.0,24.0,70.0,0.0,400.0,259.0,3548.0,25.0,8.0,21.0,1.0,0.0,0.0,9.0,9.0,0.0,0.0,0.0,0.0,0.0,0.0,4.0,2.0,1.0,17,181.92,13.963675937122126,0.7216284942030016,0.7647058823529411,24.501026694045173,0.6080882352941177,1.0,0.7647058823529411,0.058823529411764705,0.17647058823529413,1.0,4.0,13.0,0.0,0.0,0.0,0.0,42.0,128.0,3.0,388.0,2653.0,16.0,10.0,,10
00-0036264,2022,veteran,QB,4.419090323114342,16.597945700096957,73.34782122687577,523.9812419306011,3.2779508068520498,1.8788206539931394,9.405413103285525,28.42246330901114,0.35142047207532906,0.844814054877635,7.143787411351305,0.04469050003152593,0.03220106300880336,0.006411452280557793,0.0009812730980052172,0.0003394514032626162,2.2039939785019116e-05,1.3705690434343447e-11,0.19511741619423398,33.57455265024378,33.76967006643802,veteran,Jordan Love,QB,4.0,11.7,0.0,0.0,0.0,0.0,1.0,-1.0,0.0,21.0,14.0,195.0,1.0,0.0,0.0,0.0,0.0,0.0,0.0,0.0,0.0,0.0,0.0,0.0,0.0,0.0,0.0,0.0,0.0,17,21.14,3.5233333333333334,0.3529411764705882,0.35294117647058826,23.83025325119781,0.19411764705882356,1.0,0.35294117647058826,0.0,0.6470588235294118,0.0,11.0,6.0,0.0,0.0,0.0,0.0,12.0,27.0,0.0,62.0,411.0,2.0,3.0,,10
00-0036312,2022,veteran,QB,0.5111925637526428,27.622600436428954,14.120467934612986,99.765597437885,0.61714446654445,0.36853158852206347,0.416661715420832,1.851383000245863,0.018275130290939978,0.09635603365919879,7.065318082932171,0.04370566679533802,0.14110796218922056,0.04391873643197283,0.010373138332900636,8.307224141408931e-05,5.1426181429534004e-06,1.3706051036027463e-11,0.11646148975299375,5.824215601100901,5.940677090853895,veteran,,,0.0,0.0,0.0,0.0,0.0,0.0,0.0,0.0,0.0,0.0,0.0,0.0,0.0,0.0,0.0,0.0,0.0,0.0,0.0,0.0,0.0,0.0,0.0,0.0,0.0,0.0,0.0,0.0,0.0,17,0.0,9.753333333333336,0.1875,0.0,26.390143737166323,0.056249999999999994,0.0,0.1875,0.0,1.0,0.0,17.0,0.0,0.0,0.0,0.0,0.0,0.0,0.0,0.0,0.0,0.0,0.0,0.0,,10
00-0036355,2022,veteran,QB,14.115636480765012,39.14921531334047,552.616091870313,4026.4976740254197,27.634672635767984,11.952810346367107,54.413932020275695,238.08401777060112,2.603629480352891,2.1153141808066356,7.286247601653901,0.05000699951070778,0.3573330029189504,0.17050527155433723,0.06005355355113178,0.004550636139947218,0.0003237798548368314,1.3705024539409575e-11,10.420647345359274,282.89252710891867,293.31317445427794,veteran,Justin Herbert,QB,17.0,286.76,2.0,2.0,-10.0,0.0,54.0,147.0,0.0,699.0,477.0,4739.0,25.0,10.0,38.0,3.0,0.0,0.0,6.5,6.5,0.0,0.0,0.0,0.0,0.0,0.0,5.0,1.0,0.0,17,395.76,23.12526315789474,0.9788533834586466,1.0,24.479123887748116,0.83125,1.0,1.0,0.0,0.0,0.0,0.0,17.0,0.0,0.0,0.0,0.0,63.0,302.0,3.0,672.0,5014.0,38.0,15.0,5.2,10
00-0036384,2022,veteran,QB,0.2710885749204454,19.334221920181704,5.241286667537696,37.330194853988814,0.23245642900173297,0.11758582047329733,0.6922756138816255,2.684846548331999,0.02737157924335607,0.05670911825576124,7.122334117917303,0.04435102366017669,0.050969730724236384,0.011489890503976391,0.0019936618245076218,0.0010566791782432383,7.133332851947945e-05,1.3705399405755984e-11,0.01988585675151043,2.5071577630017035,2.527043619753214,veteran,,,0.0,0.0,0.0,0.0,0.0,0.0,0.0,0.0,0.0,0.0,0.0,0.0,0.0,0.0,0.0,0.0,0.0,0.0,0.0,0.0,0.0,0.0,0.0,0.0,0.0,0.0,0.0,0.0,0.0,17,0.0,3.4800000000000004,0.125,0.0,25.76865160848734,0.0375,0.0,0.125,0.0,1.0,0.0,17.0,0.0,0.0,0.0,0.0,0.0,0.0,0.0,0.0,0.0,0.0,0.0,0.0,,10
00-0036389,2022,veteran,QB,12.581943987803434,29.35092093186247,369.29164315514095,2659.9451126039594,15.722695556453386,8.359377638094116,88.16135013415122,463.6116338955441,4.7315823729926025,2.215279817090165,7.202830505120598,0.04257528121167967,0.17517023679530308,0.05924526733069477,0.015104737837789995,0.04057770056343285,0.003219354571497422,1.3704454741135629e-11,4.273511955516707,222.8899294471134,227.1634414026301,veteran,Jalen Hurts,QB,15.0,386.04,0.0,0.0,0.0,0.0,165.0,760.0,13.0,460.0,306.0,3701.0,22.0,6.0,38.0,2.0,0.0,2.5,5.5,8.0,0.0,0.0,0.0,1.0,1.0,0.0,4.0,1.0,0.0,17,315.66,16.456106194690268,0.8797718202325178,0.8823529411764706,24.0684462696783,0.7477941176470588,1.0,0.8823529411764706,0.0,0.11764705882352941,0.0,2.0,15.0,1.0,0.0,0.0,0.0,139.0,784.0,10.0,432.0,3144.0,16.0,9.0,6.5,10
00-0036442,2022,veteran,QB,12.524637339894523,34.348001776187715,430.1962655968041,3303.482357226618,21.379642534944423,9.863462116934073,35.300332779050045,116.06165695160527,1.612108842547666,2.427115227437749,7.679012165862836,0.0496974154466097,0.3017999997956277,0.13107207928485234,0.042132979898841585,0.0008840939824248646,5.931522351084532e-05,1.3705445122673854e-11,7.309968830169986,214.3555284905453,221.6654973207153,veteran,Joe Burrow,QB,16.0,362.2,0.0,0.0,0.0,0.0,75.0,257.0,5.0,606.0,414.0,4475.0,35.0,12.0,41.0,3.0,0.0,0.0,11.5,11.5,0.0,0.0,0.0,0.0,0.0,0.0,5.0,3.0,1.0,17,330.74,20.019989572471324,0.8571045206403729,0.9411764705882353,25.724845995893222,0.7051470588235295,1.0,0.9411764705882353,0.0,0.058823529411764705,0.0,1.0,16.0,0.0,0.0,0.0,0.0,40.0,118.0,2.0,520.0,4611.0,34.0,14.0,,10
00-0036898,2022,veteran,QB,9.984958215056123,29.330953464244146,292.8683447482334,2056.403999066467,12.87238569826634,7.060973791027628,20.32789749148504,60.47172030259368,0.7318674755867641,1.7072793802124913,7.021598735207354,0.043952806539512446,0.16336263542307417,0.0537461344680834,0.01335968106346873,0.00029111559260119017,1.8803136355530216e-05,1.3705729790738315e-11,2.7061285633959766,126.64757329702373,129.3537018604197,veteran,Davis Mills,QB,15.0,183.52,0.0,0.0,0.0,0.0,32.0,108.0,2.0,479.0,292.0,3118.0,17.0,15.0,31.0,3.0,0.0,0.0,2.0,2.0,0.0,0.0,0.0,0.0,0.0,0.0,2.0,0.0,0.0,17,160.95999999999998,12.38153846153846,0.7647058823529411,0.7647058823529411,23.863107460643395,0.42058823529411765,1.0,0.7647058823529411,0.0,0.23529411764705882,0.0,4.0,13.0,0.0,0.0,0.0,0.0,18.0,44.0,0.0,394.0,2664.0,16.0,10.0,,10
00-0036945,2022,veteran,QB,9.8268268585521,25.48512913041311,250.43795143241206,1779.6094421337182,10.204065361801673,6.88091224084647,57.25749586881559,305.35292867648917,2.059727938628804,2.299597673670994,7.105989455491922,0.04074488432539162,0.1144432350283205,0.03306977408385558,0.007289813232177272,0.025240283204529406,0.0019411775015965194,1.3704580396385056e-11,2.0319870529396242,136.53327980294225,138.56526685588187,veteran,Justin Fields,QB,15.0,300.48,0.0,0.0,0.0,0.0,160.0,1143.0,8.0,318.0,192.0,2242.0,17.0,11.0,55.0,2.0,0.0,4.5,0.0,4.5,0.0,0.0,0.0,3.0,1.0,0.0,0.0,0.0,0.0,17,127.80000000000001,10.65,0.7058823529411764,0.7058823529411765,23.49349760438056,0.3882352941176471,1.0,0.7058823529411765,0.11764705882352941,0.17647058823529413,2.0,5.0,12.0,0.0,0.0,0.0,0.0,72.0,420.0,2.0,270.0,1870.0,7.0,10.0,13.6,10
00-0036971,2022,veteran,QB,13.311538417544849,32.90156927342926,437.9705033807668,2913.1171805073513,15.494025802570308,11.261456489703736,60.963174715902234,264.0250380974043,2.183077293558995,2.899885327345096,6.651400398018857,0.03537687054943052,0.19178091380559828,0.06731761620272338,0.017757178631532745,0.007157026654020745,0.0005183566420716385,1.370490789214547e-11,4.475422506504572,189.679074367572,194.15449687407659,veteran,Trevor Lawrence,QB,17.0,301.12,0.0,0.0,0.0,0.0,62.0,291.0,5.0,584.0,387.0,4113.0,25.0,8.0,27.0,9.0,0.0,0.0,5.5,5.5,0.0,0.0,0.0,0.0,0.0,0.0,4.0,1.0,0.0,17,201.04,11.825882352941177,1.0,1.0,22.90485968514716,0.55,1.0,1.0,0.0,0.0,0.0,0.0,17.0,0.0,0.0,0.0,0.0,73.0,334.0,2.0,602.0,3641.0,12.0,17.0,,10
00-0036972,2022,veteran,QB,13.149808809129192,30.397044449944627,399.71532287937345,2885.0087905173946,17.68303874964028,9.614561870872263,39.43815667320101,121.67962780752842,1.2266557815587091,2.4899857240771084,7.217658732057254,0.04423908150995924,0.19304249205806867,0.06794685312423648,0.017968349003458325,0.0008806990524321087,5.9079600032359555e-05,1.3705446108954807e-11,4.36401111495808,181.45130889946324,185.81532001442133,veteran,Mac Jones,QB,14.0,173.58,0.0,0.0,0.0,0.0,47.0,102.0,1.0,442.0,288.0,2997.0,14.0,11.0,34.0,1.0,0.0,0.0,3.5,3.5,0.0,0.0,0.0,0.0,0.0,0.0,2.0,1.0,0.0,17,226.94,13.349411764705883,1.0,1.0,23.98904859685147,0.55,1.0,1.0,0.0,0.0,0.0,0.0,17.0,0.0,0.0,0.0,0.0,44.0,129.0,0.0,521.0,3801.0,22.0,13.0,,10
00-0037012,2022,veteran,QB,4.940567834018682,20.792238710973322,102.72546577267286,751.7822205143647,4.905972025587015,2.445687820280065,27.96452968610327,117.11386226582678,1.0444090861525195,0.8642887624516633,7.3183627337161665,0.04775808986297249,0.06886236170624396,0.016931004503010133,0.0031997208916157457,0.011803785032411846,0.0008733532948485596,1.3704778551067902e-11,0.5620989023987519,61.05306450095698,61.61516340335573,veteran,Trey Lance,QB,2.0,12.46,0.0,0.0,0.0,0.0,16.0,67.0,0.0,31.0,15.0,194.0,0.0,1.0,2.0,0.0,0.0,0.0,0.0,0.0,0.0,0.0,0.0,0.0,0.0,0.0,0.0,0.0,0.0,17,64.92,10.82,0.3529411764705882,0.35294117647058826,22.313483915126625,0.19411764705882356,1.0,0.35294117647058826,0.058823529411764705,0.5882352941176471,1.0,11.0,6.0,0.0,0.0,0.0,0.0,38.0,168.0,1.0,71.0,603.0,5.0,2.0,9.4,10
00-0037013,2022,veteran,QB,11.267832996935407,29.380574013756192,331.055401341105,2247.0003152487334,12.825613412563063,8.397688082723569,34.463332438194755,190.07293778713262,1.9223696513314943,1.9266318917928102,6.787384546955399,0.03874159237579729,0.1497077401092587,0.047633160997128644,0.011481403566275876,0.004552098805107243,0.00032388788796112674,1.3705024456725729e-11,2.8074732060351035,151.07533799787106,153.88281120390616,veteran,Zach Wilson,QB,9.0,101.92,1.0,1.0,2.0,1.0,28.0,102.0,1.0,242.0,132.0,1688.0,6.0,7.0,23.0,1.0,0.0,0.0,3.5,3.5,0.0,0.0,0.0,0.0,0.0,0.0,2.0,1.0,0.0,17,151.86,11.681538461538462,0.7647058823529411,0.7647058823529411,23.080082135523615,0.42058823529411765,1.0,0.7647058823529411,0.23529411764705882,0.0,4.0,4.0,13.0,1.0,0.0,0.0,0.0,29.0,185.0,4.0,383.0,2334.0,9.0,11.0,,10
00-0038102,2022,rookie,QB,9.219226957730337,30.069036222949368,277.21326933958477,1877.1308230793636,10.073378804974187,7.576268038817012,28.744822499218024,140.4894705316391,1.3862751276218621,2.064976761255296,6.771432073043691,0.036338010907531096,0.1584111356517067,0.05149894825820066,0.012661521486886845,0.003432265407454198,0.0002416368710055649,1.3705097063747162e-11,2.4410422225115367,118.46285636182178,120.90389858433332,rookie,Kenny Pickett,QB,13.0,150.85999999999999,0.0,0.0,0.0,0.0,55.0,237.0,3.0,389.0,245.0,2404.0,7.0,9.0,27.0,1.0,0.0,0.0,1.0,1.0,0.0,0.0,0.0,0.0,0.0,0.0,1.0,0.0,0.0,17,0.0,,,0.0,24.238193018480494,0.0,0.0,0.0,0.0,1.0,0.0,17.0,0.0,0.0,0.0,0.0,0.0,0.0,0.0,0.0,0.0,0.0,0.0,0.0,,10
00-0038108,2022,rookie,QB,3.8040652277748226,22.79288719384716,86.70562961470803,587.1212812864809,3.1507101146836116,2.3696740491549595,12.585228884760358,61.5099342703394,0.6069472086267407,0.8520569381435669,6.771432073043691,0.036338010907531096,0.07183730376835593,0.01788727545990536,0.0034222215784361623,0.004046299909205695,0.00028661952463899875,1.3705054753597501e-11,0.4184049093747717,39.43690641439102,39.85531132376579,rookie,Bailey Zappe,QB,4.0,40.14,1.0,1.0,-6.0,0.0,10.0,0.0,0.0,92.0,65.0,781.0,5.0,3.0,6.0,3.0,0.0,0.0,1.0,1.0,0.0,0.0,0.0,0.0,0.0,0.0,1.0,0.0,0.0,17,0.0,,,0.0,23.351129363449694,0.0,0.0,0.0,0.0,1.0,0.0,17.0,0.0,0.0,0.0,0.0,0.0,0.0,0.0,0.0,0.0,0.0,0.0,0.0,,10
00-0038122,2022,rookie,QB,5.251174406008365,23.737343682372043,124.64893161149644,844.0517733847166,4.529494236510655,3.4066685151496667,18.36313666457652,89.74928780223522,0.8855980802774491,1.1761889763016973,6.771432073043691,0.036338010907531096,0.0810136354364143,0.020925242200120642,0.004147562707602289,0.004721475894678624,0.0003364080023520648,1.3705015056459276e-11,0.6612421227960905,57.00285016041676,57.66409228321285,rookie,Desmond Ridder,QB,4.0,38.72,0.0,0.0,0.0,0.0,16.0,64.0,0.0,115.0,73.0,708.0,2.0,0.0,9.0,2.0,0.0,0.0,0.0,0.0,0.0,0.0,0.0,0.0,0.0,0.0,0.0,0.0,0.0,17,0.0,,,0.0,23.003422313483917,0.0,0.0,0.0,0.0,1.0,0.0,17.0,0.0,0.0,0.0,0.0,0.0,0.0,0.0,0.0,0.0,0.0,0.0,0.0,,10
00-0038128,2022,rookie,QB,4.981208864662656,23.909048535119314,119.09596450878601,806.4502338448667,4.327710457363202,3.2549053355547866,16.828790071079553,82.25021416773018,0.8116012232861061,1.1157205040778788,6.771432073043691,0.036338010907531096,0.08275074735412784,0.021515094843279427,0.004291496832015487,0.004289261136689976,0.00030449851700002927,1.3705039756557804e-11,0.6393500739402621,53.9222282604718,54.56157833441206,rookie,Malik Willis,QB,7.0,19.34,0.0,0.0,0.0,0.0,27.0,123.0,1.0,61.0,31.0,276.0,0.0,3.0,10.0,2.0,0.0,0.0,0.0,0.0,0.0,0.0,0.0,0.0,0.0,0.0,0.0,0.0,0.0,17,0.0,,,0.0,23.27173169062286,0.0,0.0,0.0,0.0,1.0,0.0,17.0,0.0,0.0,0.0,0.0,0.0,0.0,0.0,0.0,0.0,0.0,0.0,0.0,,10
00-0038132,2022,rookie,QB,4.8908862755603035,24.346720170652695,119.07703953755248,806.3220846876745,4.327022761552094,3.2543881140847115,15.884354912556782,77.63431523929053,0.7660539957828802,1.0954895185117435,6.771432073043691,0.036338010907531096,0.08727397733766357,0.023072668476461475,0.004676178192360557,0.0038436252255227383,0.0002717389850257973,1.3705067966735234e-11,0.662649406555201,53.22097466714878,53.883624073703984,rookie,,,0.0,0.0,0.0,0.0,0.0,0.0,0.0,0.0,0.0,0.0,0.0,0.0,0.0,0.0,0.0,0.0,0.0,0.0,0.0,0.0,0.0,0.0,0.0,0.0,0.0,0.0,0.0,0.0,0.0,17,0.0,,,0.0,23.583846680355922,0.0,0.0,0.0,0.0,1.0,0.0,17.0,0.0,0.0,0.0,0.0,0.0,0.0,0.0,0.0,0.0,0.0,0.0,0.0,,10
00-0019596,2023,veteran,QB,13.077787414162701,44.66993747094318,584.1839460489356,4070.400557049771,26.430146837376782,10.371552212389231,26.388839303208172,36.83148622383992,1.1600358948640404,2.505665085876478,6.967669318165077,0.04524285033187611,0.4094576313202182,0.21320146642079618,0.08811218972477311,3.584693187934802e-05,2.6150608747364955e-06,1.3707911000261854e-11,11.842250108233108,253.4255390265348,265.2677891347679,veteran,,,0.0,0.0,0.0,0.0,0.0,0.0,0.0,0.0,0.0,0.0,0.0,0.0,0.0,0.0,0.0,0.0,0.0,0.0,0.0,0.0,0.0,0.0,0.0,0.0,0.0,0.0,0.0,0.0,0.0,17,283.15999999999997,19.513992647058824,1.0,1.0,46.078028747433265,1.0,1.0,1.0,0.0,0.0,0.0,0.0,17.0,1.0,0.0,0.0,0.0,29.0,-1.0,1.0,733.0,4694.0,25.0,9.0,,11
00-0022924,2023,veteran,QB,3.281968563200161,34.20600474768036,112.2630322545624,762.2622289315542,4.944704480118146,2.290777642815149,5.093224568951526,8.466405884996382,0.20154251406832732,0.6531476374085894,6.78996650654406,0.04404570570395573,0.21918004729999008,0.08217891709571261,0.022245571766970014,2.9292520579923993e-05,2.108958586648192e-06,1.3707970092504866e-11,1.2700300125627828,46.43735219019687,47.70738220275965,veteran,,,0.0,0.0,0.0,0.0,0.0,0.0,0.0,0.0,0.0,0.0,0.0,0.0,0.0,0.0,0.0,0.0,0.0,0.0,0.0,0.0,0.0,0.0,0.0,0.0,0.0,0.0,0.0,0.0,0.0,17,0.0,15.216349413298568,0.9399541759337373,0.0,41.50034223134839,0.4229779411764706,0.0,0.9411764705882353,0.0,1.0,0.0,17.0,0.0,0.0,0.0,0.0,0.0,0.0,0.0,0.0,0.0,0.0,0.0,0.0,,11
00-0023459,2023,veteran,QB,13.22238045390384,35.057762944538,463.54707951545356,3343.9916614776234,24.068519194886242,8.831704653474075,27.04542724154711,83.88540766450451,1.200099013449006,2.343441695968436,7.213920245108874,0.05192249128188899,0.2674710127767889,0.10996740347382866,0.03348662154093772,0.0002825369049341662,2.35857136478661e-05,1.3707306785011915e-11,6.607399060704871,223.27258538690938,229.87998444761425,veteran,Aaron Rodgers,QB,1.0,0.0,0.0,0.0,0.0,0.0,0.0,0.0,0.0,1.0,0.0,0.0,0.0,0.0,1.0,0.0,0.0,0.0,0.0,0.0,0.0,0.0,0.0,0.0,0.0,0.0,0.0,0.0,0.0,17,239.2,17.66995883233533,0.983092638252906,1.0,39.748117727583846,0.9823529411764707,1.0,1.0,0.0,0.0,0.0,0.0,17.0,0.0,0.0,0.0,0.0,34.0,94.0,1.0,542.0,3695.0,26.0,12.0,11.1,11
00-0026143,2023,veteran,QB,10.61486978852959,34.13593887852801,362.34854630477963,2541.5319205442665,14.492301132976792,8.603949029596587,20.39290546476839,54.0832513213024,0.8027690932573273,2.4212913123215034,7.014053033916483,0.03999547198621017,0.23567580086086778,0.09128122481541437,0.02575811443655151,0.00015694319790234183,1.260727521905624e-05,1.370747886175147e-11,4.503780142037491,147.80494036151586,152.30872050355336,veteran,,,0.0,0.0,0.0,0.0,0.0,0.0,0.0,0.0,0.0,0.0,0.0,0.0,0.0,0.0,0.0,0.0,0.0,0.0,0.0,0.0,0.0,0.0,0.0,0.0,0.0,0.0,0.0,0.0,0.0,17,162.78,14.347486842105264,0.8637770897832817,0.7058823529411765,38.29158110882957,0.8382352941176471,1.0,1.0,0.11764705882352941,0.17647058823529413,2.0,5.0,12.0,0.0,0.0,0.0,0.0,27.0,70.0,1.0,461.0,3057.0,14.0,13.0,,11
00-0026158,2023,veteran,QB,2.4531209951995594,28.010503396307477,68.71315396759044,470.15590119064797,2.9160910541150495,1.445816556844953,1.8320735240820185,6.19988038849956,0.07187432083124012,0.5822147216507498,6.842298367098734,0.042438614526273476,0.13431005098279597,0.04151810806865447,0.008736980129322112,2.796304498840719e-05,2.0071527948010985e-06,1.370798368530534e-11,0.5251939410712513,27.465771670932106,27.990965612003357,veteran,Joe Flacco,QB,5.0,107.84,0.0,0.0,0.0,0.0,9.0,2.0,0.0,204.0,123.0,1616.0,13.0,8.0,8.0,1.0,0.0,0.0,7.0,7.0,0.0,0.0,0.0,0.0,0.0,0.0,4.0,2.0,0.0,17,50.34,10.504385832705351,0.27211700429983604,0.29411764705882354,38.62286105407255,0.2439338235294118,1.0,0.3125,0.0,0.7058823529411765,0.0,12.0,5.0,0.0,0.0,-3.0,0.0,3.0,6.0,0.0,191.0,1051.0,5.0,3.0,,11
00-0026300,2023,veteran,QB,0.0,17.92146585378083,0.0,0.0,0.0,0.0,0.0,0.0,0.0,0.0,7.192574117399615,0.04581245111709649,1.278825697985639e-08,9.149750022081015e-11,9.357622968839299e-14,5.246114050781344e-07,2.905882881409663e-08,1.3709147253285288e-11,0.0,0.0,0.0,veteran,,,0.0,0.0,0.0,0.0,0.0,0.0,0.0,0.0,0.0,0.0,0.0,0.0,0.0,0.0,0.0,0.0,0.0,0.0,0.0,0.0,0.0,0.0,0.0,0.0,0.0,0.0,0.0,0.0,0.0,17,0.7,8.503428571428573,0.17983193277310927,0.058823529411764705,37.29774127310061,0.10294117647058823,1.0,0.23529411764705882,0.0,0.9411764705882353,0.0,16.0,1.0,0.0,0.0,0.0,0.0,2.0,3.0,0.0,2.0,10.0,0.0,0.0,,11
00-0026498,2023,veteran,QB,8.907670622889588,32.267289973404175,287.42639097635214,2110.411991721882,13.589253842813662,7.081028851350731,13.853117224103507,29.390396792051128,0.5214184269738434,1.7070371652333312,7.342443345418184,0.04727907481512966,0.22986391342413665,0.08802865511864305,0.024483662347758558,5.2206460204322934e-05,3.9030366175580066e-06,1.3707800980946222e-11,3.6604494149446194,127.26491324800995,130.92536266295457,veteran,Matthew Stafford,QB,15.0,248.1,0.0,0.0,0.0,0.0,21.0,65.0,0.0,521.0,326.0,3965.0,24.0,11.0,30.0,0.0,0.0,0.0,5.0,5.0,0.0,0.0,0.0,0.0,0.0,0.0,5.0,0.0,0.0,17,109.38000000000001,16.205848214285716,0.8151260504201681,0.5294117647058824,35.564681724846,0.7411764705882353,1.0,1.0,0.11764705882352941,0.35294117647058826,2.0,8.0,9.0,0.0,0.0,0.0,0.0,13.0,9.0,1.0,303.0,2087.0,10.0,8.0,17.4,11
00-0027688,2023,veteran,QB,3.2657107475348033,21.852232440359323,71.36307033811012,498.230343278181,2.805745174929339,1.5827449075270414,7.314125651485455,18.68941220545703,0.25151270681670845,0.584147359556067,6.981627064497397,0.03931648626714121,0.07132368086739933,0.017980357302970894,0.0028544594454985796,0.0002138095988643202,1.7525981616767433e-05,1.3707388365481491e-11,0.3404282506490407,30.196427358124335,30.536855608773376,veteran,,,0.0,0.0,0.0,0.0,0.0,0.0,0.0,0.0,0.0,0.0,0.0,0.0,0.0,0.0,0.0,0.0,0.0,0.0,0.0,0.0,0.0,0.0,0.0,0.0,0.0,0.0,0.0,0.0,0.0,17,32.8,6.811265822784811,0.3122486969471333,0.23529411764705882,36.988364134154686,0.2904411764705882,1.0,0.4117647058823529,0.17647058823529413,0.5882352941176471,3.0,13.0,4.0,0.0,0.0,0.0,0.0,14.0,36.0,0.0,132.0,780.0,1.0,3.0,,11
00-0027939,2023,veteran,QB,2.2972820405287933,22.768351990759797,52.30532612081048,368.4068735789072,2.195366635457438,1.3150357941391755,14.97518903120931,64.76248318102382,0.8302619451829041,0.4170336565019079,7.043391197446924,0.04197214315014045,0.08219624348629066,0.021622600529003663,0.003646769491620226,0.021482636383664832,0.002427336301223481,1.3706033177366997e-11,0.3378091768223583,31.511422572903683,31.84923174972604,veteran,,,0.0,0.0,0.0,0.0,0.0,0.0,0.0,0.0,0.0,0.0,0.0,0.0,0.0,0.0,0.0,0.0,0.0,0.0,0.0,0.0,0.0,0.0,0.0,0.0,0.0,0.0,0.0,0.0,0.0,17,0.0,15.17365344467641,0.6916446641286995,0.0,34.30800821355236,0.2641544117647059,0.0,0.9375,0.0,1.0,0.0,17.0,0.0,0.0,0.0,0.0,0.0,0.0,0.0,0.0,0.0,0.0,0.0,0.0,,11
00-0027973,2023,veteran,QB,10.132481976379058,27.940590496942406,283.10752961965693,2026.796195519688,12.586399965995712,7.078513815541369,18.407602459947224,53.35399325869804,0.5776103083750724,1.651110400989572,7.159103815580615,0.04445801912405866,0.1504000846386317,0.04844446007265433,0.010766989782332644,0.00017121823411428785,1.3832446326031715e-05,1.3707453383204517e-11,2.480357835946487,122.75926042782872,125.23961826377521,veteran,Andy Dalton,QB,2.0,26.14,0.0,0.0,0.0,0.0,3.0,12.0,0.0,58.0,34.0,361.0,2.0,0.0,3.0,0.0,0.0,0.0,2.5,2.5,0.0,0.0,0.0,0.0,0.0,0.0,1.0,1.0,0.0,17,176.74,12.250287371473767,0.7319472015012174,0.8235294117647058,35.841204654346335,0.6972426470588236,1.0,0.8235294117647058,0.0,0.17647058823529413,0.0,3.0,14.0,0.0,0.0,0.0,0.0,30.0,54.0,0.0,378.0,2871.0,18.0,9.0,,11
00-0028118,2023,veteran,QB,1.4348738770129046,18.990596547696583,27.24911089518128,193.46292794734595,1.2102626271406807,0.6875636960347556,4.399001138782826,30.70486718844393,0.20189724937254472,0.2726731684310709,7.099788638665559,0.04441475656934932,0.049877394559013015,0.011359291915727526,0.0015552593743269356,0.00943214323098365,0.0009984194566897272,1.3706277600622229e-11,0.11616254441023197,14.940964112604568,15.0571266570148,veteran,Tyrod Taylor,QB,10.0,88.34,0.0,0.0,0.0,0.0,38.0,197.0,0.0,180.0,116.0,1341.0,5.0,3.0,17.0,0.0,0.0,0.0,1.0,1.0,0.0,0.0,0.0,0.0,0.0,0.0,1.0,0.0,0.0,17,11.319999999999999,9.999398058252428,0.24995716733295262,0.11764705882352941,34.078028747433265,0.18933823529411764,1.0,0.35294117647058826,0.058823529411764705,0.8235294117647058,1.0,15.0,2.0,0.0,0.0,0.0,0.0,5.0,70.0,0.0,8.0,58.0,1.0,1.0,,11
00-0028986,2023,veteran,QB,0.7883060329114521,13.664119844388132,10.771508107756256,76.19796904434331,0.4797001106251378,0.24114978181377836,1.1447961769265276,2.745111472339642,0.04333917575930408,0.14626495730353573,7.074029772068344,0.0445341641881808,0.018526002792665554,0.003272500955087297,0.0003033037932236069,5.953499079233771e-05,4.4892316041273014e-06,1.370776253945057e-11,0.019004190702162322,4.726435927829444,4.745440118531606,veteran,Case Keenum,QB,2.0,9.74,0.0,0.0,0.0,0.0,2.0,1.0,0.0,53.0,34.0,291.0,1.0,3.0,6.0,0.0,0.0,0.0,0.0,0.0,0.0,0.0,0.0,0.0,0.0,0.0,0.0,0.0,0.0,17,0.32,3.288154020385051,0.21039154619945374,0.11764705882352941,35.53730321697468,0.16231617647058824,1.0,0.29411764705882354,0.0,0.8823529411764706,0.0,15.0,2.0,0.0,0.0,0.0,0.0,5.0,0.0,0.0,7.0,8.0,0.0,0.0,,11
00-0029263,2023,veteran,QB,12.226227666657252,31.919062124547153,390.24972044089003,2847.6845101950844,17.914307008889704,8.577784794626814,40.877713545451726,196.7458779100141,1.7225569986913631,2.116725538849884,7.297082767869438,0.04590472733369486,0.2206793706751061,0.08298977894519317,0.02255162790510375,0.004041671681885662,0.00040273905188727697,1.3706527157729797e-11,4.828297165815522,194.1855175595584,199.01381472537392,veteran,Russell Wilson,QB,15.0,258.9,0.0,0.0,0.0,0.0,80.0,341.0,3.0,447.0,297.0,3070.0,26.0,8.0,45.0,5.0,0.0,0.0,2.0,2.0,0.0,0.0,0.0,0.0,0.0,0.0,2.0,0.0,0.0,17,226.26000000000002,17.0962,0.8858823529411763,0.8823529411764706,34.75427789185489,0.8823529411764707,1.0,1.0,0.058823529411764705,0.058823529411764705,1.0,2.0,15.0,1.0,1.0,1.0,0.0,55.0,277.0,3.0,483.0,3524.0,16.0,11.0,13.9,11
00-0029567,2023,veteran,QB,1.5917191744143093,23.66119696833978,37.661980904100155,262.2863565282816,1.5754619412003978,1.0093392309081033,2.066438436310132,5.8154741398504655,0.08302300390693201,0.2822199227091645,6.964220952587421,0.0418316271045871,0.0887352047843629,0.023900671903592657,0.004166937486573099,6.701034561750247e-05,5.0920525547461195e-06,1.3707727924199265e-11,0.21169027149045377,15.289869156124958,15.501559427615412,veteran,,,0.0,0.0,0.0,0.0,0.0,0.0,0.0,0.0,0.0,0.0,0.0,0.0,0.0,0.0,0.0,0.0,0.0,0.0,0.0,0.0,0.0,0.0,0.0,0.0,0.0,0.0,0.0,0.0,0.0,17,1.7999999999999998,8.04165380374862,0.336545009403982,0.11764705882352941,34.61190965092403,0.1667279411764706,1.0,0.5625,0.058823529411764705,0.8235294117647058,1.0,15.0,2.0,0.0,0.0,0.0,0.0,2.0,8.0,0.0,42.0,225.0,0.0,4.0,,11
00-0029604,2023,veteran,QB,13.568379249116424,34.99574356305263,474.8355207683229,3441.2466798801493,22.802763536089813,10.013537177395175,23.8176843024385,85.58125505466128,1.021823754681969,2.5456009593555406,7.247239368933329,0.048022446802617184,0.2691914270208965,0.11102213735838008,0.03394319989582953,0.0002780974165132276,2.3191060502839042e-05,1.3707311420748024e-11,6.8374308169932965,218.4317130996217,225.269143916615,veteran,Kirk Cousins,QB,8.0,158.24,0.0,0.0,0.0,0.0,14.0,25.0,0.0,311.0,216.0,2331.0,18.0,5.0,17.0,4.0,0.0,0.0,8.5,8.5,0.0,0.0,0.0,0.0,0.0,0.0,4.0,3.0,0.0,17,303.08,18.54199476047904,0.983092638252906,1.0,35.03353867214237,0.9823529411764707,1.0,1.0,0.0,0.0,0.0,0.0,17.0,0.0,0.0,0.0,0.0,31.0,97.0,2.0,643.0,4547.0,29.0,14.0,12.0,11
00-0029701,2023,veteran,QB,10.861498570869342,30.1767446734517,327.76466914418467,2399.1523135949255,14.68190625050428,7.221208012854518,27.938756940878935,112.7446627823782,1.6634227834592337,2.017950293855447,7.3197404706836515,0.044794047780804785,0.19381431789136921,0.06895353288415308,0.01744752084926028,0.0011237166486452502,0.00010272223870736434,1.3706902556561096e-11,3.621413253890914,157.47040391138742,161.09181716527834,veteran,Ryan Tannehill,QB,9.0,80.03999999999999,1.0,0.0,0.0,0.0,17.0,74.0,1.0,230.0,149.0,1616.0,4.0,7.0,32.0,0.0,0.0,0.0,0.0,0.0,0.0,0.0,0.0,0.0,0.0,0.0,0.0,0.0,0.0,17,162.24,15.86659210526316,0.8637770897832817,0.7058823529411765,35.096509240246405,0.8382352941176471,1.0,1.0,0.11764705882352941,0.17647058823529413,2.0,5.0,12.0,0.0,0.0,0.0,0.0,34.0,98.0,2.0,325.0,2536.0,13.0,6.0,,11
00-0030520,2023,veteran,QB,0.6989336269776215,23.602120637791195,16.496315781734772,112.99642483306555,0.7077761654382604,0.4591367458661468,0.7894239960084182,3.171988138121788,0.033639470266589415,0.14776442591175803,6.849797635310708,0.04290510528550453,0.08409756116132985,0.022278301920356472,0.0037946191670320656,0.00011602464557595477,9.138204563561766e-06,1.3707567270267108e-11,0.08753024290663364,6.65619494693157,6.743725189838203,veteran,,,0.0,0.0,0.0,0.0,0.0,0.0,0.0,0.0,0.0,0.0,0.0,0.0,0.0,0.0,0.0,0.0,0.0,0.0,0.0,0.0,0.0,0.0,0.0,0.0,0.0,0.0,0.0,0.0,0.0,17,0.0,7.287581227436822,0.3405314291781695,0.0,33.719370294318956,0.15275735294117648,0.0,0.35294117647058826,0.0,1.0,0.0,17.0,0.0,0.0,0.0,0.0,0.0,0.0,0.0,0.0,0.0,0.0,0.0,0.0,,11
00-0030565,2023,veteran,QB,12.056844040246677,30.34120697763432,365.81920052218123,2665.6482394309296,17.42061841527748,7.678096120822886,42.379170956312116,209.1146818969892,1.4509648623050029,2.433045998503874,7.2867914959791715,0.047620842182178436,0.1942601421694504,0.06917799986732544,0.017525855718089033,0.005046099925159645,0.0005106474230102276,1.3706461917121479e-11,4.085955023275608,185.70337636322253,189.78933138649813,veteran,Geno Smith,QB,15.0,232.26,1.0,1.0,-2.0,0.0,37.0,155.0,1.0,499.0,323.0,3624.0,20.0,9.0,31.0,3.0,0.0,0.0,5.5,5.5,0.0,0.0,0.0,0.0,0.0,0.0,4.0,1.0,0.0,17,309.38,17.425993580391015,0.9003619612420399,1.0,32.89253935660506,0.6299632352941177,1.0,1.0,0.0,0.0,0.0,0.0,17.0,0.0,0.0,0.0,0.0,68.0,366.0,1.0,572.0,4282.0,30.0,11.0,9.5,11
00-0031237,2023,veteran,QB,5.830479875215312,26.47571904813047,154.3661470919794,1126.546394109524,6.705746462926412,3.6568008606689086,12.397676615820767,55.10811926941283,0.5700313002398372,0.9753290877560796,7.297885030700863,0.04344052494184997,0.1372450303858292,0.042754348574246426,0.009090345139347807,0.0008593807594922563,7.717751011218562e-05,1.3706981108238896e-11,1.285809665097971,71.55158144761694,72.83739111271491,veteran,Teddy Bridgewater,QB,1.0,-0.2,0.0,0.0,0.0,0.0,2.0,-2.0,0.0,0.0,0.0,0.0,0.0,0.0,0.0,0.0,0.0,0.0,0.0,0.0,0.0,0.0,0.0,0.0,0.0,0.0,0.0,0.0,0.0,17,39.02,13.064074941451992,0.6968332414933187,0.29411764705882354,30.806297056810404,0.5494485294117647,1.0,0.9375,0.0,0.7058823529411765,0.0,12.0,5.0,0.0,0.0,0.0,0.0,3.0,27.0,0.0,79.0,683.0,4.0,4.0,,11
00-0031280,2023,veteran,QB,12.566635855689567,32.84441064831195,412.74374851206915,2995.28545871736,18.419430959205137,9.903865742507993,23.753736366830918,83.14761819071451,0.7989547361090783,2.3185376794708374,7.257009874808011,0.04462679574338006,0.23317284331824759,0.08987435977054291,0.025204247990118892,0.00031691159779551954,2.665486273462128e-05,1.3707273178168482e-11,5.262275910355392,182.1528255772832,187.4151014876386,veteran,Derek Carr,QB,17.0,248.61999999999998,0.0,0.0,0.0,0.0,32.0,40.0,0.0,548.0,375.0,3878.0,25.0,8.0,31.0,3.0,0.0,0.0,7.5,7.5,0.0,0.0,0.0,0.0,0.0,0.0,6.0,1.0,0.0,17,221.08,15.577704402515723,0.9389567147613761,0.8823529411764706,32.42984257357974,0.9352941176470589,1.0,1.0,0.0,0.11764705882352941,0.0,2.0,15.0,0.0,0.0,0.0,0.0,24.0,102.0,0.0,502.0,3522.0,24.0,14.0,18.8,11
00-0031345,2023,veteran,QB,10.384934252085412,28.318614866119276,294.0869534947772,2231.3693056752186,13.639835024472063,6.4428612181608775,18.977374739092884,36.27089915392004,0.9249807946518843,1.9412318384870593,7.587447451030316,0.04638027924184776,0.18083593115232885,0.06254313812165024,0.015256873766689525,5.996984208039454e-05,4.524168907405118e-06,1.3707760409683466e-11,3.1698053412658997,136.22290089490446,139.39270623617037,veteran,Jimmy Garoppolo,QB,7.0,65.1,0.0,0.0,0.0,0.0,20.0,39.0,0.0,169.0,110.0,1205.0,7.0,9.0,14.0,0.0,0.0,0.0,1.0,1.0,0.0,0.0,0.0,0.0,0.0,0.0,1.0,0.0,0.0,17,165.78,14.877409016838675,0.7164704284755729,0.6470588235294118,31.83025325119781,0.6768382352941177,1.0,0.8823529411764706,0.29411764705882354,0.058823529411764705,5.0,6.0,11.0,0.0,0.0,0.0,0.0,23.0,33.0,2.0,308.0,2437.0,16.0,4.0,,11
00-0031395,2023,veteran,QB,0.0,24.650761362559397,0.0,0.0,0.0,0.0,0.0,0.0,0.0,0.0,7.147440872589897,0.04407760387874981,1.278825697985639e-08,9.149750022081015e-11,9.357622968839299e-14,5.246114050781344e-07,2.905882881409663e-08,1.3709147253285288e-11,0.0,0.0,0.0,veteran,,,0.0,0.0,0.0,0.0,0.0,0.0,0.0,0.0,0.0,0.0,0.0,0.0,0.0,0.0,0.0,0.0,0.0,0.0,0.0,0.0,0.0,0.0,0.0,0.0,0.0,0.0,0.0,0.0,0.0,17,0.0,10.10530612244898,0.06009903961584633,0.0,32.16974674880219,0.027022058823529413,0.0,0.0625,0.0,1.0,0.0,17.0,0.0,0.0,0.0,0.0,0.0,0.0,0.0,0.0,0.0,0.0,0.0,0.0,,11
00-0031503,2023,veteran,QB,3.012035205690613,25.257286575443825,76.0758363654537,548.617105841958,3.5928064568975944,1.9354338144844137,8.53524502022167,34.79540380160022,0.3247773601719357,0.5370054864574177,7.211450206166738,0.04722664420852953,0.11707687847227444,0.03450530807289384,0.006809762407771568,0.0015301862881408619,0.00014277831077032818,1.3706812094515859e-11,0.55481302700987,36.79923600057668,37.35404902758655,veteran,Jameis Winston,QB,6.0,11.959999999999999,0.0,0.0,0.0,0.0,5.0,-6.0,0.0,47.0,25.0,264.0,2.0,3.0,2.0,0.0,0.0,0.0,0.0,0.0,0.0,0.0,0.0,0.0,0.0,0.0,0.0,0.0,0.0,17,46.419999999999995,14.458773096821876,0.2945823007695318,0.17647058823529413,29.650924024640656,0.24871323529411765,1.0,0.4117647058823529,0.11764705882352941,0.7058823529411765,2.0,14.0,3.0,0.0,0.0,0.0,0.0,5.0,16.0,0.0,115.0,858.0,4.0,5.0,,11
00-0031800,2023,veteran,QB,7.894224399567147,27.813293722465453,219.56438193621455,1560.8564930441848,9.742628311869312,5.434086965174801,23.883053380976392,100.89749249016658,0.8617685056259933,1.7809537403575586,7.108878404046554,0.04437253540831424,0.14588178938595525,0.046462647737233735,0.010173813532997468,0.00205342936930867,0.00019540816785637954,1.3706725878489981e-11,1.8809562927706815,102.23505184095254,104.11600813372321,veteran,Taylor Heinicke,QB,5.0,66.0,0.0,0.0,0.0,0.0,15.0,124.0,1.0,136.0,74.0,890.0,5.0,4.0,8.0,0.0,0.0,0.0,0.0,0.0,0.0,0.0,0.0,0.0,0.0,0.0,0.0,0.0,0.0,17,115.96,13.386061179438665,0.7213569202515445,0.5294117647058824,30.46406570841889,0.5829044117647059,1.0,0.9411764705882353,0.0,0.47058823529411764,0.0,8.0,9.0,0.0,0.0,0.0,0.0,28.0,96.0,1.0,259.0,1859.0,12.0,6.0,,11
00-0032156,2023,veteran,QB,1.6407950249029413,22.267070696792292,36.53569881845886,257.42860357144195,1.693189114528162,0.8331844139113762,2.225948027326251,6.863189362471651,0.09283873978851907,0.3031695645018895,7.0459471666484665,0.04634341669339345,0.07724736354076729,0.019941915312175144,0.003274938197550735,9.412094318588412e-05,7.312490840622917e-06,1.3707628500609949e-11,0.18674741820243848,16.040544019122077,16.227291437324517,veteran,Trevor Siemian,QB,5.0,26.96,0.0,0.0,0.0,0.0,11.0,40.0,0.0,153.0,86.0,724.0,2.0,4.0,8.0,3.0,0.0,0.0,0.0,0.0,0.0,0.0,0.0,0.0,0.0,0.0,0.0,0.0,0.0,17,10.16,11.253793103448277,0.26369168356997974,0.11764705882352941,31.682409308692677,0.17058823529411765,1.0,0.35294117647058826,0.058823529411764705,0.8235294117647058,1.0,15.0,2.0,0.0,0.0,0.0,0.0,4.0,8.0,0.0,26.0,184.0,1.0,1.0,,11
00-0032245,2023,veteran,QB,0.0,27.0053436238625,0.0,0.0,0.0,0.0,0.0,0.0,0.0,0.0,7.127988660356218,0.04480895221888242,1.278825697985639e-08,9.149750022081015e-11,9.357622968839299e-14,5.246114050781344e-07,2.905882881409663e-08,1.3709147253285288e-11,0.0,0.0,0.0,veteran,,,0.0,0.0,0.0,0.0,0.0,0.0,0.0,0.0,0.0,0.0,0.0,0.0,0.0,0.0,0.0,0.0,0.0,0.0,0.0,0.0,0.0,0.0,0.0,0.0,0.0,0.0,0.0,0.0,0.0,17,0.0,12.959999999999999,0.05882352941176471,0.0,31.351129363449694,0.01764705882352941,0.0,0.058823529411764705,0.0,1.0,0.0,17.0,0.0,0.0,0.0,0.0,0.0,0.0,0.0,0.0,0.0,0.0,0.0,0.0,,11
00-0032268,2023,veteran,QB,9.490814223196757,22.646758902727402,214.936181503313,1553.6656248066147,9.911587900320063,5.469473472172653,47.20727980413583,238.0530051354162,2.0735407715812104,1.7828236831151463,7.228497379733466,0.046114096896093255,0.08711054351149922,0.023328627346304667,0.004034615914811814,0.015158215822637284,0.0016640715487504837,1.3706137090703842e-11,1.4029989693800324,123.53492742599813,124.93792639537817,veteran,Marcus Mariota,QB,2.0,11.76,0.0,0.0,0.0,0.0,8.0,52.0,0.0,23.0,15.0,164.0,1.0,1.0,3.0,1.0,0.0,0.0,0.0,0.0,0.0,0.0,0.0,0.0,0.0,0.0,0.0,0.0,0.0,17,196.56,12.400850215875128,0.6740419930841816,0.7647058823529411,29.83709787816564,0.5534926470588235,1.0,0.7647058823529411,0.0,0.23529411764705882,0.0,4.0,13.0,0.0,0.0,0.0,0.0,85.0,438.0,4.0,300.0,2219.0,15.0,9.0,,11
00-0032434,2023,veteran,QB,0.9424693089757497,14.583641091898603,13.744634142232023,97.28221456151547,0.6168991409709003,0.31354215974311916,1.2414908481359554,2.781212599574823,0.047335880005649075,0.1707477549075881,7.07783223291512,0.04488290736494792,0.0225699549307412,0.004184940133976771,0.00041863830285867194,3.9989622776373006e-05,2.938153539624859e-06,1.3707878996124803e-11,0.0280187064827494,5.9524418570341835,5.980460563516933,veteran,,,0.0,0.0,0.0,0.0,0.0,0.0,0.0,0.0,0.0,0.0,0.0,0.0,0.0,0.0,0.0,0.0,0.0,0.0,0.0,0.0,0.0,0.0,0.0,0.0,0.0,0.0,0.0,0.0,0.0,17,0.78,4.533523600439079,0.2538056111577452,0.058823529411764705,30.986995208761122,0.16746323529411766,1.0,0.3125,0.0,0.9411764705882353,0.0,16.0,1.0,0.0,0.0,0.0,0.0,3.0,-1.0,0.0,3.0,22.0,0.0,0.0,,11
00-0032950,2023,veteran,QB,8.163394006079956,30.520230702045758,249.1486683772578,1710.3685826771284,11.128001519259215,6.015943695194633,23.751728027525388,94.7553845941639,0.9749627575271244,1.6527052831042621,6.864851391006874,0.04466410192652258,0.16959615285470764,0.057184467818267234,0.013495954848571133,0.0015514900230067762,0.00014489961623187603,1.3706808042565234e-11,2.3194945578114554,112.91476643210332,115.23426098991477,veteran,Carson Wentz,QB,1.0,26.119999999999997,0.0,0.0,0.0,0.0,17.0,56.0,1.0,24.0,17.0,163.0,2.0,1.0,2.0,0.0,0.0,0.0,0.0,0.0,0.0,0.0,0.0,0.0,0.0,0.0,0.0,0.0,0.0,17,117.3,15.385711938663745,0.7539945879775787,0.47058823529411764,30.6694045174538,0.6713235294117648,1.0,1.0,0.058823529411764705,0.47058823529411764,1.0,9.0,8.0,0.0,0.0,0.0,0.0,22.0,86.0,1.0,276.0,1755.0,11.0,9.0,,11
00-0033077,2023,veteran,QB,11.108088484313647,33.10499925212575,367.73326096574993,2675.6659834286547,18.54184929418034,9.415809456393657,33.57530155161099,123.67755962238762,1.2504342372698,2.2432648840885228,7.27610544774154,0.05042200764077008,0.239036855525991,0.09318498886867607,0.026513925188515475,0.001375321642892328,0.00012741977803346665,1.3706843361943025e-11,4.814341529022088,177.74624921876077,182.56059074778287,veteran,Dak Prescott,QB,17.0,352.84000000000003,0.0,0.0,0.0,0.0,55.0,242.0,2.0,590.0,410.0,4516.0,36.0,9.0,39.0,2.0,0.0,0.0,10.0,10.0,0.0,0.0,0.0,0.0,0.0,0.0,5.0,2.0,1.0,17,199.60000000000002,19.159620804509352,0.7727794230682281,0.7058823529411765,30.091718001368925,0.7174632352941177,1.0,0.9411764705882353,0.23529411764705882,0.058823529411764705,4.0,5.0,12.0,0.0,0.0,0.0,0.0,45.0,182.0,1.0,394.0,2860.0,23.0,15.0,11.7,11
00-0033106,2023,veteran,QB,13.888157895247694,33.97066409158376,471.78994671033627,3389.11133831205,21.03144695431441,8.650524750449794,27.265783001755622,80.52646862654971,0.9701354048127565,3.114773973753861,7.183517499563963,0.044577988787088414,0.24641836974469208,0.09742493492180232,0.02822318934591647,0.00022145173195452851,1.819414068166397e-05,1.3707378086723684e-11,6.239267347531398,210.03310319286385,216.27237054039526,veteran,Jared Goff,QB,17.0,295.6,0.0,0.0,0.0,0.0,32.0,21.0,2.0,605.0,407.0,4575.0,30.0,12.0,30.0,4.0,0.0,0.0,6.5,6.5,0.0,0.0,0.0,0.0,0.0,0.0,5.0,1.0,0.0,17,291.82,16.252264261909428,0.9441307644406518,1.0,28.88158795345654,0.9376838235294118,1.0,1.0,0.0,0.0,0.0,0.0,17.0,1.0,1.0,5.0,0.0,29.0,73.0,0.0,587.0,4438.0,29.0,7.0,12.7,11
00-0033119,2023,veteran,QB,10.819680645612026,24.327509725309504,263.2158861308696,1837.6470451179075,10.504020916520327,5.3797292912196,28.13560663223921,119.87395300911469,1.227997983581189,2.2479890712576545,6.981520272694478,0.03990648539844507,0.09656939873299221,0.026714437186802237,0.00483380908980419,0.001355866255565062,0.0001254983352733793,1.3706847536487074e-11,1.5997199322633198,119.62191194824169,121.22163188050502,veteran,Jacoby Brissett,QB,2.0,22.86,0.0,0.0,0.0,0.0,3.0,19.0,0.0,23.0,18.0,224.0,3.0,0.0,0.0,0.0,0.0,0.0,0.0,0.0,0.0,0.0,0.0,0.0,0.0,0.0,0.0,0.0,0.0,17,169.62,9.496968632371395,0.7476963244519891,0.8235294117647058,30.72142368240931,0.7325367647058824,1.0,0.8235294117647058,0.0,0.17647058823529413,0.0,3.0,14.0,0.0,0.0,0.0,0.0,49.0,243.0,2.0,369.0,2608.0,12.0,6.0,,11
00-0033275,2023,veteran,QB,4.892984686419492,18.105780863992845,88.59130850318407,625.4350894961115,3.71353508676836,2.3208525594531655,5.82254669028208,23.12435777439936,0.22090979231090285,0.844683421780434,7.059779340245693,0.04191760060339205,0.042646556428802565,0.00930934285154065,0.0011964778178625319,0.0001288844406962937,1.0220965699111735e-05,1.3707536507583571e-11,0.2894089971071209,37.17836649575605,37.467775492863176,veteran,PJ Walker,QB,5.0,19.96,0.0,0.0,0.0,0.0,13.0,30.0,0.0,111.0,54.0,674.0,1.0,5.0,11.0,2.0,0.0,0.0,0.0,0.0,0.0,0.0,0.0,0.0,0.0,0.0,0.0,0.0,0.0,17,40.14,5.070137931034483,0.32464503042596343,0.35294117647058826,28.511978097193705,0.3198529411764706,1.0,0.35294117647058826,0.11764705882352941,0.5294117647058824,2.0,11.0,6.0,0.0,0.0,0.0,0.0,6.0,39.0,0.0,106.0,731.0,3.0,3.0,,11
00-0033319,2023,veteran,QB,3.298388863333444,19.287976921576345,63.6192482743599,458.87698903493936,2.802801357360919,1.5827824695233563,3.459725934229213,10.471621013850582,0.13511503325835197,0.6176672489198425,7.21286405422489,0.0440558704069208,0.05465232044439372,0.01276546747245434,0.0018142286391643577,4.757892462002948e-05,3.535605234136523e-06,1.3707828143259176e-11,0.2555653083935403,27.023237854890024,27.278803163283563,veteran,Nick Mullens,QB,5.0,74.74000000000001,0.0,0.0,0.0,0.0,10.0,25.0,0.0,148.0,100.0,1306.0,7.0,8.0,12.0,0.0,0.0,0.0,8.0,8.0,0.0,0.0,0.0,0.0,0.0,0.0,3.0,2.0,1.0,17,11.759999999999998,6.90879389312977,0.37407947911989226,0.23529411764705882,28.449007529089666,0.24080882352941177,1.0,0.625,0.0,0.7647058823529411,0.0,13.0,4.0,0.0,0.0,0.0,0.0,4.0,8.0,0.0,25.0,224.0,1.0,1.0,,11
00-0033537,2023,veteran,QB,5.572547481545055,29.028367571052232,161.76195660143125,1178.8917995142574,7.494770860091767,3.682581391165582,29.045058104376654,133.43549905317963,1.0880732188564555,0.9758500587805248,7.287818621154257,0.04633209821119,0.17384176078611654,0.059187616117154236,0.014146582996767292,0.013195916351048893,0.0014329102797581987,1.3706178237224555e-11,1.7066574902942873,87.68988173950184,89.39653922979613,veteran,Deshaun Watson,QB,6.0,86.8,0.0,0.0,0.0,0.0,26.0,142.0,1.0,171.0,105.0,1115.0,7.0,4.0,17.0,2.0,0.0,0.0,0.0,0.0,0.0,0.0,0.0,0.0,0.0,0.0,0.0,0.0,0.0,17,85.58,18.502617521367522,0.6349924585218704,0.35294117647058826,27.964407939767284,0.34411764705882353,1.0,1.0,0.0,0.6470588235294118,0.0,11.0,6.0,0.0,0.0,0.0,0.0,36.0,175.0,1.0,170.0,1102.0,7.0,5.0,18.4,11
00-0033550,2023,veteran,QB,0.07309207547870242,22.9857222645965,1.680074146696378,11.793754380046435,0.07437044261900062,0.03675069271623819,0.2822834333465032,1.2941151459558544,0.012677717135645769,0.013683611497242081,7.019782075235871,0.044266166922001214,0.08363583318489261,0.02211856057739799,0.003758458834409647,0.005364485869413159,0.0005452031276054375,1.3706443920644308e-11,0.00953945744460249,0.8738411546603595,0.883380612104962,veteran,,,0.0,0.0,0.0,0.0,0.0,0.0,0.0,0.0,0.0,0.0,0.0,0.0,0.0,0.0,0.0,0.0,0.0,0.0,0.0,0.0,0.0,0.0,0.0,0.0,0.0,0.0,0.0,0.0,0.0,17,20.82,13.365882352941178,0.058823529411764705,0.058823529411764705,28.607802874743328,0.05,1.0,0.058823529411764705,0.0,0.9411764705882353,0.0,16.0,1.0,0.0,0.0,0.0,0.0,6.0,41.0,1.0,40.0,168.0,1.0,0.0,,11
00-0033662,2023,veteran,QB,5.463887460118661,19.611315422406115,107.15402041291648,760.7897430784498,4.648260404355596,2.387855854243228,6.370173664816309,11.141782809488593,0.2377869725326856,0.9382475760083822,7.099964519732973,0.04337924406796489,0.05478741997258721,0.01280584034630799,0.0018218092106811847,1.7479703351698186e-05,1.21681955374802e-06,1.3708121181606776e-11,0.42432060381852454,44.91332459620212,45.337645200020646,veteran,Cooper Rush,QB,7.0,3.2600000000000002,0.0,0.0,0.0,0.0,12.0,-5.0,0.0,24.0,18.0,144.0,0.0,1.0,1.0,0.0,0.0,0.0,0.0,0.0,0.0,0.0,0.0,0.0,0.0,0.0,0.0,0.0,0.0,17,56.64,6.90642857142857,0.4201680672268907,0.47058823529411764,29.776865160848732,0.3294117647058824,1.0,0.47058823529411764,0.0,0.5294117647058824,0.0,9.0,8.0,0.0,0.0,0.0,0.0,9.0,6.0,0.0,162.0,1051.0,5.0,3.0,,11
00-0033869,2023,veteran,QB,5.470828638505854,22.529560534458746,123.25536498486817,875.1421462597635,5.1746552245354955,3.077709051425626,13.174777835756778,41.282238911237805,0.6260260790142886,0.909168765800024,7.100235729026506,0.041983204748700216,0.08161582647508422,0.021423534267482166,0.0036021886813773427,0.0004556023006528642,3.9242612634262176e-05,1.3707166917802814e-11,0.6645413987245401,55.61493147929074,56.27947287801528,veteran,Mitchell Trubisky,QB,5.0,48.68,0.0,0.0,0.0,0.0,16.0,54.0,2.0,107.0,67.0,632.0,4.0,5.0,7.0,1.0,0.0,0.0,0.0,0.0,0.0,0.0,0.0,0.0,0.0,0.0,0.0,0.0,0.0,17,73.88,9.73046804680468,0.43529279398528087,0.4117647058823529,29.032169746748803,0.40845588235294117,1.0,0.625,0.0,0.5882352941176471,0.0,10.0,7.0,0.0,0.0,0.0,0.0,19.0,38.0,2.0,180.0,1252.0,4.0,5.0,,11
00-0033873,2023,veteran,QB,14.37638734475191,38.4839396155288,553.2600224648849,4167.903026757152,29.10359783341105,11.008123624983023,55.011647227384785,293.1772286249958,2.403975843746389,2.242214625568322,7.533352957960533,0.0526038330110111,0.3576421327743106,0.17158638578888863,0.06369631857825338,0.008169835962949897,0.0008557010367410408,1.3706320012250494e-11,10.809141807052491,300.37141382780544,311.1805556348579,veteran,Patrick Mahomes,QB,16.0,287.72,0.0,0.0,0.0,0.0,75.0,389.0,0.0,597.0,401.0,4183.0,27.0,14.0,27.0,3.0,0.0,0.0,7.5,7.5,0.0,0.0,0.0,0.0,0.0,0.0,4.0,1.0,1.0,17,436.9,24.689118574874747,0.9911277602523659,1.0,27.956194387405887,0.9906250000000001,1.0,1.0,0.0,0.0,0.0,0.0,17.0,1.0,1.0,6.0,0.0,61.0,358.0,4.0,648.0,5250.0,41.0,12.0,11.0,11
00-0033949,2023,veteran,QB,0.8009691089728136,24.27278446661173,19.441750546511148,137.39212047807095,0.8539593440253723,0.46290383964109816,2.719148462054839,12.91222326145248,0.10483090047239702,0.17329353983571702,7.066859547929247,0.043923994497430514,0.09926399600217023,0.027703230291579763,0.005074289556157736,0.004062980328723462,0.0004050094773791187,1.3706525612846103e-11,0.12466116219930518,9.559335165250328,9.683996327449632,veteran,Joshua Dobbs,QB,13.0,200.66,0.0,0.0,0.0,0.0,77.0,421.0,6.0,417.0,262.0,2464.0,13.0,10.0,30.0,7.0,0.0,0.0,0.0,0.0,0.0,0.0,0.0,0.0,0.0,0.0,0.0,0.0,0.0,17,20.839999999999996,9.36456575682382,0.1106681506349438,0.11764705882352941,28.5968514715948,0.07408088235294118,1.0,0.11764705882352941,0.0,0.8823529411764706,0.0,15.0,2.0,0.0,0.0,0.0,0.0,8.0,44.0,0.0,68.0,411.0,2.0,2.0,,11
00-0034177,2023,veteran,QB,1.4301021641284888,13.84469618030609,19.799329969157164,139.40476195436048,0.8714797753194163,0.5717549333270283,1.5513251152401268,3.9541371058233103,0.0605165461052921,0.25214616540635926,7.040882806212194,0.04401561955263046,0.01900242635105718,0.0033775106773491124,0.0003161157904798167,3.4345939445223806e-05,2.4985831484127324e-06,1.370792351785513e-11,0.03537932287935471,8.172820369199393,8.208199692078747,veteran,Tim Boyle,QB,3.0,10.9,0.0,0.0,0.0,0.0,4.0,5.0,0.0,77.0,48.0,360.0,1.0,4.0,9.0,0.0,0.0,0.0,0.0,0.0,0.0,0.0,0.0,0.0,0.0,0.0,0.0,0.0,0.0,17,-2.88,1.8428305785123968,0.31477880408361697,0.058823529411764705,28.91170431211499,0.1779411764705882,1.0,0.5,0.0,0.9411764705882353,0.0,16.0,1.0,0.0,0.0,0.0,0.0,2.0,-2.0,0.0,8.0,33.0,0.0,2.0,,11
00-0034401,2023,veteran,QB,3.2079693585970497,30.37960959687279,97.45685671290877,692.6410913238625,3.932861735456412,2.552748749613514,3.6148569066645773,9.288614459274694,0.16070799628440102,0.6062830249749602,7.107156075885606,0.040354900292361676,0.18306804693570453,0.06362860012555396,0.015621441231737428,3.824439931964161e-05,2.8017616402832213e-06,1.3707892054745611e-11,0.9938169629221678,39.01213646923707,40.00595343215924,veteran,Mike White,QB,6.0,2.06,0.0,0.0,0.0,0.0,8.0,-9.0,0.0,6.0,5.0,74.0,1.0,1.0,0.0,1.0,0.0,0.0,0.0,0.0,0.0,0.0,0.0,0.0,0.0,0.0,0.0,0.0,0.0,17,60.08,13.999999999999998,0.23529411764705882,0.23529411764705882,28.438056125941138,0.2,1.0,0.23529411764705882,0.11764705882352941,0.6470588235294118,2.0,13.0,4.0,0.0,0.0,0.0,0.0,6.0,9.0,1.0,175.0,1192.0,3.0,4.0,,11
00-0034577,2023,veteran,QB,1.3435777712845605,23.127691284986394,31.073851911639373,217.11050304352358,1.3568638470415624,0.7918762354852967,2.6299198820511056,9.037331651978626,0.10536772704195675,0.27855559868068014,6.98691953803771,0.04366577567853183,0.08398245900248713,0.02223845033848185,0.003785589562165216,0.000331539385280282,2.7967710320072616e-05,1.3707259969797547e-11,0.16832987855737358,13.506951369024844,13.675281247582218,veteran,Kyle Allen,QB,6.0,-1.3,0.0,0.0,0.0,0.0,13.0,-13.0,0.0,0.0,0.0,0.0,0.0,0.0,0.0,0.0,0.0,0.0,0.0,0.0,0.0,0.0,0.0,0.0,0.0,0.0,0.0,0.0,0.0,17,15.939999999999998,7.832673796791443,0.1537433155080214,0.11764705882352941,27.482546201232033,0.1375,1.0,0.25,0.0,0.8823529411764706,0.0,15.0,2.0,0.0,0.0,0.0,0.0,6.0,13.0,0.0,78.0,416.0,2.0,4.0,,11
00-0034771,2023,veteran,QB,0.45382570694649327,18.85955471034971,8.558950749120523,60.62514542878704,0.3782896187553635,0.1966573072741566,0.9618185797250465,4.387620480245322,0.03799234976575339,0.08410173498350274,7.083245038536598,0.044198130103066044,0.048544477430254064,0.010974084492114625,0.0014860876088840787,0.000916698015971816,8.26767085287807e-05,1.370696219858207e-11,0.03132236614773245,4.0433623542766695,4.074684720424402,veteran,Mason Rudolph,QB,4.0,39.56,0.0,0.0,0.0,0.0,10.0,8.0,0.0,74.0,55.0,719.0,3.0,0.0,6.0,1.0,0.0,0.0,0.0,0.0,0.0,0.0,0.0,0.0,0.0,0.0,0.0,0.0,0.0,17,0.0,6.94909090909091,0.18582887700534761,0.0,28.125941136208077,0.07279411764705881,0.0,0.25,0.0,1.0,0.0,17.0,0.0,0.0,0.0,0.0,0.0,0.0,0.0,0.0,0.0,0.0,0.0,0.0,,11
00-0034796,2023,veteran,QB,11.819788683299452,31.651832146893582,374.11796741554656,2676.598765180054,17.7082827814396,9.202720830570248,109.3281240523923,654.8958739761335,3.4887671751190137,2.318016952099369,7.154424535315241,0.047333419733274554,0.20609687592137088,0.07524174025156452,0.019682859224740223,0.14918269834381423,0.021767262432079524,1.3705425250149412e-11,6.384562833217648,241.27779661594877,247.66235944916642,veteran,Lamar Jackson,QB,16.0,336.72,0.0,0.0,0.0,0.0,148.0,821.0,5.0,457.0,307.0,3678.0,24.0,7.0,37.0,6.0,0.0,1.0,4.5,5.5,0.0,0.0,0.0,1.0,0.0,0.0,3.0,1.0,0.0,17,239.08,20.578292380243237,0.7498603871928518,0.7058823529411765,26.647501711156742,0.7406250000000001,1.0,0.9375,0.29411764705882354,0.0,5.0,5.0,12.0,0.0,0.0,0.0,0.0,112.0,764.0,3.0,326.0,2242.0,17.0,7.0,5.8,11
00-0034855,2023,veteran,QB,11.125509862772168,29.087425935576526,323.6124441289116,2270.776355218801,13.618756789030511,7.792102392723728,28.227786676307232,89.66518763326889,1.0321739502488039,2.1455067975433177,7.0169624080161555,0.04208353861573214,0.15852628372626482,0.05208103028398231,0.011880405313199487,0.0005476264594947173,4.774224700682162e-05,1.3707113057231157e-11,2.9040682493494523,140.5904254491597,143.49449369850916,veteran,Baker Mayfield,QB,17.0,278.56,0.0,0.0,0.0,0.0,62.0,163.0,1.0,566.0,364.0,4044.0,28.0,10.0,40.0,3.0,0.0,0.0,4.5,4.5,0.0,0.0,0.0,0.0,0.0,0.0,3.0,1.0,0.0,17,121.42,12.098417602996255,0.7990746860541968,0.7058823529411765,28.383299110198493,0.7852941176470589,1.0,1.0,0.11764705882352941,0.17647058823529413,2.0,5.0,12.0,0.0,0.0,0.0,0.0,31.0,89.0,1.0,335.0,2163.0,10.0,8.0,,11
00-0034857,2023,veteran,QB,13.84009445740667,37.726644516210165,522.1403236653521,3788.9295026508507,27.091619454069136,12.131549365941796,94.40976931028396,525.8189363535341,4.622350275797838,3.0576149408140054,7.256534940747528,0.05188570624825479,0.3180647580609041,0.14291728603291165,0.048753010466939146,0.051876390952514666,0.006394891120416532,1.370576599194145e-11,9.569254939462049,309.8613245989394,319.43057953840145,veteran,Josh Allen,QB,17.0,400.64,0.0,0.0,0.0,0.0,111.0,524.0,15.0,579.0,385.0,4306.0,29.0,18.0,24.0,4.0,0.0,0.0,8.0,8.0,0.0,0.0,0.0,0.0,0.0,0.0,5.0,2.0,0.0,17,408.52,25.217089665653493,0.9685320936885392,0.9411764705882353,27.279945242984258,0.9676470588235294,1.0,1.0,0.0,0.058823529411764705,0.0,1.0,16.0,0.0,0.0,0.0,0.0,124.0,762.0,7.0,567.0,4283.0,35.0,14.0,10.5,11
00-0034869,2023,veteran,QB,6.323951857220295,28.79565651849832,182.10234552003513,1277.5950307083494,7.382100039721929,4.622948118198104,24.014980038806637,104.6804794574989,1.2588274948028897,1.3530758889275878,7.015807660576161,0.040538193061932536,0.15435477063409309,0.05020262690835248,0.011301297720763222,0.004393969552058277,0.00044038520337062243,1.3706502599975883e-11,1.6272530716741347,86.70116628753756,88.3284193592117,veteran,Sam Darnold,QB,10.0,23.380000000000003,0.0,0.0,0.0,0.0,21.0,15.0,1.0,46.0,28.0,297.0,2.0,1.0,6.0,1.0,0.0,0.0,0.0,0.0,0.0,0.0,0.0,0.0,0.0,0.0,0.0,0.0,0.0,17,87.32,13.329865248226955,0.5832916145181477,0.35294117647058826,26.239561943874058,0.5183823529411764,1.0,0.75,0.0,0.6470588235294118,0.0,11.0,6.0,0.0,0.0,0.0,0.0,26.0,106.0,2.0,140.0,1143.0,7.0,3.0,,11
00-0034899,2023,veteran,QB,1.8627787339020219,19.81258657070096,36.90646492749454,261.1594508590887,1.5713691065094635,0.9668728777862216,5.098797470061159,20.978985922528032,0.19398132409028382,0.3675511446006449,7.0762521247200345,0.042577069074389365,0.05589224406051434,0.013137198539160176,0.001884324137458709,0.001421608779979035,0.00013199852762590022,1.3706833662523597e-11,0.15085955131034562,17.324792952422175,17.475652503732523,veteran,,,0.0,0.0,0.0,0.0,0.0,0.0,0.0,0.0,0.0,0.0,0.0,0.0,0.0,0.0,0.0,0.0,0.0,0.0,0.0,0.0,0.0,0.0,0.0,0.0,0.0,0.0,0.0,0.0,0.0,17,14.8,5.1718319327731095,0.11292016806722689,0.11764705882352941,27.876796714579054,0.109375,1.0,0.11764705882352941,0.17647058823529413,0.7058823529411765,3.0,15.0,2.0,0.0,0.0,0.0,0.0,8.0,32.0,0.0,62.0,390.0,1.0,3.0,,11
00-0034955,2023,veteran,QB,2.57684252955627,19.04668731418176,49.08031391834344,342.9344310199118,2.114034770010799,1.32582996934364,3.4063187595061653,8.89610016985758,0.13228180312755222,0.4951200815631871,6.987209405189692,0.04307296757571659,0.04801037578460566,0.010820645206262067,0.0014587538610578087,5.828866993939344e-05,4.389190996603661e-06,1.3707768730841471e-11,0.1732249504828918,20.214917054777086,20.38814200525998,veteran,Brett Rypien,QB,2.0,4.779999999999999,0.0,0.0,0.0,0.0,3.0,19.0,0.0,38.0,18.0,172.0,0.0,1.0,2.0,1.0,0.0,0.0,0.0,0.0,0.0,0.0,0.0,0.0,0.0,0.0,0.0,0.0,0.0,17,18.02,4.155011086474502,0.2040400417373158,0.23529411764705882,27.145790554414784,0.16580882352941176,1.0,0.23529411764705882,0.0,0.7647058823529411,0.0,13.0,4.0,0.0,0.0,0.0,0.0,6.0,7.0,0.0,88.0,483.0,2.0,4.0,,11
00-0035040,2023,veteran,QB,0.9007299281885826,19.86512744717402,17.893114818950096,127.9528487141645,0.7935730806444392,0.4383482449452979,1.36258245115793,4.858126253517668,0.0537611868966681,0.17924121066387175,7.150954431849575,0.044350751038829093,0.05806732086225218,0.013795719479707464,0.002010114128770846,0.00018248500833869489,1.480419754448355e-05,1.3707434731299738e-11,0.07474781139331363,7.865607106657772,7.940354918051086,veteran,,,0.0,0.0,0.0,0.0,0.0,0.0,0.0,0.0,0.0,0.0,0.0,0.0,0.0,0.0,0.0,0.0,0.0,0.0,0.0,0.0,0.0,0.0,0.0,0.0,0.0,0.0,0.0,0.0,0.0,17,18.58,6.848577154308616,0.10069403512908169,0.11764705882352941,28.087611225188226,0.0917279411764706,1.0,0.11764705882352941,0.0,0.8823529411764706,0.0,15.0,2.0,0.0,0.0,0.0,0.0,4.0,5.0,0.0,58.0,402.0,2.0,2.0,,11
00-0035146,2023,veteran,QB,3.2246907528986437,16.32448251790044,52.64140782132911,366.04635679905687,2.1732405030579915,1.4437748352970046,8.395739404735572,32.9471479797238,0.30891967953710714,0.6636977665613295,6.953582207403335,0.041283859854854485,0.029994437507533677,0.005973361470171152,0.0006676730672157422,0.001073763099668531,9.786062394018769e-05,1.3706915876910036e-11,0.13385813824577844,24.268103955672597,24.401962093918375,veteran,,,0.0,0.0,0.0,0.0,0.0,0.0,0.0,0.0,0.0,0.0,0.0,0.0,0.0,0.0,0.0,0.0,0.0,0.0,0.0,0.0,0.0,0.0,0.0,0.0,0.0,0.0,0.0,0.0,0.0,17,8.58,2.020753564154786,0.27655145561279504,0.29411764705882354,28.024640657084188,0.18051470588235294,1.0,0.29411764705882354,0.0,0.7058823529411765,0.0,12.0,5.0,0.0,0.0,0.0,0.0,15.0,61.0,0.0,83.0,412.0,0.0,5.0,,11
00-0035228,2023,veteran,QB,10.211580631389324,35.02939153309855,357.70545610874234,2504.3200326075926,15.663807065664098,7.617688113634982,63.34933486783611,342.47787700480893,3.042155099666504,1.7887135919652832,7.001067470008845,0.04378967890526754,0.2492755726682394,0.09908795273702732,0.028903337333286143,0.03597710412902418,0.004263513700554781,1.3705877939648659e-11,5.086250978454553,196.51594445423947,201.60219543269403,veteran,Kyler Murray,QB,8.0,146.36,0.0,0.0,0.0,0.0,44.0,244.0,3.0,268.0,176.0,1799.0,10.0,5.0,18.0,0.0,0.0,0.0,0.0,0.0,0.0,0.0,0.0,0.0,0.0,0.0,0.0,0.0,0.0,17,203.52,20.821494140625,0.7752757352941176,0.6470588235294118,26.067077344284737,0.7529411764705883,1.0,1.0,0.0,0.35294117647058826,0.0,6.0,11.0,0.0,0.0,0.0,0.0,67.0,418.0,3.0,390.0,2368.0,14.0,7.0,17.9,11
00-0035264,2023,veteran,QB,2.104569321340663,21.830069250364133,45.94289402705852,332.13545078133444,2.0870708937932947,1.169733827342193,7.140464524452335,33.87672931769866,0.2634286002416407,0.40889943509747795,7.229310599931297,0.04542750164071279,0.07854646815294328,0.020379441592500113,0.003370731010172975,0.0040451158421685495,0.0004031059665671345,1.3706526907478272e-11,0.2536150561019132,23.444679614766923,23.698294670868837,veteran,Jarrett Stidham,QB,2.0,26.64,0.0,0.0,0.0,0.0,9.0,8.0,0.0,66.0,40.0,496.0,2.0,1.0,7.0,0.0,0.0,0.0,0.0,0.0,0.0,0.0,0.0,0.0,0.0,0.0,0.0,0.0,0.0,17,45.14,10.989246487867177,0.220771354518819,0.17647058823529413,27.06365503080082,0.14393382352941178,1.0,0.3125,0.0,0.8235294117647058,0.0,14.0,3.0,0.0,0.0,0.0,0.0,14.0,84.0,0.0,83.0,656.0,4.0,3.0,,11
00-0035289,2023,veteran,QB,4.044782364324017,23.056201279278927,93.25731632273224,678.418083481922,4.257445983434386,2.2038471610248274,8.295461678247388,26.295316211387043,0.3578066296680401,0.7954376760887938,7.2746901823139005,0.045652675321481435,0.09324990524257273,0.025511056163945774,0.004545396684734038,0.0003020049844958799,2.532108724017151e-05,1.3707287280761218e-11,0.5701010299761778,42.94430899793412,43.5144100279103,veteran,Gardner Minshew,QB,16.0,199.2,0.0,0.0,0.0,0.0,34.0,100.0,3.0,490.0,305.0,3305.0,15.0,9.0,34.0,5.0,0.0,0.0,3.0,3.0,0.0,0.0,0.0,0.0,0.0,0.0,3.0,0.0,0.0,17,39.32,11.400946527350952,0.3490071043783217,0.29411764705882354,27.293634496919918,0.29908088235294117,1.0,0.5625,0.0,0.7058823529411765,0.0,12.0,5.0,0.0,0.0,0.0,0.0,7.0,3.0,1.0,76.0,663.0,3.0,3.0,,11
00-0035704,2023,veteran,QB,2.662666204168452,24.79753535374053,66.02755933307729,468.2721863198526,2.807589806105766,1.613428642272863,7.151884761590273,28.680493950191305,0.338350983192317,0.5127287837117863,7.092071720501504,0.042521483975241685,0.10635599939907424,0.030356415826379848,0.005734698844940321,0.0012499479943576116,0.000115071072504615,1.3706871368076899e-11,0.43876099471065805,30.6070871194209,31.04584811413156,veteran,Drew Lock,QB,4.0,29.119999999999997,0.0,0.0,0.0,0.0,5.0,14.0,0.0,76.0,48.0,543.0,3.0,3.0,6.0,0.0,0.0,0.0,0.0,0.0,0.0,0.0,0.0,0.0,0.0,0.0,0.0,0.0,0.0,17,0.0,11.52687651331719,0.5988552200541233,0.0,26.806297056810404,0.22775735294117647,0.0,0.8125,0.0,1.0,0.0,17.0,0.0,0.0,0.0,0.0,0.0,0.0,0.0,0.0,0.0,0.0,0.0,0.0,,11
00-0035710,2023,veteran,QB,13.108603060500043,32.42655004056736,425.06677310323914,2952.717365737924,16.355429414337753,7.935994269129458,81.63717586183047,440.82180165424455,3.5950868191270464,2.714010248867138,6.946478888908062,0.038477318033901906,0.2034255881049325,0.07385571937131194,0.019182919556598812,0.036263682156868024,0.004300898287366825,1.3705875531246152e-11,5.181700174258436,227.88310433106153,233.06480450531996,veteran,Daniel Jones,QB,6.0,57.96,0.0,0.0,0.0,0.0,40.0,206.0,1.0,160.0,108.0,909.0,2.0,6.0,30.0,1.0,0.0,0.0,1.0,1.0,0.0,0.0,0.0,0.0,0.0,0.0,1.0,0.0,0.0,17,292.0,16.798722197993897,0.8631480721377082,0.9411764705882353,26.26420260095825,0.8430147058823529,1.0,0.9411764705882353,0.0,0.058823529411764705,0.0,1.0,16.0,0.0,0.0,0.0,0.0,120.0,708.0,7.0,472.0,3205.0,15.0,5.0,9.5,11
00-0035939,2023,veteran,QB,3.379073225358701,12.985265828160038,43.87816408410087,310.09876751203876,1.9560381826237616,1.1001862573577488,11.462785729966015,50.13134078828355,0.4154076706379728,0.5991269061894934,7.06726851464604,0.04457885199742272,0.01584158253646988,0.002694166102803605,0.00023511524644997923,0.003179501104852704,0.0003116516474520085,1.3706597616708238e-11,0.0810978952309332,24.335057206538306,24.416155101769238,veteran,,,0.0,0.0,0.0,0.0,0.0,0.0,0.0,0.0,0.0,0.0,0.0,0.0,0.0,0.0,0.0,0.0,0.0,0.0,0.0,0.0,0.0,0.0,0.0,0.0,0.0,0.0,0.0,0.0,0.0,17,15.440000000000001,3.088,0.29411764705882354,0.29411764705882354,26.69678302532512,0.16176470588235295,1.0,0.29411764705882354,0.0,0.7058823529411765,0.0,12.0,5.0,0.0,0.0,0.0,0.0,19.0,90.0,0.0,34.0,161.0,1.0,2.0,,11
00-0035993,2023,veteran,QB,4.233851773276183,24.002043526771374,101.62109454807312,697.059545928124,4.020869158657712,2.383571701869803,26.883004536733214,109.76320441067274,0.9907453343085355,0.8018305215123975,6.859398130162545,0.039567268750048644,0.0885202539104064,0.023824759707744864,0.004149313372433028,0.016730604496553524,0.001851343255452003,1.3706107744929568e-11,0.6438149102730447,54.51584647190989,55.15966138218293,veteran,Tyler Huntley,QB,5.0,25.619999999999997,0.0,0.0,0.0,0.0,15.0,55.0,0.0,37.0,21.0,203.0,3.0,0.0,4.0,0.0,0.0,0.0,0.0,0.0,0.0,0.0,0.0,0.0,0.0,0.0,0.0,0.0,0.0,17,50.019999999999996,10.208500604594922,0.3314869478625792,0.29411764705882354,25.574264202600958,0.3040441176470588,1.0,0.4117647058823529,0.0,0.7058823529411765,0.0,12.0,5.0,0.0,0.0,0.0,0.0,43.0,137.0,1.0,112.0,658.0,2.0,3.0,,11
00-0036197,2023,veteran,QB,0.7429251280329817,19.32217343096096,14.354928170072148,100.7242778556307,0.6332497851989414,0.3527668207668848,2.3472462069518882,12.240316143716722,0.09287701178030762,0.14527830196051086,7.016703717516719,0.04411375506003376,0.05069133632293006,0.011596106818925913,0.001598169797581803,0.004333584350801789,0.00043391632042411905,1.3706506666780656e-11,0.05666014698143856,7.34717369461972,7.403833841601158,veteran,,,0.0,0.0,0.0,0.0,0.0,0.0,0.0,0.0,0.0,0.0,0.0,0.0,0.0,0.0,0.0,0.0,0.0,0.0,0.0,0.0,0.0,0.0,0.0,0.0,0.0,0.0,0.0,0.0,0.0,17,0.0,3.6333333333333346,0.17647058823529413,0.0,25.089664613278575,0.052941176470588235,0.0,0.17647058823529413,0.0,1.0,0.0,17.0,0.0,0.0,0.0,0.0,0.0,0.0,0.0,0.0,0.0,0.0,0.0,0.0,,11
00-0036212,2023,veteran,QB,12.155491971782997,31.878983897498603,387.5047328346437,2908.0127559305597,18.622233011296913,8.671954056413536,31.532876517873845,96.82370649725108,1.2933034910147523,1.9440105075058411,7.504457389870046,0.0480567885586146,0.23521875141819765,0.09102363518013495,0.02565640695632804,0.0005299138990120721,4.6098372381088596e-05,1.3707122683312223e-11,5.149869629125058,187.0197047503849,192.16957437950995,veteran,Tua Tagovailoa,QB,17.0,278.86,0.0,0.0,0.0,0.0,35.0,74.0,0.0,560.0,388.0,4624.0,29.0,14.0,29.0,5.0,0.0,0.0,8.5,8.5,0.0,0.0,0.0,0.0,0.0,0.0,5.0,1.0,1.0,17,239.92000000000002,16.504498269896196,0.7470958971824024,0.7647058823529411,25.50034223134839,0.7437499999999999,1.0,0.7647058823529411,0.23529411764705882,0.0,4.0,4.0,13.0,0.0,0.0,0.0,0.0,24.0,70.0,0.0,400.0,3548.0,25.0,8.0,10.1,11
00-0036264,2023,veteran,QB,3.460184531510583,15.069159255387452,52.1420717583612,376.0163011279184,2.3334704381119598,1.2401665051987674,4.968231474935703,15.080300234946895,0.1927210064357934,0.6202695289677367,7.211380147502916,0.04475216191880174,0.02633156092076936,0.0050738377910250244,0.0005389339267491501,0.0001045373721551796,8.177606133601471e-06,1.3707597782255672e-11,0.12158046675444015,23.318017791341013,23.439598258095454,veteran,Jordan Love,QB,17.0,321.06,0.0,0.0,0.0,0.0,50.0,247.0,4.0,579.0,372.0,4159.0,32.0,11.0,30.0,3.0,0.0,0.0,2.0,2.0,0.0,0.0,0.0,0.0,0.0,0.0,2.0,0.0,0.0,17,11.7,3.1942500000000003,0.2882352941176471,0.23529411764705882,24.829568788501028,0.23529411764705882,1.0,0.35294117647058826,0.0,0.7647058823529411,0.0,13.0,4.0,0.0,0.0,0.0,0.0,1.0,-1.0,0.0,21.0,195.0,1.0,0.0,23.2,11
00-0036355,2023,veteran,QB,14.702503877144146,38.85640145944349,571.2863931093374,4044.412988069492,25.334848890149463,11.073992898729363,50.143739334921726,178.28286003335606,1.7923014333340024,2.4757235592129914,7.079484190157212,0.04434701963101137,0.3212929214650228,0.14515838583596105,0.0498658383636955,0.0017615100356400226,0.00016591480956643854,1.3706770832604738e-11,9.420961036354887,264.59857677083244,274.0195378071873,veteran,Justin Herbert,QB,13.0,240.16,1.0,1.0,10.0,0.0,52.0,228.0,3.0,456.0,297.0,3134.0,20.0,7.0,29.0,1.0,0.0,0.0,6.5,6.5,0.0,0.0,0.0,0.0,0.0,0.0,3.0,1.0,1.0,17,286.76,19.655234737428092,0.9911277602523659,1.0,25.478439425051334,0.9906250000000001,1.0,1.0,0.0,0.0,0.0,0.0,17.0,2.0,2.0,-10.0,0.0,54.0,147.0,0.0,699.0,4739.0,25.0,10.0,6.0,11
00-0036389,2023,veteran,QB,13.586260446673172,33.12407287214177,450.0322810954995,3340.5168480088996,20.000078995694242,8.863029656926303,113.3348772933205,536.552034767728,6.784293306978153,2.352187874217944,7.42283829034927,0.044441431950189604,0.2507646184689992,0.09995949422433573,0.029261963031954545,0.05805410469184044,0.007253202364700974,1.3705731159835752e-11,7.175742334483963,285.5515181594862,292.72726049397016,veteran,Jalen Hurts,QB,17.0,360.82,0.0,0.0,0.0,0.0,157.0,605.0,15.0,538.0,352.0,3858.0,23.0,15.0,36.0,5.0,0.0,0.0,4.0,4.0,0.0,0.0,0.0,0.0,0.0,0.0,4.0,0.0,0.0,17,386.04,21.681276595744684,0.8812578222778473,0.8823529411764706,25.06776180698152,0.88125,1.0,0.8823529411764706,0.11764705882352941,0.0,2.0,2.0,15.0,0.0,0.0,0.0,0.0,165.0,760.0,13.0,460.0,3701.0,22.0,6.0,9.8,11
00-0036442,2023,veteran,QB,13.406298446106767,36.31707581042283,486.87755700441323,3622.55745386883,24.49406067084916,10.697781896426356,47.09508452729964,156.7233236097046,2.33008710464347,2.551118778172871,7.44038701672173,0.050308461169482774,0.3093803308689094,0.13697230612101047,0.04584665866501923,0.001583855310640658,0.00014812615714634552,1.3706801991811055e-11,8.155562821251555,246.03359447778263,254.18915729903418,veteran,Joe Burrow,QB,10.0,150.16,0.0,0.0,0.0,0.0,31.0,88.0,0.0,365.0,244.0,2309.0,15.0,6.0,24.0,1.0,0.0,0.0,3.0,3.0,0.0,0.0,0.0,0.0,0.0,0.0,3.0,0.0,0.0,17,362.2,21.55315919374743,0.9080111065405182,0.9411764705882353,26.72416153319644,0.89375,1.0,0.9411764705882353,0.0,0.058823529411764705,0.0,1.0,16.0,0.0,0.0,0.0,0.0,75.0,257.0,5.0,606.0,4475.0,35.0,12.0,6.0,11
00-0036879,2023,veteran,QB,2.9935660538946203,20.190882423457957,60.442740221041284,422.5133510224984,2.6296647487481755,1.4593604494959842,9.830563825592336,44.16506355436089,0.356998779570134,0.5704434824316952,6.990307677602832,0.04350670964174352,0.056989686572246914,0.013468439299776572,0.001947341890458586,0.003127711115768771,0.00030623197668774675,1.3706602437318528e-11,0.25347747671176885,29.918084204894175,30.171561681605944,veteran,,,0.0,0.0,0.0,0.0,0.0,0.0,0.0,0.0,0.0,0.0,0.0,0.0,0.0,0.0,0.0,0.0,0.0,0.0,0.0,0.0,0.0,0.0,0.0,0.0,0.0,0.0,0.0,0.0,0.0,17,35.62,6.406774193548387,0.21821631878557873,0.23529411764705882,24.919917864476385,0.1823529411764706,1.0,0.23529411764705882,0.0,0.7647058823529411,0.0,13.0,4.0,0.0,0.0,0.0,0.0,17.0,87.0,0.0,101.0,573.0,3.0,3.0,,11
00-0036898,2023,veteran,QB,12.267670154126604,31.192467522928435,382.65890286459256,2636.8013494210327,15.980974938088703,10.107458295234636,28.349882733939943,91.95099794409526,1.1873344135023427,2.242706064047009,6.890735664796722,0.04176297694488431,0.18099137402222332,0.06261850004844746,0.015282100298253824,0.0004471693417994248,3.8469064181352094e-05,1.3707172387219135e-11,3.7537622799103967,161.01473128605642,164.76849356596682,veteran,Davis Mills,QB,5.0,17.82,0.0,0.0,0.0,0.0,2.0,9.0,0.0,39.0,18.0,173.0,2.0,0.0,2.0,0.0,0.0,0.0,0.0,0.0,0.0,0.0,0.0,0.0,0.0,0.0,0.0,0.0,0.0,17,183.52,12.281810699588478,0.8445896877269425,0.8823529411764706,24.862422997946613,0.7147058823529412,1.0,0.8823529411764706,0.0,0.11764705882352941,0.0,2.0,15.0,0.0,0.0,0.0,0.0,32.0,108.0,2.0,479.0,3118.0,17.0,15.0,,11
00-0036945,2023,veteran,QB,12.468972690758545,28.403598109618635,354.1636891481158,2514.6506546737087,15.88443120313282,10.00692810370865,112.1262198995539,719.6372441440622,4.777047346014485,2.4787733208551392,7.100249776374024,0.04485053575464013,0.15365350788929913,0.04988925644553455,0.011205513679495615,0.1659561722968267,0.02482817626031698,1.3705388249488722e-11,5.662121304295042,239.77835664084517,245.44047794514023,veteran,Justin Fields,QB,13.0,232.18,0.0,0.0,0.0,0.0,124.0,657.0,4.0,370.0,227.0,2562.0,16.0,9.0,44.0,4.0,0.0,1.0,1.0,2.0,0.0,0.0,0.0,1.0,0.0,0.0,1.0,0.0,0.0,17,300.48,17.181772151898734,0.8287416232315711,0.8823529411764706,24.49281314168378,0.6970588235294118,1.0,0.8823529411764706,0.058823529411764705,0.058823529411764705,1.0,2.0,15.0,0.0,0.0,0.0,0.0,160.0,1143.0,8.0,318.0,2242.0,17.0,11.0,7.3,11
00-0036971,2023,veteran,QB,14.388596019830466,35.124599092952735,505.39366670700053,3489.459828436021,20.336384821251208,10.53534031948166,59.64512366827628,263.55012164997635,2.828132135208166,3.893650400259704,6.904439169513807,0.040238701354841325,0.24286914257444545,0.09537612554745827,0.027392784253851492,0.005933798698655294,0.0006073736339418806,1.3706414240128273e-11,6.43981411532911,235.38975595920954,241.82957007453865,veteran,Trevor Lawrence,QB,16.0,266.04,0.0,0.0,0.0,0.0,70.0,339.0,4.0,564.0,370.0,4016.0,21.0,14.0,35.0,7.0,0.0,0.0,3.5,3.5,0.0,0.0,0.0,0.0,0.0,0.0,2.0,1.0,0.0,17,301.12,15.635155709342559,1.0,1.0,23.904175222450377,0.8500000000000001,1.0,1.0,0.0,0.0,0.0,0.0,17.0,0.0,0.0,0.0,0.0,62.0,291.0,5.0,584.0,4113.0,25.0,8.0,5.4,11
00-0036972,2023,veteran,QB,12.669776503089192,31.397223901560267,397.79580965021864,2811.0778360947506,16.3823976093921,9.600887293416251,38.11798513734943,98.42605230975538,1.2308492868829046,2.141290609455113,7.066635112538083,0.04118293157436003,0.19597308645734868,0.07004308743202224,0.01782877318799318,0.0004940913514178488,4.2784961467105424e-05,1.3707143175244433e-11,4.272926885483682,171.71604902788866,175.98897591337234,veteran,Mac Jones,QB,11.0,107.4,0.0,0.0,0.0,0.0,26.0,96.0,0.0,345.0,224.0,2120.0,10.0,12.0,22.0,2.0,0.0,0.0,1.0,1.0,0.0,0.0,0.0,0.0,0.0,0.0,1.0,0.0,0.0,17,173.58,12.777421875,0.8938419117647058,0.8235294117647058,24.98836413415469,0.7529411764705882,1.0,1.0,0.11764705882352941,0.058823529411764705,2.0,3.0,14.0,0.0,0.0,0.0,0.0,47.0,102.0,1.0,442.0,2997.0,14.0,11.0,,11
00-0037012,2023,veteran,QB,2.432582459938239,19.91031039079074,48.433471828563626,348.9867742123786,2.1654339568594887,1.1588454313035452,15.026840787611931,62.00334751498973,0.5360028581414097,0.4294978596497511,7.205487466346852,0.0447094514414394,0.05975177119537616,0.01431126349438265,0.0021100022816363238,0.015903402748606337,0.0017526049157715706,1.370612282745941e-11,0.25291798508781294,28.860872114373933,29.113790099461745,veteran,,,0.0,0.0,0.0,0.0,0.0,0.0,0.0,0.0,0.0,0.0,0.0,0.0,0.0,0.0,0.0,0.0,0.0,0.0,0.0,0.0,0.0,0.0,0.0,0.0,0.0,0.0,0.0,0.0,0.0,17,12.46,9.078965517241379,0.26369168356997974,0.11764705882352941,23.312799452429843,0.17058823529411765,1.0,0.35294117647058826,0.0,0.8823529411764706,0.0,15.0,2.0,0.0,0.0,0.0,0.0,16.0,67.0,0.0,31.0,194.0,0.0,1.0,,11
00-0037013,2023,veteran,QB,8.983606690790372,28.77791082044332,258.5294321935033,1794.376531130733,9.927769395897577,6.600090130365317,27.829632519825203,121.56552131204067,1.3132166333911373,1.537439488510678,6.94070503271629,0.038400925231858604,0.14982787252548102,0.048191888661205676,0.010690853571725707,0.002426499833535044,0.00023352047828486495,1.370667692161515e-11,2.2124304901519296,115.24693152261854,117.45936201277047,veteran,Zach Wilson,QB,12.0,120.94,0.0,0.0,0.0,0.0,36.0,211.0,0.0,368.0,221.0,2271.0,8.0,7.0,46.0,7.0,0.0,0.0,1.0,1.0,0.0,0.0,0.0,0.0,0.0,0.0,1.0,0.0,0.0,17,101.92,11.481807909604521,0.6331006979062812,0.5294117647058824,24.079397672826833,0.5205882352941176,1.0,0.7647058823529411,0.17647058823529413,0.29411764705882354,3.0,8.0,9.0,1.0,1.0,2.0,1.0,28.0,102.0,1.0,242.0,1688.0,6.0,7.0,,11
00-0037175,2023,veteran,QB,1.244975315433934,21.068714953125024,26.230030044554468,186.56890925414422,1.1191733764888059,0.6431672383984931,1.667099567977419,4.477958655996231,0.06653738564485474,0.250943157983077,7.112798153003915,0.042667636086873406,0.06775696524146393,0.016826161578609306,0.002614162277964275,6.446641162545245e-05,4.886387610257824e-06,1.3707739250489368e-11,0.12237650218906748,10.998249262826604,11.120625765015673,veteran,,,0.0,0.0,0.0,0.0,0.0,0.0,0.0,0.0,0.0,0.0,0.0,0.0,0.0,0.0,0.0,0.0,0.0,0.0,0.0,0.0,0.0,0.0,0.0,0.0,0.0,0.0,0.0,0.0,0.0,17,5.579999999999999,2.7899999999999996,0.11764705882352941,0.11764705882352941,25.097878165639973,0.06470588235294118,1.0,0.11764705882352941,0.0,0.8823529411764706,0.0,15.0,2.0,0.0,0.0,0.0,0.0,3.0,-5.0,0.0,49.0,302.0,0.0,2.0,,11
00-0037327,2023,veteran,QB,5.007302074075152,17.052621926354064,85.38762914025213,589.9692591156336,3.520439801292244,2.05053118114094,9.237056745750904,23.275257163695287,0.34461731765112347,1.0085302979168804,6.909306009030754,0.041228920825402006,0.03351132248996488,0.006866375423190974,0.0008017500517481915,0.00012344477043771236,9.762053907387569e-06,1.3707549127868317e-11,0.22809499557139257,35.95763623395494,36.18573122952633,veteran,,,0.0,0.0,0.0,0.0,0.0,0.0,0.0,0.0,0.0,0.0,0.0,0.0,0.0,0.0,0.0,0.0,0.0,0.0,0.0,0.0,0.0,0.0,0.0,0.0,0.0,0.0,0.0,0.0,0.0,17,17.46,2.494285714285714,0.4117647058823529,0.4117647058823529,26.24229979466119,0.22647058823529412,1.0,0.4117647058823529,0.0,0.5882352941176471,0.0,10.0,7.0,0.0,0.0,0.0,0.0,14.0,21.0,0.0,105.0,534.0,1.0,3.0,,11
00-0037834,2023,veteran,QB,6.936939850570567,23.477741349316595,162.86367956746267,1195.648516291422,8.176043466387348,3.798632545226029,16.943164787850428,28.30816099180991,0.6964574913512609,1.1576485133114631,7.341406748679967,0.05020176068784326,0.10059797160350487,0.028196680878823547,0.005195460292861968,8.839852517917313e-05,6.83984319008237e-06,1.3707646857427916e-11,1.0640056748747606,77.62711344741986,78.69111912229462,veteran,Brock Purdy,QB,16.0,303.59999999999997,0.0,0.0,0.0,0.0,39.0,144.0,2.0,444.0,308.0,4280.0,31.0,11.0,28.0,2.0,0.0,0.0,8.0,8.0,0.0,0.0,0.0,0.0,0.0,0.0,5.0,2.0,0.0,17,106.25999999999999,11.806666666666665,0.5294117647058824,0.5294117647058824,23.679671457905545,0.2911764705882353,1.0,0.5294117647058824,0.0,0.47058823529411764,0.0,8.0,9.0,0.0,0.0,0.0,0.0,22.0,13.0,1.0,170.0,1374.0,13.0,4.0,21.9,11
00-0038102,2023,veteran,QB,10.122471523963565,27.97969588315538,283.2236748264009,1934.9242746633772,10.529162612148799,6.579837538642878,41.09089305298074,169.48264800160487,1.8016101278958814,1.732209083550061,6.831788606123304,0.03717613867768132,0.13336694506163413,0.04112344372971128,0.00862500925858867,0.004545209770347303,0.00045661558287011996,1.3706492653590386e-11,2.201964131135127,130.6474537582802,132.84941788941532,veteran,Kenny Pickett,QB,12.0,110.2,0.0,0.0,0.0,0.0,42.0,54.0,1.0,324.0,201.0,2070.0,6.0,4.0,23.0,0.0,0.0,0.0,0.0,0.0,0.0,0.0,0.0,0.0,0.0,0.0,0.0,0.0,0.0,17,150.85999999999999,11.604615384615384,0.7647058823529411,0.7647058823529411,25.23750855578371,0.42058823529411765,1.0,0.7647058823529411,0.058823529411764705,0.17647058823529413,1.0,4.0,13.0,0.0,0.0,0.0,0.0,55.0,237.0,3.0,389.0,2404.0,7.0,9.0,25.9,11
00-0038108,2023,veteran,QB,2.919274488756052,23.36293129039477,68.20280929860996,499.53453684118995,3.1414862080323886,1.6670779554277544,6.314242363624273,12.613988568924928,0.24128221628533958,0.6597028673727824,7.32425162509209,0.046060950279601096,0.09859619097027902,0.027457182237602552,0.005014157885653974,0.00010225923596888123,7.987897877754472e-06,1.3707604230516842e-11,0.4376708300020392,30.60285681478061,31.040527644782646,veteran,Bailey Zappe,QB,10.0,69.18,0.0,0.0,0.0,0.0,17.0,83.0,1.0,212.0,127.0,1272.0,6.0,9.0,25.0,1.0,0.0,0.0,0.0,0.0,0.0,0.0,0.0,0.0,0.0,0.0,0.0,0.0,0.0,17,40.14,10.035,0.23529411764705882,0.23529411764705882,24.35044490075291,0.12941176470588237,1.0,0.23529411764705882,0.0,0.7647058823529411,0.0,13.0,4.0,1.0,1.0,-6.0,0.0,10.0,0.0,0.0,92.0,781.0,5.0,3.0,,11
00-0038122,2023,veteran,QB,2.969858392010827,26.041986804225,77.34101305516283,544.0456576280161,3.236300870208709,1.5246906656183583,11.171050699982636,43.77471637425632,0.4119080130462408,0.6256940488636787,7.034374598118855,0.04184456270181572,0.11891705697726859,0.035234014188798936,0.007003720405502303,0.0031191887592511795,0.00030534074483115235,1.370660323819641e-11,0.5623507614991081,37.25518007269448,37.81753083419359,veteran,Desmond Ridder,QB,15.0,179.64000000000001,1.0,1.0,-6.0,0.0,53.0,193.0,5.0,388.0,249.0,2836.0,12.0,12.0,31.0,7.0,0.0,0.0,3.0,3.0,0.0,0.0,0.0,0.0,0.0,0.0,3.0,0.0,0.0,17,38.72,9.68,0.23529411764705882,0.23529411764705882,24.00273785078713,0.12941176470588237,1.0,0.23529411764705882,0.0,0.7647058823529411,0.0,13.0,4.0,0.0,0.0,0.0,0.0,16.0,64.0,0.0,115.0,708.0,2.0,0.0,,11
00-0038128,2023,veteran,QB,5.282461714843816,15.585652311797185,82.33061163793563,573.7136536372167,3.465984890683594,2.1023019785238395,20.068176158499117,85.96737876974302,0.8022560098758263,1.0639507279955625,6.968412382993467,0.04209837412511783,0.02628651379548659,0.005062978214822384,0.0005374211370008681,0.004178404189699006,0.00041732279144283247,1.3706517382337713e-11,0.21003179658644192,43.89025423141349,44.100286027999935,veteran,Malik Willis,QB,2.0,3.06,0.0,0.0,0.0,0.0,5.0,21.0,0.0,5.0,4.0,74.0,0.0,0.0,4.0,1.0,0.0,0.0,0.0,0.0,0.0,0.0,0.0,0.0,0.0,0.0,0.0,0.0,0.0,17,19.34,2.762857142857143,0.4117647058823529,0.4117647058823529,24.27104722792608,0.22647058823529412,1.0,0.4117647058823529,0.0,0.5882352941176471,0.0,10.0,7.0,0.0,0.0,0.0,0.0,27.0,123.0,1.0,61.0,276.0,0.0,3.0,,11
00-0038550,2023,rookie,QB,6.747396881220503,29.361272405978784,198.11215786076687,1338.2373566334743,7.083770017759512,5.379930771313238,17.236779669102074,83.43904004462772,0.8219067228631668,1.5309219814533914,6.754948162111216,0.03575636192271442,0.14707479901300569,0.04698313477831198,0.010328658534484069,0.0018649605513531937,0.0001763309206221452,1.3706754103541226e-11,1.6216442337903154,81.31821317248553,82.93985740627585,rookie,,,0.0,0.0,0.0,0.0,0.0,0.0,0.0,0.0,0.0,0.0,0.0,0.0,0.0,0.0,0.0,0.0,0.0,0.0,0.0,0.0,0.0,0.0,0.0,0.0,0.0,0.0,0.0,0.0,0.0,17,0.0,,,0.0,25.631759069130734,0.0,0.0,0.0,0.0,1.0,0.0,17.0,0.0,0.0,0.0,0.0,0.0,0.0,0.0,0.0,0.0,0.0,0.0,0.0,,11
00-0038579,2023,rookie,QB,4.616284946560956,26.005435695626534,120.04850133047972,810.9214034265299,4.292497661852097,3.2600352917855298,12.633628346192491,61.15630887691291,0.6024132274837625,1.0473923828331582,6.754948162111216,0.03575636192271442,0.10602216234691361,0.03022988370537261,0.005702712748995045,0.0022803924987589035,0.00021854214766415492,1.3706695136026886e-11,0.763444062637989,50.722101687826076,51.48554575046406,rookie,Aidan O'Connell,QB,11.0,125.82000000000001,0.0,0.0,0.0,0.0,17.0,11.0,1.0,343.0,213.0,2218.0,12.0,7.0,24.0,2.0,0.0,0.0,0.0,0.0,0.0,0.0,0.0,0.0,0.0,0.0,0.0,0.0,0.0,17,0.0,,,0.0,24.999315537303218,0.0,0.0,0.0,0.0,1.0,0.0,17.0,0.0,0.0,0.0,0.0,0.0,0.0,0.0,0.0,0.0,0.0,0.0,0.0,,11
00-0038998,2023,rookie,QB,4.517200934214857,25.046092849716832,113.13823401917293,764.2429059523208,4.045411642886308,3.072380176887295,13.26563825088348,64.21571444793393,0.6325495522238637,1.0249111363344634,6.754948162111216,0.03575636192271442,0.09553068302567423,0.02633613112009267,0.004742632945926702,0.0028042180607715603,0.00027252722155294353,1.3706634477986941e-11,0.6673403436040345,48.773648941331125,49.440989284935156,rookie,,,0.0,0.0,0.0,0.0,0.0,0.0,0.0,0.0,0.0,0.0,0.0,0.0,0.0,0.0,0.0,0.0,0.0,0.0,0.0,0.0,0.0,0.0,0.0,0.0,0.0,0.0,0.0,0.0,0.0,17,0.0,,,0.0,24.479123887748116,0.0,0.0,0.0,0.0,1.0,0.0,17.0,0.0,0.0,0.0,0.0,0.0,0.0,0.0,0.0,0.0,0.0,0.0,0.0,,11
00-0039107,2023,rookie,QB,5.1797317753235745,27.99923560039865,145.02853032415592,979.6602043668478,5.185692619389882,3.9383925824361383,12.560022407456968,60.80000050681261,0.5989034526272778,1.1752332599473656,6.754948162111216,0.03575636192271442,0.12962878296517327,0.039571485376349386,0.008188684370820267,0.001602712631975913,0.00015000814800522462,1.3706798523061958e-11,1.0731943483341648,59.37534773391136,60.448542082245524,rookie,,,0.0,0.0,0.0,0.0,0.0,0.0,0.0,0.0,0.0,0.0,0.0,0.0,0.0,0.0,0.0,0.0,0.0,0.0,0.0,0.0,0.0,0.0,0.0,0.0,0.0,0.0,0.0,0.0,0.0,17,0.0,,,0.0,25.842573579739906,0.0,0.0,0.0,0.0,1.0,0.0,17.0,0.0,0.0,0.0,0.0,0.0,0.0,0.0,0.0,0.0,0.0,0.0,0.0,,11
00-0039150,2023,rookie,QB,16.141364083149405,33.81436926403354,545.8100455328221,3686.9185639337757,19.51618152912482,14.822009365612098,68.05214347695065,329.42380384861264,3.244951510821758,3.662326304580117,6.754948162111216,0.03575636192271442,0.21049199485066175,0.07754456347299218,0.02052243562814662,0.008188610537201312,0.0008578112749183939,1.3706319335079557e-11,6.090605394309637,240.98488678325765,247.0754921775673,rookie,Bryce Young,QB,16.0,157.38,0.0,0.0,0.0,0.0,39.0,253.0,0.0,527.0,315.0,2877.0,11.0,10.0,62.0,6.0,0.0,0.0,1.0,1.0,0.0,0.0,0.0,0.0,0.0,0.0,1.0,0.0,0.0,17,0.0,,,0.0,22.102669404517453,0.0,0.0,0.0,0.0,1.0,0.0,17.0,0.0,0.0,0.0,0.0,0.0,0.0,0.0,0.0,0.0,0.0,0.0,0.0,,11
00-0039152,2023,rookie,QB,7.932879254837886,28.27710760542802,224.31888030991854,1515.26240827633,8.020827070459504,6.091600130942062,25.04097516140599,121.21724413490321,1.1940366023882298,1.7998969737867472,6.754948162111216,0.03575636192271442,0.13310416170985565,0.04101369972086032,0.008593946225957324,0.0034686204554088248,0.00034202020701283456,1.370657206564272e-11,1.7118697651250296,96.1967544312533,97.90862419637833,rookie,Will Levis,QB,9.0,103.02,0.0,0.0,0.0,0.0,25.0,57.0,1.0,255.0,149.0,1808.0,8.0,4.0,28.0,4.0,0.0,0.0,1.0,1.0,0.0,0.0,0.0,0.0,0.0,0.0,1.0,0.0,0.0,17,0.0,,,0.0,24.18069815195072,0.0,0.0,0.0,0.0,1.0,0.0,17.0,0.0,0.0,0.0,0.0,0.0,0.0,0.0,0.0,0.0,0.0,0.0,0.0,,11
00-0039163,2023,rookie,QB,14.21162801960814,31.399307749880556,446.23528181450155,3014.2961967620477,15.95575023924378,12.117958583676085,60.148049264455715,291.1620144556041,2.8680581295691883,3.22448702965899,6.754948162111216,0.03575636192271442,0.17498967487941994,0.05973359301284789,0.014325506046900164,0.008283408580288447,0.0008684723808830572,1.3706315939200897e-11,4.303667430681442,200.03450782376243,204.33817525444385,rookie,C.J. Stroud,QB,15.0,288.02,1.0,1.0,0.0,0.0,39.0,167.0,3.0,499.0,319.0,4108.0,23.0,5.0,38.0,4.0,0.0,0.0,12.5,12.5,0.0,0.0,0.0,0.0,0.0,0.0,6.0,3.0,1.0,17,0.0,,,0.0,21.911019849418206,0.0,0.0,0.0,0.0,1.0,0.0,17.0,0.0,0.0,0.0,0.0,0.0,0.0,0.0,0.0,0.0,0.0,0.0,0.0,,11
00-0039164,2023,rookie,QB,12.060992310565227,28.02221077958253,337.9756687375829,2283.008122377245,12.084780332452452,9.178062163526493,53.235905269004355,257.70201376507237,2.5384642188549087,2.7365276671030347,6.754948162111216,0.03575636192271442,0.1299144681905488,0.03968939495545438,0.008221609583195066,0.009389536474006551,0.0009935754632450983,1.3706278937923423e-11,2.6144815594338686,156.83125325327725,159.44573481271112,rookie,Anthony Richardson,QB,4.0,72.68,0.0,0.0,0.0,0.0,25.0,136.0,4.0,84.0,50.0,577.0,3.0,1.0,7.0,1.0,0.0,0.0,0.0,0.0,0.0,0.0,0.0,0.0,0.0,0.0,0.0,0.0,0.0,17,0.0,,,0.0,21.27857631759069,0.0,0.0,0.0,0.0,1.0,0.0,17.0,0.0,0.0,0.0,0.0,0.0,0.0,0.0,0.0,0.0,0.0,0.0,0.0,17.9,11
00-0019596,2024,veteran,QB,1.6927462060140699,42.68003764949924,72.2464718037275,502.62880225244334,3.155563175910178,1.375089382809862,3.6252228145378966,6.828260656358862,0.1509024205389868,0.33467732994139243,6.957139770339769,0.0436777478142174,0.36971664651703895,0.17922068351379472,0.06908293745329863,9.929202375771213e-05,1.0232772551955535e-05,1.3708123946575042e-11,1.3149729677998399,30.896111957105745,32.211084924905585,veteran,,,0.0,0.0,0.0,0.0,0.0,0.0,0.0,0.0,0.0,0.0,0.0,0.0,0.0,0.0,0.0,0.0,0.0,0.0,0.0,0.0,0.0,0.0,0.0,0.0,0.0,0.0,0.0,0.0,0.0,17,0.0,18.9521568627451,1.0,0.0,47.08008213552361,0.44999999999999996,0.0,1.0,0.0,1.0,0.0,17.0,0.0,0.0,0.0,0.0,0.0,0.0,0.0,0.0,0.0,0.0,0.0,0.0,,12
00-0023459,2024,veteran,QB,4.81592173236901,30.92119078402164,148.91403468749817,1061.3805706684266,7.140588858184148,3.132630594218843,9.307813839502899,28.852554253283774,0.3927275283007511,0.8878808204705215,7.127471718134389,0.047951080455035336,0.19273834476844615,0.06703754167465834,0.016733158645523175,0.00026428731144579595,2.7403519756200873e-05,1.3707785789923774e-11,1.5751260256771864,68.2181760252278,69.793302050905,veteran,Aaron Rodgers,QB,17.0,257.58,0.0,0.0,0.0,0.0,22.0,107.0,0.0,584.0,368.0,3897.0,28.0,11.0,40.0,2.0,0.0,0.0,1.0,1.0,0.0,0.0,0.0,0.0,0.0,0.0,1.0,0.0,0.0,17,0.0,15.218012422360246,0.918158567774936,0.058823529411764705,40.7501711156742,0.47352941176470587,1.0,1.0,0.35294117647058826,0.5882352941176471,6.0,16.0,1.0,0.0,0.0,0.0,0.0,0.0,0.0,0.0,1.0,0.0,0.0,0.0,10.9,12
00-0026143,2024,veteran,QB,2.170331577895908,31.020238625843916,67.32420344353542,472.8270770239121,2.741526586126405,1.6291845255519164,4.348003080075675,12.112550414026803,0.17154230010940733,0.47170747282359426,7.02313659634266,0.040721262872804934,0.18738151048863652,0.06439583005839981,0.015820498794158883,0.00022071384943196074,2.2859490398394662e-05,1.370784802814889e-11,0.6855453620476226,27.917914270770208,28.60345963281783,veteran,,,0.0,0.0,0.0,0.0,0.0,0.0,0.0,0.0,0.0,0.0,0.0,0.0,0.0,0.0,0.0,0.0,0.0,0.0,0.0,0.0,0.0,0.0,0.0,0.0,0.0,0.0,0.0,0.0,0.0,17,0.0,13.475121951219512,0.8278335724533715,0.0,39.29363449691992,0.36176470588235293,0.0,1.0,0.0,1.0,0.0,17.0,0.0,0.0,0.0,0.0,0.0,0.0,0.0,0.0,0.0,0.0,0.0,0.0,,12
00-0026158,2024,veteran,QB,2.1470472867307633,32.30586372539174,69.36221705709612,495.52583872718185,3.2276772908810796,1.7690314875560391,2.3818451262762617,5.222116441743854,0.09046064838066366,0.47502676425712687,7.144031141900863,0.046533652294075155,0.21529582116534277,0.07862249334738403,0.020923582345504427,3.1704870977049645e-05,3.244609038347759e-06,1.3708518244047508e-11,0.8053859880206108,29.30860174344363,30.113987731464242,veteran,Joe Flacco,QB,7.0,102.54,0.0,0.0,0.0,0.0,9.0,26.0,0.0,248.0,162.0,1761.0,12.0,7.0,18.0,4.0,0.0,0.0,3.5,3.5,0.0,0.0,0.0,0.0,0.0,0.0,2.0,1.0,0.0,17,107.84,17.140000000000004,0.28248222365869435,0.29411764705882354,39.624914442162904,0.2676470588235294,1.0,0.29411764705882354,0.0,0.7058823529411765,0.0,12.0,5.0,0.0,0.0,0.0,0.0,9.0,2.0,0.0,204.0,1616.0,13.0,8.0,,12
00-0026498,2024,veteran,QB,11.22068877045614,32.97657135010029,370.01984383621607,2717.9778073311945,16.96243963856817,8.686578939995126,16.515567284306073,42.58359499663789,0.5845544602368798,1.809049915586753,7.345492012407497,0.04584197285937008,0.24094214214693574,0.09271193827237682,0.02641853954504997,8.590424024150015e-05,8.845159485724588e-06,1.3708173971406456e-11,4.857955693941893,163.34329939744174,168.20125509138364,veteran,Matthew Stafford,QB,16.0,216.58,0.0,0.0,0.0,0.0,30.0,41.0,0.0,517.0,340.0,3762.0,20.0,8.0,28.0,2.0,0.0,0.0,2.0,2.0,0.0,0.0,0.0,0.0,0.0,0.0,2.0,0.0,0.0,17,248.1,16.296666666666667,0.8339869281045752,0.8823529411764706,36.56673511293634,0.7941176470588236,1.0,1.0,0.058823529411764705,0.058823529411764705,1.0,2.0,15.0,0.0,0.0,0.0,0.0,21.0,65.0,0.0,521.0,3965.0,24.0,11.0,10.7,12
00-0026625,2024,veteran,QB,0.028793894678403445,16.430290149072476,0.47309204408800254,3.36915170492534,0.0201284611519386,0.011617764302360046,0.029482890732698507,0.06463273900157304,0.0011600423291027683,0.005230829570911682,7.1215564645991485,0.042546606740641764,0.03432656289752982,0.006772036990111744,0.0007506983996832838,2.681460347615269e-05,2.7413421856184322e-06,1.370857610456407e-11,0.00132500697636685,0.19500625293299845,0.19633125990936529,veteran,,,0.0,0.0,0.0,0.0,0.0,0.0,0.0,0.0,0.0,0.0,0.0,0.0,0.0,0.0,0.0,0.0,0.0,0.0,0.0,0.0,0.0,0.0,0.0,0.0,0.0,0.0,0.0,0.0,0.0,17,4.94,2.3269767441860463,0.1709986320109439,0.11764705882352941,38.836413415468854,0.12647058823529414,1.0,0.29411764705882354,0.0,0.8823529411764706,0.0,15.0,2.0,0.0,0.0,0.0,0.0,3.0,-3.0,0.0,42.0,231.0,0.0,2.0,,12
00-0027688,2024,veteran,QB,0.0,22.09886414592961,0.0,0.0,0.0,0.0,0.0,0.0,0.0,0.0,7.059820627716572,0.041343710367162695,1.8998758416025333e-08,1.1972642486712864e-10,9.357622968839299e-14,8.026975610927914e-07,8.03273809956928e-08,1.3709788002222281e-11,0.0,0.0,0.0,veteran,,,0.0,0.0,0.0,0.0,0.0,0.0,0.0,0.0,0.0,0.0,0.0,0.0,0.0,0.0,0.0,0.0,0.0,0.0,0.0,0.0,0.0,0.0,0.0,0.0,0.0,0.0,0.0,0.0,0.0,17,0.0,7.1933333333333325,0.3176470588235294,0.0,37.99041752224504,0.1323529411764706,0.0,0.4117647058823529,0.0,1.0,0.0,17.0,0.0,0.0,0.0,0.0,0.0,0.0,0.0,0.0,0.0,0.0,0.0,0.0,,12
00-0027948,2024,veteran,QB,0.7837945623553959,14.185012416657806,11.118135599120162,78.39444742839927,0.4801798585259394,0.29122018253204635,1.5779159975509318,6.563046298861403,0.06063103636801703,0.14176384729603114,7.051042571796215,0.04318888308611191,0.02172150713576093,0.0037958590180799815,0.0003473920541894504,0.0006332385095109928,6.603139171247533e-05,1.370748388853939e-11,0.022606489162659796,5.210620119677816,5.233226608840475,veteran,,,0.0,0.0,0.0,0.0,0.0,0.0,0.0,0.0,0.0,0.0,0.0,0.0,0.0,0.0,0.0,0.0,0.0,0.0,0.0,0.0,0.0,0.0,0.0,0.0,0.0,0.0,0.0,0.0,0.0,17,5.9,2.2130434782608694,0.20204603580562658,0.11764705882352941,34.88021902806297,0.13529411764705884,1.0,0.35294117647058826,0.0,0.8823529411764706,0.0,15.0,2.0,0.0,0.0,0.0,0.0,7.0,45.0,0.0,35.0,185.0,0.0,3.0,,12
00-0027973,2024,veteran,QB,2.8365270254289663,26.276534062903117,74.53409900402949,532.1007012103904,3.2824277269587054,1.7183357665940433,4.854096439703194,14.456120936117111,0.1699725722212427,0.48899779097032947,7.139023726329929,0.04403927559091108,0.12811344549696077,0.037929827644431285,0.007624310989227748,0.00017572460601865004,1.8173964408358877e-05,1.3707926768254114e-11,0.5686096246739032,32.464519368060856,33.03312899273476,veteran,Andy Dalton,QB,6.0,59.96,0.0,0.0,0.0,0.0,11.0,34.0,0.0,160.0,106.0,989.0,7.0,6.0,7.0,0.0,0.0,0.0,1.0,1.0,0.0,0.0,0.0,0.0,0.0,0.0,1.0,0.0,0.0,17,26.14,12.358307692307694,0.6389140271493213,0.11764705882352941,36.84325804243669,0.38235294117647056,1.0,0.8235294117647058,0.0,0.8823529411764706,0.0,15.0,2.0,0.0,0.0,0.0,0.0,3.0,12.0,0.0,58.0,361.0,2.0,0.0,,12
00-0028118,2024,veteran,QB,6.702712352245383,21.11737881516118,141.54371583142583,1016.1736788541905,5.900295518559461,3.2496138877742524,22.64560148918298,121.41651029238193,0.7940468982552474,1.1142402349478844,7.1792214361845765,0.04168532303890149,0.07184947753860649,0.017536123268192476,0.0026814817226249853,0.005273291368448121,0.0005593502789460459,1.3706750309491644e-11,0.7348112684017457,72.42635340173086,73.1611646701326,veteran,Tyrod Taylor,QB,2.0,20.06,0.0,0.0,0.0,0.0,3.0,13.0,0.0,22.0,17.0,119.0,3.0,0.0,0.0,0.0,0.0,0.0,0.0,0.0,0.0,0.0,0.0,0.0,0.0,0.0,0.0,0.0,0.0,17,88.34,9.177714285714288,0.5176470588235296,0.5882352941176471,35.08008213552361,0.4117647058823529,1.0,0.5882352941176471,0.058823529411764705,0.35294117647058826,1.0,7.0,10.0,0.0,0.0,0.0,0.0,38.0,197.0,0.0,180.0,1341.0,5.0,3.0,,12
00-0028986,2024,veteran,QB,0.46973181426929356,17.78363299224044,8.353538189744368,58.47728869485785,0.35875013140249506,0.21169106235594318,0.5675357406846286,1.4769571570502227,0.022024763796362447,0.08659958490189741,7.000301832180568,0.042945889903625786,0.04105872110979345,0.008509138687544977,0.0010179929257081784,5.5612857227204174e-05,5.710913936983972e-06,1.370832415500706e-11,0.026268621654794586,3.4573550773718096,3.4836236990266043,veteran,,,0.0,0.0,0.0,0.0,0.0,0.0,0.0,0.0,0.0,0.0,0.0,0.0,0.0,0.0,0.0,0.0,0.0,0.0,0.0,0.0,0.0,0.0,0.0,0.0,0.0,0.0,0.0,0.0,0.0,17,9.74,3.981632653061224,0.17166866746698678,0.11764705882352941,36.539356605065024,0.14411764705882354,1.0,0.29411764705882354,0.0,0.8823529411764706,0.0,15.0,2.0,0.0,0.0,0.0,0.0,2.0,1.0,0.0,53.0,291.0,1.0,3.0,,12
00-0029263,2024,veteran,QB,11.48890821585935,31.54122481447895,362.37423690933406,2580.92573568172,17.075765435356644,7.6663082225998025,43.66013403092224,183.9933177773683,1.7950995175069835,2.3783079812336956,7.122266079659154,0.04712190795072718,0.2018640839065764,0.07163427424499413,0.018359576538616383,0.0037334037759538647,0.00039463025587522447,1.3706870099104856e-11,4.025253854228314,180.62078764380715,184.64604149803546,veteran,Russell Wilson,QB,11.0,177.28,0.0,0.0,0.0,0.0,43.0,155.0,2.0,336.0,214.0,2482.0,16.0,5.0,33.0,4.0,0.0,0.0,4.5,4.5,0.0,0.0,0.0,0.0,0.0,0.0,1.0,1.0,1.0,17,258.9,16.622626262626266,0.8740344622697563,0.8823529411764706,35.75633127994524,0.8735294117647059,1.0,0.8823529411764706,0.0,0.11764705882352941,0.0,2.0,15.0,0.0,0.0,0.0,0.0,80.0,341.0,3.0,447.0,3070.0,26.0,8.0,,12
00-0029567,2024,veteran,QB,0.0,19.536757580052495,0.0,0.0,0.0,0.0,0.0,0.0,0.0,0.0,7.109309679073574,0.043385498893374064,1.8998758416025333e-08,1.1972642486712864e-10,9.357622968839299e-14,8.026975610927914e-07,8.03273809956928e-08,1.3709788002222281e-11,0.0,0.0,0.0,veteran,,,0.0,0.0,0.0,0.0,0.0,0.0,0.0,0.0,0.0,0.0,0.0,0.0,0.0,0.0,0.0,0.0,0.0,0.0,0.0,0.0,0.0,0.0,0.0,0.0,0.0,0.0,0.0,0.0,0.0,17,0.0,4.080000000000001,0.1058823529411765,0.0,35.61396303901437,0.044117647058823525,0.0,0.11764705882352941,0.0,1.0,0.0,17.0,0.0,0.0,0.0,0.0,0.0,0.0,0.0,0.0,0.0,0.0,0.0,0.0,,12
00-0029604,2024,veteran,QB,7.38631604144146,33.88050407778269,250.25211076184908,1806.1368496974824,11.998702968726462,5.135993904588534,11.986946567906227,35.92852900751797,0.4733791691912362,1.616662887655145,7.217269193850203,0.04794646060006645,0.24618107977674514,0.09571228433511504,0.0276435888376955,0.00015651761574715593,1.6175845281341497e-05,1.3707966750341567e-11,3.288516906362009,113.168100194217,116.45661710057901,veteran,Kirk Cousins,QB,14.0,182.82,0.0,0.0,0.0,0.0,23.0,0.0,0.0,453.0,303.0,3508.0,18.0,16.0,28.0,2.0,0.0,0.0,6.5,6.5,0.0,0.0,0.0,0.0,0.0,0.0,3.0,1.0,1.0,17,158.24,18.853529411764708,0.7923875432525953,0.47058823529411764,36.035592060232716,0.7,1.0,1.0,0.0,0.5294117647058824,0.0,9.0,8.0,0.0,0.0,0.0,0.0,14.0,25.0,0.0,311.0,2331.0,18.0,5.0,13.8,12
00-0029701,2024,veteran,QB,7.934423261405657,27.613019401041143,219.09338345326654,1575.7936309559095,8.593217364048636,5.327075151698425,17.48606985231583,67.04617288460409,0.8856796806116386,1.355247228258868,7.192337833844409,0.03922171098280383,0.14856147015318963,0.04649060120426365,0.010077931866115636,0.0006487823587504159,6.766316696263078e-05,1.3707475508369556e-11,1.8979419163958071,96.05866530664657,97.95660722304238,veteran,,,0.0,0.0,0.0,0.0,0.0,0.0,0.0,0.0,0.0,0.0,0.0,0.0,0.0,0.0,0.0,0.0,0.0,0.0,0.0,0.0,0.0,0.0,0.0,0.0,0.0,0.0,0.0,0.0,0.0,17,80.03999999999999,12.004324324324324,0.6947535771065184,0.5294117647058824,36.09856262833676,0.6529411764705882,1.0,1.0,0.11764705882352941,0.35294117647058826,2.0,8.0,9.0,1.0,0.0,0.0,0.0,17.0,74.0,1.0,230.0,1616.0,4.0,7.0,,12
00-0030565,2024,veteran,QB,11.629087214790761,31.804863173318722,369.8615276970103,2675.4501881271603,16.49979836039026,7.656248438693866,32.61191173028199,145.75279575837754,1.1257745349540307,2.3252026256822917,7.233653645422898,0.04461074517030292,0.21368980664936618,0.07777289539972307,0.020606052254847525,0.0018903062607030865,0.00019865388024604166,1.370710576785361e-11,4.346366013046428,174.38422562345707,178.7305916365035,veteran,Geno Smith,QB,17.0,274.0,0.0,0.0,0.0,0.0,53.0,272.0,2.0,578.0,407.0,4320.0,21.0,15.0,50.0,0.0,0.0,0.0,8.0,8.0,0.0,0.0,0.0,0.0,0.0,0.0,5.0,2.0,0.0,17,232.26,16.394193548387097,0.8975332068311195,0.8823529411764706,33.894592744695416,0.8205882352941177,1.0,1.0,0.0,0.11764705882352941,0.0,2.0,15.0,1.0,1.0,-2.0,0.0,37.0,155.0,1.0,499.0,3624.0,20.0,9.0,11.6,12
00-0031237,2024,veteran,QB,2.253378469006709,21.232267109998336,47.844333553869554,346.02861604985736,2.1385137166428816,1.1380214409378733,3.5761335902527076,13.069711842067177,0.14781834466108051,0.3957237314138437,7.232384492517845,0.04469732479887209,0.07446007521580779,0.018375562726628384,0.0028555927156038276,0.00024334241217893195,2.5218630431454905e-05,1.3707814312436777e-11,0.2434004219734355,21.52159041603559,21.764990838009027,veteran,,,0.0,0.0,0.0,0.0,0.0,0.0,0.0,0.0,0.0,0.0,0.0,0.0,0.0,0.0,0.0,0.0,0.0,0.0,0.0,0.0,0.0,0.0,0.0,0.0,0.0,0.0,0.0,0.0,0.0,17,-0.2,10.192289156626506,0.5308291991495392,0.058823529411764705,31.808350444900753,0.24411764705882355,1.0,0.8235294117647058,0.0,0.9411764705882353,0.0,16.0,1.0,0.0,0.0,0.0,0.0,2.0,-2.0,0.0,0.0,0.0,0.0,0.0,,12
00-0031280,2024,veteran,QB,13.386301376442129,32.43762093600696,434.21976978417797,3099.2634646737556,19.282491771369124,9.240435015086009,22.854939842527642,56.87700248012621,0.6648503795333682,2.362864677075011,7.13754573223185,0.04440721752709044,0.2169103020177171,0.07948042646189314,0.02124584429514088,0.00011247895540944144,1.1600717717517534e-05,1.370808087459514e-11,5.070095250766197,187.5707088133175,192.6408040640837,veteran,Derek Carr,QB,10.0,150.9,0.0,0.0,0.0,0.0,17.0,71.0,1.0,279.0,189.0,2145.0,15.0,5.0,8.0,0.0,0.0,0.0,0.0,0.0,0.0,0.0,0.0,0.0,0.0,0.0,0.0,0.0,0.0,17,248.61999999999998,14.860304878048781,0.9677187948350072,1.0,33.43189596167009,0.9647058823529412,1.0,1.0,0.0,0.0,0.0,0.0,17.0,0.0,0.0,0.0,0.0,32.0,40.0,0.0,548.0,3878.0,25.0,8.0,,12
00-0031345,2024,veteran,QB,6.557984172807293,26.300564954051787,172.4786887045618,1274.902950342146,7.778772735429719,4.589040871150522,12.738734005346434,27.013620642391672,0.5290039455610777,1.1442190329418895,7.3916549338215525,0.045099906509342466,0.14060591794152996,0.043088544427951785,0.009078896460404952,0.00010439552190667904,1.0762056033250556e-05,1.3708106634531132e-11,1.4658213820829662,76.52007488482552,77.98589626690848,veteran,Jimmy Garoppolo,QB,1.0,20.86,0.0,0.0,0.0,0.0,2.0,5.0,0.0,41.0,27.0,334.0,2.0,1.0,3.0,0.0,0.0,0.0,1.0,1.0,0.0,0.0,0.0,0.0,0.0,0.0,1.0,0.0,0.0,17,65.1,12.809999999999999,0.607008760951189,0.4117647058823529,32.832306639288156,0.5529411764705883,1.0,0.8823529411764706,0.058823529411764705,0.5294117647058824,1.0,10.0,7.0,0.0,0.0,0.0,0.0,20.0,39.0,0.0,169.0,1205.0,7.0,9.0,,12
00-0031503,2024,veteran,QB,4.286442343689973,18.902213572556118,81.02324864687586,575.4127165027542,3.7196150392794536,2.1814574890828706,6.962365365479406,22.69058547033757,0.2672588613348641,0.7300002516409504,7.101822330163273,0.045907996795965016,0.050963705656435765,0.011228501635340869,0.0014746734600099055,0.00019321055077811528,1.999426343438719e-05,1.3707894000410044e-11,0.30424742112992204,35.94466505082328,36.248912471953204,veteran,Jameis Winston,QB,11.0,139.14,0.0,0.0,0.0,0.0,25.0,83.0,1.0,296.0,181.0,2121.0,13.0,12.0,24.0,2.0,0.0,0.0,8.0,8.0,0.0,0.0,0.0,0.0,0.0,0.0,3.0,2.0,1.0,17,11.959999999999999,7.2598095238095235,0.3344537815126051,0.35294117647058826,30.652977412731005,0.3088235294117647,1.0,0.4117647058823529,0.0,0.6470588235294118,0.0,11.0,6.0,0.0,0.0,0.0,0.0,5.0,-6.0,0.0,47.0,264.0,2.0,3.0,,12
00-0031800,2024,veteran,QB,5.088261501479034,26.52769554469106,134.97985196300843,951.6500238587373,5.869591799667326,3.3645649218652744,15.552565111130585,78.69246948850135,0.6252616063850057,1.0202248115308867,7.050311657769038,0.04348494767408622,0.12711074104472053,0.03752550798266196,0.0075134730927505335,0.0033866058886391085,0.0003576485758669207,1.3706903886763391e-11,1.0296047689530363,64.39560527338665,65.42521004233969,veteran,Taylor Heinicke,QB,4.0,3.12,0.0,0.0,0.0,0.0,2.0,20.0,0.0,5.0,3.0,28.0,0.0,0.0,3.0,0.0,0.0,0.0,0.0,0.0,0.0,0.0,0.0,0.0,0.0,0.0,0.0,0.0,0.0,17,66.0,13.323821656050956,0.5728737354814538,0.29411764705882354,31.46611909650924,0.4617647058823529,1.0,0.9411764705882353,0.0,0.7058823529411765,0.0,12.0,5.0,0.0,0.0,0.0,0.0,15.0,124.0,1.0,136.0,890.0,5.0,4.0,,12
00-0032156,2024,veteran,QB,3.1516619993882395,23.18054256809912,73.05723513707947,489.67147691117077,2.970032196050456,1.7269363704364389,5.354171607943674,18.335521131127354,0.20662402588246298,0.6943062994238083,6.702573345300921,0.040653498458813775,0.07692482469717431,0.01917809375564224,0.0030247551116699646,0.0002452327794974474,2.5415777165346126e-05,1.3707811639287477e-11,0.35306440608620776,29.697798789335675,30.050863195421883,veteran,,,0.0,0.0,0.0,0.0,0.0,0.0,0.0,0.0,0.0,0.0,0.0,0.0,0.0,0.0,0.0,0.0,0.0,0.0,0.0,0.0,0.0,0.0,0.0,0.0,0.0,0.0,0.0,0.0,0.0,17,26.96,7.3882352941176475,0.2816608996539793,0.29411764705882354,32.68446269678302,0.25,1.0,0.35294117647058826,0.0,0.7058823529411765,0.0,12.0,5.0,0.0,0.0,0.0,0.0,11.0,40.0,0.0,153.0,724.0,2.0,4.0,,12
00-0032268,2024,veteran,QB,3.4574895826757035,20.713846388507065,71.61790810540792,515.3431953485978,3.259661037200363,1.7994395393750509,16.267165643480176,80.63071559898954,0.6675773009852227,0.6942862621713007,7.195730913979094,0.0455146083351494,0.06851460560397629,0.016479807370469786,0.0024666161282901225,0.010753086323326107,0.001151261876450978,1.3706502342080864e-11,0.3825626756912149,40.73345572546295,41.116018401154165,veteran,Marcus Mariota,QB,3.0,45.76,0.0,0.0,0.0,0.0,18.0,92.0,1.0,44.0,34.0,364.0,4.0,0.0,3.0,0.0,0.0,0.0,0.0,0.0,0.0,0.0,0.0,0.0,0.0,0.0,0.0,0.0,0.0,17,11.76,11.184297520661158,0.585804569761789,0.11764705882352941,30.83915126625599,0.3558823529411764,1.0,0.7647058823529411,0.0,0.8823529411764706,0.0,15.0,2.0,0.0,0.0,0.0,0.0,8.0,52.0,0.0,23.0,164.0,1.0,1.0,,12
00-0032950,2024,veteran,QB,3.041449629719683,27.479078739553653,83.57623385745347,584.5235331750193,3.8198401564928965,1.989828995492764,10.91247623956572,39.0205575833731,0.44378097824684604,0.5873023080422591,6.993896544464722,0.04570486106143483,0.13648016366519727,0.041360009186157065,0.008583273512423554,0.002016044949118365,0.00021197492583961358,1.3707083484842473e-11,0.6630990741094731,40.0707809737207,40.733880047830176,veteran,Carson Wentz,QB,2.0,4.72,0.0,0.0,0.0,0.0,3.0,0.0,0.0,19.0,12.0,118.0,0.0,0.0,4.0,0.0,0.0,0.0,0.0,0.0,0.0,0.0,0.0,0.0,0.0,0.0,0.0,0.0,0.0,17,26.119999999999997,16.19709090909091,0.674866310160428,0.058823529411764705,31.67145790554415,0.32352941176470584,1.0,1.0,0.0,0.9411764705882353,0.0,16.0,1.0,0.0,0.0,0.0,0.0,17.0,56.0,1.0,24.0,163.0,2.0,1.0,,12
00-0033077,2024,veteran,QB,13.33048580369069,33.8343660725791,451.02853660738964,3308.625891389361,23.45548783931882,9.852473928666834,39.92597089268232,157.04023628720486,1.4498336324580243,2.3792880729051893,7.3357351538699795,0.05200444303535566,0.25462282473339165,0.10063530613968344,0.029694702942845062,0.0015942315355510497,0.00016732091838020453,1.3707164698167464e-11,6.2228094471291895,226.1064884331743,232.32929788030347,veteran,Dak Prescott,QB,8.0,121.52,0.0,0.0,0.0,0.0,13.0,54.0,1.0,286.0,185.0,1978.0,11.0,8.0,21.0,1.0,0.0,0.0,5.0,5.0,0.0,0.0,0.0,0.0,0.0,0.0,2.0,2.0,0.0,17,352.84000000000003,19.807882736156355,0.9218241042345278,1.0,31.093771389459274,0.9029411764705884,1.0,1.0,0.0,0.0,0.0,0.0,17.0,0.0,0.0,0.0,0.0,55.0,242.0,2.0,590.0,4516.0,36.0,9.0,5.6,12
00-0033106,2024,veteran,QB,13.957975666884737,33.988237421660486,474.4069908918383,3456.880226881994,21.86208924950614,9.35751204358893,24.37708681972442,49.441142600791956,0.9725176073762265,3.0238580752114594,7.286739641807134,0.046082982901258625,0.2533865489407707,0.09990748854409243,0.02938827129387777,7.308970555470206e-05,7.518227350980944e-06,1.3708229768583189e-11,6.450101870277639,211.7400457400401,218.19014761031775,veteran,Jared Goff,QB,17.0,336.96000000000004,1.0,1.0,7.0,1.0,35.0,56.0,0.0,539.0,390.0,4629.0,37.0,12.0,31.0,0.0,0.0,0.0,13.0,13.0,0.0,0.0,0.0,0.0,0.0,0.0,6.0,2.0,2.0,17,295.6,16.885256797583082,0.9776079616136485,1.0,29.883641341546884,0.973529411764706,1.0,1.0,0.0,0.0,0.0,0.0,17.0,0.0,0.0,0.0,0.0,32.0,21.0,2.0,605.0,4575.0,30.0,12.0,6.2,12
00-0033119,2024,veteran,QB,3.733525078171236,23.239751293064778,86.76619426311976,616.4121552575382,3.7311054439506277,1.8205272489053381,9.847446765080043,44.21391968217658,0.3977382098225966,0.7544730001615391,7.104289412397867,0.04300183355554348,0.09094942807894446,0.02392520018525086,0.004076459195878027,0.00161731218477878,0.0001697617011883513,1.3707159726304835e-11,0.510978088248332,41.23872871512352,41.74970680337185,veteran,Jacoby Brissett,QB,7.0,45.24,0.0,0.0,0.0,0.0,15.0,62.0,0.0,161.0,95.0,826.0,2.0,1.0,18.0,1.0,0.0,0.0,0.0,0.0,0.0,0.0,0.0,0.0,0.0,0.0,0.0,0.0,0.0,17,22.86,10.9275,0.6574394463667819,0.11764705882352941,31.72347707049966,0.4,1.0,0.8235294117647058,0.0,0.8823529411764706,0.0,15.0,2.0,0.0,0.0,0.0,0.0,3.0,19.0,0.0,23.0,224.0,3.0,0.0,,12
00-0033275,2024,veteran,QB,3.9490883508337213,19.501796700673676,77.01431817095792,536.9834436003508,3.0263191271152796,2.0739100149809953,6.641396809861209,21.863270956722364,0.2408833597964986,0.7878041780050727,6.972514414895478,0.039295538790558346,0.05286432583696625,0.011771247585504184,0.0015708398591149965,0.00021627724328681766,2.239713142647038e-05,1.3707855042532077e-11,0.29188797961328944,31.492813120954242,31.78470110056753,veteran,,,0.0,0.0,0.0,0.0,0.0,0.0,0.0,0.0,0.0,0.0,0.0,0.0,0.0,0.0,0.0,0.0,0.0,0.0,0.0,0.0,0.0,0.0,0.0,0.0,0.0,0.0,0.0,0.0,0.0,17,19.96,4.733396226415095,0.314095449500555,0.29411764705882354,29.51403148528405,0.31176470588235294,1.0,0.35294117647058826,0.0,0.7058823529411765,0.0,12.0,5.0,0.0,0.0,0.0,0.0,13.0,30.0,0.0,111.0,674.0,1.0,5.0,,12
00-0033319,2024,veteran,QB,3.529297992734921,22.21586950347782,78.40642364548522,583.6350402597246,3.524325538118376,2.2559791927737702,5.34050828420504,16.449319408297473,0.20147473232763993,0.6061217484416517,7.443714597908858,0.04494944896420247,0.09135172426463772,0.02406582868405678,0.0041088863441295625,0.00014088508561377333,1.4550725742826568e-05,1.3708003096201166e-11,0.4793879033530586,34.57228221522723,35.05167011858029,veteran,Nick Mullens,QB,4.0,1.32,0.0,0.0,0.0,0.0,3.0,-2.0,0.0,2.0,2.0,38.0,0.0,0.0,0.0,0.0,0.0,0.0,0.0,0.0,0.0,0.0,0.0,0.0,0.0,0.0,0.0,0.0,0.0,17,74.74000000000001,11.248048780487807,0.2682926829268293,0.29411764705882354,29.451060917180012,0.2411764705882353,1.0,0.29411764705882354,0.0,0.7058823529411765,0.0,12.0,5.0,0.0,0.0,0.0,0.0,10.0,25.0,0.0,148.0,1306.0,7.0,8.0,,12
00-0033537,2024,veteran,QB,5.147200777907884,25.92971547879347,133.46545168337585,931.5259166560943,5.842527900330666,3.1965392000733006,22.631502002478815,107.51740426293792,0.8820969762871685,1.0116040067946523,6.979528446552457,0.04377558256942083,0.11652302797602944,0.03334500688873209,0.006395471770724016,0.007877471220796151,0.0008396008685388926,1.3706610805283326e-11,0.9700844603868999,68.25918413784731,69.22926859823421,veteran,Deshaun Watson,QB,7.0,76.72,0.0,0.0,0.0,0.0,31.0,148.0,1.0,216.0,137.0,1148.0,5.0,3.0,33.0,3.0,0.0,0.0,0.0,0.0,0.0,0.0,0.0,0.0,0.0,0.0,0.0,0.0,0.0,17,86.8,14.394901960784313,0.3529411764705882,0.35294117647058826,28.966461327857633,0.30000000000000004,1.0,0.35294117647058826,0.11764705882352941,0.5294117647058824,2.0,11.0,6.0,0.0,0.0,0.0,0.0,26.0,142.0,1.0,171.0,1115.0,7.0,4.0,12.6,12
00-0033550,2024,veteran,QB,0.0,22.673606974916556,0.0,0.0,0.0,0.0,0.0,0.0,0.0,0.0,7.076553975111558,0.04431953845014392,1.8998758416025333e-08,1.1972642486712864e-10,9.357622968839299e-14,8.026975610927914e-07,8.03273809956928e-08,1.3709788002222281e-11,0.0,0.0,0.0,veteran,,,0.0,0.0,0.0,0.0,0.0,0.0,0.0,0.0,0.0,0.0,0.0,0.0,0.0,0.0,0.0,0.0,0.0,0.0,0.0,0.0,0.0,0.0,0.0,0.0,0.0,0.0,0.0,0.0,0.0,17,0.0,13.78,0.058823529411764705,0.0,29.609856262833677,0.026470588235294117,0.0,0.058823529411764705,0.0,1.0,0.0,17.0,0.0,0.0,0.0,0.0,0.0,0.0,0.0,0.0,0.0,0.0,0.0,0.0,,12
00-0033662,2024,veteran,QB,5.3494652412003845,15.991925511786214,85.54824966516603,605.9523073902897,3.639218647556976,1.9946816503186688,6.505100740075317,8.575772113117024,0.23415588625416564,0.8721084928083309,7.083164293389681,0.04253995449118828,0.031240921805415316,0.00600839757278673,0.0006400695788639142,1.3904478434624628e-05,1.4158147153098683e-06,1.3708802932774855e-11,0.22226859863385987,35.32389912842219,35.54616772705605,veteran,Cooper Rush,QB,12.0,112.06,0.0,0.0,0.0,0.0,26.0,18.0,0.0,308.0,187.0,1844.0,12.0,5.0,13.0,3.0,0.0,0.0,2.5,2.5,0.0,0.0,0.0,0.0,0.0,0.0,1.0,1.0,0.0,17,3.2600000000000002,3.2915328467153286,0.41691713181623014,0.4117647058823529,30.77891854893908,0.40294117647058825,1.0,0.47058823529411764,0.0,0.5882352941176471,0.0,10.0,7.0,0.0,0.0,0.0,0.0,12.0,-5.0,0.0,24.0,144.0,0.0,1.0,,12
00-0033869,2024,veteran,QB,4.024269429476489,21.198605693434757,85.30890083961575,595.8811158344129,3.5574559076784804,2.295841788838042,9.569640563111344,28.5481841417525,0.5087574115684994,0.7215396073210139,6.9849817541864,0.04170087614147842,0.06726024377174691,0.016087188574237316,0.002387984602153751,0.00040894683561130854,4.252133622739321e-05,1.3707634975390892e-11,0.3889042898024622,37.937668355358575,38.326572645161036,veteran,Mitchell Trubisky,QB,8.0,15.259999999999998,0.0,0.0,0.0,0.0,17.0,1.0,0.0,26.0,19.0,179.0,2.0,0.0,0.0,0.0,0.0,0.0,0.0,0.0,0.0,0.0,0.0,0.0,0.0,0.0,0.0,0.0,0.0,17,48.68,8.956428571428571,0.3382352941176471,0.29411764705882354,30.034223134839152,0.32941176470588235,1.0,0.4117647058823529,0.0,0.7058823529411765,0.0,12.0,5.0,0.0,0.0,0.0,0.0,16.0,54.0,2.0,107.0,632.0,4.0,5.0,,12
00-0033873,2024,veteran,QB,13.892656129586781,36.24486915358795,503.53750361266447,3661.739357614017,24.361292071991077,11.177274422016263,56.944442009421245,287.42615854534534,1.7785984122314074,2.4048173010217497,7.272029057106206,0.04838029321988791,0.29051455884290944,0.12280794142101192,0.03955325417951175,0.007667043658965628,0.0008168826408292081,1.3706620228574748e-11,7.817749741010459,256.16476547437196,263.9825152153824,veteran,Patrick Mahomes,QB,16.0,285.52,1.0,1.0,2.0,0.0,58.0,307.0,2.0,581.0,392.0,3928.0,26.0,11.0,36.0,0.0,0.0,0.0,3.0,3.0,0.0,0.0,0.0,0.0,0.0,0.0,3.0,0.0,0.0,17,287.72,21.00851063829787,0.9685320936885392,0.9411764705882353,28.958247775496236,0.9676470588235294,1.0,1.0,0.058823529411764705,0.0,1.0,1.0,16.0,0.0,0.0,0.0,0.0,75.0,389.0,0.0,597.0,4183.0,27.0,14.0,6.8,12
00-0033936,2024,veteran,QB,4.080108977037803,13.60979636710233,55.529452333070694,394.21823834818997,2.3789096059427877,1.2299414787950023,4.985386001384882,17.517143034016144,0.19027033559451056,0.6870418999989822,7.099263936255543,0.0428405018596955,0.019625232238656476,0.0033408698203846103,0.0002931654110634307,0.00011533922758129912,1.1897565062561888e-05,1.3708072200987546e-11,0.10345546107491153,24.343737517079457,24.44719297815437,veteran,,,0.0,0.0,0.0,0.0,0.0,0.0,0.0,0.0,0.0,0.0,0.0,0.0,0.0,0.0,0.0,0.0,0.0,0.0,0.0,0.0,0.0,0.0,0.0,0.0,0.0,0.0,0.0,0.0,0.0,17,21.46,2.4439583333333332,0.3088235294117647,0.35294117647058826,30.792607802874745,0.28235294117647064,1.0,0.35294117647058826,0.0,0.6470588235294118,0.0,11.0,6.0,0.0,0.0,0.0,0.0,8.0,35.0,0.0,53.0,349.0,1.0,0.0,,12
00-0033949,2024,veteran,QB,9.308772352747768,28.59728279267442,266.20559542415714,1779.0941149891396,10.642184469589221,6.33171790361573,48.121504443471224,241.81597252437058,2.523585798575219,2.4971338983662466,6.683158226461883,0.0399773132215067,0.13451868974290004,0.04054680443831963,0.00835294754701229,0.014590204683124698,0.0015704510152124698,1.3706395621745039e-11,2.1316220433252875,135.3979109178469,137.52953296117218,veteran,Joshua Dobbs,QB,2.0,31.839999999999996,0.0,0.0,0.0,0.0,9.0,24.0,2.0,47.0,32.0,361.0,2.0,2.0,2.0,1.0,0.0,0.0,1.0,1.0,0.0,0.0,0.0,0.0,0.0,0.0,1.0,0.0,0.0,17,200.66,15.047096774193548,0.7146110056925996,0.7647058823529411,29.598904859685145,0.45588235294117646,1.0,0.7647058823529411,0.0,0.23529411764705882,0.0,4.0,13.0,0.0,0.0,0.0,0.0,77.0,421.0,6.0,417.0,2464.0,13.0,10.0,,12
00-0034177,2024,veteran,QB,1.925213528041631,19.415219601726548,37.378443427143,256.36860235736583,1.550591145932735,1.0766909406140748,2.0882718073071005,6.281893691530857,0.08237343406392982,0.34568091081234076,6.858728690965215,0.04148356656304063,0.049806294844000336,0.010901208765158004,0.0014174533121684935,6.0497114079826315e-05,6.215690557794807e-06,1.3708295079558448e-11,0.13296070479177896,14.734794948709407,14.867755653501186,veteran,Tim Boyle,QB,3.0,13.940000000000001,0.0,0.0,0.0,0.0,3.0,9.0,0.0,50.0,27.0,276.0,1.0,1.0,2.0,0.0,0.0,0.0,0.0,0.0,0.0,0.0,0.0,0.0,0.0,0.0,0.0,0.0,0.0,17,10.9,3.443921568627451,0.1764705882352941,0.17647058823529413,29.913757700205338,0.15000000000000002,1.0,0.23529411764705882,0.0,0.8235294117647058,0.0,14.0,3.0,0.0,0.0,0.0,0.0,4.0,5.0,0.0,77.0,360.0,1.0,4.0,,12
00-0034401,2024,veteran,QB,4.346291274293492,17.69397814291839,76.90318281010596,550.5787325689904,3.265855546512697,1.9999296405199156,4.660565215854787,7.6038726035962485,0.19159828832500445,0.8250068066188745,7.159375105819912,0.042467105094687006,0.04316818582471608,0.009072476006142777,0.0011089667827870902,1.636786453230927e-05,1.6683057210465947e-06,1.3708746596906699e-11,0.2564907456725217,31.346675584842476,31.603166330515,veteran,Mike White,QB,1.0,1.12,0.0,0.0,0.0,0.0,0.0,0.0,0.0,11.0,3.0,28.0,0.0,0.0,0.0,0.0,0.0,0.0,0.0,0.0,0.0,0.0,0.0,0.0,0.0,0.0,0.0,0.0,0.0,17,2.06,5.183333333333333,0.31141868512110726,0.35294117647058826,29.440109514031484,0.30000000000000004,1.0,0.35294117647058826,0.0,0.6470588235294118,0.0,11.0,6.0,0.0,0.0,0.0,0.0,8.0,-9.0,0.0,6.0,74.0,1.0,1.0,,12
00-0034577,2024,veteran,QB,4.232475163227287,13.313136027714808,56.347517581969306,397.5034939297478,2.4735964331655347,1.3993119692410223,7.067405623944039,10.305591702778784,0.2586061917386204,0.7770402523490747,7.054498778078296,0.04389894247900396,0.018055392571181494,0.0030086641120246603,0.0002550774241252323,3.177799880371676e-05,3.2521385786963336e-06,1.3708517448323294e-11,0.09783450913777898,24.024017367381454,24.121851876519234,veteran,Kyle Allen,QB,1.0,0.76,0.0,0.0,0.0,0.0,0.0,0.0,0.0,1.0,1.0,19.0,0.0,0.0,0.0,0.0,0.0,0.0,0.0,0.0,0.0,0.0,0.0,0.0,0.0,0.0,0.0,0.0,0.0,17,-1.3,1.2504761904761903,0.3025210084033614,0.35294117647058826,28.484599589322382,0.24705882352941178,1.0,0.35294117647058826,0.0,0.6470588235294118,0.0,11.0,6.0,0.0,0.0,0.0,0.0,13.0,-13.0,0.0,0.0,0.0,0.0,0.0,,12
00-0034771,2024,veteran,QB,2.6019924242529044,19.996145295239224,52.02981857247282,382.66137073868794,2.286429355030772,1.0877748815105894,5.165657251550811,14.934707170776887,0.19594838885818616,0.5086784568372221,7.354655104277855,0.04394459595983375,0.06598421396827751,0.01569044708331558,0.0023092194522689796,0.00023696418722019612,2.4553518368504147e-05,1.3707823487550412e-11,0.24565961576759265,23.92842662320179,24.174086238969384,veteran,Mason Rudolph,QB,8.0,95.8,0.0,0.0,0.0,0.0,25.0,106.0,1.0,228.0,146.0,1530.0,9.0,9.0,11.0,1.0,0.0,0.0,0.0,0.0,0.0,0.0,0.0,0.0,0.0,0.0,0.0,0.0,0.0,17,39.56,9.806000000000001,0.22117647058823528,0.23529411764705882,29.127994524298426,0.14705882352941177,1.0,0.23529411764705882,0.0,0.7647058823529411,0.0,13.0,4.0,0.0,0.0,0.0,0.0,10.0,8.0,0.0,74.0,719.0,3.0,0.0,,12
00-0034796,2024,veteran,QB,13.167181745088651,31.970193096025735,420.9573429209493,3113.0344393228966,19.838042223639142,9.020016188625712,112.49178333905115,615.2200113608191,3.6753900368386283,3.0153621044283447,7.395130389511905,0.04712601539620723,0.2278220294355274,0.08538071679067061,0.023505792180178908,0.07500730294577455,0.008628924370136478,1.3705808410547609e-11,6.463181979399165,263.37713123847806,269.8403132178772,veteran,Lamar Jackson,QB,17.0,433.38,0.0,0.0,0.0,0.0,139.0,915.0,4.0,474.0,316.0,4172.0,41.0,4.0,23.0,5.0,0.0,1.0,2.0,3.0,0.0,0.0,0.0,1.0,0.0,0.0,2.0,0.0,0.0,17,336.72,20.70718309859155,0.851698425849213,0.9411764705882353,27.64955509924709,0.8352941176470589,1.0,0.9411764705882353,0.058823529411764705,0.0,1.0,1.0,16.0,0.0,0.0,0.0,0.0,148.0,821.0,5.0,457.0,3678.0,24.0,7.0,6.5,12
00-0034855,2024,veteran,QB,13.443045443076757,31.236324792483593,419.9113336600621,2964.4831426731093,18.55334627888636,9.239834575723343,37.55091367955094,107.26326366169484,1.2234669071611584,2.533936176106288,7.059783590106662,0.04418396168822193,0.1930187754752592,0.06717698616567648,0.016781783856303877,0.0005571288222698626,5.804577912757934e-05,1.3707528137230924e-11,4.40921162921835,187.31229712794698,191.72150875716534,veteran,Baker Mayfield,QB,17.0,374.8,0.0,0.0,0.0,0.0,60.0,378.0,3.0,570.0,407.0,4500.0,41.0,16.0,40.0,2.0,0.0,0.0,9.0,9.0,0.0,0.0,0.0,0.0,0.0,0.0,6.0,2.0,0.0,17,278.56,14.423189368770764,0.9050224741059215,1.0,29.385352498288842,0.8852941176470589,1.0,1.0,0.0,0.0,0.0,0.0,17.0,0.0,0.0,0.0,0.0,62.0,163.0,1.0,566.0,4044.0,28.0,10.0,,12
00-0034857,2024,veteran,QB,14.226865851309636,36.302586169107144,516.472023483496,3744.6614283497343,25.405333729897432,13.443108772408479,89.57395746327153,452.17311624103354,6.590919430374475,3.0267451286946097,7.25046325470405,0.04919014501219981,0.28965823377000277,0.12225512332999386,0.03929527205497404,0.025789956289184176,0.0028143082721357863,1.3706194968087423e-11,8.2749552498887,303.23091245772315,311.50586770761186,veteran,Josh Allen,QB,16.0,383.54,0.0,0.0,7.0,1.0,102.0,531.0,12.0,483.0,307.0,3731.0,28.0,6.0,14.0,2.0,0.0,0.0,4.5,4.5,0.0,0.0,0.0,0.0,0.0,0.0,3.0,1.0,0.0,17,400.64,24.252694610778445,0.983092638252906,1.0,28.281998631074607,0.9823529411764707,1.0,1.0,0.0,0.0,0.0,0.0,17.0,0.0,0.0,0.0,0.0,111.0,524.0,15.0,579.0,4306.0,29.0,18.0,6.7,12
00-0034869,2024,veteran,QB,8.151304549129032,20.50218903704423,167.11958676476198,1185.2837866438122,7.12927076537798,4.03688836963269,21.84457062075775,63.78053126982472,1.0575547005179076,1.57383830218376,7.092428898308738,0.04265969599011253,0.06391853478104073,0.01505391753968272,0.0021843272750643765,0.0005290488141620795,5.510146353202661e-05,1.3707546007061465e-11,0.7456794382721287,77.43036251372143,78.17604195199357,veteran,Sam Darnold,QB,17.0,312.46,0.0,0.0,0.0,0.0,67.0,212.0,1.0,545.0,361.0,4319.0,35.0,12.0,48.0,4.0,0.0,0.0,4.5,4.5,0.0,0.0,0.0,0.0,0.0,0.0,3.0,1.0,0.0,17,23.380000000000003,6.933736263736264,0.5649644473173887,0.5882352941176471,27.241615331964407,0.5352941176470588,1.0,0.7058823529411765,0.0,0.4117647058823529,0.0,7.0,10.0,0.0,0.0,0.0,0.0,21.0,15.0,1.0,46.0,297.0,2.0,1.0,,12
00-0034899,2024,veteran,QB,0.2729299996189349,18.558212336718935,5.065092885988811,36.04869675957618,0.22078949076086382,0.1261266663468711,0.6795955402100731,2.5644502900834443,0.026943310234317095,0.053879446589230016,7.117085031015918,0.0435904129955084,0.04865752228893362,0.010578796495478573,0.0013616658758138403,0.0008620252279615886,9.007568899254618e-05,1.3707377290963191e-11,0.018626431948195576,2.383198497968547,2.4018249299167427,veteran,,,0.0,0.0,0.0,0.0,0.0,0.0,0.0,0.0,0.0,0.0,0.0,0.0,0.0,0.0,0.0,0.0,0.0,0.0,0.0,0.0,0.0,0.0,0.0,0.0,0.0,0.0,0.0,0.0,0.0,17,0.0,4.616666666666667,0.11764705882352941,0.0,28.878850102669404,0.052941176470588235,0.0,0.11764705882352941,0.0,1.0,0.0,17.0,0.0,0.0,0.0,0.0,0.0,0.0,0.0,0.0,0.0,0.0,0.0,0.0,,12
00-0034955,2024,veteran,QB,1.681273881283494,18.331666712362637,30.82055244388936,213.5220416068575,1.2826449213931457,0.7667248556428023,2.5175701334887366,9.538471323124993,0.09887004037699548,0.34354979827618354,6.927910912550546,0.041616545444092115,0.04348454993422046,0.009157717647325078,0.001122905138809867,0.00023007803827593574,2.3835571644029928e-05,1.3707833674726353e-11,0.10042714287335708,12.997979416583386,13.098406559456743,veteran,,,0.0,0.0,0.0,0.0,0.0,0.0,0.0,0.0,0.0,0.0,0.0,0.0,0.0,0.0,0.0,0.0,0.0,0.0,0.0,0.0,0.0,0.0,0.0,0.0,0.0,0.0,0.0,0.0,0.0,17,4.779999999999999,3.2795918367346935,0.1716686674669868,0.11764705882352941,28.147843942505133,0.14411764705882354,1.0,0.23529411764705882,0.0,0.8823529411764706,0.0,15.0,2.0,0.0,0.0,0.0,0.0,3.0,19.0,0.0,38.0,172.0,0.0,1.0,,12
00-0035040,2024,veteran,QB,0.1722894367169221,20.013816933693214,3.448169246061601,24.67796967220732,0.15326835684168008,0.08217301221106244,0.2604168319950069,0.9192046133147735,0.010504390321683333,0.03416419856203144,7.1568324844825355,0.044449197792927005,0.06126086906187192,0.014245496910660035,0.002028394359625049,0.0001970478632755509,2.039387543168022e-05,1.370788720718111e-11,0.014974285168572967,1.5224645959704024,1.5374388811389754,veteran,,,0.0,0.0,0.0,0.0,0.0,0.0,0.0,0.0,0.0,0.0,0.0,0.0,0.0,0.0,0.0,0.0,0.0,0.0,0.0,0.0,0.0,0.0,0.0,0.0,0.0,0.0,0.0,0.0,0.0,17,0.0,7.5520000000000005,0.1058823529411765,0.0,29.089664613278575,0.044117647058823525,0.0,0.11764705882352941,0.0,1.0,0.0,17.0,0.0,0.0,0.0,0.0,0.0,0.0,0.0,0.0,0.0,0.0,0.0,0.0,,12
00-0035100,2024,veteran,QB,6.456449061291698,25.781557822213383,166.45731479986722,1224.5543776913596,7.610421888555921,4.125029938338315,17.895421039530827,77.62607037203618,0.9297658361759766,1.0826395986164847,7.356566932271194,0.04571996068605326,0.1318593038921726,0.03945309157303069,0.008046078485453011,0.0016859547371874618,0.00017702250295824503,1.37071453479469e-11,1.3499310709006551,82.34972564222795,83.6996567131286,veteran,Jake Browning,QB,2.0,-0.2,0.0,0.0,0.0,0.0,2.0,-2.0,0.0,0.0,0.0,0.0,0.0,0.0,0.0,0.0,0.0,0.0,0.0,0.0,0.0,0.0,0.0,0.0,0.0,0.0,0.0,0.0,0.0,17,148.44,16.493333333333332,0.5294117647058824,0.5294117647058824,28.39151266255989,0.2911764705882353,1.0,0.5294117647058824,0.0,0.47058823529411764,0.0,8.0,9.0,1.0,1.0,-7.0,0.0,27.0,127.0,3.0,243.0,1936.0,12.0,7.0,,12
00-0035146,2024,veteran,QB,0.94305843295964,16.226262944399867,15.302314105136812,107.5860258341977,0.6483610624962279,0.3932098790224215,2.502049050707291,9.855366460018455,0.09697803563080831,0.19115525280550572,7.030703009689384,0.042370131605034854,0.03189342964918399,0.006168098846760215,0.0006628331379996342,0.0011493892677125308,0.00012034481855543124,1.3707277834991358e-11,0.04130704455821375,7.29555987948366,7.336866924041874,veteran,,,0.0,0.0,0.0,0.0,0.0,0.0,0.0,0.0,0.0,0.0,0.0,0.0,0.0,0.0,0.0,0.0,0.0,0.0,0.0,0.0,0.0,0.0,0.0,0.0,0.0,0.0,0.0,0.0,0.0,17,0.0,1.716,0.29411764705882354,0.0,29.026694045174537,0.08823529411764706,0.0,0.29411764705882354,0.0,1.0,0.0,17.0,0.0,0.0,0.0,0.0,0.0,0.0,0.0,0.0,0.0,0.0,0.0,0.0,,12
00-0035228,2024,veteran,QB,8.188565802454978,32.13586364227017,263.14663405344976,1831.0680671068258,11.175691705242706,5.611741998152757,44.78098810550383,231.5828639243346,2.122431463000393,1.3247785726354655,6.958356407229983,0.04246944577285653,0.1996371400519611,0.07050130156144555,0.01795422699696796,0.01855302796535855,0.0020071660900425293,1.3706311255424783e-11,2.9713138247758537,139.96532353410322,142.93663735887907,veteran,Kyler Murray,QB,17.0,299.24,0.0,0.0,0.0,0.0,78.0,572.0,5.0,541.0,372.0,3851.0,21.0,11.0,30.0,4.0,0.0,0.0,2.0,2.0,0.0,0.0,0.0,0.0,0.0,0.0,2.0,0.0,0.0,17,146.36,19.16591836734694,0.6056422569027611,0.47058823529411764,27.069130732375086,0.5764705882352942,1.0,0.8235294117647058,0.11764705882352941,0.4117647058823529,2.0,9.0,8.0,0.0,0.0,0.0,0.0,44.0,244.0,3.0,268.0,1799.0,10.0,5.0,8.1,12
00-0035264,2024,veteran,QB,1.4993409312907104,25.55456482459477,38.31500502283675,277.06737302886216,1.6818434096429151,0.8958465049374447,5.425077914634866,18.66303337307784,0.1987458417455074,0.2865547194054778,7.2313020150649265,0.04389516349118295,0.12314702736468537,0.035941440801572605,0.0070837807855215085,0.0018547976492144472,0.00019489352252953922,1.3707112328923442e-11,0.289933385468926,18.504044498821127,18.793977884290054,veteran,Jarrett Stidham,QB,2.0,0.49999999999999994,0.0,0.0,0.0,0.0,4.0,5.0,0.0,0.0,0.0,0.0,0.0,0.0,0.0,0.0,0.0,0.0,0.0,0.0,0.0,0.0,0.0,0.0,0.0,0.0,0.0,0.0,0.0,17,26.64,14.097,0.14411764705882354,0.11764705882352941,28.06570841889117,0.11764705882352941,1.0,0.17647058823529413,0.0,0.8823529411764706,0.0,15.0,2.0,0.0,0.0,0.0,0.0,9.0,8.0,0.0,66.0,496.0,2.0,1.0,,12
00-0035282,2024,veteran,QB,3.3530020784445904,27.07830425232645,90.79361043880559,637.8865974648347,3.621284530951451,1.7911028006901237,15.765483142773272,75.03310380997164,0.6336887106649272,0.8076242408886946,7.0256771856734,0.03988479490406627,0.13291481052854043,0.039885966577901534,0.008167131973282966,0.009569096551379903,0.00102267348637321,1.3706543038805141e-11,0.7382677903812752,46.10859058422828,46.84685837460955,veteran,,,0.0,0.0,0.0,0.0,0.0,0.0,0.0,0.0,0.0,0.0,0.0,0.0,0.0,0.0,0.0,0.0,0.0,0.0,0.0,0.0,0.0,0.0,0.0,0.0,0.0,0.0,0.0,0.0,0.0,17,67.56,13.512000000000002,0.29411764705882354,0.29411764705882354,28.9637234770705,0.16176470588235295,1.0,0.29411764705882354,0.0,0.7058823529411765,0.0,12.0,5.0,0.0,0.0,0.0,0.0,27.0,144.0,1.0,174.0,1129.0,3.0,1.0,,12
00-0035289,2024,veteran,QB,11.852793923902471,27.632539940772745,327.5228015119835,2306.1721719005823,13.083648921118044,7.167809466482445,24.423674280141753,70.37996605370797,1.2475508417034327,2.565488862822519,7.041256856787735,0.03994729179378778,0.1409114067282687,0.04321750472369972,0.009116199967289133,0.0002583342884020682,2.678240454177799e-05,1.3707793660053724e-11,2.658209163624633,139.63818755747695,142.2963967211016,veteran,Gardner Minshew,QB,10.0,96.32,0.0,0.0,0.0,0.0,19.0,58.0,0.0,306.0,203.0,2013.0,9.0,10.0,29.0,4.0,0.0,0.0,0.0,0.0,0.0,0.0,0.0,0.0,0.0,0.0,0.0,0.0,0.0,17,199.2,11.75860465116279,0.8188782489740081,0.9411764705882353,28.295687885010267,0.6323529411764707,1.0,0.9411764705882353,0.0,0.058823529411764705,0.0,1.0,16.0,0.0,0.0,0.0,0.0,34.0,100.0,3.0,490.0,3305.0,15.0,9.0,,12
00-0035704,2024,veteran,QB,3.0704790702603324,19.757604429016315,60.665310877777436,434.2038474317751,2.6349980057958184,1.4990371587492537,4.821054051129178,18.234769350681812,0.20485323533495353,0.5555542544302593,7.157366230374501,0.04343500375535132,0.059083451285503207,0.013592102098496948,0.0019046202509674574,0.0002584341653757962,2.679282454837959e-05,1.3707793526523027e-11,0.2566290083175963,26.851559441173155,27.10818844949075,veteran,Drew Lock,QB,7.0,81.14,0.0,0.0,0.0,0.0,18.0,133.0,2.0,181.0,107.0,1071.0,6.0,5.0,12.0,2.0,0.0,0.0,1.0,1.0,0.0,0.0,0.0,0.0,0.0,0.0,1.0,0.0,0.0,17,29.119999999999997,7.652580645161289,0.269449715370019,0.23529411764705882,27.808350444900753,0.1823529411764706,1.0,0.35294117647058826,0.0,0.7647058823529411,0.0,13.0,4.0,0.0,0.0,0.0,0.0,5.0,14.0,0.0,76.0,543.0,3.0,3.0,,12
00-0035710,2024,veteran,QB,7.533309007867134,28.840345178463142,217.26323212291385,1489.1054355326503,8.139719692933303,4.828370148189213,47.14634182837015,239.97450623885655,1.9660670249857497,1.4588221253401732,6.853922870346549,0.037464782298407315,0.14677700220079834,0.045719604666654264,0.009848821979946505,0.025954968932028845,0.002832855108767432,1.3706192707174024e-11,1.9982727768353368,115.34256441978062,117.34083719661595,veteran,Daniel Jones,QB,10.0,135.3,0.0,0.0,0.0,0.0,67.0,265.0,2.0,341.0,216.0,2070.0,8.0,7.0,29.0,2.0,0.0,0.0,0.0,0.0,0.0,0.0,0.0,0.0,0.0,0.0,0.0,0.0,0.0,17,57.96,14.892923076923076,0.6923076923076923,0.35294117647058826,27.266255989048595,0.573529411764706,1.0,0.9411764705882353,0.11764705882352941,0.5294117647058824,2.0,11.0,6.0,0.0,0.0,0.0,0.0,40.0,206.0,1.0,160.0,909.0,2.0,6.0,,12
00-0035939,2024,veteran,QB,1.119437301477687,12.991962659746424,14.54368762072541,103.32088840506607,0.6472928233119141,0.3533179338216662,3.8083486866108647,16.194931471808264,0.14543717317428156,0.20729736082227282,7.104174065030739,0.04450678811263057,0.01715412247752905,0.002821399454676473,0.0002342046030417645,0.0028120687609166344,0.0002964840718750895,1.3706968286514957e-11,0.02811066669101363,8.092892426388937,8.12100309307995,veteran,,,0.0,0.0,0.0,0.0,0.0,0.0,0.0,0.0,0.0,0.0,0.0,0.0,0.0,0.0,0.0,0.0,0.0,0.0,0.0,0.0,0.0,0.0,0.0,0.0,0.0,0.0,0.0,0.0,0.0,17,0.0,3.088,0.29411764705882354,0.0,27.698836413415467,0.08823529411764706,0.0,0.29411764705882354,0.0,1.0,0.0,17.0,0.0,0.0,0.0,0.0,0.0,0.0,0.0,0.0,0.0,0.0,0.0,0.0,,12
00-0035993,2024,veteran,QB,4.346914485902129,19.85908592672181,86.32574829164214,596.587936793165,3.7023257278741575,1.93456395779964,19.751685321163322,77.46167893283871,0.7003954833489328,0.7741556500679669,6.910892156737033,0.04288784981470711,0.05427788603975277,0.012179121198138286,0.0016441363826628682,0.005035881528593212,0.0005339033873261604,1.3706766300005575e-11,0.3550193621879092,45.203921960865486,45.558941323053396,veteran,Tyler Huntley,QB,5.0,60.66,0.0,0.0,0.0,0.0,26.0,135.0,2.0,133.0,86.0,829.0,3.0,3.0,15.0,2.0,0.0,0.0,0.0,0.0,0.0,0.0,0.0,0.0,0.0,0.0,0.0,0.0,0.0,17,25.619999999999997,7.828867924528303,0.31742508324084356,0.29411764705882354,26.576317590691307,0.31176470588235294,1.0,0.4117647058823529,0.0,0.7058823529411765,0.0,12.0,5.0,0.0,0.0,0.0,0.0,15.0,55.0,0.0,37.0,203.0,3.0,0.0,,12
00-0036212,2024,veteran,QB,13.871985543755299,33.03175490421738,458.21602651617167,3524.4839198977465,22.146349928987114,10.840571180212756,31.701795425175735,84.31555055372549,1.0334824972969745,2.758311443090596,7.691751741410027,0.04833167904965347,0.26823374737361183,0.10880502187762787,0.0332098418177559,0.0002742150750399347,2.843954711659043e-05,1.370777305110879e-11,6.910715770405175,216.99944130440602,223.9101570748112,veteran,Tua Tagovailoa,QB,11.0,187.08,0.0,0.0,0.0,0.0,17.0,49.0,0.0,399.0,291.0,2867.0,19.0,7.0,21.0,2.0,0.0,0.0,5.5,5.5,0.0,0.0,0.0,0.0,0.0,0.0,4.0,1.0,0.0,17,278.86,16.6208552631579,0.9094427244582043,1.0,26.50239561943874,0.8941176470588235,1.0,1.0,0.0,0.0,0.0,0.0,17.0,0.0,0.0,0.0,0.0,35.0,74.0,0.0,560.0,4624.0,29.0,14.0,7.0,12
00-0036264,2024,veteran,QB,12.936367182430223,30.505479715510212,394.63008667601713,2826.760499100318,19.06785725572321,8.52461589910252,37.59785039606182,165.34525355923648,1.8718563862350468,2.373597518606861,7.163063827469973,0.04831830592627245,0.18875933268505854,0.06507131335573732,0.01605231931488067,0.0019952282493908326,0.00020976899091280286,1.370708707639758e-11,4.149738512853857,195.31108582482076,199.4608243376746,veteran,Jordan Love,QB,15.0,236.36,0.0,0.0,0.0,0.0,25.0,83.0,1.0,425.0,268.0,3389.0,25.0,11.0,14.0,0.0,0.0,0.0,2.5,2.5,0.0,0.0,0.0,0.0,0.0,0.0,1.0,1.0,0.0,17,321.06,16.005589519650655,0.868995633187773,1.0,25.831622176591377,0.6735294117647059,1.0,1.0,0.0,0.0,0.0,0.0,17.0,0.0,0.0,0.0,0.0,50.0,247.0,4.0,579.0,4159.0,32.0,11.0,6.8,12
00-0036355,2024,veteran,QB,11.934958908088142,35.79787981928985,427.24622463990204,2998.580706029405,18.64162469921566,8.261087451366413,42.01178832901098,159.91692082409003,1.6605768264510083,1.9719984622772604,7.01839017666385,0.04363204078614731,0.26165985361301314,0.10482316844770319,0.03147933109204978,0.002273151787400709,0.00023923822519852147,1.3707041944862155e-11,5.782311879983652,199.9987082518666,205.78102013185025,veteran,Justin Herbert,QB,17.0,287.4,0.0,0.0,0.0,0.0,69.0,306.0,2.0,504.0,332.0,3870.0,23.0,3.0,41.0,2.0,0.0,0.0,2.0,2.0,0.0,0.0,0.0,0.0,0.0,0.0,2.0,0.0,0.0,17,240.16,18.74864864864865,0.8863275039745627,0.7647058823529411,26.480492813141684,0.8705882352941177,1.0,1.0,0.0,0.23529411764705882,0.0,4.0,13.0,1.0,1.0,10.0,0.0,52.0,228.0,3.0,456.0,3134.0,20.0,7.0,7.3,12
00-0036389,2024,veteran,QB,14.269430098908355,34.793261328011695,496.48001043311416,3612.2779483870345,21.758709717729946,11.478164456225542,115.22783005046,474.3291485573064,8.186561188960397,2.920708076839944,7.275777216560627,0.043825953231728915,0.266082789352974,0.1074947374849509,0.03263678375002944,0.029257227804729315,0.0032053467418043653,1.3706150178056311e-11,7.515191010107293,299.2804937297632,306.79568473987047,veteran,Jalen Hurts,QB,15.0,316.12,0.0,0.0,0.0,0.0,150.0,630.0,14.0,361.0,248.0,2903.0,18.0,5.0,38.0,5.0,0.0,0.0,1.0,1.0,0.0,0.0,0.0,0.0,0.0,0.0,1.0,0.0,0.0,17,360.82,22.460372670807455,0.9506759225429303,1.0,26.069815195071868,0.9470588235294117,1.0,1.0,0.0,0.0,0.0,0.0,17.0,0.0,0.0,0.0,0.0,157.0,605.0,15.0,538.0,3858.0,23.0,15.0,6.9,12
00-0036442,2024,veteran,QB,9.943674449426494,33.76310955460836,335.7293698113467,2398.928990013828,15.992268777345197,7.1778530769181605,31.254929355083092,98.50144458426777,1.2495489943679716,1.7596943271817262,7.145424874093784,0.04763440501595551,0.23871999167340258,0.09145193186685247,0.025909760433343188,0.0009941667160674958,0.00010398612293411581,1.3707327991779641e-11,4.264519361452587,159.39857832636875,163.66309768782133,veteran,Joe Burrow,QB,17.0,391.32,0.0,0.0,0.0,0.0,42.0,201.0,2.0,652.0,460.0,4918.0,43.0,9.0,48.0,5.0,0.0,0.0,18.5,18.5,0.0,0.0,0.0,0.0,0.0,0.0,7.0,5.0,2.0,17,150.16,18.965275590551183,0.7883279295970357,0.5882352941176471,27.72621492128679,0.7470588235294118,1.0,0.9411764705882353,0.058823529411764705,0.35294117647058826,1.0,7.0,10.0,0.0,0.0,0.0,0.0,31.0,88.0,0.0,365.0,2309.0,15.0,6.0,8.0,12
00-0036879,2024,veteran,QB,1.1512850909365873,19.414088483494602,22.351150625171034,157.697722339208,0.9797373960985981,0.5322509117858225,3.8183720024296792,16.600818390381576,0.14608886624160886,0.2222970569132464,7.0554632727325775,0.043833868445021094,0.053976454331428655,0.012091845764044535,0.0016283795466494884,0.002786394767488325,0.00029375399474475066,1.3706971462792502e-11,0.0904887146240178,11.254377577052384,11.344866291676402,veteran,,,0.0,0.0,0.0,0.0,0.0,0.0,0.0,0.0,0.0,0.0,0.0,0.0,0.0,0.0,0.0,0.0,0.0,0.0,0.0,0.0,0.0,0.0,0.0,0.0,0.0,0.0,0.0,0.0,0.0,17,0.0,6.558181818181817,0.2192513368983957,0.0,25.921971252566735,0.09705882352941177,0.0,0.23529411764705882,0.0,1.0,0.0,17.0,0.0,0.0,0.0,0.0,0.0,0.0,0.0,0.0,0.0,0.0,0.0,0.0,,12
00-0036898,2024,veteran,QB,6.4963319958454235,25.902209407529497,168.2693517372222,1156.5155462894497,7.164348561165498,4.141649734887618,12.268089830807645,41.71649018275572,0.5078041500584688,1.1391994809561816,6.873001734121624,0.04257666941246497,0.111523502581854,0.03142760619485198,0.005900274999602861,0.000315800942277946,3.278189897347017e-05,1.3707724272577708e-11,1.109771225246849,71.57479158317878,72.68456280842562,veteran,Davis Mills,QB,4.0,9.580000000000002,0.0,0.0,0.0,0.0,3.0,11.0,0.0,36.0,20.0,212.0,0.0,0.0,2.0,0.0,0.0,0.0,0.0,0.0,0.0,0.0,0.0,0.0,0.0,0.0,0.0,0.0,0.0,17,17.82,9.674021739130433,0.6815856777493605,0.29411764705882354,25.864476386036962,0.5411764705882354,1.0,0.8823529411764706,0.0,0.7058823529411765,0.0,12.0,5.0,0.0,0.0,0.0,0.0,2.0,9.0,0.0,39.0,173.0,2.0,0.0,,12
00-0036945,2024,veteran,QB,12.673930012734003,30.341916639487565,384.5513279410747,2712.8263256850546,17.012943371231035,9.937541954249195,110.39385921180882,617.1019316743528,4.267536290966071,2.7209046110007744,7.054523358974707,0.04424102099014972,0.17941728522589082,0.060545294739472094,0.014519529403943205,0.08379999740621696,0.00972928481376011,1.3705766835992258e-11,5.040019071933551,238.5633442950581,243.60336336699166,veteran,Justin Fields,QB,10.0,120.14,0.0,0.0,0.0,0.0,62.0,289.0,5.0,161.0,106.0,1106.0,5.0,1.0,16.0,1.0,0.0,0.0,1.0,1.0,0.0,0.0,0.0,0.0,0.0,0.0,1.0,0.0,0.0,17,232.18,17.6217843866171,0.7961950579488302,0.7647058823529411,25.49486652977413,0.7911764705882353,1.0,0.8823529411764706,0.23529411764705882,0.0,4.0,4.0,13.0,0.0,0.0,0.0,0.0,124.0,657.0,4.0,370.0,2562.0,16.0,9.0,,12
00-0036971,2024,veteran,QB,14.414070141567999,35.46658338371921,511.2178205746988,3583.0160899717876,20.567811528422606,11.55380779368947,60.81736662580828,271.850415999061,2.960122742959539,4.057412433907867,7.008785581738616,0.04023297056683346,0.2554939985478963,0.10114959867107148,0.02991190075479014,0.005906658455397919,0.0006273246843894904,1.3706710920155068e-11,6.830681444644819,239.31522731503057,246.1459087596754,veteran,Trevor Lawrence,QB,10.0,148.7,0.0,0.0,-5.0,0.0,26.0,119.0,3.0,284.0,172.0,2045.0,11.0,7.0,18.0,1.0,0.0,0.0,3.5,3.5,0.0,0.0,0.0,0.0,0.0,0.0,2.0,1.0,0.0,17,266.04,16.219696048632223,0.9685320936885392,0.9411764705882353,24.906228610540726,0.9676470588235294,1.0,1.0,0.058823529411764705,0.0,1.0,1.0,16.0,0.0,0.0,0.0,0.0,70.0,339.0,4.0,564.0,4016.0,21.0,14.0,10.6,12
00-0036972,2024,veteran,QB,10.289179864239044,30.519724195831955,314.0229316578833,2155.870180749988,12.330634842478208,8.312427324374331,27.86636543595517,83.95510799991102,0.852734969718314,1.840165504711419,6.865327221066552,0.03926667004023767,0.17014445045813784,0.056177612840255936,0.013086746080946888,0.0005911573690185691,6.16152315059479e-05,1.3707507651069636e-11,2.8940164465593248,128.76408156004183,131.65809800660116,veteran,Mac Jones,QB,10.0,96.08,0.0,0.0,0.0,0.0,28.0,92.0,1.0,262.0,171.0,1672.0,8.0,8.0,14.0,2.0,0.0,0.0,0.0,0.0,0.0,0.0,0.0,0.0,0.0,0.0,0.0,0.0,0.0,17,107.4,11.342578125,0.7752757352941176,0.6470588235294118,25.99041752224504,0.7529411764705883,1.0,1.0,0.0,0.35294117647058826,0.0,6.0,11.0,0.0,0.0,0.0,0.0,26.0,96.0,0.0,345.0,2120.0,10.0,12.0,,12
00-0037012,2024,veteran,QB,1.4364445668388677,18.963853632628343,27.24052451691651,195.61618175829216,1.2129585895375794,0.644831024831682,8.719277779083425,35.47431894216183,0.32906126593698465,0.26600075527242506,7.181072509701988,0.04452772518327706,0.05309062395378275,0.011836304061138073,0.0015824722662824708,0.012645010960667344,0.0013574853459827696,1.370644571425558e-11,0.127400083702904,16.37661755811188,16.504017641814787,veteran,Trey Lance,QB,4.0,12.739999999999998,0.0,0.0,0.0,0.0,11.0,41.0,0.0,41.0,25.0,266.0,0.0,1.0,4.0,0.0,0.0,0.0,0.0,0.0,0.0,0.0,0.0,0.0,0.0,0.0,0.0,0.0,0.0,17,0.0,8.984,0.2588235294117648,0.0,24.314852840520192,0.08823529411764705,0.0,0.35294117647058826,0.0,1.0,0.0,17.0,0.0,0.0,0.0,0.0,0.0,0.0,0.0,0.0,0.0,0.0,0.0,0.0,,12
00-0037013,2024,veteran,QB,11.073275256227362,29.48830252773279,326.5320907284903,2215.089685663339,11.735405727599195,7.559639687292589,36.145996921707685,177.1522493304424,1.3271430136028413,2.6959904650911186,6.783681446811224,0.035939517311813385,0.15132948012287403,0.04769558336564922,0.0104391341814669,0.003722540923941339,0.0003934711898417667,1.3706871109133861e-11,2.746879527702483,140.71203304682422,143.4589125745267,veteran,,,0.0,0.0,0.0,0.0,0.0,0.0,0.0,0.0,0.0,0.0,0.0,0.0,0.0,0.0,0.0,0.0,0.0,0.0,0.0,0.0,0.0,0.0,0.0,0.0,0.0,0.0,0.0,0.0,0.0,17,120.94,10.655288888888888,0.6737254901960783,0.7058823529411765,25.08145106091718,0.661764705882353,1.0,0.7647058823529411,0.17647058823529413,0.11764705882352941,3.0,5.0,12.0,0.0,0.0,0.0,0.0,36.0,211.0,0.0,368.0,2271.0,8.0,7.0,,12
00-0037077,2024,veteran,QB,13.051883930037695,33.3151256271994,434.82515280083084,2976.9982151512913,17.61666446016293,12.42175952648107,45.930522213832745,231.2719173991718,2.691096019324103,2.278903838416274,6.846425962195633,0.04051436386945201,0.20935421136696689,0.07549838600534832,0.019763851238817347,0.004956537593837055,0.0005254029050011726,1.3706771811819095e-11,4.801450508682163,199.4190275727705,204.22047808145265,veteran,Sam Howell,QB,1.0,-0.8400000000000001,0.0,0.0,0.0,0.0,1.0,2.0,0.0,14.0,5.0,24.0,0.0,1.0,4.0,0.0,0.0,0.0,0.0,0.0,0.0,0.0,0.0,0.0,0.0,0.0,0.0,0.0,0.0,17,265.04,15.673575129533678,0.9707406278573605,1.0,23.958932238193018,0.5676470588235295,1.0,1.0,0.0,0.0,0.0,0.0,17.0,1.0,1.0,4.0,0.0,48.0,263.0,5.0,612.0,3946.0,21.0,21.0,,12
00-0037175,2024,veteran,QB,0.5634031300776267,20.225799414594782,11.39527869850493,81.24834017530517,0.4940712365082115,0.2735102886000593,0.72913763771808,2.3249152051131916,0.029582719350244945,0.11222204713977162,7.130000268090418,0.043357538642125014,0.06244354071324147,0.014603775061895695,0.0020971252246520457,0.00010484362980184034,1.0808537139987683e-05,1.3708105155098554e-11,0.049953862583799594,4.86474171817818,4.914695580761979,veteran,,,0.0,0.0,0.0,0.0,0.0,0.0,0.0,0.0,0.0,0.0,0.0,0.0,0.0,0.0,0.0,0.0,0.0,0.0,0.0,0.0,0.0,0.0,0.0,0.0,0.0,0.0,0.0,0.0,0.0,17,0.0,2.7899999999999996,0.11764705882352942,0.0,26.099931553730322,0.03529411764705882,0.0,0.11764705882352941,0.0,1.0,0.0,17.0,0.0,0.0,0.0,0.0,0.0,0.0,0.0,0.0,0.0,0.0,0.0,0.0,,12
00-0037327,2024,veteran,QB,1.6863839108876288,16.560646531935305,27.927607865352705,195.67429607668137,1.1845194556366496,0.6630225701561762,3.0340722717125277,8.774424222052426,0.1180393337130542,0.3359253662355519,7.006482510785933,0.04241392464931368,0.033501745599586914,0.0065658338087354814,0.0007203875118428813,0.00018504974300152905,1.91445799980383e-05,1.3707908907568829e-11,0.07589577195294589,12.152832217313964,12.22872798926691,veteran,Skylar Thompson,QB,2.0,7.880000000000001,0.0,0.0,0.0,0.0,1.0,4.0,0.0,33.0,21.0,187.0,0.0,0.0,6.0,0.0,0.0,0.0,0.0,0.0,0.0,0.0,0.0,0.0,0.0,0.0,0.0,0.0,0.0,17,0.0,2.494285714285714,0.4117647058823529,0.0,27.24435318275154,0.12352941176470587,0.0,0.4117647058823529,0.0,1.0,0.0,17.0,0.0,0.0,0.0,0.0,0.0,0.0,0.0,0.0,0.0,0.0,0.0,0.0,,12
00-0037834,2024,veteran,QB,12.571606675069537,30.08556481265314,378.2238874219874,3043.9203554690534,20.482989582805445,9.034862891247464,33.71610213153252,103.2532095966953,1.4504806586976364,2.096874210951171,8.04793260472448,0.05415572697541552,0.24070876033386646,0.0925792531744797,0.02636480372079456,0.0006015340758471151,6.270400029068482e-05,1.3707501638060763e-11,5.443541364010054,200.45350325744198,205.89704462145204,veteran,Brock Purdy,QB,15.0,274.86,0.0,0.0,0.0,0.0,66.0,323.0,5.0,455.0,300.0,3864.0,20.0,12.0,31.0,3.0,0.0,0.0,8.0,8.0,0.0,0.0,0.0,0.0,0.0,0.0,5.0,2.0,0.0,17,303.59999999999997,17.291999999999998,0.8445012787723785,0.9411764705882353,24.681724845995895,0.6764705882352942,1.0,0.9411764705882353,0.0,0.058823529411764705,0.0,1.0,16.0,0.0,0.0,0.0,0.0,39.0,144.0,2.0,444.0,4280.0,31.0,11.0,15.8,12
00-0038102,2024,veteran,QB,10.91683655929823,27.77850085595236,303.25335370675793,2060.6797353824527,10.569489706906355,6.213816915917442,35.35372806101626,95.04165284135834,1.3822906358097602,1.65663797645414,6.795241372252402,0.034853661394712604,0.13022445663041768,0.03878578941507569,0.007860502227565342,0.000702541800914172,7.330892206170944e-05,1.370744799733712e-11,2.237259917640631,126.76214755717474,128.99940747481537,veteran,Kenny Pickett,QB,5.0,25.14,0.0,0.0,0.0,0.0,9.0,15.0,1.0,42.0,25.0,291.0,2.0,1.0,4.0,0.0,0.0,0.0,0.0,0.0,0.0,0.0,0.0,0.0,0.0,0.0,0.0,0.0,0.0,17,110.2,10.082666666666666,0.7277310924369748,0.7058823529411765,26.239561943874058,0.6176470588235294,1.0,0.7647058823529411,0.17647058823529413,0.11764705882352941,3.0,5.0,12.0,0.0,0.0,0.0,0.0,42.0,54.0,1.0,324.0,2070.0,6.0,4.0,,12
00-0038108,2024,veteran,QB,7.69427682771127,23.337465347042475,179.56491883726366,1251.9598671092456,7.5317543070414406,5.049172779932089,16.73977457819959,61.58539588556729,0.6919607168450105,1.5189737226536824,6.972185186371918,0.04194446418494099,0.08738834149822942,0.022691107548982358,0.0037949458786522366,0.0005617562736793328,5.8531090457683816e-05,1.370752527902858e-11,0.9976741538987144,77.37942279699084,78.37709695088955,veteran,Bailey Zappe,QB,1.0,7.000000000000001,0.0,0.0,0.0,0.0,2.0,2.0,0.0,31.0,16.0,170.0,1.0,2.0,1.0,0.0,0.0,0.0,0.0,0.0,0.0,0.0,0.0,0.0,0.0,0.0,0.0,0.0,0.0,17,69.18,7.476268656716418,0.5250219490781387,0.5882352941176471,25.352498288843258,0.3941176470588236,1.0,0.5882352941176471,0.0,0.4117647058823529,0.0,7.0,10.0,0.0,0.0,0.0,0.0,17.0,83.0,1.0,212.0,1272.0,6.0,9.0,,12
00-0038122,2024,veteran,QB,11.4621722306748,27.759958733772876,318.1894281229299,2272.597182754375,12.515990588492429,7.839879319870507,40.373092928701915,145.61170304496707,2.1278623710417195,2.952232290828673,7.142277467107975,0.03933502964673288,0.14792356640235466,0.04621446422746542,0.009995694472668062,0.0019619230890847777,0.00020624012377964393,1.3707092901136775e-11,2.7452812014807626,146.71197097349338,149.45725217497414,veteran,Desmond Ridder,QB,5.0,21.92,0.0,0.0,0.0,0.0,9.0,36.0,0.0,85.0,52.0,458.0,2.0,2.0,10.0,2.0,0.0,0.0,0.0,0.0,0.0,0.0,0.0,0.0,0.0,0.0,0.0,0.0,0.0,17,179.64000000000001,11.684444444444445,0.8001867413632119,0.8823529411764706,25.00479123887748,0.5558823529411765,1.0,0.8823529411764706,0.0,0.11764705882352941,0.0,2.0,15.0,1.0,1.0,-6.0,0.0,53.0,193.0,5.0,388.0,2836.0,12.0,12.0,,12
00-0038128,2024,veteran,QB,2.6590455285314833,14.576710032464423,38.76013563252454,275.13316931080317,1.6564488970642406,0.945286692534122,8.858742880415553,36.86970510777204,0.3478018682997665,0.5543115807820871,7.098354141979124,0.04273589011061859,0.023991088764725554,0.00430233546085902,0.00041034916808834675,0.0024993637749932277,0.0002632515240037929,1.3707009104660165e-11,0.0908317491743252,20.405707534632477,20.4965392838068,veteran,Malik Willis,QB,6.0,51.8,0.0,0.0,0.0,0.0,20.0,138.0,1.0,54.0,40.0,550.0,3.0,0.0,8.0,1.0,0.0,0.0,0.0,0.0,0.0,0.0,0.0,0.0,0.0,0.0,0.0,0.0,0.0,17,3.06,2.3390625000000003,0.3106617647058823,0.11764705882352941,25.27310061601643,0.18823529411764706,1.0,0.4117647058823529,0.0,0.8823529411764706,0.0,15.0,2.0,0.0,0.0,0.0,0.0,5.0,21.0,0.0,5.0,74.0,0.0,0.0,,12
00-0038416,2024,veteran,QB,3.957204279705659,25.945602275111714,102.67204836261295,715.1437901371355,4.226417562718156,2.7320651164781515,17.378286187325507,75.52173111249556,0.8205352186375748,0.8297870038873604,6.965321151589572,0.04116424703821499,0.11608207247853444,0.033174427206315665,0.006350960250707291,0.006106750232156026,0.0006488245947139674,1.3706699346127612e-11,0.7345585016109946,50.863102038702024,51.59766054031302,veteran,Tyson Bagent,QB,4.0,-0.26,0.0,0.0,0.0,0.0,6.0,-7.0,0.0,2.0,2.0,11.0,0.0,0.0,0.0,0.0,0.0,0.0,0.0,0.0,0.0,0.0,0.0,0.0,0.0,0.0,0.0,0.0,0.0,17,53.26,10.652,0.29411764705882354,0.29411764705882354,24.23271731690623,0.16176470588235295,1.0,0.29411764705882354,0.0,0.7058823529411765,0.0,12.0,5.0,0.0,0.0,0.0,0.0,23.0,109.0,2.0,143.0,859.0,3.0,6.0,,12
00-0038476,2024,veteran,QB,6.757214997773025,22.273752510147958,150.50853451825634,1047.9366324406665,6.736104262602306,3.308774501995263,26.506457779997923,129.10757573094122,1.0099755154746946,1.2332486265031999,6.962639266901865,0.044755629866193615,0.07653335714509243,0.01904998632401093,0.0029975769946151173,0.006126597165860502,0.0006509578115073281,1.3706698218727866e-11,0.7987469003946465,78.74844675698125,79.5471936573759,veteran,Tommy DeVito,QB,2.0,13.48,0.0,0.0,0.0,0.0,8.0,32.0,0.0,44.0,31.0,257.0,0.0,0.0,6.0,0.0,0.0,0.0,0.0,0.0,0.0,0.0,0.0,0.0,0.0,0.0,0.0,0.0,0.0,17,93.54,10.393333333333334,0.5294117647058824,0.5294117647058824,26.069815195071868,0.2911764705882353,1.0,0.5294117647058824,0.0,0.47058823529411764,0.0,8.0,9.0,0.0,0.0,0.0,0.0,36.0,195.0,1.0,178.0,1101.0,8.0,3.0,,12
00-0038579,2024,veteran,QB,8.279303547894497,27.60516540524094,228.55154387982572,1584.0336455710444,9.56586489113594,5.115965914152497,13.686329986146655,26.37159580891247,0.5856464020599064,1.586295859284194,6.930750143625993,0.04185430003555675,0.13489378034237054,0.040701884934183516,0.00839672979197026,5.726851037756421e-05,5.8819922705873884e-06,1.370831402245275e-11,1.7618867860119536,94.37131983376284,96.1332066197748,veteran,Aidan O'Connell,QB,9.0,94.48,0.0,0.0,0.0,0.0,21.0,30.0,1.0,243.0,154.0,1612.0,8.0,4.0,10.0,2.0,0.0,0.0,1.0,1.0,0.0,0.0,0.0,0.0,0.0,0.0,1.0,0.0,0.0,17,125.82000000000001,11.438181818181818,0.6470588235294118,0.6470588235294118,26.001368925393567,0.35588235294117654,1.0,0.6470588235294118,0.0,0.35294117647058826,0.0,6.0,11.0,0.0,0.0,0.0,0.0,17.0,11.0,1.0,343.0,2218.0,12.0,7.0,,12
00-0038583,2024,veteran,QB,5.705798330106958,19.066086273114173,108.78724321881005,730.6792382410056,4.390149910621844,2.7318296078460054,13.659303923299731,57.89082875579606,0.5091238688647498,0.9868924307758034,6.716589341007092,0.04035537422151311,0.04453379740296619,0.009441822826456876,0.0011696816687338202,0.0010607545096205531,0.0001110013889851964,1.3707305579695353e-11,0.355260986430083,48.19415118365208,48.549412170082164,veteran,Dorian Thompson-Robinson,QB,6.0,15.8,0.0,0.0,0.0,0.0,21.0,122.0,0.0,118.0,61.0,440.0,0.0,6.0,8.0,1.0,0.0,0.0,0.0,0.0,0.0,0.0,0.0,0.0,0.0,0.0,0.0,0.0,0.0,17,22.099999999999998,3.157142857142857,0.4117647058823529,0.4117647058823529,24.799452429842574,0.22647058823529412,1.0,0.4117647058823529,0.058823529411764705,0.5294117647058824,1.0,10.0,7.0,0.0,0.0,0.0,0.0,14.0,65.0,0.0,112.0,440.0,1.0,4.0,,12
00-0039150,2024,veteran,QB,12.719790893733576,30.947956029780237,393.65152928726576,2541.256062815781,14.121913134184625,8.469706426228262,42.800539919711085,242.3238762233837,1.367617393883056,2.9638563234575543,6.455598095647963,0.03587414777672364,0.15084310047122124,0.04748305463636167,0.010375151315344892,0.006076453865655884,0.0006455684654866489,1.370670107414639e-11,3.1782024618839353,167.70886153563484,170.88706399751877,veteran,Bryce Young,QB,14.0,195.01999999999998,0.0,0.0,0.0,0.0,43.0,249.0,6.0,384.0,234.0,2403.0,15.0,9.0,29.0,2.0,0.0,0.0,0.0,0.0,0.0,0.0,0.0,0.0,0.0,0.0,0.0,0.0,0.0,17,157.38,9.83625,0.9411764705882353,0.9411764705882353,23.104722792607802,0.5176470588235295,1.0,0.9411764705882353,0.058823529411764705,0.0,1.0,1.0,16.0,0.0,0.0,0.0,0.0,39.0,253.0,0.0,527.0,2877.0,11.0,10.0,,12
00-0039152,2024,veteran,QB,6.868001967297531,26.44127828750524,181.5987512964475,1295.7630772445398,7.546297727953493,3.8620668264508224,17.95617198580992,49.2017029268393,0.7306277861937875,1.5589221058617682,7.135308299170491,0.041554788642982905,0.1300529535637028,0.0387160094815498,0.007841169284577666,0.0004195607244126315,4.36321618148543e-05,1.3707626122683176e-11,1.4030937597296687,80.47767314681704,81.88076690654671,veteran,Will Levis,QB,12.0,119.94,0.0,0.0,0.0,0.0,45.0,183.0,0.0,301.0,190.0,2091.0,13.0,12.0,41.0,6.0,0.0,0.0,0.0,0.0,0.0,0.0,0.0,0.0,0.0,0.0,0.0,0.0,0.0,17,103.02,11.446666666666665,0.5294117647058824,0.5294117647058824,25.182751540041068,0.2911764705882353,1.0,0.5294117647058824,0.0,0.47058823529411764,0.0,8.0,9.0,0.0,0.0,0.0,0.0,25.0,57.0,1.0,255.0,1808.0,8.0,4.0,13.7,12
00-0039163,2024,veteran,QB,12.289632405436155,33.48875526676478,411.56449194415313,3114.2988749258834,18.53235994828145,7.3591010363053915,39.441986978035885,160.182642298524,1.910839349166847,2.5627948915779295,7.566976587835656,0.04502905452493745,0.2666891039158863,0.10786334871866937,0.032797640007652326,0.0021059765127040423,0.0002215074511441556,1.370706838252886e-11,6.102019336495848,206.340903259248,212.44292259574385,veteran,C.J. Stroud,QB,17.0,222.38,1.0,0.0,0.0,0.0,52.0,233.0,0.0,532.0,336.0,3727.0,20.0,12.0,52.0,4.0,0.0,0.0,2.0,2.0,0.0,0.0,0.0,0.0,0.0,0.0,2.0,0.0,0.0,17,288.02,19.20133333333333,0.8823529411764706,0.8823529411764706,22.913073237508556,0.4852941176470589,1.0,0.8823529411764706,0.11764705882352941,0.0,2.0,2.0,15.0,1.0,1.0,0.0,0.0,39.0,167.0,3.0,499.0,4108.0,23.0,5.0,7.8,12
00-0039164,2024,veteran,QB,3.734947155612281,26.143636633777547,97.64510128268847,696.3707970010116,4.289401751400524,2.1521473962821114,22.888957539110606,110.18912813922678,1.3398677639017484,0.7364929828337198,7.131651131017582,0.04392848893650534,0.1260745134091009,0.03710919579332409,0.007399839390202716,0.020905519845713514,0.0022681922215048583,1.3706269202316143e-11,0.8248473704462423,58.29327752474406,59.118124895190306,veteran,Anthony Richardson,QB,11.0,162.86,1.0,1.0,-1.0,0.0,86.0,499.0,6.0,264.0,126.0,1814.0,8.0,12.0,14.0,3.0,0.0,0.0,0.0,0.0,0.0,0.0,0.0,0.0,0.0,0.0,0.0,0.0,0.0,17,72.68,18.17,0.23529411764705882,0.23529411764705882,22.28062970568104,0.12941176470588237,1.0,0.23529411764705882,0.058823529411764705,0.7058823529411765,1.0,13.0,4.0,0.0,0.0,0.0,0.0,25.0,136.0,4.0,84.0,577.0,3.0,1.0,6.9,12
00-0039732,2024,rookie,QB,10.38886145008883,32.19727691659415,334.49304895663994,2260.3881589202183,11.887357338214992,8.736491537724271,31.121144655860768,149.6259425282833,1.5113731568513462,2.4293952929438496,6.75765360736459,0.035538428602012416,0.18678933328728484,0.06410635991993245,0.015721481578637533,0.002777354910286419,0.00029279279626379735,1.3706972588116811e-11,3.2995894599502478,139.66401524226885,142.9636047022191,rookie,Bo Nix,QB,17.0,318.7,1.0,1.0,2.0,1.0,92.0,430.0,4.0,567.0,376.0,3775.0,29.0,12.0,24.0,0.0,0.0,0.0,2.0,2.0,0.0,0.0,0.0,0.0,0.0,0.0,2.0,0.0,0.0,17,0.0,,,0.0,24.517453798767967,0.0,0.0,0.0,0.0,1.0,0.0,17.0,0.0,0.0,0.0,0.0,0.0,0.0,0.0,0.0,0.0,0.0,0.0,0.0,,12
00-0039851,2024,rookie,QB,13.028295440807415,30.32928636836798,395.13890331595104,2670.2118354031245,14.042615703371412,10.320476601272967,52.53268017641716,252.56949485156645,2.551207018702691,3.0466167800041957,6.75765360736459,0.035538428602012416,0.16096236042633044,0.0519746940269508,0.01175214962062372,0.006382443093669965,0.0006784675685054678,1.3706684001852693e-11,3.5154099134809687,176.8089410644291,180.32435097791006,rookie,Drake Maye,QB,13.0,177.14,0.0,0.0,0.0,0.0,54.0,421.0,2.0,338.0,225.0,2276.0,15.0,10.0,34.0,6.0,0.0,0.0,0.0,0.0,0.0,0.0,0.0,0.0,0.0,0.0,0.0,0.0,0.0,17,0.0,,,0.0,22.00684462696783,0.0,0.0,0.0,0.0,1.0,0.0,17.0,0.0,0.0,0.0,0.0,0.0,0.0,0.0,0.0,0.0,0.0,0.0,0.0,,12
00-0039910,2024,rookie,QB,14.73788103463159,35.38157650083762,521.4494652870615,3523.7748601554476,18.531494591661787,13.61953216977553,49.91429048804028,239.98065760402812,2.4240470465053345,3.4463967957907715,6.75765360736459,0.035538428602012416,0.23383828245236557,0.08871018631138294,0.024814352558392053,0.003911017774722348,0.0004135877491254241,1.3706853987321926e-11,6.205586224323461,219.48746288116726,225.69304910549073,rookie,Jayden Daniels,QB,17.0,357.82,0.0,0.0,0.0,0.0,148.0,891.0,6.0,480.0,331.0,3568.0,25.0,9.0,47.0,0.0,0.0,1.0,1.0,2.0,0.0,0.0,0.0,1.0,0.0,0.0,1.0,0.0,0.0,17,0.0,,,0.0,23.704312114989733,0.0,0.0,0.0,0.0,1.0,0.0,17.0,0.0,0.0,0.0,0.0,0.0,0.0,0.0,0.0,0.0,0.0,0.0,0.0,12.7,12
00-0039917,2024,rookie,QB,11.366907569099709,32.88136623397941,373.75945072736016,2525.736900494353,13.282823554001666,9.762075142097611,35.127509632461816,168.8879633300582,1.705939023535941,2.658107616158701,6.75765360736459,0.035538428602012416,0.19660456025493153,0.06897013339895462,0.017411057548716115,0.0030285849951079418,0.00031951852346004004,1.3706942596130668e-11,3.846444877116299,156.4448351934896,160.29128007060592,rookie,Michael Penix Jr.,QB,5.0,45.1,0.0,0.0,0.0,0.0,7.0,11.0,1.0,105.0,61.0,775.0,3.0,3.0,4.0,0.0,0.0,0.0,1.0,1.0,0.0,0.0,0.0,0.0,0.0,0.0,1.0,0.0,0.0,17,0.0,,,0.0,24.317590691307323,0.0,0.0,0.0,0.0,1.0,0.0,17.0,0.0,0.0,0.0,0.0,0.0,0.0,0.0,0.0,0.0,0.0,0.0,0.0,,12
00-0039918,2024,rookie,QB,16.187966175935244,35.22604125654116,570.2379643729877,3853.470637001361,20.26536118302632,14.893819664633805,61.080349632314295,293.66544787326785,2.9663176552855335,3.7854936288340877,6.75765360736459,0.035538428602012416,0.23146730371388405,0.08739155082325548,0.024293246134246577,0.005294949203900012,0.0005616725785368911,1.3706748886572024e-11,6.754891544103827,245.00609434426391,251.76098588836774,rookie,Caleb Williams,QB,17.0,260.04,0.0,0.0,0.0,0.0,81.0,489.0,0.0,562.0,351.0,3541.0,20.0,6.0,68.0,5.0,0.0,0.0,5.5,5.5,0.0,0.0,0.0,0.0,0.0,0.0,4.0,1.0,0.0,17,0.0,,,0.0,22.78713210130048,0.0,0.0,0.0,0.0,1.0,0.0,17.0,0.0,0.0,0.0,0.0,0.0,0.0,0.0,0.0,0.0,0.0,0.0,0.0,9.1,12
00-0039923,2024,rookie,QB,9.744351372625477,26.030273179150875,253.64812818307496,1714.0661884176325,9.014255893468302,6.624935054235741,40.29485158936941,193.73179279770724,1.9568867959364364,2.2786790902139575,6.75765360736459,0.035538428602012416,0.10799616738970329,0.030096817359456036,0.005563306896342492,0.0068525959240777305,0.0007290710464137414,1.3706659293551083e-11,1.6781157710917343,117.92694287706844,119.60505864816018,rookie,,,0.0,0.0,0.0,0.0,0.0,0.0,0.0,0.0,0.0,0.0,0.0,0.0,0.0,0.0,0.0,0.0,0.0,0.0,0.0,0.0,0.0,0.0,0.0,0.0,0.0,0.0,0.0,0.0,0.0,17,0.0,,,0.0,21.61533196440794,0.0,0.0,0.0,0.0,1.0,0.0,17.0,0.0,0.0,0.0,0.0,0.0,0.0,0.0,0.0,0.0,0.0,0.0,0.0,,12
