player_id,season,entry,position,proj_games,proj_apg,proj_attempts,proj_pass_yards,proj_pass_tds,proj_interceptions,proj_carries,proj_rush_yards,proj_rush_tds,proj_fumbles_lost,proj_ypa,proj_td_per_att,p_pass_300,p_pass_350,p_pass_400,p_rush_100,p_rush_150,p_rush_200,proj_bonus_points,proj_points_base,proj_points,entry_act,name,position_act,games,points,targets,receptions,rec_yards,rec_tds,carries,rush_yards,rush_tds,attempts,completions,pass_yards,pass_tds,interceptions,sacks,fumbles_lost,rec_bonus,rush_bonus,pass_bonus,total_bonus,g100,g150,g200,r100,r150,r200,p300,p350,p400,season_len,pts_1,ppg_w,gshare_w,gshare_1,age,evidence,present_1,gshare_max3,inj_missed_share_1,unexp_missed_share_1,inj_out_wks_1,missed_wks_1,games_1,tgt_1,rec_1,recyds_1,rectd_1,carries_1,rushyds_1,rushtd_1,att_1,passyds_1,passtd_1,ints_1,average_pick,n_train_seasons
00-0000865,2014,veteran,QB,0.0,24.634159673544126,0.0,0.0,0.0,0.0,0.0,0.0,0.0,0.0,7.058045108313308,0.04198415359402675,9.357622968839299e-14,9.357622968839299e-14,9.357622968839299e-14,1.0518631549613466e-10,1.3703895119550464e-11,1.3703895119550464e-11,0.0,0.0,0.0,veteran,,,0.0,0.0,0.0,0.0,0.0,0.0,0.0,0.0,0.0,0.0,0.0,0.0,0.0,0.0,0.0,0.0,0.0,0.0,0.0,0.0,0.0,0.0,0.0,0.0,0.0,0.0,0.0,0.0,0.0,16,0.0,5.160000000000001,0.1517857142857143,0.0,39.73990417522245,0.06562499999999999,0.0,0.1875,0.0,1.0,0.0,16.0,0.0,0.0,0.0,0.0,0.0,0.0,0.0,0.0,0.0,0.0,0.0,0.0,,2
00-0007091,2014,veteran,QB,3.1572852148425405,25.636050713948237,80.94032388610232,563.3509481531138,3.250462128197359,2.168173721040628,4.341980069631426,12.22648588418824,0.13097614221828816,0.624398038555361,6.9600777598302,0.040158748719258244,0.056229852194233244,0.01967121359480242,0.004857618654583814,3.5096936480220457e-07,1.3702671568410335e-11,1.3702671568410335e-11,0.3013700121036822,31.95924836145056,32.260618373554244,veteran,Matt Hasselbeck,QB,4.0,16.939999999999998,0.0,0.0,0.0,0.0,8.0,-11.0,0.0,44.0,30.0,301.0,2.0,0.0,2.0,1.0,0.0,0.0,0.0,0.0,0.0,0.0,0.0,0.0,0.0,0.0,0.0,0.0,0.0,16,3.0,8.372093023255815,0.6061046511627908,0.1875,38.93497604380561,0.40312499999999996,1.0,1.0,0.0,0.8125,0.0,13.0,3.0,0.0,0.0,0.0,0.0,2.0,-2.0,0.0,12.0,130.0,0.0,1.0,,2
00-0010346,2014,veteran,QB,12.360559669723377,42.85869888736242,529.7575049639502,4025.048860777983,33.52294829364601,10.653710034089556,15.187948281930513,3.8656069226813385,0.4583550261938583,2.6973143030372673,7.59790814299438,0.06327979873721135,0.5955205384455432,0.3289094950323491,0.15245421768798492,4.2401310525222055e-10,1.3703684865630064e-11,1.3703684865630064e-11,17.228064224031392,271.52838978088096,288.75645400491237,veteran,Peyton Manning,QB,16.0,328.18,0.0,0.0,0.0,0.0,24.0,-24.0,0.0,597.0,395.0,4727.0,39.0,15.0,17.0,2.0,0.0,0.0,15.5,15.5,0.0,0.0,0.0,0.0,0.0,0.0,7.0,3.0,2.0,16,441.98,24.932132352941174,1.0,1.0,38.4394250513347,0.8500000000000001,1.0,1.0,0.0,0.0,0.0,0.0,16.0,0.0,0.0,0.0,0.0,32.0,-31.0,1.0,659.0,5477.0,55.0,10.0,,2
00-0019596,2014,veteran,QB,12.904793905641217,40.57593574875096,523.6240883661709,3756.0273850041117,23.909098713015535,10.322604509030224,18.432907219528712,28.47643554856881,0.6206214871182085,2.5047607474814337,7.173137119653513,0.04566080752246806,0.44713607244966275,0.21248226147966418,0.08399973406883098,4.115708985688598e-08,1.37029948082483e-11,1.37029948082483e-11,12.051257596556756,226.7941322167694,238.84538981332616,veteran,Tom Brady,QB,16.0,286.06,0.0,0.0,0.0,0.0,36.0,57.0,0.0,582.0,373.0,4109.0,33.0,9.0,21.0,3.0,0.0,0.0,8.0,8.0,0.0,0.0,0.0,0.0,0.0,0.0,5.0,2.0,0.0,16,267.52,19.465,1.0,1.0,37.07871321013005,1.0,1.0,1.0,0.0,0.0,0.0,0.0,16.0,0.0,0.0,0.0,0.0,32.0,18.0,0.0,628.0,4343.0,25.0,11.0,,2
00-0020245,2014,veteran,QB,5.688151724731164,28.22919613631118,160.57195069053276,1159.521730173575,6.538640580970007,4.314296582913788,28.721435743820596,185.71640558080992,0.8841364530560682,1.2621277658580983,7.221197258843165,0.040720938824314365,0.1080222281791485,0.039091292322799745,0.010722476378372694,0.006943767327848817,1.3701178666733701e-11,1.3701178666733701e-11,1.1094619736832472,85.25904210969665,86.3685040833799,veteran,Mike Vick,QB,9.0,43.46,0.0,0.0,0.0,0.0,26.0,153.0,0.0,121.0,64.0,604.0,3.0,2.0,19.0,2.0,0.0,0.0,0.0,0.0,0.0,0.0,0.0,0.0,0.0,0.0,0.0,0.0,0.0,16,105.5,16.000795454545454,0.5845170454545454,0.4375,34.182067077344286,0.55,1.0,0.8125,0.125,0.4375,2.0,9.0,7.0,0.0,0.0,-2.0,0.0,36.0,306.0,2.0,141.0,1215.0,5.0,3.0,,2
00-0020531,2014,veteran,QB,13.039298655714475,42.39905493078459,552.8539399625437,4142.652221829319,30.698022785240635,12.937335605527275,20.359084570100762,39.39122337166255,0.7336906784490778,2.4800080131487663,7.4932128042896595,0.05552646108901829,0.563463794976298,0.30064125676610487,0.13429796368360558,1.3119489450304666e-07,1.3702819970608896e-11,1.3702819970608896e-11,16.729703633146524,266.004759184644,282.73446281779053,veteran,Drew Brees,QB,16.0,317.98,1.0,1.0,1.0,0.0,27.0,68.0,1.0,659.0,456.0,4952.0,33.0,17.0,29.0,3.0,0.0,0.0,14.5,14.5,0.0,0.0,0.0,0.0,0.0,0.0,8.0,3.0,1.0,16,379.68,23.960812500000003,1.0,1.0,35.62765229295003,1.0,1.0,1.0,0.0,0.0,0.0,0.0,16.0,0.0,0.0,0.0,0.0,35.0,52.0,3.0,650.0,5162.0,39.0,12.0,,2
00-0021206,2014,veteran,QB,4.758332807766999,28.26011007838696,134.4710089370955,980.6177032309215,6.3787528724201445,2.8541542989730533,9.793211426111434,45.31014110087828,0.3167489611688725,0.9627796969988361,7.292409798826206,0.047435896576072216,0.11375060521258042,0.04132530588530577,0.011438361252659977,1.812078355194642e-05,1.3702076758255924e-11,1.3702076758255924e-11,0.9451638590422788,63.53735950407473,64.48252336311701,veteran,Josh McCown,QB,11.0,128.94,0.0,0.0,0.0,0.0,25.0,127.0,3.0,327.0,184.0,2206.0,11.0,14.0,36.0,4.0,0.0,0.0,2.0,2.0,0.0,0.0,0.0,0.0,0.0,0.0,2.0,0.0,0.0,16,142.06,16.89422680412371,0.47100515463917525,0.5,35.162217659137575,0.30312500000000003,1.0,0.5,0.0,0.5,0.0,8.0,8.0,0.0,0.0,0.0,0.0,13.0,69.0,1.0,224.0,1829.0,13.0,1.0,,2
00-0021429,2014,veteran,QB,12.617260527851277,36.47108179727046,460.16514076873574,3317.5974001663544,19.142725866419458,14.684994887518632,13.945996899705152,18.02754118465864,0.41869735267867125,2.6459367004992242,7.209580009959235,0.04159968709155216,0.31991414791292977,0.1358758602672819,0.04748749454820641,9.915291167634433e-09,1.370320946858115e-11,1.370320946858115e-11,7.806336150188527,178.92787453083423,186.73421068102274,veteran,Carson Palmer,QB,6.0,105.53999999999999,0.0,0.0,0.0,0.0,8.0,25.0,0.0,224.0,141.0,1626.0,11.0,3.0,9.0,1.0,0.0,0.0,2.0,2.0,0.0,0.0,0.0,0.0,0.0,0.0,2.0,0.0,0.0,16,229.26,14.851824324324323,0.9429898648648649,1.0,34.680355920602324,0.925,1.0,1.0,0.0,0.0,0.0,0.0,16.0,0.0,0.0,0.0,0.0,27.0,3.0,0.0,572.0,4274.0,24.0,22.0,,2
00-0021678,2014,veteran,QB,12.4361057371691,38.89479354942573,483.699765206021,3482.0006819634486,23.733308537543696,11.546389004433024,14.438976402345931,31.054997148022302,0.43225022210267205,2.420608480272754,7.198681770044624,0.049066198176538345,0.39674746105670483,0.18004204570952298,0.06775147547108536,6.417919195281773e-08,1.3702927803601585e-11,1.3702927803601585e-11,9.97765607737528,211.97826750671945,221.95592358409473,veteran,Tony Romo,QB,15.0,267.3,0.0,0.0,0.0,0.0,26.0,61.0,0.0,435.0,304.0,3705.0,34.0,9.0,29.0,3.0,0.0,0.0,1.0,1.0,0.0,0.0,0.0,0.0,0.0,0.0,1.0,0.0,0.0,16,269.92,18.14084142394822,0.966626213592233,0.9375,34.362765229295,0.9656250000000001,1.0,1.0,0.0625,0.0,1.0,1.0,15.0,0.0,0.0,0.0,0.0,20.0,38.0,0.0,535.0,3828.0,31.0,10.0,,2
00-0022177,2014,veteran,QB,0.0,23.89509647456962,0.0,0.0,0.0,0.0,0.0,0.0,0.0,0.0,6.9859366803465885,0.042191253989721705,9.357622968839299e-14,9.357622968839299e-14,9.357622968839299e-14,1.0518631549613466e-10,1.3703895119550464e-11,1.3703895119550464e-11,0.0,0.0,0.0,veteran,,,0.0,0.0,0.0,0.0,0.0,0.0,0.0,0.0,0.0,0.0,0.0,0.0,0.0,0.0,0.0,0.0,0.0,0.0,0.0,0.0,0.0,0.0,0.0,0.0,0.0,0.0,0.0,0.0,0.0,16,0.0,8.99,0.125,0.0,34.63107460643395,0.0375,0.0,0.125,0.0,1.0,0.0,16.0,0.0,0.0,0.0,0.0,0.0,0.0,0.0,0.0,0.0,0.0,0.0,0.0,,2
00-0022787,2014,veteran,QB,8.668287474858674,32.21139294080167,279.21761397650226,1958.3177801474192,10.911102436896607,7.980969190601038,11.387783418639192,21.7805661975182,0.352572377292145,1.6434659982082438,7.013589695355762,0.03907741449941205,0.1731689816854962,0.06560794794678852,0.019673458738275484,6.56505935834195e-08,1.3702924384989992e-11,1.3702924384989992e-11,2.6952123065661437,107.02174145936932,109.71695376593547,veteran,Matt Schaub,QB,2.0,-3.72,0.0,0.0,0.0,0.0,0.0,0.0,0.0,10.0,5.0,57.0,0.0,2.0,3.0,1.0,0.0,0.0,0.0,0.0,0.0,0.0,0.0,0.0,0.0,0.0,0.0,0.0,0.0,16,108.3,12.9635593220339,0.777542372881356,0.625,33.1854893908282,0.7375,1.0,1.0,0.0625,0.3125,1.0,6.0,10.0,0.0,0.0,0.0,0.0,5.0,24.0,0.0,358.0,2310.0,10.0,14.0,,2
00-0022803,2014,veteran,QB,13.222163256130806,34.3650670572388,454.380526938694,3240.717014847993,18.65183869506598,15.787890447925696,18.300065554998454,35.01043346647325,0.5308489800371717,2.5728072618207767,7.1321652727543885,0.04104893935646702,0.2443595551933401,0.09767131343954927,0.03167359676033008,7.966318778613761e-08,1.3702895208228895e-11,1.3702895208228895e-11,6.005688998071205,174.20077718156108,180.2064661796323,veteran,Eli Manning,QB,16.0,281.0,0.0,0.0,0.0,0.0,12.0,31.0,1.0,601.0,379.0,4410.0,30.0,14.0,28.0,4.0,0.0,0.0,11.5,11.5,0.0,0.0,0.0,0.0,0.0,0.0,5.0,3.0,1.0,16,178.32,13.424999999999999,1.0,1.0,33.659137577002056,1.0,1.0,1.0,0.0,0.0,0.0,0.0,16.0,0.0,0.0,0.0,0.0,18.0,36.0,0.0,551.0,3818.0,18.0,27.0,,2
00-0022924,2014,veteran,QB,12.839215071525631,35.05050280241288,450.0209438452908,3231.1569984900543,21.05260931947817,10.90837249251362,25.10686587007706,83.68300145034021,0.7484267765700607,2.897370215408044,7.180014714161545,0.046781398971323614,0.27131505430944247,0.11076810003894509,0.036913738500957124,3.2368694928571463e-06,1.3702336518417354e-11,1.3702336518417354e-11,6.564663938513026,198.70409260612593,205.26875654463896,veteran,Ben Roethlisberger,QB,16.0,326.68,0.0,0.0,-6.0,0.0,33.0,27.0,0.0,608.0,408.0,4952.0,32.0,9.0,33.0,5.0,0.0,0.0,20.5,20.5,0.0,0.0,0.0,0.0,0.0,0.0,9.0,5.0,2.0,16,273.84000000000003,16.949096989966556,0.9416806020066889,1.0,32.50102669404517,0.9343750000000001,1.0,1.0,0.0,0.0,0.0,0.0,16.0,0.0,0.0,5.0,0.0,27.0,99.0,1.0,584.0,4261.0,28.0,14.0,,2
00-0022942,2014,veteran,QB,13.308539490904343,34.7166630765768,462.02808154704303,3411.6483335448024,22.91174921371076,11.7741820083499,22.555091134832587,52.03135237032942,0.6361706391300418,2.8426741523577435,7.384071379647155,0.04958951658737634,0.29120221565687776,0.12080080195767785,0.04105621332046064,3.6489671256492595e-07,1.370266569949731e-11,1.370266569949731e-11,7.3798008815136695,207.89937694703303,215.2791778285467,veteran,Philip Rivers,QB,16.0,274.14,0.0,0.0,0.0,0.0,37.0,102.0,0.0,570.0,379.0,4286.0,31.0,18.0,36.0,2.0,0.0,0.0,8.5,8.5,0.0,0.0,0.0,0.0,0.0,0.0,4.0,3.0,0.0,16,304.42,16.9195,1.0,1.0,32.73100616016427,1.0,1.0,1.0,0.0,0.0,0.0,0.0,16.0,0.0,0.0,-9.0,0.0,28.0,72.0,0.0,544.0,4478.0,32.0,11.0,,2
00-0023436,2014,veteran,QB,12.040999181562462,29.91160292257981,360.16558631000487,2492.5161023533756,16.16830249240746,7.156449900137506,43.90117701234288,210.55640924358175,1.190396706245375,2.4276714647054525,6.920472685605214,0.044891303075499656,0.11616014420975068,0.042270378566456324,0.011743485707338892,0.00032499592362298925,1.3701641380498121e-11,1.3701641380498121e-11,2.4488704717536467,173.4036324959094,175.85250296766304,veteran,Alex Smith,QB,15.0,221.0,0.0,0.0,0.0,0.0,49.0,254.0,1.0,464.0,303.0,3265.0,18.0,6.0,45.0,1.0,0.0,0.0,1.0,1.0,0.0,0.0,0.0,0.0,0.0,0.0,1.0,0.0,0.0,16,253.72,15.267326007326005,0.8798076923076923,0.9375,30.31895961670089,0.853125,1.0,1.0,0.0,0.0625,0.0,1.0,15.0,1.0,1.0,-4.0,0.0,76.0,431.0,1.0,508.0,3313.0,23.0,7.0,,2
00-0023459,2014,veteran,QB,8.641312911052474,34.27061362827049,296.14309601566464,2263.35509918344,16.920553782251865,6.184743201428656,25.2379488209399,103.92572772911407,0.7549095311463706,1.6790136520533672,7.642775163881311,0.057136411450756375,0.3154271576243689,0.1334722646866276,0.04644550771428299,5.409688582486991e-05,1.3701911815217521e-11,1.3701911815217521e-11,5.258935975307972,157.41093534917061,162.66987132447858,veteran,Aaron Rodgers,QB,16.0,367.14,0.0,0.0,0.0,0.0,43.0,269.0,2.0,520.0,341.0,4381.0,38.0,5.0,28.0,2.0,0.0,0.0,13.0,13.0,0.0,0.0,0.0,0.0,0.0,0.0,8.0,2.0,1.0,16,176.94,22.04525,0.8078124999999999,0.5625,30.748802190280628,0.75,1.0,1.0,0.4375,0.0,7.0,7.0,9.0,0.0,0.0,0.0,0.0,30.0,120.0,0.0,290.0,2536.0,17.0,6.0,,2
00-0023460,2014,veteran,QB,5.96709837275148,28.57990477029039,170.53910324819205,1160.5525279766246,6.890926515375516,4.486815856804426,10.665966610683038,55.435187935684674,0.32843155118789136,1.219929925691356,6.805198959488067,0.04040672422996671,0.08616364875303903,0.030728068391430656,0.008113205493172517,1.6163879057581332e-05,1.3702093992692044e-11,1.3702093992692044e-11,0.8861041209438466,70.0864237162713,70.97252783721514,veteran,Jason Campbell,QB,4.0,1.06,0.0,0.0,0.0,0.0,1.0,1.0,0.0,19.0,11.0,74.0,0.0,0.0,1.0,1.0,0.0,0.0,0.0,0.0,0.0,0.0,0.0,0.0,0.0,0.0,0.0,0.0,0.0,16,117.8,11.174149659863948,0.48852040816326536,0.5625,32.668035592060235,0.459375,1.0,0.5625,0.0625,0.375,1.0,7.0,9.0,0.0,0.0,0.0,0.0,14.0,107.0,0.0,317.0,2015.0,11.0,8.0,,2
00-0023541,2014,veteran,QB,1.2848370343893492,22.675948595195024,29.1348985450157,206.80908521750754,1.2629392452797894,0.8168955649022361,1.8462204856335793,6.434531874848087,0.05721292064620129,0.26248024261459985,7.098328655511579,0.04334798843827959,0.03328571972502732,0.011485954076840436,0.0026277563697077936,1.0265500397177143e-06,1.3702509708667268e-11,1.3702509708667268e-11,0.07165689059228311,12.152099486147806,12.22375637674009,veteran,Kyle Orton,QB,12.0,180.62,0.0,0.0,0.0,0.0,15.0,14.0,1.0,447.0,287.0,3018.0,18.0,10.0,33.0,3.0,0.0,0.0,4.5,4.5,0.0,0.0,0.0,0.0,0.0,0.0,3.0,1.0,0.0,16,23.220000000000002,10.46618181818182,0.33295454545454545,0.125,31.797399041752225,0.171875,1.0,0.5625,0.0,0.875,0.0,14.0,2.0,0.0,0.0,0.0,0.0,1.0,8.0,0.0,51.0,398.0,2.0,2.0,,2
00-0023662,2014,veteran,QB,6.6799937501949085,28.049030507050823,187.36734848612582,1299.3036346505312,7.506933826841682,5.909149924688008,13.115158149498093,51.19375629031944,0.41654587748957844,1.4615165949534121,6.934525386352159,0.040065325615671804,0.08619551515317278,0.03074007856144894,0.008116868291412886,6.6955124131693665e-06,1.3702226906129219e-11,1.3702226906129219e-11,0.9922867867415126,74.87719854807456,75.86948533481608,veteran,Matt Cassel,QB,3.0,22.8,0.0,0.0,0.0,0.0,9.0,18.0,0.0,71.0,41.0,425.0,3.0,4.0,6.0,0.0,0.0,0.0,0.0,0.0,0.0,0.0,0.0,0.0,0.0,0.0,0.0,0.0,0.0,16,110.48,11.004888888888889,0.5625,0.5625,32.29295003422313,0.5625,1.0,0.5625,0.0,0.4375,0.0,7.0,9.0,0.0,0.0,0.0,0.0,18.0,57.0,1.0,254.0,1807.0,11.0,9.0,,2
00-0023682,2014,veteran,QB,9.922457605171726,31.863438174488287,316.1636144413704,2189.866742993882,13.621152753563543,9.856613488220187,27.938925334183292,121.2287257260525,0.914049610619214,2.1031578535323896,6.9263717991811244,0.04308260701545547,0.15605009595093125,0.05839640969859241,0.017145581898539347,5.8284751397890746e-05,1.3701900570078364e-11,1.3701900570078364e-11,2.758385258108013,135.76690828682482,138.52529354493282,veteran,Ryan Fitzpatrick,QB,12.0,182.22,0.0,0.0,0.0,0.0,50.0,184.0,2.0,312.0,197.0,2483.0,17.0,8.0,21.0,1.0,0.0,0.0,2.5,2.5,0.0,0.0,0.0,0.0,0.0,0.0,1.0,1.0,0.0,16,172.66,14.6577358490566,0.857311320754717,0.6875,31.770020533880903,0.8281250000000001,1.0,1.0,0.0,0.3125,0.0,5.0,11.0,1.0,1.0,0.0,0.0,43.0,225.0,3.0,350.0,2454.0,14.0,12.0,,2
00-0024225,2014,veteran,QB,0.0,12.935490465560974,0.0,0.0,0.0,0.0,0.0,0.0,0.0,0.0,6.961626993159577,0.0431264472692531,9.357622968839299e-14,9.357622968839299e-14,9.357622968839299e-14,1.0518631549613466e-10,1.3703895119550464e-11,1.3703895119550464e-11,0.0,0.0,0.0,veteran,,,0.0,0.0,0.0,0.0,0.0,0.0,0.0,0.0,0.0,0.0,0.0,0.0,0.0,0.0,0.0,0.0,0.0,0.0,0.0,0.0,0.0,0.0,0.0,0.0,0.0,0.0,0.0,0.0,0.0,16,0.0,1.8966666666666667,0.125,0.0,31.310061601642712,0.056249999999999994,0.0,0.125,0.0,1.0,0.0,16.0,0.0,0.0,0.0,0.0,0.0,0.0,0.0,0.0,0.0,0.0,0.0,0.0,,2
00-0024226,2014,veteran,QB,9.308679259055197,30.97878000451902,288.3715268989001,2048.433316522389,13.259802251000623,8.470588512049023,21.49028155346522,101.6724651671291,0.6054602495645685,2.006569257843596,7.103452059053484,0.045981662591984565,0.15401705535048452,0.057551919670977544,0.01685392960696566,3.436359720166506e-05,1.3701980249907814e-11,1.3701980249907814e-11,2.5513894402046984,127.82223413921312,130.37362357941782,veteran,Jay Cutler,QB,15.0,261.08,0.0,0.0,0.0,0.0,39.0,191.0,2.0,561.0,370.0,3812.0,28.0,18.0,38.0,6.0,0.0,0.0,5.5,5.5,0.0,0.0,0.0,0.0,0.0,0.0,4.0,1.0,0.0,16,172.14000000000001,14.199336099585064,0.7730809128630706,0.6875,31.342915811088297,0.753125,1.0,0.9375,0.3125,0.0,5.0,5.0,11.0,0.0,0.0,0.0,0.0,23.0,118.0,0.0,355.0,2621.0,19.0,12.0,,2
00-0024264,2014,veteran,QB,6.729412584823687,21.69988124586044,146.02745394507275,1020.7166017767795,5.870479002183819,3.983749169704317,12.386998678552645,38.57894900644424,0.3709024244647177,1.4567799608489576,6.989895216283886,0.040201200826195056,0.024489373928602735,0.00841009700645337,0.0018433896173016562,1.8399224307450407e-06,1.3702421708035996e-11,1.3702421708035996e-11,0.2745138605605144,59.51283126613264,59.78734512669316,veteran,Kellen Clemens,QB,1.0,0.4,0.0,0.0,0.0,0.0,0.0,0.0,0.0,3.0,1.0,10.0,0.0,0.0,1.0,0.0,0.0,0.0,0.0,0.0,0.0,0.0,0.0,0.0,0.0,0.0,0.0,0.0,0.0,16,85.32000000000001,8.026717557251908,0.5491412213740459,0.625,31.238877481177276,0.409375,1.0,0.625,0.0,0.375,0.0,6.0,10.0,0.0,0.0,0.0,0.0,23.0,64.0,0.0,242.0,1673.0,8.0,7.0,,2
00-0025409,2014,veteran,QB,2.657552558982776,15.932084557809112,42.340352086535574,291.7913654431507,1.6517509338317151,1.2122105855602934,6.2758391261291235,22.24773473386832,0.19134013566861754,0.5323968742317644,6.891566816609957,0.03901127063033988,0.0044901429208696435,0.0015310263148677304,0.00026784702970801555,1.0011437180440052e-05,1.3702166237436788e-11,1.3702166237436788e-11,0.01948620632735629,18.16225772086731,18.181743927194667,veteran,,,0.0,0.0,0.0,0.0,0.0,0.0,0.0,0.0,0.0,0.0,0.0,0.0,0.0,0.0,0.0,0.0,0.0,0.0,0.0,0.0,0.0,0.0,0.0,0.0,0.0,0.0,0.0,0.0,0.0,16,0.0,4.424,0.625,0.0,29.845311430527037,0.1875,0.0,0.625,0.125,0.875,2.0,16.0,0.0,0.0,0.0,0.0,0.0,0.0,0.0,0.0,0.0,0.0,0.0,0.0,,2
00-0025423,2014,veteran,QB,1.7721980757847553,25.83832514759252,45.79063010806432,321.6190470343499,1.9783121302558757,1.1697076209878292,4.572232183728004,20.95023179960417,0.1441287256513079,0.37538374243672684,7.023686860725435,0.04320342667456479,0.061217344590625916,0.021482953205781707,0.005373926159438291,4.987489581123382e-05,1.370192406999547e-11,1.370192406999547e-11,0.18473304426605722,20.647623209416654,20.83235625368271,veteran,,,0.0,0.0,0.0,0.0,0.0,0.0,0.0,0.0,0.0,0.0,0.0,0.0,0.0,0.0,0.0,0.0,0.0,0.0,0.0,0.0,0.0,0.0,0.0,0.0,0.0,0.0,0.0,0.0,0.0,16,0.0,12.915238095238097,0.45535714285714285,0.0,30.02053388090349,0.19687499999999997,0.0,0.5625,0.0,1.0,0.0,16.0,0.0,0.0,0.0,0.0,0.0,0.0,0.0,0.0,0.0,0.0,0.0,0.0,,2
00-0026143,2014,veteran,QB,13.629445763413761,38.015733378675286,518.1333762410529,3676.182132443555,22.864514086600312,13.035949647882436,26.12418240181952,87.2820440109709,0.791549392884792,2.818186668813249,7.0950498481944395,0.04412862620909983,0.35016094687309085,0.1525636278532432,0.05489473158115139,2.9934951985239762e-06,1.370234830639681e-11,1.370234830639681e-11,9.387946504714543,220.27456976915792,229.66251627387246,veteran,Matt Ryan,QB,16.0,296.76,0.0,0.0,0.0,0.0,29.0,145.0,0.0,628.0,415.0,4694.0,28.0,14.0,31.0,2.0,0.0,0.0,12.5,12.5,0.0,0.0,0.0,0.0,0.0,0.0,6.0,3.0,1.0,16,260.1,17.558437500000004,1.0,1.0,29.29226557152635,1.0,1.0,1.0,0.0,0.0,0.0,0.0,16.0,0.0,0.0,0.0,0.0,17.0,55.0,0.0,651.0,4515.0,26.0,17.0,,2
00-0026158,2014,veteran,QB,13.598470030687846,34.977780706908284,475.64430268286384,3231.6565633221185,17.958028232316522,13.453530749943544,25.587904710589125,77.80430155197301,0.8588168691577932,2.80515169225869,6.7942715703604835,0.03775516311458912,0.21526540654262283,0.08414460506883745,0.026464359608938646,1.8241061265000402e-06,1.3702423010026815e-11,1.3702423010026815e-11,5.36341142267432,181.51434194789044,186.87775337056476,veteran,Joe Flacco,QB,16.0,267.44,0.0,0.0,0.0,0.0,39.0,70.0,2.0,554.0,344.0,3986.0,27.0,12.0,19.0,0.0,0.0,0.0,5.0,5.0,0.0,0.0,0.0,0.0,0.0,0.0,5.0,0.0,0.0,16,212.08,13.826125000000001,1.0,1.0,29.623545516769337,1.0,1.0,1.0,0.0,0.0,0.0,0.0,16.0,0.0,0.0,0.0,0.0,27.0,131.0,1.0,614.0,3912.0,19.0,22.0,,2
00-0026197,2014,veteran,QB,11.53828056449807,30.21171619271089,348.59125776648773,2373.4017972488427,12.402278024216734,9.921018726553834,23.67690140561535,80.07348086933725,0.710373138561405,2.174739592594435,6.808552263920294,0.0355782818642133,0.11274685947072288,0.04093255798017875,0.011311954857738811,4.282014395938968e-06,1.3702294319583968e-11,1.3702294319583968e-11,2.2704323300359563,132.62325426682625,134.8936865968622,veteran,Chad Henne,QB,3.0,30.18,0.0,0.0,0.0,0.0,4.0,25.0,0.0,78.0,42.0,492.0,3.0,1.0,16.0,1.0,0.0,0.0,0.0,0.0,0.0,0.0,0.0,0.0,0.0,0.0,0.0,0.0,0.0,16,164.34,11.409113924050635,0.8235759493670887,0.9375,29.166324435318277,0.740625,1.0,0.9375,0.0,0.0625,0.0,1.0,15.0,0.0,0.0,0.0,0.0,27.0,77.0,0.0,503.0,3241.0,13.0,14.0,,2
00-0026349,2014,veteran,QB,4.464139558463378,22.544157889321504,100.64026704596438,711.773413929581,4.424603309337839,2.6302294202856626,7.766488727463652,20.84533899228064,0.23255104592703102,1.0420385008817359,7.0724515625986974,0.04396454261510491,0.0317001959104384,0.01092907963021752,0.002483195353983275,7.626785320641735e-07,1.3702554517897259e-11,1.3702554517897259e-11,0.23687156978682175,42.30465412699006,42.54152569677688,veteran,Matt Flynn,QB,7.0,-2.3600000000000003,0.0,0.0,0.0,0.0,10.0,-10.0,0.0,16.0,8.0,66.0,0.0,1.0,2.0,1.0,0.0,0.0,0.0,0.0,0.0,0.0,0.0,0.0,0.0,0.0,0.0,0.0,0.0,16,72.18,9.165000000000001,0.38341346153846156,0.4375,29.19917864476386,0.325,1.0,0.4375,0.0,0.5625,0.0,9.0,7.0,0.0,0.0,0.0,0.0,20.0,65.0,0.0,200.0,1392.0,8.0,5.0,,2
00-0026498,2014,veteran,QB,13.884908848588383,39.377986512639964,546.7597533689486,3878.050585277825,23.086163531033787,14.643774805489477,32.47062332197873,85.98962374468721,1.1611681985499163,2.9116275863756007,7.0927872093411946,0.042223597089552874,0.39359428567024596,0.17810968945152303,0.06682038466565661,2.5815589324941693e-06,1.3702370633411843e-11,1.3702370633411843e-11,11.030201730480664,227.92184431728623,238.95204604776688,veteran,Matthew Stafford,QB,16.0,257.08,0.0,0.0,0.0,0.0,43.0,93.0,2.0,602.0,363.0,4257.0,22.0,12.0,45.0,3.0,0.0,0.0,5.5,5.5,0.0,0.0,0.0,0.0,0.0,0.0,4.0,1.0,0.0,16,294.4,19.058687499999998,1.0,1.0,26.56536618754278,1.0,1.0,1.0,0.0,0.0,0.0,0.0,16.0,0.0,0.0,0.0,0.0,37.0,69.0,2.0,634.0,4650.0,29.0,19.0,,2
00-0026544,2014,veteran,QB,2.819903105609447,11.19715730237741,31.574898650971555,222.03405871899793,1.357760167196323,0.8303489323885039,5.445962591873358,19.67235039187479,0.16348224283800428,0.561772236178912,7.031980091950857,0.04300125179196878,0.000774516602086509,0.00026513436387286217,3.6969959407286944e-05,4.3836495559075375e-06,1.3702290781907698e-11,1.3702290781907698e-11,0.0035264066046304244,14.476289176625881,14.479815583230511,veteran,Chase Daniel,QB,2.0,7.780000000000001,0.0,0.0,0.0,0.0,4.0,15.0,0.0,28.0,16.0,157.0,0.0,0.0,4.0,0.0,0.0,0.0,0.0,0.0,0.0,0.0,0.0,0.0,0.0,0.0,0.0,0.0,0.0,16,17.119999999999997,2.907142857142857,0.275,0.3125,27.901437371663246,0.21875,1.0,0.3125,0.0,0.6875,0.0,11.0,5.0,0.0,0.0,0.0,0.0,14.0,52.0,0.0,38.0,248.0,1.0,1.0,,2
00-0026625,2014,veteran,QB,1.0914550739634774,25.281140393584018,27.5932289581603,191.91674028109946,1.2164781299280065,0.759350498240859,1.3966675146100669,4.3768061038175485,0.04288006115116345,0.21976458036395313,6.955211387985923,0.044086110102320976,0.05223391712462055,0.01822819782914077,0.004451783230338099,4.0478859134984444e-07,1.3702650052661421e-11,1.3702650052661421e-11,0.09657214704417685,11.279312951035116,11.375885098079292,veteran,Brian Hoyer,QB,14.0,159.94,1.0,0.0,0.0,0.0,24.0,39.0,0.0,438.0,242.0,3326.0,12.0,13.0,24.0,1.0,0.0,0.0,3.0,3.0,0.0,0.0,0.0,0.0,0.0,0.0,3.0,0.0,0.0,16,41.199999999999996,10.543921568627452,0.16544117647058826,0.1875,28.83504449007529,0.159375,1.0,0.1875,0.0625,0.75,1.0,13.0,3.0,0.0,0.0,0.0,0.0,6.0,16.0,0.0,96.0,615.0,5.0,3.0,,2
00-0026898,2014,veteran,QB,5.291829989930942,25.75132366253678,136.27162683783044,927.8868443574997,5.537463762208121,4.205129384250159,13.084776806450678,32.33629953134226,0.4362209285343405,1.2210614300215397,6.809097872308578,0.04063548583593238,0.051499812290760054,0.017963914771796017,0.0043779949828734715,2.4335585537081557e-06,1.3702379537013105e-11,1.3702379537013105e-11,0.46146931406918673,54.263902718929344,54.72537203299853,veteran,Mark Sanchez,QB,9.0,144.92,0.0,0.0,0.0,0.0,34.0,87.0,1.0,309.0,198.0,2418.0,14.0,11.0,23.0,3.0,0.0,0.0,5.5,5.5,0.0,0.0,0.0,0.0,0.0,0.0,4.0,1.0,0.0,16,0.0,10.521739130434781,0.9592391304347826,0.0,27.805612594113622,0.43125,0.0,1.0,0.125,0.875,2.0,16.0,0.0,0.0,0.0,0.0,0.0,0.0,0.0,0.0,0.0,0.0,0.0,0.0,,2
00-0026993,2014,veteran,QB,6.29637364443225,30.887842400133934,194.48139682158026,1327.6881659868343,7.644298155105363,5.703189941401389,17.94894082783968,66.94572279509461,0.549615507291664,1.304627135397259,6.826813194913818,0.03930606361346911,0.12666359158059812,0.04642778186866631,0.01310138631589592,3.0292251735142684e-05,1.370199926785886e-11,1.370199926785886e-11,1.401184471575464,79.66135042955696,81.06253490113242,veteran,,,0.0,0.0,0.0,0.0,0.0,0.0,0.0,0.0,0.0,0.0,0.0,0.0,0.0,0.0,0.0,0.0,0.0,0.0,0.0,0.0,0.0,0.0,0.0,0.0,0.0,0.0,0.0,0.0,0.0,16,30.439999999999998,13.486918918918919,0.8064189189189189,0.25,26.633812457221083,0.578125,1.0,1.0,0.0625,0.6875,1.0,12.0,4.0,0.0,0.0,0.0,0.0,5.0,20.0,0.0,147.0,761.0,2.0,4.0,,2
00-0027253,2014,veteran,QB,2.914309946457283,29.03277457677924,84.61050372235988,593.590447196055,3.3855829045178867,2.1143649597997913,5.520104548890131,14.251512376199305,0.1749287199608849,0.6377080043400377,7.015564511279323,0.040013742450078146,0.10760150373298852,0.038927918095332574,0.010670424420972413,9.274654478923471e-07,1.3702525016456872e-11,1.3702525016456872e-11,0.5459527120404299,34.25652713501933,34.802479847059764,veteran,,,0.0,0.0,0.0,0.0,0.0,0.0,0.0,0.0,0.0,0.0,0.0,0.0,0.0,0.0,0.0,0.0,0.0,0.0,0.0,0.0,0.0,0.0,0.0,0.0,0.0,0.0,0.0,0.0,0.0,16,58.879999999999995,11.64655737704918,0.2879098360655738,0.3125,26.784394250513348,0.190625,1.0,0.3125,0.0625,0.625,1.0,11.0,5.0,0.0,0.0,0.0,0.0,24.0,52.0,1.0,157.0,1092.0,4.0,3.0,,2
00-0027754,2014,veteran,QB,2.1576033802012398,24.692408949111133,53.276425013913524,366.09368184995276,2.0739474232175676,1.6769674356391813,4.936502438793929,18.384831571687023,0.15071577191311472,0.44897637335533824,6.871588732809019,0.038928051622757,0.04359725950645643,0.015134796625666464,0.0035991717389037467,1.0856602357920034e-05,1.3702154015161516e-11,1.3702154015161516e-11,0.15860252158092078,21.43042713752673,21.589029659107652,veteran,,,0.0,0.0,0.0,0.0,0.0,0.0,0.0,0.0,0.0,0.0,0.0,0.0,0.0,0.0,0.0,0.0,0.0,0.0,0.0,0.0,0.0,0.0,0.0,0.0,0.0,0.0,0.0,0.0,0.0,16,0.0,7.767272727272728,0.46022727272727276,0.0,26.458590006844627,0.20625,0.0,0.5,0.0,1.0,0.0,16.0,0.0,0.0,0.0,0.0,0.0,0.0,0.0,0.0,0.0,0.0,0.0,0.0,,2
00-0027854,2014,veteran,QB,7.385530929966174,33.150371105847356,244.83309114209263,1661.6498799436215,10.315108085573195,5.539043341435089,15.649364297285992,43.990191525185935,0.46222467551219365,1.5160473454555339,6.7868680340242795,0.04213118429970181,0.17004243969414234,0.06427725597512661,0.01920204822078705,2.174790434898502e-06,1.3702396491344572e-11,1.3702396491344572e-11,2.2515868953573426,100.78861337184816,103.0402002672055,veteran,,,0.0,0.0,0.0,0.0,0.0,0.0,0.0,0.0,0.0,0.0,0.0,0.0,0.0,0.0,0.0,0.0,0.0,0.0,0.0,0.0,0.0,0.0,0.0,0.0,0.0,0.0,0.0,0.0,0.0,16,121.08,14.823842364532021,0.73121921182266,0.4375,26.8145106091718,0.634375,1.0,1.0,0.0,0.5625,0.0,9.0,7.0,0.0,0.0,0.0,0.0,15.0,31.0,0.0,262.0,1687.0,14.0,4.0,,2
00-0027939,2014,veteran,QB,14.002931032977923,34.71896989292304,486.16734094663826,3517.402937749649,21.629395779575315,13.189131316483895,76.54287554127443,394.24210698906705,3.3122732150265706,2.6905950247803956,7.234963440573273,0.04448961079421696,0.269337734499465,0.10978811225245688,0.03651504236502984,0.0033428249216029505,1.3701289448885269e-11,1.3701289448885269e-11,7.146995354254104,254.75209793482477,261.8990932890789,veteran,Cam Newton,QB,14.0,250.98,0.0,0.0,0.0,0.0,103.0,539.0,5.0,448.0,262.0,3127.0,18.0,12.0,38.0,5.0,0.0,1.0,1.0,2.0,0.0,0.0,0.0,1.0,0.0,0.0,1.0,0.0,0.0,16,298.66,19.981375000000003,1.0,1.0,25.308692676249144,1.0,1.0,1.0,0.0,0.0,0.0,0.0,16.0,0.0,0.0,0.0,0.0,111.0,585.0,6.0,473.0,3379.0,24.0,13.0,,2
00-0027946,2014,veteran,QB,5.988469698846556,27.37128858219028,163.91213229283122,1147.7188718422988,6.876424027092134,4.360688099095218,20.892067731974937,124.87164718403417,0.7077134074646616,1.2490454305420964,7.002037346399006,0.041951891729449964,0.08019717870172811,0.02848851641469755,0.00743469662659984,0.0007652211879566339,1.3701512176110632e-11,1.3701512176110632e-11,0.8297897156812369,78.92842908597724,79.75821880165849,veteran,Jake Locker,QB,7.0,63.92,0.0,0.0,0.0,0.0,22.0,142.0,1.0,146.0,86.0,993.0,5.0,7.0,14.0,1.0,0.0,0.0,0.0,0.0,0.0,0.0,0.0,0.0,0.0,0.0,0.0,0.0,0.0,16,100.74000000000001,13.100126582278483,0.5300632911392404,0.4375,26.21218343600274,0.49375,1.0,0.6875,0.1875,0.375,3.0,9.0,7.0,0.0,0.0,0.0,0.0,24.0,155.0,2.0,183.0,1256.0,8.0,4.0,,2
00-0027948,2014,veteran,QB,4.631338640830942,24.658639609188974,114.20251045236128,755.6490962962746,4.272672107020604,3.5148929193053333,11.870046912860957,34.92887919288273,0.34268575974857585,0.9713705929112243,6.616746806205175,0.03741311894192481,0.035688507410879866,0.012331970560335156,0.0028493500438849734,6.226733018878531e-06,1.3702237852652576e-11,1.3702237852652576e-11,0.2773773093164351,43.89312773328002,44.17050504259645,veteran,Blaine Gabbert,QB,1.0,6.02,0.0,0.0,0.0,0.0,1.0,5.0,0.0,7.0,3.0,38.0,1.0,0.0,0.0,0.0,0.0,0.0,0.0,0.0,0.0,0.0,0.0,0.0,0.0,0.0,0.0,0.0,0.0,16,12.44,7.61159420289855,0.6222826086956522,0.1875,24.878850102669404,0.43125,1.0,0.9375,0.25,0.5625,4.0,13.0,3.0,0.0,0.0,0.0,0.0,9.0,32.0,0.0,86.0,481.0,1.0,7.0,,2
00-0027950,2014,veteran,QB,8.705970350660806,28.97834656552454,252.28462601063003,1710.4257936224553,9.930061738285833,7.485127637220514,26.111354521437576,114.37879245101091,0.9586641639144069,1.9515547250028922,6.779746434292775,0.0393605504041591,0.09049410891193377,0.0323649857974907,0.008614741135826047,8.228295420730294e-05,1.3701848565934395e-11,1.3701848565934395e-11,1.3612076544169738,106.45377820218225,107.81498585659922,veteran,Christian Ponder,QB,2.0,12.48,0.0,0.0,0.0,0.0,4.0,16.0,1.0,44.0,22.0,222.0,0.0,2.0,6.0,0.0,0.0,0.0,0.0,0.0,0.0,0.0,0.0,0.0,0.0,0.0,0.0,0.0,0.0,16,107.02,11.912192982456139,0.7648026315789473,0.5625,26.5160848733744,0.7125,1.0,1.0,0.125,0.3125,2.0,7.0,9.0,0.0,0.0,0.0,0.0,34.0,151.0,4.0,239.0,1648.0,7.0,9.0,,2
00-0027973,2014,veteran,QB,13.858963700208623,36.3992260193628,504.45555211803827,3553.493434065546,24.528923982156403,15.091044528722934,32.79025941873808,97.15021279392334,1.1048185525204597,2.8521303912362,7.044215132821175,0.04862454953497438,0.29143265785226774,0.12091897063160867,0.04110566254395473,4.479271845458311e-06,1.3702287527626534e-11,1.3702287527626534e-11,7.692097912074929,220.71301604584428,228.4051139579192,veteran,Andy Dalton,QB,16.0,228.12,1.0,1.0,18.0,1.0,60.0,169.0,4.0,481.0,309.0,3398.0,19.0,17.0,21.0,2.0,0.0,0.0,3.0,3.0,0.0,0.0,0.0,0.0,0.0,0.0,3.0,0.0,0.0,16,296.02,16.936375,1.0,1.0,26.84188911704312,1.0,1.0,1.0,0.0,0.0,0.0,0.0,16.0,0.0,0.0,0.0,0.0,61.0,183.0,2.0,586.0,4293.0,33.0,20.0,,2
00-0027974,2014,veteran,QB,12.933986643681639,27.913306661623754,361.0303355424313,2644.1390568978677,16.656185628126927,8.06984355458717,57.32510194463565,313.08222968826846,2.065175142363024,2.696291576214503,7.323869482948494,0.04613514153347192,0.10950165798609912,0.039666542084775644,0.010906082944129319,0.0015890255943000785,1.3701401861393137e-11,1.3701401861393137e-11,2.4885334688433858,194.55730834982407,197.04584181866744,veteran,Colin Kaepernick,QB,16.0,254.16,0.0,0.0,0.0,0.0,104.0,639.0,1.0,478.0,289.0,3369.0,19.0,10.0,52.0,5.0,0.0,2.5,1.0,3.5,0.0,0.0,0.0,1.0,1.0,0.0,1.0,0.0,0.0,16,269.78,15.444384615384612,0.9235576923076921,1.0,26.82819986310746,0.8125000000000001,1.0,1.0,0.0,0.0,0.0,0.0,16.0,0.0,0.0,0.0,0.0,92.0,524.0,4.0,416.0,3197.0,21.0,8.0,,2
00-0028146,2014,veteran,QB,0.0,17.213231922292355,0.0,0.0,0.0,0.0,0.0,0.0,0.0,0.0,7.057669097376765,0.04388848202641707,9.357622968839299e-14,9.357622968839299e-14,9.357622968839299e-14,1.0518631549613466e-10,1.3703895119550464e-11,1.3703895119550464e-11,0.0,0.0,0.0,veteran,,,0.0,0.0,0.0,0.0,0.0,0.0,0.0,0.0,0.0,0.0,0.0,0.0,0.0,0.0,0.0,0.0,0.0,0.0,0.0,0.0,0.0,0.0,0.0,0.0,0.0,0.0,0.0,0.0,0.0,16,0.0,5.78,0.125,0.0,26.310746064339494,0.0375,0.0,0.125,0.0,1.0,0.0,16.0,0.0,0.0,0.0,0.0,0.0,0.0,0.0,0.0,0.0,0.0,0.0,0.0,,2
00-0028595,2014,veteran,QB,1.223596243795472,28.79914618141153,35.23852709209186,252.01092268344564,1.4049405228356295,1.06890587474319,3.0503893379241207,18.613285955120034,0.10147137369527257,0.24890008423333837,7.151573674598939,0.03986944514349247,0.11342489949207478,0.04119780238399493,0.011397298533406526,0.00016589149342327334,1.370174281517322e-11,1.370174281517322e-11,0.2424948629626011,15.534743918410923,15.777238781373525,veteran,,,0.0,0.0,0.0,0.0,0.0,0.0,0.0,0.0,0.0,0.0,0.0,0.0,0.0,0.0,0.0,0.0,0.0,0.0,0.0,0.0,0.0,0.0,0.0,0.0,0.0,0.0,0.0,0.0,0.0,16,35.18,11.726666666666667,0.1875,0.1875,26.99247091033539,0.10312500000000001,1.0,0.1875,0.0,0.8125,0.0,13.0,3.0,0.0,0.0,0.0,0.0,5.0,55.0,1.0,90.0,717.0,1.0,5.0,,2
00-0028986,2014,veteran,QB,5.637872524210611,30.208451249293084,170.31139729734517,1194.7472862382724,7.059046595259396,4.358459661195312,11.57565053684329,51.486556409118755,0.37651740484618856,1.180800197618754,7.015075357243259,0.04144788139419154,0.12961772975431096,0.04760826525137995,0.013491507221689354,1.4932993041346892e-05,1.3702105937602594e-11,1.3702105937602594e-11,1.2855932194437671,72.35531818292937,73.64091140237313,veteran,Case Keenum,QB,2.0,22.900000000000002,0.0,0.0,0.0,0.0,10.0,35.0,0.0,77.0,45.0,435.0,2.0,2.0,3.0,1.0,0.0,0.0,0.0,0.0,0.0,0.0,0.0,0.0,0.0,0.0,0.0,0.0,0.0,16,106.10000000000001,13.262500000000001,0.5,0.5,26.537987679671456,0.275,1.0,0.5,0.0625,0.4375,1.0,8.0,8.0,0.0,0.0,0.0,0.0,14.0,72.0,1.0,253.0,1760.0,9.0,6.0,,2
00-0029151,2014,veteran,QB,1.3235540496920404,14.305963339080066,18.934715712185284,132.09862717480598,0.8257788867114231,0.5052193165333319,2.8686595198485123,14.11028356161508,0.0886696657747063,0.2775791615759716,6.97653079046732,0.04361189781053854,0.0027121113925103408,0.0009253737380470426,0.00015164715657983526,3.067409969914265e-05,1.3701997378719373e-11,1.3701997378719373e-11,0.005868824563261393,8.964510028429071,8.970378852992333,veteran,Matt Simms,QB,1.0,1.76,0.0,0.0,0.0,0.0,1.0,2.0,0.0,8.0,3.0,39.0,0.0,0.0,0.0,0.0,0.0,0.0,0.0,0.0,0.0,0.0,0.0,0.0,0.0,0.0,0.0,0.0,0.0,16,9.94,3.313333333333333,0.1875,0.1875,25.927446954141,0.10312500000000001,1.0,0.1875,0.0,0.8125,0.0,13.0,3.0,0.0,0.0,0.0,0.0,5.0,37.0,0.0,31.0,156.0,1.0,1.0,,2
00-0029263,2014,veteran,QB,13.542669006968074,30.27364705597954,409.9859817129044,3064.92474884717,22.08118597119689,10.168304576938478,63.2231332610206,322.15764744849076,1.7615401452996893,2.921412717653658,7.475681817319806,0.05385839261855396,0.17451866249195633,0.06618429254808325,0.01987832126062443,0.0014588088552218287,1.3701414774417329e-11,1.3701414774417329e-11,4.266083649439658,227.52730486613729,231.79338851557694,veteran,Russell Wilson,QB,16.0,333.09999999999997,1.0,1.0,17.0,0.0,118.0,849.0,6.0,452.0,285.0,3475.0,20.0,7.0,42.0,0.0,0.0,3.0,2.0,5.0,0.0,0.0,0.0,3.0,0.0,0.0,2.0,0.0,0.0,16,273.18,17.127573529411762,1.0,1.0,25.754962354551676,0.8500000000000001,1.0,1.0,0.0,0.0,0.0,0.0,16.0,0.0,0.0,0.0,0.0,96.0,539.0,1.0,407.0,3357.0,26.0,9.0,,2
00-0029531,2014,veteran,QB,1.565253496065337,21.753615008060564,34.049921943426185,230.01344493541632,1.3028799360490213,0.967679383585408,2.774732521144879,9.420127097288953,0.0863893961784411,0.32860241792359013,6.75518273779255,0.038263815647323694,0.020770893922163303,0.0071196238112820895,0.00152568137702012,2.275947834059804e-06,1.3702389634904075e-11,1.3702389634904075e-11,0.0540074571488835,13.279843025394284,13.333850482543166,veteran,Ryan Lindley,QB,3.0,23.48,0.0,0.0,0.0,0.0,0.0,0.0,0.0,93.0,45.0,562.0,2.0,4.0,6.0,0.0,0.0,0.0,1.0,1.0,0.0,0.0,0.0,0.0,0.0,0.0,1.0,0.0,0.0,16,0.0,2.2966666666666664,0.375,0.0,25.193702943189596,0.11249999999999999,0.0,0.375,0.0,1.0,0.0,16.0,0.0,0.0,0.0,0.0,0.0,0.0,0.0,0.0,0.0,0.0,0.0,0.0,,2
00-0029567,2014,veteran,QB,10.013223575001769,31.052713162914998,310.9377595106682,2320.7700613896272,16.439001702936196,5.975097926557132,29.20117393549896,108.25178407226089,1.0023054831029499,2.085271918695791,7.463776882685109,0.052869107080486887,0.1935680465442366,0.07444362855744498,0.02285898665988093,3.2749440851601096e-05,1.3701987505642768e-11,1.3701987505642768e-11,3.5144833879440625,159.30508088266782,162.8195642706119,veteran,Nick Foles,QB,8.0,126.82000000000001,0.0,0.0,0.0,0.0,16.0,68.0,0.0,311.0,186.0,2163.0,13.0,10.0,9.0,3.0,0.0,0.0,7.5,7.5,0.0,0.0,0.0,0.0,0.0,0.0,4.0,1.0,1.0,16,268.74,18.887027027027028,0.727364864864865,0.8125,25.61259411362081,0.578125,1.0,0.8125,0.0625,0.125,1.0,3.0,13.0,0.0,0.0,0.0,0.0,57.0,221.0,3.0,317.0,2891.0,27.0,2.0,,2
00-0029604,2014,veteran,QB,3.056421852264477,25.438352169756783,77.7503354572441,533.6821387107619,3.2438671762349762,2.4491108254400946,4.731846666752047,19.017863481128206,0.14602190170073165,0.6454991601162555,6.864049339108518,0.04172158431417727,0.05042107348886565,0.017576018691680528,0.004270003676459569,2.635765531545852e-06,1.3702367499565792e-11,1.3702367499565792e-11,0.2607975834835041,30.911452040574893,31.1722496240584,veteran,Kirk Cousins,QB,6.0,95.39999999999999,0.0,0.0,0.0,0.0,7.0,20.0,0.0,204.0,126.0,1710.0,10.0,9.0,8.0,2.0,0.0,0.0,7.0,7.0,0.0,0.0,0.0,0.0,0.0,0.0,2.0,2.0,1.0,16,36.06,8.215068493150685,0.2816780821917808,0.3125,26.034223134839152,0.228125,1.0,0.3125,0.0,0.6875,0.0,11.0,5.0,0.0,0.0,0.0,0.0,4.0,14.0,0.0,155.0,854.0,4.0,7.0,,2
00-0029665,2014,veteran,QB,11.235411466283315,33.58343732087249,377.3237367521378,2702.511756784805,15.71509546510486,9.072807307008294,66.13259830489541,377.1589878240868,1.9055290071713205,2.3744053619987144,7.16231578762317,0.04164883874090337,0.22633821031983678,0.08922080307325805,0.02839471907205549,0.00796346976430429,1.3701157849755443e-11,1.3701157849755443e-11,4.774177138834153,197.21549961923424,201.98967675806838,veteran,Robert Griffin III,QB,9.0,88.35999999999999,0.0,0.0,0.0,0.0,38.0,176.0,1.0,214.0,147.0,1694.0,4.0,6.0,33.0,4.0,0.0,0.0,1.0,1.0,0.0,0.0,0.0,0.0,0.0,0.0,1.0,0.0,0.0,16,216.02,18.477339055793994,0.860783261802575,0.8125,24.550308008213552,0.728125,1.0,0.9375,0.0,0.1875,0.0,3.0,13.0,0.0,0.0,0.0,0.0,86.0,489.0,0.0,456.0,3203.0,16.0,12.0,,2
00-0029668,2014,veteran,QB,13.616518026132445,36.86012648207327,501.90657668867254,3459.1789024808622,20.37962343296596,11.49131626802049,51.74284193072403,255.5254306930335,1.9825546952989888,2.794352440123547,6.892077257291161,0.040604415999926674,0.2813505607740662,0.11579033063439904,0.03897358548457376,0.0004578064270838114,1.3701589691122e-11,1.3701589691122e-11,7.263609457652518,228.76218365590753,236.02579311356004,veteran,Andrew Luck,QB,16.0,374.24,0.0,0.0,0.0,0.0,64.0,273.0,3.0,616.0,380.0,4761.0,40.0,16.0,27.0,6.0,0.0,0.0,22.5,22.5,0.0,0.0,0.0,0.0,0.0,0.0,10.0,7.0,1.0,16,297.08,18.388382352941175,1.0,1.0,24.969199178644764,0.8500000000000001,1.0,1.0,0.0,0.0,0.0,0.0,16.0,0.0,0.0,0.0,0.0,63.0,377.0,4.0,570.0,3822.0,23.0,9.0,,2
00-0029677,2014,veteran,QB,7.18279977559205,33.89148995589543,243.43578644968593,1658.5106475172547,9.08513276370452,7.255512450923948,8.1152119754556,30.41211047923972,0.23735860629519448,1.4559476763632848,6.81292866470165,0.03732044863330833,0.19045705332427895,0.07307863680675525,0.022360660140562778,5.064341525787787e-07,1.3702616266400873e-11,1.3702616266400873e-11,2.4766066312008035,89.72339938662894,92.20000601782975,veteran,Brandon Weeden,QB,4.0,20.02,0.0,0.0,0.0,0.0,6.0,-1.0,0.0,41.0,24.0,303.0,3.0,2.0,1.0,0.0,0.0,0.0,0.0,0.0,0.0,0.0,0.0,0.0,0.0,0.0,0.0,0.0,0.0,16,92.14,11.427752808988766,0.7212078651685393,0.5,30.882956878850102,0.55625,1.0,0.9375,0.1875,0.3125,3.0,8.0,8.0,0.0,0.0,0.0,0.0,12.0,44.0,0.0,267.0,1731.0,9.0,9.0,,2
00-0029701,2014,veteran,QB,13.510527449420646,33.97688320426564,459.04561317699023,3142.635544049301,17.868589623068996,12.65577426004339,40.01401388880925,194.6278079095607,1.237927701932741,2.955015707882986,6.846020207664249,0.03892552092896171,0.19658146480537791,0.07577192104451343,0.023346061820494434,0.00012774353447236032,1.3701782226916362e-11,1.3701782226916362e-11,4.824058306351437,192.8485473209478,197.67260562729925,veteran,Ryan Tannehill,QB,16.0,282.5,1.0,1.0,-4.0,0.0,56.0,311.0,1.0,590.0,392.0,4045.0,27.0,12.0,46.0,2.0,0.0,0.0,3.5,3.5,0.0,0.0,0.0,0.0,0.0,0.0,2.0,1.0,0.0,16,243.32,13.973088235294115,1.0,1.0,26.09719370294319,0.8500000000000001,1.0,1.0,0.0,0.0,0.0,0.0,16.0,0.0,0.0,0.0,0.0,40.0,238.0,1.0,588.0,3913.0,24.0,17.0,,2
00-0030024,2014,veteran,QB,0.6727485862137685,25.162416437164783,16.9279800838247,117.1514587670589,0.7067414686013533,0.48513760082617136,1.5400679788702734,6.44112226351539,0.04784822973645316,0.13771327551535878,6.920581084508799,0.04174989958055719,0.049736271308761404,0.017330057420319907,0.004201720537341284,1.8584828821889467e-05,1.370207294490959e-11,1.370207294490959e-11,0.05661406970120066,7.198524077174967,7.255138146876168,veteran,,,0.0,0.0,0.0,0.0,0.0,0.0,0.0,0.0,0.0,0.0,0.0,0.0,0.0,0.0,0.0,0.0,0.0,0.0,0.0,0.0,0.0,0.0,0.0,0.0,0.0,0.0,0.0,0.0,0.0,16,12.059999999999999,6.029999999999999,0.125,0.125,23.550992470910334,0.06875,1.0,0.125,0.0,0.875,0.0,14.0,2.0,0.0,0.0,0.0,0.0,3.0,17.0,0.0,59.0,309.0,1.0,3.0,,2
00-0030419,2014,veteran,QB,4.931769282853707,28.001834458395567,138.0985870454697,980.7483116088482,5.853172994287549,4.073865655838369,9.425934098649305,28.477864596977742,0.2869148992077342,1.0089581271483594,7.101798306494849,0.04238401796508142,0.09595452255958228,0.03444293579156625,0.009257990232839516,1.8987436366691334e-06,1.3702416962207058e-11,1.3702416962207058e-11,0.8193483941370829,57.04625273047485,57.86560112461193,veteran,Matt McGloin,QB,1.0,5.46,0.0,0.0,0.0,0.0,2.0,3.0,0.0,19.0,12.0,129.0,1.0,2.0,1.0,0.0,0.0,0.0,0.0,0.0,0.0,0.0,0.0,0.0,0.0,0.0,0.0,0.0,0.0,16,78.58,11.225714285714286,0.4375,0.4375,24.747433264887064,0.24062500000000003,1.0,0.4375,0.0,0.5625,0.0,9.0,7.0,0.0,0.0,0.0,0.0,11.0,27.0,0.0,211.0,1547.0,8.0,8.0,,2
00-0030520,2014,veteran,QB,10.180308891560577,29.4577514591199,299.88900910465986,2028.7433731872568,13.323547950877447,7.323431846022739,22.50250526623917,44.70346012459474,0.6577145625209512,2.189626377005722,6.764980748191524,0.044428263612113876,0.0969286064440993,0.034815266545765985,0.009374009924870754,5.893063125199786e-07,1.3702593410656042e-11,1.3702593410656042e-11,1.7092750383803184,123.8344436725283,125.5437187109086,veteran,Mike Glennon,QB,6.0,91.58,0.0,0.0,0.0,0.0,10.0,49.0,0.0,203.0,117.0,1417.0,10.0,6.0,16.0,0.0,0.0,0.0,2.0,2.0,0.0,0.0,0.0,0.0,0.0,0.0,2.0,0.0,0.0,16,158.02,12.155384615384614,0.8125,0.8125,24.720054757015742,0.446875,1.0,0.8125,0.0,0.1875,0.0,3.0,13.0,0.0,0.0,0.0,0.0,27.0,37.0,0.0,416.0,2608.0,19.0,9.0,,2
00-0030526,2014,veteran,QB,7.582310234994626,29.141650322131653,220.9610335021333,1517.0244976745728,9.101021733059506,6.068488640555081,26.284722764858937,89.96815148727117,0.8344381113763291,1.6146238275681213,6.86557477411476,0.041188356104297635,0.09879645864040756,0.035530631026326434,0.00959755892360068,5.07563738711767e-05,1.3701921427866839e-11,1.3701921427866839e-11,1.2991399899119647,95.72228571995963,97.0214257098716,veteran,EJ Manuel,QB,4.0,58.72,0.0,0.0,0.0,0.0,16.0,52.0,1.0,131.0,76.0,838.0,5.0,3.0,6.0,0.0,0.0,0.0,0.0,0.0,0.0,0.0,0.0,0.0,0.0,0.0,0.0,0.0,0.0,16,133.48,13.347999999999997,0.625,0.625,24.45448323066393,0.34375,1.0,0.625,0.375,0.0,6.0,6.0,10.0,0.0,0.0,0.0,0.0,53.0,186.0,2.0,306.0,1972.0,11.0,9.0,,2
00-0030533,2014,veteran,QB,1.5065972415749922,15.873422201861747,23.914854103680145,167.36959515881946,0.9776219286365735,0.734543380665574,2.141063140407909,6.343884123728563,0.066691707691624,0.3159674508542837,6.998562250608241,0.04087927630242711,0.004776777000687236,0.0016287029381233976,0.00028723815894036135,4.949986967527798e-07,1.3702619710813894e-11,1.3702619710813894e-11,0.011743628355532465,9.538788516381958,9.55053214473749,veteran,Matt Barkley,QB,1.0,0.0,0.0,0.0,0.0,0.0,3.0,0.0,0.0,1.0,0.0,0.0,0.0,0.0,0.0,0.0,0.0,0.0,0.0,0.0,0.0,0.0,0.0,0.0,0.0,0.0,0.0,0.0,0.0,16,1.8000000000000005,0.6000000000000002,0.1875,0.1875,23.980835044490075,0.10312500000000001,1.0,0.1875,0.0,0.8125,0.0,13.0,3.0,0.0,0.0,0.0,0.0,2.0,-2.0,0.0,49.0,300.0,0.0,4.0,,2
00-0030565,2014,veteran,QB,12.88110224488773,27.07872530588178,348.803829326292,2429.8536045154297,12.818232176615718,12.41301660129793,56.796166833565074,267.0685216252289,2.205132651567611,2.7223606612649824,6.9662469279899994,0.03674911540212701,0.07417935192826372,0.02624795914433342,0.006765105180133129,0.0007441876304132128,1.3701516382324234e-11,1.3701516382324234e-11,1.646535765454046,158.1339664338828,159.78050219933684,veteran,Geno Smith,QB,14.0,154.3,1.0,0.0,0.0,0.0,59.0,238.0,1.0,367.0,219.0,2525.0,13.0,13.0,28.0,3.0,0.0,0.0,3.5,3.5,0.0,0.0,0.0,0.0,0.0,0.0,2.0,1.0,0.0,16,195.24,12.2025,1.0,1.0,23.89322381930185,0.55,1.0,1.0,0.0,0.0,0.0,0.0,16.0,1.0,1.0,13.0,0.0,72.0,366.0,6.0,443.0,3046.0,12.0,21.0,,2
00-0031064,2014,rookie,QB,5.298010107299785,25.19854212475485,133.5021308661706,929.7433570132247,4.974604115925748,3.857856253166907,14.469469069307115,69.03142535148602,0.7399160319532048,1.177335579399952,6.96425855513308,0.037262357414448666,0.051716492804858634,0.018041895050372667,0.004399749505805559,7.910526692860783e-05,1.3701854505718706e-11,1.3701854505718706e-11,0.4644126505523047,58.360405805966096,58.8248184565184,rookie,Tom Savage,QB,2.0,0.48000000000000015,0.0,0.0,0.0,0.0,6.0,-6.0,0.0,19.0,10.0,127.0,0.0,1.0,1.0,1.0,0.0,0.0,0.0,0.0,0.0,0.0,0.0,0.0,0.0,0.0,0.0,0.0,0.0,16,0.0,,,0.0,24.35044490075291,0.0,0.0,0.0,0.0,1.0,0.0,16.0,0.0,0.0,0.0,0.0,0.0,0.0,0.0,0.0,0.0,0.0,0.0,0.0,,2
00-0031237,2014,rookie,QB,7.610212595275218,24.118003665056772,183.54313526470892,1278.2418500031972,6.839249907202081,5.303908091299573,34.12328219494727,162.79649213839426,1.7449405667870765,1.691158354505604,6.96425855513308,0.037262357414448666,0.04140131084883568,0.014353736663884703,0.0033879191591647236,0.0008670379711258929,1.3701493323229052e-11,1.3701493323229052e-11,0.5370891723729453,91.24583335188774,91.78292252426068,rookie,Teddy Bridgewater,QB,13.0,182.66,0.0,0.0,0.0,0.0,47.0,209.0,1.0,402.0,259.0,2919.0,14.0,12.0,39.0,0.0,0.0,0.0,3.0,3.0,0.0,0.0,0.0,0.0,0.0,0.0,3.0,0.0,0.0,16,0.0,,,0.0,21.806981519507186,0.0,0.0,0.0,0.0,1.0,0.0,16.0,0.0,0.0,0.0,0.0,0.0,0.0,0.0,0.0,0.0,0.0,0.0,0.0,,2
00-0031260,2014,rookie,QB,4.72156730879882,23.442236822185357,110.68409902475031,770.8326835503143,4.124350457956475,3.198475865354001,15.490216511490278,73.90124127356819,0.7921133443375711,1.049237179733071,6.96425855513308,0.037262357414448666,0.0357984318306279,0.012370735596570126,0.0028595589653613866,0.00019027364236194892,1.3701722132150023e-11,1.3701722132150023e-11,0.28454018689839045,50.97808727704657,51.26262746394496,rookie,Logan Thomas,TE,2.0,7.24,0.0,0.0,0.0,0.0,0.0,0.0,0.0,9.0,1.0,81.0,1.0,0.0,2.0,0.0,0.0,0.0,0.0,0.0,0.0,0.0,0.0,0.0,0.0,0.0,0.0,0.0,0.0,16,0.0,,,0.0,23.170431211498972,0.0,0.0,0.0,0.0,1.0,0.0,16.0,0.0,0.0,0.0,0.0,0.0,0.0,0.0,0.0,0.0,0.0,0.0,0.0,,2
00-0031280,2014,rookie,QB,8.536050765026527,26.635456254375285,227.36160673699075,1583.4050148268907,8.472029452557068,6.570145289738136,32.0006550111618,152.66979161575105,1.636397131252592,1.8969001700058947,6.96425855513308,0.037262357414448666,0.0682676625111952,0.024064515882320378,0.00612188777785267,0.0003625200528929978,1.3701624897278123e-11,1.3701624897278123e-11,0.9984681062994499,105.37558943290651,106.37405753920596,rookie,Derek Carr,QB,16.0,193.0,1.0,0.0,0.0,0.0,29.0,92.0,0.0,599.0,348.0,3270.0,21.0,12.0,24.0,4.0,0.0,0.0,1.0,1.0,0.0,0.0,0.0,0.0,0.0,0.0,1.0,0.0,0.0,16,0.0,,,0.0,23.430527036276523,0.0,0.0,0.0,0.0,1.0,0.0,16.0,0.0,0.0,0.0,0.0,0.0,0.0,0.0,0.0,0.0,0.0,0.0,0.0,,2
00-0031345,2014,rookie,QB,6.433924465397905,24.366237584456638,156.77053212433353,1091.7905195396552,5.841639600070222,4.5302511184218055,24.05658797255717,114.7699717857415,1.2301664304148554,1.4297609923106456,6.96425855513308,0.037262357414448666,0.04361910543439357,0.015142577856035927,0.0036012848568848805,0.0003579192221372225,1.3701626824067674e-11,1.3701626824067674e-11,0.4754249478624741,73.97615072146547,74.45157566932795,rookie,Jimmy Garoppolo,QB,5.0,12.18,0.0,0.0,0.0,0.0,10.0,9.0,0.0,27.0,19.0,182.0,1.0,0.0,5.0,0.0,0.0,0.0,0.0,0.0,0.0,0.0,0.0,0.0,0.0,0.0,0.0,0.0,0.0,16,0.0,,,0.0,22.830937713894592,0.0,0.0,0.0,0.0,1.0,0.0,16.0,0.0,0.0,0.0,0.0,0.0,0.0,0.0,0.0,0.0,0.0,0.0,0.0,,2
00-0031407,2014,rookie,QB,15.418739051051237,31.0690886301608,479.0461701424323,3336.201388718171,17.8503896098701,13.843159289287016,80.80058023680645,385.48610154643075,4.131847853018512,3.4263864557891637,6.96425855513308,0.037262357414448666,0.1426577767359309,0.05287907617754475,0.015257130245058299,0.0018625088093498646,1.3701377872846582e-11,1.3701377872846582e-11,3.9218050062417427,233.65021977080903,237.57202477705079,rookie,Blake Bortles,QB,14.0,169.22,0.0,0.0,0.0,0.0,56.0,419.0,0.0,475.0,280.0,2908.0,11.0,17.0,55.0,1.0,0.0,0.0,1.0,1.0,0.0,0.0,0.0,0.0,0.0,0.0,1.0,0.0,0.0,16,0.0,,,0.0,22.71047227926078,0.0,0.0,0.0,0.0,1.0,0.0,16.0,0.0,0.0,0.0,0.0,0.0,0.0,0.0,0.0,0.0,0.0,0.0,0.0,,2
00-0031409,2014,rookie,QB,8.677492853163786,24.850708472636992,215.64184516736424,1501.7855650514994,8.035323508137527,6.231475373657673,40.72483751875974,194.29141232908293,2.082520100391123,1.928331745147508,6.96425855513308,0.037262357414448666,0.048205831554044586,0.016781156079074284,0.0040498847186471836,0.0010839272050743687,1.3701459622627679e-11,1.3701459622627679e-11,0.7164247641029381,107.81736423225475,108.53378899635769,rookie,Johnny Manziel,QB,4.0,11.9,0.0,0.0,0.0,0.0,9.0,29.0,1.0,35.0,18.0,175.0,0.0,2.0,3.0,0.0,0.0,0.0,0.0,0.0,0.0,0.0,0.0,0.0,0.0,0.0,0.0,0.0,0.0,16,0.0,,,0.0,21.73579739904175,0.0,0.0,0.0,0.0,1.0,0.0,16.0,0.0,0.0,0.0,0.0,0.0,0.0,0.0,0.0,0.0,0.0,0.0,0.0,,2
00-0007091,2015,veteran,QB,2.147250373805354,13.377566620864716,28.724984927257786,203.6142055323211,1.2517514961345542,0.7046807096907316,1.6462702396186062,2.4031273348153337,0.049018283079398116,0.431592760949415,7.088400778901958,0.04357709844946651,0.0019515213046233397,0.0003144925617824966,3.557565147666083e-05,1.6510426936675467e-09,9.047780054935498e-08,1.3705748041923669e-11,0.005356420940772502,11.413449696508692,11.418806117449465,veteran,Matt Hasselbeck,QB,8.0,92.1,0.0,0.0,0.0,0.0,16.0,15.0,0.0,256.0,156.0,1690.0,9.0,5.0,16.0,2.0,0.0,0.0,1.0,1.0,0.0,0.0,0.0,0.0,0.0,0.0,1.0,0.0,0.0,16,16.939999999999998,5.043953488372093,0.30668604651162795,0.25,39.93429158110883,0.26875,1.0,0.5,0.0,0.75,0.0,12.0,4.0,0.0,0.0,0.0,0.0,8.0,-11.0,0.0,44.0,301.0,2.0,0.0,,3
00-0010346,2015,veteran,QB,13.479195284004804,36.94319662875565,497.96456177438534,3773.776320253097,30.005195418122977,11.410418762691998,17.530912345965902,0.0,0.4991258106319749,2.7203056445308826,7.5784033843815894,0.060255684282444065,0.3922837422740581,0.1710119875414546,0.05882950344363873,2.3599534873612555e-11,5.9262594036056716e-09,1.3706553544212506e-11,10.331273984082936,245.7051405319619,256.03641451604483,veteran,Peyton Manning,QB,10.0,93.36,0.0,0.0,0.0,0.0,6.0,-6.0,0.0,331.0,198.0,2249.0,9.0,17.0,16.0,0.0,0.0,0.0,2.0,2.0,0.0,0.0,0.0,0.0,0.0,0.0,2.0,0.0,0.0,16,328.18,22.5679375,1.0,1.0,39.43874058863792,1.0,1.0,1.0,0.0,0.0,0.0,0.0,16.0,0.0,0.0,0.0,0.0,24.0,-24.0,0.0,597.0,4727.0,39.0,15.0,,3
00-0019596,2015,veteran,QB,13.588477858399429,35.35622800111166,480.43732134962767,3407.471933438518,23.132113158216022,9.475333713687073,22.486666192556147,33.32462102152535,0.6483273902035795,2.6933907420483294,7.092438039297962,0.048148035404980825,0.2631815786180738,0.0961915749148606,0.028336706088543693,2.6099932180112223e-08,5.318762281043336e-07,1.3705224610697424e-11,6.306999285274671,211.71230750230802,218.0193067875827,veteran,Tom Brady,QB,16.0,359.2,1.0,1.0,36.0,0.0,34.0,53.0,3.0,624.0,402.0,4770.0,36.0,7.0,38.0,2.0,0.0,0.0,15.0,15.0,0.0,0.0,0.0,0.0,0.0,0.0,7.0,4.0,1.0,16,286.06,18.1613125,1.0,1.0,38.078028747433265,1.0,1.0,1.0,0.0,0.0,0.0,0.0,16.0,0.0,0.0,0.0,0.0,36.0,57.0,0.0,582.0,4109.0,33.0,9.0,,3
00-0020245,2015,veteran,QB,6.8363346557013775,19.931487360964166,136.25831778543332,949.3435144616732,5.509458670497639,3.3406446837547197,23.269271172979888,140.06851288079682,0.6800384033975648,1.4095276729522934,6.9672334863006995,0.040433925502980396,0.014797147128560974,0.00306636167042982,0.0004916274074746361,0.0008087630369622329,0.0004051839171413545,1.3703263785951065e-11,0.1490080547662519,68.59831225550853,68.74732031027479,veteran,Mike Vick,QB,5.0,30.740000000000002,0.0,0.0,0.0,0.0,20.0,99.0,0.0,66.0,40.0,371.0,2.0,1.0,10.0,0.0,0.0,0.0,0.0,0.0,0.0,0.0,0.0,0.0,0.0,0.0,0.0,0.0,0.0,16,43.46,9.237426900584794,0.5427631578947368,0.5625,35.181382614647504,0.534375,1.0,0.625,0.0,0.4375,0.0,7.0,9.0,0.0,0.0,0.0,0.0,26.0,153.0,0.0,121.0,604.0,3.0,2.0,,3
00-0020531,2015,veteran,QB,13.689164845484955,39.127780349248916,535.6266352387953,3958.4510776186094,27.250360520846428,13.218118324977928,22.84274585862638,48.16705264322022,0.7646362694831439,2.701963593363285,7.390317839317001,0.050875663620980234,0.43435828288130435,0.20032034467735138,0.07250747799456198,1.196063199906723e-07,1.412596712408712e-06,1.3704935976672251e-11,12.044493747838498,244.90384423266855,256.94833798050706,veteran,Drew Brees,QB,15.0,325.7,0.0,0.0,0.0,0.0,24.0,14.0,1.0,627.0,428.0,4870.0,32.0,11.0,31.0,2.0,0.0,0.0,21.5,21.5,0.0,0.0,0.0,0.0,0.0,0.0,10.0,5.0,2.0,16,317.98,21.505000000000003,1.0,1.0,36.62696783025325,1.0,1.0,1.0,0.0,0.0,0.0,0.0,16.0,1.0,1.0,1.0,0.0,27.0,68.0,1.0,659.0,4952.0,33.0,17.0,,3
00-0020679,2015,veteran,QB,5.178546986592947,24.996579932845204,129.44596368636525,928.7628177920042,5.531952609429601,3.482044979568904,4.936622993118906,10.153571078145816,0.15897427331308825,1.0328889621431918,7.174907516176438,0.042735613007084366,0.05583043363672935,0.014041550487297536,0.002866460787553279,1.0944754512002306e-08,3.0452886052865855e-07,1.3705389395866014e-11,0.4278833934068281,52.21765801366748,52.64554140707431,veteran,Shaun Hill,QB,3.0,0.09999999999999998,0.0,0.0,0.0,0.0,4.0,-5.0,0.0,7.0,2.0,15.0,0.0,0.0,1.0,0.0,0.0,0.0,0.0,0.0,0.0,0.0,0.0,0.0,0.0,0.0,0.0,0.0,0.0,16,89.78,10.625979381443297,0.4594072164948453,0.5,35.644079397672826,0.30312500000000003,1.0,0.5,0.0,0.5,0.0,8.0,8.0,1.0,1.0,0.0,0.0,10.0,10.0,1.0,229.0,1657.0,8.0,7.0,,3
00-0021206,2015,veteran,QB,8.122149030724504,27.825705736095887,226.00452887365648,1609.8435463191113,9.692062395783038,6.416533713823557,16.18861502407032,75.8858774459477,0.5882838578351418,1.6779627105993893,7.123058791530074,0.04288437246848801,0.09179802021252,0.02528235955969212,0.005702414577896605,1.2940933605341795e-05,2.8528118723781052e-05,1.3704047902380869e-11,1.1467022341148378,98.09128947865634,99.23799171277118,veteran,Josh McCown,QB,8.0,140.16,0.0,0.0,0.0,0.0,20.0,98.0,1.0,292.0,186.0,2109.0,12.0,4.0,23.0,6.0,0.0,0.0,8.0,8.0,0.0,0.0,0.0,0.0,0.0,0.0,3.0,2.0,1.0,16,128.94,13.43609467455621,0.6342455621301776,0.6875,36.16153319644079,0.5281250000000001,1.0,0.6875,0.125,0.1875,2.0,5.0,11.0,0.0,0.0,0.0,0.0,25.0,127.0,3.0,327.0,2206.0,11.0,14.0,,3
00-0021429,2015,veteran,QB,6.723346822494621,33.9420479043565,228.20415992671548,1642.2603307435177,10.039184990157306,6.047859830197912,9.172512857407666,16.84573467092811,0.2686562643754847,1.362296215884029,7.196452208719185,0.0439921208858824,0.2367634004761784,0.08332748882159603,0.02374131529967458,2.8455203638934122e-08,5.621949926434382e-07,1.370520822878308e-11,2.7514499218774247,94.32335215155177,97.0748020734292,veteran,Carson Palmer,QB,16.0,327.74,0.0,0.0,0.0,0.0,25.0,24.0,1.0,537.0,342.0,4671.0,35.0,11.0,25.0,2.0,0.0,0.0,18.5,18.5,0.0,0.0,0.0,0.0,0.0,0.0,9.0,5.0,1.0,16,105.53999999999999,15.729275362318841,0.7871376811594203,0.375,35.67967145790554,0.646875,1.0,1.0,0.0625,0.5625,1.0,10.0,6.0,0.0,0.0,0.0,0.0,8.0,25.0,0.0,224.0,1626.0,11.0,3.0,,3
00-0021678,2015,veteran,QB,12.871089884490504,33.606377314220055,432.5507031034289,3230.9402534326923,24.098267753636122,10.17316898793096,20.257960940357588,45.993584038921824,0.5682939892070102,2.552521983099161,7.46950641913563,0.05571200689477065,0.26426707500938873,0.09673647994276925,0.028535676740304616,1.2804219868852733e-07,1.4757423010436268e-06,1.3704923054280897e-11,6.003661829127728,208.1884215489262,214.19208337805392,veteran,Tony Romo,QB,4.0,43.16,0.0,0.0,0.0,0.0,4.0,13.0,0.0,121.0,83.0,884.0,5.0,7.0,6.0,1.0,0.0,0.0,2.5,2.5,0.0,0.0,0.0,0.0,0.0,0.0,1.0,1.0,0.0,16,267.3,18.00851485148515,0.9474009900990099,0.9375,35.36208076659822,0.946875,1.0,1.0,0.0,0.0625,0.0,1.0,15.0,0.0,0.0,0.0,0.0,26.0,61.0,0.0,435.0,3705.0,34.0,9.0,,3
00-0022787,2015,veteran,QB,3.5522992904924364,27.199518658454206,96.62083083216267,679.6227112739194,3.907434185335311,2.847092314169946,4.231862227036127,10.70786759691175,0.12735115419512627,0.7079179091898109,7.033914999700976,0.04044090856683695,0.07716471859115782,0.02055032988103892,0.004471961604068479,6.124549399105304e-08,9.193946115738127e-07,1.3705062882994813e-11,0.4153901671595357,37.539518430440445,37.95490859759998,veteran,Matt Schaub,QB,2.0,27.6,0.0,0.0,0.0,0.0,4.0,10.0,0.0,80.0,52.0,540.0,3.0,4.0,3.0,0.0,0.0,0.0,1.0,1.0,0.0,0.0,0.0,0.0,0.0,0.0,1.0,0.0,0.0,16,-3.72,9.964153846153845,0.6788461538461538,0.125,34.18480492813142,0.40625,1.0,1.0,0.0625,0.8125,1.0,14.0,2.0,0.0,0.0,0.0,0.0,0.0,0.0,0.0,10.0,57.0,0.0,2.0,,3
00-0022803,2015,veteran,QB,13.799604108829852,34.425024051911755,475.0517033533279,3399.7957013080218,21.125627981996278,13.781503159835001,20.00155720873107,49.23051051202327,0.6193889719103959,2.7658418296195193,7.1566856350778405,0.04447016573748337,0.24519698500854728,0.087352090810828,0.025157842082052344,1.2711512964006622e-07,1.4688773766188568e-06,1.3704924432080338e-11,5.886126410034308,196.03903488406164,201.92516129409594,veteran,Eli Manning,QB,16.0,299.88,0.0,0.0,0.0,0.0,20.0,61.0,0.0,618.0,387.0,4432.0,35.0,14.0,27.0,4.0,0.0,0.0,12.5,12.5,0.0,0.0,0.0,0.0,0.0,0.0,6.0,3.0,1.0,16,281.0,15.2474375,1.0,1.0,34.65845311430527,1.0,1.0,1.0,0.0,0.0,0.0,0.0,16.0,0.0,0.0,0.0,0.0,12.0,31.0,1.0,601.0,4410.0,30.0,14.0,,3
00-0022924,2015,veteran,QB,13.656862012040218,36.562800444499445,499.33312044429164,3712.638026290655,24.28911074036366,10.568276524643615,24.201245596910347,50.23101491335934,0.6772883192178465,2.8996993184248367,7.435192808735101,0.04864309965810387,0.35530420252696643,0.1473849173601495,0.048515784210266734,1.4552679157701656e-07,1.602064517283337e-06,1.3704898784787996e-11,9.19674523207982,227.81284373358693,237.00958896566675,veteran,Ben Roethlisberger,QB,12.0,247.12,0.0,0.0,-3.0,0.0,15.0,29.0,0.0,469.0,319.0,3938.0,21.0,16.0,20.0,0.0,0.0,0.0,19.0,19.0,0.0,0.0,0.0,0.0,0.0,0.0,8.0,6.0,1.0,16,326.68,19.054405144694535,0.9764871382636656,1.0,33.50034223134839,0.971875,1.0,1.0,0.0,0.0,0.0,0.0,16.0,0.0,0.0,-6.0,0.0,33.0,27.0,0.0,608.0,4952.0,32.0,9.0,,3
00-0022942,2015,veteran,QB,13.841229711703832,34.47640990786822,477.1959091696659,3510.4401812535834,24.066483923568065,12.851275066350082,26.42653540463297,68.21749769740084,0.6999321253475295,2.7588369211889843,7.3563920264149925,0.05043313125932788,0.27516052795640467,0.10227789740905788,0.03057877893601067,5.557349345222937e-07,3.7850744503768537e-06,1.3704644729737756e-11,6.778619968416722,216.4846614911627,223.26328145957945,veteran,Philip Rivers,QB,16.0,302.48,0.0,0.0,0.0,0.0,17.0,28.0,0.0,661.0,437.0,4792.0,29.0,13.0,40.0,2.0,0.0,0.0,18.0,18.0,0.0,0.0,0.0,0.0,0.0,0.0,8.0,4.0,2.0,16,274.14,17.116500000000002,1.0,1.0,33.73032169746749,1.0,1.0,1.0,0.0,0.0,0.0,0.0,16.0,0.0,0.0,0.0,0.0,37.0,102.0,0.0,570.0,4286.0,31.0,18.0,,3
00-0023436,2015,veteran,QB,12.655722846125595,31.27992073289263,395.87000744426695,2780.2396331254504,17.169425029359918,7.7309488602022975,42.59395395312344,212.79843247795745,1.159635777103354,2.4657645981963947,7.023112589596396,0.04337137117359702,0.1493329461733898,0.04588345850780786,0.011544051497362864,0.0002801566969486603,0.00020519201191542908,1.3703464874495852e-11,3.0605863779611275,187.73151643607616,190.7921028140373,veteran,Alex Smith,QB,16.0,273.74,0.0,0.0,0.0,0.0,84.0,498.0,2.0,470.0,307.0,3486.0,20.0,7.0,45.0,0.0,0.0,0.0,2.5,2.5,0.0,0.0,0.0,0.0,0.0,0.0,1.0,1.0,0.0,16,221.0,15.17319298245614,0.9046052631578947,0.9375,31.318275154004105,0.890625,1.0,0.9375,0.0625,0.0,1.0,1.0,15.0,0.0,0.0,0.0,0.0,49.0,254.0,1.0,464.0,3265.0,18.0,6.0,,3
00-0023459,2015,veteran,QB,13.105864551003005,35.16728116977763,460.8976236381442,3537.513747816441,26.777169769584372,8.625162457412598,38.03782061453252,194.12650333911165,1.1767363128801367,2.565834378772093,7.67527009554248,0.058097869019622946,0.346573326143747,0.14207906176584656,0.04628637664165296,0.00014275322203591536,0.00013312726777066957,1.3703592725297028e-11,8.552980470290713,252.70030352981777,261.25328400010847,veteran,Aaron Rodgers,QB,16.0,305.74,0.0,0.0,0.0,0.0,58.0,344.0,1.0,572.0,347.0,3821.0,31.0,8.0,46.0,4.0,0.0,0.0,4.5,4.5,0.0,0.0,0.0,0.0,0.0,0.0,3.0,1.0,0.0,16,367.14,22.14021582733813,0.9150179856115109,1.0,31.748117727583846,0.86875,1.0,1.0,0.0,0.0,0.0,0.0,16.0,0.0,0.0,0.0,0.0,43.0,269.0,2.0,520.0,4381.0,38.0,5.0,,3
00-0023460,2015,veteran,QB,3.261324246419682,20.149542005241692,65.71418989594659,454.42151581484694,2.7436365314090536,1.663640917673585,4.221196415320221,21.411762879271652,0.12635653613414552,0.6589493794824398,6.915120106241723,0.041751051572778926,0.015062665697517824,0.0031287077282687384,0.000503190384237608,2.2066968599502428e-06,9.16946546558634e-06,1.3704383279286369e-11,0.06776402016107,27.405541668650084,27.473305688811156,veteran,,,0.0,0.0,0.0,0.0,0.0,0.0,0.0,0.0,0.0,0.0,0.0,0.0,0.0,0.0,0.0,0.0,0.0,0.0,0.0,0.0,0.0,0.0,0.0,0.0,0.0,0.0,0.0,0.0,0.0,16,1.06,6.8199999999999985,0.4076327433628318,0.25,33.667351129363446,0.353125,1.0,0.5625,0.0,0.75,0.0,12.0,4.0,0.0,0.0,0.0,0.0,1.0,1.0,0.0,19.0,74.0,0.0,0.0,,3
00-0023541,2015,veteran,QB,8.745378886138802,32.82295784264646,287.04920249770436,2013.7452899182053,12.319947759234413,7.095549409935488,11.637141152999558,24.15175694388034,0.37089629271874663,1.7749727464583422,7.015331421916457,0.04291928927875332,0.1843207958636058,0.0599567681707305,0.015911327373699824,4.240018919624254e-08,7.261486995787919e-07,1.3705132608778679e-11,2.676783247726501,116.72911177157872,119.40589501930522,veteran,,,0.0,0.0,0.0,0.0,0.0,0.0,0.0,0.0,0.0,0.0,0.0,0.0,0.0,0.0,0.0,0.0,0.0,0.0,0.0,0.0,0.0,0.0,0.0,0.0,0.0,0.0,0.0,0.0,0.0,16,180.62,14.658639455782312,0.6849489795918368,0.75,32.79671457905544,0.45937500000000003,1.0,0.75,0.0,0.25,0.0,4.0,12.0,0.0,0.0,0.0,0.0,15.0,14.0,1.0,447.0,3018.0,18.0,10.0,,3
00-0023645,2015,veteran,QB,2.872062215543992,16.17213285318568,46.44737171239225,332.5525796330726,2.1279655972925102,1.039943142519115,3.0611735634092767,8.8456788763084,0.09159030288423496,0.5665157346429306,7.159771745369758,0.045814553522406626,0.005649056290837763,0.0010359217819972887,0.00014055834467956784,6.712209724373552e-08,9.750666212295725e-07,1.370504551063529e-11,0.021499066996127057,20.035157525105102,20.05665659210123,veteran,Derek Anderson,QB,3.0,1.24,0.0,0.0,0.0,0.0,7.0,-2.0,0.0,6.0,4.0,36.0,0.0,0.0,0.0,0.0,0.0,0.0,0.0,0.0,0.0,0.0,0.0,0.0,0.0,0.0,0.0,0.0,0.0,16,50.44,7.111392405063291,0.2697784810126583,0.3125,32.2135523613963,0.24687499999999998,1.0,0.3125,0.0,0.6875,0.0,11.0,5.0,0.0,0.0,0.0,0.0,8.0,24.0,0.0,97.0,701.0,5.0,0.0,,3
00-0023662,2015,veteran,QB,2.984403815305264,25.717645701670328,76.75183995273396,538.1073150017812,3.26505626340504,2.3680937698545748,5.333187556175483,17.989559352522967,0.16338845879839908,0.6063350362865579,7.011002150999422,0.04254042985048642,0.0573558010163466,0.014490856352617263,0.002973616761457503,1.4544778424324896e-06,7.017497430971229e-06,1.3704462313385672e-11,0.25382742367824235,31.414946729451838,31.66877415313008,veteran,Matt Cassel,QB,8.0,66.84,0.0,0.0,0.0,0.0,15.0,78.0,0.0,204.0,119.0,1276.0,5.0,7.0,14.0,0.0,0.0,0.0,0.0,0.0,0.0,0.0,0.0,0.0,0.0,0.0,0.0,0.0,0.0,16,22.8,10.102631578947369,0.4539473684210526,0.1875,33.29226557152635,0.35624999999999996,1.0,0.5625,0.0,0.8125,0.0,13.0,3.0,0.0,0.0,0.0,0.0,9.0,18.0,0.0,71.0,425.0,3.0,4.0,,3
00-0023682,2015,veteran,QB,10.211458295515477,29.559293247385295,301.8434902405872,2182.7412280235258,14.028252592118758,8.316041855829065,29.180152214439154,115.65968558495317,0.9600061097803119,2.0375257505924247,7.2313675749102675,0.04647525305560642,0.13162682506592902,0.03920855901498614,0.009573813642679356,3.490553813985955e-05,5.3923248534744805e-05,1.3703859775862731e-11,2.14137426925977,140.0415294937503,142.18290376301005,veteran,Ryan Fitzpatrick,QB,16.0,287.7,0.0,0.0,0.0,0.0,60.0,270.0,2.0,562.0,335.0,3905.0,31.0,15.0,19.0,2.0,0.0,0.0,2.5,2.5,0.0,0.0,0.0,0.0,0.0,0.0,1.0,1.0,0.0,16,182.22,15.008048780487803,0.7820121951219512,0.75,32.76933607118412,0.76875,1.0,1.0,0.0,0.25,0.0,4.0,12.0,0.0,0.0,0.0,0.0,50.0,184.0,2.0,312.0,2483.0,17.0,8.0,,3
00-0024226,2015,veteran,QB,12.421072991042838,34.099728963463654,423.5552224299596,2977.4869007997213,20.048976607850385,12.466720316567274,30.771599490982002,146.15114345170412,0.9409215986507145,2.6493185564911257,7.029748998767422,0.047334976754219445,0.21900786721657797,0.07509974762757884,0.020906574211161995,4.2563035895896436e-05,6.124153928836011e-05,1.3703822170980056e-11,4.640575750545699,189.3239486543483,193.964524404894,veteran,Jay Cutler,QB,15.0,230.96,0.0,0.0,0.0,0.0,38.0,201.0,1.0,483.0,311.0,3659.0,21.0,11.0,29.0,5.0,0.0,0.0,4.5,4.5,0.0,0.0,0.0,0.0,0.0,0.0,3.0,1.0,0.0,16,261.08,16.16514492753623,0.8777173913043478,0.9375,32.342231348391515,0.8625,1.0,0.9375,0.0,0.0625,0.0,1.0,15.0,0.0,0.0,0.0,0.0,39.0,191.0,2.0,561.0,3812.0,28.0,18.0,,3
00-0024264,2015,veteran,QB,1.8485334085213951,19.613598536350104,36.256392155769504,257.39765530095997,1.549706642337573,0.9617726330959094,2.9554401205565433,9.200659942853074,0.08789790727864048,0.37805177305731236,7.099373103509421,0.04274299096500055,0.015010162290332106,0.003116366876613188,0.0005008986901245069,5.820564901071065e-07,3.899150668237764e-06,1.3704635955737268e-11,0.03825159238085707,15.262537407039398,15.300788999420256,veteran,Kellen Clemens,QB,2.0,6.42,0.0,0.0,0.0,0.0,1.0,-1.0,0.0,6.0,5.0,63.0,1.0,0.0,0.0,0.0,0.0,0.0,0.0,0.0,0.0,0.0,0.0,0.0,0.0,0.0,0.0,0.0,0.0,16,0.4,6.707792207792208,0.5056818181818182,0.0625,32.238193018480494,0.24062499999999998,1.0,0.625,0.0,0.9375,0.0,15.0,1.0,0.0,0.0,0.0,0.0,0.0,0.0,0.0,3.0,10.0,0.0,0.0,,3
00-0024296,2015,veteran,QB,4.45451798508148,23.214111958319407,103.40767922602885,738.4448216451781,4.482824825434428,2.325075999021891,8.728640567631778,31.823658808261506,0.25301021816357405,0.8760493093012767,7.141102354991286,0.043350985719695485,0.037332717806160216,0.00880697550611141,0.0016666554519886745,3.3483192317086635e-06,1.1982206235238881e-05,1.370430422434647e-11,0.24008878015045892,45.76726874070609,46.00735752085655,veteran,Charlie Whitehurst,QB,4.0,4.1,0.0,0.0,0.0,0.0,2.0,1.0,0.0,32.0,16.0,150.0,0.0,1.0,5.0,0.0,0.0,0.0,0.0,0.0,0.0,0.0,0.0,0.0,0.0,0.0,0.0,0.0,0.0,16,87.03999999999999,10.724044943820225,0.39536516853932585,0.4375,33.07049965776865,0.278125,1.0,0.4375,0.0,0.5625,0.0,9.0,7.0,0.0,0.0,10.0,0.0,20.0,90.0,0.0,185.0,1326.0,7.0,2.0,,3
00-0025430,2015,veteran,QB,6.287413699402432,25.97624125906882,163.32337515125198,1164.6330434787058,6.638154111524959,3.994526649725341,12.234615685217621,33.69784905157693,0.35309921006143175,1.2328594994996336,7.13084114506054,0.04064423788314096,0.0656880856416695,0.01698963770322252,0.003579973505085238,8.265257084442433e-07,4.883016318706124e-06,1.3704569469658952e-11,0.6183082889313222,68.17154605232439,68.7898543412557,veteran,Drew Stanton,QB,6.0,-1.1400000000000001,0.0,0.0,0.0,0.0,13.0,-13.0,0.0,25.0,11.0,104.0,0.0,2.0,2.0,0.0,0.0,0.0,0.0,0.0,0.0,0.0,0.0,0.0,0.0,0.0,0.0,0.0,0.0,16,95.74,10.637777777777778,0.5625,0.5625,31.318275154004105,0.309375,1.0,0.5625,0.125,0.3125,2.0,7.0,9.0,0.0,0.0,0.0,0.0,25.0,63.0,0.0,240.0,1711.0,7.0,5.0,,3
00-0026143,2015,veteran,QB,13.937111106120106,38.30977975513754,533.9276568983427,3852.1515403634653,23.557463434581845,13.030701905401864,29.81899254439447,125.93355487730807,0.8314877865339918,2.7663573658262477,7.214744339600481,0.04412107732240414,0.37595261151647347,0.16034240385918255,0.054093778747481024,1.091171765415592e-05,2.5570830072532086e-05,1.3704080239442565e-11,10.100266826312845,234.3040790173445,244.40434584365732,veteran,Matt Ryan,QB,16.0,241.94,0.0,0.0,0.0,0.0,36.0,63.0,0.0,614.0,407.0,4591.0,21.0,16.0,30.0,5.0,0.0,0.0,8.0,8.0,0.0,0.0,0.0,0.0,0.0,0.0,5.0,2.0,0.0,16,296.76,18.062625,1.0,1.0,30.29158110882957,1.0,1.0,1.0,0.0,0.0,0.0,0.0,16.0,0.0,0.0,0.0,0.0,29.0,145.0,0.0,628.0,4694.0,28.0,14.0,,3
00-0026158,2015,veteran,QB,13.931873690026478,34.94478600477213,486.84634474349036,3412.674269719164,20.842537408326706,12.563517614415739,28.20086876260084,67.96049279295976,0.9454049444122313,2.6571789972438844,7.00975637707054,0.042811325654110076,0.23951970688574892,0.08463447818145445,0.024199198231460193,5.2947818645057e-07,3.669332852108591e-06,1.3704653906346286e-11,5.779997996721449,201.90420614452347,207.68420414124492,veteran,Joe Flacco,QB,10.0,169.94,0.0,0.0,0.0,0.0,13.0,23.0,3.0,413.0,266.0,2791.0,14.0,12.0,16.0,2.0,0.0,0.0,8.0,8.0,0.0,0.0,0.0,0.0,0.0,0.0,5.0,2.0,0.0,16,267.44,15.4608125,1.0,1.0,30.622861054072555,1.0,1.0,1.0,0.0,0.0,0.0,0.0,16.0,0.0,0.0,0.0,0.0,39.0,70.0,2.0,554.0,3986.0,27.0,12.0,,3
00-0026197,2015,veteran,QB,4.55668034324898,29.252630390696282,133.29488588961348,920.809189816008,5.181145649930127,3.4811278772976744,8.762514615585067,30.57400552647709,0.2590421268411839,0.9019961396397359,6.90806090324099,0.03886980070803939,0.10083189461693126,0.028308134439771898,0.006513488953569747,2.4556803016510482e-06,9.820539089119042e-06,1.3704363009928807e-11,0.7123834794297558,53.40235547218083,54.11473895161058,veteran,,,0.0,0.0,0.0,0.0,0.0,0.0,0.0,0.0,0.0,0.0,0.0,0.0,0.0,0.0,0.0,0.0,0.0,0.0,0.0,0.0,0.0,0.0,0.0,0.0,0.0,0.0,0.0,0.0,0.0,16,30.18,10.911764705882353,0.7144607843137255,0.1875,30.16563997262149,0.478125,1.0,0.9375,0.0,0.8125,0.0,13.0,3.0,0.0,0.0,0.0,0.0,4.0,25.0,0.0,78.0,492.0,3.0,1.0,,3
00-0026349,2015,veteran,QB,5.025392836216764,13.924303519779746,69.97509515760902,494.4743457700385,3.0234540329378765,1.8433428184337877,6.470844239494131,11.649970783667223,0.18816680828848892,1.047196491962034,7.066433345411033,0.04320757301048285,0.0023758698973046807,0.00039205268687259623,4.586368046469773e-05,2.0856948000581885e-08,4.605965260477754e-07,1.3705267129803337e-11,0.015359550700070626,28.38570926985906,28.401068820559132,veteran,,,0.0,0.0,0.0,0.0,0.0,0.0,0.0,0.0,0.0,0.0,0.0,0.0,0.0,0.0,0.0,0.0,0.0,0.0,0.0,0.0,0.0,0.0,0.0,0.0,0.0,0.0,0.0,0.0,0.0,16,-2.3600000000000003,3.3102399999999994,0.4225,0.4375,30.198494182067076,0.39062500000000006,1.0,0.4375,0.0,0.5625,0.0,9.0,7.0,0.0,0.0,0.0,0.0,10.0,-10.0,0.0,16.0,66.0,0.0,1.0,,3
00-0026498,2015,veteran,QB,13.947822468348422,37.57773513425602,524.1275784152219,3720.2534673140453,21.05313305959559,12.79816051166477,33.052222232908626,76.11728703192598,1.1399448445232163,2.834214310295623,7.0979922074751105,0.0401679551441519,0.33224876982202817,0.1335897115181969,0.042785373034664634,9.009758671752646e-07,5.160864245521451e-06,1.3704553117121206e-11,8.622721342505631,216.20931905735532,224.83204039986094,veteran,Matthew Stafford,QB,16.0,296.78000000000003,1.0,1.0,-6.0,0.0,44.0,159.0,1.0,592.0,398.0,4262.0,32.0,13.0,44.0,2.0,0.0,0.0,6.5,6.5,0.0,0.0,0.0,0.0,0.0,0.0,3.0,1.0,1.0,16,257.08,17.114125,1.0,1.0,27.564681724845997,1.0,1.0,1.0,0.0,0.0,0.0,0.0,16.0,0.0,0.0,0.0,0.0,43.0,93.0,2.0,602.0,4257.0,22.0,12.0,,3
00-0026544,2015,veteran,QB,1.0006083552273748,12.711969901816,12.719703295156,90.02307891883218,0.5425854787165516,0.3147502455640307,1.8380310102863209,6.8821827123605415,0.054753274143174505,0.19879043855033576,7.077451166106631,0.042657086106967806,0.0014749822863703787,0.00022984792817438553,2.4788668523955182e-05,2.774690799659548e-06,1.0621118580441418e-05,1.370433985332494e-11,0.001889186509491969,5.760921619485862,5.762810805995354,veteran,Chase Daniel,QB,2.0,-0.04000000000000001,0.0,0.0,0.0,0.0,2.0,-2.0,0.0,2.0,2.0,4.0,0.0,0.0,0.0,0.0,0.0,0.0,0.0,0.0,0.0,0.0,0.0,0.0,0.0,0.0,0.0,0.0,0.0,16,7.780000000000001,3.5381818181818177,0.22386363636363635,0.125,28.90075290896646,0.171875,1.0,0.3125,0.0,0.875,0.0,14.0,2.0,0.0,0.0,0.0,0.0,4.0,15.0,0.0,28.0,157.0,0.0,0.0,,3
00-0026625,2015,veteran,QB,10.523719029920684,29.76771056183288,313.26702211673165,2264.5045613357665,11.973239459735455,8.641961318969493,18.4442392483619,40.35872032074859,0.5289247136352208,2.0498892290166952,7.228672032040295,0.03822055503586939,0.13576164547271308,0.04074067503741584,0.010019931982740229,1.7538919574065061e-07,1.8058947982950228e-06,1.3704863395617954e-11,2.2827567886689373,124.2988595102863,126.58161629895524,veteran,Brian Hoyer,QB,11.0,167.64,0.0,0.0,0.0,0.0,15.0,44.0,0.0,369.0,224.0,2606.0,19.0,7.0,25.0,2.0,0.0,0.0,1.0,1.0,0.0,0.0,0.0,0.0,0.0,0.0,1.0,0.0,0.0,16,159.94,11.505280898876402,0.780196629213483,0.875,29.83436002737851,0.5562500000000001,1.0,0.875,0.0625,0.0625,1.0,2.0,14.0,1.0,0.0,0.0,0.0,24.0,39.0,0.0,438.0,3326.0,12.0,13.0,,3
00-0026898,2015,veteran,QB,7.286107862715699,31.20504706108224,227.36333874816472,1640.2936495419885,9.786929974402964,6.831187124654907,16.612600841653446,41.68833154292216,0.49877293248857857,1.531119358006668,7.214415739024808,0.043045330123531025,0.16680177426330353,0.05276208995869771,0.01364391741760593,1.1304858285331163e-06,5.969783282437018e-06,1.3704510092308498e-11,1.9908767264449385,95.19632366319193,97.18720038963687,veteran,Mark Sanchez,QB,3.0,32.839999999999996,0.0,0.0,0.0,0.0,6.0,22.0,0.0,91.0,59.0,616.0,4.0,4.0,9.0,1.0,0.0,0.0,0.0,0.0,0.0,0.0,0.0,0.0,0.0,0.0,0.0,0.0,0.0,16,144.92,13.59361111111111,0.6796875000000001,0.5625,28.804928131416837,0.45,1.0,0.9375,0.0,0.4375,0.0,7.0,9.0,0.0,0.0,0.0,0.0,34.0,87.0,1.0,309.0,2418.0,14.0,11.0,,3
00-0026993,2015,veteran,QB,3.091720558020882,31.879699320516487,98.56312177276516,690.4606389612627,4.2029072302569555,2.6317888484750207,7.597265083468595,27.529652708750362,0.22579451218596933,0.6221807756971176,7.005263495540479,0.04264178279525941,0.1608976730118124,0.05040447650738631,0.012916531001102885,1.0127132923016704e-05,2.4375371584673997e-05,1.3704094386865854e-11,0.811218439714387,42.0298475751249,42.841066014839285,veteran,Josh Freeman,QB,1.0,10.360000000000001,0.0,0.0,0.0,0.0,8.0,24.0,0.0,28.0,15.0,149.0,1.0,1.0,1.0,0.0,0.0,0.0,0.0,0.0,0.0,0.0,0.0,0.0,0.0,0.0,0.0,0.0,0.0,16,0.0,13.224166666666667,0.75,0.0,27.633127994524298,0.22499999999999998,0.0,1.0,0.0,1.0,0.0,16.0,0.0,0.0,0.0,0.0,0.0,0.0,0.0,0.0,0.0,0.0,0.0,0.0,,3
00-0027253,2015,veteran,QB,0.7786944308052952,28.730692045414646,22.37242988894638,159.19465400920478,0.9527918954440184,0.5609703552583034,1.8284129398049378,5.052034699991526,0.05665863685253601,0.15996072899308786,7.115662214583969,0.04258776986556866,0.10661894485714726,0.030287687267297463,0.007053640613676417,2.0817974849244063e-06,8.832986181432555e-06,1.3704394326232552e-11,0.1293980584008376,9.582246864755849,9.711644923156687,veteran,,,0.0,0.0,0.0,0.0,0.0,0.0,0.0,0.0,0.0,0.0,0.0,0.0,0.0,0.0,0.0,0.0,0.0,0.0,0.0,0.0,0.0,0.0,0.0,0.0,0.0,0.0,0.0,0.0,0.0,16,0.0,11.656363636363638,0.2897727272727273,0.0,27.783709787816566,0.103125,0.0,0.3125,0.0,1.0,0.0,16.0,0.0,0.0,0.0,0.0,0.0,0.0,0.0,0.0,0.0,0.0,0.0,0.0,,3
00-0027659,2015,veteran,QB,1.9682059032052852,13.72239620271119,27.008501212297954,189.0027434148481,1.2111939788795985,0.6870596321325285,2.4557217560037756,8.825582103322757,0.07493657611256885,0.39231657844608664,6.997898251710032,0.04484491639721562,0.0020869417368569276,0.0003390397694876743,3.879394912015431e-05,3.576215097822962e-07,2.852552348554013e-06,1.3704728309335912e-11,0.005270315661323222,11.578310897962778,11.583581213624102,veteran,Jimmy Clausen,QB,4.0,33.160000000000004,0.0,0.0,0.0,0.0,11.0,36.0,0.0,125.0,72.0,739.0,2.0,4.0,7.0,0.0,0.0,0.0,0.0,0.0,0.0,0.0,0.0,0.0,0.0,0.0,0.0,0.0,0.0,16,15.82,3.955,0.25,0.25,26.94318959616701,0.1375,1.0,0.25,0.0625,0.6875,1.0,12.0,4.0,0.0,0.0,0.0,0.0,3.0,9.0,0.0,48.0,223.0,2.0,1.0,,3
00-0027688,2015,veteran,QB,2.9653795595398824,19.89291373988035,58.990039783931266,429.7051819122568,2.5231752672218972,1.488069863579127,5.469130998825938,18.237934616420304,0.17225462169349218,0.5940991444687149,7.284368403313188,0.04277290329797682,0.018514989962966907,0.0039531045727349235,0.0006593054525527613,1.6037315158941293e-06,7.47143562250562e-06,1.3704443792202445e-11,0.07643582706896919,25.973891521085164,26.050327348154134,veteran,Colt McCoy,QB,2.0,8.82,0.0,0.0,0.0,0.0,3.0,-3.0,0.0,11.0,7.0,128.0,1.0,0.0,1.0,0.0,0.0,0.0,0.0,0.0,0.0,0.0,0.0,0.0,0.0,0.0,0.0,0.0,0.0,16,65.38000000000001,9.081463414634147,0.27134146341463417,0.3125,28.98836413415469,0.25625,1.0,0.3125,0.0,0.6875,0.0,11.0,5.0,0.0,0.0,0.0,0.0,16.0,66.0,1.0,128.0,1057.0,4.0,3.0,,3
00-0027854,2015,veteran,QB,3.2350213732196478,33.47697920409082,108.29874323606347,756.6528403179424,4.877935863120041,2.5846207131934587,7.455388940070889,22.752731764380542,0.22368182936139136,0.6446632793238198,6.9867185685491595,0.04504148171403423,0.19728175268725487,0.0654736282795582,0.017697000644156722,3.0985227037102557e-06,1.1400687316022511e-05,1.3704318924397961e-11,1.0704892635174181,46.93665323276971,48.00714249628712,veteran,Sam Bradford,QB,14.0,202.9,0.0,0.0,0.0,0.0,26.0,39.0,0.0,532.0,346.0,3725.0,19.0,14.0,28.0,3.0,0.0,0.0,8.0,8.0,0.0,0.0,0.0,0.0,0.0,0.0,5.0,2.0,0.0,16,0.0,15.904666666666666,0.7375,0.0,27.813826146475016,0.28125,0.0,1.0,0.0,1.0,0.0,16.0,0.0,0.0,0.0,0.0,0.0,0.0,0.0,0.0,0.0,0.0,0.0,0.0,,3
00-0027939,2015,veteran,QB,12.444581285532207,33.06757938574715,411.5121795817196,2937.9019018070244,17.987127388444698,10.801005469162162,70.85695977213219,360.3011266247633,2.666473396641922,2.547754644396548,7.1392829849975445,0.0437098299416743,0.20530484505958702,0.06897267486913222,0.018850063703771527,0.00526761862294743,0.0013510214059970944,1.3702907698434855e-11,4.40237187302361,214.7960184412702,219.19839031429382,veteran,Cam Newton,QB,16.0,393.08,0.0,0.0,0.0,0.0,132.0,636.0,10.0,495.0,296.0,3837.0,35.0,10.0,33.0,4.0,0.0,1.0,3.0,4.0,0.0,0.0,0.0,1.0,0.0,0.0,3.0,0.0,0.0,16,250.98,18.57422818791946,0.9354026845637585,0.875,26.308008213552363,0.93125,1.0,1.0,0.0625,0.0625,1.0,2.0,14.0,0.0,0.0,0.0,0.0,103.0,539.0,5.0,448.0,3127.0,18.0,12.0,,3
00-0027946,2015,veteran,QB,5.607693740657422,24.881965813456446,139.53044394737168,983.5750984726227,5.859387118992639,4.1024491405471615,18.437851155722957,110.00951951753794,0.6006198892705369,1.129956946635844,7.049179165828564,0.04199361052131886,0.04985952714811612,0.012307798018986658,0.0024587397675287564,0.0006400686700044379,0.00034869111157511594,1.3703308167069565e-11,0.41722255905147027,66.92041152788647,67.33763408693794,veteran,,,0.0,0.0,0.0,0.0,0.0,0.0,0.0,0.0,0.0,0.0,0.0,0.0,0.0,0.0,0.0,0.0,0.0,0.0,0.0,0.0,0.0,0.0,0.0,0.0,0.0,0.0,0.0,0.0,0.0,16,63.92,11.279473684210526,0.4917763157894736,0.4375,27.211498973305954,0.4750000000000001,1.0,0.6875,0.0,0.5625,0.0,9.0,7.0,0.0,0.0,0.0,0.0,22.0,142.0,1.0,146.0,993.0,5.0,7.0,,3
00-0027948,2015,veteran,QB,1.1963211387932176,22.30905530594193,26.68879444900532,185.53374866327243,1.1373117147703518,0.7601400373475494,2.4817959987259997,8.821271818254967,0.07423818192180207,0.24061169373467622,6.951747071894706,0.042613828696662574,0.026419116909641948,0.0059247556987293065,0.0010527933234924032,3.918338209114528e-06,1.325395437232138e-05,1.370427441796436e-11,0.044785043171766084,11.296649616804162,11.341434659975928,veteran,Blaine Gabbert,QB,8.0,133.24,0.0,0.0,0.0,0.0,32.0,185.0,1.0,282.0,178.0,2031.0,10.0,7.0,25.0,1.0,0.0,0.0,3.5,3.5,0.0,0.0,0.0,0.0,0.0,0.0,2.0,1.0,0.0,16,6.02,7.222033898305084,0.3866525423728813,0.0625,25.87816563997262,0.184375,1.0,0.625,0.0,0.9375,0.0,15.0,1.0,0.0,0.0,0.0,0.0,1.0,5.0,0.0,7.0,38.0,1.0,0.0,,3
00-0027950,2015,veteran,QB,3.5122226543217034,26.698671970936598,93.7716805366274,647.098907921176,3.71569797189069,2.6372609316804154,10.520275274343508,42.715056709067454,0.38061525603887003,0.7238473028379879,6.900792480395165,0.03962494807202833,0.06394553341892871,0.01646093490295901,0.0034502565210330284,5.057830707568158e-05,6.841093966911981e-05,1.3703789458311269e-11,0.3360868461160189,40.57972894251296,40.915815788628976,veteran,,,0.0,0.0,0.0,0.0,0.0,0.0,0.0,0.0,0.0,0.0,0.0,0.0,0.0,0.0,0.0,0.0,0.0,0.0,0.0,0.0,0.0,0.0,0.0,0.0,0.0,0.0,0.0,0.0,0.0,16,12.48,11.032258064516128,0.6542338709677419,0.125,27.515400410677618,0.38749999999999996,1.0,1.0,0.0,0.875,0.0,14.0,2.0,0.0,0.0,0.0,0.0,4.0,16.0,1.0,44.0,222.0,0.0,2.0,,3
00-0027973,2015,veteran,QB,13.949368822045983,33.42551276267977,466.2648055926253,3316.905022781424,21.32838283159339,14.21738288458698,39.611687047394405,109.6037950136005,1.4301360230939129,2.7687903824307334,7.1137795154099575,0.04574306826457745,0.21167203408986382,0.07179582066371899,0.019791770703859925,5.382952531139244e-06,1.6249531245876266e-05,1.3704214207898657e-11,5.007531359920085,203.55858134351863,208.5661127034387,veteran,Andy Dalton,QB,13.0,249.70000000000002,0.0,0.0,0.0,0.0,57.0,142.0,3.0,386.0,255.0,3250.0,25.0,7.0,20.0,2.0,0.0,0.0,5.5,5.5,0.0,0.0,0.0,0.0,0.0,0.0,4.0,1.0,0.0,16,228.12,15.785062499999999,1.0,1.0,27.84120465434634,1.0,1.0,1.0,0.0,0.0,0.0,0.0,16.0,1.0,1.0,18.0,1.0,60.0,169.0,4.0,481.0,3398.0,19.0,17.0,,3
00-0027974,2015,veteran,QB,13.75565902804967,30.192525921661705,415.31809177392955,2992.2652241351384,18.206580362650886,9.428464169443597,71.45287891342177,409.98580041892353,2.0478616190935384,2.863331052087986,7.204755302988151,0.043837677007726616,0.1427433046590742,0.04336447450676831,0.010792470336988692,0.006168140420157145,0.0014956526484285716,1.3702877607880085e-11,3.2709110679657094,221.21908972939949,224.49000079736518,veteran,Colin Kaepernick,QB,9.0,112.2,0.0,0.0,0.0,0.0,45.0,256.0,1.0,244.0,144.0,1615.0,6.0,5.0,28.0,1.0,0.0,0.0,2.0,2.0,0.0,0.0,0.0,0.0,0.0,0.0,2.0,0.0,0.0,16,254.16,15.87337620578778,0.9764871382636656,1.0,27.82751540041068,0.971875,1.0,1.0,0.0,0.0,0.0,0.0,16.0,0.0,0.0,0.0,0.0,104.0,639.0,1.0,478.0,3369.0,19.0,10.0,,3
00-0028012,2015,veteran,QB,1.1994903281239484,19.15719837653048,22.978874166600118,160.38932855603116,0.9893383132006874,0.6023193764161994,1.2657260050821093,2.1674606391424174,0.0381164608613232,0.23923476067985225,6.979860170397629,0.0430542552271205,0.012119100369927025,0.0024468445615236363,0.00037884603569088694,8.095453063824655e-09,2.5095401203189275e-07,1.3705446574813911e-11,0.019848498838227,9.135262949934075,9.155111448772303,veteran,Ryan Mallett,QB,7.0,70.94,0.0,0.0,0.0,0.0,5.0,15.0,1.0,244.0,136.0,1336.0,5.0,6.0,6.0,0.0,0.0,0.0,0.0,0.0,0.0,0.0,0.0,0.0,0.0,0.0,0.0,0.0,0.0,16,19.799999999999997,5.027142857142857,0.1875,0.1875,27.238877481177276,0.13125,1.0,0.1875,0.0,0.8125,0.0,13.0,3.0,0.0,0.0,0.0,0.0,6.0,-2.0,0.0,75.0,400.0,2.0,2.0,,3
00-0028595,2015,veteran,QB,0.19719208622810314,27.930532407553738,5.507679954907165,39.62374176987791,0.23491003135778057,0.15363121185407652,0.4727326550559302,2.566111227685485,0.015045578441719271,0.03961564884528284,7.194270926104636,0.04265135833618715,0.09811545245905975,0.027390014840636256,0.006265485345405865,7.209955497899469e-05,8.588524908016305e-05,1.3703722240193538e-11,0.029959861571196757,2.4849806682463838,2.5149405298175807,veteran,Scott Tolzien,QB,2.0,-0.13999999999999999,0.0,0.0,0.0,0.0,3.0,-3.0,0.0,1.0,1.0,4.0,0.0,0.0,1.0,0.0,0.0,0.0,0.0,0.0,0.0,0.0,0.0,0.0,0.0,0.0,0.0,0.0,0.0,16,0.0,11.726666666666667,0.1875,0.0,27.991786447638603,0.056249999999999994,0.0,0.1875,0.0,1.0,0.0,16.0,0.0,0.0,0.0,0.0,0.0,0.0,0.0,0.0,0.0,0.0,0.0,0.0,,3
00-0028957,2015,veteran,QB,6.301613676112133,29.78869405646396,187.7168418597335,1334.200629962546,8.26692615650231,5.169771162251653,11.93548043076411,32.55140238572041,0.3523683436048369,1.2971530803962859,7.107516921467774,0.0440393417798897,0.1258824186023304,0.0371069182629079,0.008968000664055458,6.936692427662771e-07,4.363709730853159e-06,1.3704602694460407e-11,1.257083936344067,78.87123163941627,80.12831557576033,veteran,Austin Davis,QB,3.0,19.18,0.0,0.0,0.0,0.0,7.0,33.0,0.0,94.0,56.0,547.0,1.0,3.0,11.0,2.0,0.0,0.0,0.0,0.0,0.0,0.0,0.0,0.0,0.0,0.0,0.0,0.0,0.0,16,111.14,12.348888888888888,0.5625,0.5625,26.247775496235455,0.309375,1.0,0.5625,0.0,0.4375,0.0,7.0,9.0,0.0,0.0,0.0,0.0,16.0,36.0,0.0,284.0,2001.0,12.0,9.0,,3
00-0028986,2015,veteran,QB,1.811310627768719,30.982847069429727,56.11956017539097,392.7630971974303,2.3414928348439146,1.4291685219575603,4.17787943567651,16.55255232441256,0.12809064026389236,0.37067308757608763,6.99868452229355,0.04172329269021399,0.14066790461620754,0.04257967736869447,0.010560282055561214,1.1557864088604366e-05,2.6532367795843107e-05,1.3704069332232143e-11,0.4088297285449144,23.900611082230185,24.3094408107751,veteran,Case Keenum,QB,5.0,43.620000000000005,0.0,0.0,0.0,0.0,12.0,5.0,0.0,125.0,76.0,828.0,4.0,1.0,4.0,2.0,0.0,0.0,0.0,0.0,0.0,0.0,0.0,0.0,0.0,0.0,0.0,0.0,0.0,16,22.900000000000002,12.692857142857145,0.3821428571428571,0.125,27.537303216974674,0.21875,1.0,0.5,0.0,0.875,0.0,14.0,2.0,0.0,0.0,0.0,0.0,10.0,35.0,0.0,77.0,435.0,2.0,2.0,,3
00-0029151,2015,veteran,QB,0.0,12.077869108703622,0.0,0.0,0.0,0.0,0.0,0.0,0.0,0.0,7.078119164972099,0.04423544140254914,9.357622968839299e-14,9.357622968839299e-14,9.357622968839299e-14,2.3599534873612555e-11,5.9262594036056716e-09,1.3706553544212506e-11,0.0,0.0,0.0,veteran,,,0.0,0.0,0.0,0.0,0.0,0.0,0.0,0.0,0.0,0.0,0.0,0.0,0.0,0.0,0.0,0.0,0.0,0.0,0.0,0.0,0.0,0.0,0.0,0.0,0.0,0.0,0.0,0.0,0.0,16,1.76,2.724137931034482,0.14008620689655174,0.0625,26.926762491444215,0.090625,1.0,0.1875,0.0,0.9375,0.0,15.0,1.0,0.0,0.0,0.0,0.0,1.0,2.0,0.0,8.0,39.0,0.0,0.0,,3
00-0029263,2015,veteran,QB,13.939868314100679,31.42310079963624,438.03388716764096,3261.7598955341145,21.373358974814444,9.673835814316941,82.9488469297355,512.4234703151567,2.718164098894265,2.716668528705056,7.446364290728491,0.04879384814954875,0.1976221979597023,0.06562079143680065,0.017745178740675212,0.019250841701929828,0.0031259442862127777,1.3702659329258109e-11,4.955393188358927,258.7341546594597,263.68954784781863,veteran,Russell Wilson,QB,16.0,337.26,0.0,0.0,0.0,0.0,103.0,553.0,1.0,483.0,329.0,4024.0,34.0,8.0,45.0,3.0,0.0,0.0,1.0,1.0,0.0,0.0,0.0,0.0,0.0,0.0,1.0,0.0,0.0,16,333.09999999999997,19.156375,1.0,1.0,26.754277891854894,1.0,1.0,1.0,0.0,0.0,0.0,0.0,16.0,1.0,1.0,17.0,0.0,118.0,849.0,6.0,452.0,3475.0,20.0,7.0,,3
00-0029531,2015,veteran,QB,1.554847985304634,25.3228285166874,39.37314890138614,271.3754793641651,1.5559497878386839,1.1298368659251454,1.652568692859299,5.958149526299391,0.050675269486880364,0.3120720320164429,6.892399692080794,0.03951804291131783,0.0486226254136157,0.011953728207881854,0.0023766521711481615,1.747658619781592e-07,1.8017739328275528e-06,1.370486407067254e-11,0.11087527617991838,15.094867099589385,15.205742375769303,veteran,Ryan Lindley,QB,1.0,6.32,0.0,0.0,0.0,0.0,0.0,0.0,0.0,10.0,6.0,58.0,1.0,0.0,0.0,0.0,0.0,0.0,0.0,0.0,0.0,0.0,0.0,0.0,0.0,0.0,0.0,0.0,0.0,16,23.48,5.874901960784315,0.2536764705882353,0.1875,26.193018480492814,0.159375,1.0,0.375,0.0,0.8125,0.0,13.0,3.0,0.0,0.0,0.0,0.0,0.0,0.0,0.0,93.0,562.0,2.0,4.0,,3
00-0029567,2015,veteran,QB,7.01184281488498,32.89793737290952,230.67516579277165,1679.4103441121076,11.12748187505036,5.595854299551857,18.333462335285905,69.89872739680553,0.5736985951947721,1.4491439461428475,7.28041242905539,0.04823875095876943,0.21823475603185344,0.07474894684428553,0.020787561762466766,1.8039289603803925e-05,3.530472885328387e-05,1.3703984926981129e-11,2.6084356516512592,108.02840908414552,110.63684473579679,veteran,Nick Foles,QB,11.0,96.08,0.0,0.0,0.0,0.0,17.0,20.0,1.0,337.0,190.0,2052.0,7.0,10.0,14.0,2.0,0.0,0.0,0.0,0.0,0.0,0.0,0.0,0.0,0.0,0.0,0.0,0.0,0.0,16,126.82000000000001,17.521069518716576,0.6233288770053474,0.5,26.611909650924023,0.5843750000000001,1.0,0.8125,0.5,0.0,8.0,8.0,8.0,0.0,0.0,0.0,0.0,16.0,68.0,0.0,311.0,2163.0,13.0,10.0,,3
00-0029604,2015,veteran,QB,3.986712110783774,29.71419158904214,118.46192747018365,860.1650635640407,5.276718835195689,3.7693319429556427,5.48796291571176,19.213922920044205,0.16450357197094234,0.82036502504161,7.261109809145562,0.044543584153008284,0.13745654515212286,0.04137338785603199,0.010205245729627551,5.00322271683809e-07,3.5383725894534916e-06,1.3704664645288725e-11,0.8768092608562367,49.242497671179954,50.11930693203619,veteran,Kirk Cousins,QB,16.0,301.94,0.0,0.0,0.0,0.0,26.0,48.0,5.0,543.0,379.0,4166.0,29.0,11.0,26.0,3.0,0.0,0.0,8.5,8.5,0.0,0.0,0.0,0.0,0.0,0.0,7.0,1.0,0.0,16,95.39999999999999,13.021714285714282,0.3410714285714285,0.375,27.033538672142367,0.32812500000000006,1.0,0.375,0.0,0.625,0.0,10.0,6.0,0.0,0.0,0.0,0.0,7.0,20.0,0.0,204.0,1710.0,10.0,9.0,,3
00-0029665,2015,veteran,QB,8.286286586777694,29.12970544895304,241.37708753844467,1758.8221532151783,9.357316732993525,6.070013992816143,40.43583217142971,215.36135766702319,1.1640567063691054,1.7426816718803764,7.286616021228804,0.03876638345594075,0.12737539784269633,0.03765013063367056,0.009123896043985611,0.002929645731909719,0.0009261885434670204,1.370301936829445e-11,1.7104330240528547,120.67723773610516,122.38767076015802,veteran,,,0.0,0.0,0.0,0.0,0.0,0.0,0.0,0.0,0.0,0.0,0.0,0.0,0.0,0.0,0.0,0.0,0.0,0.0,0.0,0.0,0.0,0.0,0.0,0.0,0.0,0.0,0.0,0.0,0.0,16,88.35999999999999,14.561171171171171,0.7263513513513514,0.5625,25.54962354551677,0.69375,1.0,0.9375,0.3125,0.125,5.0,7.0,9.0,0.0,0.0,0.0,0.0,38.0,176.0,1.0,214.0,1694.0,4.0,6.0,,3
00-0029668,2015,veteran,QB,13.92728317061796,38.37933577379372,534.5198772218531,3851.712051014427,26.592986655054712,13.049004355505927,51.60797048592357,232.5042866807407,1.8656596566494676,2.9227005601342855,7.205928563468126,0.04975116508907163,0.37669813631814586,0.16082124109665372,0.05430354633402702,0.00026963030110570865,0.00020021078283321853,1.3703472137086715e-11,10.126625601513451,262.94140543748637,273.06803103899983,veteran,Andrew Luck,QB,7.0,132.84,0.0,0.0,0.0,0.0,33.0,196.0,0.0,293.0,162.0,1881.0,15.0,12.0,15.0,1.0,0.0,0.0,2.0,2.0,0.0,0.0,0.0,0.0,0.0,0.0,2.0,0.0,0.0,16,374.24,21.14375,1.0,1.0,25.968514715947983,1.0,1.0,1.0,0.0,0.0,0.0,0.0,16.0,0.0,0.0,0.0,0.0,64.0,273.0,3.0,616.0,4761.0,40.0,16.0,,3
00-0029677,2015,veteran,QB,4.221145928636746,26.280945969762296,110.93570808098441,775.0210815463919,4.635987458097863,3.203603402576098,5.829506649491845,17.07610060532155,0.17041253147052454,0.8370177792831535,6.986218368756587,0.0417898577319535,0.06284191962949005,0.016127751011801222,0.00336889291155688,2.2315725578020397e-07,2.107728892011075e-06,1.3704817725853707e-11,0.39583676381118893,44.193635979883915,44.589472743695104,veteran,Brandon Weeden,QB,6.0,66.42,0.0,0.0,0.0,0.0,16.0,47.0,1.0,140.0,97.0,1043.0,5.0,2.0,10.0,1.0,0.0,0.0,0.0,0.0,0.0,0.0,0.0,0.0,0.0,0.0,0.0,0.0,0.0,16,20.02,9.367591240875914,0.5634124087591241,0.25,31.88227241615332,0.428125,1.0,0.9375,0.0,0.75,0.0,12.0,4.0,0.0,0.0,0.0,0.0,6.0,-1.0,0.0,41.0,303.0,3.0,2.0,,3
00-0029701,2015,veteran,QB,13.943849829556282,35.517447938641595,495.2499603855017,3437.129831416017,21.092820457595167,12.185266843296894,46.35633284459368,237.7211264355036,1.3365632299497754,2.8140799653555506,6.940192037048446,0.04259025168053835,0.24571688649303808,0.08760268663401234,0.025246685497343442,0.0003016168149986049,0.0002151444185415804,1.370345087749164e-11,5.971295021170837,223.6492734929655,229.62056851413635,veteran,Ryan Tannehill,QB,16.0,268.32,1.0,1.0,9.0,0.0,32.0,141.0,1.0,586.0,363.0,4208.0,24.0,12.0,45.0,3.0,0.0,0.0,10.5,10.5,0.0,0.0,0.0,0.0,0.0,0.0,6.0,3.0,0.0,16,282.5,16.029687499999998,1.0,1.0,27.096509240246405,1.0,1.0,1.0,0.0,0.0,0.0,0.0,16.0,1.0,1.0,-4.0,0.0,56.0,311.0,1.0,590.0,4045.0,27.0,12.0,,3
00-0030024,2015,veteran,QB,0.0,24.308502918943926,0.0,0.0,0.0,0.0,0.0,0.0,0.0,0.0,7.068931409214329,0.043745905311185745,9.357622968839299e-14,9.357622968839299e-14,9.357622968839299e-14,2.3599534873612555e-11,5.9262594036056716e-09,1.3706553544212506e-11,0.0,0.0,0.0,veteran,,,0.0,0.0,0.0,0.0,0.0,0.0,0.0,0.0,0.0,0.0,0.0,0.0,0.0,0.0,0.0,0.0,0.0,0.0,0.0,0.0,0.0,0.0,0.0,0.0,0.0,0.0,0.0,0.0,0.0,16,0.0,6.029999999999999,0.125,0.0,24.550308008213552,0.0375,0.0,0.125,0.0,1.0,0.0,16.0,0.0,0.0,0.0,0.0,0.0,0.0,0.0,0.0,0.0,0.0,0.0,0.0,,3
00-0030419,2015,veteran,QB,1.0180221688719713,25.833669078550237,26.29924782526649,188.18262331182592,1.1604329225044379,0.7752804895162966,1.742571481139438,5.2436274002101655,0.052500629136351,0.2042036171923331,7.1554374696234895,0.04412418675296008,0.06501327895118694,0.016784516939353344,0.00352955949985438,6.843241204910704e-07,4.325896632043995e-06,1.3704605266127133e-11,0.09900911685791396,11.049434923912651,11.148444040770565,veteran,Matt McGloin,QB,2.0,9.68,0.0,0.0,0.0,0.0,0.0,0.0,0.0,32.0,23.0,142.0,2.0,1.0,2.0,1.0,0.0,0.0,0.0,0.0,0.0,0.0,0.0,0.0,0.0,0.0,0.0,0.0,0.0,16,5.46,10.029056603773585,0.3596698113207547,0.0625,25.746748802190282,0.16562500000000002,1.0,0.4375,0.0,0.9375,0.0,15.0,1.0,0.0,0.0,0.0,0.0,2.0,3.0,0.0,19.0,129.0,1.0,2.0,,3
00-0030520,2015,veteran,QB,5.500543810101362,31.04012607668326,170.737573355866,1186.7475413411955,7.804859045325241,4.373105177841795,11.480495396314202,33.95226117448211,0.3315618162477783,1.1029292888409945,6.9507110708881505,0.045712603804305446,0.13743572673113086,0.04136559972431445,0.010202960871202755,1.6321525015056236e-06,7.556127298390908e-06,1.3704440461600025e-11,1.2095861648503308,73.12186591651809,74.33145208136843,veteran,,,0.0,0.0,0.0,0.0,0.0,0.0,0.0,0.0,0.0,0.0,0.0,0.0,0.0,0.0,0.0,0.0,0.0,0.0,0.0,0.0,0.0,0.0,0.0,0.0,0.0,0.0,0.0,0.0,0.0,16,91.58,13.57986111111111,0.6119791666666666,0.375,25.71937029431896,0.45,1.0,0.8125,0.0,0.625,0.0,10.0,6.0,0.0,0.0,0.0,0.0,10.0,49.0,0.0,203.0,1417.0,10.0,6.0,,3
00-0030526,2015,veteran,QB,3.47870253263516,29.898486178811538,104.00793959218903,722.1763794789088,4.404031100067128,2.7052584669916935,11.318025045889312,37.8252258640968,0.36305227578605465,0.6996028647484822,6.943473568561529,0.04234322030928751,0.11471905146854075,0.03311215544151229,0.007836739025615385,2.8242475165658693e-05,4.7070656457042976e-05,1.3703899935923542e-11,0.6267216956532059,45.65429315707052,46.28101485272372,veteran,EJ Manuel,QB,4.0,38.84,0.0,0.0,0.0,0.0,17.0,64.0,1.0,84.0,52.0,561.0,3.0,3.0,6.0,1.0,0.0,0.0,0.0,0.0,0.0,0.0,0.0,0.0,0.0,0.0,0.0,0.0,0.0,16,58.72,13.911538461538461,0.4663461538461538,0.25,25.453798767967147,0.325,1.0,0.625,0.0,0.75,0.0,12.0,4.0,0.0,0.0,0.0,0.0,16.0,52.0,1.0,131.0,838.0,5.0,3.0,,3
00-0030533,2015,veteran,QB,0.0,11.203082320046494,0.0,0.0,0.0,0.0,0.0,0.0,0.0,0.0,7.102808329365674,0.043221091968402306,9.357622968839299e-14,9.357622968839299e-14,9.357622968839299e-14,2.3599534873612555e-11,5.9262594036056716e-09,1.3706553544212506e-11,0.0,0.0,0.0,veteran,,,0.0,0.0,0.0,0.0,0.0,0.0,0.0,0.0,0.0,0.0,0.0,0.0,0.0,0.0,0.0,0.0,0.0,0.0,0.0,0.0,0.0,0.0,0.0,0.0,0.0,0.0,0.0,0.0,0.0,16,0.0,0.3724137931034484,0.14008620689655174,0.0625,24.980150581793293,0.090625,1.0,0.1875,0.0,0.9375,0.0,15.0,1.0,0.0,0.0,0.0,0.0,3.0,0.0,0.0,1.0,0.0,0.0,0.0,,3
00-0030565,2015,veteran,QB,11.845796948970051,27.410745074696276,324.702120374833,2278.899140205343,12.550919676011066,10.545320878970982,46.186942962830244,195.12758828690323,1.5154266670256529,2.4145630782916254,7.01843011549972,0.03865364248783595,0.07930416414863725,0.0212289166942107,0.004645389809857117,0.0002510627879847856,0.00019125095664747823,1.370348566725978e-11,1.433060188625323,144.04519522857703,145.47825541720235,veteran,Geno Smith,QB,1.0,20.0,0.0,0.0,0.0,0.0,2.0,34.0,0.0,42.0,27.0,265.0,2.0,1.0,3.0,0.0,0.0,0.0,0.0,0.0,0.0,0.0,0.0,0.0,0.0,0.0,0.0,0.0,0.0,16,154.3,11.474960000000001,0.9230000000000002,0.875,24.892539356605067,0.78125,1.0,1.0,0.0,0.125,0.0,2.0,14.0,1.0,0.0,0.0,0.0,59.0,238.0,1.0,367.0,2525.0,13.0,13.0,,3
00-0031237,2015,veteran,QB,9.672064436186986,29.460964573266043,284.9483477048512,2041.7594872971283,11.676067506818564,7.775237328408727,36.81313021307012,154.15043800667593,1.0867696552015498,1.8721822678888254,7.1653669998184295,0.040976084265323086,0.12414715863276239,0.036478207261203884,0.00878817562994663,0.00021060304928126393,0.0001708565074627984,1.370351899039687e-11,1.9045040457772426,131.01547205844116,132.9199761042184,veteran,Teddy Bridgewater,QB,16.0,202.44,0.0,0.0,0.0,0.0,44.0,192.0,3.0,447.0,292.0,3231.0,14.0,9.0,44.0,3.0,0.0,0.0,2.0,2.0,0.0,0.0,0.0,0.0,0.0,0.0,2.0,0.0,0.0,16,182.66,14.050769230769232,0.8125,0.8125,22.806297056810404,0.446875,1.0,0.8125,0.0,0.1875,0.0,3.0,13.0,0.0,0.0,0.0,0.0,47.0,209.0,1.0,402.0,2919.0,14.0,12.0,,3
00-0031266,2015,veteran,QB,4.511043274642345,24.50062723614009,110.52338971810883,803.7512669957877,4.9601978910619104,3.164766399064568,7.10330105578887,19.30115465986845,0.21565312522331545,0.9198869825051816,7.27222779762514,0.044879169049311204,0.0540031636541302,0.013506709239423369,0.0027396906260449996,2.881634490191975e-07,2.483454818030935e-06,1.3704769253542564e-11,0.35974046347305794,47.04556969826639,47.40531016173945,veteran,Zach Mettenberger,QB,7.0,42.2,0.0,0.0,0.0,0.0,9.0,8.0,1.0,166.0,101.0,935.0,4.0,7.0,13.0,2.0,0.0,0.0,0.0,0.0,0.0,0.0,0.0,0.0,0.0,0.0,0.0,0.0,0.0,16,71.88,10.268571428571429,0.4375,0.4375,24.128678986995208,0.24062500000000003,1.0,0.4375,0.125,0.4375,2.0,9.0,7.0,0.0,0.0,0.0,0.0,5.0,4.0,0.0,179.0,1412.0,8.0,7.0,,3
00-0031280,2015,veteran,QB,12.33864503915095,33.516663520065734,413.5502140707507,2672.968508882724,16.574528553926033,9.557013850237054,33.83111187403689,108.307008083933,0.9666452063372223,2.5224919301689557,6.463467840027352,0.04007863613653079,0.1400545668360709,0.042348531595856775,0.01049207638572083,9.417246547450717e-06,2.326479502179194e-05,1.3704108165819076e-11,2.7713316282043734,165.6884150566177,168.45974668482208,veteran,Derek Carr,QB,16.0,278.78000000000003,0.0,0.0,0.0,0.0,33.0,138.0,0.0,573.0,350.0,3987.0,32.0,13.0,31.0,3.0,0.0,0.0,7.5,7.5,0.0,0.0,0.0,0.0,0.0,0.0,6.0,1.0,0.0,16,193.0,12.0625,1.0,1.0,24.42984257357974,0.55,1.0,1.0,0.0,0.0,0.0,0.0,16.0,1.0,0.0,0.0,0.0,29.0,92.0,0.0,599.0,3270.0,21.0,12.0,,3
00-0031407,2015,veteran,QB,10.576978324123267,30.932883919621386,327.1764427204566,2215.5337994262927,11.691581259754555,9.772623394286494,51.44659776185094,348.10244939764294,1.3748153971896577,2.0746434783388126,6.771678856228872,0.03573478934650555,0.11969199648344493,0.03487710390137704,0.00833320675586768,0.010573812160056798,0.0021183364568886434,1.3702774587338528e-11,2.141048885282232,154.75228059372154,156.89332947900377,veteran,Blake Bortles,QB,16.0,325.12,0.0,0.0,0.0,0.0,52.0,310.0,2.0,606.0,355.0,4428.0,35.0,18.0,51.0,5.0,0.0,0.0,9.0,9.0,0.0,0.0,0.0,0.0,0.0,0.0,6.0,2.0,0.0,16,169.22,12.087142857142856,0.875,0.875,23.709787816564,0.48125000000000007,1.0,0.875,0.0,0.125,0.0,2.0,14.0,0.0,0.0,0.0,0.0,56.0,419.0,0.0,475.0,2908.0,11.0,17.0,,3
00-0031409,2015,veteran,QB,1.8510325368954403,10.77260251738207,19.94043776671594,140.6188545392784,0.8523690160093695,0.5464694291208995,4.244428365043451,14.639917395844416,0.1374870320261905,0.3689607628371474,7.0519442042539175,0.04274575242435859,0.0005996032767607346,8.392567019442858e-05,7.765203680383118e-06,5.563443969634793e-06,1.6597064342137785e-05,1.3704207954953999e-11,0.0014280369088754494,9.492283793434103,9.493711830342978,veteran,Johnny Manziel,QB,9.0,98.5,0.0,0.0,0.0,0.0,37.0,230.0,0.0,223.0,129.0,1500.0,7.0,5.0,19.0,3.0,0.0,1.0,2.5,3.5,0.0,0.0,0.0,1.0,0.0,0.0,1.0,1.0,0.0,16,11.9,2.975,0.25,0.25,22.73511293634497,0.1375,1.0,0.25,0.0625,0.6875,1.0,12.0,4.0,0.0,0.0,0.0,0.0,9.0,29.0,1.0,35.0,175.0,0.0,2.0,,3
00-0031503,2015,rookie,QB,16.0,33.342468249555466,533.4794919928875,3594.8638023313138,18.876519858213218,15.294821218449686,91.65894162378989,437.68817233783466,3.880451543196944,3.0157068062827226,6.738522954091817,0.035383777898747956,0.16532379558536092,0.05216875277961545,0.013460117103708119,0.003869328561367434,0.0011076649466100466,1.3702966448934294e-11,4.41644775953422,249.73110196960573,254.14754972913994,rookie,Jameis Winston,QB,16.0,278.48,0.0,0.0,0.0,0.0,54.0,213.0,6.0,535.0,312.0,4042.0,22.0,15.0,27.0,2.0,0.0,0.0,3.5,3.5,0.0,0.0,0.0,0.0,0.0,0.0,2.0,1.0,0.0,16,0.0,,,0.0,21.650924024640656,0.0,0.0,0.0,0.0,1.0,0.0,16.0,0.0,0.0,0.0,0.0,0.0,0.0,0.0,0.0,0.0,0.0,0.0,0.0,,3
00-0031568,2015,rookie,QB,5.906397948096818,25.310318417414166,149.49281276629213,1007.3607502974097,5.289620484381594,4.285948905293805,14.307472192415027,68.32079057137162,0.6057178008467675,1.1132477807931176,6.738522954091817,0.035383777898747956,0.04321067779825803,0.010425758329801162,0.0020273240185201074,3.894174714058587e-05,5.78452423097085e-05,1.370383902987573e-11,0.37227833108748437,61.12090443946669,61.49318277055418,rookie,,,0.0,0.0,0.0,0.0,0.0,0.0,0.0,0.0,0.0,0.0,0.0,0.0,0.0,0.0,0.0,0.0,0.0,0.0,0.0,0.0,0.0,0.0,0.0,0.0,0.0,0.0,0.0,0.0,0.0,16,0.0,,,0.0,24.254620123203285,0.0,0.0,0.0,0.0,1.0,0.0,16.0,0.0,0.0,0.0,0.0,0.0,0.0,0.0,0.0,0.0,0.0,0.0,0.0,,3
00-0032148,2015,rookie,QB,6.885333776104557,26.171699736567536,180.2008881742552,1214.2878213099514,6.376188204314963,5.166347365547509,17.873194230363108,85.3477639817777,0.7566753761759564,1.297759245757927,6.738522954091817,0.035383777898747956,0.051265845854507296,0.012712508618422517,0.002553069231499569,5.587358281043318e-05,7.292420287718797e-05,1.3703770580108494e-11,0.5205725947729061,74.22288110228055,74.74345369705345,rookie,,,0.0,0.0,0.0,0.0,0.0,0.0,0.0,0.0,0.0,0.0,0.0,0.0,0.0,0.0,0.0,0.0,0.0,0.0,0.0,0.0,0.0,0.0,0.0,0.0,0.0,0.0,0.0,0.0,0.0,16,0.0,,,0.0,24.26009582477755,0.0,0.0,0.0,0.0,1.0,0.0,16.0,0.0,0.0,0.0,0.0,0.0,0.0,0.0,0.0,0.0,0.0,0.0,0.0,,3
00-0032245,2015,rookie,QB,5.660073969214519,24.170175956284666,136.8049837615015,921.863523311036,4.84067716085879,3.922189699567635,15.63818900411606,74.67520617877902,0.6620547169625777,1.066820224563993,6.738522954091817,0.035383777898747956,0.034075392464756736,0.007929210126361627,0.0014755719602341662,7.749873799355782e-05,8.995844651814831e-05,1.37037085482764e-11,0.2780952144500289,57.6990786472667,57.97717386171673,rookie,Sean Mannion,QB,1.0,1.24,0.0,0.0,0.0,0.0,0.0,0.0,0.0,7.0,6.0,31.0,0.0,0.0,0.0,0.0,0.0,0.0,0.0,0.0,0.0,0.0,0.0,0.0,0.0,0.0,0.0,0.0,0.0,16,0.0,,,0.0,23.351129363449694,0.0,0.0,0.0,0.0,1.0,0.0,16.0,0.0,0.0,0.0,0.0,0.0,0.0,0.0,0.0,0.0,0.0,0.0,0.0,,3
00-0032268,2015,rookie,QB,16.0,31.796505538727217,508.7440886196355,3428.183718921935,18.00128783901813,14.585658864435203,84.68273412498334,404.3755085004679,3.585108452006594,3.0157068062827226,6.738522954091817,0.035383777898747956,0.1330878002528373,0.03974805703307742,0.00973047785356082,0.002517044921170683,0.0008400805877242102,1.3703048224043462e-11,3.455168117435811,235.87797033360042,239.33313845103623,rookie,Marcus Mariota,QB,12.0,216.52,1.0,1.0,41.0,1.0,34.0,252.0,2.0,370.0,230.0,2818.0,19.0,10.0,38.0,6.0,0.0,1.0,5.0,6.0,0.0,0.0,0.0,1.0,0.0,0.0,2.0,2.0,0.0,16,0.0,,,0.0,21.83709787816564,0.0,0.0,0.0,0.0,1.0,0.0,16.0,0.0,0.0,0.0,0.0,0.0,0.0,0.0,0.0,0.0,0.0,0.0,0.0,,3
00-0007091,2016,veteran,QB,5.503664218550481,27.417379103846613,150.89604834027426,1064.5628392590945,6.5006222022848705,3.5166447301837733,7.294962963479173,10.006568190250638,0.21412465387803295,1.0887031049818954,7.0549418024419,0.04308013545607112,0.15889938934837222,0.0544596426265481,0.0115923976700479,0.00016690943951260036,7.882411436284189e-06,1.3703908904609197e-11,1.4527052786315218,61.65971145146518,63.1124167300967,veteran,,,0.0,0.0,0.0,0.0,0.0,0.0,0.0,0.0,0.0,0.0,0.0,0.0,0.0,0.0,0.0,0.0,0.0,0.0,0.0,0.0,0.0,0.0,0.0,0.0,0.0,0.0,0.0,0.0,0.0,16,92.1,9.287107438016529,0.4271694214876033,0.5,40.936344969199176,0.37812500000000004,1.0,0.5,0.0625,0.4375,1.0,8.0,8.0,0.0,0.0,0.0,0.0,16.0,15.0,0.0,256.0,1690.0,9.0,5.0,,4
00-0010346,2016,veteran,QB,9.467616317666616,36.90207129681079,349.3746523653827,2554.286940284096,17.11606733252842,10.045654502428201,11.138677849645353,1.7070524006761378,0.328813924277519,1.7718759130021753,7.311025350553405,0.04899058136200479,0.32622252551614295,0.1495449522008475,0.047417206256174765,2.7475483612013487e-05,9.235761520140471e-07,1.3704026023821997e-11,6.110430125360864,149.1442748963495,155.25470502171035,veteran,,,0.0,0.0,0.0,0.0,0.0,0.0,0.0,0.0,0.0,0.0,0.0,0.0,0.0,0.0,0.0,0.0,0.0,0.0,0.0,0.0,0.0,0.0,0.0,0.0,0.0,0.0,0.0,0.0,0.0,16,93.36,17.01566929133858,0.8375984251968505,0.625,40.440793976728266,0.7937500000000001,1.0,1.0,0.375,0.0,6.0,6.0,10.0,0.0,0.0,0.0,0.0,6.0,-6.0,0.0,331.0,2249.0,9.0,17.0,,4
00-0019596,2016,veteran,QB,13.596757132858333,39.12930211367059,532.0316176178193,3852.8716034201193,26.40652551330512,10.07120253400559,25.076711845597668,40.626256963916624,0.8519053083538067,2.583454756053909,7.241809463639433,0.04963337636124107,0.3574694385841134,0.17173508961556688,0.05804401605562444,0.00034276712254263235,1.8540759124545687e-05,1.3703862183319788e-11,9.946445037523613,243.60570915642074,253.55215419394435,veteran,Tom Brady,QB,12.0,272.06,0.0,0.0,0.0,0.0,28.0,64.0,0.0,432.0,291.0,3554.0,28.0,2.0,15.0,0.0,0.0,0.0,13.5,13.5,0.0,0.0,0.0,0.0,0.0,0.0,5.0,3.0,2.0,16,359.2,20.219125,1.0,1.0,39.08008213552361,1.0,1.0,1.0,0.0,0.0,0.0,0.0,16.0,1.0,1.0,36.0,0.0,34.0,53.0,3.0,624.0,4770.0,36.0,7.0,,4
00-0020245,2016,veteran,QB,4.090364199732893,19.462145716620785,79.60726408925052,557.0600505916077,3.407583011031408,1.874879595487504,13.505593853470597,73.48517705336701,0.38942633718405933,0.7865584997625384,6.997603258505003,0.042804925530552665,0.06555636987013325,0.01747935688785181,0.0025545996620358674,0.00861710898208797,0.0008633284469167448,1.370365234360237e-11,0.4368374237138131,40.274933605730915,40.711771029444726,veteran,,,0.0,0.0,0.0,0.0,0.0,0.0,0.0,0.0,0.0,0.0,0.0,0.0,0.0,0.0,0.0,0.0,0.0,0.0,0.0,0.0,0.0,0.0,0.0,0.0,0.0,0.0,0.0,0.0,0.0,16,30.740000000000002,7.041538461538463,0.4365384615384616,0.3125,36.18343600273785,0.40624999999999994,1.0,0.5625,0.125,0.5625,2.0,11.0,5.0,0.0,0.0,0.0,0.0,20.0,99.0,0.0,66.0,371.0,2.0,1.0,,4
00-0020531,2016,veteran,QB,12.839476724877247,40.70356677193375,522.6124981877304,3867.1105546848266,25.331245873231328,11.70557870340864,21.129367227856992,34.60253658501731,0.7102724150429738,2.4345441653150544,7.399575341375976,0.04847041729976377,0.39802997155361475,0.20284856190746337,0.07436357943215023,0.00029263886156390004,1.5363923370789957e-05,1.3703872449750821e-11,10.93083276139857,235.45104809163058,246.38188085302914,veteran,Drew Brees,QB,16.0,355.32,0.0,0.0,0.0,0.0,23.0,20.0,2.0,673.0,471.0,5208.0,37.0,15.0,27.0,4.0,0.0,0.0,23.0,23.0,0.0,0.0,0.0,0.0,0.0,0.0,10.0,6.0,2.0,16,325.7,21.455080906148865,0.966626213592233,0.9375,37.6290212183436,0.9656250000000001,1.0,1.0,0.0625,0.0,1.0,1.0,15.0,0.0,0.0,0.0,0.0,24.0,14.0,1.0,627.0,4870.0,32.0,11.0,,4
00-0020679,2016,veteran,QB,2.3749148891034757,18.957999209721713,45.02363459078002,321.61402684372166,1.9722407635847161,1.1496165514761207,2.148308316007647,3.8018520266127913,0.06915755082229219,0.4530522582575013,7.143226657884747,0.04380456579106551,0.06458731737512051,0.017157869597276346,0.0024930097549403837,0.00014133047613914572,6.468354301392422e-06,1.3703919704247934e-11,0.2267121642141685,18.34331701621552,18.570029180429685,veteran,Shaun Hill,QB,3.0,10.18,0.0,0.0,0.0,0.0,5.0,5.0,0.0,35.0,19.0,242.0,0.0,0.0,1.0,0.0,0.0,0.0,0.0,0.0,0.0,0.0,0.0,0.0,0.0,0.0,0.0,0.0,0.0,16,0.09999999999999998,6.418809523809523,0.3616071428571428,0.1875,36.64613278576318,0.2625,1.0,0.5,0.0,0.8125,0.0,13.0,3.0,0.0,0.0,0.0,0.0,4.0,-5.0,0.0,7.0,15.0,0.0,0.0,,4
00-0021206,2016,veteran,QB,6.554877987695191,32.255717091364545,211.432289939509,1514.0482643071489,9.229976612058687,5.063237086950292,13.899968458542734,63.69612596224082,0.5056847835709155,1.4569573749498317,7.160913145008833,0.04365452701051194,0.23779912881914192,0.09454540804435814,0.024717755976266135,0.0026551061511941713,0.00021173059190449873,1.3703729149027503e-11,2.8318741444786215,93.84516939437002,96.67704353884864,veteran,Josh McCown,QB,5.0,54.1,0.0,0.0,0.0,0.0,7.0,21.0,0.0,165.0,90.0,1100.0,6.0,6.0,18.0,4.0,0.0,0.0,2.0,2.0,0.0,0.0,0.0,0.0,0.0,0.0,2.0,0.0,0.0,16,140.16,15.402134831460675,0.5695224719101123,0.5,37.163586584531146,0.55625,1.0,0.6875,0.125,0.375,2.0,8.0,8.0,0.0,0.0,0.0,0.0,20.0,98.0,1.0,292.0,2109.0,12.0,4.0,,4
00-0021429,2016,veteran,QB,12.586823423614218,34.380572981104905,432.74220131584934,3280.1343263736726,21.947694951381283,10.351654919118909,17.802200191807867,26.773877840680182,0.5488099669950844,2.3879123172003256,7.579880853773196,0.050717713420702706,0.30503868471094375,0.13534385844931413,0.0410570572518972,0.0002070757950477955,1.0185123755761539e-05,1.3703894905021721e-11,7.4311465176760505,199.48726597387204,206.91841249154808,veteran,Carson Palmer,QB,15.0,252.12,0.0,0.0,0.0,0.0,14.0,38.0,0.0,597.0,364.0,4233.0,26.0,14.0,40.0,4.0,0.0,0.0,9.0,9.0,0.0,0.0,0.0,0.0,0.0,0.0,6.0,2.0,0.0,16,327.74,18.94676923076923,0.9134615384615384,1.0,36.681724845995895,0.8125000000000001,1.0,1.0,0.0,0.0,0.0,0.0,16.0,0.0,0.0,0.0,0.0,25.0,24.0,1.0,537.0,4671.0,35.0,11.0,,4
00-0021678,2016,veteran,QB,5.487944241786927,30.3135301857904,166.3589634313426,1225.6223602518266,8.546921133957493,4.388352976966466,7.53453974223203,20.178066304464966,0.21918193437412983,1.0668141116859455,7.36733588002698,0.051376378871733366,0.22096545689564462,0.0853066270894447,0.021425151343498275,0.00047687452200912106,2.745419476304137e-05,1.3703840740949516e-11,2.1528862596494944,75.63514300528949,77.78802926493898,veteran,Tony Romo,QB,1.0,5.16,0.0,0.0,0.0,0.0,0.0,0.0,0.0,4.0,3.0,29.0,1.0,0.0,0.0,0.0,0.0,0.0,0.0,0.0,0.0,0.0,0.0,0.0,0.0,0.0,0.0,0.0,0.0,16,43.16,16.135865921787712,0.7685055865921788,0.25,36.36413415468857,0.559375,1.0,0.9375,0.25,0.5,4.0,12.0,4.0,0.0,0.0,0.0,0.0,4.0,13.0,0.0,121.0,884.0,5.0,7.0,,4
00-0022787,2016,veteran,QB,1.6846067167278393,28.26291206709734,47.61189150252048,336.57311423108143,2.046727954977632,1.3988776724492282,1.7931802846950495,6.241264366465628,0.05547842415410089,0.3269388044523942,7.069097731882043,0.04298774718642048,0.17151512069465594,0.060326169479462975,0.013318641706600062,0.00048282675033926045,2.7862078424937644e-05,1.3703839935378828e-11,0.487131454544705,19.15520041692171,19.642331871466414,veteran,Matt Schaub,QB,3.0,0.44,0.0,0.0,0.0,0.0,2.0,-2.0,0.0,3.0,1.0,16.0,0.0,0.0,0.0,0.0,0.0,0.0,0.0,0.0,0.0,0.0,0.0,0.0,0.0,0.0,0.0,0.0,0.0,16,27.6,9.471562500000001,0.35937499999999994,0.125,35.186858316221766,0.2,1.0,0.625,0.0,0.875,0.0,14.0,2.0,0.0,0.0,0.0,0.0,4.0,10.0,0.0,80.0,540.0,3.0,4.0,,4
00-0022803,2016,veteran,QB,13.541123796501052,36.93448074782572,500.1343761657928,3582.7916713484988,24.031690293165415,12.81786637060417,19.000551430300682,54.893151106216244,0.5698408131848902,2.7157018523518652,7.163658092881854,0.048050466911314635,0.3142194332537285,0.14141644583347002,0.043734609953144134,0.0005599790736390531,3.323210085847944e-05,1.3703830307914111e-11,8.319979926246205,217.27965157042053,225.59963149666675,veteran,Eli Manning,QB,16.0,236.18,0.0,0.0,0.0,0.0,21.0,-9.0,0.0,598.0,377.0,4027.0,26.0,16.0,21.0,4.0,0.0,0.0,12.0,12.0,0.0,0.0,0.0,0.0,0.0,0.0,4.0,4.0,1.0,16,299.88,17.248874999999998,1.0,1.0,35.66050650239562,1.0,1.0,1.0,0.0,0.0,0.0,0.0,16.0,0.0,0.0,0.0,0.0,20.0,61.0,0.0,618.0,4432.0,35.0,14.0,,4
00-0022864,2016,veteran,QB,0.4559709950892019,16.32335725146991,7.442977449149275,53.81014950391793,0.32321941654407743,0.1861271177333432,0.24413979027242,0.8275997445832682,0.007674362658322483,0.08790336503556812,7.229653706671968,0.043426091070720776,0.044753577237205716,0.010901032814663526,0.0013756257781239224,0.00016652448663014832,7.860808836052159e-06,1.37039090545151e-11,0.02919796302610986,3.026028831203466,3.055226794229576,veteran,,,0.0,0.0,0.0,0.0,0.0,0.0,0.0,0.0,0.0,0.0,0.0,0.0,0.0,0.0,0.0,0.0,0.0,0.0,0.0,0.0,0.0,0.0,0.0,0.0,0.0,0.0,0.0,0.0,0.0,16,12.4,4.361290322580646,0.14314516129032256,0.125,35.14031485284052,0.096875,1.0,0.1875,0.0625,0.8125,1.0,14.0,2.0,0.0,0.0,0.0,0.0,0.0,0.0,0.0,39.0,335.0,0.0,1.0,,4
00-0022924,2016,veteran,QB,10.711689335794258,37.28021415599497,399.3340724108974,3017.593950797811,18.54535627217432,10.087025133930764,17.417818307413032,35.18425418116746,0.4941233771274307,2.06909366070395,7.556565190091863,0.04644070604897434,0.3536663498971932,0.168953302821407,0.05666576563427381,0.0003977328658270177,2.2126507112138826e-05,1.3703852525617743e-11,7.721615071236868,177.0561112122216,184.77772628345846,veteran,Ben Roethlisberger,QB,14.0,261.16,0.0,0.0,0.0,0.0,16.0,14.0,1.0,509.0,328.0,3819.0,29.0,13.0,17.0,2.0,0.0,0.0,9.0,9.0,0.0,0.0,0.0,0.0,0.0,0.0,4.0,2.0,1.0,16,247.12,19.927246376811595,0.8804347826086957,0.75,34.502395619438744,0.8625,1.0,1.0,0.1875,0.0625,3.0,4.0,12.0,0.0,0.0,-3.0,0.0,15.0,29.0,0.0,469.0,3938.0,21.0,16.0,,4
00-0022942,2016,veteran,QB,13.542011647810774,37.7602944004874,511.3503465961644,3723.3062700236674,23.95737002277015,12.210394234971075,22.7151285406297,55.233682670826276,0.6178412414820166,2.521635078023263,7.2813214947600775,0.046851185654305086,0.3381003601724379,0.15780279915267226,0.05127376918240315,0.0005657063053213429,3.3636606745822836e-05,1.3703829647035311e-11,9.181054053576224,224.52808798201332,233.70914203558954,veteran,Philip Rivers,QB,16.0,267.94,0.0,0.0,0.0,0.0,14.0,35.0,0.0,578.0,349.0,4386.0,33.0,21.0,36.0,5.0,0.0,0.0,9.0,9.0,0.0,0.0,0.0,0.0,0.0,0.0,6.0,2.0,0.0,16,302.48,18.3918125,1.0,1.0,34.732375085557834,1.0,1.0,1.0,0.0,0.0,0.0,0.0,16.0,0.0,0.0,0.0,0.0,17.0,28.0,0.0,661.0,4792.0,29.0,13.0,,4
00-0023436,2016,veteran,QB,13.373321283246066,32.634279458228036,436.4287040421209,3122.1326358346664,19.10082663366933,8.652765712348423,56.33845283077605,302.6106929781157,1.5694336731382839,2.3579093290294493,7.153820559734176,0.04376620157373026,0.243316349227027,0.09765641546600261,0.025861035678149746,0.013524347852617857,0.0014828374364009957,1.3703622763974482e-11,6.11524065997551,218.9449332219495,225.060173881925,veteran,Alex Smith,QB,15.0,226.78,1.0,1.0,3.0,0.0,48.0,134.0,5.0,489.0,328.0,3502.0,15.0,8.0,28.0,4.0,0.0,0.0,2.5,2.5,0.0,0.0,0.0,0.0,0.0,0.0,1.0,1.0,0.0,16,273.74,16.393247588424437,0.9728697749196141,1.0,32.32032854209446,0.971875,1.0,1.0,0.0,0.0,0.0,0.0,16.0,0.0,0.0,0.0,0.0,84.0,498.0,2.0,470.0,3486.0,20.0,7.0,,4
00-0023459,2016,veteran,QB,13.192074062413628,35.393002929730216,466.9071159402235,3382.935570314979,24.226461549545476,8.97359012248801,43.018211590669374,233.01791600581052,1.255140005313814,2.568273885989003,7.245414462152007,0.05188711142420692,0.2954633506068228,0.12914198368235685,0.03838762508003548,0.008337458008990354,0.0008298858923351371,1.3703654503366097e-11,7.592485348304056,239.97217262629096,247.564657974595,veteran,Aaron Rodgers,QB,16.0,389.02,0.0,0.0,0.0,0.0,67.0,369.0,4.0,610.0,401.0,4428.0,40.0,7.0,35.0,4.0,0.0,0.0,9.0,9.0,0.0,0.0,0.0,0.0,0.0,0.0,6.0,2.0,0.0,16,305.74,20.390635451505013,0.9604933110367894,1.0,32.7501711156742,0.9343750000000001,1.0,1.0,0.0,0.0,0.0,0.0,16.0,0.0,0.0,0.0,0.0,58.0,344.0,1.0,572.0,3821.0,31.0,8.0,,4
00-0023541,2016,veteran,QB,2.9391533521889777,32.29817380339936,94.92928580384344,673.1192196726835,4.200411570615791,2.3286579477510343,3.9509378128843373,9.801101735783616,0.1278616342167374,0.5793311774764864,7.090743535810217,0.04424779492490111,0.2334528292891358,0.09212363037834972,0.02383975390979754,0.0004074131471381802,2.27681752212232e-05,1.3703850964068685e-11,1.2337370951208448,39.65771679779425,40.891453892915095,veteran,,,0.0,0.0,0.0,0.0,0.0,0.0,0.0,0.0,0.0,0.0,0.0,0.0,0.0,0.0,0.0,0.0,0.0,0.0,0.0,0.0,0.0,0.0,0.0,0.0,0.0,0.0,0.0,0.0,0.0,16,0.0,14.786923076923078,0.701923076923077,0.0,33.79876796714579,0.24374999999999997,0.0,0.75,0.0,1.0,0.0,16.0,0.0,0.0,0.0,0.0,0.0,0.0,0.0,0.0,0.0,0.0,0.0,0.0,,4
00-0023578,2016,veteran,QB,0.31076521016094105,20.01109756505038,6.218752940353977,44.024239707017756,0.2770370669801559,0.1553693997145705,0.168629320744707,0.6439813607672019,0.005316068668843738,0.06017882280869036,7.079271379530292,0.04454865302373416,0.0727050583485248,0.019893922958588876,0.0030288770915954263,0.00019961261339606796,9.750315635890066e-06,1.3703897288148803e-11,0.03381682846561435,2.5343159592445947,2.568132787710209,veteran,,,0.0,0.0,0.0,0.0,0.0,0.0,0.0,0.0,0.0,0.0,0.0,0.0,0.0,0.0,0.0,0.0,0.0,0.0,0.0,0.0,0.0,0.0,0.0,0.0,0.0,0.0,0.0,0.0,0.0,16,10.040000000000001,5.0200000000000005,0.125,0.125,33.040383299110196,0.06875,1.0,0.125,0.0,0.875,0.0,14.0,2.0,0.0,0.0,0.0,0.0,0.0,0.0,0.0,40.0,201.0,1.0,1.0,,4
00-0023645,2016,veteran,QB,1.7584795614942976,13.59296533832796,23.90295172755014,171.3108176871177,1.0885982507080751,0.5541375028369521,2.4055583023713023,4.895158182905413,0.07256842111932821,0.33228685587561924,7.1669315003329785,0.04554241932611926,0.026584045362137005,0.005777457577660702,0.0006009191663891795,0.0003073913421782768,1.62889146230587e-05,1.3703869256324692e-11,0.06468372720310346,10.358903337898376,10.42358706510148,veteran,Derek Anderson,QB,4.0,16.519999999999996,0.0,0.0,0.0,0.0,1.0,4.0,0.0,53.0,36.0,453.0,2.0,5.0,0.0,1.0,0.0,0.0,0.0,0.0,0.0,0.0,0.0,0.0,0.0,0.0,0.0,0.0,0.0,16,1.24,4.392777777777777,0.2395833333333333,0.1875,33.215605749486656,0.22500000000000003,1.0,0.3125,0.0,0.8125,0.0,13.0,3.0,0.0,0.0,0.0,0.0,7.0,-2.0,0.0,6.0,36.0,0.0,0.0,,4
00-0023662,2016,veteran,QB,5.682538372519197,25.533045931160608,145.0925132711153,1013.6960773351045,6.054358591849918,4.104766608080534,10.53573843459509,41.28058080618177,0.3140582195338806,1.0513582587533175,6.9865498534782695,0.041727574051577246,0.13065773389108765,0.04206587252751487,0.008186477693929916,0.00155080882999813,0.00011162135455453624,1.3703764123612554e-11,1.2038329057685457,60.465435124957615,61.66926803072616,veteran,Matt Cassel,QB,4.0,15.66,0.0,0.0,0.0,0.0,4.0,3.0,0.0,51.0,30.0,284.0,2.0,2.0,5.0,0.0,0.0,0.0,0.0,0.0,0.0,0.0,0.0,0.0,0.0,0.0,0.0,0.0,0.0,16,66.84,9.04872180451128,0.47039473684210525,0.5,34.2943189596167,0.415625,1.0,0.5625,0.0,0.5,0.0,8.0,8.0,0.0,0.0,0.0,0.0,15.0,78.0,0.0,204.0,1276.0,5.0,7.0,,4
00-0023682,2016,veteran,QB,12.740583913649452,33.10616450894908,421.79186698534903,3017.8944328508856,20.504544365049252,10.955867487885286,41.37566279211637,170.3528112506392,1.3629036622050095,2.378900626769075,7.1549374681416325,0.048612943894817864,0.25095396763842365,0.10203140346347706,0.0274979402521875,0.004866632352637327,0.00043605687980615554,1.3703689674791106e-11,5.918226367229697,201.2771216432177,207.1953480104474,veteran,Ryan Fitzpatrick,QB,14.0,135.9,0.0,0.0,0.0,0.0,33.0,130.0,0.0,403.0,228.0,2710.0,12.0,17.0,19.0,1.0,0.0,0.0,2.5,2.5,0.0,0.0,0.0,0.0,0.0,0.0,1.0,1.0,0.0,16,287.7,16.99644128113879,0.8992437722419928,1.0,33.77138945927447,0.878125,1.0,1.0,0.0,0.0,0.0,0.0,16.0,0.0,0.0,0.0,0.0,60.0,270.0,2.0,562.0,3905.0,31.0,15.0,,4
00-0024226,2016,veteran,QB,12.383209434661296,33.64137020261384,416.58813288794113,3000.961625688467,19.11425372773425,10.801734745809275,30.783592032040033,146.97483458592342,0.9606996096752429,2.655939882781733,7.203665656255508,0.04588285699649498,0.2632855378768144,0.10926430418328179,0.03027816258948995,0.003874972408309056,0.00033225750574403815,1.3703704530071803e-11,6.093921974226795,190.04181179793747,196.13573377216426,veteran,Jay Cutler,QB,5.0,46.760000000000005,0.0,0.0,0.0,0.0,5.0,24.0,0.0,137.0,81.0,1059.0,4.0,5.0,17.0,2.0,0.0,0.0,0.0,0.0,0.0,0.0,0.0,0.0,0.0,0.0,0.0,0.0,0.0,16,230.96,16.05368055555555,0.9088541666666666,0.9375,33.34428473648186,0.9,1.0,0.9375,0.0625,0.0,1.0,1.0,15.0,0.0,0.0,0.0,0.0,38.0,201.0,1.0,483.0,3659.0,21.0,11.0,,4
00-0024296,2016,veteran,QB,2.7859615212475406,18.153658841373215,50.57539500192099,358.7677448364771,2.185397807952897,1.1944084082980047,4.117863157455065,14.066925492648691,0.12346254690662846,0.5214379970046856,7.093721063826593,0.04321069183680898,0.0565290591654272,0.014539957205011932,0.0020059385793288315,0.0008127080433928489,5.175015626377199e-05,1.3703806114092797e-11,0.23190679532918326,21.808076045369933,22.039982840699118,veteran,Charlie Whitehurst,QB,1.0,9.38,0.0,0.0,0.0,0.0,2.0,1.0,0.0,24.0,14.0,182.0,1.0,1.0,2.0,0.0,0.0,0.0,0.0,0.0,0.0,0.0,0.0,0.0,0.0,0.0,0.0,0.0,0.0,16,4.1,6.150434782608695,0.327445652173913,0.25,34.072553045859,0.28750000000000003,1.0,0.4375,0.0,0.75,0.0,12.0,4.0,0.0,0.0,0.0,0.0,2.0,1.0,0.0,32.0,150.0,0.0,1.0,,4
00-0025430,2016,veteran,QB,4.5908964643532,17.064234225340495,78.34013257201055,555.7864829101402,3.309875622057153,2.02415865204039,7.592130537054299,11.302276959350687,0.21870778331244978,0.8480376314990641,7.094530793642188,0.04225006409090133,0.04792982813383429,0.011859797882293278,0.0015360002779982683,0.0002556655384954456,1.308505139101227e-05,1.3703881219607933e-11,0.3170786135731498,32.16904363336508,32.48612224693823,veteran,Drew Stanton,QB,5.0,9.380000000000003,0.0,0.0,0.0,0.0,3.0,-3.0,0.0,48.0,19.0,192.0,2.0,3.0,1.0,0.0,0.0,0.0,0.0,0.0,0.0,0.0,0.0,0.0,0.0,0.0,0.0,0.0,0.0,16,-1.1400000000000001,4.6825,0.4593749999999999,0.375,32.32032854209446,0.375,1.0,0.5625,0.0,0.625,0.0,10.0,6.0,0.0,0.0,0.0,0.0,13.0,-13.0,0.0,25.0,104.0,0.0,2.0,,4
00-0026143,2016,veteran,QB,13.604796894534477,37.11739362469081,504.9746015184074,3663.0106256948734,21.128017941491777,12.547133210868928,27.08555232879579,75.3295224950175,0.7112393026750687,2.757169486372433,7.253851212874018,0.04183976358011268,0.32495906795802587,0.14867915476123159,0.04701959656970953,0.0009543178659381935,6.264376569889194e-05,1.3703795678653078e-11,8.748772480535639,212.22427946483148,220.97305194536713,veteran,Matt Ryan,QB,16.0,358.46,0.0,0.0,0.0,0.0,35.0,117.0,0.0,534.0,373.0,4944.0,38.0,7.0,37.0,2.0,0.0,0.0,11.0,11.0,0.0,0.0,0.0,0.0,0.0,0.0,6.0,2.0,1.0,16,241.94,16.319375,1.0,1.0,31.293634496919918,1.0,1.0,1.0,0.0,0.0,0.0,0.0,16.0,0.0,0.0,0.0,0.0,36.0,63.0,0.0,614.0,4591.0,21.0,16.0,,4
00-0026158,2016,veteran,QB,9.417620029825239,35.58542771144592,335.1300367852112,2353.03947566105,14.156836288847625,8.785937145924809,16.648255573234522,41.08356086416375,0.6673904227816234,1.7542899905209797,7.021272990726107,0.042242815429644434,0.28038123045515706,0.1196420911406647,0.034426744452839775,0.0006331490873598805,3.845680473240018e-05,1.3703822331716279e-11,4.985581534214658,137.78116853204705,142.7667500662617,veteran,Joe Flacco,QB,16.0,247.98,0.0,0.0,0.0,0.0,21.0,58.0,2.0,672.0,436.0,4317.0,20.0,15.0,33.0,3.0,0.0,0.0,5.5,5.5,0.0,0.0,0.0,0.0,0.0,0.0,4.0,1.0,0.0,16,169.94,16.181968503937007,0.8375984251968505,0.625,31.6249144421629,0.7937500000000001,1.0,1.0,0.0,0.375,0.0,6.0,10.0,0.0,0.0,0.0,0.0,13.0,23.0,3.0,413.0,2791.0,14.0,12.0,,4
00-0026197,2016,veteran,QB,2.9361267316978807,28.06700095785263,82.40827179094113,580.7297992917812,3.511147129960299,2.045543968140229,5.422615269224584,19.640673871819732,0.16536665707743659,0.5658136168591856,7.046984321731874,0.042606731747361654,0.1675007855844155,0.05843729266940535,0.012755130681959903,0.0013356913720190817,9.344944103743902e-05,1.3703773830500299e-11,0.8284071684860365,35.00733265116021,35.83573981964625,veteran,Chad Henne,QB,1.0,-0.2,0.0,0.0,0.0,0.0,1.0,-2.0,0.0,0.0,0.0,0.0,0.0,0.0,0.0,0.0,0.0,0.0,0.0,0.0,0.0,0.0,0.0,0.0,0.0,0.0,0.0,0.0,0.0,16,0.0,10.7,0.7232142857142858,0.0,31.16769336071184,0.196875,0.0,0.9375,0.0,1.0,0.0,16.0,0.0,0.0,0.0,0.0,0.0,0.0,0.0,0.0,0.0,0.0,0.0,0.0,,4
00-0026498,2016,veteran,QB,13.721198856106339,37.27986768213856,511.52447779595525,3663.1020267977583,23.649458270107644,12.107472216906535,35.99291803645607,103.78176054378486,1.1369044647376962,2.624465368194912,7.161147092278451,0.04623328754863869,0.31970762815175846,0.14510629002059924,0.045392312843882114,0.001669247867098418,0.00012183916385424058,1.3703759338739182e-11,8.644405986184303,228.85764182494265,237.50204781112694,veteran,Matthew Stafford,QB,16.0,285.28,0.0,0.0,0.0,0.0,37.0,207.0,2.0,594.0,388.0,4327.0,24.0,10.0,37.0,2.0,0.0,0.0,5.5,5.5,0.0,0.0,0.0,0.0,0.0,0.0,4.0,1.0,0.0,16,296.78000000000003,17.782062500000002,1.0,1.0,28.566735112936346,1.0,1.0,1.0,0.0,0.0,0.0,0.0,16.0,1.0,1.0,-6.0,0.0,44.0,159.0,1.0,592.0,4262.0,32.0,13.0,,4
00-0026625,2016,veteran,QB,9.110433303872906,31.106562122510265,283.394259529909,2035.4123019915626,12.524570741537348,6.886632776659671,14.581000826330058,37.4642156577238,0.4158648745769791,1.727058050367945,7.182263696406131,0.04419486394083266,0.22115201684006996,0.08540694131077838,0.021460070134669853,0.0005734747432156783,3.418652031423915e-05,1.3703828761224638e-11,3.5786449231736146,120.52900420499093,124.10764912816454,veteran,Brian Hoyer,QB,6.0,85.1,0.0,0.0,0.0,0.0,7.0,-2.0,0.0,200.0,134.0,1445.0,6.0,0.0,4.0,1.0,0.0,0.0,5.5,5.5,0.0,0.0,0.0,0.0,0.0,0.0,4.0,1.0,0.0,16,167.64,13.678878504672898,0.7400700934579441,0.6875,30.836413415468858,0.66875,1.0,0.875,0.125,0.1875,2.0,5.0,11.0,0.0,0.0,0.0,0.0,15.0,44.0,0.0,369.0,2606.0,19.0,7.0,,4
00-0026898,2016,veteran,QB,2.761783167674257,29.906390475924756,82.5949658223027,596.6839609028327,3.7389923119423196,2.3295719560649246,6.728675368424678,20.0041686794022,0.20634713716341765,0.5565976010173831,7.224217056842866,0.04526900973585364,0.2052557178625148,0.07702458684340344,0.01860623477524157,0.0015425647150987655,0.00011091555244216186,1.3703764470132838e-11,0.993452086255022,36.2894882606387,37.28294034689372,veteran,Mark Sanchez,QB,2.0,-0.4800000000000001,0.0,0.0,0.0,0.0,4.0,-2.0,0.0,18.0,10.0,93.0,0.0,2.0,3.0,0.0,0.0,0.0,0.0,0.0,0.0,0.0,0.0,0.0,0.0,0.0,0.0,0.0,0.0,16,32.839999999999996,14.146666666666667,0.42025862068965514,0.1875,29.806981519507186,0.271875,1.0,0.5625,0.0,0.8125,0.0,13.0,3.0,0.0,0.0,0.0,0.0,6.0,22.0,0.0,91.0,616.0,4.0,4.0,,4
00-0027659,2016,veteran,QB,2.432860740977417,23.79417963626579,57.88792550083535,403.1012684128046,2.41552528729332,1.4921626431420536,4.769331232146324,16.095039835517916,0.14392064696136098,0.46060629308039897,6.96347752878081,0.041727618780508256,0.108737051392448,0.03315406835356617,0.005955986837716645,0.0013093465310643592,9.126052845298924e-05,1.3703775125282822e-11,0.4180296175502094,24.353641878560513,24.771671496110724,veteran,,,0.0,0.0,0.0,0.0,0.0,0.0,0.0,0.0,0.0,0.0,0.0,0.0,0.0,0.0,0.0,0.0,0.0,0.0,0.0,0.0,0.0,0.0,0.0,0.0,0.0,0.0,0.0,0.0,0.0,16,33.160000000000004,6.76,0.25,0.25,27.94524298425736,0.21250000000000002,1.0,0.25,0.0,0.75,0.0,12.0,4.0,0.0,0.0,0.0,0.0,11.0,36.0,0.0,125.0,739.0,2.0,4.0,,4
00-0027688,2016,veteran,QB,1.21500127630072,17.055795198890973,20.722812934976226,151.2469084121312,0.9310237263796951,0.5079848752089481,2.210883355200143,6.301926008376963,0.07036371326023622,0.23436765469655332,7.298570367194444,0.044927478200042115,0.0516419879809727,0.013001950208883357,0.0017325011902180356,0.0008514534181255233,5.4697369478921676e-05,1.3703803088507781e-11,0.09178534585311483,9.341641062592139,9.433426408445253,veteran,,,0.0,0.0,0.0,0.0,0.0,0.0,0.0,0.0,0.0,0.0,0.0,0.0,0.0,0.0,0.0,0.0,0.0,0.0,0.0,0.0,0.0,0.0,0.0,0.0,0.0,0.0,0.0,0.0,0.0,16,8.82,8.017377049180329,0.22643442622950818,0.125,29.99041752224504,0.190625,1.0,0.3125,0.0,0.875,0.0,14.0,2.0,0.0,0.0,0.0,0.0,3.0,-3.0,0.0,11.0,128.0,1.0,0.0,,4
00-0027854,2016,veteran,QB,10.56960559266172,34.496279627291855,364.61207007464657,2581.2589945221393,15.50681457243956,9.083185436557434,20.341834778239914,40.597172204176225,0.5794922274848145,2.07769243886839,7.079466661632133,0.04252962489493249,0.2675346522524246,0.11180540003867837,0.03127666984169523,0.0005122074875016971,2.9889217190906296e-05,1.3703836099074367e-11,5.267396065213123,150.49253290511865,155.75992897033177,veteran,Sam Bradford,QB,15.0,224.88,1.0,1.0,5.0,0.0,20.0,53.0,0.0,552.0,395.0,3877.0,20.0,5.0,37.0,5.0,0.0,0.0,3.5,3.5,0.0,0.0,0.0,0.0,0.0,0.0,2.0,1.0,0.0,16,202.9,14.829371428571429,0.8224999999999999,0.875,28.815879534565365,0.5468750000000001,1.0,0.875,0.0625,0.0625,1.0,2.0,14.0,0.0,0.0,0.0,0.0,26.0,39.0,0.0,532.0,3725.0,19.0,14.0,,4
00-0027939,2016,veteran,QB,13.532763906945707,33.77722408957277,457.09919903618743,3321.9318112257656,23.407914491591335,10.980265922623802,84.48706247789964,398.35755090353314,3.7806172891245877,2.7451813394989957,7.267419890978143,0.05120970358501588,0.27039284848261524,0.11352887736666606,0.031960302807506016,0.02264976503830997,0.0027635113060485656,1.370358868960274e-11,7.191335128524779,261.57749471625124,268.768829844776,veteran,Cam Newton,QB,15.0,258.76,0.0,0.0,0.0,0.0,90.0,359.0,5.0,510.0,270.0,3509.0,19.0,14.0,36.0,2.0,0.0,0.0,4.5,4.5,0.0,0.0,0.0,0.0,0.0,0.0,3.0,1.0,0.0,16,393.08,21.836818181818185,0.965909090909091,1.0,27.310061601642712,0.9625,1.0,1.0,0.0,0.0,0.0,0.0,16.0,0.0,0.0,0.0,0.0,132.0,636.0,10.0,495.0,3837.0,35.0,10.0,,4
00-0027946,2016,veteran,QB,1.881789165166233,22.899863543281093,43.09271509953158,307.1012956730864,1.9159646509099604,1.1548646044696063,6.004684843034116,32.43026875973836,0.1979959943320783,0.36538459000039686,7.1265246333115035,0.04446145123333821,0.10465611718998741,0.03156423719974579,0.005578964845850975,0.007947503280131638,0.0007836358951980019,1.3703657638101088e-11,0.3242009598696231,21.338414883589596,21.662615843459218,veteran,,,0.0,0.0,0.0,0.0,0.0,0.0,0.0,0.0,0.0,0.0,0.0,0.0,0.0,0.0,0.0,0.0,0.0,0.0,0.0,0.0,0.0,0.0,0.0,0.0,0.0,0.0,0.0,0.0,0.0,16,0.0,10.884761904761906,0.43749999999999994,0.0,28.213552361396303,0.19687500000000002,0.0,0.4375,0.0,1.0,0.0,16.0,0.0,0.0,0.0,0.0,0.0,0.0,0.0,0.0,0.0,0.0,0.0,0.0,,4
00-0027948,2016,veteran,QB,5.563180905965668,31.111739391840036,173.0802345360644,1235.4638305641715,7.403166927849495,4.494704301195393,19.68115231273953,99.2195543498567,0.6100418401116072,1.064949973608282,7.138098893127743,0.0427730349897747,0.218242303676193,0.08384763476714743,0.020919368633981174,0.008495774191247219,0.0008487906453779617,1.3703653272016146e-11,2.2009137148865743,81.49411886001282,83.69503257489939,veteran,Blaine Gabbert,QB,6.0,73.2,1.0,1.0,-16.0,0.0,40.0,173.0,2.0,160.0,91.0,925.0,5.0,6.0,11.0,0.0,0.0,0.0,0.0,0.0,0.0,0.0,0.0,0.0,0.0,0.0,0.0,0.0,0.0,16,133.24,14.942524271844661,0.44720873786407767,0.5,26.88021902806297,0.321875,1.0,0.5,0.0,0.5,0.0,8.0,8.0,0.0,0.0,0.0,0.0,32.0,185.0,1.0,282.0,2031.0,10.0,7.0,,4
00-0027950,2016,veteran,QB,1.5843435877253853,23.82449130795237,37.74618003457352,268.03937254440746,1.6294439574844604,1.0004722167925546,4.440608675786689,17.755682755550737,0.15765203486228282,0.31362537542180025,7.101099297965979,0.043168446608159425,0.11457419849899309,0.03546610230995336,0.006515887353063562,0.003474555656983433,0.00029173830214171035,1.3703711636024118e-11,0.2926556536487678,17.332636032014204,17.625291685662972,veteran,,,0.0,0.0,0.0,0.0,0.0,0.0,0.0,0.0,0.0,0.0,0.0,0.0,0.0,0.0,0.0,0.0,0.0,0.0,0.0,0.0,0.0,0.0,0.0,0.0,0.0,0.0,0.0,0.0,0.0,16,0.0,10.152307692307692,0.42788461538461536,0.0,28.517453798767967,0.12187499999999998,0.0,0.5625,0.0,1.0,0.0,16.0,0.0,0.0,0.0,0.0,0.0,0.0,0.0,0.0,0.0,0.0,0.0,0.0,,4
00-0027973,2016,veteran,QB,11.567447754570816,31.9230539236604,369.26825842828856,2728.647927361581,18.190593866653952,9.509748602249703,36.30505192480646,94.72591101102607,1.3329164760086425,2.1990362283972,7.389337873164316,0.04926119007379169,0.24875070361196358,0.10076114988161021,0.027019180828588396,0.0019313897734239138,0.00014494176634280095,1.3703749853446303e-11,5.275676858654389,175.96081285693973,181.2364897155941,veteran,Andy Dalton,QB,16.0,267.64,0.0,0.0,0.0,0.0,46.0,184.0,4.0,563.0,364.0,4206.0,18.0,8.0,41.0,3.0,0.0,0.0,7.0,7.0,0.0,0.0,0.0,0.0,0.0,0.0,4.0,2.0,0.0,16,249.70000000000002,17.433728222996518,0.9065766550522648,0.8125,28.843258042436688,0.896875,1.0,1.0,0.1875,0.0,3.0,3.0,13.0,0.0,0.0,0.0,0.0,57.0,142.0,3.0,386.0,3250.0,25.0,7.0,,4
00-0027974,2016,veteran,QB,8.880797174576212,29.035496202765863,257.8583526399414,1830.5950183156267,10.758652184422589,5.949387471775661,43.865102422743966,241.699387736135,1.2175888589983452,1.759783631418489,7.099227151550775,0.041723109118925274,0.18442238585206736,0.06653994923444902,0.015222864351673809,0.019421744824765275,0.002294092866742922,1.3703598883872508e-11,2.997632471369149,132.3155391915307,135.31317166289983,veteran,Colin Kaepernick,QB,11.0,203.94,0.0,0.0,0.0,0.0,69.0,468.0,2.0,331.0,196.0,2241.0,16.0,4.0,36.0,3.0,0.0,1.0,2.5,3.5,0.0,0.0,0.0,1.0,0.0,0.0,1.0,1.0,0.0,16,112.2,14.685185185185183,0.8217592592592592,0.5625,28.829568788501028,0.759375,1.0,1.0,0.0,0.4375,0.0,7.0,9.0,0.0,0.0,0.0,0.0,45.0,256.0,1.0,244.0,1615.0,6.0,5.0,,4
00-0028012,2016,veteran,QB,4.688893268049088,28.939388900260433,135.69370579588565,920.8478681813851,5.386581291335169,3.3802229135741406,5.646512160817968,15.449090117916482,0.19109872674064463,0.8763563361892704,6.786223891375999,0.03969661864374033,0.16472263209863966,0.05714218813409888,0.012372965269188749,0.0003996911422637172,2.225607764112665e-05,1.3703852206680446e-11,1.2923289435447105,52.55858276530477,53.85091170884948,veteran,Ryan Mallett,QB,4.0,-1.56,0.0,0.0,0.0,0.0,5.0,-6.0,0.0,6.0,3.0,26.0,0.0,1.0,0.0,0.0,0.0,0.0,0.0,0.0,0.0,0.0,0.0,0.0,0.0,0.0,0.0,0.0,0.0,16,70.94,9.464631578947369,0.39013157894736844,0.4375,28.240930869267626,0.296875,1.0,0.4375,0.0,0.5625,0.0,9.0,7.0,0.0,0.0,0.0,0.0,5.0,15.0,1.0,244.0,1336.0,5.0,6.0,,4
00-0028090,2016,veteran,QB,2.103288054839802,15.24528608847828,32.065228122511776,228.8842807603625,1.4597642174155028,0.8187924587144892,2.2753063124048247,5.063121270691915,0.07017326337649066,0.4118477318848741,7.1380836551626325,0.04552483493453327,0.03594719404593129,0.008336949378084713,0.0009691391582160984,0.00024737153403790957,1.2582044225975744e-05,1.3703883360823277e-11,0.10654655967810181,13.460499426205917,13.567045985884018,veteran,,,0.0,0.0,0.0,0.0,0.0,0.0,0.0,0.0,0.0,0.0,0.0,0.0,0.0,0.0,0.0,0.0,0.0,0.0,0.0,0.0,0.0,0.0,0.0,0.0,0.0,0.0,0.0,0.0,0.0,16,22.799999999999997,4.566428571428571,0.21651785714285718,0.25,29.26488706365503,0.175,1.0,0.25,0.0,0.75,0.0,12.0,4.0,0.0,0.0,0.0,0.0,6.0,0.0,0.0,57.0,370.0,3.0,1.0,,4
00-0028118,2016,veteran,QB,10.556974321224539,27.54917402486594,290.8359227514558,2144.245313602472,13.776574087363418,6.480254836937714,62.10292984621823,312.87475687480617,2.0100009216336527,1.9600752593686344,7.372697613543816,0.0473688874367032,0.1782334359247743,0.06353369665096456,0.014292016297418388,0.022952690516916674,0.002808396134674883,1.3703587807114222e-11,3.476235323953076,167.34292991822235,170.81916524217542,veteran,Tyrod Taylor,QB,15.0,271.92,0.0,0.0,0.0,0.0,95.0,580.0,6.0,436.0,269.0,3023.0,17.0,6.0,42.0,2.0,0.0,0.0,1.0,1.0,0.0,0.0,0.0,0.0,0.0,0.0,1.0,0.0,0.0,16,271.09999999999997,17.733964497041416,0.8095414201183431,0.875,27.080082135523615,0.5281250000000001,1.0,0.875,0.0625,0.0625,1.0,2.0,14.0,1.0,1.0,4.0,0.0,104.0,568.0,4.0,380.0,3035.0,20.0,6.0,,4
00-0028957,2016,veteran,QB,2.899343414050544,27.834403365815373,80.70149408270309,568.7268713630242,3.400866680739025,2.1410864201845103,5.468923218905077,18.605992918361814,0.16331982316736848,0.5996340834573788,7.0472904848600635,0.042141310014084846,0.16426338949756905,0.056929054193221376,0.012310402725250115,0.0012397141687883891,8.551577717806172e-05,1.3703778676987825e-11,0.7991917307538717,33.71161880103368,34.51081053178755,veteran,,,0.0,0.0,0.0,0.0,0.0,0.0,0.0,0.0,0.0,0.0,0.0,0.0,0.0,0.0,0.0,0.0,0.0,0.0,0.0,0.0,0.0,0.0,0.0,0.0,0.0,0.0,0.0,0.0,0.0,16,19.18,10.089885057471264,0.42025862068965514,0.1875,27.249828884325805,0.271875,1.0,0.5625,0.0,0.8125,0.0,13.0,3.0,0.0,0.0,0.0,0.0,7.0,33.0,0.0,94.0,547.0,1.0,3.0,,4
00-0028986,2016,veteran,QB,3.465851161522926,25.819875485583687,89.48784544208755,630.4612468729432,3.8131482121556446,2.046553823322625,6.590630586775793,16.350196879591625,0.19875597445486012,0.7054442762792301,7.045216518046006,0.04261079472098074,0.13705449899268904,0.04478350672221531,0.008904175368996733,0.0007230987676714828,4.5037561437636984e-05,1.370381370315946e-11,0.7722913338269778,37.79460205902492,38.566893392851895,veteran,Case Keenum,QB,10.0,112.14,0.0,0.0,0.0,0.0,20.0,51.0,1.0,322.0,196.0,2201.0,9.0,11.0,23.0,1.0,0.0,0.0,1.0,1.0,0.0,0.0,0.0,0.0,0.0,0.0,1.0,0.0,0.0,16,43.620000000000005,10.28043956043956,0.3372252747252747,0.3125,28.539356605065024,0.284375,1.0,0.5,0.0,0.6875,0.0,11.0,5.0,0.0,0.0,0.0,0.0,12.0,5.0,0.0,125.0,828.0,4.0,1.0,,4
00-0029234,2016,veteran,QB,1.3983943120172917,29.07432588758371,40.657371946934155,292.8190339332584,1.817406828724204,1.1727275270477815,1.1780825742157117,3.5667618900765583,0.0368786102097143,0.2769495578605315,7.2021141532572415,0.0447005485523333,0.1912033121858638,0.0698905984825528,0.01628118117285292,0.0002694328257569628,1.3926784929468845e-05,1.3703877814203841e-11,0.45992055563647005,16.66098235267647,17.12090290831294,veteran,,,0.0,0.0,0.0,0.0,0.0,0.0,0.0,0.0,0.0,0.0,0.0,0.0,0.0,0.0,0.0,0.0,0.0,0.0,0.0,0.0,0.0,0.0,0.0,0.0,0.0,0.0,0.0,0.0,0.0,16,37.56,12.520000000000001,0.1875,0.1875,27.140314852840522,0.10312500000000001,1.0,0.1875,0.0,0.8125,0.0,13.0,3.0,0.0,0.0,0.0,0.0,2.0,-1.0,0.0,104.0,779.0,4.0,6.0,,4
00-0029263,2016,veteran,QB,13.767149894676749,31.83194816667754,438.23520185023045,3303.8213474399804,22.91582531357005,9.286592693881772,79.26492618641775,448.3978980251731,2.187972349720755,2.61002220495847,7.538922782768787,0.052291156020372986,0.2579449987238751,0.10610610467377718,0.029052899176423504,0.027611047320543924,0.0035154536505689446,1.3703575502878992e-11,6.995008762984541,257.9905492550407,264.98555801802524,veteran,Russell Wilson,QB,16.0,273.56,2.0,2.0,14.0,1.0,72.0,259.0,1.0,546.0,353.0,4219.0,21.0,11.0,41.0,2.0,0.0,0.0,4.5,4.5,0.0,0.0,0.0,0.0,0.0,0.0,3.0,1.0,0.0,16,337.26,20.4,1.0,1.0,27.756331279945243,1.0,1.0,1.0,0.0,0.0,0.0,0.0,16.0,0.0,0.0,0.0,0.0,103.0,553.0,1.0,483.0,4024.0,34.0,8.0,,4
00-0029531,2016,veteran,QB,0.2109970659243583,22.14330676389641,4.672172757045139,33.158551647579884,0.2090095132921202,0.1204774860466819,0.1560690737561753,0.5960148214279828,0.004920104697727712,0.04071696265061951,7.097030305135939,0.04473497110674174,0.09508394448951148,0.027921886073561587,0.0047406750032600725,0.00031433626637627024,1.672730483277051e-05,1.3703867805658536e-11,0.03097174254513544,1.929113332006238,1.9600850745513734,veteran,,,0.0,0.0,0.0,0.0,0.0,0.0,0.0,0.0,0.0,0.0,0.0,0.0,0.0,0.0,0.0,0.0,0.0,0.0,0.0,0.0,0.0,0.0,0.0,0.0,0.0,0.0,0.0,0.0,0.0,16,6.32,7.255172413793104,0.14008620689655174,0.0625,27.195071868583163,0.090625,1.0,0.1875,0.0,0.9375,0.0,15.0,1.0,0.0,0.0,0.0,0.0,0.0,0.0,0.0,10.0,58.0,1.0,0.0,,4
00-0029567,2016,veteran,QB,8.905241041430312,30.43686927453832,271.0476574362679,1904.6967919242882,11.372905100766243,6.963161772365736,18.887912056977356,54.3976506151734,0.618826738165179,1.7644828401128358,7.027165665034918,0.04195906066238695,0.2006484790004685,0.07465723772584135,0.01782397737735311,0.0011352158920891196,7.701044094751306e-05,1.370378439965884e-11,3.112675812180377,113.37692834558777,116.48960415776814,veteran,Nick Foles,QB,2.0,28.0,0.0,0.0,0.0,0.0,4.0,-4.0,0.0,55.0,36.0,410.0,3.0,0.0,4.0,0.0,0.0,0.0,0.0,0.0,0.0,0.0,0.0,0.0,0.0,0.0,0.0,0.0,0.0,16,96.08,12.615480769230771,0.6676682692307693,0.6875,27.613963039014372,0.65,1.0,0.8125,0.0,0.3125,0.0,5.0,11.0,0.0,0.0,0.0,0.0,17.0,20.0,1.0,337.0,2052.0,7.0,10.0,,4
00-0029604,2016,veteran,QB,12.217621557163708,32.83693526509109,401.18924816596615,2943.0823165157676,19.06035715440599,10.090001255647167,21.360738732717486,49.63110030001697,0.9260928631859862,2.427405938377854,7.335895291237359,0.04750964100244531,0.25999915916097016,0.10731618134682645,0.029520299414192954,0.0005619196230507191,3.336907157743958e-05,1.3703830083235835e-11,5.8721066184534685,179.44957409932223,185.3216807177757,veteran,Kirk Cousins,QB,16.0,317.28,0.0,0.0,0.0,0.0,34.0,96.0,4.0,606.0,406.0,4917.0,25.0,12.0,23.0,3.0,0.0,0.0,17.0,17.0,0.0,0.0,0.0,0.0,0.0,0.0,7.0,4.0,2.0,16,301.94,17.629603524229072,0.8554515418502203,1.0,28.035592060232716,0.7093750000000001,1.0,1.0,0.0,0.0,0.0,0.0,16.0,0.0,0.0,0.0,0.0,26.0,48.0,5.0,543.0,4166.0,29.0,11.0,,4
00-0029665,2016,veteran,QB,3.2413635158319596,27.771776849104988,90.01842424851556,650.0996072301996,3.740105204716271,2.289851364309602,14.75850886493827,70.20575224078576,0.425315519577808,0.6622156301228748,7.221850556231216,0.041548219000044836,0.17306634184316425,0.06106161471127538,0.013540001280641617,0.012414157515753295,0.0013377362198434533,1.3703628396758823e-11,0.9923743251994902,44.632739460753534,45.625113785953026,veteran,Robert Griffin III,QB,5.0,66.44,0.0,0.0,0.0,0.0,31.0,190.0,2.0,147.0,87.0,886.0,2.0,3.0,22.0,1.0,0.0,0.0,0.0,0.0,0.0,0.0,0.0,0.0,0.0,0.0,0.0,0.0,0.0,16,0.0,12.669032258064519,0.6673387096774193,0.0,26.55167693360712,0.29062499999999997,0.0,0.8125,0.0,1.0,0.0,16.0,0.0,0.0,0.0,0.0,0.0,0.0,0.0,0.0,0.0,0.0,0.0,0.0,,4
00-0029668,2016,veteran,QB,7.748769585311757,37.03777619350454,286.99719367581184,2039.601528839048,14.128902358927824,7.731848065480088,30.26972587653318,148.39680599258736,0.9434446790614534,1.5505528156860244,7.106695026234139,0.049230106322529554,0.31106266241282604,0.13931436235795572,0.042800618652521306,0.00976012331438909,0.0010022902278096749,1.3703644183859795e-11,4.780208223428779,140.03521750056845,144.81542572399724,veteran,Andrew Luck,QB,15.0,315.7,0.0,0.0,0.0,0.0,64.0,341.0,2.0,545.0,346.0,4240.0,31.0,13.0,41.0,5.0,0.0,0.0,8.0,8.0,0.0,0.0,0.0,0.0,0.0,0.0,5.0,2.0,0.0,16,132.84,20.805067873303166,0.8040158371040724,0.4375,26.97056810403833,0.690625,1.0,1.0,0.4375,0.125,7.0,9.0,7.0,0.0,0.0,0.0,0.0,33.0,196.0,0.0,293.0,1881.0,15.0,12.0,,4
00-0029677,2016,veteran,QB,4.168311337260647,21.321335226939564,88.87396335198699,636.4201281972435,3.9108226386879514,2.188668550691144,5.882221595219025,16.64120187956447,0.18977630735938267,0.8056204462310564,7.160928850181799,0.04400414352175412,0.08830153542658571,0.025415686444259296,0.0041853917797096876,0.0005459520772397939,3.224471645365258e-05,1.3703831955491968e-11,0.5643483715265885,37.914295720909884,38.478644092436475,veteran,,,0.0,0.0,0.0,0.0,0.0,0.0,0.0,0.0,0.0,0.0,0.0,0.0,0.0,0.0,0.0,0.0,0.0,0.0,0.0,0.0,0.0,0.0,0.0,0.0,0.0,0.0,0.0,0.0,0.0,16,66.42,9.887368421052631,0.375,0.375,32.884325804243666,0.35625,1.0,0.5,0.0,0.625,0.0,10.0,6.0,0.0,0.0,0.0,0.0,16.0,47.0,1.0,140.0,1043.0,5.0,2.0,,4
00-0029682,2016,veteran,QB,5.721177727732155,27.09344325773319,155.00640413371804,1108.0605612869642,6.727800173565045,3.709127432820845,13.196841293596792,34.49242234743666,0.4207501952347581,1.0874806603685079,7.1484824609638915,0.04340336911345438,0.1593858993071778,0.054682096087579485,0.011656558027039401,0.0011090506102947614,7.49035552999737e-05,1.3703785914972922e-11,1.5215104035621854,67.61415036551227,69.13566076907446,veteran,Brock Osweiler,QB,15.0,168.48000000000002,1.0,1.0,-14.0,0.0,30.0,131.0,2.0,510.0,301.0,2957.0,15.0,16.0,27.0,1.0,0.0,0.0,0.0,0.0,0.0,0.0,0.0,0.0,0.0,0.0,0.0,0.0,0.0,16,117.78,11.390338983050848,0.43008474576271183,0.5,25.776865160848732,0.36875,1.0,0.5,0.0,0.5,0.0,8.0,8.0,0.0,0.0,0.0,0.0,21.0,61.0,1.0,275.0,1967.0,10.0,6.0,,4
00-0029701,2016,veteran,QB,13.747110088290441,35.74643538391199,491.41018248659884,3481.040451483316,21.548110351910605,11.408999805331241,37.238786862226036,177.16244893242768,1.1094125565348334,2.6758183115779173,7.083777617038383,0.043849539793567954,0.2880814297329678,0.12445150975081877,0.03641256404196029,0.004534731380344331,0.00040080327492659704,1.3703694281439675e-11,7.598299371691844,221.63714346560855,229.23544283730038,veteran,Ryan Tannehill,QB,13.0,193.7,0.0,0.0,0.0,0.0,39.0,164.0,1.0,389.0,261.0,2995.0,19.0,12.0,29.0,3.0,0.0,0.0,3.5,3.5,0.0,0.0,0.0,0.0,0.0,0.0,2.0,1.0,0.0,16,268.32,16.8015,1.0,1.0,28.098562628336754,1.0,1.0,1.0,0.0,0.0,0.0,0.0,16.0,1.0,1.0,9.0,0.0,32.0,141.0,1.0,586.0,4208.0,24.0,12.0,,4
00-0030419,2016,veteran,QB,1.3761850785317922,22.044204930536818,30.33690589350173,215.05301416160637,1.3852778974635596,0.8192538128321392,1.7312417739122572,5.660560167110982,0.05379977467341984,0.2724284895541318,7.088824909058094,0.04566312406171556,0.09372233985738522,0.027413748929487527,0.0046266367516522265,0.0005737057790994231,3.4202896647039625e-05,1.3703828735064354e-11,0.19916322053910104,12.848722216297567,13.047885436836667,veteran,Matt McGloin,QB,3.0,1.6999999999999997,0.0,0.0,0.0,0.0,3.0,-3.0,0.0,15.0,8.0,50.0,0.0,0.0,0.0,0.0,0.0,0.0,0.0,0.0,0.0,0.0,0.0,0.0,0.0,0.0,0.0,0.0,0.0,16,9.68,7.65265306122449,0.2512755102040817,0.125,26.748802190280628,0.153125,1.0,0.4375,0.0,0.875,0.0,14.0,2.0,0.0,0.0,0.0,0.0,0.0,0.0,0.0,32.0,142.0,2.0,1.0,,4
00-0030520,2016,veteran,QB,2.7799385999295656,29.846501726355147,82.9714422219591,586.0627926617202,3.801517697144251,2.0798391940495597,5.597085098394642,17.714284553116485,0.1687951274177181,0.5406798224527734,7.06342781283623,0.045817182338167756,0.19417997433116976,0.07138028486530545,0.0167586747792446,0.0012241476308655168,8.423980387854968e-05,1.3703779498210693e-11,0.934388121088999,36.1917436818591,37.1261318029481,veteran,Mike Glennon,QB,1.0,9.0,0.0,0.0,0.0,0.0,0.0,0.0,0.0,11.0,10.0,75.0,1.0,0.0,0.0,0.0,0.0,0.0,0.0,0.0,0.0,0.0,0.0,0.0,0.0,0.0,0.0,0.0,0.0,16,0.0,13.647199999999998,0.6024999999999999,0.0,26.72142368240931,0.234375,0.0,0.8125,0.0,1.0,0.0,16.0,0.0,0.0,0.0,0.0,0.0,0.0,0.0,0.0,0.0,0.0,0.0,0.0,,4
00-0030524,2016,veteran,QB,4.754177308673219,11.853526150026127,56.35376505021883,411.1772505355975,2.5953432656997033,1.5892957147102655,4.493360403513772,9.39001249192496,0.13919380326604625,0.9214669828273885,7.296358107913162,0.0460544785851824,0.01917116873271491,0.00389295455066343,0.0003595765970096333,0.00018675265256659718,9.008318637962228e-06,1.3703901611633452e-11,0.12327590751853038,23.58110175793618,23.70437766545471,veteran,Landry Jones,QB,7.0,33.92,0.0,0.0,0.0,0.0,6.0,-4.0,0.0,86.0,53.0,558.0,4.0,2.0,4.0,0.0,0.0,0.0,0.0,0.0,0.0,0.0,0.0,0.0,0.0,0.0,0.0,0.0,0.0,16,22.02,3.1457142857142855,0.4375,0.4375,27.411362080766597,0.24062500000000003,1.0,0.4375,0.0625,0.5,1.0,9.0,7.0,0.0,0.0,0.0,0.0,5.0,-5.0,0.0,55.0,513.0,3.0,4.0,,4
00-0030526,2016,veteran,QB,3.3061773558660974,26.306534691398582,86.97406930800793,612.0551657699527,3.7869673044895404,2.26224880457351,11.479804739562663,39.62841714257855,0.38648067907290323,0.6485937278755077,7.037214317320659,0.04354133748851584,0.14302050519329196,0.04736546874324754,0.009601508128060104,0.0039482607325169354,0.00033976559170994906,1.3703703309101404e-11,0.7859763317962046,40.09011657255351,40.87609290434972,veteran,EJ Manuel,QB,5.0,7.44,0.0,0.0,0.0,0.0,8.0,22.0,0.0,26.0,11.0,131.0,0.0,0.0,3.0,1.0,0.0,0.0,0.0,0.0,0.0,0.0,0.0,0.0,0.0,0.0,0.0,0.0,0.0,16,38.84,12.040816326530612,0.3647959183673469,0.25,26.455852156057496,0.30625,1.0,0.625,0.0,0.75,0.0,12.0,4.0,0.0,0.0,0.0,0.0,17.0,64.0,1.0,84.0,561.0,3.0,3.0,,4
00-0030565,2016,veteran,QB,4.410625326741561,28.087339436865033,123.88273068102399,875.9714379106632,5.2308823824187805,3.5744925490368122,17.181031918480002,78.06535877120308,0.5592994663207366,0.8676308544942329,7.070972952365201,0.042224467879121694,0.16913201598250963,0.059202344810855186,0.01298249646975202,0.008370468558530726,0.0008338217066632148,1.3703654244714984e-11,1.2946143643087515,58.240472914084286,59.535087278393036,veteran,Geno Smith,QB,2.0,7.9399999999999995,0.0,0.0,0.0,0.0,2.0,9.0,0.0,14.0,8.0,126.0,1.0,1.0,3.0,0.0,0.0,0.0,0.0,0.0,0.0,0.0,0.0,0.0,0.0,0.0,0.0,0.0,0.0,16,20.0,12.108531468531469,0.8544580419580419,0.0625,25.894592744695416,0.446875,1.0,1.0,0.125,0.8125,2.0,15.0,1.0,0.0,0.0,0.0,0.0,2.0,34.0,0.0,42.0,265.0,2.0,1.0,,4
00-0031237,2016,veteran,QB,13.164244814038057,31.37405740429962,413.01577247988354,2967.010743378918,16.65723541749184,9.998601738377198,43.80690930034984,181.16932590846622,1.5211485090445702,2.480958683619965,7.183771035096317,0.04033074891420316,0.22545492142257836,0.08773348972915525,0.02227508210987727,0.005143967244875878,0.00046588346964831514,1.3703686059231171e-11,5.363746704769353,187.5940742062438,192.95782091101313,veteran,,,0.0,0.0,0.0,0.0,0.0,0.0,0.0,0.0,0.0,0.0,0.0,0.0,0.0,0.0,0.0,0.0,0.0,0.0,0.0,0.0,0.0,0.0,0.0,0.0,0.0,0.0,0.0,0.0,0.0,16,202.44,13.081889763779527,0.9424212598425196,1.0,23.808350444900753,0.7937500000000001,1.0,1.0,0.0,0.0,0.0,0.0,16.0,0.0,0.0,0.0,0.0,44.0,192.0,3.0,447.0,3231.0,14.0,9.0,,4
00-0031266,2016,veteran,QB,5.339039268803143,24.826406099971607,132.5491570710023,930.2505189049639,5.609554391952826,3.8240784043738314,8.015464093654126,16.787520376719407,0.2680959426939433,1.0722317275295303,7.018154920492318,0.0423205587716259,0.12328480913500352,0.03899887878789833,0.007397120418018063,0.00037120484319949913,2.0383353489506503e-05,1.3703857007904676e-11,1.051679406594245,53.142945754038735,54.19462516063298,veteran,,,0.0,0.0,0.0,0.0,0.0,0.0,0.0,0.0,0.0,0.0,0.0,0.0,0.0,0.0,0.0,0.0,0.0,0.0,0.0,0.0,0.0,0.0,0.0,0.0,0.0,0.0,0.0,0.0,0.0,16,42.2,7.525042016806722,0.4375,0.4375,25.130732375085557,0.37187500000000007,1.0,0.4375,0.0,0.5625,0.0,9.0,7.0,0.0,0.0,0.0,0.0,9.0,8.0,1.0,166.0,935.0,4.0,7.0,,4
00-0031280,2016,veteran,QB,13.446238658030156,35.485380196250034,477.14489098971495,3267.837523090969,22.206923943053194,11.135243401524919,32.841599599582956,120.84750847523533,0.8824197824401474,2.65415540483363,6.848732082853652,0.046541258981083536,0.2648457196715806,0.11019441469334956,0.030642336288546127,0.00229473148524237,0.00017796295186897686,1.37037386408468e-11,6.642222591995598,209.3416686252989,215.98389121729448,veteran,Derek Carr,QB,15.0,275.98,0.0,0.0,0.0,0.0,39.0,70.0,0.0,560.0,357.0,3937.0,28.0,6.0,16.0,3.0,0.0,0.0,7.5,7.5,0.0,0.0,0.0,0.0,0.0,0.0,4.0,1.0,1.0,16,278.78000000000003,15.53154411764706,1.0,1.0,25.43189596167009,0.8500000000000001,1.0,1.0,0.0,0.0,0.0,0.0,16.0,0.0,0.0,0.0,0.0,33.0,138.0,0.0,573.0,3987.0,32.0,13.0,,4
00-0031288,2016,veteran,QB,4.852813769988562,19.00146923942454,92.2105915750935,661.126071641454,4.247736989032637,2.2018791014888177,9.159163197140685,25.226697871676233,0.2751173855936537,0.9405849577163783,7.169741136548864,0.04606560826120944,0.06561631046435519,0.01749928864018063,0.0025584305052293007,0.0008547636642399365,5.4950368039690264e-05,1.3703802836425606e-11,0.47518409671199485,41.32443680410786,41.79962090081985,veteran,,,0.0,0.0,0.0,0.0,0.0,0.0,0.0,0.0,0.0,0.0,0.0,0.0,0.0,0.0,0.0,0.0,0.0,0.0,0.0,0.0,0.0,0.0,0.0,0.0,0.0,0.0,0.0,0.0,0.0,16,55.26,7.894285714285714,0.4375,0.4375,25.968514715947983,0.24062500000000003,1.0,0.4375,0.0,0.5625,0.0,9.0,7.0,0.0,0.0,0.0,0.0,14.0,31.0,0.0,119.0,854.0,6.0,2.0,,4
00-0031407,2016,veteran,QB,13.216657295440442,36.278906680219166,479.4858766457216,3389.874879216968,22.12163400638886,13.398541718995832,51.45136039851017,308.8169481226248,1.5185093512734062,2.6455379333923474,7.069811738629477,0.04613615350079206,0.2955737610258354,0.12921273566489713,0.0384177065914393,0.014401717375016814,0.0015993433484346037,1.3703618626267392e-11,7.705694620203093,231.98612280936072,239.69181742956383,veteran,Blake Bortles,QB,16.0,275.6,1.0,1.0,20.0,1.0,58.0,359.0,3.0,625.0,368.0,3905.0,23.0,16.0,34.0,6.0,0.0,0.0,5.0,5.0,0.0,0.0,0.0,0.0,0.0,0.0,5.0,0.0,0.0,16,325.12,17.660153846153847,0.9596153846153848,1.0,24.711841204654345,0.8125,1.0,1.0,0.0,0.0,0.0,0.0,16.0,0.0,0.0,0.0,0.0,52.0,310.0,2.0,606.0,4428.0,35.0,18.0,,4
00-0031409,2016,veteran,QB,6.712033430487092,24.54674176745913,164.7585513527195,1161.7565928690808,6.905094630467429,4.115984764597903,25.85819191967105,136.67603622352527,0.7504334618616736,1.3422598656011144,7.051267344430343,0.041910386889022946,0.12127747037616651,0.038176027820256496,0.007189146149141756,0.011002451447062758,0.001157201581420397,1.3703636325340369e-11,1.3803837622326962,81.34435736975749,82.72474113199019,veteran,,,0.0,0.0,0.0,0.0,0.0,0.0,0.0,0.0,0.0,0.0,0.0,0.0,0.0,0.0,0.0,0.0,0.0,0.0,0.0,0.0,0.0,0.0,0.0,0.0,0.0,0.0,0.0,0.0,0.0,16,98.5,9.389430894308942,0.5015243902439024,0.5625,23.737166324435318,0.384375,1.0,0.5625,0.0625,0.375,1.0,7.0,9.0,0.0,0.0,0.0,0.0,37.0,230.0,0.0,223.0,1500.0,7.0,5.0,,4
00-0031503,2016,veteran,QB,12.731350456264725,34.3548556081591,437.3837066218451,3186.067148139062,19.178656137823182,11.394395894315249,46.2906180557288,173.68376053903813,1.998919136232891,2.4201957345144827,7.284375480620462,0.04384858385775385,0.2812923179200334,0.12020673230668737,0.03465781837182539,0.0050580817744532176,0.00045661178965066153,1.3703687157743124e-11,6.832419937006491,205.8900180904969,212.7224380275034,veteran,Jameis Winston,QB,16.0,262.6,0.0,0.0,0.0,0.0,53.0,165.0,1.0,567.0,345.0,4090.0,28.0,18.0,35.0,6.0,0.0,0.0,6.5,6.5,0.0,0.0,0.0,0.0,0.0,0.0,3.0,1.0,1.0,16,278.48,17.405,1.0,1.0,22.652977412731005,0.55,1.0,1.0,0.0,0.0,0.0,0.0,16.0,0.0,0.0,0.0,0.0,54.0,213.0,6.0,535.0,4042.0,22.0,15.0,,4
00-0032268,2016,veteran,QB,9.339750944115822,32.07900257824067,299.6098946164172,2180.9921793760163,14.09045045196729,7.653572207782421,34.184156686742156,219.1326601762379,1.1641171698603305,2.0039776616233453,7.279439760052933,0.04702932281327668,0.2434443748499804,0.09772909586622687,0.025887951633727212,0.014518652578505863,0.0016149893801405662,1.3703618093658103e-11,4.284657991610939,153.18435828088406,157.469016272495,veteran,Marcus Mariota,QB,15.0,260.94,1.0,0.0,0.0,0.0,60.0,349.0,2.0,451.0,276.0,3426.0,26.0,9.0,23.0,5.0,0.0,0.0,1.0,1.0,0.0,0.0,0.0,0.0,0.0,0.0,1.0,0.0,0.0,16,216.52,18.043333333333333,0.75,0.75,22.83915126625599,0.41250000000000003,1.0,0.75,0.25,0.0,4.0,4.0,12.0,1.0,1.0,41.0,1.0,34.0,252.0,2.0,370.0,2818.0,19.0,10.0,,4
00-0032893,2016,rookie,QB,4.607008064062401,24.07035124259374,110.8923022794438,760.1207212294989,4.074510873104272,3.1594724143139055,12.849513862057583,62.103213180656056,0.6150478821424716,0.9214016128124802,6.8545850848513155,0.03674295500544917,0.10758723202829774,0.03270390612847793,0.005848563655558954,0.004943287864450859,0.0004442680892613425,1.370368865534677e-11,0.8013886314690832,48.4417328982647,49.243121529733784,rookie,Connor Cook,QB,1.0,6.0,0.0,0.0,0.0,0.0,0.0,0.0,0.0,21.0,14.0,150.0,1.0,1.0,2.0,1.0,0.0,0.0,0.0,0.0,0.0,0.0,0.0,0.0,0.0,0.0,0.0,0.0,0.0,16,0.0,,,0.0,23.589322381930184,0.0,0.0,0.0,0.0,1.0,0.0,16.0,0.0,0.0,0.0,0.0,0.0,0.0,0.0,0.0,0.0,0.0,0.0,0.0,,4
00-0032950,2016,rookie,QB,16.0,34.86489115294981,557.838258447197,3823.7498061115894,20.496626030443483,15.893570184623547,65.1774532650945,315.0103045257349,3.119748733258081,3.2,6.8545850848513155,0.03674295500544917,0.25570332716329075,0.1047922221255189,0.02854831317495134,0.010301554464679775,0.0010693268937207582,1.3703640643897641e-11,7.71030130454624,246.96887884911237,254.67918015365862,rookie,Carson Wentz,QB,16.0,218.98,1.0,1.0,7.0,0.0,46.0,150.0,2.0,607.0,379.0,3782.0,16.0,14.0,33.0,3.0,0.0,0.0,5.5,5.5,0.0,0.0,0.0,0.0,0.0,0.0,4.0,1.0,0.0,16,0.0,,,0.0,23.67145790554415,0.0,0.0,0.0,0.0,1.0,0.0,16.0,0.0,0.0,0.0,0.0,0.0,0.0,0.0,0.0,0.0,0.0,0.0,0.0,,4
00-0032953,2016,rookie,QB,5.115108017210181,22.37083459085965,114.42923536738904,784.3649300202455,4.2044682464119285,3.2602444453109443,17.276744408195828,83.50053959769679,0.8269593054375752,1.0230216034420363,6.8545850848513155,0.03674295500544917,0.08928984705367886,0.025776985461798,0.004264321455035153,0.007153395834623207,0.0006908948751149793,1.3703664523138023e-11,0.7400216351339725,52.9377478813467,53.67776951648067,rookie,,,0.0,0.0,0.0,0.0,0.0,0.0,0.0,0.0,0.0,0.0,0.0,0.0,0.0,0.0,0.0,0.0,0.0,0.0,0.0,0.0,0.0,0.0,0.0,0.0,0.0,0.0,0.0,0.0,0.0,16,0.0,,,0.0,21.54688569472964,0.0,0.0,0.0,0.0,1.0,0.0,16.0,0.0,0.0,0.0,0.0,0.0,0.0,0.0,0.0,0.0,0.0,0.0,0.0,,4
00-0033077,2016,rookie,QB,3.307212199620317,22.39595319968393,74.06816964412037,507.7065709048245,2.721483424569891,2.11030282498428,9.187390344657668,44.40373910432219,0.43975865815308374,0.6614424399240635,6.8545850848513155,0.03674295500544917,0.08954773646804434,0.025871482319228912,0.004285028466161614,0.004905455065549857,0.00044021232657670415,1.3703689156505236e-11,0.47124728054957865,32.72963186400658,33.200879144556154,rookie,Dak Prescott,QB,16.0,288.88,0.0,0.0,0.0,0.0,57.0,282.0,6.0,459.0,311.0,3667.0,23.0,4.0,25.0,4.0,0.0,0.0,2.0,2.0,0.0,0.0,0.0,0.0,0.0,0.0,2.0,0.0,0.0,16,0.0,,,0.0,23.093771389459274,0.0,0.0,0.0,0.0,1.0,0.0,16.0,0.0,0.0,0.0,0.0,0.0,0.0,0.0,0.0,0.0,0.0,0.0,0.0,,4
00-0033098,2016,rookie,QB,3.850918096726737,23.751444287185713,91.46486662892033,626.9537105825121,3.360689479125829,2.605958367288249,10.089778191680967,48.76508580093156,0.48295186687218083,0.7701836193453474,6.8545850848513155,0.03674295500544917,0.10402456119838947,0.03132016354067311,0.005521671530742695,0.004385052594550602,0.00038506864391139514,1.37036964698527e-11,0.6431449319345778,39.54284214786286,40.185987079797435,rookie,Cardale Jones,QB,1.0,1.7399999999999998,0.0,0.0,0.0,0.0,1.0,-1.0,0.0,11.0,6.0,96.0,0.0,1.0,1.0,0.0,0.0,0.0,0.0,0.0,0.0,0.0,0.0,0.0,0.0,0.0,0.0,0.0,0.0,16,0.0,,,0.0,23.923340177960302,0.0,0.0,0.0,0.0,1.0,0.0,16.0,0.0,0.0,0.0,0.0,0.0,0.0,0.0,0.0,0.0,0.0,0.0,0.0,,4
00-0033104,2016,rookie,QB,4.616621451072129,23.784892155307805,109.80584333563122,752.673495957938,4.034591161016499,3.128517722313641,13.217895033566574,63.88364274955333,0.6326806160956834,0.9233242902144259,6.8545850848513155,0.03674295500544917,0.10439547120658631,0.03146344293311954,0.005555285494976786,0.005198388847607918,0.0004717744596593436,1.3703685372560177e-11,0.778395880214631,48.326068428856814,49.104464309071446,rookie,Cody Kessler,QB,9.0,78.0,0.0,0.0,0.0,0.0,11.0,18.0,0.0,195.0,128.0,1380.0,6.0,2.0,21.0,1.0,0.0,0.0,1.0,1.0,0.0,0.0,0.0,0.0,0.0,0.0,1.0,0.0,0.0,16,0.0,,,0.0,23.310061601642712,0.0,0.0,0.0,0.0,1.0,0.0,16.0,0.0,0.0,0.0,0.0,0.0,0.0,0.0,0.0,0.0,0.0,0.0,0.0,,4
00-0033106,2016,rookie,QB,16.0,33.65974288008454,538.5558860813527,3691.5771440921244,19.788134690206952,15.34418918774522,73.97040128697373,357.5076574490736,3.5406272284838654,3.2,6.8545850848513155,0.03674295500544917,0.23722926350045068,0.09422642484735501,0.024601508810846526,0.013194265194132332,0.0014394195381253942,1.3703624389563853e-11,7.090005006750463,246.72177526483296,253.81178027158342,rookie,Jared Goff,QB,7.0,53.160000000000004,0.0,0.0,0.0,0.0,8.0,16.0,1.0,205.0,112.0,1089.0,5.0,7.0,26.0,2.0,0.0,0.0,0.0,0.0,0.0,0.0,0.0,0.0,0.0,0.0,0.0,0.0,0.0,16,0.0,,,0.0,21.883641341546884,0.0,0.0,0.0,0.0,1.0,0.0,16.0,0.0,0.0,0.0,0.0,0.0,0.0,0.0,0.0,0.0,0.0,0.0,0.0,,4
00-0033108,2016,rookie,QB,7.950889441723031,25.943505681664806,206.27394540563017,1413.9223095708671,7.579114294835548,5.877025067605531,27.206632475800042,131.4928576061953,1.3022579580913345,1.5901778883446063,6.8545850848513155,0.03674295500544917,0.12965945741730747,0.04164650632276533,0.008077241539622788,0.007336306183908282,0.0007120793291251702,1.3703662872316488e-11,1.7228633266857754,92.90177715944414,94.6246404861299,rookie,Paxton Lynch,QB,3.0,28.380000000000003,0.0,0.0,0.0,0.0,11.0,25.0,0.0,83.0,49.0,497.0,2.0,1.0,9.0,0.0,0.0,0.0,0.0,0.0,0.0,0.0,0.0,0.0,0.0,0.0,0.0,0.0,0.0,16,0.0,,,0.0,22.55167693360712,0.0,0.0,0.0,0.0,1.0,0.0,16.0,0.0,0.0,0.0,0.0,0.0,0.0,0.0,0.0,0.0,0.0,0.0,0.0,,4
00-0033119,2016,rookie,QB,4.999007572306633,24.55922254847836,122.77173948980712,841.5493343480831,4.51099650001471,3.4979337267063215,13.979613391050822,67.56511724316414,0.6691406150955762,0.9998015144613266,6.8545850848513155,0.03674295500544917,0.11316128963212442,0.03490237357637678,0.006378121456404626,0.004968352188648535,0.00044695843443374344,1.370368832542546e-11,0.9193668966252748,53.48184430653674,54.40121120316202,rookie,Jacoby Brissett,QB,3.0,28.299999999999997,0.0,0.0,0.0,0.0,16.0,83.0,1.0,55.0,34.0,400.0,0.0,0.0,6.0,1.0,0.0,0.0,0.0,0.0,0.0,0.0,0.0,0.0,0.0,0.0,0.0,0.0,0.0,16,0.0,,,0.0,23.72347707049966,0.0,0.0,0.0,0.0,1.0,0.0,16.0,0.0,0.0,0.0,0.0,0.0,0.0,0.0,0.0,0.0,0.0,0.0,0.0,,4
00-0007091,2017,veteran,QB,0.28754852690514365,27.128113645201942,7.800649116393146,55.22252486370064,0.339167045261214,0.18023177045844418,0.3809806889752068,0.7500216215593525,0.01228213165882309,0.05752391539413711,7.079221746771038,0.043479336168121045,0.14031287081174654,0.044777304280905955,0.008613195152461848,0.0001760204381294023,8.86280802186605e-06,1.3704501571523076e-11,0.06466809144761726,3.2387527559965927,3.30342084744421,veteran,,,0.0,0.0,0.0,0.0,0.0,0.0,0.0,0.0,0.0,0.0,0.0,0.0,0.0,0.0,0.0,0.0,0.0,0.0,0.0,0.0,0.0,0.0,0.0,0.0,0.0,0.0,0.0,0.0,0.0,16,0.0,10.057,0.44999999999999996,0.0,41.935660506502394,0.1875,0.0,0.5,0.0,1.0,0.0,16.0,0.0,0.0,0.0,0.0,0.0,0.0,0.0,0.0,0.0,0.0,0.0,0.0,,5
00-0010346,2017,veteran,QB,2.3844530329133566,33.12030809724888,78.9738190935099,568.488437644208,3.5396384605674327,2.290034335580949,2.6160627630695727,3.490566207938354,0.08467609899219139,0.4374962805514948,7.1984417642393925,0.044820403789467,0.2438167614306096,0.09649160637586666,0.024708164460838407,7.585021311955213e-05,3.33917308586914e-06,1.3704582620366335e-11,1.044512891339655,32.30014333052015,33.34465622185981,veteran,,,0.0,0.0,0.0,0.0,0.0,0.0,0.0,0.0,0.0,0.0,0.0,0.0,0.0,0.0,0.0,0.0,0.0,0.0,0.0,0.0,0.0,0.0,0.0,0.0,0.0,0.0,0.0,0.0,0.0,16,0.0,14.302777777777777,0.7916666666666666,0.0,41.440109514031484,0.3375,0.0,1.0,0.0,1.0,0.0,16.0,0.0,0.0,0.0,0.0,0.0,0.0,0.0,0.0,0.0,0.0,0.0,0.0,,5
00-0019596,2017,veteran,QB,9.848506148023485,38.31723261839763,377.3675010175351,2805.921771092038,19.483841891005717,5.954590007088432,17.743810968092237,37.01869177883694,0.5767476394431563,1.6943377272814923,7.435515150420056,0.05163094818305608,0.3611051608160144,0.17393667512845562,0.05768786215157146,0.000324152638874923,1.799283020385564e-05,1.370444277711976e-11,7.265607771340849,182.03673795350716,189.302345724848,veteran,Tom Brady,QB,16.0,306.88,0.0,0.0,0.0,0.0,25.0,28.0,0.0,581.0,385.0,4577.0,32.0,8.0,35.0,3.0,0.0,0.0,11.0,11.0,0.0,0.0,0.0,0.0,0.0,0.0,6.0,2.0,1.0,16,272.06,21.761014492753624,0.8804347826086957,0.75,40.07939767282683,0.8625,1.0,1.0,0.0,0.25,0.0,4.0,12.0,0.0,0.0,0.0,0.0,28.0,64.0,0.0,432.0,3554.0,28.0,2.0,,5
00-0020245,2017,veteran,QB,1.0664769885581267,16.66915636135792,17.777271678065535,124.84368373326912,0.7740911685062196,0.4175751139685158,3.1721277188091164,14.606501510908233,0.09966301113483259,0.20490376803960997,7.022657131763776,0.04354386784004269,0.0333154809464704,0.007096032547535431,0.0007532255249974745,0.003889675660227352,0.0003220700362407106,1.3704203232759055e-11,0.05315189234172504,8.903782477239211,8.956934369580937,veteran,,,0.0,0.0,0.0,0.0,0.0,0.0,0.0,0.0,0.0,0.0,0.0,0.0,0.0,0.0,0.0,0.0,0.0,0.0,0.0,0.0,0.0,0.0,0.0,0.0,0.0,0.0,0.0,0.0,0.0,16,0.0,5.523157894736842,0.430921052631579,0.0,37.18275154004107,0.17812499999999998,0.0,0.5625,0.0,1.0,0.0,16.0,0.0,0.0,0.0,0.0,0.0,0.0,0.0,0.0,0.0,0.0,0.0,0.0,,5
00-0020531,2017,veteran,QB,12.93545493126498,41.20176348642828,532.963554667332,3949.7413084354266,25.865358925346097,11.962569687396487,18.94473077530573,28.080070846357344,0.7123125793929169,2.57910446587842,7.410903191871716,0.04853119636199303,0.41283808523507354,0.215188296210973,0.0794312871706689,0.0001323390491611063,6.366921652299536e-06,1.370452903345711e-11,11.572381281886987,239.4496222932449,251.02200357513186,veteran,Drew Brees,QB,16.0,268.56,0.0,0.0,0.0,0.0,33.0,12.0,2.0,536.0,386.0,4334.0,23.0,8.0,20.0,0.0,0.0,0.0,6.0,6.0,0.0,0.0,0.0,0.0,0.0,0.0,3.0,2.0,0.0,16,355.32,21.709108280254778,0.9820859872611465,1.0,38.62833675564682,0.9812500000000001,1.0,1.0,0.0,0.0,0.0,0.0,16.0,0.0,0.0,0.0,0.0,23.0,20.0,2.0,673.0,5208.0,37.0,15.0,,5
00-0020679,2017,veteran,QB,1.3283251088955241,16.540792951435023,21.971550598433243,156.82239682843635,0.930469832147959,0.5176338912074228,1.1593717671297716,2.3923763590576472,0.038615857625524816,0.24732379113943195,7.137520682751408,0.0423488468863144,0.03418402924141135,0.007326640359247174,0.000785406174121846,0.00010066290306989009,4.6361334540365766e-06,1.3704555373473964e-11,0.0622352449144768,8.935792618694494,8.998027863608971,veteran,,,0.0,0.0,0.0,0.0,0.0,0.0,0.0,0.0,0.0,0.0,0.0,0.0,0.0,0.0,0.0,0.0,0.0,0.0,0.0,0.0,0.0,0.0,0.0,0.0,0.0,0.0,0.0,0.0,0.0,16,10.18,5.092266666666666,0.2875,0.1875,37.64544832306639,0.234375,1.0,0.5,0.0,0.8125,0.0,13.0,3.0,0.0,0.0,0.0,0.0,5.0,5.0,0.0,35.0,242.0,0.0,0.0,,5
00-0021206,2017,veteran,QB,3.5971064268346042,30.901791225713186,111.15703181871409,786.2701323641556,4.726639399052975,2.882389529553894,6.393224177193277,25.959046218169647,0.2250712019020128,0.9113789295537429,7.073507806923839,0.04252218075381544,0.1969736019239473,0.0712562865490519,0.01621538362464804,0.001081148256869818,7.277483951065627e-05,1.3704326748833375e-11,1.2139482738500684,46.7161578057919,47.93010607964197,veteran,Josh McCown,QB,13.0,209.94,0.0,0.0,0.0,0.0,37.0,124.0,5.0,397.0,267.0,2926.0,18.0,9.0,39.0,4.0,0.0,0.0,4.5,4.5,0.0,0.0,0.0,0.0,0.0,0.0,3.0,1.0,0.0,16,54.1,13.403529411764703,0.46966911764705876,0.3125,38.16290212183436,0.42500000000000004,1.0,0.6875,0.3125,0.375,5.0,11.0,5.0,0.0,0.0,0.0,0.0,7.0,21.0,0.0,165.0,1100.0,6.0,6.0,,5
00-0021429,2017,veteran,QB,12.032625733915548,36.43674200473971,438.4296795062727,3218.0302100622753,20.6581153001274,10.007935088818039,15.007036861039264,34.33192519490407,0.478960794733697,2.407994088884185,7.339900468613768,0.047118423468481996,0.3164932786681189,0.1419610153740586,0.04283279633727102,0.0002034651832320157,1.0484364338887464e-05,1.3704487620716647e-11,7.403910287021888,192.82876853548876,200.23267882251065,veteran,Carson Palmer,QB,7.0,106.82000000000001,0.0,0.0,0.0,0.0,14.0,12.0,0.0,267.0,164.0,1978.0,9.0,7.0,22.0,0.0,0.0,0.0,4.5,4.5,0.0,0.0,0.0,0.0,0.0,0.0,3.0,1.0,0.0,16,252.12,18.12322580645161,0.9227150537634409,0.9375,37.68104038329911,0.8718750000000001,1.0,1.0,0.0625,0.0,1.0,1.0,15.0,0.0,0.0,0.0,0.0,14.0,38.0,0.0,597.0,4233.0,26.0,14.0,,5
00-0021678,2017,veteran,QB,1.9223727949499727,25.268168307519915,48.57483933259338,355.49096490401644,2.3803425122901896,1.2716485180111954,2.291537001601032,7.097141422330407,0.0743211842963524,0.37749298608330156,7.318417719716152,0.04900361061396237,0.1265739789772833,0.03901368256980087,0.007155341532126747,0.00031417723689195257,1.7352259881089758e-05,1.3704445787018574e-11,0.3839851066330433,21.598366885143577,21.98235199177662,veteran,,,0.0,0.0,0.0,0.0,0.0,0.0,0.0,0.0,0.0,0.0,0.0,0.0,0.0,0.0,0.0,0.0,0.0,0.0,0.0,0.0,0.0,0.0,0.0,0.0,0.0,0.0,0.0,0.0,0.0,16,5.16,13.97025,0.6109375,0.0625,37.36344969199179,0.25,1.0,0.9375,0.5,0.4375,8.0,15.0,1.0,0.0,0.0,0.0,0.0,0.0,0.0,0.0,4.0,29.0,1.0,0.0,,5
00-0022787,2017,veteran,QB,0.7798678713176406,13.475983278505613,10.50948639332029,74.96563447663472,0.46461791579682876,0.27771657833252683,0.6109493120930652,1.7389188312826032,0.020193360068540507,0.14846293416706619,7.133139686472406,0.04420938363763757,0.018249486985787718,0.0033758015218640983,0.00028554702323805296,0.0001378316883583,6.674341115612049e-06,1.3704525118233366e-11,0.01874188336993622,4.299790060793021,4.318531944162958,veteran,,,0.0,0.0,0.0,0.0,0.0,0.0,0.0,0.0,0.0,0.0,0.0,0.0,0.0,0.0,0.0,0.0,0.0,0.0,0.0,0.0,0.0,0.0,0.0,0.0,0.0,0.0,0.0,0.0,0.0,16,0.44,3.123137254901961,0.16544117647058826,0.1875,36.186173853524984,0.159375,1.0,0.1875,0.0,0.8125,0.0,13.0,3.0,0.0,0.0,0.0,0.0,2.0,-2.0,0.0,3.0,16.0,0.0,0.0,,5
00-0022803,2017,veteran,QB,13.376693037296414,36.87126746943786,493.2156268347232,3476.2583433496943,22.813505199446112,12.098099099477786,17.187351010587818,25.324791972199698,0.5234685722831894,2.800267690148552,7.048151263290347,0.04625462770888832,0.29726073006303777,0.1291516842626904,0.0373685413018102,0.00010811639730664755,5.0364738624137724e-06,1.3704548496482153e-11,7.56908150130832,206.18091158343861,213.74999308474693,veteran,Eli Manning,QB,15.0,194.32,0.0,0.0,0.0,0.0,12.0,26.0,1.0,571.0,352.0,3468.0,19.0,13.0,32.0,5.0,0.0,0.0,7.0,7.0,0.0,0.0,0.0,0.0,0.0,0.0,2.0,2.0,1.0,16,236.18,16.3758125,1.0,1.0,36.65982203969884,1.0,1.0,1.0,0.0,0.0,0.0,0.0,16.0,0.0,0.0,0.0,0.0,21.0,-9.0,0.0,598.0,4027.0,26.0,16.0,,5
00-0022864,2017,veteran,QB,0.0,18.526718715432875,0.0,0.0,0.0,0.0,0.0,0.0,0.0,0.0,7.202362746136902,0.04375411015896893,9.636775565325355e-09,8.475858820379302e-11,9.357622968839299e-14,1.03686710924721e-05,3.323637782390092e-07,1.3704774192038902e-11,0.0,0.0,0.0,veteran,,,0.0,0.0,0.0,0.0,0.0,0.0,0.0,0.0,0.0,0.0,0.0,0.0,0.0,0.0,0.0,0.0,0.0,0.0,0.0,0.0,0.0,0.0,0.0,0.0,0.0,0.0,0.0,0.0,0.0,16,0.0,6.2,0.125,0.0,36.139630390143736,0.0375,0.0,0.125,0.0,1.0,0.0,16.0,0.0,0.0,0.0,0.0,0.0,0.0,0.0,0.0,0.0,0.0,0.0,0.0,,5
00-0022924,2017,veteran,QB,11.512033705869445,36.58753930139496,421.1969856524818,3140.764810793842,20.262223506359305,10.555369615813351,15.705978797573561,25.80176081515403,0.5185962572348852,2.121968766666067,7.456759943161611,0.048106288023336226,0.3302293423541967,0.15146444817858723,0.04706672764099575,0.0001389193228348389,6.735450220662329e-06,1.3704524361485296e-11,7.502490131251422,187.01656331715677,194.5190534484082,veteran,Ben Roethlisberger,QB,15.0,271.06,0.0,0.0,0.0,0.0,28.0,47.0,0.0,562.0,361.0,4259.0,28.0,14.0,21.0,1.0,0.0,0.0,10.0,10.0,0.0,0.0,0.0,0.0,0.0,0.0,5.0,2.0,1.0,16,261.16,19.472700729927006,0.8640510948905109,0.875,35.501711156741955,0.8562500000000001,1.0,1.0,0.0625,0.0625,1.0,2.0,14.0,0.0,0.0,0.0,0.0,16.0,14.0,1.0,509.0,3819.0,29.0,13.0,,5
00-0022942,2017,veteran,QB,13.502080332430678,37.068687628457944,500.5043981772184,3647.5995177665336,24.058710434986374,13.770347285403592,19.240851897832304,48.96113911308863,0.5727040565872197,2.7583342938456386,7.287847081965088,0.04806892910952538,0.3234023514186683,0.14670373673478573,0.044926615811922394,0.00030455704246251615,1.673757407443055e-05,1.3704448781639273e-11,8.555469679884544,217.41379754294059,225.96926722282512,veteran,Philip Rivers,QB,16.0,281.4,0.0,0.0,0.0,0.0,18.0,-2.0,0.0,575.0,360.0,4515.0,28.0,10.0,18.0,1.0,0.0,0.0,11.0,11.0,0.0,0.0,0.0,0.0,0.0,0.0,6.0,2.0,1.0,16,267.94,17.452,1.0,1.0,35.73169062286105,1.0,1.0,1.0,0.0,0.0,0.0,0.0,16.0,0.0,0.0,0.0,0.0,14.0,35.0,0.0,578.0,4386.0,33.0,21.0,,5
00-0023436,2017,veteran,QB,12.942880185904013,32.90619737987621,425.90097006144634,3053.9681526691697,17.246235187279026,8.287663572455141,42.63359716039269,176.7188571385369,1.720791779516995,2.4254951460648724,7.17060623794438,0.04049353347279497,0.2378515498845987,0.09310569712662133,0.023501902568996858,0.0038651176484261404,0.00031970527648946987,1.3704203844822842e-11,5.550665169788309,197.71398580979852,203.26465097958683,veteran,Alex Smith,QB,15.0,303.18,0.0,0.0,0.0,0.0,60.0,355.0,1.0,505.0,341.0,4042.0,26.0,5.0,35.0,1.0,0.0,0.0,8.0,8.0,0.0,0.0,0.0,0.0,0.0,0.0,5.0,2.0,0.0,16,226.78,15.686339869281046,0.9571078431372549,0.9375,33.319644079397676,0.95625,1.0,1.0,0.0625,0.0,1.0,1.0,15.0,1.0,1.0,3.0,0.0,48.0,134.0,5.0,489.0,3502.0,15.0,8.0,,5
00-0023459,2017,veteran,QB,13.72471894101508,37.68271096182973,517.184616886621,3714.9618930558117,27.455882943706527,8.846248427781507,48.52896013197743,255.22114950441426,1.780478097214985,2.813717920026478,7.183047932514626,0.05308719951685164,0.32474443839973094,0.14763376679011644,0.04534167845333588,0.007314643338819907,0.0006722529384948752,1.3704142106812566e-11,8.855208812274904,271.3070583351739,280.1622671474488,veteran,Aaron Rodgers,QB,7.0,132.6,0.0,0.0,0.0,0.0,24.0,126.0,0.0,238.0,154.0,1675.0,16.0,6.0,22.0,1.0,0.0,0.0,3.0,3.0,0.0,0.0,0.0,0.0,0.0,0.0,3.0,0.0,0.0,16,389.02,22.547125,1.0,1.0,33.74948665297741,1.0,1.0,1.0,0.0,0.0,0.0,0.0,16.0,0.0,0.0,0.0,0.0,67.0,369.0,4.0,610.0,4428.0,40.0,7.0,,5
00-0023578,2017,veteran,QB,0.0,18.450895119107418,0.0,0.0,0.0,0.0,0.0,0.0,0.0,0.0,7.110273458625759,0.04437395032258843,9.636775565325355e-09,8.475858820379302e-11,9.357622968839299e-14,1.03686710924721e-05,3.323637782390092e-07,1.3704774192038902e-11,0.0,0.0,0.0,veteran,,,0.0,0.0,0.0,0.0,0.0,0.0,0.0,0.0,0.0,0.0,0.0,0.0,0.0,0.0,0.0,0.0,0.0,0.0,0.0,0.0,0.0,0.0,0.0,0.0,0.0,0.0,0.0,0.0,0.0,16,0.0,5.0200000000000005,0.125,0.0,34.039698836413415,0.0375,0.0,0.125,0.0,1.0,0.0,16.0,0.0,0.0,0.0,0.0,0.0,0.0,0.0,0.0,0.0,0.0,0.0,0.0,,5
00-0023645,2017,veteran,QB,2.1149785487596295,14.578245708831734,30.83267695272624,223.23845241553326,1.37102521657327,0.8709011308349245,1.9584375012695836,5.285042191875088,0.06405433830263299,0.4086659444043431,7.2403201563656125,0.04446662930615382,0.024309299189860255,0.0048040417954314735,0.00045244979129878984,0.0001644528518270747,8.191026442092671e-06,1.3704508116308347e-11,0.06894195762462521,12.767335061439182,12.836277019063807,veteran,Derek Anderson,QB,3.0,0.48000000000000004,0.0,0.0,0.0,0.0,2.0,-2.0,0.0,8.0,2.0,17.0,0.0,0.0,0.0,0.0,0.0,0.0,0.0,0.0,0.0,0.0,0.0,0.0,0.0,0.0,0.0,0.0,0.0,16,16.519999999999996,4.421818181818181,0.24756493506493507,0.25,34.21492128678987,0.240625,1.0,0.3125,0.0625,0.6875,1.0,12.0,4.0,0.0,0.0,0.0,0.0,1.0,4.0,0.0,53.0,453.0,2.0,5.0,,5
00-0023662,2017,veteran,QB,2.7253310958893424,20.131884917671435,54.866051984995615,382.15282538071625,2.3227604217703317,1.4885377962420798,3.834491567350015,13.26107925798068,0.12194644791399584,0.48845539459752657,6.965196356486972,0.04233511138008516,0.05725280080924785,0.013981766339980536,0.0018332053942000928,0.000514191939984168,3.0725963245772114e-05,1.3704398344531958e-11,0.22470938656946451,22.680954933912812,22.905664320482277,veteran,Matt Cassel,QB,2.0,2.4800000000000004,0.0,0.0,0.0,0.0,0.0,0.0,0.0,42.0,25.0,162.0,1.0,2.0,8.0,2.0,0.0,0.0,0.0,0.0,0.0,0.0,0.0,0.0,0.0,0.0,0.0,0.0,0.0,16,15.66,6.353465346534654,0.3632425742574258,0.25,35.29363449691992,0.315625,1.0,0.5,0.0,0.75,0.0,12.0,4.0,0.0,0.0,0.0,0.0,4.0,3.0,0.0,51.0,284.0,2.0,2.0,,5
00-0023682,2017,veteran,QB,11.866394427865593,31.28054557076799,371.187291661557,2618.99768330648,16.1482658294293,10.882185273811604,31.003323647558048,120.2255749798091,0.9384421097248961,2.070999277813553,7.055731007338588,0.043504360715433774,0.20183154668675468,0.07373076355727955,0.01699641244355609,0.0021107856387434965,0.0001582478106901737,1.3704262246309405e-11,4.138626653232344,161.0998117030564,165.23843835628873,veteran,Ryan Fitzpatrick,QB,6.0,73.92,0.0,0.0,0.0,0.0,15.0,78.0,0.0,163.0,96.0,1103.0,7.0,3.0,7.0,0.0,0.0,0.0,0.0,0.0,0.0,0.0,0.0,0.0,0.0,0.0,0.0,0.0,0.0,16,135.9,13.173986013986013,0.9012237762237763,0.875,34.770704996577685,0.89375,1.0,1.0,0.0,0.125,0.0,2.0,14.0,0.0,0.0,0.0,0.0,33.0,130.0,0.0,403.0,2710.0,12.0,17.0,,5
00-0024226,2017,veteran,QB,5.889430839985395,30.482809203081178,179.52639661001692,1298.5324073458194,7.818399765589182,4.6841956185922555,12.484997469207123,57.55534319940785,0.41144894457881176,1.317271138363064,7.233100156110224,0.04355014033158032,0.2013218276276605,0.07346959807878596,0.016913435634041407,0.001963780015199126,0.00014551921379534876,1.370426920958365e-11,2.046784259113018,79.43618982969252,81.48297408880555,veteran,Jay Cutler,QB,14.0,158.84,0.0,0.0,0.0,0.0,19.0,32.0,0.0,429.0,266.0,2666.0,19.0,14.0,20.0,0.0,0.0,0.0,1.0,1.0,0.0,0.0,0.0,0.0,0.0,0.0,1.0,0.0,0.0,16,46.760000000000005,14.122947368421054,0.756578947368421,0.3125,34.34360027378508,0.59375,1.0,0.9375,0.4375,0.25,7.0,11.0,5.0,0.0,0.0,0.0,0.0,5.0,24.0,0.0,137.0,1059.0,4.0,5.0,,5
00-0024296,2017,veteran,QB,0.49526717232226325,18.28374708215094,9.055339716832327,64.54052687365493,0.39429308344350145,0.21812895187259787,0.6633766268379858,2.2232703982350785,0.021573082515127143,0.09244070940951193,7.127344626694141,0.043542605332694266,0.04602823670839363,0.010621891347307297,0.0012776089877069277,0.0004441382352132189,2.5925440965333042e-05,1.3704412450098539e-11,0.03219202849254505,3.889419621070254,3.921611649562799,veteran,,,0.0,0.0,0.0,0.0,0.0,0.0,0.0,0.0,0.0,0.0,0.0,0.0,0.0,0.0,0.0,0.0,0.0,0.0,0.0,0.0,0.0,0.0,0.0,0.0,0.0,0.0,0.0,0.0,0.0,16,9.38,6.944642857142858,0.28348214285714285,0.0625,35.07186858316222,0.175,1.0,0.4375,0.0,0.9375,0.0,15.0,1.0,0.0,0.0,0.0,0.0,2.0,1.0,0.0,24.0,182.0,1.0,1.0,,5
00-0025430,2017,veteran,QB,3.69598149656123,14.706206750267558,54.353868033592754,378.4467872662502,2.3371402649437005,1.4788237054375746,4.07151260325671,6.443005307336463,0.12842373256096384,0.6527621672846597,6.962646835591457,0.04299860064235464,0.022152328179279215,0.004284196801195803,0.0003896353183708716,9.613611549762046e-05,4.3952701945828105e-06,1.3704559803260546e-11,0.10888591772915006,21.63810373107977,21.74698964880892,veteran,Drew Stanton,QB,5.0,50.459999999999994,0.0,0.0,0.0,0.0,9.0,7.0,0.0,159.0,79.0,894.0,6.0,5.0,7.0,0.0,0.0,0.0,0.0,0.0,0.0,0.0,0.0,0.0,0.0,0.0,0.0,0.0,0.0,16,9.380000000000003,3.2505084745762716,0.38877118644067793,0.3125,33.319644079397676,0.36874999999999997,1.0,0.5625,0.0,0.6875,0.0,11.0,5.0,0.0,0.0,0.0,0.0,3.0,-3.0,0.0,48.0,192.0,2.0,3.0,,5
00-0025708,2017,veteran,QB,1.9175247662204917,18.834631836160344,36.115873008482396,262.5529096162492,1.774878002514,0.9169516213691328,1.3832666115249235,3.6109554768450915,0.045892146261069765,0.3579024809348599,7.269737313412982,0.04914398724619342,0.05334796938327893,0.012788286471334023,0.001630245136751836,0.00010728784048152439,4.9917468861036955e-06,1.3704549237132077e-11,0.14555099225014884,15.688368615348912,15.83391960759906,veteran,Matt Moore,QB,4.0,41.34,0.0,0.0,0.0,0.0,3.0,9.0,0.0,127.0,78.0,861.0,4.0,5.0,12.0,0.0,0.0,0.0,0.0,0.0,0.0,0.0,0.0,0.0,0.0,0.0,0.0,0.0,0.0,16,54.739999999999995,10.825357142857143,0.21651785714285718,0.25,33.06228610540725,0.175,1.0,0.25,0.0,0.75,0.0,12.0,4.0,0.0,0.0,0.0,0.0,1.0,-1.0,0.0,87.0,721.0,8.0,3.0,,5
00-0026143,2017,veteran,QB,13.849115002499797,36.026534185188666,498.93561507216816,3848.4811270994987,24.53719999120707,10.489238150704965,28.249142997176712,84.50744198152934,0.7633034365236524,2.679370606877164,7.713382269860286,0.04917909094875479,0.34316617707452257,0.1606908742141224,0.05132372701887995,0.0007839513660506408,5.011796092508324e-05,1.3704357719479569e-11,9.524162009332638,238.78139235093886,248.3055543602715,veteran,Matt Ryan,QB,16.0,232.1,0.0,0.0,0.0,0.0,32.0,143.0,0.0,529.0,342.0,4095.0,20.0,12.0,24.0,3.0,0.0,0.0,4.0,4.0,0.0,0.0,0.0,0.0,0.0,0.0,4.0,0.0,0.0,16,358.46,19.6405625,1.0,1.0,32.29295003422313,1.0,1.0,1.0,0.0,0.0,0.0,0.0,16.0,0.0,0.0,0.0,0.0,35.0,117.0,0.0,534.0,4944.0,38.0,7.0,,5
00-0026158,2017,veteran,QB,13.17391287743112,37.14394963061801,489.3311563574515,3370.061910764158,19.216090469359635,11.638003679410916,20.754804208432798,51.60472397892456,0.8826241229614905,2.4890761266018737,6.887078141213557,0.03927011435855205,0.2870005464233555,0.1225508972545503,0.034661792612260725,0.0003484314827115282,1.9564958183448442e-05,1.3704435821934953e-11,7.120872158619031,193.86889583164069,200.9897679902597,veteran,Joe Flacco,QB,16.0,185.04,0.0,0.0,0.0,0.0,25.0,54.0,1.0,549.0,352.0,3141.0,18.0,13.0,27.0,0.0,0.0,0.0,0.0,0.0,0.0,0.0,0.0,0.0,0.0,0.0,0.0,0.0,0.0,16,247.98,16.020211267605635,0.920774647887324,1.0,32.62422997946612,0.8875000000000001,1.0,1.0,0.0,0.0,0.0,0.0,16.0,0.0,0.0,0.0,0.0,21.0,58.0,2.0,672.0,4317.0,20.0,15.0,,5
00-0026498,2017,veteran,QB,13.992723539850893,36.939048540200005,516.8778940481513,3708.4528683599756,22.800033422239043,10.856619966667454,37.011172051531226,151.61067199930616,1.2983220338303365,2.555741147023089,7.174717493363149,0.044111063144277235,0.3103435286767085,0.13780263349670274,0.04102834341212771,0.0024156568675063827,0.00018510174376437953,1.37042492300351e-11,8.420785698245574,235.66452559888677,244.08531129713234,veteran,Matthew Stafford,QB,16.0,285.14,0.0,0.0,0.0,0.0,29.0,98.0,0.0,565.0,371.0,4446.0,29.0,10.0,47.0,7.0,0.0,0.0,11.5,11.5,0.0,0.0,0.0,0.0,0.0,0.0,5.0,3.0,1.0,16,285.28,17.78125,1.0,1.0,29.56605065023956,1.0,1.0,1.0,0.0,0.0,0.0,0.0,16.0,0.0,0.0,0.0,0.0,37.0,207.0,2.0,594.0,4327.0,24.0,10.0,,5
00-0026625,2017,veteran,QB,5.820581350171722,30.245438305023978,176.04603412599198,1263.9203404570094,7.434942873322028,3.5126670886769773,7.678235527621731,16.24816635703377,0.2380430502142257,1.1071709960475897,7.179487721674272,0.04223294725288169,0.1937090170011278,0.06961170306165261,0.015702705856805926,0.00019634207736365813,1.0059930297278167e-05,1.3704491051913298e-11,1.919298373480397,74.10998387910807,76.02928225258847,veteran,Brian Hoyer,QB,10.0,67.38,0.0,0.0,0.0,0.0,9.0,4.0,1.0,211.0,123.0,1287.0,4.0,4.0,16.0,1.0,0.0,0.0,3.5,3.5,0.0,0.0,0.0,0.0,0.0,0.0,2.0,1.0,0.0,16,85.1,13.918160919540231,0.6142241379310346,0.375,31.835728952772072,0.54375,1.0,0.875,0.0,0.625,0.0,10.0,6.0,0.0,0.0,0.0,0.0,7.0,-2.0,0.0,200.0,1445.0,6.0,0.0,,5
00-0026898,2017,veteran,QB,1.6139817973223645,23.009124065810934,37.1363074145508,265.9127453915036,1.6340388857764938,1.0565882394853536,3.1165251458795264,8.056247882505073,0.10132933061836223,0.32076547195575544,7.160451964788328,0.0440011137223687,0.09156052414598136,0.025500386091426606,0.0040558566440024235,0.0005388057355683836,3.243852209210303e-05,1.3704393841032351e-11,0.22355307085124948,15.83155870784458,16.05511177869583,veteran,,,0.0,0.0,0.0,0.0,0.0,0.0,0.0,0.0,0.0,0.0,0.0,0.0,0.0,0.0,0.0,0.0,0.0,0.0,0.0,0.0,0.0,0.0,0.0,0.0,0.0,0.0,0.0,0.0,0.0,16,-0.4800000000000001,9.351044776119402,0.3180970149253731,0.125,30.806297056810404,0.20937499999999998,1.0,0.5625,0.0,0.875,0.0,14.0,2.0,0.0,0.0,0.0,0.0,4.0,-2.0,0.0,18.0,93.0,0.0,2.0,,5
00-0027659,2017,veteran,QB,0.7567497102838567,22.202394147973354,16.80165533908683,118.18935833564667,0.7168993100736588,0.4186402135187851,1.449608490636893,5.042755241046598,0.04744417268109772,0.1439356662832155,7.034387740396909,0.04266837377659374,0.07851215979165956,0.0209094128652593,0.0031174282022188387,0.0009272155550222835,6.089357950203565e-05,1.3704341548971931e-11,0.08863786006714845,7.2589603743077475,7.347598234374896,veteran,,,0.0,0.0,0.0,0.0,0.0,0.0,0.0,0.0,0.0,0.0,0.0,0.0,0.0,0.0,0.0,0.0,0.0,0.0,0.0,0.0,0.0,0.0,0.0,0.0,0.0,0.0,0.0,0.0,0.0,16,0.0,6.845000000000001,0.25,0.0,28.944558521560573,0.11249999999999999,0.0,0.25,0.0,1.0,0.0,16.0,0.0,0.0,0.0,0.0,0.0,0.0,0.0,0.0,0.0,0.0,0.0,0.0,,5
00-0027854,2017,veteran,QB,12.536006576308655,34.694442740191974,434.92976235241065,3081.119048890196,17.76924575034135,8.395926060712029,21.925212027163763,52.91015240750914,0.650769674173117,2.7020027267270157,7.084176148868968,0.04085543756360242,0.26191939595974634,0.10708153492685907,0.02861106142880503,0.0003976422973671642,2.2804636928345505e-05,1.3704423099688226e-11,6.019736083150175,181.32152066788476,187.34125675103493,veteran,Sam Bradford,QB,2.0,27.98,0.0,0.0,0.0,0.0,2.0,-3.0,0.0,43.0,32.0,382.0,3.0,0.0,5.0,0.0,0.0,0.0,1.0,1.0,0.0,0.0,0.0,0.0,0.0,0.0,1.0,0.0,0.0,16,224.88,14.823614457831326,0.9164156626506025,0.9375,29.815195071868583,0.778125,1.0,0.9375,0.0,0.0625,0.0,1.0,15.0,1.0,1.0,5.0,0.0,20.0,53.0,0.0,552.0,3877.0,20.0,5.0,,5
00-0027939,2017,veteran,QB,13.13470193110129,34.606978236480415,454.5523438722796,3246.6843236920186,20.82125877040331,11.193984177007351,69.50462550540924,292.45129838747863,3.1066011520044765,2.601474947190203,7.142597255211324,0.04580607503424002,0.2653981822334831,0.10917138788745841,0.02940437531683934,0.010647799818337765,0.0010426174802312675,1.3704105639269978e-11,6.5696592681087385,233.44622653167363,240.01588579978238,veteran,Cam Newton,QB,16.0,302.98,0.0,0.0,0.0,0.0,139.0,754.0,6.0,492.0,291.0,3302.0,22.0,16.0,35.0,1.0,0.0,0.0,3.5,3.5,0.0,0.0,0.0,0.0,0.0,0.0,2.0,1.0,0.0,16,258.76,19.662640264026404,0.9486386138613861,0.9375,28.309377138945926,0.946875,1.0,1.0,0.0625,0.0,1.0,1.0,15.0,0.0,0.0,0.0,0.0,90.0,359.0,5.0,510.0,3509.0,19.0,14.0,,5
00-0027948,2017,veteran,QB,4.598785411144926,28.25885585033884,129.9564140201857,907.0442541347459,5.454718697260382,3.421222362814953,19.783676128276866,87.01848477059255,0.694359505704366,0.8372163523739574,6.97960359227716,0.04197344731606028,0.1507419478328731,0.04932357363061604,0.00981553383841334,0.007584112593755933,0.0007012500037540552,1.3704138598190311e-11,1.1634667883447243,62.451773035339,63.61523982368372,veteran,Blaine Gabbert,QB,5.0,61.64,0.0,0.0,0.0,0.0,22.0,82.0,0.0,171.0,95.0,1086.0,6.0,6.0,23.0,2.0,0.0,0.0,0.0,0.0,0.0,0.0,0.0,0.0,0.0,0.0,0.0,0.0,0.0,16,73.2,13.86923076923077,0.4182692307692307,0.375,27.87953456536619,0.36562500000000003,1.0,0.5,0.0,0.625,0.0,10.0,6.0,1.0,1.0,-16.0,0.0,40.0,173.0,2.0,160.0,925.0,5.0,6.0,,5
00-0027973,2017,veteran,QB,13.616690722285158,33.434007704274876,455.2605425156102,3347.2937824046458,19.469068129682782,9.499961648002634,37.8624479575766,119.68907745995078,1.625059201762042,2.59908107880346,7.352479448160988,0.04276467277858857,0.2620217479497681,0.10714276814079375,0.028634197965733188,0.001590632002979309,0.000113928879320466,1.3704289531920395e-11,6.560056191140561,209.28920131787206,215.8492575090126,veteran,Andy Dalton,QB,16.0,211.7,0.0,0.0,0.0,0.0,38.0,99.0,0.0,496.0,297.0,3320.0,25.0,12.0,39.0,4.0,0.0,0.0,1.0,1.0,0.0,0.0,0.0,0.0,0.0,0.0,1.0,0.0,0.0,16,267.64,16.975496688741718,0.9515728476821191,1.0,29.842573579739906,0.9437500000000001,1.0,1.0,0.0,0.0,0.0,0.0,16.0,0.0,0.0,0.0,0.0,46.0,184.0,4.0,563.0,4206.0,18.0,8.0,,5
00-0027974,2017,veteran,QB,9.378846986098623,29.837852530927414,279.8446532813437,1963.5363485317876,12.114122468552008,5.718323029742259,48.591782704517186,286.1568360134725,1.4476898644229834,1.9230721848693026,7.016522651078608,0.043288740115298874,0.17637914936525917,0.06112634524406111,0.013140286456692352,0.020588532122472396,0.0022630358808372482,1.3704041194420933e-11,2.9855901773696085,149.01697617414155,152.00256635151115,veteran,,,0.0,0.0,0.0,0.0,0.0,0.0,0.0,0.0,0.0,0.0,0.0,0.0,0.0,0.0,0.0,0.0,0.0,0.0,0.0,0.0,0.0,0.0,0.0,0.0,0.0,0.0,0.0,0.0,0.0,16,203.94,16.497847533632285,0.7244955156950672,0.6875,29.828884325804243,0.696875,1.0,1.0,0.0,0.3125,0.0,5.0,11.0,0.0,0.0,0.0,0.0,69.0,468.0,2.0,331.0,2241.0,16.0,4.0,,5
00-0028012,2017,veteran,QB,2.9530137648074257,18.535016691244838,54.73415942018139,377.02711489810633,2.2459523204386915,1.3887997176012952,3.1336311600387843,6.119131193432553,0.10756740838041037,0.5320567887170143,6.888332969613309,0.04103383233123284,0.04328948490484634,0.009836018306769717,0.0011550882125702525,0.0001234266194853293,5.87245260530448e-06,1.3704535745902089e-11,0.17861576649147942,21.48049843466812,21.6591142011596,veteran,Ryan Mallett,QB,2.0,9.94,0.0,0.0,0.0,0.0,4.0,-3.0,0.0,16.0,9.0,56.0,2.0,0.0,0.0,0.0,0.0,0.0,0.0,0.0,0.0,0.0,0.0,0.0,0.0,0.0,0.0,0.0,0.0,16,-1.56,4.9250526315789465,0.32697368421052625,0.25,29.240246406570844,0.29687500000000006,1.0,0.4375,0.0,0.75,0.0,12.0,4.0,0.0,0.0,0.0,0.0,5.0,-6.0,0.0,6.0,26.0,0.0,1.0,,5
00-0028090,2017,veteran,QB,0.5472907902132178,14.307659499074855,7.83045027335033,56.00533933267666,0.35319638128259523,0.19066712966248786,0.5720407975621175,1.597341496571164,0.018971915280344743,0.10821024687760399,7.152250174333112,0.04510550082728217,0.022111163589472273,0.004274394707587735,0.0003884725341476049,0.00021116260334405715,1.0945694737738115e-05,1.3704484045348843e-11,0.016160009439525887,3.3288099866964487,3.3449699961359745,veteran,T.J. Yates,QB,4.0,34.02,0.0,0.0,0.0,0.0,5.0,51.0,0.0,97.0,47.0,523.0,4.0,3.0,13.0,1.0,0.0,0.0,0.0,0.0,0.0,0.0,0.0,0.0,0.0,0.0,0.0,0.0,0.0,16,0.0,5.128888888888889,0.22916666666666669,0.0,30.26420260095825,0.08437499999999999,0.0,0.25,0.0,1.0,0.0,16.0,0.0,0.0,0.0,0.0,0.0,0.0,0.0,0.0,0.0,0.0,0.0,0.0,,5
00-0028118,2017,veteran,QB,12.548084665395121,30.928016059069353,388.0873640419022,2790.651774041449,17.10403592529813,7.603726471658436,71.73182435418848,386.46904800822773,2.8800292112134858,2.2645827088056265,7.190782366570788,0.04407264319858502,0.2057271283131905,0.07573863128848243,0.017638611976988024,0.020997576717484024,0.0023162439505333135,1.370403926048768e-11,4.7567811623091885,216.23267637002607,220.98945753233525,veteran,Tyrod Taylor,QB,15.0,222.66,0.0,0.0,0.0,0.0,84.0,427.0,4.0,420.0,263.0,2799.0,14.0,4.0,46.0,2.0,0.0,0.0,0.0,0.0,0.0,0.0,0.0,0.0,0.0,0.0,0.0,0.0,0.0,16,271.92,18.32071428571429,0.9062500000000001,0.9375,28.079397672826833,0.7875,1.0,0.9375,0.0,0.0625,0.0,1.0,15.0,0.0,0.0,0.0,0.0,95.0,580.0,6.0,436.0,3023.0,17.0,6.0,,5
00-0028595,2017,veteran,QB,0.4822574387598255,12.80343779466644,6.174553118176586,43.87673397810245,0.2721940858034036,0.15957572405425102,0.6182840867892503,1.3228226124398856,0.02017444216271805,0.09190248811668471,7.106058226131147,0.0440832041758814,0.015408542113403615,0.0027431824393566247,0.0002178789629321389,0.0001908406553033571,9.733800791687115e-06,1.3704493788230895e-11,0.009724487397376951,2.5942181922161374,2.6039426796135143,veteran,Scott Tolzien,QB,1.0,1.32,0.0,0.0,0.0,0.0,2.0,2.0,0.0,18.0,9.0,128.0,0.0,2.0,4.0,0.0,0.0,0.0,0.0,0.0,0.0,0.0,0.0,0.0,0.0,0.0,0.0,0.0,0.0,16,8.94,2.867647058823529,0.125,0.125,29.99315537303217,0.10625000000000001,1.0,0.125,0.0,0.875,0.0,14.0,2.0,0.0,0.0,0.0,0.0,6.0,3.0,0.0,37.0,216.0,1.0,2.0,,5
00-0028957,2017,veteran,QB,1.608090011111198,26.21499782606538,42.15607614539751,298.5426219769994,1.8057908801257387,1.073212314588128,2.952802122135524,10.383325201957701,0.09615469130205682,0.3355466686981023,7.081840846555959,0.04283583875068245,0.12794561656766593,0.0395775471994517,0.0072945836790993925,0.0008729505250756073,5.6777985065041244e-05,1.3704347359552869e-11,0.32621588897025156,17.96261110101858,18.288826989988834,veteran,Austin Davis,QB,1.0,-0.1,0.0,0.0,0.0,0.0,1.0,-1.0,0.0,0.0,0.0,0.0,0.0,0.0,0.0,0.0,0.0,0.0,0.0,0.0,0.0,0.0,0.0,0.0,0.0,0.0,0.0,0.0,0.0,16,0.0,9.966666666666665,0.4124999999999999,0.0,28.249144421629023,0.140625,0.0,0.5625,0.0,1.0,0.0,16.0,0.0,0.0,0.0,0.0,0.0,0.0,0.0,0.0,0.0,0.0,0.0,0.0,,5
00-0028986,2017,veteran,QB,7.416357809933258,27.560281852342133,204.39691155957942,1436.2047879899592,8.141672912234952,5.327586120702038,12.782490597745857,31.34515230854166,0.42776125584039393,1.4441102712208322,7.0265483809491,0.0398326611205265,0.14350686199662163,0.046153969970972646,0.008972504859795621,0.0003986232496289757,2.286989898790378e-05,1.3704422862411489e-11,1.7140371330961874,82.17257315058897,83.88661028368516,veteran,Case Keenum,QB,15.0,241.38,0.0,0.0,0.0,0.0,40.0,160.0,1.0,481.0,325.0,3547.0,22.0,7.0,22.0,1.0,0.0,0.0,3.5,3.5,0.0,0.0,0.0,0.0,0.0,0.0,2.0,1.0,0.0,16,112.14,10.712054794520549,0.5402397260273973,0.625,29.53867214236824,0.45625,1.0,0.625,0.0,0.375,0.0,6.0,10.0,0.0,0.0,0.0,0.0,20.0,51.0,1.0,322.0,2201.0,9.0,11.0,,5
00-0029234,2017,veteran,QB,0.33545473406326654,27.779559963884942,9.318784900079589,66.95723812281699,0.4142480903145319,0.2507134515179154,0.2653968420962918,0.8867593232535478,0.008874635852524598,0.06691526512418622,7.185189790381912,0.04445301557620393,0.15560853393508503,0.05149547371692628,0.010405660954420793,0.00017982326562905195,9.085223796667559e-06,1.370449951356927e-11,0.08515737058430776,3.8419482003271055,3.9271055709114133,veteran,,,0.0,0.0,0.0,0.0,0.0,0.0,0.0,0.0,0.0,0.0,0.0,0.0,0.0,0.0,0.0,0.0,0.0,0.0,0.0,0.0,0.0,0.0,0.0,0.0,0.0,0.0,0.0,0.0,0.0,16,0.0,12.520000000000001,0.1875,0.0,28.139630390143736,0.056249999999999994,0.0,0.1875,0.0,1.0,0.0,16.0,0.0,0.0,0.0,0.0,0.0,0.0,0.0,0.0,0.0,0.0,0.0,0.0,,5
00-0029263,2017,veteran,QB,14.012966562297676,33.88391995812256,474.8142373727423,3546.948279316503,21.877321869289087,9.973966933578197,63.42038163149508,292.2820889747044,1.7632577554280295,2.5291120385286407,7.470180967914091,0.046075538910419794,0.28022374112425497,0.11827855181626583,0.03294955976531763,0.009290546807138473,0.0008888806023531077,1.3704118897043511e-11,7.485230063637221,244.1888161356414,251.67404619927862,veteran,Russell Wilson,QB,16.0,355.92,0.0,0.0,0.0,0.0,95.0,586.0,3.0,553.0,339.0,3983.0,34.0,11.0,43.0,3.0,0.0,0.0,8.0,8.0,0.0,0.0,0.0,0.0,0.0,0.0,3.0,2.0,1.0,16,273.56,18.8500625,1.0,1.0,28.75564681724846,1.0,1.0,1.0,0.0,0.0,0.0,0.0,16.0,2.0,2.0,14.0,1.0,72.0,259.0,1.0,546.0,4219.0,21.0,11.0,,5
00-0029567,2017,veteran,QB,3.068351084795828,28.250257532429913,86.68170834539283,606.4561760854832,3.590798038732692,2.1258567870657052,4.9479789152102205,10.82291234316077,0.16483271813093958,0.6017948407219236,6.996356989977535,0.04142509541257264,0.1515870972763489,0.04969845106714969,0.00991667494487868,0.00029037472015539716,1.583706665392599e-05,1.3704453373456222e-11,0.7556804215778072,35.237423485876555,35.99310390745436,veteran,Nick Foles,QB,7.0,33.78,0.0,0.0,0.0,0.0,11.0,3.0,0.0,101.0,57.0,537.0,5.0,2.0,5.0,2.0,0.0,0.0,0.0,0.0,0.0,0.0,0.0,0.0,0.0,0.0,0.0,0.0,0.0,16,28.0,11.294107142857142,0.5368303571428571,0.125,28.61327857631759,0.35000000000000003,1.0,0.6875,0.0,0.875,0.0,14.0,2.0,0.0,0.0,0.0,0.0,4.0,-4.0,0.0,55.0,410.0,3.0,0.0,,5
00-0029604,2017,veteran,QB,13.594935569569458,35.7500352215429,486.01942544671454,3654.0262370111586,21.79572965647373,10.949505064457853,26.502240800418463,69.2679589134361,1.2938481854280508,2.678260547691135,7.5182719983931445,0.044845387890495615,0.31990068835546037,0.14429061114618758,0.04385650158578633,0.0005595681598581537,3.389293390410279e-05,1.370439019929038e-11,8.492212668155416,220.7783218859552,229.2705345541106,veteran,Kirk Cousins,QB,16.0,284.12,0.0,0.0,0.0,0.0,49.0,179.0,4.0,540.0,347.0,4093.0,27.0,13.0,41.0,5.0,0.0,0.0,6.5,6.5,0.0,0.0,0.0,0.0,0.0,0.0,5.0,1.0,0.0,16,317.28,19.268689655172413,0.9612068965517241,1.0,29.034907597535934,0.9062500000000001,1.0,1.0,0.0,0.0,0.0,0.0,16.0,0.0,0.0,0.0,0.0,34.0,96.0,4.0,606.0,4917.0,25.0,12.0,,5
00-0029665,2017,veteran,QB,3.7102833897999954,25.967025396447838,96.34502301095505,678.8009486154306,3.7756669356240278,2.2973428514602188,17.403170747302156,89.27569977795284,0.62889318846761,0.754440590944955,7.045521682404358,0.039189018982274886,0.1228927935182688,0.03751310080770711,0.006788451455432605,0.012523107216396817,0.001260862777155291,1.370408984091186e-11,0.7685991142358747,48.852067910903926,49.6206670251398,veteran,,,0.0,0.0,0.0,0.0,0.0,0.0,0.0,0.0,0.0,0.0,0.0,0.0,0.0,0.0,0.0,0.0,0.0,0.0,0.0,0.0,0.0,0.0,0.0,0.0,0.0,0.0,0.0,0.0,0.0,16,66.44,12.145365853658538,0.3948170731707317,0.3125,27.550992470910334,0.25625,1.0,0.5625,0.0,0.6875,0.0,11.0,5.0,0.0,0.0,0.0,0.0,31.0,190.0,2.0,147.0,886.0,2.0,3.0,,5
00-0029668,2017,veteran,QB,12.384853975625655,36.76863774358415,455.3742093369677,3324.9306828291974,22.760716673049437,11.742892024987427,48.08395203219635,233.3452496441303,1.5245836158144088,2.7138324904025053,7.301534901746743,0.04998244565977817,0.3191075351969111,0.14374671097896446,0.04361666943673435,0.007516838851668275,0.0006939937488633171,1.3704139462399168e-11,7.80888289585133,227.6086716338852,235.41755452973652,veteran,,,0.0,0.0,0.0,0.0,0.0,0.0,0.0,0.0,0.0,0.0,0.0,0.0,0.0,0.0,0.0,0.0,0.0,0.0,0.0,0.0,0.0,0.0,0.0,0.0,0.0,0.0,0.0,0.0,0.0,16,315.7,21.146901960784312,0.8669117647058823,0.9375,27.969883641341546,0.796875,1.0,1.0,0.0625,0.0,1.0,1.0,15.0,0.0,0.0,0.0,0.0,64.0,341.0,2.0,545.0,4240.0,31.0,13.0,,5
00-0029677,2017,veteran,QB,0.9955882121967763,18.547372524554042,18.46554545266837,132.75101728714242,0.8204088593361716,0.43633209041469234,1.3840262957139087,4.155535741324972,0.0473354678865522,0.1929115912749001,7.189119738023184,0.04442917006914725,0.04929619305824417,0.011577436808191292,0.0014305402872037897,0.00038983708855207195,2.2286285245216675e-05,1.3704425008761615e-11,0.06963810541117546,8.03275514690301,8.102393252314187,veteran,,,0.0,0.0,0.0,0.0,0.0,0.0,0.0,0.0,0.0,0.0,0.0,0.0,0.0,0.0,0.0,0.0,0.0,0.0,0.0,0.0,0.0,0.0,0.0,0.0,0.0,0.0,0.0,0.0,0.0,16,0.0,9.553749999999999,0.34375,0.0,33.883641341546884,0.15,0.0,0.375,0.0,1.0,0.0,16.0,0.0,0.0,0.0,0.0,0.0,0.0,0.0,0.0,0.0,0.0,0.0,0.0,,5
00-0029682,2017,veteran,QB,11.871131672855942,31.537317017932477,374.38364292847695,2523.8540969576557,14.76330542964697,9.888980807700746,28.824794868797778,103.4698724400922,1.058515141832915,2.084006770611429,6.741357814715794,0.039433628334204184,0.18352600499207786,0.06457592395833713,0.01416509540132638,0.0015643353100456509,0.0001117448716182288,1.3704291139193781e-11,3.6854169781967654,152.7594885352765,156.44490551347326,veteran,Brock Osweiler,QB,6.0,67.92,0.0,0.0,0.0,0.0,14.0,64.0,1.0,172.0,96.0,1088.0,5.0,5.0,10.0,1.0,0.0,0.0,0.0,0.0,0.0,0.0,0.0,0.0,0.0,0.0,0.0,0.0,0.0,16,168.48000000000002,11.45866666666667,0.8075,0.9375,26.77618069815195,0.703125,1.0,0.9375,0.0,0.0625,0.0,1.0,15.0,1.0,1.0,-14.0,0.0,30.0,131.0,2.0,510.0,2957.0,15.0,16.0,,5
00-0029701,2017,veteran,QB,11.775474638478588,33.14883295892031,390.34324180292924,2821.6221308638833,17.490997353719866,9.590342559427652,31.18060936357681,131.7240601809098,0.9823590301085415,2.3249838921464425,7.228566627236299,0.04480927419911746,0.24675353246870033,0.09817732463258609,0.025316273250153995,0.002576344739681523,0.00019948596831595414,1.3704243015196773e-11,5.269850370568993,178.06478194502884,183.33463231559784,veteran,,,0.0,0.0,0.0,0.0,0.0,0.0,0.0,0.0,0.0,0.0,0.0,0.0,0.0,0.0,0.0,0.0,0.0,0.0,0.0,0.0,0.0,0.0,0.0,0.0,0.0,0.0,0.0,0.0,0.0,16,193.7,15.986480836236934,0.9065766550522648,0.8125,29.097878165639973,0.896875,1.0,1.0,0.1875,0.0,3.0,3.0,13.0,0.0,0.0,0.0,0.0,39.0,164.0,1.0,389.0,2995.0,19.0,12.0,,5
00-0030419,2017,veteran,QB,1.331954106982872,11.795448706973328,15.71099634895893,110.61503267979256,0.6991350802575107,0.3856474237465094,1.2873676981218531,3.307401894405324,0.042652267303911015,0.25808801584366164,7.0406122070751,0.0444997290260231,0.01162821734229654,0.0019441895008752614,0.00013914529686449655,0.00016282453933512482,8.09705589749155e-06,1.3704509074364854e-11,0.01997633114155731,6.520324542305401,6.5403008734469585,veteran,,,0.0,0.0,0.0,0.0,0.0,0.0,0.0,0.0,0.0,0.0,0.0,0.0,0.0,0.0,0.0,0.0,0.0,0.0,0.0,0.0,0.0,0.0,0.0,0.0,0.0,0.0,0.0,0.0,0.0,16,1.6999999999999997,1.9408333333333332,0.16406250000000003,0.1875,27.748117727583846,0.15,1.0,0.1875,0.0,0.8125,0.0,13.0,3.0,0.0,0.0,0.0,0.0,3.0,-3.0,0.0,15.0,50.0,0.0,0.0,,5
00-0030524,2017,veteran,QB,5.212403445112281,14.074297203571035,73.36091523142781,525.9009388525573,3.320635853873876,1.906625368355806,4.69188171953968,7.41271427985407,0.152478034207718,0.9472933282850498,7.1686801779057046,0.045264373316478416,0.021172961656552046,0.004052231420338356,0.0003623412353123728,7.304257363653035e-05,3.1962867335112448e-06,1.3704586251553385e-11,0.1462278712212874,30.2668832095478,30.413111080769088,veteran,Landry Jones,QB,3.0,8.56,0.0,0.0,0.0,0.0,8.0,-10.0,0.0,28.0,23.0,239.0,1.0,1.0,3.0,1.0,0.0,0.0,0.0,0.0,0.0,0.0,0.0,0.0,0.0,0.0,0.0,0.0,0.0,16,33.92,4.245714285714285,0.4375,0.4375,28.410677618069816,0.37187500000000007,1.0,0.4375,0.0,0.5625,0.0,9.0,7.0,0.0,0.0,0.0,0.0,6.0,-4.0,0.0,86.0,558.0,4.0,2.0,,5
00-0030526,2017,veteran,QB,3.2702426074935174,16.01487138023967,52.372514741188276,369.3418480671496,2.24814219825012,1.2604241007921166,7.196612872718703,23.769356900246503,0.24293789453735334,0.641712020471032,7.052207630134692,0.042925992944197355,0.029879907932864783,0.006199804812686996,0.0006313298970707284,0.0010962104713647363,7.395283439044388e-05,1.370432541553372e-11,0.1362036905173202,23.796533530408936,23.932737220926256,veteran,EJ Manuel,QB,2.0,14.1,0.0,0.0,0.0,0.0,2.0,15.0,0.0,43.0,24.0,265.0,1.0,1.0,4.0,0.0,0.0,0.0,0.0,0.0,0.0,0.0,0.0,0.0,0.0,0.0,0.0,0.0,0.0,16,7.44,5.396043956043957,0.28777472527472525,0.3125,27.45516769336071,0.284375,1.0,0.3125,0.0,0.6875,0.0,11.0,5.0,0.0,0.0,0.0,0.0,8.0,22.0,0.0,26.0,131.0,0.0,0.0,,5
00-0030533,2017,veteran,QB,4.8521679559051565,26.79091627138964,129.99402544137487,937.7536550392654,5.620089004441752,4.407113515702998,6.541058642451128,14.07600009787852,0.21328921983592378,0.9839962928381839,7.213821187975878,0.04323344080898793,0.14273143237710717,0.045818474265102736,0.008884554560792268,0.00020906827366297295,1.0819904554630983e-05,1.370448500507182e-11,1.113347167794078,51.895617931058645,53.00896509885272,veteran,,,0.0,0.0,0.0,0.0,0.0,0.0,0.0,0.0,0.0,0.0,0.0,0.0,0.0,0.0,0.0,0.0,0.0,0.0,0.0,0.0,0.0,0.0,0.0,0.0,0.0,0.0,0.0,0.0,0.0,16,75.84,10.427999999999999,0.4234374999999999,0.4375,26.981519507186857,0.25000000000000006,1.0,0.4375,0.0,0.5625,0.0,9.0,7.0,1.0,1.0,2.0,1.0,7.0,2.0,0.0,216.0,1611.0,8.0,14.0,,5
00-0030565,2017,veteran,QB,2.9100688631751988,22.0144523380171,64.06357228871802,457.31556561127286,2.8378886386425517,1.6926941121889334,8.594998990081773,36.98228219920667,0.2768239863585019,0.5605245464874558,7.138464954003336,0.044298008013866574,0.07993023201372194,0.02139622116353365,0.0032138542346665934,0.0033379183352504572,0.00026956678221668417,1.370421801208712e-11,0.355594528328297,30.49691199974002,30.852506528068318,veteran,Geno Smith,QB,2.0,9.680000000000001,0.0,0.0,0.0,0.0,4.0,12.0,0.0,36.0,21.0,212.0,1.0,0.0,3.0,2.0,0.0,0.0,0.0,0.0,0.0,0.0,0.0,0.0,0.0,0.0,0.0,0.0,0.0,16,7.9399999999999995,9.574857142857143,0.5696428571428572,0.125,26.89390828199863,0.21875,1.0,0.875,0.0,0.875,0.0,14.0,2.0,0.0,0.0,0.0,0.0,2.0,9.0,0.0,14.0,126.0,1.0,1.0,,5
00-0031064,2017,veteran,QB,1.3291030882672779,19.854152745021416,26.388215728338217,187.1666046588198,1.0827650063091403,0.5833239509457283,2.1450746215320544,5.678034271442148,0.06999320346661905,0.2699947004349581,7.09281016138663,0.0410321416747538,0.057979869650081735,0.014206805580105694,0.0018721291260762492,0.00040633435379232785,2.338380537347019e-05,1.3704421017295584e-11,0.1109478722846905,11.09884955677191,11.2097974290566,veteran,Tom Savage,QB,8.0,53.18,0.0,0.0,0.0,0.0,4.0,2.0,0.0,223.0,125.0,1412.0,5.0,6.0,21.0,7.0,0.0,0.0,2.5,2.5,0.0,0.0,0.0,0.0,0.0,0.0,1.0,1.0,0.0,16,17.64,5.012307692307691,0.17788461538461536,0.1875,27.351129363449694,0.12187500000000001,1.0,0.1875,0.0625,0.75,1.0,13.0,3.0,0.0,0.0,0.0,0.0,6.0,12.0,0.0,73.0,461.0,0.0,0.0,,5
00-0031237,2017,veteran,QB,4.769009504754402,29.230460927273505,139.40034599051953,1000.1689746453995,5.761393083351647,3.3213832220983286,15.751863836807356,64.12848584849341,0.5595486421160327,0.9044400051835197,7.17479549665838,0.041329833454957665,0.17717621662358082,0.06150761355585521,0.013252401415717098,0.003746193819052873,0.00030828948391199186,1.3704206864674773e-11,1.4314232954918988,64.37082530220442,65.80224859769632,veteran,Teddy Bridgewater,QB,1.0,-2.3,0.0,0.0,0.0,0.0,3.0,-3.0,0.0,2.0,0.0,0.0,0.0,1.0,0.0,0.0,0.0,0.0,0.0,0.0,0.0,0.0,0.0,0.0,0.0,0.0,0.0,0.0,0.0,16,0.0,13.056444444444445,0.9458333333333333,0.0,24.80766598220397,0.421875,0.0,1.0,0.0,1.0,0.0,16.0,0.0,0.0,0.0,0.0,0.0,0.0,0.0,0.0,0.0,0.0,0.0,0.0,,5
00-0031266,2017,veteran,QB,1.8511534923522284,22.980992218889043,42.541344003715835,300.2310302830557,1.826150608523803,1.1538191152668402,2.7122659219425334,7.000372443782527,0.09416975829207326,0.3744791387199153,7.057394102471976,0.042926490718400795,0.0875322786144264,0.024056556473908294,0.003753862865463523,0.0003275910013227394,1.8214361826661788e-05,1.3704441761074495e-11,0.2433892013991973,17.52230293157462,17.765692132973818,veteran,,,0.0,0.0,0.0,0.0,0.0,0.0,0.0,0.0,0.0,0.0,0.0,0.0,0.0,0.0,0.0,0.0,0.0,0.0,0.0,0.0,0.0,0.0,0.0,0.0,0.0,0.0,0.0,0.0,0.0,16,0.0,7.441904761904761,0.43749999999999994,0.0,26.130047912388775,0.19687500000000002,0.0,0.4375,0.0,1.0,0.0,16.0,0.0,0.0,0.0,0.0,0.0,0.0,0.0,0.0,0.0,0.0,0.0,0.0,,5
00-0031280,2017,veteran,QB,13.259996728743388,36.545127224142185,484.5882674436363,3372.420470799448,22.60889537849677,9.370564275386362,31.237571504489537,82.27698277846882,0.8377234236316731,2.634134780012931,6.959352294247823,0.046655886857860145,0.2832674693196033,0.12018887343623698,0.033711296790108244,0.0008092153393669849,5.199673122504557e-05,1.370435466376496e-11,7.052469597593425,214.57704105480335,221.62951065239676,veteran,Derek Carr,QB,15.0,212.94,0.0,0.0,0.0,0.0,23.0,66.0,0.0,515.0,323.0,3496.0,22.0,13.0,20.0,3.0,0.0,0.0,6.5,6.5,0.0,0.0,0.0,0.0,0.0,0.0,3.0,1.0,1.0,16,275.98,17.111521035598702,0.966626213592233,0.9375,26.431211498973305,0.9656250000000001,1.0,1.0,0.0625,0.0,1.0,1.0,15.0,0.0,0.0,0.0,0.0,39.0,70.0,0.0,560.0,3937.0,28.0,6.0,,5
00-0031288,2017,veteran,QB,1.7048872631939025,17.94759251459476,30.59862188312683,219.23252928818363,1.3847447807990756,0.7227802376281308,3.086671565354586,9.309722273541018,0.1007172565186505,0.3322413811846059,7.164784418251079,0.04525513554460677,0.04422743770313024,0.010103601007788138,0.0011964660020357576,0.0006362575160765245,3.93384057261082e-05,1.3704377828033203e-11,0.10650607422737003,13.73351282356418,13.84001889779155,veteran,AJ McCarron,QB,2.0,2.6399999999999997,0.0,0.0,0.0,0.0,0.0,0.0,0.0,14.0,7.0,66.0,0.0,0.0,1.0,0.0,0.0,0.0,0.0,0.0,0.0,0.0,0.0,0.0,0.0,0.0,0.0,0.0,0.0,16,0.0,7.894285714285713,0.4375,0.0,26.967830253251197,0.13125,0.0,0.4375,0.0,1.0,0.0,16.0,0.0,0.0,0.0,0.0,0.0,0.0,0.0,0.0,0.0,0.0,0.0,0.0,,5
00-0031345,2017,veteran,QB,4.10127407361138,13.532386578259686,55.50002622750307,399.7294167767076,2.5511001524490893,1.215772223843919,6.44037891639642,10.46000741335218,0.20421338312666953,0.7727805826957269,7.202328430227325,0.04596574679067251,0.019041510389633424,0.003556615515265976,0.00030564899466062475,0.00016984832143665472,8.503457395404365e-06,1.370450500819879e-11,0.10323044312569996,24.487752707880606,24.590983151006306,veteran,Jimmy Garoppolo,QB,6.0,90.9,1.0,1.0,-6.0,0.0,15.0,11.0,1.0,178.0,120.0,1560.0,7.0,5.0,8.0,0.0,0.0,0.0,3.5,3.5,0.0,0.0,0.0,0.0,0.0,0.0,2.0,1.0,0.0,16,35.48,4.0500952380952375,0.3375,0.375,25.831622176591377,0.328125,1.0,0.375,0.0625,0.5625,1.0,10.0,6.0,1.0,1.0,3.0,0.0,10.0,6.0,0.0,63.0,502.0,4.0,0.0,,5
00-0031407,2017,veteran,QB,13.872161656604014,37.76837707442229,523.929032283963,3593.9042832879113,22.53786709215186,13.778925982886449,53.60410038546809,309.798485700102,1.8713630319822547,3.107946286528024,6.859524977306583,0.043017022732835725,0.29523269250728523,0.12783424221933684,0.0368223680383169,0.010714703623644843,0.0010502909387598096,1.3704105029809185e-11,7.947624040446125,242.34192192319867,250.2895459636448,veteran,Blake Bortles,QB,16.0,255.18,0.0,0.0,0.0,0.0,57.0,322.0,2.0,523.0,315.0,3687.0,21.0,13.0,24.0,3.0,0.0,0.0,5.5,5.5,0.0,0.0,0.0,0.0,0.0,0.0,4.0,1.0,0.0,16,275.6,17.484012738853504,0.9832802547770702,1.0,25.711156741957563,0.9812500000000001,1.0,1.0,0.0,0.0,0.0,0.0,16.0,1.0,1.0,20.0,1.0,58.0,359.0,3.0,625.0,3905.0,23.0,16.0,,5
00-0031409,2017,veteran,QB,2.1512458234435226,23.035335503263152,49.55466929301515,351.1593841569394,2.1174871556693717,1.2075156505569675,8.307611990133106,41.95293276680127,0.26430163327603234,0.43396252165053967,7.086302646488171,0.04273032563588991,0.08916516476014288,0.024638999751767605,0.0038749505130298285,0.008075649908401674,0.0007546040901880152,1.3704132505492295e-11,0.30780266500810516,25.014470720876368,25.322273385884472,veteran,,,0.0,0.0,0.0,0.0,0.0,0.0,0.0,0.0,0.0,0.0,0.0,0.0,0.0,0.0,0.0,0.0,0.0,0.0,0.0,0.0,0.0,0.0,0.0,0.0,0.0,0.0,0.0,0.0,0.0,16,0.0,9.495454545454544,0.5056818181818181,0.0,24.736481861738536,0.20625,0.0,0.5625,0.0,1.0,0.0,16.0,0.0,0.0,0.0,0.0,0.0,0.0,0.0,0.0,0.0,0.0,0.0,0.0,,5
00-0031503,2017,veteran,QB,13.539458373085012,36.15155958118431,489.47253607154755,3533.1688317019266,22.18478542901919,13.413479026390194,45.78862119078977,149.72689529145367,1.7122053909856065,2.917757855785573,7.218318845953542,0.04532386149194769,0.2999954448138185,0.13093817550680736,0.03811389129446793,0.0025172682935049847,0.00019417999417955633,1.3704245253926468e-11,7.791132779057478,222.64934309486128,230.44047587391876,veteran,Jameis Winston,QB,13.0,212.16,0.0,0.0,0.0,0.0,33.0,135.0,1.0,442.0,282.0,3504.0,19.0,11.0,33.0,7.0,0.0,0.0,10.5,10.5,0.0,0.0,0.0,0.0,0.0,0.0,6.0,3.0,0.0,16,262.6,16.76279411764706,1.0,1.0,23.652292950034223,0.8500000000000001,1.0,1.0,0.0,0.0,0.0,0.0,16.0,0.0,0.0,0.0,0.0,53.0,165.0,1.0,567.0,4090.0,28.0,18.0,,5
00-0031568,2017,veteran,QB,3.9930825872424016,20.66283317241368,82.50839934385974,578.8656407689255,3.4514381993517462,2.385387295840719,5.336161199245142,19.857493060089592,0.1758341182824152,0.7794309991597123,7.0158389372754755,0.04183135567771261,0.06316170821412358,0.01583572906226009,0.0021598070814533602,0.0005351306690939311,3.218200899740519e-05,1.3704394500225525e-11,0.36663813350573843,33.67149585386659,34.038133987372326,veteran,Bryce Petty,QB,4.0,25.259999999999998,0.0,0.0,0.0,0.0,7.0,55.0,0.0,112.0,55.0,544.0,1.0,3.0,8.0,0.0,0.0,0.0,0.0,0.0,0.0,0.0,0.0,0.0,0.0,0.0,0.0,0.0,0.0,16,32.26,5.376666666666666,0.375,0.375,26.255989048596852,0.20625000000000002,1.0,0.375,0.3125,0.3125,5.0,10.0,6.0,0.0,0.0,0.0,0.0,5.0,19.0,0.0,133.0,809.0,3.0,7.0,,5
00-0032156,2017,veteran,QB,11.018276089048177,31.42523856306527,346.2519546520568,2457.4775280354897,14.580862760033257,7.85805318755347,23.608594398849394,54.97968609323558,0.7145469908910588,2.0832118346440827,7.097367957113688,0.04211055725211816,0.20720913903710367,0.0765080187153171,0.017886687241704103,0.0005384739527666064,3.24153526824745e-05,1.3704393900359103e-11,3.9481969255654352,146.52527267182742,150.47346959739286,veteran,Trevor Siemian,QB,11.0,128.6,0.0,0.0,0.0,0.0,31.0,127.0,1.0,349.0,206.0,2285.0,12.0,14.0,33.0,2.0,0.0,0.0,2.5,2.5,0.0,0.0,0.0,0.0,0.0,0.0,1.0,1.0,0.0,16,196.24,13.487749999999998,0.8445312499999998,0.875,25.683778234086244,0.5000000000000001,1.0,0.875,0.0625,0.0625,1.0,2.0,14.0,0.0,0.0,0.0,0.0,28.0,57.0,0.0,486.0,3401.0,18.0,10.0,,5
00-0032268,2017,veteran,QB,12.205364243622547,33.08543413274268,403.8197747485064,2954.6303911478,19.682006824787546,9.3537510586328,49.72462882100972,279.7215904962008,1.7141070928376494,2.826972685703472,7.3167055600184625,0.04873958150525253,0.2527761146873873,0.10167327940477988,0.026593337310728056,0.011310300882989266,0.0011189790542605082,1.370409976439591e-11,5.754359064701322,210.80859706303562,216.56295612773695,veteran,Marcus Mariota,QB,15.0,212.48000000000002,0.0,0.0,0.0,0.0,60.0,312.0,5.0,453.0,281.0,3232.0,13.0,15.0,27.0,1.0,0.0,0.0,2.0,2.0,0.0,0.0,0.0,0.0,0.0,0.0,2.0,0.0,0.0,16,260.94,17.5926582278481,0.8805379746835442,0.9375,23.838466803559207,0.740625,1.0,0.9375,0.0,0.0625,0.0,1.0,15.0,1.0,0.0,0.0,0.0,60.0,349.0,2.0,451.0,3426.0,26.0,9.0,,5
00-0032950,2017,veteran,QB,12.864157493821606,34.753282268247546,447.07169652597423,3042.8601047673933,16.925099442768058,10.558960412597798,37.92052818137301,121.005110048766,1.3174630883056115,2.5175102338049786,6.806201619141433,0.037857684962583474,0.23925712242885877,0.09389892140031875,0.023782673573845153,0.0018197070881275223,0.00013319467493792613,1.3704276558264323e-11,5.527604346330592,183.26715020367266,188.79475455000326,veteran,Carson Wentz,QB,13.0,285.74,0.0,0.0,0.0,0.0,64.0,299.0,0.0,440.0,265.0,3296.0,33.0,7.0,28.0,3.0,0.0,0.0,4.0,4.0,0.0,0.0,0.0,0.0,0.0,0.0,4.0,0.0,0.0,16,218.98,13.68625,1.0,1.0,24.670773442847366,0.55,1.0,1.0,0.0,0.0,0.0,0.0,16.0,1.0,1.0,7.0,0.0,46.0,150.0,2.0,607.0,3782.0,16.0,14.0,,5
00-0033077,2017,veteran,QB,12.835373928123715,31.014271095011818,398.07976661267566,2951.716956121528,18.44452937565009,7.217711794363478,48.201923807391324,218.9797267960182,2.1975175618382448,2.628757166450319,7.414888179919716,0.04633375248533112,0.22348497088054806,0.08515925306768048,0.020751209128322304,0.006116891532752537,0.0005456808228579498,1.3704159436808425e-11,5.12980712722082,207.2369358764652,212.36674300368603,veteran,Dak Prescott,QB,16.0,261.66,0.0,0.0,0.0,0.0,57.0,357.0,6.0,490.0,308.0,3324.0,22.0,13.0,32.0,3.0,0.0,0.0,1.0,1.0,0.0,0.0,0.0,0.0,0.0,0.0,1.0,0.0,0.0,16,288.88,18.055,1.0,1.0,24.093086926762492,0.55,1.0,1.0,0.0,0.0,0.0,0.0,16.0,0.0,0.0,0.0,0.0,57.0,282.0,6.0,459.0,3667.0,23.0,4.0,,5
00-0033104,2017,veteran,QB,6.600505193088141,23.045572704132926,152.1124223113197,1086.5422356456015,6.424667321663986,3.214898870885683,11.677063358791184,29.911094000850465,0.3763219217899058,1.2503201030068545,7.143021057292996,0.04223630932991778,0.09133734955712708,0.025419781951081112,0.004038836777153267,0.0004517782381042403,2.6443420314797457e-05,1.3704410807532735e-11,0.9111082551682232,65.4789616955194,66.39006995068763,veteran,Cody Kessler,QB,3.0,2.94,0.0,0.0,0.0,0.0,1.0,-1.0,0.0,23.0,11.0,126.0,0.0,1.0,6.0,0.0,0.0,0.0,0.0,0.0,0.0,0.0,0.0,0.0,0.0,0.0,0.0,0.0,0.0,16,78.0,8.666666666666666,0.5625,0.5625,24.309377138945926,0.309375,1.0,0.5625,0.125,0.3125,2.0,7.0,9.0,0.0,0.0,0.0,0.0,11.0,18.0,0.0,195.0,1380.0,6.0,2.0,,5
00-0033106,2017,veteran,QB,4.7272436838320555,27.567274293084694,130.3172232824504,887.5105982614834,5.335507550413774,3.453958585272555,9.002455251751005,26.122000104734976,0.32493236114461693,0.9613258471490245,6.81038604036158,0.04094245884022221,0.13193313501802773,0.04123134596507879,0.007707259383960076,0.0006505124034601389,4.036268154533004e-05,1.3704375693756648e-11,0.9922755324982397,52.573679444612466,53.56595497711071,veteran,Jared Goff,QB,15.0,263.26,0.0,0.0,0.0,0.0,28.0,51.0,1.0,477.0,296.0,3804.0,28.0,7.0,25.0,3.0,0.0,0.0,8.0,8.0,0.0,0.0,0.0,0.0,0.0,0.0,5.0,2.0,0.0,16,53.160000000000004,7.594285714285715,0.4375,0.4375,22.882956878850102,0.24062500000000003,1.0,0.4375,0.0,0.5625,0.0,9.0,7.0,0.0,0.0,0.0,0.0,8.0,16.0,1.0,205.0,1089.0,5.0,7.0,,5
00-0033108,2017,veteran,QB,1.2034207418101905,25.717582828259214,30.94907260474872,218.41152887070402,1.330241984765282,0.7096316494605011,3.429930164981061,9.91306565597537,0.11053788710661423,0.22955291527925953,7.057126772748328,0.042981642834789634,0.12020381583230472,0.03642870756536294,0.00652667802637967,0.0013995196489197323,9.819567149686804e-05,1.3704301872195499e-11,0.22798450513251317,13.83359385264699,14.061578357779503,veteran,Paxton Lynch,QB,2.0,14.8,0.0,0.0,0.0,0.0,5.0,30.0,0.0,45.0,30.0,295.0,2.0,3.0,9.0,1.0,0.0,0.0,0.0,0.0,0.0,0.0,0.0,0.0,0.0,0.0,0.0,0.0,0.0,16,28.380000000000003,9.46,0.1875,0.1875,23.550992470910334,0.10312500000000001,1.0,0.1875,0.0,0.8125,0.0,13.0,3.0,0.0,0.0,0.0,0.0,11.0,25.0,0.0,83.0,497.0,2.0,1.0,,5
00-0033119,2017,veteran,QB,1.2663008956922894,19.71582599013495,24.966168110621204,179.0356169671164,1.0506314513876744,0.5601756524093504,5.5622925110456105,24.99481958323459,0.1950265441959909,0.25505787210319525,7.171129192667351,0.04208220687822376,0.058668052703235336,0.01442061382622454,0.001909298122286189,0.008281184016310185,0.0007770850186199225,1.3704130066241e-11,0.11848065979290426,13.403124658709668,13.521605318502573,veteran,Jacoby Brissett,QB,16.0,207.92000000000002,0.0,0.0,0.0,0.0,63.0,260.0,4.0,469.0,276.0,3098.0,13.0,7.0,52.0,3.0,0.0,0.0,2.0,2.0,0.0,0.0,0.0,0.0,0.0,0.0,2.0,0.0,0.0,16,28.299999999999997,9.433333333333332,0.1875,0.1875,24.722792607802873,0.10312500000000001,1.0,0.1875,0.0625,0.75,1.0,13.0,3.0,0.0,0.0,0.0,0.0,16.0,83.0,1.0,55.0,400.0,0.0,0.0,,5
00-0033537,2017,rookie,QB,8.832028966535205,27.283419623108305,240.96795241742757,1647.1575335365742,8.641238149725346,6.3688018196937675,31.885786013408723,148.85791108535014,1.6236532422862513,1.7920058772680127,6.835587541878645,0.03586052860156347,0.12955329596091547,0.04024171438252463,0.007459550551789536,0.005964658787596338,0.0005298812959427805,1.3704161877558952e-11,1.8688083062341407,108.75734910869332,110.62615741492746,rookie,Deshaun Watson,QB,7.0,174.36,0.0,0.0,0.0,0.0,36.0,269.0,2.0,204.0,126.0,1699.0,19.0,8.0,19.0,1.0,0.0,0.0,5.5,5.5,0.0,0.0,0.0,0.0,0.0,0.0,2.0,1.0,1.0,16,0.0,,,0.0,21.965776865160848,0.0,0.0,0.0,0.0,1.0,0.0,16.0,0.0,0.0,0.0,0.0,0.0,0.0,0.0,0.0,0.0,0.0,0.0,0.0,,5
00-0033550,2017,rookie,QB,4.310961904985399,23.266515166856472,100.30106054608326,685.6166799060225,3.596849050479968,2.650964871114994,13.34696960738914,62.30995887133239,0.6796398391628272,0.8746879227506608,6.835587541878645,0.03586052860156347,0.08273868364406871,0.02236914180431707,0.003408812991797002,0.004344158372032667,0.0003662715531580034,1.370419255127482e-11,0.5518185918424007,45.06959273253966,45.62141132438206,rookie,,,0.0,0.0,0.0,0.0,0.0,0.0,0.0,0.0,0.0,0.0,0.0,0.0,0.0,0.0,0.0,0.0,0.0,0.0,0.0,0.0,0.0,0.0,0.0,0.0,0.0,0.0,0.0,0.0,0.0,16,0.0,,,0.0,22.60917180013689,0.0,0.0,0.0,0.0,1.0,0.0,16.0,0.0,0.0,0.0,0.0,0.0,0.0,0.0,0.0,0.0,0.0,0.0,0.0,,5
00-0033869,2017,rookie,QB,14.476966411900039,33.755967573334864,488.68400876035565,3340.4423221976017,17.524466873277426,12.915956553661218,54.7731024161976,255.7067153969615,2.789096222709954,2.937355503863776,6.835587541878645,0.03586052860156347,0.2253277696757818,0.08616219623712143,0.02109212365202968,0.006573184853496346,0.0005934371450052145,1.370415246711143e-11,5.851859847111101,214.31418514191967,220.16604498903078,rookie,Mitchell Trubisky,QB,12.0,135.52,0.0,0.0,0.0,0.0,41.0,248.0,2.0,330.0,196.0,2193.0,7.0,7.0,31.0,3.0,0.0,0.0,1.0,1.0,0.0,0.0,0.0,0.0,0.0,0.0,1.0,0.0,0.0,16,0.0,,,0.0,23.033538672142367,0.0,0.0,0.0,0.0,1.0,0.0,16.0,0.0,0.0,0.0,0.0,0.0,0.0,0.0,0.0,0.0,0.0,0.0,0.0,,5
00-0033873,2017,rookie,QB,9.296222892815631,27.740896566194056,257.8855577258837,1762.7993056214768,9.2479124187592,6.815935450504185,33.917692970379896,158.34381257786237,1.7271197937246534,1.8861901521654905,6.835587541878645,0.03586052860156347,0.13556774353414494,0.04275764095187712,0.008093712212869126,0.006096474786711989,0.0005435579135043664,1.3704159760622297e-11,2.071230449492329,116.2964707146907,118.36770116418303,rookie,Patrick Mahomes,QB,1.0,10.36,0.0,0.0,0.0,0.0,7.0,10.0,0.0,35.0,22.0,284.0,0.0,1.0,2.0,0.0,0.0,0.0,0.0,0.0,0.0,0.0,0.0,0.0,0.0,0.0,0.0,0.0,0.0,16,0.0,,,0.0,21.95756331279945,0.0,0.0,0.0,0.0,1.0,0.0,16.0,0.0,0.0,0.0,0.0,0.0,0.0,0.0,0.0,0.0,0.0,0.0,0.0,,5
00-0033899,2017,rookie,QB,4.749814498820399,22.967365027340854,109.09072340656415,745.6991898524391,3.912051006886343,2.8832763476359555,15.995745998614613,74.6756982752225,0.8145179435914267,0.9637304780215303,6.835587541878645,0.03586052860156347,0.0797039843843631,0.02131835204919788,0.003198379301693426,0.005165665401551381,0.0004481197965452054,1.3704175799074065e-11,0.5885785652945665,50.13683545939877,50.725414024693336,rookie,DeShone Kizer,QB,15.0,176.66,0.0,0.0,0.0,0.0,77.0,419.0,5.0,476.0,255.0,2894.0,11.0,22.0,38.0,6.0,0.0,0.0,1.0,1.0,0.0,0.0,0.0,0.0,0.0,0.0,1.0,0.0,0.0,16,0.0,,,0.0,21.661875427789184,0.0,0.0,0.0,0.0,1.0,0.0,16.0,0.0,0.0,0.0,0.0,0.0,0.0,0.0,0.0,0.0,0.0,0.0,0.0,,5
00-0033936,2017,rookie,QB,4.964364654735083,24.840524767602826,123.31742316135887,842.9470414583618,4.422227980349016,3.259289134305676,14.152108082310201,66.06872559769735,0.7206382230428814,1.0072623937143648,6.835587541878645,0.03586052860156347,0.09975726869705362,0.028510109044454765,0.004704568437624195,0.0036677825664719046,0.00030079548423372763,1.370420890848908e-11,0.7746918097476753,53.80439242171748,54.57908423146515,rookie,C.J. Beathard,QB,6.0,88.8,0.0,0.0,0.0,0.0,26.0,136.0,3.0,224.0,123.0,1430.0,4.0,6.0,19.0,2.0,0.0,0.0,0.0,0.0,0.0,0.0,0.0,0.0,0.0,0.0,0.0,0.0,0.0,16,0.0,,,0.0,23.79192334017796,0.0,0.0,0.0,0.0,1.0,0.0,16.0,0.0,0.0,0.0,0.0,0.0,0.0,0.0,0.0,0.0,0.0,0.0,0.0,,5
00-0033949,2017,rookie,QB,3.1633323881373863,22.11115031137534,69.94491791894767,478.1146095444831,2.508261729566432,1.8486496484347752,9.51907993224384,44.4395616771817,0.48472021323451847,0.6418355570133828,6.835587541878645,0.03586052860156347,0.07137493162962345,0.01850523254822835,0.002652577055441683,0.00409758756452052,0.0003421892623768177,1.370419820004866e-11,0.34495762006043706,31.52893833627401,31.873895956334447,rookie,,,0.0,0.0,0.0,0.0,0.0,0.0,0.0,0.0,0.0,0.0,0.0,0.0,0.0,0.0,0.0,0.0,0.0,0.0,0.0,0.0,0.0,0.0,0.0,0.0,0.0,0.0,0.0,0.0,0.0,16,0.0,,,0.0,22.598220396988363,0.0,0.0,0.0,0.0,1.0,0.0,16.0,0.0,0.0,0.0,0.0,0.0,0.0,0.0,0.0,0.0,0.0,0.0,0.0,,5
00-0019596,2018,veteran,QB,12.766797953109311,38.29401682677027,488.8919756403442,3661.163720583182,24.370543473120637,8.41322686326766,20.973662553077233,39.360181288585906,0.6282018785373221,2.3075298651933163,7.4886966917136215,0.04984852418819193,0.3445481020520713,0.1598798509045523,0.054375522816217395,0.0001498855544387283,7.4119107001747806e-06,1.3705128006470555e-11,8.850964759201322,230.1924386589704,239.04340341817172,veteran,Tom Brady,QB,16.0,287.3,1.0,1.0,6.0,0.0,23.0,35.0,2.0,570.0,375.0,4355.0,29.0,11.0,21.0,2.0,0.0,0.0,6.5,6.5,0.0,0.0,0.0,0.0,0.0,0.0,5.0,1.0,0.0,16,306.88,20.559594594594596,0.9391891891891891,1.0,41.07871321013005,0.925,1.0,1.0,0.0,0.0,0.0,0.0,16.0,0.0,0.0,0.0,0.0,25.0,28.0,0.0,581.0,4577.0,32.0,8.0,,6
00-0020531,2018,veteran,QB,13.237486786344787,37.9750019829279,502.69358696042514,3768.85714745084,23.11348153695875,10.368415598718977,20.816019338540436,21.125031695214684,0.8099274021484553,2.276418927401135,7.497324901715019,0.04597926477780663,0.33974132641466326,0.1565293183068953,0.052562536043452256,5.1551507890132276e-05,2.1388690555303418e-06,1.3705274475718615e-11,8.997720128641571,224.89061057604056,233.88833070468212,veteran,Drew Brees,QB,15.0,318.48,1.0,1.0,1.0,0.0,31.0,22.0,4.0,489.0,364.0,3992.0,32.0,5.0,17.0,1.0,0.0,0.0,14.0,14.0,0.0,0.0,0.0,0.0,0.0,0.0,6.0,4.0,1.0,16,268.56,19.126750788643534,0.9911277602523659,1.0,39.62765229295003,0.9906250000000001,1.0,1.0,0.0,0.0,0.0,0.0,16.0,0.0,0.0,0.0,0.0,33.0,12.0,2.0,536.0,4334.0,23.0,8.0,,6
00-0020679,2018,veteran,QB,0.0,13.636018788787482,0.0,0.0,0.0,0.0,0.0,0.0,0.0,0.0,7.121102340575211,0.04366560176223239,2.6040802927025582e-08,4.713583704632535e-10,9.357622968839299e-14,5.444253654938946e-06,1.5609947922780283e-07,1.3705582965087315e-11,0.0,0.0,0.0,veteran,,,0.0,0.0,0.0,0.0,0.0,0.0,0.0,0.0,0.0,0.0,0.0,0.0,0.0,0.0,0.0,0.0,0.0,0.0,0.0,0.0,0.0,0.0,0.0,0.0,0.0,0.0,0.0,0.0,0.0,16,0.0,2.273333333333333,0.1875,0.0,38.64476386036961,0.08437499999999999,0.0,0.1875,0.0,1.0,0.0,16.0,0.0,0.0,0.0,0.0,0.0,0.0,0.0,0.0,0.0,0.0,0.0,0.0,,6
00-0021206,2018,veteran,QB,9.4419885496747,31.94351884065285,301.6103391297623,2158.789518153115,13.28879795617057,7.181913299632854,20.36285042482823,70.02509218071809,0.9537549725035991,2.177658157022059,7.1575448122298475,0.04405949078043147,0.21190475546149873,0.0795182040781727,0.01833295663692392,0.0008237609927638332,5.394107104543312e-05,1.3704894089750673e-11,3.481758275162229,133.51266869059043,136.99442696575267,veteran,Josh McCown,QB,4.0,20.759999999999998,0.0,0.0,0.0,0.0,5.0,32.0,0.0,110.0,60.0,539.0,1.0,4.0,7.0,0.0,0.0,0.0,0.0,0.0,0.0,0.0,0.0,0.0,0.0,0.0,0.0,0.0,0.0,16,209.94,15.504670050761423,0.6982868020304569,0.8125,39.162217659137575,0.615625,1.0,0.8125,0.0,0.1875,0.0,3.0,13.0,0.0,0.0,0.0,0.0,37.0,124.0,5.0,397.0,2926.0,18.0,9.0,,6
00-0021429,2018,veteran,QB,6.990597641416217,35.29464765191471,246.7306806300914,1796.5595954678452,10.936491287128131,5.8978097912422145,9.077726201922932,17.714555739624018,0.2771615834439994,1.2919427859606154,7.281460055473684,0.04432562362815576,0.27536738173169883,0.11492647631592202,0.032287814261069935,0.00010665902614732748,4.9872623131207e-06,1.3705174699956386e-11,3.5823098435464362,104.66326888744707,108.24557873099351,veteran,,,0.0,0.0,0.0,0.0,0.0,0.0,0.0,0.0,0.0,0.0,0.0,0.0,0.0,0.0,0.0,0.0,0.0,0.0,0.0,0.0,0.0,0.0,0.0,0.0,0.0,0.0,0.0,0.0,0.0,16,106.82000000000001,17.07423255813953,0.7723837209302324,0.4375,38.680355920602324,0.6718750000000001,1.0,1.0,0.0,0.5625,0.0,9.0,7.0,0.0,0.0,0.0,0.0,14.0,12.0,0.0,267.0,1978.0,9.0,7.0,,6
00-0022803,2018,veteran,QB,12.658007532471958,36.14868476467603,457.57032404022345,3100.410799299273,19.447254756964217,10.950694054354695,14.975955244087789,28.302747305159436,0.49886183875202894,2.724981174956909,6.775812670549689,0.04250112766328499,0.24791353431589833,0.09895240310769789,0.025610344741191234,8.665921063418171e-05,3.916047468097689e-06,1.3705203197341956e-11,5.6664249412244025,180.2775463042327,185.94397124545708,veteran,Eli Manning,QB,16.0,246.46,0.0,0.0,0.0,0.0,15.0,20.0,1.0,576.0,380.0,4299.0,21.0,11.0,47.0,4.0,0.0,0.0,6.5,6.5,0.0,0.0,0.0,0.0,0.0,0.0,5.0,1.0,0.0,16,194.32,14.415016181229772,0.966626213592233,0.9375,37.659137577002056,0.9656250000000001,1.0,1.0,0.0,0.0625,0.0,1.0,15.0,0.0,0.0,0.0,0.0,12.0,26.0,1.0,571.0,3468.0,19.0,13.0,,6
00-0022924,2018,veteran,QB,12.1951608113922,36.25812446020479,442.1736585116704,3256.4961298466837,20.82811881408894,11.123217725667242,18.386121544377048,35.26198350505093,0.5516964530776667,2.0825108195674153,7.364744749399708,0.0471039339706375,0.29855277037239336,0.12922496764617508,0.038788255133241537,0.00013384160303041485,6.496401397438867e-06,1.3705143544187428e-11,6.952587012398543,193.9972404287249,200.94982744112343,veteran,Ben Roethlisberger,QB,16.0,360.86,1.0,1.0,-1.0,0.0,31.0,98.0,3.0,675.0,452.0,5129.0,34.0,16.0,24.0,2.0,0.0,0.0,19.5,19.5,0.0,0.0,0.0,0.0,0.0,0.0,8.0,5.0,2.0,16,271.06,18.561333333333334,0.8953947368421052,0.9375,36.50102669404517,0.890625,1.0,0.9375,0.0,0.0625,0.0,1.0,15.0,0.0,0.0,0.0,0.0,28.0,47.0,0.0,562.0,4259.0,28.0,14.0,,6
00-0022942,2018,veteran,QB,13.4301924970831,36.32723813170176,487.8818009961321,3599.188096344545,22.849841175217065,11.513229116340336,16.46829932552378,24.903841876897868,0.4814771067410995,2.462052424024042,7.377172276145385,0.04683478893568776,0.30078282718411903,0.13064018600383623,0.03945836219237013,6.44740138214527e-05,2.775233207877528e-06,1.3705243779888257e-11,7.732144144114424,212.7955723020577,220.52771644617212,veteran,Philip Rivers,QB,16.0,297.02,0.0,0.0,0.0,0.0,18.0,7.0,0.0,508.0,347.0,4308.0,32.0,12.0,32.0,1.0,0.0,0.0,12.0,12.0,0.0,0.0,0.0,0.0,0.0,0.0,5.0,2.0,2.0,16,281.4,17.53275,1.0,1.0,36.73100616016427,1.0,1.0,1.0,0.0,0.0,0.0,0.0,16.0,0.0,0.0,0.0,0.0,18.0,-2.0,0.0,575.0,4515.0,28.0,10.0,8.6,6
00-0023436,2018,veteran,QB,12.686954854159927,33.81839907921084,429.0525023579116,3158.366231081691,18.964456513467532,7.785446622252308,44.94659627949279,218.04959322575235,1.555952136625289,2.24664587054931,7.361258153080322,0.04420078290942482,0.25697825926581264,0.1041140576245309,0.0277000736546007,0.005041864752639441,0.00044667188498254855,1.3704644918716052e-11,6.016932534684712,213.2689624538615,219.2858949885462,veteran,Alex Smith,QB,10.0,139.0,0.0,0.0,0.0,0.0,41.0,168.0,1.0,328.0,205.0,2180.0,10.0,5.0,22.0,1.0,0.0,0.0,1.0,1.0,0.0,0.0,0.0,0.0,0.0,0.0,1.0,0.0,0.0,16,303.18,18.207524752475248,0.9474009900990099,0.9375,34.31895961670089,0.946875,1.0,1.0,0.0,0.0625,0.0,1.0,15.0,0.0,0.0,0.0,0.0,60.0,355.0,1.0,505.0,4042.0,26.0,5.0,,6
00-0023459,2018,veteran,QB,7.358074771009585,34.90211184020276,256.8123485863508,1819.712998828095,13.187896845309169,5.264876934414664,25.18033050381638,128.7315564248541,0.8187170817087586,1.4481872057939815,7.085769079426618,0.05135226914867319,0.25326727739292465,0.10198763605933939,0.02683128615222996,0.005244580897727289,0.00046775208456008657,1.3704639481777471e-11,3.427814412101287,129.89943718668115,133.32725159878245,veteran,Aaron Rodgers,QB,16.0,327.08,0.0,0.0,0.0,0.0,43.0,269.0,2.0,597.0,372.0,4442.0,25.0,2.0,49.0,3.0,0.0,0.0,14.5,14.5,0.0,0.0,0.0,0.0,0.0,0.0,4.0,3.0,3.0,16,132.6,21.311945701357462,0.8040158371040724,0.4375,34.74880219028063,0.690625,1.0,1.0,0.0625,0.5,1.0,9.0,7.0,0.0,0.0,0.0,0.0,24.0,126.0,0.0,238.0,1675.0,16.0,6.0,6.7,6
00-0023645,2018,veteran,QB,1.5357552121009954,12.52635926334812,19.23742152733646,137.2763003202569,0.8465647569375622,0.5098488448774341,1.0141873836654718,2.6160772628207534,0.033228024165658135,0.2881919974420725,7.135899170540433,0.044006144780608464,0.016571633766963547,0.003294826064304415,0.00017913822002435528,5.67292562473915e-05,2.3910234081435995e-06,1.370526134161814e-11,0.03368289762570185,7.742205227197536,7.775888124823237,veteran,Derek Anderson,QB,2.0,6.5,0.0,0.0,0.0,0.0,1.0,-1.0,0.0,70.0,42.0,465.0,0.0,4.0,5.0,2.0,0.0,0.0,0.0,0.0,0.0,0.0,0.0,0.0,0.0,0.0,0.0,0.0,0.0,16,0.48000000000000004,1.638181818181818,0.21022727272727273,0.1875,35.214236824093085,0.20625,1.0,0.25,0.0,0.8125,0.0,13.0,3.0,0.0,0.0,0.0,0.0,2.0,-2.0,0.0,8.0,17.0,0.0,0.0,,6
00-0023662,2018,veteran,QB,1.3582718444444768,20.267777655696847,27.52915173919391,189.54511962807183,1.1738603861193608,0.7267616439959189,1.3302448395549247,4.94129953519004,0.043226028707425125,0.2732401584558541,6.885251003147036,0.04264063045749818,0.05886014246787206,0.015260502459553914,0.0016143925785790428,0.00020237846605718755,1.0514584918607867e-05,1.3705086796238746e-11,0.11572181598573524,11.030728850460326,11.14645066644606,veteran,Matt Cassel,QB,2.0,1.6600000000000001,0.0,0.0,0.0,0.0,2.0,13.0,0.0,17.0,7.0,59.0,0.0,1.0,1.0,0.0,0.0,0.0,0.0,0.0,0.0,0.0,0.0,0.0,0.0,0.0,0.0,0.0,0.0,16,2.4800000000000004,4.596571428571429,0.29642857142857143,0.125,36.29295003422313,0.21875,1.0,0.5,0.0,0.875,0.0,14.0,2.0,0.0,0.0,0.0,0.0,0.0,0.0,0.0,42.0,162.0,1.0,2.0,,6
00-0023682,2018,veteran,QB,6.332499718195671,29.25070312495775,185.2300692958202,1296.2712902167866,8.032360331196445,4.9262717059732,15.534327195177678,65.83598886546747,0.4500855248895268,1.0974753776083885,6.998168791626305,0.04336423541670456,0.16239971040750648,0.05550649918647014,0.010675078233200406,0.001681441100679806,0.0001239176869475026,1.3704796062979092e-11,1.702663104428336,81.21691080217796,82.9195739066063,veteran,Ryan Fitzpatrick,QB,8.0,183.84,0.0,0.0,0.0,0.0,36.0,152.0,2.0,246.0,164.0,2366.0,17.0,12.0,14.0,1.0,0.0,0.0,18.0,18.0,0.0,0.0,0.0,0.0,0.0,0.0,4.0,4.0,4.0,16,73.92,12.583939393939396,0.7386363636363636,0.375,35.7700205338809,0.61875,1.0,1.0,0.0,0.625,0.0,10.0,6.0,0.0,0.0,0.0,0.0,15.0,78.0,0.0,163.0,1103.0,7.0,3.0,,6
00-0024226,2018,veteran,QB,10.873638650771404,29.79913436571082,324.0250191985236,2247.2532929722643,14.157245746744554,8.762793117669323,17.061699878215208,54.228236591889775,0.5129303145173574,1.964335151294665,6.935431401349343,0.043691829049999055,0.16628518980524173,0.05728008082753079,0.011188168214780463,0.0003693463945270022,2.1187595286379312e-05,1.3705004222130759e-11,2.99006333370023,133.56526371423394,136.55532704793416,veteran,,,0.0,0.0,0.0,0.0,0.0,0.0,0.0,0.0,0.0,0.0,0.0,0.0,0.0,0.0,0.0,0.0,0.0,0.0,0.0,0.0,0.0,0.0,0.0,0.0,0.0,0.0,0.0,0.0,0.0,16,158.84,11.880698689956333,0.8135917030567685,0.875,35.3429158110883,0.7156250000000001,1.0,0.9375,0.125,0.0,2.0,2.0,14.0,0.0,0.0,0.0,0.0,19.0,32.0,0.0,429.0,2666.0,19.0,14.0,,6
00-0025430,2018,veteran,QB,3.3704718238236704,21.018549174933682,70.84242777176622,481.23329599857766,3.070441073336227,1.899447990859622,3.597504822971526,5.766879519607557,0.11283372523662442,0.5954099921036761,6.7930096572773015,0.043341838639809165,0.06271303314766259,0.016502899725618126,0.0018076232466450466,5.7103502735322446e-05,2.4094005278347765e-06,1.3705260439273572e-11,0.3071960825216876,27.795070470741923,28.10226655326361,veteran,,,0.0,0.0,0.0,0.0,0.0,0.0,0.0,0.0,0.0,0.0,0.0,0.0,0.0,0.0,0.0,0.0,0.0,0.0,0.0,0.0,0.0,0.0,0.0,0.0,0.0,0.0,0.0,0.0,0.0,16,50.459999999999994,5.902135922330096,0.3234223300970873,0.3125,34.31895961670089,0.321875,1.0,0.375,0.0,0.6875,0.0,11.0,5.0,0.0,0.0,0.0,0.0,9.0,7.0,0.0,159.0,894.0,6.0,5.0,,6
00-0025708,2018,veteran,QB,2.2566183849673136,25.23832129908702,56.9532598492319,406.7364693049126,2.5675949032309937,1.5226555592620004,1.6639639993178754,5.291221937504024,0.05453926092145881,0.40962729720882674,7.141583649147312,0.04508249238108575,0.11747592924880776,0.03636169137014622,0.005708952325042355,9.368244870307086e-05,4.288022816256477e-06,1.3705192503005964e-11,0.41417180741136317,23.53163043145798,23.945802238869344,veteran,,,0.0,0.0,0.0,0.0,0.0,0.0,0.0,0.0,0.0,0.0,0.0,0.0,0.0,0.0,0.0,0.0,0.0,0.0,0.0,0.0,0.0,0.0,0.0,0.0,0.0,0.0,0.0,0.0,0.0,16,41.34,11.045915492957748,0.2420774647887324,0.25,34.06160164271047,0.22187500000000002,1.0,0.25,0.3125,0.4375,5.0,12.0,4.0,0.0,0.0,0.0,0.0,3.0,9.0,0.0,127.0,861.0,4.0,5.0,,6
00-0026143,2018,veteran,QB,13.605675097536672,34.01737711575083,462.82938070728494,3515.3389545237537,21.0165291644753,10.219289128346938,28.22631766255362,100.5938444209433,0.7260761186216823,2.615921200157363,7.595323678785681,0.04540880514620385,0.27853260537836083,0.11683427933610983,0.03312668518382697,0.0008185091673591903,5.3540557630800285e-05,1.370489496810139e-11,7.087688884856236,213.42509533566718,220.51278422052343,veteran,Matt Ryan,QB,16.0,374.96000000000004,1.0,1.0,5.0,1.0,33.0,125.0,3.0,608.0,422.0,4924.0,35.0,7.0,42.0,5.0,0.0,0.0,20.5,20.5,0.0,0.0,0.0,0.0,0.0,0.0,8.0,7.0,1.0,16,232.1,16.96775,1.0,1.0,33.29226557152635,1.0,1.0,1.0,0.0,0.0,0.0,0.0,16.0,0.0,0.0,0.0,0.0,32.0,143.0,0.0,529.0,4095.0,20.0,12.0,11.4,6
00-0026158,2018,veteran,QB,13.260806360231626,34.65248367712755,459.5198759434756,3034.65146917812,17.961719917238817,10.952844801564309,20.50469769782477,51.60303554420559,0.8001364796380293,2.2478596348619084,6.603961282300235,0.03908801524713208,0.21235100478030627,0.07974875316462045,0.01841374263556725,0.00022940964865891318,1.2167489992541098e-05,1.3705069589197915e-11,4.893891048870507,176.79265199547635,181.68654304434685,veteran,Joe Flacco,QB,9.0,142.1,0.0,0.0,0.0,0.0,19.0,45.0,0.0,379.0,232.0,2465.0,12.0,6.0,16.0,1.0,0.0,0.0,5.0,5.0,0.0,0.0,0.0,0.0,0.0,0.0,2.0,2.0,0.0,16,185.04,13.354768211920527,0.9627483443708609,1.0,33.62354551676933,0.9437500000000001,1.0,1.0,0.0,0.0,0.0,0.0,16.0,0.0,0.0,0.0,0.0,25.0,54.0,1.0,549.0,3141.0,18.0,13.0,,6
00-0026498,2018,veteran,QB,13.762786795147061,35.66027939231742,490.78482233184104,3598.919495679936,22.57105869144675,10.196399787660363,31.399367244074696,124.30108612008263,0.9585699937404366,2.9775630731889167,7.332988576501964,0.04598972434437973,0.28573442138430377,0.1212268668815748,0.035091500445862546,0.0012454155583611292,8.732425407682878e-05,1.3704837313313358e-11,7.419988010380166,226.07461744573675,233.49460545611691,veteran,Matthew Stafford,QB,16.0,215.18,0.0,0.0,0.0,0.0,25.0,71.0,0.0,555.0,367.0,3777.0,21.0,11.0,40.0,4.0,0.0,0.0,3.0,3.0,0.0,0.0,0.0,0.0,0.0,0.0,3.0,0.0,0.0,16,285.14,17.933,1.0,1.0,30.56536618754278,1.0,1.0,1.0,0.0,0.0,0.0,0.0,16.0,0.0,0.0,0.0,0.0,29.0,98.0,0.0,565.0,4446.0,29.0,10.0,9.9,6
00-0026625,2018,veteran,QB,7.675047050879242,25.79985965163325,198.01513673236613,1377.904788299691,7.9999301151130355,4.062340693053609,8.218213044974693,15.743067886736062,0.2879866205493156,1.4158432260293567,6.958583121663287,0.04040059889929326,0.11627054289859175,0.03588265963321279,0.005598813562319714,7.544832111498759e-05,3.332645548318105e-06,1.3705222208998307e-11,1.392043290853089,79.46177066624335,80.85381395709645,veteran,Brian Hoyer,QB,5.0,-0.52,0.0,0.0,0.0,0.0,11.0,-8.0,0.0,2.0,1.0,7.0,0.0,0.0,0.0,0.0,0.0,0.0,0.0,0.0,0.0,0.0,0.0,0.0,0.0,0.0,0.0,0.0,0.0,16,67.38,9.802793296089385,0.5862430167597765,0.625,32.83504449007529,0.559375,1.0,0.6875,0.0,0.375,0.0,6.0,10.0,0.0,0.0,0.0,0.0,9.0,4.0,1.0,211.0,1287.0,4.0,4.0,,6
00-0027854,2018,veteran,QB,4.4355434339098,31.09315532118225,137.91504092440746,984.2196270406279,5.906659577219131,2.7508299440532937,7.185429395469866,17.394278201243917,0.2196559252051486,0.8918771379899155,7.136419787455147,0.04282824801144515,0.19749521766108413,0.07221032202103012,0.015842569334862368,0.0002327576723819117,1.2374540536961945e-05,1.3705067600600796e-11,1.49809219286061,58.7673725977705,60.265464790631114,veteran,Sam Bradford,QB,3.0,12.700000000000001,0.0,0.0,0.0,0.0,2.0,7.0,0.0,80.0,50.0,400.0,2.0,4.0,6.0,2.0,0.0,0.0,0.0,0.0,0.0,0.0,0.0,0.0,0.0,0.0,0.0,0.0,0.0,16,27.98,14.712727272727273,0.804383116883117,0.125,30.8145106091718,0.48124999999999996,1.0,0.9375,0.3125,0.5625,5.0,14.0,2.0,0.0,0.0,0.0,0.0,2.0,-3.0,0.0,43.0,382.0,3.0,0.0,,6
00-0027939,2018,veteran,QB,13.710930495934754,33.64391125822054,461.2893288728586,3235.521326370855,20.801649639672895,12.251428180113658,87.27078882389955,414.4532491187849,3.6488705321736083,2.4099785143439205,7.014082320691696,0.045094582375232624,0.22794268555284902,0.08796510069994588,0.02138035110874883,0.017795066610599142,0.001965969881846049,1.370447009978775e-11,5.805140243835481,246.64318632953075,252.44832657336622,veteran,Cam Newton,QB,14.0,287.1,0.0,0.0,0.0,0.0,101.0,488.0,4.0,471.0,320.0,3395.0,24.0,13.0,29.0,0.0,0.0,0.0,4.5,4.5,0.0,0.0,0.0,0.0,0.0,0.0,3.0,1.0,0.0,16,302.98,19.313949044585986,0.9820859872611465,1.0,29.308692676249144,0.9812500000000001,1.0,1.0,0.0,0.0,0.0,0.0,16.0,0.0,0.0,0.0,0.0,139.0,754.0,6.0,492.0,3302.0,22.0,16.0,,6
00-0027948,2018,veteran,QB,3.991831317981415,29.384213914453944,117.29682535798251,811.6786367746494,4.931672150783829,3.1512201883958815,15.908844353884191,65.01376343144398,0.5023264696715294,0.7822886543221348,6.919868754311614,0.04204437874369299,0.15972439320859078,0.054296215386008165,0.010329928615998777,0.004475904254427977,0.00038861286749257223,1.3704661334788696e-11,1.0653694701290073,53.84215154985883,54.90752101998784,veteran,Blaine Gabbert,QB,8.0,33.04,0.0,0.0,0.0,0.0,6.0,0.0,0.0,101.0,61.0,626.0,4.0,4.0,5.0,0.0,0.0,0.0,0.0,0.0,0.0,0.0,0.0,0.0,0.0,0.0,0.0,0.0,0.0,16,61.64,13.19095652173913,0.37119565217391304,0.3125,28.878850102669404,0.359375,1.0,0.5,0.0,0.6875,0.0,11.0,5.0,0.0,0.0,0.0,0.0,22.0,82.0,0.0,171.0,1086.0,6.0,6.0,,6
00-0027973,2018,veteran,QB,13.564338495790308,32.387881226681046,439.3201841201539,3129.720664582345,19.7304404566267,9.657276602933463,33.636539848470974,100.98348849784323,1.1466004785066057,2.699516971563283,7.124008360440747,0.04491129970761924,0.2164439098745028,0.08187522585114682,0.0191652233541463,0.0008303278330835515,5.444246626014669e-05,1.3704892999306967e-11,5.1340910917561375,196.37495298163105,201.5090440733872,veteran,Andy Dalton,QB,11.0,178.04,0.0,0.0,0.0,0.0,16.0,99.0,0.0,365.0,226.0,2566.0,21.0,11.0,21.0,0.0,0.0,0.0,3.5,3.5,0.0,0.0,0.0,0.0,0.0,0.0,2.0,1.0,0.0,16,211.7,15.059935691318325,0.9764871382636656,1.0,30.84188911704312,0.971875,1.0,1.0,0.0,0.0,0.0,0.0,16.0,0.0,0.0,0.0,0.0,38.0,99.0,0.0,496.0,3320.0,25.0,12.0,9.8,6
00-0027974,2018,veteran,QB,2.556365425170397,27.437347654634994,70.13988690268899,493.4714092077192,3.089208425236401,1.5169541102506658,13.343155111715262,78.02688767407382,0.42571963000365337,0.5017139097775123,7.035531863522306,0.044043533025970256,0.14016638299025075,0.04571809116050082,0.008001859214329391,0.018186047371779555,0.002017185656900632,1.3704467063013926e-11,0.6287612473298647,38.415360576627315,39.04412182395718,veteran,,,0.0,0.0,0.0,0.0,0.0,0.0,0.0,0.0,0.0,0.0,0.0,0.0,0.0,0.0,0.0,0.0,0.0,0.0,0.0,0.0,0.0,0.0,0.0,0.0,0.0,0.0,0.0,0.0,0.0,16,0.0,16.776774193548388,0.6512096774193549,0.0,30.82819986310746,0.29062499999999997,0.0,0.6875,0.0,1.0,0.0,16.0,0.0,0.0,0.0,0.0,0.0,0.0,0.0,0.0,0.0,0.0,0.0,0.0,,6
00-0028090,2018,veteran,QB,2.287455035683076,21.345271906334627,48.82634971016964,338.71756020563186,2.169471206509505,1.2081696847562928,3.3960040602971024,18.078632596966866,0.11017147733585123,0.4495611759060974,6.9371878548414845,0.04443238577914097,0.06933526748790697,0.018688853824974584,0.002163984367572857,0.0009404313357301586,6.294410448622426e-05,1.3704875897965652e-11,0.23499337700324743,21.380017636650308,21.615011013653554,veteran,,,0.0,0.0,0.0,0.0,0.0,0.0,0.0,0.0,0.0,0.0,0.0,0.0,0.0,0.0,0.0,0.0,0.0,0.0,0.0,0.0,0.0,0.0,0.0,0.0,0.0,0.0,0.0,0.0,0.0,16,34.02,7.903928571428571,0.25,0.25,31.263518138261464,0.17500000000000002,1.0,0.25,0.0,0.75,0.0,12.0,4.0,0.0,0.0,0.0,0.0,5.0,51.0,0.0,97.0,523.0,4.0,3.0,,6
00-0028118,2018,veteran,QB,12.85874115339028,30.991261678197258,398.5086119369222,2800.3212133831435,16.69668986180355,7.233473236118339,67.58040327304703,347.961183914617,2.723559448528324,2.3044810287317636,7.02700300445801,0.04189793987299421,0.18886190076858186,0.06795803031368736,0.014456913634676117,0.013885263289179375,0.0014666669299701382,1.3704504686976903e-11,4.317940040428607,210.86117453547138,215.17911457589997,veteran,Tyrod Taylor,QB,4.0,41.419999999999995,0.0,0.0,0.0,0.0,16.0,125.0,1.0,85.0,42.0,473.0,2.0,2.0,13.0,0.0,0.0,0.0,0.0,0.0,0.0,0.0,0.0,0.0,0.0,0.0,0.0,0.0,0.0,16,222.66,16.478383838383838,0.9286616161616162,0.9375,29.078713210130047,0.928125,1.0,0.9375,0.0,0.0625,0.0,1.0,15.0,0.0,0.0,0.0,0.0,84.0,427.0,4.0,420.0,2799.0,14.0,4.0,15.5,6
00-0028595,2018,veteran,QB,0.0,15.545742945475027,0.0,0.0,0.0,0.0,0.0,0.0,0.0,0.0,7.1036471831646315,0.043436861708651985,2.6040802927025582e-08,4.713583704632535e-10,9.357622968839299e-14,5.444253654938946e-06,1.5609947922780283e-07,1.3705582965087315e-11,0.0,0.0,0.0,veteran,,,0.0,0.0,0.0,0.0,0.0,0.0,0.0,0.0,0.0,0.0,0.0,0.0,0.0,0.0,0.0,0.0,0.0,0.0,0.0,0.0,0.0,0.0,0.0,0.0,0.0,0.0,0.0,0.0,0.0,16,1.32,2.3358620689655174,0.10129310344827587,0.0625,30.99247091033539,0.090625,1.0,0.125,0.0,0.9375,0.0,15.0,1.0,0.0,0.0,0.0,0.0,2.0,2.0,0.0,18.0,128.0,0.0,2.0,,6
00-0028986,2018,veteran,QB,11.769108450456743,30.529163927324845,359.301041162458,2566.7833053377594,15.454073086916292,7.834914976671322,26.36302638008926,90.09728989798322,0.8444191869372627,2.0742292199615964,7.143823733528198,0.043011489855184507,0.18952645785410013,0.06828201539127401,0.014560826760832571,0.0008799185790089645,5.824982523919522e-05,1.3704885032596943e-11,3.7901051820746234,158.7455802793316,162.53568546140622,veteran,Case Keenum,QB,16.0,219.4,0.0,0.0,0.0,0.0,26.0,93.0,2.0,586.0,365.0,3890.0,18.0,15.0,34.0,2.0,0.0,0.0,4.5,4.5,0.0,0.0,0.0,0.0,0.0,0.0,3.0,1.0,0.0,16,241.38,14.411999999999999,0.8203125,0.9375,30.537987679671456,0.75,1.0,0.9375,0.0,0.0625,0.0,1.0,15.0,0.0,0.0,0.0,0.0,40.0,160.0,1.0,481.0,3547.0,22.0,7.0,17.2,6
00-0029263,2018,veteran,QB,13.812539986676487,34.769392369383965,480.25362241456037,3502.7575133872015,23.51220215275973,10.376972341218902,66.66138583354711,339.4050764821001,1.8659959384058358,2.598671735532482,7.293557715976125,0.04895788611556527,0.26756450491172684,0.11028225202864027,0.030282508558553894,0.011186956761296798,0.0011371760499998434,1.370453471132204e-11,6.995300390248805,253.34430427166924,260.33960466191803,veteran,Russell Wilson,QB,16.0,299.92,1.0,1.0,-11.0,0.0,67.0,376.0,0.0,427.0,280.0,3448.0,35.0,7.0,51.0,2.0,0.0,0.0,1.0,1.0,0.0,0.0,0.0,0.0,0.0,0.0,1.0,0.0,0.0,16,355.92,20.5258125,1.0,1.0,29.754962354551676,1.0,1.0,1.0,0.0,0.0,0.0,0.0,16.0,0.0,0.0,0.0,0.0,95.0,586.0,3.0,553.0,3983.0,34.0,11.0,6.3,6
00-0029567,2018,veteran,QB,5.384808482647236,21.350760026664926,114.96975370255083,790.2164202837494,4.994063799392891,2.6887432215094207,7.591485100685763,11.748093954079724,0.242674353518623,1.0625692763132046,6.87325487647989,0.04343806643539924,0.06764083659812548,0.018123543863622138,0.0020698747882418006,8.327481138477282e-05,3.7385378145423374e-06,1.370520866434718e-11,0.5333910444446586,46.713142529796,47.24653357424066,veteran,Nick Foles,QB,5.0,81.22,1.0,1.0,10.0,0.0,9.0,17.0,0.0,195.0,141.0,1413.0,7.0,4.0,9.0,2.0,0.0,0.0,5.5,5.5,0.0,0.0,0.0,0.0,0.0,0.0,2.0,1.0,1.0,16,33.78,6.785409836065574,0.47438524590163933,0.4375,29.61259411362081,0.38125,1.0,0.6875,0.0,0.5625,0.0,9.0,7.0,0.0,0.0,0.0,0.0,11.0,3.0,0.0,101.0,537.0,5.0,2.0,,6
00-0029604,2018,veteran,QB,13.79523690320497,34.86966906590274,481.03534550048624,3568.396184276879,21.9720524381906,11.044445307615108,33.3019683304018,107.10755755256777,1.6684646307202795,2.8611891199992083,7.4181579745750135,0.04567658622950066,0.27921335645667816,0.11724640467427311,0.03330905271436453,0.0009061576851587294,6.0278947193311104e-05,1.370488099696135e-11,7.210737841938607,223.53433180818737,230.74506965012597,veteran,Kirk Cousins,QB,16.0,296.12,1.0,1.0,-1.0,0.0,44.0,123.0,1.0,606.0,425.0,4298.0,30.0,10.0,40.0,7.0,0.0,0.0,13.5,13.5,0.0,0.0,0.0,0.0,0.0,0.0,5.0,3.0,2.0,16,284.12,18.5463125,1.0,1.0,30.034223134839152,1.0,1.0,1.0,0.0,0.0,0.0,0.0,16.0,0.0,0.0,0.0,0.0,49.0,179.0,4.0,540.0,4093.0,27.0,13.0,9.8,6
00-0029665,2018,veteran,QB,0.771780256188602,26.40949880530174,20.382329753768357,143.34668552929244,0.8599640682146407,0.48314257490522844,4.075972776690446,21.001026603516287,0.14433453393188,0.14963186943510962,7.0328901190890605,0.04219164730448184,0.1269890291280202,0.040206230544056115,0.0066188931159201145,0.014059356077598948,0.0014883737790404182,1.3704502953050463e-11,0.16734362954875748,10.874284669292493,11.04162829884125,veteran,Robert Griffin III,QB,2.0,0.84,0.0,0.0,0.0,0.0,0.0,0.0,0.0,6.0,2.0,21.0,0.0,0.0,0.0,0.0,0.0,0.0,0.0,0.0,0.0,0.0,0.0,0.0,0.0,0.0,0.0,0.0,0.0,16,0.0,13.288000000000002,0.3125,0.0,28.550308008213552,0.09375,0.0,0.3125,0.0,1.0,0.0,16.0,0.0,0.0,0.0,0.0,0.0,0.0,0.0,0.0,0.0,0.0,0.0,0.0,,6
00-0029668,2018,veteran,QB,3.5786495903257856,33.05414831629616,118.28921433068099,855.2064164207951,5.601975012924764,2.9744925305367325,14.577649258709853,72.50520729543695,0.4615242342380377,0.7279195685522303,7.229792008171094,0.04735829081816604,0.23457155130984228,0.09155393494551312,0.022729154624918643,0.007268332829970174,0.0006854370335677694,1.3704594424368585e-11,1.5232781482905644,59.23099864532485,60.75427679361542,veteran,Andrew Luck,QB,16.0,342.42,2.0,1.0,4.0,0.0,46.0,148.0,0.0,639.0,430.0,4593.0,39.0,15.0,18.0,1.0,0.0,0.0,15.0,15.0,0.0,0.0,0.0,0.0,0.0,0.0,7.0,4.0,1.0,16,0.0,20.655135135135136,0.8429054054054054,0.0,28.969199178644764,0.346875,0.0,0.9375,0.5,0.5,8.0,16.0,0.0,0.0,0.0,0.0,0.0,0.0,0.0,0.0,0.0,0.0,0.0,0.0,,6
00-0029682,2018,veteran,QB,6.361953660559166,30.254543207771633,192.4780019092282,1303.108101801629,7.709478265505712,5.017158342224879,14.89623377084279,59.51202769345769,0.5591992843435187,1.1576931778149517,6.770166402788039,0.04005381492447885,0.16264914380094542,0.055619793069365396,0.010707594842306307,0.0013417638747689072,9.524907336181881e-05,1.3704827075140982e-11,1.7112297744280975,79.91893256941522,81.63016234384331,veteran,Brock Osweiler,QB,7.0,70.48,0.0,0.0,0.0,0.0,8.0,21.0,0.0,178.0,113.0,1247.0,6.0,4.0,17.0,1.0,0.0,0.0,2.5,2.5,0.0,0.0,0.0,0.0,0.0,0.0,1.0,1.0,0.0,16,67.92,11.729666666666667,0.6729166666666666,0.375,27.77549623545517,0.5625,1.0,0.9375,0.0,0.625,0.0,10.0,6.0,0.0,0.0,0.0,0.0,14.0,64.0,1.0,172.0,1088.0,5.0,5.0,,6
00-0029701,2018,veteran,QB,3.817770221044368,29.25157248397161,111.67578234802765,806.807672574252,4.995933872589001,2.7678470436938665,10.02304774251069,40.35387006548722,0.3252756503689675,0.7476468321684795,7.224553574739307,0.04473605438482282,0.1756259911699229,0.061620695048241254,0.01248007266756872,0.001742280526950989,0.0001291621505010007,1.3704791177386643e-11,1.1260635544711532,51.21209555036393,52.33815910483508,veteran,Ryan Tannehill,QB,11.0,142.46,1.0,1.0,3.0,1.0,32.0,145.0,0.0,274.0,176.0,1979.0,17.0,9.0,35.0,4.0,0.0,0.0,0.0,0.0,0.0,0.0,0.0,0.0,0.0,0.0,0.0,0.0,0.0,16,0.0,15.612380952380951,0.8839285714285714,0.0,30.09719370294319,0.39375,0.0,1.0,0.0,1.0,0.0,16.0,0.0,0.0,0.0,0.0,0.0,0.0,0.0,0.0,0.0,0.0,0.0,0.0,,6
00-0030520,2018,veteran,QB,2.2976847997563534,27.001577687588025,62.04111462221131,431.57995974937927,2.657985129549147,1.5983794152000608,2.280670988664213,6.805854220843478,0.07487629721356537,0.49362217462371705,6.956354062582711,0.0428423174814716,0.13071332985707035,0.04174213864045742,0.00699511862948698,0.0001396317622284141,6.824827292774613e-06,1.3705137731839603e-11,0.4766929546218233,24.840978933889943,25.317671888511768,veteran,Mike Glennon,QB,2.0,10.96,0.0,0.0,0.0,0.0,0.0,0.0,0.0,21.0,15.0,174.0,1.0,0.0,1.0,0.0,0.0,0.0,0.0,0.0,0.0,0.0,0.0,0.0,0.0,0.0,0.0,0.0,0.0,16,34.72,8.718399999999999,0.22750000000000004,0.25,28.720054757015742,0.15625,1.0,0.25,0.0,0.75,0.0,12.0,4.0,0.0,0.0,0.0,0.0,4.0,4.0,0.0,140.0,833.0,4.0,5.0,,6
00-0030524,2018,veteran,QB,2.707933013086228,14.795320138227304,40.06473584148521,287.72285162760033,1.7878719468143025,1.0150547908901555,2.910882480418621,3.039517908041863,0.09192765702332137,0.5137785249773921,7.1814488623103925,0.0446245784294687,0.027248639701508703,0.005979875354766648,0.0004201023565819369,3.207576485820383e-05,1.2309582433813319e-06,1.3705339588087972e-11,0.10044422104640782,16.458252953570245,16.558697174616654,veteran,,,0.0,0.0,0.0,0.0,0.0,0.0,0.0,0.0,0.0,0.0,0.0,0.0,0.0,0.0,0.0,0.0,0.0,0.0,0.0,0.0,0.0,0.0,0.0,0.0,0.0,0.0,0.0,0.0,0.0,16,8.56,3.7889583333333343,0.35156250000000006,0.1875,29.409993155373034,0.3,1.0,0.4375,0.0,0.8125,0.0,13.0,3.0,0.0,0.0,0.0,0.0,8.0,-10.0,0.0,28.0,239.0,1.0,1.0,,6
00-0030526,2018,veteran,QB,1.5143383150660998,17.034686330199587,25.796278194953967,181.624285521506,1.1069683713921317,0.6174548952536392,2.7070110003403087,10.462304849542537,0.08916740979323852,0.2887280476384164,7.040716654894569,0.04291194113454191,0.03847950559944028,0.009075250091172885,0.000764023138713894,0.0007115286560526497,4.547821230900973e-05,1.3704914202912396e-11,0.08238026634367744,11.461713964358342,11.544094230702019,veteran,,,0.0,0.0,0.0,0.0,0.0,0.0,0.0,0.0,0.0,0.0,0.0,0.0,0.0,0.0,0.0,0.0,0.0,0.0,0.0,0.0,0.0,0.0,0.0,0.0,0.0,0.0,0.0,0.0,0.0,16,14.1,4.941562500000001,0.23632812499999997,0.125,28.45448323066393,0.2,1.0,0.3125,0.0,0.875,0.0,14.0,2.0,0.0,0.0,0.0,0.0,2.0,15.0,0.0,43.0,265.0,1.0,1.0,,6
00-0030533,2018,veteran,QB,1.403281505890797,26.746139056489262,37.53236229195491,269.26150478886194,1.6434685297601974,1.1180349049342015,1.7548704876293542,4.934703051602876,0.057661403661365164,0.27677824039822063,7.174115572431696,0.04378803862586811,0.13803983702226164,0.04481398762971187,0.007768823224566778,0.00019011902738649077,9.776586274603903e-06,1.3705095372746151e-11,0.3101297718532273,15.394146747058901,15.704276518912128,veteran,Matt Barkley,QB,1.0,17.080000000000002,0.0,0.0,0.0,0.0,3.0,-2.0,0.0,25.0,15.0,232.0,2.0,0.0,1.0,0.0,0.0,0.0,0.0,0.0,0.0,0.0,0.0,0.0,0.0,0.0,0.0,0.0,0.0,16,0.0,10.834285714285715,0.4375,0.0,27.980835044490075,0.13125,0.0,0.4375,0.0,1.0,0.0,16.0,0.0,0.0,0.0,0.0,0.0,0.0,0.0,0.0,0.0,0.0,0.0,0.0,,6
00-0030565,2018,veteran,QB,0.8335119014713248,18.405442832336853,15.341155652602856,108.74513550552463,0.6793166200860151,0.3592077136323439,1.397375817292279,5.707635903533398,0.04553818634715518,0.17283521942774618,7.088457869018127,0.044280667993272,0.048781970714895616,0.012117544449708997,0.0011577704502596254,0.0006986439340610783,4.452012741553612e-05,1.3704916712289267e-11,0.05837855048103879,6.846978742881136,6.905357293362175,veteran,Geno Smith,QB,4.0,-1.4800000000000002,0.0,0.0,0.0,0.0,8.0,2.0,0.0,4.0,1.0,8.0,0.0,0.0,1.0,1.0,0.0,0.0,0.0,0.0,0.0,0.0,0.0,0.0,0.0,0.0,0.0,0.0,0.0,16,9.680000000000001,5.787027027027028,0.11993243243243244,0.125,27.89322381930185,0.115625,1.0,0.125,0.0,0.875,0.0,14.0,2.0,0.0,0.0,0.0,0.0,4.0,12.0,0.0,36.0,212.0,1.0,0.0,,6
00-0031064,2018,veteran,QB,5.685738843285878,24.80997341903464,141.0630295694954,978.4673712935434,5.552828916098626,3.3460535267126534,5.9665128331082515,15.852368494452456,0.19300811042043625,1.4033191745847087,6.936384212643729,0.0393641688615726,0.10402930513670311,0.031121927324784925,0.004544478892898273,0.00012561370767437237,6.033734939758011e-06,1.3705152251421883e-11,0.9093532942406525,54.594550625509385,55.50390391975004,veteran,,,0.0,0.0,0.0,0.0,0.0,0.0,0.0,0.0,0.0,0.0,0.0,0.0,0.0,0.0,0.0,0.0,0.0,0.0,0.0,0.0,0.0,0.0,0.0,0.0,0.0,0.0,0.0,0.0,0.0,16,53.18,6.517169811320755,0.44693396226415094,0.5,28.35044490075291,0.33125000000000004,1.0,0.5,0.0625,0.4375,1.0,8.0,8.0,0.0,0.0,0.0,0.0,4.0,2.0,0.0,223.0,1412.0,5.0,6.0,,6
00-0031076,2018,veteran,QB,0.7076917642401743,19.00332164892677,13.448494224152485,95.17769404620128,0.5861055845730138,0.3220668685873662,0.997099909336081,3.1351029658650282,0.03686648743535005,0.13351049481904206,7.077200797340515,0.043581502494190925,0.05311012267673802,0.013447942359678057,0.0013452270620439386,0.00029343171762186723,1.6206732403997642e-05,1.3705035805542153e-11,0.05398996900857398,5.775084594525893,5.829074563534467,veteran,,,0.0,0.0,0.0,0.0,0.0,0.0,0.0,0.0,0.0,0.0,0.0,0.0,0.0,0.0,0.0,0.0,0.0,0.0,0.0,0.0,0.0,0.0,0.0,0.0,0.0,0.0,0.0,0.0,0.0,16,19.4,7.809999999999999,0.11160714285714285,0.125,27.90965092402464,0.08750000000000001,1.0,0.125,0.0,0.875,0.0,14.0,2.0,0.0,0.0,0.0,0.0,4.0,8.0,1.0,43.0,265.0,1.0,1.0,,6
00-0031280,2018,veteran,QB,13.099343621524941,34.84495375464542,456.446022708246,3193.936104672203,20.73730882043004,10.048244431030472,27.42972617245467,75.33822154741846,0.7280001734638143,2.5484726066142,6.997401545360212,0.04543211637027461,0.24541066093940528,0.0975465418547928,0.0250524828067254,0.0004901466508156912,2.945974117586235e-05,1.370496537649198e-11,5.794753698689218,197.4150685888437,203.20982228753292,veteran,Derek Carr,QB,16.0,223.76,1.0,1.0,-9.0,0.0,24.0,47.0,1.0,553.0,381.0,4049.0,19.0,10.0,51.0,7.0,0.0,0.0,7.5,7.5,0.0,0.0,0.0,0.0,0.0,0.0,4.0,1.0,1.0,16,212.94,15.955643564356436,0.9474009900990099,0.9375,27.430527036276523,0.946875,1.0,1.0,0.0,0.0625,0.0,1.0,15.0,0.0,0.0,0.0,0.0,23.0,66.0,0.0,515.0,3496.0,22.0,13.0,15.0,6
00-0031345,2018,veteran,QB,4.571658560310637,23.224947413874812,106.17652965740518,788.5593022563404,4.703211746195447,2.5381256577859954,8.070140300048829,12.547954888908562,0.2769513043689168,0.8234424786663579,7.426870183087992,0.044296152467697705,0.1046656172010431,0.03136470155538397,0.004596441822102918,0.00012225145000897695,5.846083741531456e-06,1.3705155974895137e-11,0.7362042310506339,46.54858611723505,47.28479034828568,veteran,Jimmy Garoppolo,QB,3.0,48.019999999999996,0.0,0.0,0.0,0.0,8.0,33.0,0.0,89.0,53.0,718.0,5.0,3.0,13.0,0.0,0.0,0.0,0.0,0.0,0.0,0.0,0.0,0.0,0.0,0.0,0.0,0.0,0.0,16,90.9,10.631578947368423,0.36184210526315796,0.375,26.830937713894592,0.35624999999999996,1.0,0.375,0.0,0.625,0.0,10.0,6.0,1.0,1.0,-6.0,0.0,15.0,11.0,1.0,178.0,1560.0,7.0,5.0,12.1,6
00-0031407,2018,veteran,QB,14.011983995228963,35.64836555380152,499.5043275959383,3477.9238586076,21.612878440301817,12.463902320058454,50.92182758488422,277.3934144652353,1.7852241152125818,2.925425398884324,6.962750203479679,0.043268651033159855,0.2553106758692299,0.10315623024458005,0.02730736967398744,0.00690285218811047,0.0006452234900399096,1.3704601554157567e-11,6.621089075119949,233.2404988054247,239.86158788054465,veteran,Blake Bortles,QB,13.0,183.72,0.0,0.0,0.0,0.0,58.0,365.0,1.0,403.0,243.0,2718.0,13.0,11.0,31.0,4.0,0.0,0.0,10.5,10.5,0.0,0.0,0.0,0.0,0.0,0.0,4.0,3.0,1.0,16,255.18,16.9873125,1.0,1.0,26.71047227926078,1.0,1.0,1.0,0.0,0.0,0.0,0.0,16.0,0.0,0.0,0.0,0.0,57.0,322.0,2.0,523.0,3687.0,21.0,13.0,,6
00-0031503,2018,veteran,QB,11.995796021720796,35.458507671706755,425.3530252644162,3121.25645914621,18.943076036952476,11.000347488617654,36.41068838387195,129.96430759493117,1.2725988518293854,2.8620888698263784,7.338037521199982,0.04453495076278513,0.28273259526322997,0.11938719822280823,0.03426295405912636,0.0018373014451722246,0.00013741447754808016,1.3704783877646345e-11,6.386354561447669,193.5297136672397,199.91606822868735,veteran,Jameis Winston,QB,11.0,203.78,0.0,0.0,0.0,0.0,49.0,281.0,1.0,378.0,244.0,2992.0,19.0,14.0,27.0,3.0,0.0,0.0,8.0,8.0,0.0,0.0,0.0,0.0,0.0,0.0,5.0,2.0,0.0,16,212.16,16.53240418118467,0.9065766550522648,0.8125,24.65160848733744,0.896875,1.0,1.0,0.1875,0.0,3.0,3.0,13.0,0.0,0.0,0.0,0.0,33.0,135.0,1.0,442.0,3504.0,19.0,11.0,12.5,6
00-0031568,2018,veteran,QB,3.0017868801553806,23.45908579411023,70.41917595719956,478.94275519157753,2.804455632093249,1.8759590075287482,4.877293962425171,25.255042050178506,0.1560429698356321,0.5564472515625969,6.801311555856272,0.039825169692383,0.08497240093285797,0.02409395054461043,0.0031285823617568827,0.0010721964416431546,7.333712909160681e-05,1.3704857886941962e-11,0.38588778916511185,28.97248224188505,29.35837003105016,veteran,,,0.0,0.0,0.0,0.0,0.0,0.0,0.0,0.0,0.0,0.0,0.0,0.0,0.0,0.0,0.0,0.0,0.0,0.0,0.0,0.0,0.0,0.0,0.0,0.0,0.0,0.0,0.0,0.0,0.0,16,25.259999999999998,5.8927499999999995,0.30625,0.25,27.255304585900067,0.25,1.0,0.375,0.0,0.75,0.0,12.0,4.0,0.0,0.0,0.0,0.0,7.0,55.0,0.0,112.0,544.0,1.0,3.0,,6
00-0031589,2018,veteran,QB,8.406351702775332,25.719912335817803,216.21062885943425,1458.9904705588622,8.795616836143186,6.156418380507692,27.10913164814321,169.03024015524852,0.9740177310985564,1.586332883310347,6.748005305083316,0.040680779120537636,0.10638878482485707,0.03202474366611736,0.004738710270148296,0.007146502056648193,0.0006719910951048014,1.3704596760695663e-11,1.4463784606314691,100.80371404140733,102.2500925020388,veteran,,,0.0,0.0,0.0,0.0,0.0,0.0,0.0,0.0,0.0,0.0,0.0,0.0,0.0,0.0,0.0,0.0,0.0,0.0,0.0,0.0,0.0,0.0,0.0,0.0,0.0,0.0,0.0,0.0,0.0,16,123.94000000000001,9.33944827586207,0.6150862068965517,0.6875,25.21286789869952,0.45312500000000006,1.0,0.6875,0.0,0.3125,0.0,5.0,11.0,1.0,1.0,10.0,0.0,36.0,270.0,2.0,316.0,1836.0,9.0,12.0,,6
00-0032156,2018,veteran,QB,9.479721792542211,31.057837779428016,294.41966162688453,2050.6029789155455,12.196423703471913,8.02813381629218,23.201981383263025,77.67482748701838,0.7190151049909173,1.7902101374712522,6.964898225833357,0.04142530303879071,0.18583144447071753,0.06648766202831642,0.013988780860666277,0.0010142516769701482,6.873886504455539e-05,1.3704865518522499e-11,2.9828689653986573,123.25469944162995,126.2375684070286,veteran,,,0.0,0.0,0.0,0.0,0.0,0.0,0.0,0.0,0.0,0.0,0.0,0.0,0.0,0.0,0.0,0.0,0.0,0.0,0.0,0.0,0.0,0.0,0.0,0.0,0.0,0.0,0.0,0.0,0.0,16,128.6,12.460288461538463,0.754206730769231,0.6875,26.68309377138946,0.65,1.0,0.875,0.0,0.3125,0.0,5.0,11.0,0.0,0.0,0.0,0.0,31.0,127.0,1.0,349.0,2285.0,12.0,14.0,,6
00-0032245,2018,veteran,QB,3.2785316926055152,13.283253113826229,43.54956631458018,305.6664414691291,1.8594729162941805,1.02144728260361,4.776660593963355,8.464925217185652,0.152947919063812,0.6309425699379058,7.018817116596485,0.0426978515207771,0.01871445301523766,0.003810146340657301,0.00022047251068279235,0.00011009483671271964,5.1748316053958695e-06,1.3705170348860446e-11,0.08192550611979588,18.123949654960292,18.205875161080087,veteran,Sean Mannion,QB,3.0,0.01999999999999999,0.0,0.0,0.0,0.0,7.0,-9.0,0.0,3.0,2.0,23.0,0.0,0.0,0.0,0.0,0.0,0.0,0.0,0.0,0.0,0.0,0.0,0.0,0.0,0.0,0.0,0.0,0.0,16,5.2,0.8262500000000002,0.27734375000000006,0.3125,26.351813826146476,0.19999999999999998,1.0,0.3125,0.0,0.6875,0.0,11.0,5.0,0.0,0.0,0.0,0.0,9.0,-2.0,0.0,37.0,185.0,0.0,0.0,,6
00-0032268,2018,veteran,QB,13.031863639693233,33.071740426710946,430.98641156822714,3105.004060160595,18.47641919683997,11.222579964412628,51.221885431520896,267.39512664474955,2.2000149025652718,2.547696285634062,7.204412892885507,0.04287007362856281,0.23299006762669797,0.09069250841576806,0.022402481637334614,0.007476401565679821,0.0007084936292890175,1.3704590522733961e-11,5.504306501341465,210.5048887735569,216.00919527489836,veteran,Marcus Mariota,QB,14.0,177.42,1.0,1.0,21.0,0.0,64.0,357.0,2.0,331.0,228.0,2528.0,11.0,8.0,42.0,2.0,0.0,0.0,2.0,2.0,0.0,0.0,0.0,0.0,0.0,0.0,2.0,0.0,0.0,16,212.48000000000002,15.644261168384881,0.9143041237113402,0.9375,24.83778234086242,0.909375,1.0,0.9375,0.0,0.0625,0.0,1.0,15.0,0.0,0.0,0.0,0.0,60.0,312.0,5.0,453.0,3232.0,13.0,15.0,10.1,6
00-0032784,2018,veteran,QB,2.631455685647637,19.37856906431057,50.993845743995465,360.1925353725335,2.2772075850997897,1.4775217003592047,7.631486647852715,51.16550503110704,0.256181754752237,0.4814427765491243,7.0634510913495125,0.044656517896925464,0.055783022403920635,0.014284221615584146,0.0014674909132621082,0.006631659793438657,0.0006156272898453103,1.3704607091182263e-11,0.23077718319916182,26.252243833107965,26.483021016307127,veteran,,,0.0,0.0,0.0,0.0,0.0,0.0,0.0,0.0,0.0,0.0,0.0,0.0,0.0,0.0,0.0,0.0,0.0,0.0,0.0,0.0,0.0,0.0,0.0,0.0,0.0,0.0,0.0,0.0,0.0,16,33.78,7.702258064516128,0.2318548387096774,0.25,25.864476386036962,0.19375,1.0,0.25,0.0,0.75,0.0,12.0,4.0,0.0,0.0,0.0,0.0,10.0,71.0,0.0,75.0,517.0,4.0,5.0,,6
00-0032950,2018,veteran,QB,11.353479481039182,34.84539465506724,395.6164732250183,2783.420522026375,18.97938256710201,8.537472023962216,42.73432257146608,173.6968880557826,1.1356489552886093,2.238203787263659,7.035653746509246,0.04797419685885259,0.24841681656950526,0.09923610288147697,0.02572350839949139,0.003898672112318531,0.00033069675562550315,1.3704680360164474e-11,5.1444057984054545,189.88658206432123,195.03098786272668,veteran,Carson Wentz,QB,11.0,199.66,1.0,1.0,4.0,0.0,34.0,93.0,0.0,401.0,279.0,3074.0,21.0,7.0,31.0,6.0,0.0,0.0,6.5,6.5,0.0,0.0,0.0,0.0,0.0,0.0,5.0,1.0,0.0,16,285.74,18.648619246861927,0.8878138075313808,0.8125,25.67008898015058,0.746875,1.0,1.0,0.0,0.1875,0.0,3.0,13.0,0.0,0.0,0.0,0.0,64.0,299.0,0.0,440.0,3296.0,33.0,7.0,8.6,6
00-0033077,2018,veteran,QB,13.62761925539008,32.439957540516836,442.07939002318386,3156.5236243478303,19.979503911580828,9.874386833591348,51.35073102991168,276.00319531567175,2.753213516286446,2.6811257832735587,7.140173678266914,0.0451943799292092,0.2183931781045154,0.08289554531570298,0.019529854645289484,0.007262517954761181,0.0006847943506952696,1.3704594534992948e-11,5.315942324832381,225.18753601579257,230.50347834062495,veteran,Dak Prescott,QB,16.0,292.9,1.0,0.0,0.0,0.0,75.0,305.0,6.0,526.0,356.0,3885.0,22.0,8.0,56.0,6.0,0.0,0.0,7.0,7.0,0.0,0.0,0.0,0.0,0.0,0.0,2.0,2.0,1.0,16,261.66,16.95419117647059,1.0,1.0,25.09240246406571,0.8500000000000001,1.0,1.0,0.0,0.0,0.0,0.0,16.0,0.0,0.0,0.0,0.0,57.0,357.0,6.0,490.0,3324.0,22.0,13.0,19.0,6
00-0033104,2018,veteran,QB,3.148899110711566,19.792363613566017,62.32415618163799,441.56191907094905,2.637734477380685,1.424992911664241,4.178865434212264,11.35598488375171,0.13534653718018538,0.5802085266664727,7.084924146972125,0.042322826958029754,0.05965786606971818,0.015515925811937722,0.0016535510462708704,0.0001991449167309695,1.0319195821435641e-05,1.3705089006865395e-11,0.2722332882360652,26.15068950715556,26.422922795391624,veteran,Cody Kessler,QB,5.0,38.660000000000004,0.0,0.0,0.0,0.0,19.0,123.0,0.0,131.0,85.0,709.0,2.0,2.0,22.0,3.0,0.0,0.0,0.0,0.0,0.0,0.0,0.0,0.0,0.0,0.0,0.0,0.0,0.0,16,2.94,5.75103448275862,0.42025862068965514,0.1875,25.308692676249144,0.271875,1.0,0.5625,0.0,0.8125,0.0,13.0,3.0,0.0,0.0,0.0,0.0,1.0,-1.0,0.0,23.0,126.0,0.0,1.0,,6
00-0033106,2018,veteran,QB,11.936124572319674,32.48246998155463,387.7148081164704,2809.488726608716,18.205458505623426,8.38246472489963,25.966495619814264,58.12062843107784,0.9073193950838669,2.3562849341677854,7.24627656152029,0.046955798758541265,0.22661083020696918,0.08725095769567161,0.021115779359316904,0.0003524508041499104,2.0063010356557653e-05,1.3705010649627621e-11,4.775659803618092,174.97986298231848,179.75552278593656,veteran,Jared Goff,QB,16.0,329.82,0.0,0.0,0.0,0.0,43.0,108.0,2.0,561.0,364.0,4688.0,32.0,12.0,33.0,5.0,0.0,0.0,19.5,19.5,0.0,0.0,0.0,0.0,0.0,0.0,8.0,5.0,2.0,16,263.26,15.530531400966183,0.8360507246376812,0.9375,23.88227241615332,0.646875,1.0,0.9375,0.0,0.0625,0.0,1.0,15.0,0.0,0.0,0.0,0.0,28.0,51.0,1.0,477.0,3804.0,28.0,7.0,10.9,6
00-0033108,2018,veteran,QB,1.2227209439649718,24.581977375653548,30.056898581284685,211.78348639410615,1.3142823295022923,0.7747163329080676,3.340845087023816,12.78296222717707,0.10627916106444436,0.2404890334373264,7.046085803609021,0.04372647849704118,0.10582103670063836,0.03180685492020281,0.004691585244762222,0.0017016420270832809,0.00012565556823339148,1.3704794421482777e-11,0.2015100543948402,13.614029230187002,13.815539284581842,veteran,,,0.0,0.0,0.0,0.0,0.0,0.0,0.0,0.0,0.0,0.0,0.0,0.0,0.0,0.0,0.0,0.0,0.0,0.0,0.0,0.0,0.0,0.0,0.0,0.0,0.0,0.0,0.0,0.0,0.0,16,14.8,8.327,0.153125,0.125,24.550308008213552,0.125,1.0,0.1875,0.5625,0.3125,9.0,14.0,2.0,0.0,0.0,0.0,0.0,5.0,30.0,0.0,45.0,295.0,2.0,3.0,,6
00-0033119,2018,veteran,QB,12.489402689221052,28.82380934861843,359.9921619922299,2501.528217812574,14.004253958547572,7.253982566032656,47.421447625267774,191.8047546265877,1.9095517350796896,2.432442301833461,6.948840785779572,0.038901552414493515,0.15383281009873964,0.05166224819045511,0.00959287156078304,0.003931542900193785,0.00033395718369236147,1.3704679203573344e-11,3.1841033275313677,167.3430806840979,170.5271840116293,veteran,Jacoby Brissett,QB,4.0,-0.62,0.0,0.0,0.0,0.0,7.0,-7.0,0.0,4.0,2.0,2.0,0.0,0.0,0.0,0.0,0.0,0.0,0.0,0.0,0.0,0.0,0.0,0.0,0.0,0.0,0.0,0.0,0.0,16,207.92000000000002,12.664536082474227,0.9246134020618556,1.0,25.72210814510609,0.6062500000000001,1.0,1.0,0.0,0.0,0.0,0.0,16.0,0.0,0.0,0.0,0.0,63.0,260.0,4.0,469.0,3098.0,13.0,7.0,,6
00-0033537,2018,veteran,QB,5.242035404336275,31.915118022529235,167.30017860766898,1232.0258672174082,8.832646208975522,4.572322287768995,27.40321036865988,177.0866117917159,0.9910359218199085,0.9972897528936487,7.364163490264993,0.052795198920191924,0.2258428975566639,0.08684023965224377,0.020964195790537543,0.022823911923163326,0.0026407915275541843,1.3704435244475391e-11,2.2269044326266747,97.12727215336416,99.35417658599083,veteran,Deshaun Watson,QB,16.0,341.2,0.0,0.0,0.0,0.0,99.0,551.0,5.0,505.0,345.0,4165.0,26.0,9.0,62.0,3.0,0.0,0.0,9.5,9.5,0.0,0.0,0.0,0.0,0.0,0.0,5.0,3.0,0.0,16,174.36,24.90857142857143,0.4375,0.4375,22.965092402464066,0.24062500000000003,1.0,0.4375,0.0,0.5625,0.0,9.0,7.0,0.0,0.0,0.0,0.0,36.0,269.0,2.0,204.0,1699.0,19.0,8.0,6.7,6
00-0033869,2018,veteran,QB,9.354181263541532,27.930900781631635,261.2707087653762,1826.3009299580483,10.19244930879431,6.053932807378921,34.58397512886836,187.53558983998002,1.2260993428562366,1.8691339062786454,6.990071480221251,0.039011067704291476,0.14425669433171434,0.04747286905205712,0.008460970714655612,0.007099747959964262,0.0006668418572527401,1.37045976678055e-11,2.2495678770485843,124.08585604731944,126.33542392436803,veteran,Mitchell Trubisky,QB,14.0,270.02,0.0,0.0,0.0,0.0,68.0,421.0,3.0,434.0,289.0,3223.0,24.0,12.0,24.0,3.0,0.0,0.0,7.0,7.0,0.0,0.0,0.0,0.0,0.0,0.0,4.0,2.0,0.0,16,135.52,11.293333333333335,0.75,0.75,24.032854209445585,0.41250000000000003,1.0,0.75,0.0,0.25,0.0,4.0,12.0,0.0,0.0,0.0,0.0,41.0,248.0,2.0,330.0,2193.0,7.0,7.0,10.9,6
00-0033873,2018,veteran,QB,0.2111974413016382,30.72059581291836,6.488111230950178,46.58256873287309,0.2791089780214203,0.15764594468027576,0.9705008172928914,2.7049242023275117,0.03143291570858956,0.040483426301454566,7.179680969503218,0.04301852543618385,0.19469310989252098,0.07081984511558943,0.01538428799524773,0.0026404654546497786,0.00020979426463986603,1.3704734004231799e-11,0.07067650786422673,3.0425698339214327,3.1132463417856595,veteran,Patrick Mahomes,QB,16.0,436.58,0.0,0.0,0.0,0.0,60.0,272.0,2.0,580.0,383.0,5097.0,50.0,12.0,26.0,2.0,0.0,0.0,19.5,19.5,0.0,0.0,0.0,0.0,0.0,0.0,10.0,5.0,1.0,16,10.36,10.36,0.0625,0.0625,22.95687885010267,0.034375,1.0,0.0625,0.0,0.9375,0.0,15.0,1.0,0.0,0.0,0.0,0.0,7.0,10.0,0.0,35.0,284.0,0.0,1.0,9.8,6
00-0033899,2018,veteran,QB,11.9740863997735,31.604211091632592,378.4315542078886,2558.333172003362,14.4503244731922,12.235173308293364,60.974202598022885,308.02860920377424,2.5044099142360428,2.6444507116666633,6.760359022804849,0.03818477691015697,0.18036180836780183,0.06386298703993819,0.013167330042908806,0.01239632721300576,0.0012831904303114046,1.3704520458016421e-11,3.7935350016739084,176.2046971387769,179.99823214045082,veteran,DeShone Kizer,QB,3.0,5.380000000000001,0.0,0.0,0.0,0.0,5.0,39.0,0.0,42.0,20.0,187.0,0.0,2.0,4.0,1.0,0.0,0.0,0.0,0.0,0.0,0.0,0.0,0.0,0.0,0.0,0.0,0.0,0.0,16,176.66,11.777333333333333,0.9375,0.9375,22.661190965092402,0.515625,1.0,0.9375,0.0,0.0625,0.0,1.0,15.0,0.0,0.0,0.0,0.0,77.0,419.0,5.0,476.0,2894.0,11.0,22.0,,6
00-0033936,2018,veteran,QB,4.266842396041658,32.46169501256675,138.50893652699384,965.3542240979657,5.5017102837461405,3.4180338033326323,16.674529501467177,78.37448974974194,0.6935720723971588,0.8614444204702779,6.969616894790243,0.039720977012006144,0.20675741474524414,0.07687732124601146,0.01741721780856298,0.005843234081405476,0.0005308237191603475,1.3704624567588702e-11,1.5511990407943006,64.06093506065451,65.61213410144882,veteran,C.J. Beathard,QB,5.0,75.98,0.0,0.0,0.0,0.0,19.0,69.0,1.0,169.0,102.0,1252.0,8.0,7.0,18.0,3.0,0.0,0.0,1.0,1.0,0.0,0.0,0.0,0.0,0.0,0.0,1.0,0.0,0.0,16,88.8,14.8,0.375,0.375,24.791238877481177,0.20625000000000002,1.0,0.375,0.0,0.625,0.0,10.0,6.0,0.0,0.0,0.0,0.0,26.0,136.0,3.0,224.0,1430.0,4.0,6.0,,6
00-0033958,2018,veteran,QB,2.623627085300062,16.54541510614292,43.40899921000936,303.96145756520247,1.9323269166949377,1.2663513280897627,5.012398817277427,17.811194586935706,0.1623433043166273,0.48777682874056116,7.002268264574831,0.044514431381992715,0.034879107365104904,0.008056196238942638,0.0006439677593124752,0.0006863519327251746,4.3608841408888615e-05,1.3704919149713616e-11,0.12856586688931348,19.134688940320537,19.26325480720985,veteran,Nathan Peterman,QB,4.0,12.839999999999998,0.0,0.0,0.0,0.0,10.0,50.0,1.0,81.0,44.0,296.0,1.0,7.0,7.0,0.0,0.0,0.0,0.0,0.0,0.0,0.0,0.0,0.0,0.0,0.0,0.0,0.0,0.0,16,9.540000000000001,2.3850000000000002,0.25,0.25,24.32854209445585,0.1375,1.0,0.25,0.0625,0.6875,1.0,12.0,4.0,0.0,0.0,0.0,0.0,7.0,23.0,0.0,48.0,231.0,2.0,5.0,,6
00-0034343,2018,rookie,QB,8.583813109629949,27.946154817474508,239.8845700859858,1635.2680148614563,8.486482432287234,6.609169651811573,34.215150230959566,166.17466206766036,1.8186431203843372,1.8413226859774023,6.816895368782161,0.03537735849056604,0.13553246215592188,0.04375518824639787,0.0074989743493490465,0.006567492471570782,0.0006086555314920203,1.3704608434200388e-11,1.9197154580233493,109.98499057710131,111.90470603512466,rookie,Josh Rosen,QB,14.0,112.92,0.0,0.0,0.0,0.0,23.0,138.0,0.0,393.0,217.0,2278.0,11.0,14.0,45.0,5.0,0.0,0.0,0.0,0.0,0.0,0.0,0.0,0.0,0.0,0.0,0.0,0.0,0.0,16,0.0,,,0.0,21.555099247091032,0.0,0.0,0.0,0.0,1.0,0.0,16.0,0.0,0.0,0.0,0.0,0.0,0.0,0.0,0.0,0.0,0.0,0.0,0.0,,6
00-0034369,2018,rookie,QB,4.529046855487317,25.709797388357263,116.44087701695548,793.765275273817,4.119370649184746,3.208115929819636,14.405483500533364,69.9639293255634,0.7656968707490707,0.9715305557512225,6.816895368782161,0.03537735849056604,0.1091618893730593,0.03309489525771641,0.004972440718838296,0.003982750763115569,0.00033904579538578887,1.370467742082643e-11,0.7846140391412796,51.459374793600716,52.243988832742,rookie,Kyle Lauletta,QB,1.0,-2.2,0.0,0.0,0.0,0.0,1.0,-2.0,0.0,5.0,0.0,0.0,0.0,1.0,0.0,0.0,0.0,0.0,0.0,0.0,0.0,0.0,0.0,0.0,0.0,0.0,0.0,0.0,0.0,16,0.0,,,0.0,23.460643394934976,0.0,0.0,0.0,0.0,1.0,0.0,16.0,0.0,0.0,0.0,0.0,0.0,0.0,0.0,0.0,0.0,0.0,0.0,0.0,,6
00-0034771,2018,rookie,QB,5.079302873953597,25.96951551801013,131.90703480581138,899.1964546775229,4.666522457752761,3.6342311261892717,16.83193852868237,81.74863117849249,0.8946706064795135,1.089566547094147,6.816895368782161,0.03537735849056604,0.11208283537009908,0.03423265610004038,0.005225050219973367,0.0043599903094184,0.0003768732434349052,1.3704664951131685e-11,0.9082160272529394,58.72923942827145,59.63745545552439,rookie,,,0.0,0.0,0.0,0.0,0.0,0.0,0.0,0.0,0.0,0.0,0.0,0.0,0.0,0.0,0.0,0.0,0.0,0.0,0.0,0.0,0.0,0.0,0.0,0.0,0.0,0.0,0.0,0.0,0.0,16,0.0,,,0.0,23.12662559890486,0.0,0.0,0.0,0.0,1.0,0.0,16.0,0.0,0.0,0.0,0.0,0.0,0.0,0.0,0.0,0.0,0.0,0.0,0.0,,6
00-0034796,2018,rookie,QB,5.828578310526368,25.72916273694962,149.9644398765878,1022.2918956767221,5.305345750350983,4.131738963152129,22.258507306934742,108.10415575827496,1.1831098478460809,1.2502944009961925,6.816895368782161,0.03537735849056604,0.10937835889682876,0.03317884292926856,0.00499093487033199,0.005970531756358716,0.0005443863131155655,1.370462159279264e-11,1.0253378756177396,69.25806676308017,70.2834046386979,rookie,Lamar Jackson,QB,16.0,158.54,2.0,0.0,0.0,0.0,147.0,695.0,5.0,170.0,99.0,1201.0,6.0,3.0,16.0,4.0,0.0,1.0,0.0,1.0,0.0,0.0,0.0,1.0,0.0,0.0,0.0,0.0,0.0,16,0.0,,,0.0,21.648186173853524,0.0,0.0,0.0,0.0,1.0,0.0,16.0,0.0,0.0,0.0,0.0,0.0,0.0,0.0,0.0,0.0,0.0,0.0,0.0,,6
00-0034855,2018,rookie,QB,15.894820350538383,35.03358553378699,556.8525482947646,3796.0055575651254,19.699972227409123,15.342099583164076,59.971353555805024,291.2662765940044,3.1876665403536,3.409614460052398,6.816895368782161,0.03537735849056604,0.23422859278785904,0.09136684872781961,0.02265805066795332,0.005812419028049621,0.0005275483739188955,1.3704625297384251e-11,6.726667449461776,241.3893100273306,248.11597747679238,rookie,Baker Mayfield,QB,14.0,246.10000000000002,1.0,0.0,0.0,0.0,39.0,131.0,0.0,486.0,310.0,3725.0,27.0,14.0,25.0,3.0,0.0,0.0,6.0,6.0,0.0,0.0,0.0,0.0,0.0,0.0,3.0,2.0,0.0,16,0.0,,,0.0,23.38398357289528,0.0,0.0,0.0,0.0,1.0,0.0,16.0,0.0,0.0,0.0,0.0,0.0,0.0,0.0,0.0,0.0,0.0,0.0,0.0,,6
00-0034857,2018,rookie,QB,10.124169058699538,29.63682676388919,300.0482445210053,2045.3974884864585,10.614914310884622,8.266766599688934,38.81138626074866,188.4974624609874,2.0629475580037577,2.17174604413744,6.816895368782161,0.03537735849056604,0.1571888064862995,0.053157344700646064,0.01000886017473533,0.006021673694689828,0.0005498495063151862,1.3704620415381823e-11,2.6706443494986987,134.6259630894654,137.2966074389641,rookie,Josh Allen,QB,12.0,208.86,1.0,0.0,0.0,0.0,89.0,631.0,8.0,319.0,168.0,2044.0,10.0,12.0,28.0,2.0,0.0,2.0,0.0,2.0,0.0,0.0,0.0,2.0,0.0,0.0,0.0,0.0,0.0,16,0.0,,,0.0,22.28062970568104,0.0,0.0,0.0,0.0,1.0,0.0,16.0,0.0,0.0,0.0,0.0,0.0,0.0,0.0,0.0,0.0,0.0,0.0,0.0,,6
00-0034869,2018,rookie,QB,11.234226472266693,29.94805569351763,336.443240065033,2293.4983650573886,11.902473115508243,9.26950178995642,47.386609650869644,230.14523660165608,2.5187477201813593,2.4098656155020035,6.816895368782161,0.03537735849056604,0.16132346972883882,0.05501855136286434,0.010535436987590326,0.007450026990575482,0.0007055645767581389,1.3704591011293861e-11,3.0717806628247986,154.11810223466543,157.18988289749024,rookie,Sam Darnold,QB,13.0,170.1,0.0,0.0,0.0,0.0,43.0,135.0,1.0,414.0,239.0,2865.0,17.0,15.0,30.0,2.0,0.0,0.0,2.0,2.0,0.0,0.0,0.0,0.0,0.0,0.0,2.0,0.0,0.0,16,0.0,,,0.0,21.240246406570844,0.0,0.0,0.0,0.0,1.0,0.0,16.0,0.0,0.0,0.0,0.0,0.0,0.0,0.0,0.0,0.0,0.0,0.0,0.0,,6
00-0019596,2019,veteran,QB,13.192756363973396,37.52361605986142,495.03992457303104,3696.002208673139,24.143591575509248,9.409006327566113,22.99039165534189,44.687831000943106,0.8098876134158111,2.3253271636762887,7.466068947592295,0.04877099881657616,0.3376025893651038,0.15767017132786523,0.051677098378871966,0.00024523000074751385,6.151130614658442e-06,1.3703622289643271e-11,8.940948666217079,230.27389644706693,239.214845113284,veteran,Tom Brady,QB,16.0,268.68,0.0,0.0,0.0,0.0,26.0,34.0,3.0,613.0,373.0,4057.0,24.0,8.0,27.0,1.0,0.0,0.0,5.0,5.0,0.0,0.0,0.0,0.0,0.0,0.0,5.0,0.0,0.0,16,287.3,18.888831168831167,0.9707792207792207,1.0,42.078028747433265,0.9625000000000001,1.0,1.0,0.0,0.0,0.0,0.0,16.0,1.0,1.0,6.0,0.0,23.0,35.0,2.0,570.0,4355.0,29.0,11.0,,7
00-0020531,2019,veteran,QB,12.704117090727863,36.38546054643596,462.2451511819814,3511.1981686064396,23.064501850633793,8.313098407245306,22.082307153179176,25.292896448259867,1.037316769672844,2.0313100527031933,7.595965386825908,0.04989668748640594,0.328378679704638,0.1516945413693372,0.048987212237710964,0.00010589651759127637,2.0672195325757232e-06,1.37037844743013e-11,8.308542296274918,220.77030748975884,229.07884978603374,veteran,Drew Brees,QB,11.0,232.76,0.0,0.0,0.0,0.0,9.0,-4.0,1.0,378.0,281.0,2979.0,27.0,4.0,12.0,0.0,0.0,0.0,8.0,8.0,0.0,0.0,0.0,0.0,0.0,0.0,5.0,2.0,0.0,16,318.48,20.001941747572815,0.966626213592233,0.9375,40.62696783025325,0.9656250000000001,1.0,1.0,0.0,0.0625,0.0,1.0,15.0,1.0,1.0,1.0,0.0,31.0,22.0,4.0,489.0,3992.0,32.0,5.0,,7
00-0021206,2019,veteran,QB,4.207815660107888,29.18845347876674,122.81963164228526,858.0073347783776,5.168231438420707,3.116236716451809,8.187330338546476,30.914226074795994,0.332717841738066,0.8665567619724344,6.985913597895668,0.042079848061043604,0.16153066306500632,0.060293381840480526,0.01436832627310839,0.001003598325036532,3.836461686827438e-05,1.3703350031922163e-11,1.1856300484168,52.115361845877445,53.30099189429424,veteran,Josh McCown,QB,2.0,0.76,0.0,0.0,0.0,0.0,2.0,-2.0,0.0,5.0,3.0,24.0,0.0,0.0,0.0,0.0,0.0,0.0,0.0,0.0,0.0,0.0,0.0,0.0,0.0,0.0,0.0,0.0,0.0,16,20.759999999999998,12.045985401459856,0.5770985401459854,0.25,40.16153319644079,0.428125,1.0,0.8125,0.0,0.75,0.0,12.0,4.0,0.0,0.0,0.0,0.0,5.0,32.0,0.0,110.0,539.0,1.0,4.0,,7
00-0021429,2019,veteran,QB,2.6344183685856457,33.93935683901286,89.41046507467833,643.2564285906948,3.9073635214640348,2.1485191164794606,3.4093185192553905,8.723471016958795,0.10900887149823267,0.49945463180072497,7.194419893168295,0.04370141144216716,0.2506537905755871,0.10535138729356723,0.02987361731339341,0.0002360214394404856,5.852869035916253e-06,1.3703629682302177e-11,1.2346805148303706,37.59016406360884,38.82484457843921,veteran,,,0.0,0.0,0.0,0.0,0.0,0.0,0.0,0.0,0.0,0.0,0.0,0.0,0.0,0.0,0.0,0.0,0.0,0.0,0.0,0.0,0.0,0.0,0.0,0.0,0.0,0.0,0.0,0.0,0.0,16,0.0,16.060689655172418,0.6961206896551725,0.0,39.67967145790554,0.271875,0.0,0.9375,0.0,1.0,0.0,16.0,0.0,0.0,0.0,0.0,0.0,0.0,0.0,0.0,0.0,0.0,0.0,0.0,,7
00-0022803,2019,veteran,QB,13.16388421209544,35.624166776603374,468.95240659958404,3304.0487531335098,19.376091056383817,10.427045260079176,16.925017500636375,31.761057540489542,0.6080872821320954,2.88123324954649,7.045595046822477,0.041317819854858176,0.2668323538758172,0.1144294187733246,0.03337202495381435,0.00014140720375965904,3.009287400109274e-06,1.3703728624563276e-11,6.652585473360796,189.87438677846586,196.52697225182666,veteran,Eli Manning,QB,4.0,55.379999999999995,0.0,0.0,0.0,0.0,4.0,7.0,0.0,147.0,91.0,1042.0,6.0,5.0,5.0,1.0,0.0,0.0,1.0,1.0,0.0,0.0,0.0,0.0,0.0,0.0,1.0,0.0,0.0,16,246.46,14.60356687898089,0.9820859872611465,1.0,38.65845311430527,0.9812500000000001,1.0,1.0,0.0,0.0,0.0,0.0,16.0,0.0,0.0,0.0,0.0,15.0,20.0,1.0,576.0,4299.0,21.0,11.0,,7
00-0022924,2019,veteran,QB,12.99329493097687,38.51945653175465,500.49465929803154,3689.9721214737733,23.853641872300557,11.99281867466323,23.168180532844673,62.05332521407843,0.904723243403364,2.215834922429801,7.372650342861084,0.04766013268904101,0.34698622911259125,0.16385867871157303,0.05451685117238375,0.00044797786089918214,1.3452956659655637e-05,1.370350589614114e-11,9.124880579254471,226.22981713579512,235.35469771504958,veteran,Ben Roethlisberger,QB,2.0,12.739999999999998,0.0,0.0,0.0,0.0,1.0,7.0,0.0,62.0,35.0,351.0,0.0,1.0,2.0,0.0,0.0,0.0,0.0,0.0,0.0,0.0,0.0,0.0,0.0,0.0,0.0,0.0,0.0,16,360.86,20.71201298701299,0.9646915584415585,1.0,37.50034223134839,0.9625,1.0,1.0,0.0,0.0,0.0,0.0,16.0,1.0,1.0,-1.0,0.0,31.0,98.0,3.0,675.0,5129.0,34.0,16.0,,7
00-0022942,2019,veteran,QB,13.308562186503512,34.68207777775227,461.56858886236756,3524.3586213735857,23.207261678405168,10.897755706436497,17.488336704547073,23.036878025973788,0.5115047900397302,2.2185920676421818,7.635611925109777,0.050279118290099255,0.30017002948643956,0.13406363005433367,0.04134963331716878,8.676238254033645e-05,1.595897610879472e-06,1.3703822962231851e-11,7.772917614598083,212.9434125632425,220.71633017784058,veteran,Philip Rivers,QB,16.0,245.0,0.0,0.0,0.0,0.0,12.0,29.0,0.0,591.0,390.0,4615.0,23.0,20.0,34.0,3.0,0.0,0.0,9.5,9.5,0.0,0.0,0.0,0.0,0.0,0.0,8.0,1.0,0.0,16,297.02,17.99825,1.0,1.0,37.73032169746749,1.0,1.0,1.0,0.0,0.0,0.0,0.0,16.0,0.0,0.0,0.0,0.0,18.0,7.0,0.0,508.0,4308.0,32.0,12.0,9.3,7
00-0023436,2019,veteran,QB,9.045953759079563,32.43355841165368,293.39246963422517,2112.276556971075,12.472924098487981,5.378161655115121,29.067564221885565,126.02006374516118,0.9588531002089125,1.5959964233881496,7.199491383008118,0.042512761537602105,0.22583915467925922,0.09197863803957287,0.024943137366861406,0.003581780713490003,0.0002007691979250515,1.3703103858789752e-11,3.7773760907441556,138.789567491558,142.56694358230214,veteran,,,0.0,0.0,0.0,0.0,0.0,0.0,0.0,0.0,0.0,0.0,0.0,0.0,0.0,0.0,0.0,0.0,0.0,0.0,0.0,0.0,0.0,0.0,0.0,0.0,0.0,0.0,0.0,0.0,0.0,16,139.0,16.442530612244898,0.7971938775510204,0.625,35.318275154004105,0.765625,1.0,0.9375,0.0,0.375,0.0,6.0,10.0,0.0,0.0,0.0,0.0,41.0,168.0,1.0,328.0,2180.0,10.0,5.0,,7
00-0023459,2019,veteran,QB,12.157982173272602,35.940589621460866,436.9650479146275,3167.1175648128096,20.55311588690277,6.4843865519623005,36.370836629065444,196.82811532250892,1.2778514708367197,2.3652324096893897,7.247988322927807,0.047036063833916425,0.2896874748292858,0.12775249651724704,0.03872443878139926,0.004870976394372361,0.00029973238370452956,1.3703044244092462e-11,6.858143546384091,218.5478485740913,225.4059921204754,veteran,Aaron Rodgers,QB,16.0,289.38,0.0,0.0,0.0,0.0,46.0,183.0,1.0,569.0,353.0,4002.0,26.0,4.0,36.0,4.0,0.0,0.0,11.0,11.0,0.0,0.0,0.0,0.0,0.0,0.0,4.0,2.0,2.0,16,327.08,20.904285714285713,0.9111842105263158,1.0,35.748117727583846,0.83125,1.0,1.0,0.0,0.0,0.0,0.0,16.0,0.0,0.0,0.0,0.0,43.0,269.0,2.0,597.0,4442.0,25.0,2.0,8.7,7
00-0023645,2019,veteran,QB,0.5978568744713275,18.595919878019696,11.117698536192085,79.37512858523243,0.46426041355524883,0.3140108675456488,0.3170756616109509,0.9644047976872457,0.01056623788843859,0.12791300107905784,7.1395287726896,0.041758679824238365,0.0493382189592548,0.014923851369427104,0.0024581954263910646,7.87642185464913e-05,1.4075614514901584e-06,1.3703841640074543e-11,0.045868334176427585,4.308036967480236,4.353905301656663,veteran,,,0.0,0.0,0.0,0.0,0.0,0.0,0.0,0.0,0.0,0.0,0.0,0.0,0.0,0.0,0.0,0.0,0.0,0.0,0.0,0.0,0.0,0.0,0.0,0.0,0.0,0.0,0.0,0.0,0.0,16,6.5,2.383461538461538,0.17548076923076925,0.125,36.2135523613963,0.1625,1.0,0.25,0.25,0.625,4.0,14.0,2.0,0.0,0.0,0.0,0.0,1.0,-1.0,0.0,70.0,465.0,0.0,4.0,,7
00-0023662,2019,veteran,QB,0.43147637449094844,15.440956799197558,6.662408058389122,46.565369325600734,0.2921506812106958,0.17145756376429389,0.35267784656016843,1.409683741108846,0.011713466740063164,0.0859993469338258,6.989270083354755,0.04385061356949274,0.026847487844540417,0.007501031012357928,0.00104540195217371,0.00023074731361481172,5.683593717994067e-06,1.3703634047381703e-11,0.017444206237750916,2.7275528510218368,2.744997057259588,veteran,,,0.0,0.0,0.0,0.0,0.0,0.0,0.0,0.0,0.0,0.0,0.0,0.0,0.0,0.0,0.0,0.0,0.0,0.0,0.0,0.0,0.0,0.0,0.0,0.0,0.0,0.0,0.0,0.0,0.0,16,1.6600000000000001,1.7417391304347825,0.15760869565217392,0.125,37.29226557152635,0.14375000000000002,1.0,0.25,0.0,0.875,0.0,14.0,2.0,0.0,0.0,0.0,0.0,2.0,13.0,0.0,17.0,59.0,0.0,1.0,,7
00-0023682,2019,veteran,QB,6.16491207320856,29.822640374295098,183.8539556984489,1390.8345538717392,8.783331475033126,5.635480087869138,16.927208313441565,69.45994516870904,0.575782164150296,1.0810992235105612,7.564887840395119,0.047773415816188644,0.20794622348368935,0.08273918187154301,0.021695016689225063,0.002330973539033656,0.00011476459540976434,1.3703187051008154e-11,2.3300171137771675,87.73423693401534,90.06425404779252,veteran,Ryan Fitzpatrick,QB,15.0,250.46,0.0,0.0,0.0,0.0,54.0,243.0,4.0,502.0,311.0,3529.0,20.0,13.0,40.0,2.0,0.0,0.0,9.0,9.0,0.0,0.0,0.0,0.0,0.0,0.0,4.0,2.0,1.0,16,183.84,17.31,0.5677710843373494,0.5,36.76933607118412,0.51875,1.0,0.875,0.0,0.5,0.0,8.0,8.0,0.0,0.0,0.0,0.0,36.0,152.0,2.0,246.0,2366.0,17.0,12.0,,7
00-0024226,2019,veteran,QB,3.115384862571119,27.20500469502837,84.75405981306761,592.5303609287997,3.775441257826571,2.2449828125973825,4.027635916681736,11.451224803501818,0.12862073007229907,0.5603277856574258,6.991173782538282,0.04454584554596715,0.13471335600751813,0.048301434954138016,0.010803967273040583,0.00028194765141976123,7.373054774762071e-06,1.37035953396407e-11,0.7136301516186515,35.10920513273264,35.82283528435129,veteran,,,0.0,0.0,0.0,0.0,0.0,0.0,0.0,0.0,0.0,0.0,0.0,0.0,0.0,0.0,0.0,0.0,0.0,0.0,0.0,0.0,0.0,0.0,0.0,0.0,0.0,0.0,0.0,0.0,0.0,16,0.0,11.043636363636365,0.7897727272727273,0.0,36.342231348391515,0.309375,0.0,0.875,0.0,1.0,0.0,16.0,0.0,0.0,0.0,0.0,0.0,0.0,0.0,0.0,0.0,0.0,0.0,0.0,,7
00-0025430,2019,veteran,QB,0.6054868842744909,22.445818066158296,13.590648445870267,94.9046936355662,0.6056937901290482,0.34439629296768665,0.5639541166543608,1.4827599116595773,0.01850604021878834,0.11174849531514518,6.983087967697707,0.04456695297074643,0.07933364174205813,0.025786748176661198,0.004875305899597314,0.0001447091593579696,3.1008489414258085e-06,1.3703724166599401e-11,0.07745008962786487,5.565985561851865,5.64343565147973,veteran,,,0.0,0.0,0.0,0.0,0.0,0.0,0.0,0.0,0.0,0.0,0.0,0.0,0.0,0.0,0.0,0.0,0.0,0.0,0.0,0.0,0.0,0.0,0.0,0.0,0.0,0.0,0.0,0.0,0.0,16,0.0,7.353333333333333,0.3125,0.0,35.318275154004105,0.140625,0.0,0.3125,0.0,1.0,0.0,16.0,0.0,0.0,0.0,0.0,0.0,0.0,0.0,0.0,0.0,0.0,0.0,0.0,,7
00-0025708,2019,veteran,QB,0.25157415080381007,25.529659514764937,6.422602412737399,46.14045525088044,0.2917138594738537,0.16429579813102219,0.17418482968445625,0.6337247085219164,0.0058166827421572915,0.04696036503125835,7.184074660977615,0.045419884452962946,0.1222725854290306,0.0429781894951441,0.009306864224398923,0.00015124020164705,3.2837860220276456e-06,1.3703715640973866e-11,0.05170094436739452,2.6882338889112063,2.7399348332786007,veteran,Matt Moore,QB,6.0,42.26,0.0,0.0,0.0,0.0,5.0,-1.0,0.0,91.0,59.0,659.0,4.0,0.0,8.0,0.0,0.0,0.0,0.0,0.0,0.0,0.0,0.0,0.0,0.0,0.0,0.0,0.0,0.0,16,0.0,11.451666666666668,0.25,0.0,35.06091718001369,0.11249999999999999,0.0,0.25,0.0,1.0,0.0,16.0,0.0,0.0,0.0,0.0,0.0,0.0,0.0,0.0,0.0,0.0,0.0,0.0,,7
00-0026143,2019,veteran,QB,13.37534320106617,35.854800742650966,479.5702653387989,3673.012835655856,23.444344130784838,8.797652115186166,27.778843909955683,104.9036500107323,1.0200348298427828,2.8227194166501723,7.658966998425156,0.048886150425156705,0.32404664599270494,0.14892437055295354,0.04775762751289928,0.0011388820010606057,4.5217561979358534e-05,1.3703325587155886e-11,8.615796409548558,234.06772086583086,242.68351727537942,veteran,Matt Ryan,QB,15.0,282.84000000000003,0.0,0.0,0.0,0.0,34.0,147.0,1.0,616.0,408.0,4466.0,26.0,14.0,48.0,5.0,0.0,0.0,15.5,15.5,0.0,0.0,0.0,0.0,0.0,0.0,11.0,3.0,0.0,16,374.96000000000004,20.601687500000004,1.0,1.0,34.29158110882957,1.0,1.0,1.0,0.0,0.0,0.0,0.0,16.0,1.0,1.0,5.0,1.0,33.0,125.0,3.0,608.0,4924.0,35.0,7.0,6.4,7
00-0026158,2019,veteran,QB,8.726945145573081,34.74326543674507,303.2025716445594,2037.2444825955592,12.00808132840324,6.534473586424972,13.939006705988886,36.41036800634537,0.454252294229528,1.4632927873057722,6.7190870827566584,0.039604153959749935,0.2256967825312247,0.09190380165480701,0.024916303219550375,0.0003517317625515053,9.826111504646076e-06,1.3703552621658998e-11,3.610787189045059,119.89312243598555,123.5039096250306,veteran,Joe Flacco,QB,8.0,85.88,0.0,0.0,0.0,0.0,12.0,20.0,0.0,262.0,171.0,1822.0,6.0,5.0,26.0,3.0,0.0,0.0,1.0,1.0,0.0,0.0,0.0,0.0,0.0,0.0,1.0,0.0,0.0,16,142.1,14.062880658436214,0.8217592592592592,0.5625,34.62286105407255,0.759375,1.0,1.0,0.1875,0.25,3.0,7.0,9.0,0.0,0.0,0.0,0.0,19.0,45.0,0.0,379.0,2465.0,12.0,6.0,,7
00-0026300,2019,veteran,QB,1.6432119728555428,22.734750395700893,37.35801405009799,265.70242871277696,1.6489813831277924,0.9817172169433994,6.905364054160243,32.21707351036882,0.23744529967892627,0.3036516901313978,7.112327447504668,0.04413996367463401,0.08656639442314194,0.028551738605556553,0.0055425392950513176,0.007230944331480371,0.0005020549100826635,1.3702967498084501e-11,0.24395635601057428,19.299664015983094,19.54362037199367,veteran,,,0.0,0.0,0.0,0.0,0.0,0.0,0.0,0.0,0.0,0.0,0.0,0.0,0.0,0.0,0.0,0.0,0.0,0.0,0.0,0.0,0.0,0.0,0.0,0.0,0.0,0.0,0.0,0.0,0.0,16,49.6,12.4,0.25,0.25,33.29774127310061,0.1375,1.0,0.25,0.0,0.75,0.0,12.0,4.0,0.0,0.0,0.0,0.0,23.0,120.0,1.0,91.0,590.0,3.0,4.0,,7
00-0026498,2019,veteran,QB,13.558054648351835,34.19486548132252,463.61585488881053,3327.679154450137,20.312140207144136,9.584225444318106,26.957436179298693,94.19786625063895,0.7805982086374748,3.027539030364153,7.177664696666204,0.043812436509565914,0.2536389753062524,0.10700479849747359,0.03050174946055872,0.0009014829755329588,3.337105758943616e-05,1.370337077257592e-11,6.4550062445163725,203.23557393410627,209.69058017862264,veteran,Matthew Stafford,QB,8.0,177.06,0.0,0.0,0.0,0.0,20.0,66.0,0.0,291.0,187.0,2499.0,19.0,5.0,18.0,3.0,0.0,0.0,10.5,10.5,0.0,0.0,0.0,0.0,0.0,0.0,4.0,3.0,1.0,16,215.18,15.417687500000001,1.0,1.0,31.564681724845997,1.0,1.0,1.0,0.0,0.0,0.0,0.0,16.0,0.0,0.0,0.0,0.0,25.0,71.0,0.0,555.0,3777.0,21.0,11.0,13.4,7
00-0026544,2019,veteran,QB,1.6992306268061643,17.63133713691681,29.959708054593953,214.30303256297387,1.3424138303991704,0.719450328461577,2.53607422436772,4.170590038010806,0.07993757608791703,0.3104914340118266,7.153041417241485,0.04480730679861641,0.04248283706330567,0.01258851499639147,0.0019885485339481705,0.0001452179326023872,3.115012885657565e-06,1.3703723488762214e-11,0.11128702683010944,12.778577559497412,12.889864586327521,veteran,Chase Daniel,QB,3.0,26.000000000000004,0.0,0.0,0.0,0.0,6.0,6.0,0.0,64.0,45.0,435.0,3.0,2.0,7.0,0.0,0.0,0.0,0.0,0.0,0.0,0.0,0.0,0.0,0.0,0.0,0.0,0.0,0.0,16,30.2,6.281509433962265,0.21816037735849061,0.25,32.90075290896646,0.165625,1.0,0.25,0.0,0.75,0.0,12.0,4.0,1.0,1.0,8.0,0.0,13.0,3.0,0.0,76.0,515.0,3.0,2.0,,7
00-0026625,2019,veteran,QB,4.16448972192674,17.608634064880395,73.33097558036349,516.8747389729215,3.056715249925432,1.5690400066455252,4.258085961839368,5.019090197542766,0.14180319156868845,0.7341853673431368,7.048518513250625,0.04168382086469823,0.040539796131435143,0.011937575876604758,0.0018614094887724293,5.429581122413305e-05,8.683437761024506e-07,1.3703913483427523e-11,0.2591336125262303,29.64812797980767,29.9072615923339,veteran,Brian Hoyer,QB,4.0,21.080000000000002,0.0,0.0,0.0,0.0,8.0,2.0,0.0,65.0,35.0,372.0,4.0,4.0,5.0,1.0,0.0,0.0,0.0,0.0,0.0,0.0,0.0,0.0,0.0,0.0,0.0,0.0,0.0,16,-0.52,4.916240601503759,0.46193609022556387,0.3125,33.83436002737851,0.415625,1.0,0.625,0.0,0.6875,0.0,11.0,5.0,0.0,0.0,0.0,0.0,11.0,-8.0,0.0,2.0,7.0,0.0,0.0,,7
00-0026898,2019,veteran,QB,0.18578438131594766,15.645645608409232,2.9067165896468827,20.445320651061152,0.12592813869961636,0.08031669549532844,0.15813610206925913,0.6033117437798012,0.005276342017929771,0.035034636570674044,7.03381978273462,0.043323156838938504,0.028446449952239123,0.008004540396157868,0.0011330910823821143,0.00022841420674969595,5.609078214232024e-06,1.3703636010273215e-11,0.007980604150135106,1.182811943194465,1.1907925473446002,veteran,,,0.0,0.0,0.0,0.0,0.0,0.0,0.0,0.0,0.0,0.0,0.0,0.0,0.0,0.0,0.0,0.0,0.0,0.0,0.0,0.0,0.0,0.0,0.0,0.0,0.0,0.0,0.0,0.0,0.0,16,0.31999999999999984,0.07428571428571422,0.125,0.125,32.80492813141684,0.08750000000000001,1.0,0.125,0.0,0.875,0.0,14.0,2.0,0.0,0.0,0.0,0.0,1.0,8.0,0.0,35.0,138.0,0.0,3.0,,7
00-0027688,2019,veteran,QB,0.8706869313762429,19.18693761723153,16.705815836454722,119.75440804013236,0.7663841714285479,0.4386682781192747,2.4240091694429675,12.088787171239487,0.07801517058267657,0.1631478677613951,7.168426206328061,0.04587529151112613,0.05464969540719522,0.016772988747461044,0.002843992384372566,0.003557250228174683,0.00019897980656189055,1.3703105190557384e-11,0.07779838773749423,8.329050456178154,8.406848843915649,veteran,Colt McCoy,QB,1.0,4.279999999999999,0.0,0.0,0.0,0.0,2.0,14.0,0.0,27.0,18.0,122.0,0.0,1.0,6.0,0.0,0.0,0.0,0.0,0.0,0.0,0.0,0.0,0.0,0.0,0.0,0.0,0.0,0.0,16,27.18,9.06,0.1875,0.1875,32.988364134154686,0.10312500000000001,1.0,0.1875,0.1875,0.625,3.0,13.0,3.0,0.0,0.0,0.0,0.0,10.0,63.0,0.0,54.0,372.0,3.0,3.0,,7
00-0027854,2019,veteran,QB,3.1501517398274803,27.292961828341923,85.97697118859632,604.5955612769496,3.7192700882392917,1.9750799722810453,3.6728063780946156,11.437591261440499,0.11898773817076522,0.6885868017421097,7.032063969207851,0.04325891034333857,0.1379770956019742,0.049723112732901815,0.011212912605857071,0.0002760487147422661,7.173348828853288e-06,1.3703599423795818e-11,0.7411500563337325,35.59125481115749,36.33240486749122,veteran,,,0.0,0.0,0.0,0.0,0.0,0.0,0.0,0.0,0.0,0.0,0.0,0.0,0.0,0.0,0.0,0.0,0.0,0.0,0.0,0.0,0.0,0.0,0.0,0.0,0.0,0.0,0.0,0.0,0.0,16,12.700000000000001,10.913555555555556,0.5541666666666667,0.1875,31.813826146475016,0.28125,1.0,0.9375,0.0,0.8125,0.0,13.0,3.0,0.0,0.0,0.0,0.0,2.0,7.0,0.0,80.0,400.0,2.0,4.0,,7
00-0027939,2019,veteran,QB,12.225510180126141,33.63063285007843,411.15164427271844,2913.4956653755207,18.816005637434298,10.950118481782573,71.06294029563942,332.9386243115101,2.6488753161158196,1.851759951526475,7.086182691860982,0.04576415028259882,0.23693751289100318,0.09787828058402433,0.02708525252987089,0.014317982064569955,0.001229342703064406,1.3702834202691918e-11,5.551450558934103,215.38720662598587,220.93865718491998,veteran,Cam Newton,QB,2.0,17.68,0.0,0.0,0.0,0.0,5.0,-2.0,0.0,89.0,50.0,572.0,0.0,1.0,6.0,2.0,0.0,0.0,1.0,1.0,0.0,0.0,0.0,0.0,0.0,0.0,1.0,0.0,0.0,16,287.1,19.49918644067797,0.9252118644067797,0.875,30.308008213552363,0.921875,1.0,1.0,0.125,0.0,2.0,2.0,14.0,0.0,0.0,0.0,0.0,101.0,488.0,4.0,471.0,3395.0,24.0,13.0,,7
00-0027948,2019,veteran,QB,5.667950838504199,21.047263767641066,119.29485632002023,829.5651385565102,5.183540999049305,3.268968754410121,11.329236089329571,37.07004051366381,0.3596520849748059,1.0150288945333854,6.953905341326032,0.04345150460757457,0.06532728486529822,0.02058960945240288,0.0036753537071378827,0.0008033367659599153,2.8729111729906037e-05,1.3703393049805108e-11,0.591784154763087,51.21369080178582,51.80547495654891,veteran,,,0.0,0.0,0.0,0.0,0.0,0.0,0.0,0.0,0.0,0.0,0.0,0.0,0.0,0.0,0.0,0.0,0.0,0.0,0.0,0.0,0.0,0.0,0.0,0.0,0.0,0.0,0.0,0.0,0.0,16,33.04,7.0064705882352944,0.4420955882352941,0.5,29.87816563997262,0.42500000000000004,1.0,0.5,0.0,0.5,0.0,8.0,8.0,0.0,0.0,0.0,0.0,6.0,0.0,0.0,101.0,626.0,4.0,4.0,,7
00-0027973,2019,veteran,QB,10.170227495155451,31.933649467485907,324.77247983488144,2302.2828226341308,15.26613904461682,7.902307783870408,20.880530296495994,82.34025064165014,0.6508880977979319,1.7988937750472163,7.088909823285031,0.04700564238810605,0.20966937446855485,0.08361452432320894,0.021997090426552252,0.0012114828108671354,4.8999520415583656e-05,1.3703313639888368e-11,3.8684527267269826,145.89281961694985,149.76127234367684,veteran,Andy Dalton,QB,13.0,212.16,1.0,1.0,-4.0,0.0,32.0,73.0,4.0,528.0,314.0,3494.0,16.0,14.0,37.0,4.0,0.0,0.0,9.0,9.0,0.0,0.0,0.0,0.0,0.0,0.0,4.0,2.0,1.0,16,178.04,15.213433962264148,0.857311320754717,0.6875,31.84120465434634,0.8281250000000001,1.0,1.0,0.0,0.3125,0.0,5.0,11.0,0.0,0.0,0.0,0.0,16.0,99.0,0.0,365.0,2566.0,21.0,11.0,,7
00-0028090,2019,veteran,QB,0.217474971385883,22.14497705212246,4.8159782507513675,34.05578982629267,0.2169920419195313,0.1170715337990592,0.35109930886301344,1.8315974479482466,0.011680516696206528,0.04289455993771433,7.071416865510021,0.04505669058735412,0.07912765127927912,0.025708799085172936,0.004856774725466282,0.0013085421009865791,5.416268235207707e-05,1.370329873915195e-11,0.028009511808431954,2.163510418228349,2.191519930036781,veteran,,,0.0,0.0,0.0,0.0,0.0,0.0,0.0,0.0,0.0,0.0,0.0,0.0,0.0,0.0,0.0,0.0,0.0,0.0,0.0,0.0,0.0,0.0,0.0,0.0,0.0,0.0,0.0,0.0,0.0,16,0.0,8.505,0.25,0.0,32.26283367556468,0.075,0.0,0.25,0.0,1.0,0.0,16.0,0.0,0.0,0.0,0.0,0.0,0.0,0.0,0.0,0.0,0.0,0.0,0.0,,7
00-0028118,2019,veteran,QB,5.8799609923010845,27.340751228217407,160.76255072212632,1118.270178682359,6.689639762788022,3.1528802783835275,27.352632492058763,148.4450737245723,1.073124504756618,1.0419520147159878,6.956036549925478,0.041611928479231966,0.13469151172642482,0.04829195485609362,0.010801253013197041,0.01222697549567785,0.0009989894932990397,1.370286509594843e-11,1.4256401119183086,84.38295601324435,85.80859612516267,veteran,Tyrod Taylor,QB,4.0,6.02,1.0,0.0,0.0,0.0,10.0,7.0,0.0,6.0,4.0,33.0,1.0,0.0,0.0,0.0,0.0,0.0,0.0,0.0,0.0,0.0,0.0,0.0,0.0,0.0,0.0,0.0,0.0,16,41.419999999999995,14.566145251396652,0.7685055865921788,0.25,30.078028747433265,0.559375,1.0,0.9375,0.0,0.75,0.0,12.0,4.0,0.0,0.0,0.0,0.0,16.0,125.0,1.0,85.0,473.0,2.0,2.0,,7
00-0028986,2019,veteran,QB,12.980236692292726,33.14922288590749,430.28475922464617,3018.6353329109884,17.502017913566764,10.069999862841188,25.63611307802027,91.37066565454573,0.9484946147716031,2.201884930141119,7.015436331861798,0.040675430719657873,0.22366655290225484,0.0908389504319979,0.024535402007193462,0.0009243619640364956,3.447578442553842e-05,1.3703365928537897e-11,5.321531757039786,181.03774963882617,186.35928139586596,veteran,Case Keenum,QB,10.0,106.98,0.0,0.0,0.0,0.0,9.0,12.0,1.0,247.0,160.0,1707.0,11.0,5.0,15.0,3.0,0.0,0.0,3.5,3.5,0.0,0.0,0.0,0.0,0.0,0.0,2.0,1.0,0.0,16,219.4,14.18277027027027,0.9429898648648649,1.0,31.537303216974674,0.925,1.0,1.0,0.0,0.0,0.0,0.0,16.0,0.0,0.0,0.0,0.0,26.0,93.0,2.0,586.0,3890.0,18.0,15.0,,7
00-0029263,2019,veteran,QB,13.634477690768923,32.53962452513257,443.6607846539173,3292.0834365797978,24.036519066911303,9.132350943430135,57.21864130360844,296.25889241365473,1.4128538362253817,2.452982403424638,7.4202714110687635,0.05417769588461885,0.2442620723589722,0.10184373454105591,0.028554477689567703,0.008949035056956295,0.0006635274991242635,1.3702926000307987e-11,6.327501439693935,242.7617592958453,249.08926073553926,veteran,Russell Wilson,QB,16.0,336.6,0.0,0.0,0.0,0.0,75.0,342.0,3.0,516.0,341.0,4110.0,31.0,5.0,48.0,2.0,0.0,0.0,8.0,8.0,0.0,0.0,0.0,0.0,0.0,0.0,3.0,2.0,1.0,16,299.92,19.547875,1.0,1.0,30.754277891854894,1.0,1.0,1.0,0.0,0.0,0.0,0.0,16.0,1.0,1.0,-11.0,0.0,67.0,376.0,0.0,427.0,3448.0,35.0,7.0,11.1,7
00-0029567,2019,veteran,QB,3.5561270170193,26.379478695906208,93.80877688539711,666.0766828275704,4.131608407855535,2.100690356080557,4.6483153781915565,9.916054347387448,0.14556653521600033,0.7530875538249361,7.100366351021641,0.04404287685045693,0.12934430471264532,0.04598543721919979,0.010145922132250204,0.00017778053815494535,4.050927678480472e-06,1.3703684414364711e-11,0.7780740543196538,39.32694977074872,40.10502382506837,veteran,Nick Foles,QB,4.0,37.74,0.0,0.0,0.0,0.0,4.0,23.0,0.0,117.0,77.0,736.0,3.0,2.0,8.0,2.0,0.0,0.0,0.0,0.0,0.0,0.0,0.0,0.0,0.0,0.0,0.0,0.0,0.0,16,81.22,11.45728155339806,0.3525485436893205,0.3125,30.611909650924023,0.32187499999999997,1.0,0.4375,0.0,0.6875,0.0,11.0,5.0,1.0,1.0,10.0,0.0,9.0,17.0,0.0,195.0,1413.0,7.0,4.0,,7
00-0029604,2019,veteran,QB,13.606998010226322,35.66496918739584,485.29316476767826,3528.421345179213,22.5406600268576,10.12642088000203,32.9509114733218,101.48303400486125,1.2665906447580197,3.3465184259195855,7.270700684334499,0.046447511861512344,0.28681527355511643,0.12604549651033278,0.03802427752714879,0.0010331346293309005,3.983840893913767e-05,1.3703344425193298e-11,7.525009607137803,222.10146257178994,229.62647217892774,veteran,Kirk Cousins,QB,15.0,248.42,1.0,0.0,0.0,0.0,31.0,63.0,1.0,444.0,307.0,3603.0,26.0,6.0,28.0,3.0,0.0,0.0,4.0,4.0,0.0,0.0,0.0,0.0,0.0,0.0,4.0,0.0,0.0,16,296.12,18.480875,1.0,1.0,31.033538672142367,1.0,1.0,1.0,0.0,0.0,0.0,0.0,16.0,1.0,1.0,-1.0,0.0,44.0,123.0,1.0,606.0,4298.0,30.0,10.0,7.5,7
00-0029668,2019,veteran,QB,12.106908635379487,36.27119704606951,439.13206873260987,3171.966983836094,22.374221749192426,10.344146767842979,34.06770958267289,125.37877886700493,0.9375918436397341,2.151832989383716,7.2232642744375015,0.05095100846031862,0.29331919292312525,0.12992453465912449,0.039621436021448006,0.0019689257438661534,9.213719213751589e-05,1.3703219715779755e-11,6.895562436743594,209.54703578429897,216.44259822104257,veteran,,,0.0,0.0,0.0,0.0,0.0,0.0,0.0,0.0,0.0,0.0,0.0,0.0,0.0,0.0,0.0,0.0,0.0,0.0,0.0,0.0,0.0,0.0,0.0,0.0,0.0,0.0,0.0,0.0,0.0,16,342.42,21.329049773755656,0.9872737556561086,1.0,29.968514715947983,0.690625,1.0,1.0,0.0,0.0,0.0,0.0,16.0,2.0,1.0,4.0,0.0,46.0,148.0,0.0,639.0,4593.0,39.0,15.0,,7
00-0029682,2019,veteran,QB,6.187421912515688,27.398443230370958,169.5257280124144,1175.9931478678966,6.989059317885972,4.227629823857941,11.404142024839668,42.78743718110024,0.394926290733287,1.1356222976625936,6.936959726737044,0.04122713053545573,0.13446405501022995,0.04819326980235829,0.010773008387495495,0.0008934256163859003,3.298399253178673e-05,1.3703372507812094e-11,1.4184224073761962,70.91776040572843,72.33618281310463,veteran,,,0.0,0.0,0.0,0.0,0.0,0.0,0.0,0.0,0.0,0.0,0.0,0.0,0.0,0.0,0.0,0.0,0.0,0.0,0.0,0.0,0.0,0.0,0.0,0.0,0.0,0.0,0.0,0.0,0.0,16,70.48,10.68506329113924,0.5656645569620253,0.4375,28.774811772758383,0.49375,1.0,0.9375,0.0,0.5625,0.0,9.0,7.0,0.0,0.0,0.0,0.0,8.0,21.0,0.0,178.0,1247.0,6.0,4.0,,7
00-0029701,2019,veteran,QB,8.085411459869842,26.35949239132541,213.1273418571744,1541.0051454751735,10.37517760421591,5.717320440582784,20.616019247734403,86.4277089309966,0.5964618830775286,1.774332539485441,7.230443227260189,0.048680650327674775,0.13545662095403435,0.048624280144953895,0.010896502178668901,0.0020975822882554054,0.00010004490473194638,1.37032074682305e-11,1.8793220628426093,100.37915246729897,102.25847453014157,veteran,Ryan Tannehill,QB,12.0,228.68,0.0,0.0,0.0,0.0,43.0,185.0,4.0,286.0,201.0,2742.0,22.0,6.0,31.0,3.0,0.0,0.0,4.5,4.5,0.0,0.0,0.0,0.0,0.0,0.0,3.0,1.0,0.0,16,142.46,13.426,0.71796875,0.6875,31.096509240246405,0.5,1.0,0.8125,0.25,0.0625,4.0,5.0,11.0,1.0,1.0,3.0,1.0,32.0,145.0,0.0,274.0,1979.0,17.0,9.0,,7
00-0030520,2019,veteran,QB,1.005995500270755,21.563252101762778,21.692534585577256,154.08794616276268,0.9584157948317299,0.5251694842340932,0.7461624745741258,2.5002886644624187,0.024885925654335395,0.2072723089127639,7.103270738367812,0.044181826289167385,0.07433926589333757,0.023909432555740278,0.004433402050102181,0.00014808848601422645,3.1952041865555398e-06,1.3703719708272467e-11,0.11993790227606457,8.931641859915969,9.051579762192032,veteran,Mike Glennon,QB,2.0,4.239999999999999,0.0,0.0,0.0,0.0,2.0,0.0,0.0,10.0,6.0,56.0,1.0,0.0,0.0,1.0,0.0,0.0,0.0,0.0,0.0,0.0,0.0,0.0,0.0,0.0,0.0,0.0,0.0,16,10.96,7.262857142857144,0.1823979591836735,0.125,29.71937029431896,0.15312499999999998,1.0,0.25,0.0,0.875,0.0,14.0,2.0,0.0,0.0,0.0,0.0,0.0,0.0,0.0,21.0,174.0,1.0,0.0,,7
00-0030526,2019,veteran,QB,0.46965248455701847,15.021402442593947,7.054838978695114,50.36625132223929,0.3130217281038712,0.1657026828065359,0.6507983412311397,2.581975111887506,0.021596905046550416,0.09047893110739644,7.139248886379998,0.044369790586172776,0.02634921337725485,0.007344982580689605,0.0010185134821603077,0.0005798438980441011,1.8809355378367222e-05,1.370345604719487e-11,0.01879162821169984,3.142152678945245,3.160944307156945,veteran,,,0.0,0.0,0.0,0.0,0.0,0.0,0.0,0.0,0.0,0.0,0.0,0.0,0.0,0.0,0.0,0.0,0.0,0.0,0.0,0.0,0.0,0.0,0.0,0.0,0.0,0.0,0.0,0.0,0.0,16,0.0,3.96,0.22916666666666666,0.0,29.453798767967147,0.084375,0.0,0.3125,0.0,1.0,0.0,16.0,0.0,0.0,0.0,0.0,0.0,0.0,0.0,0.0,0.0,0.0,0.0,0.0,,7
00-0030565,2019,veteran,QB,2.2202447580186213,10.957070097407785,24.327377447012218,173.67490127009341,1.0904829429104612,0.5640056831507012,3.1477206901754062,7.463967975662023,0.10097517769191147,0.4637880139686142,7.139072086515573,0.044825339076752374,0.01025744519573175,0.0025664240299721514,0.00027754005444545737,0.00024211421702604802,6.049830314127818e-06,1.3703624759470511e-11,0.03311128791573765,10.605588291924624,10.638699579840361,veteran,,,0.0,0.0,0.0,0.0,0.0,0.0,0.0,0.0,0.0,0.0,0.0,0.0,0.0,0.0,0.0,0.0,0.0,0.0,0.0,0.0,0.0,0.0,0.0,0.0,0.0,0.0,0.0,0.0,0.0,16,-1.4800000000000002,1.0583870967741935,0.21370967741935482,0.25,28.892539356605067,0.19375,1.0,0.25,0.0,0.75,0.0,12.0,4.0,0.0,0.0,0.0,0.0,8.0,2.0,0.0,4.0,8.0,0.0,0.0,,7
00-0031064,2019,veteran,QB,1.7357948389701932,23.883184657485103,41.45630866663474,292.420724636689,1.732913276851909,0.979188940496516,1.7123430208252506,5.30546400680217,0.05668265211641008,0.4118956256021074,7.05370868854124,0.04180095460951179,0.09700510930111965,0.03263707075159666,0.006562102279506231,0.00020651832583690462,4.921058536610242e-06,1.3703655474010945e-11,0.2765100694860648,16.716955274056627,16.99346534354269,veteran,,,0.0,0.0,0.0,0.0,0.0,0.0,0.0,0.0,0.0,0.0,0.0,0.0,0.0,0.0,0.0,0.0,0.0,0.0,0.0,0.0,0.0,0.0,0.0,0.0,0.0,0.0,0.0,0.0,0.0,16,0.0,6.526315789473684,0.4506578947368422,0.0,29.349760438056126,0.17812499999999998,0.0,0.5,0.0,1.0,0.0,16.0,0.0,0.0,0.0,0.0,0.0,0.0,0.0,0.0,0.0,0.0,0.0,0.0,,7
00-0031076,2019,veteran,QB,0.0,18.978106557110614,0.0,0.0,0.0,0.0,0.0,0.0,0.0,0.0,7.153774004010567,0.04465349524873706,1.4987028866638626e-08,9.63030302145253e-10,3.3777452801192806e-12,9.59181991747172e-06,9.145279277245553e-08,1.3704248257649107e-11,0.0,0.0,0.0,veteran,David Fales,QB,1.0,0.0,0.0,0.0,0.0,0.0,0.0,0.0,0.0,0.0,0.0,0.0,0.0,0.0,1.0,0.0,0.0,0.0,0.0,0.0,0.0,0.0,0.0,0.0,0.0,0.0,0.0,0.0,0.0,16,0.0,7.935999999999999,0.11249999999999999,0.0,28.908966461327857,0.046875,0.0,0.125,0.0,1.0,0.0,16.0,0.0,0.0,0.0,0.0,0.0,0.0,0.0,0.0,0.0,0.0,0.0,0.0,,7
00-0031280,2019,veteran,QB,13.67210236953194,33.99689462238126,464.80902352338654,3318.981099765798,19.752708833378325,9.702235024142727,26.20913885877741,63.34069938326385,0.8150422638533419,3.234982916629936,7.140526392123292,0.04249639708723185,0.2473174907326199,0.10351497134355601,0.02918070819518294,0.0004240405770320406,1.252681097419908e-05,1.3703516504970116e-11,6.308228666190236,197.11996696404634,203.4281956302366,veteran,Derek Carr,QB,16.0,246.86,0.0,0.0,0.0,0.0,27.0,82.0,2.0,513.0,361.0,4054.0,21.0,8.0,29.0,3.0,0.0,0.0,2.5,2.5,0.0,0.0,0.0,0.0,0.0,0.0,1.0,1.0,0.0,16,223.76,14.684694533762055,0.9728697749196141,1.0,28.42984257357974,0.971875,1.0,1.0,0.0,0.0,0.0,0.0,16.0,1.0,1.0,-9.0,0.0,24.0,47.0,1.0,553.0,4049.0,19.0,10.0,15.8,7
00-0031345,2019,veteran,QB,2.680543123866297,25.76673947241283,69.06885631723051,512.9209609327224,3.1657323013466914,1.7118467535346236,5.119059820390926,13.804574945559716,0.16966635208143452,0.47946457174093116,7.426226352683428,0.04583443928485812,0.1368865894119965,0.04924692757174777,0.011075518133764548,0.000514019325696276,1.6083999879157916e-05,1.3703479328416899e-11,0.625762505387675,31.195600599189135,31.82136310457681,veteran,Jimmy Garoppolo,QB,16.0,253.82,0.0,0.0,0.0,0.0,46.0,62.0,1.0,476.0,329.0,3978.0,27.0,13.0,36.0,5.0,0.0,0.0,6.5,6.5,0.0,0.0,0.0,0.0,0.0,0.0,3.0,1.0,1.0,16,48.019999999999996,13.563908045977012,0.30387931034482757,0.1875,27.83025325119781,0.271875,1.0,0.375,0.0,0.8125,0.0,13.0,3.0,0.0,0.0,0.0,0.0,8.0,33.0,0.0,89.0,718.0,5.0,3.0,10.9,7
00-0031407,2019,veteran,QB,11.966251161559978,32.92159939730273,393.948127028386,2744.8193021583274,16.262420979140177,9.843466180806072,47.887867673502456,269.37203212302353,1.4821247255469703,2.6176747197597794,6.967463769565146,0.04128061504394051,0.21643958837703603,0.08708342926324349,0.023205868698576403,0.009631513024957431,0.0007305649159119552,1.3702911675846639e-11,4.836804551384699,185.75012576734628,190.58693031873096,veteran,Blake Bortles,QB,2.0,-0.78,0.0,0.0,0.0,0.0,2.0,-9.0,0.0,2.0,1.0,3.0,0.0,0.0,0.0,0.0,0.0,0.0,0.0,0.0,0.0,0.0,0.0,0.0,0.0,0.0,0.0,0.0,0.0,16,183.72,15.25714285714286,0.9065766550522648,0.8125,27.709787816564,0.896875,1.0,1.0,0.0,0.1875,0.0,3.0,13.0,0.0,0.0,0.0,0.0,58.0,365.0,1.0,403.0,2718.0,13.0,11.0,,7
00-0031503,2019,veteran,QB,10.454992677447624,34.334831221359224,358.97040900071073,2669.525912435881,16.550183171833798,10.099283422126287,37.804645654368166,173.90232288046087,1.1317831917039212,2.5160362669851226,7.436618299171828,0.046104589004719414,0.27723500867689305,0.12042009473641642,0.03574678893848779,0.005149732902930952,0.00032230038745150174,1.3703033444078904e-11,5.593336524231132,171.93206124481722,177.52539776904834,veteran,Jameis Winston,QB,16.0,331.36,0.0,0.0,0.0,0.0,59.0,250.0,1.0,626.0,380.0,5109.0,33.0,30.0,47.0,5.0,0.0,0.0,26.0,26.0,0.0,0.0,0.0,0.0,0.0,0.0,11.0,6.0,3.0,16,203.78,17.41838056680162,0.7877024291497975,0.6875,25.650924024640656,0.7718750000000001,1.0,1.0,0.0,0.3125,0.0,5.0,11.0,0.0,0.0,0.0,0.0,49.0,281.0,1.0,378.0,2992.0,19.0,14.0,9.0,7
00-0031568,2019,veteran,QB,1.1243837755238193,22.781130865943172,25.6147339337514,178.70654326181767,1.0816883893649156,0.6512954927890521,1.8770712405386478,9.046633582667521,0.061749241866939725,0.21253222477089875,6.976708941190444,0.04222914796470413,0.08249562339208157,0.0269888473176302,0.005163045007879775,0.0011968498149456284,4.8231616811468254e-05,1.3703315989299118e-11,0.151313026453742,11.022518662280858,11.1738316887346,veteran,,,0.0,0.0,0.0,0.0,0.0,0.0,0.0,0.0,0.0,0.0,0.0,0.0,0.0,0.0,0.0,0.0,0.0,0.0,0.0,0.0,0.0,0.0,0.0,0.0,0.0,0.0,0.0,0.0,0.0,16,0.0,5.912857142857143,0.3035714285714286,0.0,28.254620123203285,0.13124999999999998,0.0,0.375,0.0,1.0,0.0,16.0,0.0,0.0,0.0,0.0,0.0,0.0,0.0,0.0,0.0,0.0,0.0,0.0,,7
00-0031589,2019,veteran,QB,3.1236975565308303,24.22617308597666,75.67523767275826,523.92787557776,3.2188349852340528,2.042121876700005,10.247066466061618,60.430887049349586,0.3599725486130811,0.598642115711103,6.923372713322376,0.0425348513493044,0.09583539688380084,0.03217378367072187,0.006444536254332569,0.0070336819096979575,0.0004842292054093328,1.3702972877346582e-11,0.5146140869901886,36.753850975837835,37.26846506282802,veteran,Brett Hundley,QB,3.0,6.06,0.0,0.0,0.0,0.0,7.0,41.0,0.0,11.0,5.0,49.0,0.0,0.0,2.0,0.0,0.0,0.0,0.0,0.0,0.0,0.0,0.0,0.0,0.0,0.0,0.0,0.0,0.0,16,0.0,9.475384615384616,0.6201923076923076,0.0,26.21218343600274,0.24375,0.0,0.6875,0.0,1.0,0.0,16.0,0.0,0.0,0.0,0.0,0.0,0.0,0.0,0.0,0.0,0.0,0.0,0.0,,7
00-0031800,2019,veteran,QB,3.223217657144904,14.701139739380816,47.38497318812688,335.5060334170773,2.0651404012044665,1.2377665953624954,4.888480312827895,22.030594320636034,0.16054760789424272,0.5831567977864573,7.080431006788964,0.0435821793758432,0.024115830697363817,0.0066507015727620385,0.0009006090838532495,0.0008737039557821668,3.204102016974462e-05,1.3703376821934351e-11,0.11866232851425236,21.20530123463211,21.32396356314636,veteran,,,0.0,0.0,0.0,0.0,0.0,0.0,0.0,0.0,0.0,0.0,0.0,0.0,0.0,0.0,0.0,0.0,0.0,0.0,0.0,0.0,0.0,0.0,0.0,0.0,0.0,0.0,0.0,0.0,0.0,16,13.900000000000002,2.5655737704918034,0.2879098360655738,0.3125,26.46406570841889,0.190625,1.0,0.3125,0.0,0.6875,0.0,11.0,5.0,0.0,0.0,0.0,0.0,5.0,31.0,0.0,57.0,320.0,1.0,3.0,,7
00-0032156,2019,veteran,QB,3.857233035501107,29.356607120512606,113.23527479546824,798.6391399819299,4.849159335592668,2.9968658280787825,9.145956384385698,31.874684866997057,0.29582469123974287,0.7403109717924726,7.052918283851703,0.042823752089192035,0.16796946120699158,0.06327819835271993,0.015294750188073424,0.0012608337426351873,5.16098249684219e-05,1.370330592020505e-11,1.1371682581357487,48.83026597604353,49.96743423417928,veteran,Trevor Siemian,QB,1.0,0.12,0.0,0.0,0.0,0.0,0.0,0.0,0.0,6.0,3.0,3.0,0.0,0.0,2.0,0.0,0.0,0.0,0.0,0.0,0.0,0.0,0.0,0.0,0.0,0.0,0.0,0.0,0.0,16,0.0,12.595555555555553,0.7604166666666666,0.0,27.682409308692677,0.3375,0.0,0.875,0.0,1.0,0.0,16.0,0.0,0.0,0.0,0.0,0.0,0.0,0.0,0.0,0.0,0.0,0.0,0.0,,7
00-0032245,2019,veteran,QB,2.190408927318213,10.757887493003972,23.56417280376085,167.92217498515032,1.0378759713786938,0.5485252011893773,2.9859182006857337,3.8353035938738227,0.09515906883859042,0.4099020264743689,7.126164639157199,0.04404465966286957,0.009654427831804287,0.002399674575506341,0.000255455102956468,8.815919992090486e-05,1.6293382641000574e-06,1.3703819877815102e-11,0.03034910824047954,9.906021202012218,9.936370310252697,veteran,Sean Mannion,QB,3.0,-1.46,0.0,0.0,0.0,0.0,6.0,-5.0,0.0,21.0,12.0,126.0,0.0,2.0,0.0,1.0,0.0,0.0,0.0,0.0,0.0,0.0,0.0,0.0,0.0,0.0,0.0,0.0,0.0,16,0.01999999999999999,0.4151515151515151,0.23863636363636362,0.1875,27.351129363449694,0.20625000000000002,1.0,0.3125,0.0,0.8125,0.0,13.0,3.0,0.0,0.0,0.0,0.0,7.0,-9.0,0.0,3.0,23.0,0.0,0.0,,7
00-0032268,2019,veteran,QB,12.69131058803153,29.847685209072882,378.80624332213876,2760.4200511480435,15.783531530635907,9.509897990027357,53.91253494444247,276.75567571748473,2.019574577842097,2.3153666784098528,7.287155636451768,0.04166650315003787,0.19010977347837646,0.07385695402465317,0.018698001197478765,0.009015928981952246,0.0006700285750634558,1.3702924549258604e-11,4.420538042519718,189.693413870392,194.11395191291172,veteran,Marcus Mariota,QB,7.0,86.02,0.0,0.0,0.0,0.0,24.0,129.0,0.0,160.0,95.0,1203.0,7.0,2.0,25.0,0.0,0.0,0.0,1.0,1.0,0.0,0.0,0.0,0.0,0.0,0.0,1.0,0.0,0.0,16,177.42,13.873079584775086,0.9041955017301038,0.875,25.83709787816564,0.9031250000000001,1.0,0.9375,0.0,0.125,0.0,2.0,14.0,1.0,1.0,21.0,0.0,64.0,357.0,2.0,331.0,2528.0,11.0,8.0,,7
00-0032436,2019,veteran,QB,5.609312981730676,23.23030232158752,130.30603638200915,900.9021965707209,5.665153226935752,2.744253666278394,16.66398191856673,77.84318050543348,0.6346156314868809,1.0555182053416412,6.913741078959753,0.04347575434132319,0.08494753421248075,0.027928157589923817,0.005390403418336391,0.003553750439080818,0.00019872481936521143,1.3703105381307597e-11,0.7935630547431114,62.68916886679639,63.482731921539504,veteran,Jeff Driskel,QB,3.0,57.6,1.0,1.0,6.0,0.0,22.0,151.0,1.0,105.0,62.0,685.0,4.0,4.0,11.0,0.0,0.0,0.0,0.0,0.0,0.0,0.0,0.0,0.0,0.0,0.0,0.0,0.0,0.0,16,85.12,10.64,0.5,0.5,26.357289527720738,0.275,1.0,0.5,0.0,0.5,0.0,8.0,8.0,0.0,0.0,0.0,0.0,25.0,130.0,2.0,176.0,1003.0,6.0,2.0,,7
00-0032784,2019,veteran,QB,0.9421176609259003,18.49773666707388,17.427044401206903,124.52605823710951,0.7893800985394949,0.4687023238087743,2.809167440481154,16.622153294695153,0.09461812911122301,0.17653243895307136,7.145563835740586,0.04529626942849969,0.048705161339801066,0.014705732714685334,0.0024134746271442364,0.0058145775068223484,0.0003776411565844082,1.3703009868589533e-11,0.077227032368857,9.078017302255523,9.15524433462438,veteran,,,0.0,0.0,0.0,0.0,0.0,0.0,0.0,0.0,0.0,0.0,0.0,0.0,0.0,0.0,0.0,0.0,0.0,0.0,0.0,0.0,0.0,0.0,0.0,0.0,0.0,0.0,0.0,0.0,0.0,16,0.0,7.747272727272727,0.23295454545454544,0.0,26.863791923340177,0.103125,0.0,0.25,0.0,1.0,0.0,16.0,0.0,0.0,0.0,0.0,0.0,0.0,0.0,0.0,0.0,0.0,0.0,0.0,,7
00-0032950,2019,veteran,QB,10.280357282127024,35.00387178239464,359.8523081807814,2602.639187970133,17.437327196421915,7.4294850930160985,32.78502483544879,116.29151548493567,0.8403145825652507,2.4740095528895965,7.2325204779918435,0.048456899678025155,0.2720294804879648,0.11740714732656517,0.03454588398063096,0.002349727716427672,0.00011596754421792563,1.3703185499991412e-11,5.343273765975768,170.7189260565667,176.06219982254245,veteran,Carson Wentz,QB,16.0,280.86,0.0,0.0,0.0,0.0,62.0,243.0,1.0,607.0,388.0,4039.0,27.0,7.0,37.0,7.0,0.0,0.0,5.0,5.0,0.0,0.0,0.0,0.0,0.0,0.0,5.0,0.0,0.0,16,199.66,18.49246963562753,0.7877024291497975,0.6875,26.6694045174538,0.7718750000000001,1.0,1.0,0.3125,0.0,5.0,5.0,11.0,1.0,1.0,4.0,0.0,34.0,93.0,0.0,401.0,3074.0,21.0,7.0,5.2,7
00-0033077,2019,veteran,QB,14.271103067993232,33.73493372275057,481.434716149294,3477.008878393843,21.431295805045036,9.714348100928104,56.709467356347986,254.10419787305588,3.0429657441616422,3.240611578906128,7.222181454225696,0.04451547652496074,0.2493959783143225,0.10465762478724407,0.029611261758009447,0.005925325354587649,0.0003870585206034372,1.3703006203840598e-11,6.737542630894787,242.56383324854087,249.30137587943565,veteran,Dak Prescott,QB,16.0,358.28,0.0,0.0,0.0,0.0,52.0,277.0,3.0,596.0,388.0,4902.0,30.0,11.0,23.0,2.0,0.0,0.0,20.5,20.5,0.0,0.0,0.0,0.0,0.0,0.0,7.0,5.0,3.0,16,292.9,17.6828125,1.0,1.0,26.091718001368925,1.0,1.0,1.0,0.0,0.0,0.0,0.0,16.0,1.0,0.0,0.0,0.0,75.0,305.0,6.0,526.0,3885.0,22.0,8.0,8.2,7
00-0033104,2019,veteran,QB,4.111262830237271,22.427156194163732,92.20393364899093,638.2734281352119,3.747517849938961,2.013757499082098,10.74812835676077,53.171264004550764,0.32709333204519925,0.8833562015584561,6.922409954493272,0.040643795786471565,0.0772261306805355,0.024991349413681883,0.004686949334031175,0.00307932876741094,0.00016489292542842845,1.3703133142568573e-11,0.5238312978903964,42.00646751660949,42.530298814499886,veteran,,,0.0,0.0,0.0,0.0,0.0,0.0,0.0,0.0,0.0,0.0,0.0,0.0,0.0,0.0,0.0,0.0,0.0,0.0,0.0,0.0,0.0,0.0,0.0,0.0,0.0,0.0,0.0,0.0,0.0,16,38.660000000000004,6.769,0.3575,0.3125,26.308008213552363,0.3125,1.0,0.5625,0.0,0.6875,0.0,11.0,5.0,0.0,0.0,0.0,0.0,19.0,123.0,0.0,131.0,709.0,2.0,2.0,,7
00-0033106,2019,veteran,QB,13.75535011103712,35.03234688445877,481.88219660703083,3651.0284524090266,23.73435380062011,10.450919094859401,35.62346260868452,88.60456280920383,1.2826353168966393,2.995679395273235,7.576599588273224,0.04925343573125444,0.3016461067246234,0.13496263564503344,0.04172826034656353,0.0007804538515340882,2.7670380236917616e-05,1.3703398634557739e-11,8.093215266622247,230.64162450087645,238.7348397674987,veteran,Jared Goff,QB,16.0,263.52,0.0,0.0,0.0,0.0,33.0,40.0,2.0,626.0,394.0,4638.0,22.0,16.0,22.0,5.0,0.0,0.0,16.0,16.0,0.0,0.0,0.0,0.0,0.0,0.0,6.0,4.0,2.0,16,329.82,18.700557491289196,0.9392421602787456,1.0,24.88158795345654,0.8968750000000001,1.0,1.0,0.0,0.0,0.0,0.0,16.0,0.0,0.0,0.0,0.0,43.0,108.0,2.0,561.0,4688.0,32.0,12.0,7.5,7
00-0033108,2019,veteran,QB,0.6912223244907132,23.55688296752478,16.28304340256817,116.18897740043276,0.7286559979425437,0.40574170845517593,1.8325163231267094,7.136441345054221,0.06013365232362256,0.1368622600456476,7.135581139709263,0.04474937393015975,0.09641316434450074,0.03240244696830346,0.0065025021258744275,0.0019569623134582537,9.140964130834561e-05,1.3703220894967777e-11,0.11067569554285538,7.551421199232996,7.662096894775851,veteran,,,0.0,0.0,0.0,0.0,0.0,0.0,0.0,0.0,0.0,0.0,0.0,0.0,0.0,0.0,0.0,0.0,0.0,0.0,0.0,0.0,0.0,0.0,0.0,0.0,0.0,0.0,0.0,0.0,0.0,16,0.0,8.282857142857143,0.1517857142857143,0.0,25.54962354551677,0.06562499999999999,0.0,0.1875,0.0,1.0,0.0,16.0,0.0,0.0,0.0,0.0,0.0,0.0,0.0,0.0,0.0,0.0,0.0,0.0,,7
00-0033119,2019,veteran,QB,5.727413905910415,22.669529699455026,129.8377796411079,911.7208255545748,5.320067220836212,2.6979455101034797,16.805593607254462,57.4046860976808,0.6172068288701404,1.068141856928717,7.021999514122277,0.040974724271638945,0.08285716892663941,0.02712696102113217,0.005196337744623522,0.0018447334901815222,8.465075131312479e-05,1.3703232320858936e-11,0.7784242535344715,59.66063675445237,60.439061007986844,veteran,Jacoby Brissett,QB,15.0,220.18,1.0,1.0,2.0,0.0,56.0,228.0,4.0,447.0,272.0,2942.0,18.0,6.0,27.0,5.0,0.0,0.0,3.0,3.0,0.0,0.0,0.0,0.0,0.0,0.0,3.0,0.0,0.0,16,-0.62,8.896644295302014,0.7294463087248321,0.25,26.72142368240931,0.465625,1.0,1.0,0.0,0.75,0.0,12.0,4.0,0.0,0.0,0.0,0.0,7.0,-7.0,0.0,4.0,2.0,0.0,0.0,,7
00-0033319,2019,veteran,QB,5.95881694505036,31.8512049945253,189.79550004165003,1416.1621972018718,8.669004869475835,5.218386306148294,10.979499036441343,9.23601134522672,0.34092274556908525,1.0433011740511426,7.4615161944888015,0.045675502673000405,0.23541804064175753,0.0970628402470176,0.02678604657902725,7.46532415596641e-05,1.3129237619259193e-06,1.3703851992400869e-11,2.5900654324093235,81.76827001351651,84.35833544592583,veteran,Nick Mullens,QB,1.0,-0.3,0.0,0.0,0.0,0.0,3.0,-3.0,0.0,0.0,0.0,0.0,0.0,0.0,0.0,0.0,0.0,0.0,0.0,0.0,0.0,0.0,0.0,0.0,0.0,0.0,0.0,0.0,0.0,16,128.98000000000002,16.122500000000002,0.5,0.5,24.449007529089666,0.275,1.0,0.5,0.0,0.5,0.0,8.0,8.0,0.0,0.0,0.0,0.0,18.0,-16.0,0.0,274.0,2277.0,13.0,10.0,,7
00-0033537,2019,veteran,QB,12.677920986117957,33.80411156460682,428.56585542200156,3259.838469365832,21.394930749157943,9.724537717554588,71.99596483245145,393.3753926134313,2.8303995825873076,2.431422217807184,7.606388675448548,0.04992215426982795,0.2815489314767055,0.12294021764239113,0.03676140367426758,0.0187924027300449,0.0017593070724657134,1.3702780815026669e-11,7.1112161285403035,247.98127865740852,255.09249478594882,veteran,Deshaun Watson,QB,15.0,328.48,1.0,1.0,6.0,1.0,82.0,413.0,7.0,495.0,333.0,3852.0,26.0,12.0,44.0,3.0,0.0,0.0,8.0,8.0,0.0,0.0,0.0,0.0,0.0,0.0,3.0,2.0,1.0,16,341.2,22.0154128440367,0.8916284403669724,1.0,23.964407939767284,0.68125,1.0,1.0,0.0,0.0,0.0,0.0,16.0,0.0,0.0,0.0,0.0,99.0,551.0,5.0,505.0,4165.0,26.0,9.0,8.1,7
00-0033869,2019,veteran,QB,11.598740159801144,31.52658377705736,365.66865335629046,2625.0780506319943,16.510303206686313,9.007918864262663,51.85465910280823,293.5859506379382,1.891561619153593,2.3494255216354962,7.178843541927125,0.0451509940902685,0.20955653479356268,0.08355710933393885,0.02197724042258832,0.01229360147261376,0.0010061437298551528,1.3702864033590846e-11,4.554239486499571,189.0376108589441,193.59185034544367,veteran,Mitchell Trubisky,QB,15.0,204.82,0.0,0.0,0.0,0.0,48.0,193.0,2.0,516.0,326.0,3138.0,17.0,10.0,38.0,2.0,0.0,0.0,2.0,2.0,0.0,0.0,0.0,0.0,0.0,0.0,2.0,0.0,0.0,16,270.02,16.74044247787611,0.8351769911504424,0.875,25.032169746748803,0.70625,1.0,0.875,0.125,0.0,2.0,2.0,14.0,0.0,0.0,0.0,0.0,68.0,421.0,3.0,434.0,3223.0,24.0,12.0,7.6,7
00-0033873,2019,veteran,QB,12.382308131958467,37.081127636481234,459.14994827539147,3581.561344721813,26.749696399715383,10.26468747477635,47.97658500315073,197.99811286578262,1.5663346669129272,2.240356580704624,7.800417615583928,0.05825917328356379,0.35983246695464194,0.17251307756943596,0.058580468143046925,0.00474891389368337,0.000289973875557724,1.3703049168277531e-11,9.174632755003259,254.4489705648279,263.62360331983115,veteran,Patrick Mahomes,QB,14.0,304.04,0.0,0.0,0.0,0.0,43.0,218.0,2.0,484.0,319.0,4031.0,26.0,5.0,17.0,2.0,0.0,0.0,17.0,17.0,0.0,0.0,0.0,0.0,0.0,0.0,7.0,4.0,2.0,16,436.58,26.728241758241754,0.9690934065934066,1.0,23.956194387405887,0.5687500000000001,1.0,1.0,0.0,0.0,0.0,0.0,16.0,0.0,0.0,0.0,0.0,60.0,272.0,2.0,580.0,5097.0,50.0,12.0,6.0,7
00-0033899,2019,veteran,QB,5.512241610422837,26.98767802939512,148.76260180232597,1015.2456858967406,5.850751274229461,4.5940221713682,23.843536006236263,123.13267131257773,0.8955932027297275,1.2227405389392403,6.824602914956995,0.03932944976321315,0.12366034618518251,0.04356445640540457,0.009469053740220326,0.009478355001902595,0.0007153849719917508,1.3702914800930686e-11,1.2044058890836258,70.06613345980873,71.27053934889236,veteran,,,0.0,0.0,0.0,0.0,0.0,0.0,0.0,0.0,0.0,0.0,0.0,0.0,0.0,0.0,0.0,0.0,0.0,0.0,0.0,0.0,0.0,0.0,0.0,0.0,0.0,0.0,0.0,0.0,0.0,16,5.380000000000001,9.098699186991869,0.736280487804878,0.1875,23.66050650239562,0.384375,1.0,0.9375,0.0,0.8125,0.0,13.0,3.0,0.0,0.0,0.0,0.0,5.0,39.0,0.0,42.0,187.0,0.0,2.0,,7
00-0033936,2019,veteran,QB,3.987168616519055,31.74656625322817,126.57891264711428,902.0085172056642,5.426755031917138,3.45233218748737,13.414070680754678,54.7317146201295,0.5272164080255488,0.9083430554759507,7.1260567683998675,0.042872504735810404,0.20934014195337097,0.08344704123911498,0.021939201069952886,0.0034756779971109003,0.00019305669589587368,1.3703109685896047e-11,1.5237139068234227,57.702480240134726,59.22619414695815,veteran,,,0.0,0.0,0.0,0.0,0.0,0.0,0.0,0.0,0.0,0.0,0.0,0.0,0.0,0.0,0.0,0.0,0.0,0.0,0.0,0.0,0.0,0.0,0.0,0.0,0.0,0.0,0.0,0.0,0.0,16,75.98,15.03934065934066,0.3372252747252747,0.3125,25.790554414784395,0.284375,1.0,0.375,0.0,0.6875,0.0,11.0,5.0,0.0,0.0,0.0,0.0,19.0,69.0,1.0,169.0,1252.0,8.0,7.0,,7
00-0033958,2019,veteran,QB,3.001742346909369,19.023982075423508,57.10509260264352,387.8183515277657,2.4296035302345524,1.9076035862789058,6.99925677755001,29.099814914093155,0.25036879628877645,0.5384382427874703,6.791309388574789,0.04254617967508699,0.045580901390582435,0.013636545951919786,0.0021967697488090433,0.0017265644892961315,7.766743320786194e-05,1.3703245127141939e-11,0.21694289991072135,24.751258793058057,24.968201692968776,veteran,,,0.0,0.0,0.0,0.0,0.0,0.0,0.0,0.0,0.0,0.0,0.0,0.0,0.0,0.0,0.0,0.0,0.0,0.0,0.0,0.0,0.0,0.0,0.0,0.0,0.0,0.0,0.0,0.0,0.0,16,12.839999999999998,2.9188235294117644,0.25,0.25,25.32785763175907,0.21250000000000002,1.0,0.25,0.0,0.75,0.0,12.0,4.0,0.0,0.0,0.0,0.0,10.0,50.0,1.0,81.0,296.0,1.0,7.0,,7
00-0034343,2019,veteran,QB,11.114785669427787,28.225318371830053,313.7183641542535,2114.6238573220276,12.692582434412468,8.826205461798567,31.41875875829482,162.95454370999178,0.9542424915126242,2.4798585986805546,6.740516651050364,0.040458525495088965,0.13482271340384458,0.048348901503963294,0.010817560023881026,0.003975290659787695,0.00022997600177643486,1.3703083654464828e-11,2.593095506385995,134.76406522964766,137.35716073603365,veteran,Josh Rosen,QB,5.0,17.98,0.0,0.0,0.0,0.0,3.0,13.0,0.0,109.0,58.0,567.0,1.0,5.0,16.0,0.0,0.0,0.0,0.0,0.0,0.0,0.0,0.0,0.0,0.0,0.0,0.0,0.0,0.0,16,112.92,8.065714285714286,0.875,0.875,22.55441478439425,0.48125000000000007,1.0,0.875,0.0,0.125,0.0,2.0,14.0,0.0,0.0,0.0,0.0,23.0,138.0,0.0,393.0,2278.0,11.0,14.0,,7
00-0034577,2019,veteran,QB,1.4038987542100152,20.79489993252213,29.19393410918975,211.4899037425673,1.3415980553040479,0.6611349871452584,3.570092237645902,13.614374712707663,0.13274306301911096,0.2667889894674233,7.244309826540093,0.04595468532217231,0.0709192595149132,0.022639216090022767,0.004139735660288573,0.0017277091683599,7.77344041195017e-05,1.3703244998941628e-11,0.1614509760897982,14.12803626707895,14.289487243168749,veteran,Kyle Allen,QB,13.0,179.48,0.0,0.0,0.0,0.0,32.0,106.0,2.0,489.0,303.0,3322.0,17.0,16.0,46.0,7.0,0.0,0.0,2.0,2.0,0.0,0.0,0.0,0.0,0.0,0.0,2.0,0.0,0.0,16,26.539999999999996,13.269999999999998,0.125,0.125,23.482546201232033,0.06875,1.0,0.125,0.0,0.875,0.0,14.0,2.0,0.0,0.0,0.0,0.0,5.0,19.0,1.0,31.0,266.0,2.0,0.0,,7
00-0034796,2019,veteran,QB,12.6781666420281,19.68082282924932,249.51675148145378,1787.0776687251316,10.905987808993462,5.601360551905766,94.92826452437012,424.9609481212093,3.1210282270447447,2.6107760565100007,7.162155078225129,0.043708439390307184,0.05865264334591584,0.018188570139419186,0.0031470403412097525,0.022071235302852876,0.002176349955593312,1.3702749115028593e-11,1.4905129655217126,159.90504894253692,161.39556190805862,veteran,Lamar Jackson,QB,15.0,423.18,0.0,0.0,0.0,0.0,176.0,1206.0,7.0,401.0,265.0,3127.0,36.0,6.0,23.0,2.0,0.0,6.5,1.0,7.5,0.0,0.0,0.0,5.0,1.0,0.0,1.0,0.0,0.0,16,158.54,9.90875,1.0,1.0,22.647501711156742,0.55,1.0,1.0,0.0,0.0,0.0,0.0,16.0,2.0,0.0,0.0,0.0,147.0,695.0,5.0,170.0,1201.0,6.0,3.0,10.8,7
00-0034855,2019,veteran,QB,10.725220865405463,33.32221922100927,357.3881608707836,2625.4537931058994,17.27183477245417,9.227909121788183,31.280530320119592,105.28436554513698,0.8863945590085163,2.1316371239590404,7.346224862930342,0.04832794329384328,0.2521120720659412,0.10615787549374166,0.03017949758629149,0.001770035162678819,8.022010241977337e-05,1.370324031715379e-11,5.079445787918673,167.23320223112302,172.3126480190417,veteran,Baker Mayfield,QB,16.0,232.18,0.0,0.0,0.0,0.0,28.0,141.0,3.0,534.0,317.0,3827.0,22.0,21.0,40.0,2.0,0.0,0.0,3.0,3.0,0.0,0.0,0.0,0.0,0.0,0.0,3.0,0.0,0.0,16,246.10000000000002,17.57857142857143,0.875,0.875,24.383299110198493,0.48125000000000007,1.0,0.875,0.0,0.125,0.0,2.0,14.0,1.0,0.0,0.0,0.0,39.0,131.0,0.0,486.0,3725.0,27.0,14.0,8.0,7
00-0034857,2019,veteran,QB,9.369608665458392,29.19815301393458,273.5752674947415,1905.2388989832568,11.450244787827096,7.730709539001197,67.21607686181865,433.3009533101078,3.3349549773858898,1.791789009117301,6.964222008920737,0.04185409336407643,0.1603826558746862,0.05976551328607479,0.014206074787805655,0.04297613294267755,0.0053001674146628125,1.3702616272169726e-11,3.0860629416013885,166.3053632097278,169.3914261513292,veteran,Josh Allen,QB,16.0,288.56,0.0,0.0,0.0,0.0,109.0,510.0,9.0,461.0,271.0,3089.0,20.0,9.0,38.0,4.0,0.0,0.0,0.0,0.0,0.0,0.0,0.0,0.0,0.0,0.0,0.0,0.0,0.0,16,208.86,17.405,0.75,0.75,23.279945242984258,0.41250000000000003,1.0,0.75,0.1875,0.0625,3.0,4.0,12.0,1.0,0.0,0.0,0.0,89.0,631.0,8.0,319.0,2044.0,10.0,12.0,11.6,7
00-0034869,2019,veteran,QB,10.394832411385007,31.54350802749458,327.8894796129838,2325.131985450894,14.422915246142827,9.3464813147639,35.89844942641935,114.44171664058906,1.1355461971889873,1.9633130055581298,7.091206427834481,0.04398712414672943,0.20366146980194133,0.08057580755393562,0.02095358527993948,0.0022252889480734715,0.00010804097706481172,1.3703196031100778e-11,3.833818993697797,146.33480060915585,150.16861960285365,veteran,Sam Darnold,QB,13.0,191.16,0.0,0.0,0.0,0.0,33.0,62.0,2.0,441.0,273.0,3024.0,19.0,13.0,33.0,3.0,0.0,0.0,2.0,2.0,0.0,0.0,0.0,0.0,0.0,0.0,2.0,0.0,0.0,16,170.1,13.084615384615384,0.8125,0.8125,22.239561943874058,0.446875,1.0,0.8125,0.125,0.0625,2.0,3.0,13.0,0.0,0.0,0.0,0.0,43.0,135.0,1.0,414.0,2865.0,17.0,15.0,12.8,7
00-0035228,2019,rookie,QB,15.30168977027082,33.00751609624608,505.07077139197804,3439.8886608316807,18.221626570236907,14.359187022929829,62.80557212631837,307.9289724292427,3.1575804168190365,3.3212970043998675,6.810706252811516,0.036077372919478184,0.2061595138538723,0.0818347795199024,0.021384169480702032,0.007632065849396663,0.0005387723067796884,1.370295699502642e-11,5.816482086302919,224.85946440339393,230.67594648969686,rookie,Kyler Murray,QB,16.0,290.28,0.0,0.0,0.0,0.0,93.0,544.0,4.0,542.0,349.0,3722.0,20.0,12.0,48.0,2.0,0.0,0.0,5.0,5.0,0.0,0.0,0.0,0.0,0.0,0.0,5.0,0.0,0.0,16,0.0,,,0.0,22.067077344284737,0.0,0.0,0.0,0.0,1.0,0.0,16.0,0.0,0.0,0.0,0.0,0.0,0.0,0.0,0.0,0.0,0.0,0.0,0.0,7.6,7
00-0035232,2019,rookie,QB,8.786274131526731,27.1047868959287,238.15008794424307,1621.9702930694689,8.591829533570984,6.770618784559677,35.27086955070879,172.9292839748594,1.7732599705246155,1.9070982611065774,6.810706252811516,0.036077372919478184,0.12442198528010079,0.04388702021094102,0.009558578635516572,0.007288798164859622,0.0005073120792430276,1.3702965948046109e-11,1.9103067941466465,109.82318398636382,111.73349078051046,rookie,Dwayne Haskins,QB,9.0,76.7,0.0,0.0,0.0,0.0,20.0,101.0,0.0,203.0,119.0,1365.0,7.0,7.0,29.0,2.0,0.0,0.0,0.0,0.0,0.0,0.0,0.0,0.0,0.0,0.0,0.0,0.0,0.0,16,0.0,,,0.0,22.32991101984942,0.0,0.0,0.0,0.0,1.0,0.0,16.0,0.0,0.0,0.0,0.0,0.0,0.0,0.0,0.0,0.0,0.0,0.0,0.0,,7
00-0035251,2019,rookie,QB,5.219177518183725,26.3368061667068,137.45646664603862,936.1756168755529,4.95906820738295,3.9078941484613767,16.6386532481024,81.57752925154338,0.8365163134376552,1.1328447326290256,6.810706252811516,0.036077372919478184,0.11515644867098566,0.04000175095080656,0.008494013209138087,0.004532070119473033,0.0002728288809740906,1.3703058235137697e-11,1.028639424577976,60.37867054815337,61.40730997273135,rookie,Will Grier,QB,2.0,1.3200000000000012,0.0,0.0,0.0,0.0,7.0,22.0,0.0,52.0,28.0,228.0,0.0,4.0,6.0,1.0,0.0,0.0,0.0,0.0,0.0,0.0,0.0,0.0,0.0,0.0,0.0,0.0,0.0,16,0.0,,,0.0,24.413415468856947,0.0,0.0,0.0,0.0,1.0,0.0,16.0,0.0,0.0,0.0,0.0,0.0,0.0,0.0,0.0,0.0,0.0,0.0,0.0,,7
00-0035264,2019,rookie,QB,3.8098295367397967,23.273314255807307,88.66736006960205,603.8873436463289,3.1988854150166826,2.520817434277485,14.218044422383166,69.709544244453,0.7148190377644429,0.826939744408638,6.810706252811516,0.036077372919478184,0.08187166301352775,0.026750808483867187,0.005105777110482496,0.006268142167020939,0.00041655486400855575,1.3702995276659623e-11,0.5299564491079289,41.5153896995796,42.04534614868753,rookie,Jarrett Stidham,QB,3.0,-1.64,0.0,0.0,0.0,0.0,2.0,-2.0,0.0,4.0,2.0,14.0,0.0,1.0,1.0,0.0,0.0,0.0,0.0,0.0,0.0,0.0,0.0,0.0,0.0,0.0,0.0,0.0,0.0,16,0.0,,,0.0,23.06365503080082,0.0,0.0,0.0,0.0,1.0,0.0,16.0,0.0,0.0,0.0,0.0,0.0,0.0,0.0,0.0,0.0,0.0,0.0,0.0,,7
00-0035652,2019,rookie,QB,5.263691734702098,26.720220565261137,140.64700413878205,957.9054305272101,5.074174418322232,3.9986012872564216,16.214285137089156,79.49689799651357,0.8151810020712869,1.1425067331136336,6.810706252811516,0.036077372919478184,0.11973794427916767,0.04191231075589419,0.009013734935405068,0.004224218151928307,0.00024892123125446554,1.3703071878183898e-11,1.0802752466086087,61.1714746657163,62.25174991232491,rookie,Ryan Finley,QB,3.0,24.66,0.0,0.0,0.0,0.0,10.0,77.0,0.0,87.0,41.0,474.0,2.0,2.0,11.0,3.0,0.0,0.0,0.0,0.0,0.0,0.0,0.0,0.0,0.0,0.0,0.0,0.0,0.0,16,0.0,,,0.0,24.681724845995895,0.0,0.0,0.0,0.0,1.0,0.0,16.0,0.0,0.0,0.0,0.0,0.0,0.0,0.0,0.0,0.0,0.0,0.0,0.0,,7
00-0035704,2019,rookie,QB,6.506725467434697,25.527897902088174,166.1030234095899,1131.2789001465915,5.99256071860059,4.722317174757571,24.912774665645387,122.14465760656302,1.2525017566061387,1.412312504559469,6.810706252811516,0.036077372919478184,0.10578675998105368,0.03615911160972042,0.007471493588248101,0.006608902071287927,0.0004463771291060856,1.3702984988408165e-11,1.1858304308415601,76.68161582192508,77.86744625276664,rookie,Drew Lock,QB,5.0,69.0,0.0,0.0,0.0,0.0,18.0,72.0,0.0,156.0,100.0,1020.0,7.0,3.0,5.0,1.0,0.0,0.0,1.0,1.0,0.0,0.0,0.0,0.0,0.0,0.0,1.0,0.0,0.0,16,0.0,,,0.0,22.806297056810404,0.0,0.0,0.0,0.0,1.0,0.0,16.0,0.0,0.0,0.0,0.0,0.0,0.0,0.0,0.0,0.0,0.0,0.0,0.0,,7
00-0035710,2019,rookie,QB,11.003011293432023,29.143193153962585,320.6628833997211,2183.9407050150508,11.56867442584689,9.11646164231326,44.40258405332203,217.70109908787845,2.232361319485199,2.3882505133030745,6.810706252811516,0.036077372919478184,0.15066926581060497,0.055351223899204376,0.012868236368669178,0.007368667363371989,0.0005145913166907451,1.3702963828115113e-11,2.944110157593432,145.78717941845596,148.7312895760494,rookie,Daniel Jones,QB,13.0,221.48000000000002,0.0,0.0,0.0,0.0,45.0,279.0,2.0,459.0,284.0,3027.0,24.0,12.0,38.0,11.0,0.0,0.0,6.5,6.5,0.0,0.0,0.0,0.0,0.0,0.0,5.0,1.0,0.0,16,0.0,,,0.0,22.26420260095825,0.0,0.0,0.0,0.0,1.0,0.0,16.0,0.0,0.0,0.0,0.0,0.0,0.0,0.0,0.0,0.0,0.0,0.0,0.0,,7
00-0019596,2020,veteran,QB,13.5659156436539,39.11851625509393,530.6784916215081,3779.6992948309294,23.794930757320834,9.39653962014505,22.309735524250083,40.63779050862554,1.0430271853676911,2.2829948719554407,7.12239021272921,0.04483869448828523,0.3442505359511289,0.15744530301633777,0.05334498089671019,9.070605040938373e-05,1.2698508381417248e-06,1.3704309001719128e-11,9.322511652557676,233.33056800138826,242.65307965394592,veteran,Tom Brady,QB,16.0,350.92,0.0,0.0,0.0,0.0,30.0,6.0,3.0,610.0,401.0,4633.0,40.0,12.0,21.0,1.0,0.0,0.0,13.0,13.0,0.0,0.0,0.0,0.0,0.0,0.0,7.0,4.0,0.0,16,268.68,17.499750000000002,1.0,1.0,43.08008213552361,1.0,1.0,1.0,0.0,0.0,0.0,0.0,16.0,0.0,0.0,0.0,0.0,26.0,34.0,3.0,613.0,4057.0,24.0,8.0,,8
00-0020531,2020,veteran,QB,9.857289606399254,36.505145519427266,359.8417915087427,2721.245121396427,18.738444156210164,5.828833775360492,13.91001038525925,16.51824759518054,0.6609069369460324,1.5011751278345955,7.562337631732004,0.052074118677665863,0.33769934994196243,0.15312066281179482,0.05141828193011582,3.068052229466347e-05,2.803423190733306e-07,1.3704514619479175e-11,6.606828733644325,174.7608300555018,181.36765878914613,veteran,Drew Brees,QB,12.0,212.48,0.0,0.0,0.0,0.0,18.0,-2.0,2.0,390.0,275.0,2942.0,24.0,6.0,13.0,2.0,0.0,0.0,3.0,3.0,0.0,0.0,0.0,0.0,0.0,0.0,3.0,0.0,0.0,16,232.76,20.374208494208496,0.8322876447876448,0.6875,41.6290212183436,0.8093750000000001,1.0,1.0,0.3125,0.0,5.0,5.0,11.0,0.0,0.0,0.0,0.0,9.0,-4.0,1.0,378.0,2979.0,27.0,4.0,,8
00-0021206,2020,veteran,QB,2.2681036321592707,24.37985000843051,55.29602635561946,389.83357577008087,2.38363012817521,1.3407632171448487,3.893787567506401,13.522792180963494,0.15772702206437922,0.43745252596799267,7.049938331246184,0.0431067164364691,0.10222565234545238,0.032115276831734846,0.007310348126652894,0.00040692766958714486,1.0288300258188417e-05,1.3704024243286185e-11,0.37523874829053666,23.870073407761016,24.245312156051554,veteran,,,0.0,0.0,0.0,0.0,0.0,0.0,0.0,0.0,0.0,0.0,0.0,0.0,0.0,0.0,0.0,0.0,0.0,0.0,0.0,0.0,0.0,0.0,0.0,0.0,0.0,0.0,0.0,0.0,0.0,16,0.76,8.973411764705883,0.475735294117647,0.125,41.163586584531146,0.265625,1.0,0.8125,0.0,0.875,0.0,14.0,2.0,0.0,0.0,0.0,0.0,2.0,-2.0,0.0,5.0,24.0,0.0,0.0,,8
00-0022787,2020,veteran,QB,2.4181497294597794,17.476902162349155,42.261766235679644,308.3990366639751,1.9013745518568907,0.9494419569562279,1.4510313596687294,3.832727812383576,0.0515661709753286,0.47388448576181413,7.297353237537151,0.04499041855594877,0.042503326739131,0.011305285433289389,0.0020964560945427647,2.7947781781240176e-05,2.461661608610946e-07,1.3704532314904385e-11,0.15399378178620293,17.78747659564081,17.941470377427013,veteran,Matt Schaub,QB,1.0,-0.4,0.0,0.0,0.0,0.0,3.0,-4.0,0.0,0.0,0.0,0.0,0.0,0.0,0.0,0.0,0.0,0.0,0.0,0.0,0.0,0.0,0.0,0.0,0.0,0.0,0.0,0.0,0.0,16,37.4,6.1940298507462686,0.27891791044776115,0.3125,39.186858316221766,0.209375,1.0,0.3125,0.0,0.6875,0.0,11.0,5.0,0.0,0.0,0.0,0.0,3.0,-3.0,0.0,67.0,580.0,3.0,1.0,,8
00-0022803,2020,veteran,QB,5.5548964887317425,33.41372545065334,185.6097861812807,1319.3068006089102,7.833409929393678,4.355272926537845,6.254757941299654,15.564427681624283,0.2346153661565319,1.1858462480263519,7.107959271718434,0.042203647181312795,0.2405073334757723,0.09543299370073278,0.027943815117650685,7.930638500028654e-05,1.0530889134600116e-06,1.3704334478022971e-11,2.44207325923414,75.98780835790434,78.42988161713848,veteran,,,0.0,0.0,0.0,0.0,0.0,0.0,0.0,0.0,0.0,0.0,0.0,0.0,0.0,0.0,0.0,0.0,0.0,0.0,0.0,0.0,0.0,0.0,0.0,0.0,0.0,0.0,0.0,0.0,0.0,16,55.379999999999995,14.437297297297299,0.8064189189189189,0.25,39.66050650239562,0.578125,1.0,1.0,0.0,0.75,0.0,12.0,4.0,0.0,0.0,0.0,0.0,4.0,7.0,0.0,147.0,1042.0,6.0,5.0,,8
00-0022924,2020,veteran,QB,4.486884373881365,35.1157902756234,157.5604906641898,1143.7386288739983,7.08016451179463,3.6681624064133076,7.732494250212756,23.859890348064553,0.3060613233369781,0.8044112270108205,7.2590445996494095,0.04493616694101729,0.28372856132946256,0.11963777934509374,0.03728562623072548,0.0003129717386721275,7.135279389745663e-06,1.3704074053621584e-11,2.4143034505541916,69.34741291011852,71.76171636067271,veteran,Ben Roethlisberger,QB,15.0,272.22,0.0,0.0,0.0,0.0,25.0,11.0,0.0,608.0,399.0,3803.0,33.0,10.0,13.0,1.0,0.0,0.0,5.0,5.0,0.0,0.0,0.0,0.0,0.0,0.0,5.0,0.0,0.0,16,12.739999999999998,19.131779141104296,0.8646472392638036,0.125,38.502395619438744,0.509375,1.0,1.0,0.0,0.875,0.0,14.0,2.0,0.0,0.0,0.0,0.0,1.0,7.0,0.0,62.0,351.0,0.0,1.0,,8
00-0022942,2020,veteran,QB,13.106208443512125,35.48826098140495,465.1165457200514,3531.279363624147,21.25629219937956,12.419305360062024,15.305350062529829,29.830844553283885,0.4796193812360138,2.3326650561589393,7.59224627917147,0.04570100202836794,0.32070581413518506,0.1421708888079304,0.04664350426263081,5.303137399168175e-05,6.010326082823427e-07,1.3704410814421434e-11,8.22156503936872,202.63320325278664,210.85476829215537,veteran,Philip Rivers,QB,16.0,245.95999999999998,0.0,0.0,0.0,0.0,18.0,-8.0,0.0,543.0,369.0,4169.0,24.0,11.0,19.0,1.0,0.0,0.0,6.0,6.0,0.0,0.0,0.0,0.0,0.0,0.0,3.0,2.0,0.0,16,245.0,16.629125,1.0,1.0,38.732375085557834,1.0,1.0,1.0,0.0,0.0,0.0,0.0,16.0,0.0,0.0,0.0,0.0,12.0,29.0,0.0,591.0,4615.0,23.0,20.0,14.9,8
00-0023436,2020,veteran,QB,2.7416889628865473,29.71221018195679,81.46163871883623,586.3855288613605,3.5700924815129964,1.6000738342579255,9.55169087318598,42.76723720243108,0.31824421867600977,0.5062309027197016,7.1983026377024215,0.04382544394712121,0.18520718951360768,0.06760973900633854,0.018151405710043943,0.004246381240885925,0.0002715518592527524,1.3703578711097487e-11,0.8981178603134139,39.70937063885032,40.60748849916373,veteran,Alex Smith,QB,8.0,75.08,0.0,0.0,0.0,0.0,10.0,3.0,0.0,252.0,168.0,1582.0,6.0,8.0,22.0,0.0,0.0,0.0,3.5,3.5,0.0,0.0,0.0,0.0,0.0,0.0,2.0,1.0,0.0,16,0.0,16.605142857142855,0.7589285714285714,0.0,36.32032854209446,0.328125,0.0,0.9375,0.0,1.0,0.0,16.0,0.0,0.0,0.0,0.0,0.0,0.0,0.0,0.0,0.0,0.0,0.0,0.0,,8
00-0023459,2020,veteran,QB,12.475903351390196,35.47061311866315,442.5279410829947,3170.3052287308587,20.028733134237697,5.708238775926618,33.11367693290468,148.20516178135324,1.1020055549650998,2.5654706315731426,7.164079223951823,0.045259815877889104,0.2817286030519732,0.118468040262596,0.036817122379500175,0.00214305814124391,0.00010442306085011221,1.3703708809747222e-11,6.67915701939235,211.81227237911153,218.4914293985039,veteran,Aaron Rodgers,QB,16.0,389.26,1.0,1.0,-6.0,0.0,38.0,149.0,3.0,526.0,372.0,4299.0,48.0,5.0,20.0,2.0,0.0,0.0,6.5,6.5,0.0,0.0,0.0,0.0,0.0,0.0,5.0,1.0,0.0,16,289.38,18.91965870307167,0.9596843003412968,1.0,36.7501711156742,0.9156250000000001,1.0,1.0,0.0,0.0,0.0,0.0,16.0,0.0,0.0,0.0,0.0,46.0,183.0,1.0,569.0,4002.0,26.0,4.0,9.3,8
00-0023645,2020,veteran,QB,0.0,19.18254454419909,0.0,0.0,0.0,0.0,0.0,0.0,0.0,0.0,7.155291161287211,0.04330863330547345,8.78878206025899e-09,3.0007954690980323e-10,2.493766335746086e-12,2.1440015652665276e-06,6.875076262571925e-09,1.3705019353006066e-11,0.0,0.0,0.0,veteran,,,0.0,0.0,0.0,0.0,0.0,0.0,0.0,0.0,0.0,0.0,0.0,0.0,0.0,0.0,0.0,0.0,0.0,0.0,0.0,0.0,0.0,0.0,0.0,0.0,0.0,0.0,0.0,0.0,0.0,16,0.0,1.925714285714286,0.1517857142857143,0.0,37.215605749486656,0.06562499999999999,0.0,0.1875,0.0,1.0,0.0,16.0,0.0,0.0,0.0,0.0,0.0,0.0,0.0,0.0,0.0,0.0,0.0,0.0,,8
00-0023682,2020,veteran,QB,10.610255051933512,32.695916907705566,346.91201754758134,2540.492094883975,15.69469639057822,9.352426518874056,32.91426622703035,138.6748979833868,1.4605449441520766,1.9103158217044065,7.323159666947915,0.0452411435658195,0.24522745613052588,0.09796867878277857,0.028887361938833685,0.002720175702512423,0.00014569505632300065,1.3703663472145218e-11,4.805319965499759,164.5037441397661,169.30906410526586,veteran,Ryan Fitzpatrick,QB,9.0,157.74,1.0,1.0,0.0,0.0,30.0,151.0,2.0,267.0,183.0,2091.0,13.0,8.0,14.0,0.0,0.0,0.0,4.5,4.5,0.0,0.0,0.0,0.0,0.0,0.0,3.0,1.0,0.0,16,250.46,17.6617316017316,0.8027597402597402,0.9375,37.77138945927447,0.721875,1.0,0.9375,0.0,0.0625,0.0,1.0,15.0,0.0,0.0,0.0,0.0,54.0,243.0,4.0,502.0,3529.0,20.0,13.0,,8
00-0025708,2020,veteran,QB,3.1327520425724042,19.792990510248153,62.00653144959612,445.29146001660695,2.767100481069274,1.3142344623960873,2.4126179022199716,6.125866858092488,0.08460766584323777,0.5629715546472045,7.18136379517657,0.044625951756688646,0.05881954941910638,0.016557014802555857,0.0033019699383742694,4.014131882692028e-05,4.077156138271993e-07,1.3704463637035873e-11,0.2828867714285109,26.24588097172347,26.52876774315198,veteran,,,0.0,0.0,0.0,0.0,0.0,0.0,0.0,0.0,0.0,0.0,0.0,0.0,0.0,0.0,0.0,0.0,0.0,0.0,0.0,0.0,0.0,0.0,0.0,0.0,0.0,0.0,0.0,0.0,0.0,16,42.26,7.549743589743589,0.3557692307692307,0.375,36.062970568104035,0.24375000000000002,1.0,0.375,0.0,0.625,0.0,10.0,6.0,0.0,0.0,0.0,0.0,5.0,-1.0,0.0,91.0,659.0,4.0,0.0,,8
00-0026143,2020,veteran,QB,12.369691116205841,36.98501902167929,457.4932612251704,3374.239723137379,20.790880288641386,9.425464652290463,25.74822221041144,102.52792535065517,0.9694485320775573,2.8550999961200905,7.375496010807109,0.04544521646715244,0.3292826063845858,0.14764936656320962,0.04901390590961227,0.0008867998690671793,3.048330146077369e-05,1.3703876403835747e-11,8.036798515089593,209.64146451077045,217.67826302586005,veteran,Matt Ryan,QB,16.0,293.94,0.0,0.0,0.0,0.0,29.0,92.0,2.0,626.0,407.0,4581.0,26.0,11.0,41.0,3.0,0.0,0.0,11.5,11.5,0.0,0.0,0.0,0.0,0.0,0.0,5.0,3.0,1.0,16,282.84000000000003,19.602912621359224,0.966626213592233,0.9375,35.29363449691992,0.9656250000000001,1.0,1.0,0.0,0.0625,0.0,1.0,15.0,0.0,0.0,0.0,0.0,34.0,147.0,1.0,616.0,4466.0,26.0,14.0,7.5,8
00-0026158,2020,veteran,QB,6.63978293462006,31.49235785873458,209.10242028137378,1440.7673988513818,8.233559919597853,4.4138982152123925,9.615228695967248,23.823394901320654,0.3103048153466314,1.3296383842501542,6.890247357790727,0.03937572749525594,0.19220476561656744,0.07094234298598108,0.019268554067116358,0.00013180998290397965,2.137769437715391e-06,1.370423810621461e-11,2.23953507442787,83.32203081573346,85.56156589016132,veteran,Joe Flacco,QB,5.0,54.760000000000005,0.0,0.0,0.0,0.0,6.0,22.0,0.0,134.0,74.0,864.0,6.0,3.0,7.0,0.0,0.0,0.0,0.0,0.0,0.0,0.0,0.0,0.0,0.0,0.0,0.0,0.0,0.0,16,85.88,12.381052631578948,0.6440789473684211,0.5,35.624914442162904,0.59375,1.0,1.0,0.0,0.5,0.0,8.0,8.0,0.0,0.0,0.0,0.0,12.0,20.0,0.0,262.0,1822.0,6.0,5.0,,8
00-0026300,2020,veteran,QB,0.0,22.53063380662724,0.0,0.0,0.0,0.0,0.0,0.0,0.0,0.0,7.15128347808948,0.04457872181486733,8.78878206025899e-09,3.0007954690980323e-10,2.493766335746086e-12,2.1440015652665276e-06,6.875076262571925e-09,1.3705019353006066e-11,0.0,0.0,0.0,veteran,,,0.0,0.0,0.0,0.0,0.0,0.0,0.0,0.0,0.0,0.0,0.0,0.0,0.0,0.0,0.0,0.0,0.0,0.0,0.0,0.0,0.0,0.0,0.0,0.0,0.0,0.0,0.0,0.0,0.0,16,0.0,12.4,0.25,0.0,34.299794661190965,0.075,0.0,0.25,0.0,1.0,0.0,16.0,0.0,0.0,0.0,0.0,0.0,0.0,0.0,0.0,0.0,0.0,0.0,0.0,,8
00-0026498,2020,veteran,QB,7.979592808196649,33.28489305142422,265.5998932147393,1970.2114921810632,12.54665618230062,5.432597046483342,15.134091389576227,48.65587242505289,0.4418717734518602,1.8548518149125985,7.417967937916804,0.04723893534157622,0.26366620774591687,0.108124713910017,0.03274932559209915,0.0004286675253935687,1.106253085527601e-05,1.3704014367615151e-11,3.924341329545772,121.93700457686958,125.86134590641535,veteran,Matthew Stafford,QB,16.0,267.06,1.0,0.0,0.0,0.0,29.0,112.0,0.0,528.0,339.0,4084.0,26.0,10.0,38.0,1.0,0.0,0.0,6.5,6.5,0.0,0.0,0.0,0.0,0.0,0.0,3.0,1.0,1.0,16,177.06,17.647241379310344,0.810344827586207,0.5,32.56673511293634,0.725,1.0,1.0,0.3125,0.1875,5.0,8.0,8.0,0.0,0.0,0.0,0.0,20.0,66.0,0.0,291.0,2499.0,19.0,5.0,8.9,8
00-0026544,2020,veteran,QB,1.2583504516813004,20.250993838434834,25.482847243589706,182.02829213705652,1.148007050997968,0.6220351751960932,1.9757402641935256,3.8227721672305037,0.06620409050250796,0.2313042333902909,7.143169301179496,0.04505018768209871,0.06196096688120021,0.01760818424570655,0.0035537267521206636,9.33281954011977e-05,1.321299349087098e-06,1.3704303595882353e-11,0.12026811148501933,10.945982832039462,11.066250943524482,veteran,Chase Daniel,QB,4.0,12.16,0.0,0.0,0.0,0.0,2.0,16.0,0.0,43.0,29.0,264.0,1.0,2.0,3.0,0.0,0.0,0.0,0.0,0.0,0.0,0.0,0.0,0.0,0.0,0.0,0.0,0.0,0.0,16,26.000000000000004,7.776666666666666,0.20625000000000002,0.1875,33.90280629705681,0.1875,1.0,0.25,0.0,0.8125,0.0,13.0,3.0,0.0,0.0,0.0,0.0,6.0,6.0,0.0,64.0,435.0,3.0,2.0,,8
00-0026625,2020,veteran,QB,2.84529600369293,16.7500624425414,47.65888572937008,333.85414927733973,2.130744364263335,1.2707238248308628,3.383832420494972,4.950642268071406,0.11663475680494298,0.5430787516108923,7.005076685450078,0.044708228731211205,0.03300521827183175,0.008423190007678976,0.0014784068638076327,3.271158048518872e-05,3.065374425442254e-07,1.3704502460655175e-11,0.13836671172535273,19.444411042900217,19.58277775462557,veteran,Brian Hoyer,QB,1.0,2.0,0.0,0.0,0.0,0.0,1.0,8.0,0.0,24.0,15.0,130.0,0.0,1.0,2.0,1.0,0.0,0.0,0.0,0.0,0.0,0.0,0.0,0.0,0.0,0.0,0.0,0.0,0.0,16,21.080000000000002,4.143269230769231,0.3762019230769231,0.25,34.836413415468854,0.325,1.0,0.625,0.0,0.75,0.0,12.0,4.0,0.0,0.0,0.0,0.0,8.0,2.0,0.0,65.0,372.0,4.0,4.0,,8
00-0026898,2020,veteran,QB,0.0,16.114336100413038,0.0,0.0,0.0,0.0,0.0,0.0,0.0,0.0,7.114462517943764,0.044289380561904346,8.78878206025899e-09,3.0007954690980323e-10,2.493766335746086e-12,2.1440015652665276e-06,6.875076262571925e-09,1.3705019353006066e-11,0.0,0.0,0.0,veteran,,,0.0,0.0,0.0,0.0,0.0,0.0,0.0,0.0,0.0,0.0,0.0,0.0,0.0,0.0,0.0,0.0,0.0,0.0,0.0,0.0,0.0,0.0,0.0,0.0,0.0,0.0,0.0,0.0,0.0,16,0.0,0.15999999999999992,0.125,0.0,33.80698151950719,0.0375,0.0,0.125,0.0,1.0,0.0,16.0,0.0,0.0,0.0,0.0,0.0,0.0,0.0,0.0,0.0,0.0,0.0,0.0,,8
00-0027688,2020,veteran,QB,0.0,20.56497987763762,0.0,0.0,0.0,0.0,0.0,0.0,0.0,0.0,7.092684286049105,0.04426921352306661,8.78878206025899e-09,3.0007954690980323e-10,2.493766335746086e-12,2.1440015652665276e-06,6.875076262571925e-09,1.3705019353006066e-11,0.0,0.0,0.0,veteran,Colt McCoy,QB,4.0,18.2,0.0,0.0,0.0,0.0,9.0,12.0,0.0,66.0,40.0,375.0,1.0,1.0,5.0,1.0,0.0,0.0,0.0,0.0,0.0,0.0,0.0,0.0,0.0,0.0,0.0,0.0,0.0,16,4.279999999999999,7.246896551724138,0.14008620689655174,0.0625,33.99041752224504,0.090625,1.0,0.1875,0.1875,0.75,3.0,15.0,1.0,0.0,0.0,0.0,0.0,2.0,14.0,0.0,27.0,122.0,0.0,1.0,,8
00-0027854,2020,veteran,QB,0.0,22.041321444856077,0.0,0.0,0.0,0.0,0.0,0.0,0.0,0.0,7.099352084482424,0.044595263246377165,8.78878206025899e-09,3.0007954690980323e-10,2.493766335746086e-12,2.1440015652665276e-06,6.875076262571925e-09,1.3705019353006066e-11,0.0,0.0,0.0,veteran,,,0.0,0.0,0.0,0.0,0.0,0.0,0.0,0.0,0.0,0.0,0.0,0.0,0.0,0.0,0.0,0.0,0.0,0.0,0.0,0.0,0.0,0.0,0.0,0.0,0.0,0.0,0.0,0.0,0.0,16,0.0,6.6725,0.171875,0.0,32.81587953456537,0.075,0.0,0.1875,0.0,1.0,0.0,16.0,0.0,0.0,0.0,0.0,0.0,0.0,0.0,0.0,0.0,0.0,0.0,0.0,,8
00-0027939,2020,veteran,QB,4.400522915314269,31.317948999862768,137.81535223453972,976.1058801211212,5.990860195207329,3.385579599498671,24.636900713626833,110.68516485455346,0.9026500829349545,0.8471378188412985,7.082707871761231,0.04347019470669597,0.20324215082816066,0.07630826621968312,0.021099952769201097,0.014367564252164584,0.0015037475490278804,1.3703345594119908e-11,1.6569185137863638,71.02665813205931,72.68357664584568,veteran,Cam Newton,QB,15.0,264.98,2.0,2.0,35.0,1.0,137.0,592.0,12.0,368.0,242.0,2657.0,8.0,10.0,31.0,1.0,0.0,0.0,5.0,5.0,0.0,0.0,0.0,0.0,0.0,0.0,2.0,2.0,0.0,16,17.68,18.35077922077922,0.8068181818181818,0.125,31.310061601642712,0.48125000000000007,1.0,1.0,0.375,0.5,6.0,14.0,2.0,0.0,0.0,0.0,0.0,5.0,-2.0,0.0,89.0,572.0,0.0,1.0,,8
00-0027948,2020,veteran,QB,1.4931793212136117,18.509970490792146,27.638705173125,195.72923371324998,1.228158735181006,0.708533533434643,2.2933571144276588,7.183452760493491,0.07885170305509868,0.28469843027685937,7.081707789392786,0.04443618930365915,0.0461673140388089,0.012452986924202315,0.0023518422391335214,0.00024965367634151677,5.206866696322129e-06,1.3704116938325789e-11,0.10423577680545211,11.94679585621096,12.051031633016413,veteran,Blaine Gabbert,QB,4.0,15.319999999999999,0.0,0.0,0.0,0.0,9.0,16.0,0.0,16.0,9.0,143.0,2.0,0.0,1.0,0.0,0.0,0.0,0.0,0.0,0.0,0.0,0.0,0.0,0.0,0.0,0.0,0.0,0.0,16,0.0,6.081904761904761,0.45535714285714285,0.0,30.88021902806297,0.196875,0.0,0.5,0.1875,0.8125,3.0,16.0,0.0,0.0,0.0,0.0,0.0,0.0,0.0,0.0,0.0,0.0,0.0,0.0,,8
00-0027973,2020,veteran,QB,10.389509058398309,33.80202818396826,351.1864780095732,2439.9926041446006,15.064783023052858,8.968285713681286,20.21672634874384,62.17757855508965,0.912312792188684,2.1190686986334084,6.9478546496829745,0.042896819685187874,0.23407591811854334,0.0920195181122152,0.026686823055464326,0.00041049030203258574,1.0414085047925735e-05,1.3704022589293165e-11,4.424943365701725,147.37576204200712,151.80070540770885,veteran,Andy Dalton,QB,11.0,138.9,1.0,1.0,-3.0,0.0,28.0,114.0,0.0,333.0,216.0,2170.0,14.0,8.0,24.0,1.0,0.0,0.0,2.5,2.5,0.0,0.0,0.0,0.0,0.0,0.0,1.0,1.0,0.0,16,212.16,15.708560311284046,0.8154182879377433,0.8125,32.84325804243669,0.803125,1.0,1.0,0.0,0.1875,0.0,3.0,13.0,1.0,1.0,-4.0,0.0,32.0,73.0,4.0,528.0,3494.0,16.0,14.0,,8
00-0028118,2020,veteran,QB,3.7184207871754804,19.519817242370497,72.58289419589681,510.3837561067396,3.174290516866959,1.531870337342903,12.530956812894301,53.73899396705604,0.45800490492550333,0.6667533898780194,7.031736082736587,0.04373331419245618,0.05300200730056932,0.014643628064273377,0.0028522176715301286,0.0035017524590493336,0.0002073693846243574,1.3703615420621414e-11,0.31414963234078785,36.837193683554204,37.15134331589499,veteran,Tyrod Taylor,QB,2.0,9.02,0.0,0.0,0.0,0.0,6.0,7.0,0.0,30.0,16.0,208.0,0.0,0.0,2.0,0.0,0.0,0.0,0.0,0.0,0.0,0.0,0.0,0.0,0.0,0.0,0.0,0.0,0.0,16,6.02,8.696637168141592,0.5237831858407079,0.25,31.080082135523615,0.353125,1.0,0.9375,0.0,0.75,0.0,12.0,4.0,1.0,0.0,0.0,0.0,10.0,7.0,0.0,6.0,33.0,1.0,0.0,,8
00-0028986,2020,veteran,QB,9.139469959717996,29.66575341493203,271.12926216817283,1907.5894035755089,11.560017072288247,6.065614454852819,13.746246801063595,44.11344492289106,0.5679194210829821,1.8000986504621639,7.035719377247787,0.04263655269019962,0.17383631907010744,0.062308137121354606,0.01640694007958324,0.0002514988420686247,5.260584914188619e-06,1.3704115541295712e-11,2.7452389940247803,114.63107924033037,117.37631823435514,veteran,Case Keenum,QB,1.0,1.84,0.0,0.0,0.0,0.0,0.0,0.0,0.0,10.0,5.0,46.0,0.0,0.0,0.0,0.0,0.0,0.0,0.0,0.0,0.0,0.0,0.0,0.0,0.0,0.0,0.0,0.0,0.0,16,106.98,12.818007968127489,0.8244521912350598,0.625,32.539356605065024,0.784375,1.0,1.0,0.0625,0.3125,1.0,6.0,10.0,0.0,0.0,0.0,0.0,9.0,12.0,1.0,247.0,1707.0,11.0,5.0,,8
00-0029263,2020,veteran,QB,13.27759265708367,33.45663082895476,444.2235158252888,3335.4278246166327,23.618305757103617,7.536111194392262,54.14994699450935,260.192075745377,1.740013050705001,2.3760378104689517,7.508444973742547,0.05316761701195619,0.2744165060074241,0.11423308755059647,0.0351353061659311,0.007584408371083262,0.0006120209594690782,1.3703468064965149e-11,6.96461769089599,244.52532388212506,251.48994157302104,veteran,Russell Wilson,QB,16.0,369.28000000000003,0.0,0.0,0.0,0.0,83.0,513.0,2.0,558.0,384.0,4212.0,40.0,13.0,47.0,4.0,0.0,0.0,9.5,9.5,0.0,0.0,0.0,0.0,0.0,0.0,5.0,3.0,0.0,16,336.6,20.530874999999998,1.0,1.0,31.756331279945243,1.0,1.0,1.0,0.0,0.0,0.0,0.0,16.0,0.0,0.0,0.0,0.0,75.0,342.0,3.0,516.0,4110.0,31.0,5.0,8.5,8
00-0029567,2020,veteran,QB,2.7340215945163333,26.23353129678277,71.72304106582416,504.8837429691067,3.0598474777980353,1.5801337343170527,3.386848915258838,10.930055084002815,0.11474396128513378,0.6137669021941139,7.039352144950843,0.04266198744960975,0.12500472928775822,0.041122437769135864,0.009863027528501888,0.00016610865843570571,2.9508766956531643e-06,1.3704194232275794e-11,0.5648077854848704,29.82840763304516,30.39321541853003,veteran,Nick Foles,QB,9.0,105.18,0.0,0.0,0.0,0.0,16.0,1.0,1.0,312.0,202.0,1852.0,10.0,8.0,18.0,0.0,0.0,0.0,1.0,1.0,0.0,0.0,0.0,0.0,0.0,0.0,1.0,0.0,0.0,16,37.74,10.566315789473686,0.31118421052631584,0.25,31.613963039014372,0.296875,1.0,0.4375,0.0,0.75,0.0,12.0,4.0,0.0,0.0,0.0,0.0,4.0,23.0,0.0,117.0,736.0,3.0,2.0,,8
00-0029604,2020,veteran,QB,12.568183646131285,33.14448749237437,416.56600566106243,3086.7249915640386,20.190398106778336,7.860552164685019,26.951288182793963,73.41692041382298,0.982677711245112,2.8517039709419096,7.409930118194864,0.048468664827168315,0.2604149284715724,0.10630466639374787,0.0320475408604077,0.0003881470174603914,9.632440754163807e-06,1.3704033208959512e-11,6.087646154390029,196.04383812727397,202.131484281664,veteran,Kirk Cousins,QB,16.0,314.7,0.0,0.0,0.0,0.0,32.0,156.0,1.0,516.0,349.0,4265.0,35.0,13.0,39.0,5.0,0.0,0.0,8.5,8.5,0.0,0.0,0.0,0.0,0.0,0.0,5.0,1.0,1.0,16,248.42,17.35177993527508,0.966626213592233,0.9375,32.035592060232716,0.9656250000000001,1.0,1.0,0.0,0.0625,0.0,1.0,15.0,1.0,0.0,0.0,0.0,31.0,63.0,1.0,444.0,3603.0,26.0,6.0,14.0,8
00-0029665,2020,veteran,QB,3.4572339390327453,12.292371554912286,42.49760413084348,302.5063852228248,1.8829306912899673,1.0712428943764178,7.931042030894255,28.04212832750908,0.25723982995673406,0.6212826099821654,7.1181985763586795,0.044306749281505804,0.013374486203015434,0.002980680439824379,0.00043278363167680007,0.0008417652908207796,2.8346149554949685e-05,1.3703886297476139e-11,0.06774573903683362,20.59457897784701,20.662324716883845,veteran,Robert Griffin III,QB,4.0,2.58,0.0,0.0,0.0,0.0,12.0,69.0,0.0,14.0,8.0,42.0,0.0,2.0,3.0,1.0,0.0,0.0,0.0,0.0,0.0,0.0,0.0,0.0,0.0,0.0,0.0,0.0,0.0,16,16.0,2.321025641025641,0.3365384615384615,0.375,30.55167693360712,0.24375000000000002,1.0,0.375,0.0,0.625,0.0,10.0,6.0,0.0,0.0,0.0,0.0,20.0,70.0,0.0,38.0,225.0,1.0,2.0,,8
00-0029668,2020,veteran,QB,3.6307528657722674,33.243372915947724,120.69847148251337,867.00308209793,5.905496692410718,2.829471838895474,9.737214790905691,32.352233757648584,0.3076549499018622,0.664534599959825,7.183215093353856,0.04892768416927549,0.24365519155416288,0.0971211685619937,0.028571071509984853,0.0010564637756033293,3.891422331204076e-05,1.3703843167939779e-11,1.6251029170191877,56.39525025102551,58.02035316804469,veteran,,,0.0,0.0,0.0,0.0,0.0,0.0,0.0,0.0,0.0,0.0,0.0,0.0,0.0,0.0,0.0,0.0,0.0,0.0,0.0,0.0,0.0,0.0,0.0,0.0,0.0,0.0,0.0,0.0,0.0,16,0.0,21.40125,1.0,0.0,30.97056810403833,0.3,0.0,1.0,0.0,1.0,0.0,16.0,0.0,0.0,0.0,0.0,0.0,0.0,0.0,0.0,0.0,0.0,0.0,0.0,,8
00-0029682,2020,veteran,QB,1.487756693200792,24.209720007041014,36.01817298099239,256.65765130992656,1.5663023002372474,0.8542128526812972,2.3372690001956715,8.56113234721552,0.08435382020711357,0.29037457646627246,7.125782072438006,0.04348644505271883,0.10330308749257991,0.03252861113450697,0.007424129889536469,0.00037493627929605506,9.178502408107854e-06,1.3704039779350579e-11,0.24895074318533536,15.604576551015144,15.85352729420048,veteran,,,0.0,0.0,0.0,0.0,0.0,0.0,0.0,0.0,0.0,0.0,0.0,0.0,0.0,0.0,0.0,0.0,0.0,0.0,0.0,0.0,0.0,0.0,0.0,0.0,0.0,0.0,0.0,0.0,0.0,16,0.0,10.444,0.41875,0.0,29.776865160848732,0.1875,0.0,0.4375,0.0,1.0,0.0,16.0,0.0,0.0,0.0,0.0,0.0,0.0,0.0,0.0,0.0,0.0,0.0,0.0,,8
00-0029701,2020,veteran,QB,8.825013309332387,27.15267914960016,239.62275487925342,1853.4697748052083,12.566279935137603,5.779989058871094,25.25332928957294,104.2053541469964,1.0927540497410522,1.924681649297629,7.734948943973109,0.05244193082359723,0.1766854919927119,0.06362337220957494,0.016835915816966737,0.0021111746361207294,0.00010226017953888638,1.3703711658759552e-11,2.718606656193976,125.97162902956724,128.69023568576122,veteran,Ryan Tannehill,QB,16.0,349.86,1.0,1.0,0.0,0.0,43.0,266.0,7.0,481.0,315.0,3819.0,33.0,7.0,24.0,1.0,0.0,0.0,6.0,6.0,0.0,0.0,0.0,0.0,0.0,0.0,3.0,2.0,0.0,16,228.68,17.02141414141414,0.7291666666666666,0.75,32.09856262833676,0.61875,1.0,0.75,0.0,0.25,0.0,4.0,12.0,0.0,0.0,0.0,0.0,43.0,185.0,4.0,286.0,2742.0,22.0,6.0,13.6,8
00-0030533,2020,veteran,QB,0.44399889443853446,22.30439581004515,9.903127080779527,71.51919117545708,0.4294037529865313,0.25602342346320245,0.44054528661611647,1.0901068997111896,0.015647540245039174,0.09145748592036437,7.221879573197139,0.04336042034843106,0.08488830760663912,0.02564091330084297,0.005574013792804283,6.123962780690277e-05,7.34508666110624e-07,1.3704383516690954e-11,0.0597445119090045,4.086316771638629,4.146061283547633,veteran,Matt Barkley,QB,4.0,9.279999999999998,0.0,0.0,0.0,0.0,6.0,-6.0,0.0,21.0,11.0,197.0,1.0,1.0,1.0,0.0,0.0,0.0,0.0,0.0,0.0,0.0,0.0,0.0,0.0,0.0,0.0,0.0,0.0,16,5.959999999999999,6.001428571428572,0.11160714285714285,0.125,29.982203969883642,0.08750000000000001,1.0,0.125,0.0,0.875,0.0,14.0,2.0,0.0,0.0,0.0,0.0,2.0,-4.0,0.0,51.0,359.0,0.0,3.0,,8
00-0031237,2020,veteran,QB,6.358764127945886,21.41120900696532,136.14882776944293,971.0024361735129,6.1550571632872835,2.827040774432524,14.7852318448667,24.213869403676206,0.44540318484840813,1.0779725446432562,7.131919180514924,0.04520830082878405,0.07267040529751621,0.021282916200105157,0.004457816818342344,0.00014959917706235034,2.5502805127818394e-06,1.3704214090718962e-11,0.7227615348262729,60.74410551139615,61.466867046222426,veteran,Teddy Bridgewater,QB,15.0,245.72,0.0,0.0,0.0,0.0,53.0,279.0,5.0,492.0,340.0,3733.0,15.0,11.0,31.0,3.0,0.0,0.0,4.5,4.5,0.0,0.0,0.0,0.0,0.0,0.0,3.0,1.0,0.0,16,91.46000000000001,8.273650793650793,0.4910714285714285,0.5625,27.808350444900753,0.39375000000000004,1.0,0.5625,0.0,0.4375,0.0,7.0,9.0,0.0,0.0,0.0,0.0,28.0,31.0,0.0,196.0,1384.0,9.0,2.0,,8
00-0031280,2020,veteran,QB,13.507743762275627,32.94491003034325,445.01140296110077,3274.564519898613,18.93593991789474,8.801077066077735,24.224850207528004,69.19968656040673,0.9628582410448099,2.9625581952649847,7.358383398963933,0.04255158360413961,0.2525556151268416,0.10195696878859918,0.030388215563081366,0.00028757738436087653,6.341381345606449e-06,1.3704090108478864e-11,6.302234915678642,195.89618804714758,202.1984229628262,veteran,Derek Carr,QB,16.0,281.12,0.0,0.0,0.0,0.0,39.0,140.0,3.0,517.0,348.0,4103.0,27.0,9.0,26.0,8.0,0.0,0.0,9.0,9.0,0.0,0.0,0.0,0.0,0.0,0.0,6.0,2.0,0.0,16,246.86,14.816529968454258,0.9911277602523659,1.0,29.43189596167009,0.9906250000000001,1.0,1.0,0.0,0.0,0.0,0.0,16.0,0.0,0.0,0.0,0.0,27.0,82.0,2.0,513.0,4054.0,21.0,8.0,,8
00-0031288,2020,veteran,QB,0.6838294283911424,15.61294228016407,10.676589394948495,76.0324944775175,0.46139780904159977,0.2511043362807791,1.1579499107038649,5.239470687291168,0.04682745080875567,0.1289627497504071,7.121421613674812,0.04321584281024283,0.02800043817448783,0.00696325113729671,0.0011799011555493908,0.0007343007889173156,2.342999474640194e-05,1.3703912223115593e-11,0.02842990965188541,4.931668616786378,4.960098526438263,veteran,AJ McCarron,QB,2.0,0.8,0.0,0.0,0.0,0.0,0.0,0.0,0.0,1.0,1.0,20.0,0.0,0.0,1.0,0.0,0.0,0.0,0.0,0.0,0.0,0.0,0.0,0.0,0.0,0.0,0.0,0.0,0.0,16,16.9,4.8635,0.125,0.125,29.968514715947983,0.125,1.0,0.125,0.0,0.875,0.0,14.0,2.0,0.0,0.0,0.0,0.0,5.0,39.0,1.0,37.0,225.0,0.0,1.0,,8
00-0031345,2020,veteran,QB,11.5375646167065,29.83176010701208,344.1858598647391,2634.6796133138528,16.608891559774147,8.835527338677041,27.745093095057342,52.8980852704663,0.9142732763739981,2.454047871048336,7.654816541124758,0.04825558948383656,0.21854027457369216,0.08396933945231662,0.023782984546545,0.0002242710152348858,4.484074455408436e-06,1.3704137279511226e-11,4.526085645438757,160.01904853749056,164.54513418292933,veteran,Jimmy Garoppolo,QB,6.0,64.34,0.0,0.0,0.0,0.0,10.0,25.0,0.0,140.0,94.0,1096.0,7.0,5.0,11.0,0.0,0.0,0.0,0.0,0.0,0.0,0.0,0.0,0.0,0.0,0.0,0.0,0.0,0.0,16,253.82,15.815283018867921,0.8779481132075471,1.0,28.83230663928816,0.6625000000000001,1.0,1.0,0.0,0.0,0.0,0.0,16.0,0.0,0.0,0.0,0.0,46.0,62.0,1.0,476.0,3978.0,27.0,13.0,,8
00-0031407,2020,veteran,QB,4.5729920754763,26.44771298808759,120.94518190899618,855.3269069054335,5.150554383664005,2.964444321649722,16.04001038030358,81.86744861680683,0.5283780684391697,0.928287144737461,7.07202133565779,0.04258585833985087,0.1294846941704073,0.042959691753712864,0.010401681812681463,0.006023253320075388,0.0004430075403556373,1.3703512073864657e-11,1.0125306870544888,58.38684415041469,59.399374837469175,veteran,,,0.0,0.0,0.0,0.0,0.0,0.0,0.0,0.0,0.0,0.0,0.0,0.0,0.0,0.0,0.0,0.0,0.0,0.0,0.0,0.0,0.0,0.0,0.0,0.0,0.0,0.0,0.0,0.0,0.0,16,-0.78,12.562702702702701,0.7711148648648648,0.125,28.711841204654345,0.4625,1.0,1.0,0.0,0.875,0.0,14.0,2.0,0.0,0.0,0.0,0.0,2.0,-9.0,0.0,2.0,3.0,0.0,0.0,,8
00-0031503,2020,veteran,QB,13.174841143750298,36.8222798662695,485.1276877888156,3698.1481102400444,22.95059064160212,17.254898768586795,46.77682529009477,204.31891395741638,1.4064173830673063,3.125397355822847,7.623040703151768,0.0473083503978295,0.3495884622343174,0.16101228414157998,0.05495156449703072,0.004184268475830528,0.00026601109247012636,1.3703581517659915e-11,9.296079673621099,227.8380904213365,237.1341700949576,veteran,Jameis Winston,QB,3.0,2.4,0.0,0.0,0.0,0.0,8.0,-6.0,0.0,11.0,7.0,75.0,0.0,0.0,2.0,0.0,0.0,0.0,0.0,0.0,0.0,0.0,0.0,0.0,0.0,0.0,0.0,0.0,0.0,16,331.36,19.58761565836299,0.9005782918149466,1.0,26.652977412731005,0.878125,1.0,1.0,0.0,0.0,0.0,0.0,16.0,0.0,0.0,0.0,0.0,59.0,250.0,1.0,626.0,5109.0,33.0,30.0,,8
00-0031800,2020,veteran,QB,1.0706591945352244,14.408356306942647,15.426439158167735,110.04617050061563,0.6832506987364457,0.3859597666355364,1.4494177043140557,6.21885555859856,0.05167499040978565,0.20376141817170965,7.133608046050615,0.04429088863159256,0.021997428168328694,0.005272469896199559,0.0008489791717524354,0.00038309969486208646,9.45827692634456e-06,1.3704035692483445e-11,0.03426257012218081,6.887342743674485,6.9216053137966655,veteran,Taylor Heinicke,QB,1.0,11.68,0.0,0.0,0.0,0.0,3.0,22.0,0.0,19.0,12.0,137.0,1.0,0.0,1.0,0.0,0.0,0.0,0.0,0.0,0.0,0.0,0.0,0.0,0.0,0.0,0.0,0.0,0.0,16,0.0,2.581818181818182,0.2897727272727273,0.0,27.46611909650924,0.103125,0.0,0.3125,0.0,1.0,0.0,16.0,0.0,0.0,0.0,0.0,0.0,0.0,0.0,0.0,0.0,0.0,0.0,0.0,,8
00-0032268,2020,veteran,QB,7.769085910148274,27.466722114260975,213.39132377586293,1553.395986458338,9.031063261017584,4.907240668592375,29.634045585303618,148.01525514517922,1.030140528439471,1.3277729953551,7.279564880950635,0.042321604745764754,0.15518269498282367,0.05391353823246635,0.013729588855569918,0.007058178498655793,0.0005532901466960442,1.370348180360897e-11,2.1085321984844336,106.77243385966366,108.8809660581481,veteran,Marcus Mariota,QB,1.0,25.84,0.0,0.0,0.0,0.0,9.0,88.0,1.0,28.0,17.0,226.0,1.0,1.0,0.0,0.0,0.0,0.0,0.0,0.0,0.0,0.0,0.0,0.0,0.0,0.0,0.0,0.0,0.0,16,86.02,12.855242718446602,0.7251213592233009,0.4375,26.83915126625599,0.64375,1.0,0.9375,0.0,0.5625,0.0,9.0,7.0,0.0,0.0,0.0,0.0,24.0,129.0,0.0,160.0,1203.0,7.0,2.0,,8
00-0032434,2020,veteran,QB,1.4870335500516276,25.38016118379916,37.74115118602739,267.41885404767123,1.6760332229879364,0.8885536090687735,3.923439525234066,14.958621711328863,0.13434674234728025,0.28300328113183076,7.08560405933446,0.04440864070962523,0.116119332727714,0.03754227763749034,0.00883045527016187,0.0014205937867158849,5.8823007088853006e-05,1.3703786929585236e-11,0.2849193280022736,17.359715898673954,17.64463522667623,veteran,Brandon Allen,QB,5.0,52.2,1.0,0.0,0.0,0.0,13.0,27.0,0.0,142.0,90.0,925.0,5.0,4.0,7.0,1.0,0.0,0.0,2.5,2.5,0.0,0.0,0.0,0.0,0.0,0.0,1.0,1.0,0.0,16,32.5,10.833333333333334,0.1875,0.1875,27.98904859685147,0.10312500000000001,1.0,0.1875,0.0,0.8125,0.0,13.0,3.0,0.0,0.0,0.0,0.0,10.0,39.0,0.0,84.0,515.0,3.0,2.0,,8
00-0032436,2020,veteran,QB,2.95094928527166,26.94640256250263,79.51746738245957,554.0002602401217,3.469789565338081,1.9049825359359487,12.688821574921286,69.20630005315904,0.5041368144386272,0.5501444250751059,6.967025968967497,0.04363556435530374,0.13081695364310225,0.043510206633416086,0.010564214827732978,0.01200822202382814,0.0011676520395659759,1.3703380069077681e-11,0.6815819172024703,41.074365640882746,41.75594755808522,veteran,Jeff Driskel,QB,3.0,30.080000000000002,0.0,0.0,0.0,0.0,6.0,28.0,0.0,64.0,35.0,432.0,3.0,2.0,11.0,0.0,0.0,0.0,0.0,0.0,0.0,0.0,0.0,0.0,0.0,0.0,0.0,0.0,0.0,16,57.6,14.127407407407409,0.3726851851851852,0.1875,27.359342915811087,0.253125,1.0,0.5,0.0,0.8125,0.0,13.0,3.0,1.0,1.0,6.0,0.0,22.0,151.0,1.0,105.0,685.0,4.0,4.0,,8
00-0032950,2020,veteran,QB,12.960378907792999,35.83749273899174,464.46748500261333,3285.9352512706623,21.826023684841246,7.915010093656969,43.83888103116722,161.75487753173869,1.178861026522948,3.4389485863946074,7.074629241812641,0.046991499705772606,0.2802737744403346,0.11762022929355996,0.03647862963629838,0.002423811628531159,0.0001240115574356301,1.3703685407243415e-11,6.898436519832094,219.28224134239989,226.180677862232,veteran,Carson Wentz,QB,12.0,200.9,0.0,0.0,0.0,0.0,52.0,276.0,5.0,437.0,251.0,2620.0,16.0,15.0,50.0,4.0,0.0,0.0,2.5,2.5,0.0,0.0,0.0,0.0,0.0,0.0,1.0,1.0,0.0,16,280.86,18.308327402135234,0.9005782918149466,1.0,27.67145790554415,0.878125,1.0,1.0,0.0,0.0,0.0,0.0,16.0,0.0,0.0,0.0,0.0,62.0,243.0,1.0,607.0,4039.0,27.0,7.0,8.6,8
00-0033077,2020,veteran,QB,14.016578817801001,36.30252703138812,508.83723142080294,3810.291800990714,23.31577692597551,10.284186822921338,50.45369399081582,235.03380302129372,2.4659201987942376,2.8343387229046204,7.488233104231407,0.045821680266736636,0.3268700894625973,0.14609853483371515,0.048339128850468524,0.005100163574653403,0.00035092339124483856,1.3703543801164487e-11,9.087266197330592,257.7366301467735,266.8238963441041,veteran,Dak Prescott,QB,5.0,148.64,1.0,1.0,11.0,1.0,18.0,93.0,3.0,222.0,151.0,1856.0,9.0,4.0,10.0,3.0,0.0,0.0,13.5,13.5,0.0,0.0,0.0,0.0,0.0,0.0,3.0,3.0,3.0,16,358.28,20.2608125,1.0,1.0,27.093771389459274,1.0,1.0,1.0,0.0,0.0,0.0,0.0,16.0,0.0,0.0,0.0,0.0,52.0,277.0,3.0,596.0,4902.0,30.0,11.0,7.1,8
00-0033104,2020,veteran,QB,1.1839047950296315,21.232123795881936,25.136813170607365,176.57603363322124,1.076094721224715,0.5727914922405566,3.46593268783227,17.25388333332157,0.11825817289320514,0.2511343817538687,7.024599038659869,0.04280951264271635,0.06781359093212318,0.019599187827006613,0.004039100452044997,0.003576492836849426,0.0002135838947791975,1.3703611400871161e-11,0.1292675364760407,12.154505852930248,12.283773389406289,veteran,,,0.0,0.0,0.0,0.0,0.0,0.0,0.0,0.0,0.0,0.0,0.0,0.0,0.0,0.0,0.0,0.0,0.0,0.0,0.0,0.0,0.0,0.0,0.0,0.0,0.0,0.0,0.0,0.0,0.0,16,0.0,6.1738461538461555,0.28365384615384615,0.0,27.310061601642712,0.121875,0.0,0.3125,0.0,1.0,0.0,16.0,0.0,0.0,0.0,0.0,0.0,0.0,0.0,0.0,0.0,0.0,0.0,0.0,,8
00-0033106,2020,veteran,QB,14.214435844498032,36.93489755732053,525.0087317516397,3920.697813127188,23.429379757383234,12.118561234775045,33.17009719044008,68.02576780616808,1.3280912815079515,3.255697543594247,7.467871629574936,0.04462664778776807,0.3370857258811944,0.1527185652378784,0.05124031745683108,0.0002467424029784895,5.1224289417229165e-06,1.3704119163668945e-11,9.508016729777568,234.5680384675464,244.07605519732397,veteran,Jared Goff,QB,15.0,250.48,0.0,0.0,0.0,0.0,51.0,99.0,4.0,552.0,370.0,3952.0,20.0,13.0,23.0,4.0,0.0,0.0,10.5,10.5,0.0,0.0,0.0,0.0,0.0,0.0,6.0,3.0,0.0,16,263.52,17.878296529968452,0.9911277602523659,1.0,25.883641341546884,0.9906250000000001,1.0,1.0,0.0,0.0,0.0,0.0,16.0,0.0,0.0,0.0,0.0,33.0,40.0,2.0,626.0,4638.0,22.0,16.0,12.2,8
00-0033119,2020,veteran,QB,11.762649035659635,28.30510575398994,332.94302490141376,2305.4601946638504,14.152879352488059,6.138405987752245,37.84562854620263,139.91332100469577,1.6843242336392685,2.547700816800579,6.924488642903722,0.042508412232629904,0.14709419365881815,0.05038960635549747,0.012637856303337478,0.0021499777668191407,0.00010489416933011543,1.3703708197018447e-11,2.94373977779521,155.55498908970577,158.49872886750097,veteran,Jacoby Brissett,QB,11.0,20.580000000000002,0.0,0.0,0.0,0.0,17.0,19.0,3.0,8.0,2.0,17.0,0.0,0.0,2.0,0.0,0.0,0.0,0.0,0.0,0.0,0.0,0.0,0.0,0.0,0.0,0.0,0.0,0.0,16,220.18,12.835527426160338,0.8805379746835444,0.9375,27.72347707049966,0.740625,1.0,1.0,0.0,0.0625,0.0,1.0,15.0,1.0,1.0,2.0,0.0,56.0,228.0,4.0,447.0,2942.0,18.0,6.0,,8
00-0033319,2020,veteran,QB,2.3550913625102847,27.142720080090086,63.92358561565462,471.6155600764763,2.9053589186152533,1.6751112991344732,4.486464495962147,5.566384185163484,0.15123681075655557,0.43345182218464945,7.3778020355757326,0.04545049985280774,0.15582161275747353,0.0541948828146282,0.013817587305521614,5.694679211534375e-05,6.63759234416062e-07,1.3704397302480035e-11,0.623644805722205,27.7329911179375,28.356635923659706,veteran,Nick Mullens,QB,10.0,118.28,0.0,0.0,0.0,0.0,9.0,8.0,0.0,326.0,211.0,2437.0,12.0,12.0,19.0,4.0,0.0,0.0,2.0,2.0,0.0,0.0,0.0,0.0,0.0,0.0,2.0,0.0,0.0,16,-0.3,13.060677966101695,0.4184322033898305,0.0625,25.451060917180012,0.184375,1.0,0.5,0.0,0.9375,0.0,15.0,1.0,0.0,0.0,0.0,0.0,3.0,-3.0,0.0,0.0,0.0,0.0,0.0,,8
00-0033537,2020,veteran,QB,13.25979432992312,35.916672222450615,476.24768668495784,3595.557173251728,23.192100997877034,11.036876112324856,69.47690890819206,349.1499214250495,3.473473686689377,2.610293811238741,7.549763019909893,0.04869756147124095,0.32512885614031956,0.14498401136059721,0.047856031099261905,0.016156889473531808,0.0017749670959218715,1.3703322988517037e-11,8.713491860187364,265.0521853370913,273.7656771972787,veteran,Deshaun Watson,QB,16.0,383.82,0.0,0.0,0.0,0.0,90.0,444.0,3.0,544.0,382.0,4823.0,33.0,7.0,49.0,3.0,0.0,0.0,14.5,14.5,0.0,0.0,0.0,0.0,0.0,0.0,10.0,3.0,0.0,16,328.48,21.92751773049645,0.9215425531914893,0.9375,24.966461327857633,0.8812500000000001,1.0,1.0,0.0,0.0625,0.0,1.0,15.0,1.0,1.0,6.0,1.0,82.0,413.0,7.0,495.0,3852.0,26.0,12.0,5.4,8
00-0033869,2020,veteran,QB,12.966754589414176,33.40687140265765,433.1787030783803,2967.8070024406843,18.29774259965212,9.719910535686235,47.16396421667914,223.54680080451953,1.7986291419846816,2.4800826160335765,6.851230176714581,0.042240632952680705,0.21977563233432318,0.08459944358742992,0.02400717511665512,0.00547252365659134,0.00038731956151470323,1.3703530365179558e-11,5.196331608704717,200.6497191251563,205.84605073386103,veteran,Mitchell Trubisky,QB,10.0,153.70000000000002,0.0,0.0,0.0,0.0,33.0,195.0,1.0,297.0,199.0,2055.0,16.0,8.0,18.0,2.0,0.0,0.0,0.0,0.0,0.0,0.0,0.0,0.0,0.0,0.0,0.0,0.0,0.0,16,204.82,15.016491228070175,0.8953947368421052,0.9375,26.034223134839152,0.890625,1.0,0.9375,0.0625,0.0,1.0,1.0,15.0,0.0,0.0,0.0,0.0,48.0,193.0,2.0,516.0,3138.0,17.0,10.0,,8
00-0033873,2020,veteran,QB,12.355782895470577,37.3016202679812,460.89072168046073,3594.507389671579,24.316491701239517,8.34487132066035,43.049466062699146,191.44862563447717,1.5860122266582966,2.2502336372113,7.799044807336521,0.05275977700869912,0.37575959528365077,0.17907544517939808,0.06332984906842352,0.004174989833694584,0.0002651862206511304,1.3703581940473002e-11,9.583209839187395,248.51698839947542,258.1001982386628,veteran,Patrick Mahomes,QB,15.0,394.9,2.0,0.0,0.0,0.0,62.0,308.0,2.0,588.0,390.0,4740.0,38.0,6.0,22.0,2.0,0.0,0.0,20.5,20.5,0.0,0.0,0.0,0.0,0.0,0.0,9.0,5.0,2.0,16,304.04,23.695652173913043,0.9127964426877472,0.875,24.958247775496236,0.790625,1.0,1.0,0.0625,0.0625,1.0,2.0,14.0,0.0,0.0,0.0,0.0,43.0,218.0,2.0,484.0,4031.0,26.0,5.0,6.2,8
00-0033899,2020,veteran,QB,3.5036965976893324,25.01478202532892,87.6442066740852,610.1336112368899,3.655956339101266,2.4859554822876713,14.72411283768587,73.20640977811848,0.5683884367715375,0.7473676334223105,6.9614825028394645,0.04171361094859754,0.10608309736629543,0.03360096654601105,0.007720889602271721,0.00893459179492678,0.0007703248993500573,1.3703436733452916e-11,0.6377302608884678,43.293495172901764,43.93122543379023,veteran,,,0.0,0.0,0.0,0.0,0.0,0.0,0.0,0.0,0.0,0.0,0.0,0.0,0.0,0.0,0.0,0.0,0.0,0.0,0.0,0.0,0.0,0.0,0.0,0.0,0.0,0.0,0.0,0.0,0.0,16,0.0,8.924761904761905,0.7232142857142858,0.0,24.66255989048597,0.196875,0.0,0.9375,0.0,1.0,0.0,16.0,0.0,0.0,0.0,0.0,0.0,0.0,0.0,0.0,0.0,0.0,0.0,0.0,,8
00-0033936,2020,veteran,QB,1.5968907535709196,30.58853805348126,48.84655358285644,349.6779035500016,2.14216464420496,1.2731879970164302,5.4053462536961145,21.722603197193234,0.21579215198423254,0.34712645085835947,7.158701646306675,0.04385498028169567,0.19671570523343823,0.07311914588163344,0.02000668377950646,0.0030070736932562916,0.00016760725608276714,1.370364439979025e-11,0.5583788433307965,22.78215905469504,23.340537898025836,veteran,C.J. Beathard,QB,6.0,52.28,0.0,0.0,0.0,0.0,6.0,28.0,0.0,104.0,66.0,787.0,6.0,0.0,9.0,3.0,0.0,0.0,0.0,0.0,0.0,0.0,0.0,0.0,0.0,0.0,0.0,0.0,0.0,16,0.0,15.047500000000003,0.3359375,0.0,26.792607802874745,0.15,0.0,0.375,0.0,1.0,0.0,16.0,0.0,0.0,0.0,0.0,0.0,0.0,0.0,0.0,0.0,0.0,0.0,0.0,,8
00-0033958,2020,veteran,QB,1.2493534923021734,18.497515326220977,23.109935371727154,160.77887751965332,1.009447154467174,0.6852518270384809,2.787968002483836,11.40813860632812,0.10528353647546047,0.23684143437538147,6.957132286763175,0.04368022403481656,0.04367516345738514,0.011670264041860653,0.002177138239497729,0.00112118705393035,4.227965199033518e-05,1.370383187794227e-11,0.0833561685649101,10.397272275312679,10.480628443877588,veteran,Nathan Peterman,QB,1.0,1.9,0.0,0.0,0.0,0.0,1.0,9.0,0.0,5.0,3.0,25.0,0.0,0.0,2.0,0.0,0.0,0.0,0.0,0.0,0.0,0.0,0.0,0.0,0.0,0.0,0.0,0.0,0.0,16,0.0,2.935,0.25,0.0,26.32991101984942,0.11249999999999999,0.0,0.25,0.0,1.0,0.0,16.0,0.0,0.0,0.0,0.0,0.0,0.0,0.0,0.0,0.0,0.0,0.0,0.0,,8
00-0034343,2020,veteran,QB,6.4851244983845096,26.120624664943243,169.3955029277301,1138.414113537491,6.716758034255664,4.937811764552702,13.44666825844776,64.7538238904293,0.44659066853669627,1.3075992605194835,6.720450625086413,0.03965133618170054,0.10851106846768194,0.03454442443042691,0.007983821600905255,0.0013949418250362982,5.734615814108031e-05,1.3703790390592332e-11,1.1529014993533773,69.06770102864104,70.22060252799442,veteran,,,0.0,0.0,0.0,0.0,0.0,0.0,0.0,0.0,0.0,0.0,0.0,0.0,0.0,0.0,0.0,0.0,0.0,0.0,0.0,0.0,0.0,0.0,0.0,0.0,0.0,0.0,0.0,0.0,0.0,16,17.98,6.297122302158273,0.6524280575539569,0.3125,23.5564681724846,0.434375,1.0,0.875,0.0,0.6875,0.0,11.0,5.0,0.0,0.0,0.0,0.0,3.0,13.0,0.0,109.0,567.0,1.0,5.0,,8
00-0034412,2020,veteran,QB,1.991080960315788,22.053826230586346,43.91095350983338,309.9945105695673,1.8410921219809557,1.1203174408225671,1.3359777172574911,5.208122728737018,0.04849351260839042,0.40747338511487347,7.059616924514003,0.041927855690236,0.07690453748576691,0.022773576650961098,0.004834501839168181,6.92389371243554e-05,8.715668956395118e-07,1.370436022911849e-11,0.24053144520536346,17.520340607355678,17.76087205256104,veteran,,,0.0,0.0,0.0,0.0,0.0,0.0,0.0,0.0,0.0,0.0,0.0,0.0,0.0,0.0,0.0,0.0,0.0,0.0,0.0,0.0,0.0,0.0,0.0,0.0,0.0,0.0,0.0,0.0,0.0,16,8.64,2.8800000000000003,0.1875,0.1875,25.678302532511978,0.10312500000000001,1.0,0.1875,0.0,0.8125,0.0,13.0,3.0,0.0,0.0,0.0,0.0,0.0,0.0,0.0,73.0,416.0,0.0,3.0,,8
00-0034577,2020,veteran,QB,10.008951193345135,32.9196125099415,329.4907949158384,2323.6745629241022,13.909080881937815,8.99534719900491,26.812922902132932,90.43456313894903,1.1270437015137729,2.5162436320139587,7.052320121773468,0.042213867872972294,0.22759810600018135,0.08862947028980359,0.025453541890165868,0.0010927659050047147,4.079208215231859e-05,1.3703836753212099e-11,4.129726785062767,141.36584290565517,145.49556969071793,veteran,Kyle Allen,QB,4.0,45.0,0.0,0.0,0.0,0.0,7.0,26.0,1.0,87.0,60.0,610.0,4.0,1.0,7.0,1.0,0.0,0.0,0.0,0.0,0.0,0.0,0.0,0.0,0.0,0.0,0.0,0.0,0.0,16,179.48,13.764645161290323,0.7592741935483871,0.8125,24.484599589322382,0.484375,1.0,0.8125,0.0,0.1875,0.0,3.0,13.0,0.0,0.0,0.0,0.0,32.0,106.0,2.0,489.0,3322.0,17.0,16.0,,8
00-0034771,2020,veteran,QB,7.496560908196855,27.36331213862202,205.13073609718234,1421.891247746501,9.284870174990399,5.3829763571018905,16.242812230058366,41.87787814719215,0.5240864958461957,1.295400995756166,6.931634306976155,0.045263183624474575,0.13454992230517998,0.045062861655751706,0.011025386707654707,0.0003502467810462524,8.347041308646292e-06,1.3704052703953709e-11,1.6834108920724782,87.9906826939019,89.67409358597438,veteran,Mason Rudolph,QB,4.0,19.360000000000003,0.0,0.0,0.0,0.0,7.0,-6.0,0.0,43.0,25.0,324.0,2.0,1.0,1.0,0.0,0.0,0.0,1.0,1.0,0.0,0.0,0.0,0.0,0.0,0.0,1.0,0.0,0.0,16,108.8,10.879999999999999,0.625,0.625,25.127994524298426,0.34375,1.0,0.625,0.0625,0.3125,1.0,6.0,10.0,0.0,0.0,0.0,0.0,21.0,42.0,0.0,283.0,1765.0,13.0,9.0,,8
00-0034796,2020,veteran,QB,13.391013804699336,30.570866435161776,409.3748944548709,3011.467560508444,22.621770267615446,8.049185139770975,126.78236872227855,728.9010889145304,4.602795507075234,2.583111821258259,7.356258532948276,0.055259300396862145,0.21037935684351258,0.07984991902705818,0.022330421232680607,0.09999063689720493,0.024889753484618794,1.37029604041353e-11,6.858078429851872,290.1880715026455,297.0461499324974,veteran,Lamar Jackson,QB,15.0,334.78000000000003,0.0,0.0,0.0,0.0,159.0,1005.0,7.0,376.0,242.0,2757.0,26.0,9.0,29.0,4.0,0.0,2.0,0.0,2.0,0.0,0.0,0.0,2.0,0.0,0.0,0.0,0.0,0.0,16,423.18,21.479770114942525,0.9604885057471264,0.9375,23.64955509924709,0.815625,1.0,1.0,0.0,0.0625,0.0,1.0,15.0,0.0,0.0,0.0,0.0,176.0,1206.0,7.0,401.0,3127.0,36.0,6.0,4.9,8
00-0034855,2020,veteran,QB,13.301663835122143,33.758750432196194,449.04754974285817,3252.0359540126105,20.34075515610841,13.792095585193069,33.33506005518303,135.88585164490203,1.3728465420762739,2.4867705166772347,7.2420748223096885,0.045297552937893344,0.2576504923358346,0.10476705925364946,0.03145794588883109,0.001475460694317617,6.201733847285589e-05,1.3703779731716497e-11,6.375294066302713,200.71239099814534,207.08768506444804,veteran,Baker Mayfield,QB,16.0,250.12,1.0,1.0,6.0,0.0,54.0,165.0,1.0,486.0,305.0,3563.0,26.0,8.0,26.0,4.0,0.0,0.0,2.0,2.0,0.0,0.0,0.0,0.0,0.0,0.0,2.0,0.0,0.0,16,232.18,15.50223076923077,0.9596153846153848,1.0,25.385352498288842,0.8125,1.0,1.0,0.0,0.0,0.0,0.0,16.0,0.0,0.0,0.0,0.0,28.0,141.0,3.0,534.0,3827.0,22.0,21.0,13.7,8
00-0034857,2020,veteran,QB,13.299945171868792,32.28878447284082,429.43906315507127,2978.2690267348094,18.597672337948133,10.28332027523092,83.24081594681472,420.54182423229395,4.729510978212082,2.737888868424976,6.93525410765753,0.043306894816023005,0.20814812713549638,0.07873663433798066,0.021941794255985803,0.025808628641996748,0.0034504626466937338,1.3703232289709718e-11,5.334887171544382,237.910280426375,243.2451675979194,veteran,Josh Allen,QB,16.0,413.56,1.0,1.0,12.0,1.0,102.0,421.0,8.0,572.0,396.0,4544.0,37.0,10.0,26.0,6.0,0.0,0.0,18.0,18.0,0.0,0.0,0.0,0.0,0.0,0.0,8.0,4.0,2.0,16,288.56,17.85209677419355,0.9274193548387096,1.0,24.281998631074607,0.775,1.0,1.0,0.0,0.0,0.0,0.0,16.0,0.0,0.0,0.0,0.0,109.0,510.0,9.0,461.0,3089.0,20.0,9.0,8.7,8
00-0034869,2020,veteran,QB,11.613001211736723,33.8259453606715,392.8207444616183,2766.037948177898,17.30826772716315,10.973758408123421,33.914144468037364,87.64965368369617,1.2879562421349922,2.3231374738567476,7.041476264113546,0.04406149107752711,0.24216706687764358,0.0963216631634745,0.02827354793818616,0.0007083910170792438,2.228521863163193e-05,1.3703919041370252e-11,5.155458064040667,169.7734998929878,174.92895795702844,veteran,Sam Darnold,QB,12.0,134.02,0.0,0.0,0.0,0.0,37.0,217.0,2.0,364.0,217.0,2208.0,9.0,11.0,35.0,2.0,0.0,0.0,0.0,0.0,0.0,0.0,0.0,0.0,0.0,0.0,0.0,0.0,0.0,16,191.16,14.132850678733032,0.8125,0.8125,23.241615331964407,0.690625,1.0,0.8125,0.1875,0.0,3.0,3.0,13.0,0.0,0.0,0.0,0.0,33.0,62.0,2.0,441.0,3024.0,19.0,13.0,,8
00-0035040,2020,veteran,QB,3.6726414189739014,30.088515045512274,110.50432659156778,762.7049010761469,4.62294045287183,2.8807247223599775,6.7845893628211895,25.856799781994553,0.23496293434689136,0.6793942351985635,6.902036550072479,0.04183492715139166,0.17156163650393735,0.061264402824309526,0.016068320312950107,0.0006004803105240878,1.7698452245750427e-05,1.370395040757054e-11,1.0879168536060795,45.87517752369692,46.963094377303,veteran,David Blough,QB,1.0,1.76,0.0,0.0,0.0,0.0,1.0,18.0,0.0,10.0,6.0,49.0,0.0,1.0,1.0,0.0,0.0,0.0,0.0,0.0,0.0,0.0,0.0,0.0,0.0,0.0,0.0,0.0,0.0,16,54.86,10.972,0.3125,0.3125,25.089664613278575,0.171875,1.0,0.3125,0.0,0.6875,0.0,11.0,5.0,1.0,1.0,19.0,1.0,8.0,31.0,0.0,174.0,984.0,4.0,6.0,,8
00-0035228,2020,veteran,QB,12.675824859574496,34.08197984880235,432.0172074309658,3046.741214970565,18.342842352111123,9.83241277085648,72.52257775827302,389.033500291489,2.7527765897469805,2.338136849598877,7.052360791571987,0.042458592011157835,0.24748358594995945,0.09918985664063944,0.02934473538225347,0.023916000838062695,0.003095743628097107,1.3703247102404796e-11,6.12898261393969,226.31992833398718,232.44891094792686,veteran,Kyler Murray,QB,16.0,389.24,0.0,0.0,0.0,0.0,133.0,819.0,11.0,558.0,375.0,3971.0,26.0,12.0,27.0,4.0,0.0,1.0,9.5,10.5,0.0,0.0,0.0,1.0,0.0,0.0,3.0,3.0,1.0,16,290.28,18.1425,1.0,1.0,23.069130732375086,0.55,1.0,1.0,0.0,0.0,0.0,0.0,16.0,0.0,0.0,0.0,0.0,93.0,544.0,4.0,542.0,3722.0,20.0,12.0,6.3,8
00-0035232,2020,veteran,QB,7.229193272149862,24.881423029647905,179.87261596744528,1275.4089513747504,7.795546222899843,4.745519359613666,19.560306017977574,88.11650238150239,0.6344298484822039,1.4580097292632128,7.090623241981334,0.04333926084841475,0.11005362875522724,0.03514716203302592,0.00815268923873429,0.002284913538383767,0.00011420042907361312,1.3703696626352262e-11,1.3123585731561733,82.4097140978791,83.72207267103528,veteran,Dwayne Haskins,QB,7.0,69.16,0.0,0.0,0.0,0.0,20.0,46.0,1.0,241.0,148.0,1439.0,5.0,7.0,20.0,3.0,0.0,0.0,1.0,1.0,0.0,0.0,0.0,0.0,0.0,0.0,1.0,0.0,0.0,16,76.7,8.522222222222222,0.5625,0.5625,23.33196440793977,0.309375,1.0,0.5625,0.0625,0.375,1.0,7.0,9.0,0.0,0.0,0.0,0.0,20.0,101.0,0.0,203.0,1365.0,7.0,7.0,,8
00-0035251,2020,veteran,QB,1.2894366120572833,22.178524595109387,28.59780161434698,200.435884768593,1.2239862272510444,0.8006461365278092,3.6597107742067485,12.910035597601695,0.12746984962475452,0.26770137568741476,7.008786460985801,0.042800011125225565,0.07654929814832695,0.02264770483875278,0.0048024835605908,0.0014042780017723847,5.788242934150521e-05,1.370378912363766e-11,0.15681731471034557,12.832507932826147,12.989325247536492,veteran,,,0.0,0.0,0.0,0.0,0.0,0.0,0.0,0.0,0.0,0.0,0.0,0.0,0.0,0.0,0.0,0.0,0.0,0.0,0.0,0.0,0.0,0.0,0.0,0.0,0.0,0.0,0.0,0.0,0.0,16,1.3200000000000012,0.6600000000000006,0.125,0.125,25.415468856947296,0.06875,1.0,0.125,0.0,0.875,0.0,14.0,2.0,0.0,0.0,0.0,0.0,7.0,22.0,0.0,52.0,228.0,0.0,4.0,,8
00-0035289,2020,veteran,QB,10.78579845713873,32.50631387032179,350.60654998978407,2488.2077914425586,15.746457836703138,6.496806561274848,49.56710792316181,235.08075571208263,1.299571643220409,2.714573349219251,7.096866249404238,0.044912046957371325,0.22409143413372506,0.08681429659648872,0.024799414747416166,0.009954013735443175,0.0008966651740073989,1.3703416046285367e-11,4.478379143672028,175.3968886140574,179.8752677577294,veteran,Gardner Minshew,QB,9.0,164.66,1.0,1.0,0.0,0.0,29.0,153.0,1.0,327.0,216.0,2259.0,16.0,5.0,27.0,4.0,0.0,0.0,4.5,4.5,0.0,0.0,0.0,0.0,0.0,0.0,3.0,1.0,0.0,16,232.74,16.624285714285715,0.875,0.875,24.295687885010267,0.48125000000000007,1.0,0.875,0.0,0.125,0.0,2.0,14.0,0.0,0.0,0.0,0.0,67.0,344.0,0.0,470.0,3271.0,21.0,6.0,17.3,8
00-0035577,2020,veteran,QB,6.1595933715947435,22.25086659386465,137.0562903838076,972.365968686367,5.921144153405307,4.020253767473128,16.15287158585596,54.338890863883954,0.5211844936321358,1.1761192846482116,7.094646775885934,0.04320227941982045,0.08006657691043599,0.023900437236515894,0.00512283634336166,0.0010310973425276403,3.761708440619284e-05,1.3703847782348087e-11,0.7838108956038349,60.74746530501444,61.53127620061827,veteran,,,0.0,0.0,0.0,0.0,0.0,0.0,0.0,0.0,0.0,0.0,0.0,0.0,0.0,0.0,0.0,0.0,0.0,0.0,0.0,0.0,0.0,0.0,0.0,0.0,0.0,0.0,0.0,0.0,0.0,16,51.32,6.415,0.5,0.5,24.38877481177276,0.275,1.0,0.5,0.0,0.5,0.0,8.0,8.0,0.0,0.0,0.0,0.0,21.0,68.0,0.0,160.0,1063.0,5.0,8.0,,8
00-0035652,2020,veteran,QB,1.989741281862294,25.985341595495946,51.70410689585169,362.4283858863249,2.2394035406489188,1.2116615161397946,6.802816616720731,38.2511793994369,0.2329426120536044,0.46424647645797285,7.009663402877639,0.0433119083781832,0.1203333567217338,0.03922962812696297,0.009314258252158815,0.007222231546975857,0.0005714136191340451,1.3703477414422913e-11,0.40965921180850856,25.32570722511845,25.73536643692696,veteran,Ryan Finley,QB,4.0,19.16,0.0,0.0,0.0,0.0,11.0,66.0,1.0,32.0,17.0,164.0,1.0,2.0,9.0,0.0,0.0,0.0,0.0,0.0,0.0,0.0,0.0,0.0,0.0,0.0,0.0,0.0,0.0,16,24.66,8.22,0.1875,0.1875,25.683778234086244,0.10312500000000001,1.0,0.1875,0.0,0.8125,0.0,13.0,3.0,0.0,0.0,0.0,0.0,10.0,77.0,0.0,87.0,474.0,2.0,2.0,,8
00-0035704,2020,veteran,QB,4.022456755750365,30.05023350718418,120.875764782849,855.6281823836194,5.452221574896883,2.727243085050069,13.34281304156908,51.37036878193299,0.4373556424348196,0.8002854121813685,7.0785751297684785,0.045105994445550725,0.18261460577302044,0.0663885944696085,0.017746004469162302,0.0025670975246447187,0.00013437041107377677,1.3703674486715528e-11,1.289029088955681,56.740127333271644,58.029156422227324,veteran,Drew Lock,QB,13.0,183.32,0.0,0.0,0.0,0.0,44.0,160.0,3.0,443.0,254.0,2933.0,16.0,15.0,19.0,3.0,0.0,0.0,2.0,2.0,0.0,0.0,0.0,0.0,0.0,0.0,2.0,0.0,0.0,16,69.0,13.8,0.3125,0.3125,23.808350444900753,0.171875,1.0,0.3125,0.0,0.6875,0.0,11.0,5.0,0.0,0.0,0.0,0.0,18.0,72.0,0.0,156.0,1020.0,7.0,3.0,10.5,8
00-0035710,2020,veteran,QB,10.315913021503084,34.02987767984342,351.0492582776539,2445.785401993397,16.529842397802007,8.646911105839553,40.274632119999495,221.60551430488636,1.5138696470797801,3.15113241709384,6.967071840553391,0.04708696004344817,0.23949817800359707,0.09489422368444751,0.02774440828550869,0.00959174492079936,0.0008511229568548689,1.3703423146970784e-11,4.623558787364469,171.59846793804445,176.2220267254089,veteran,Daniel Jones,QB,14.0,180.02,0.0,0.0,0.0,0.0,65.0,423.0,1.0,448.0,280.0,2943.0,11.0,10.0,45.0,6.0,0.0,0.0,0.0,0.0,0.0,0.0,0.0,0.0,0.0,0.0,0.0,0.0,0.0,16,221.48000000000002,17.036923076923078,0.8125,0.8125,23.266255989048595,0.446875,1.0,0.8125,0.125,0.0625,2.0,3.0,13.0,0.0,0.0,0.0,0.0,45.0,279.0,2.0,459.0,3027.0,24.0,12.0,9.1,8
00-0036212,2020,rookie,QB,11.666853850269504,30.188828158039325,352.2086460307455,2388.001416751966,12.867981123805174,9.965009243380578,46.48476383848889,231.77466948492457,2.2296881258291577,2.7702118731233525,6.780076081787922,0.03653510857505152,0.16514090780905882,0.0583483908110135,0.015130822840398685,0.007853842832482902,0.0006427522293917374,1.3703461392704123e-11,3.403724236814065,158.07713463575888,161.48085887257295,rookie,Tua Tagovailoa,QB,10.0,138.96,0.0,0.0,0.0,0.0,36.0,109.0,3.0,290.0,186.0,1814.0,11.0,5.0,20.0,1.0,0.0,0.0,3.5,3.5,0.0,0.0,0.0,0.0,0.0,0.0,2.0,1.0,0.0,16,0.0,,,0.0,22.50239561943874,0.0,0.0,0.0,0.0,1.0,0.0,16.0,0.0,0.0,0.0,0.0,0.0,0.0,0.0,0.0,0.0,0.0,0.0,0.0,,8
00-0036226,2020,rookie,QB,3.7023976030317445,22.639613279011982,83.82084993777961,568.3117398182742,3.0624038533298785,2.371536172752205,13.529177404933902,67.45695497833468,0.648940506976186,0.8791081066559393,6.780076081787922,0.03653510857505152,0.0737835950470091,0.021672782135684684,0.0045558030527279355,0.006298895972310395,0.00047167954512271603,1.3703503534487827e-11,0.4532134142719951,39.12013498692478,39.573348401196775,rookie,,,0.0,0.0,0.0,0.0,0.0,0.0,0.0,0.0,0.0,0.0,0.0,0.0,0.0,0.0,0.0,0.0,0.0,0.0,0.0,0.0,0.0,0.0,0.0,0.0,0.0,0.0,0.0,0.0,0.0,16,0.0,,,0.0,22.78986995208761,0.0,0.0,0.0,0.0,1.0,0.0,16.0,0.0,0.0,0.0,0.0,0.0,0.0,0.0,0.0,0.0,0.0,0.0,0.0,,8
00-0036264,2020,rookie,QB,7.198442314945635,24.840962363244564,178.81623461955158,1212.387675379399,6.533070546807203,5.059232505878896,29.752384991288018,148.34643931296736,1.4271028623629347,1.709219179804443,6.780076081787922,0.03653510857505152,0.09648888997855705,0.02993597976445162,0.006716098852131229,0.008625325011394142,0.0007331310370886817,1.370344347397189e-11,1.184504251053669,84.48814693651244,85.6726511875661,rookie,,,0.0,0.0,0.0,0.0,0.0,0.0,0.0,0.0,0.0,0.0,0.0,0.0,0.0,0.0,0.0,0.0,0.0,0.0,0.0,0.0,0.0,0.0,0.0,0.0,0.0,0.0,0.0,0.0,0.0,16,0.0,,,0.0,21.831622176591377,0.0,0.0,0.0,0.0,1.0,0.0,16.0,0.0,0.0,0.0,0.0,0.0,0.0,0.0,0.0,0.0,0.0,0.0,0.0,,8
00-0036301,2020,rookie,QB,3.954483652020555,23.849739283602002,94.31340410195654,639.4520553436745,3.4457504589476913,2.6684011146297735,13.338326408295776,66.50536518817542,0.6397861483031976,0.938964154817666,6.780076081787922,0.03653510857505152,0.08584094587639186,0.025987919329682297,0.005664792053727599,0.005138424344140055,0.00035461502465892575,1.3703542376357713e-11,0.5608357696392718,42.635606919279596,43.196442688918864,rookie,,,0.0,0.0,0.0,0.0,0.0,0.0,0.0,0.0,0.0,0.0,0.0,0.0,0.0,0.0,0.0,0.0,0.0,0.0,0.0,0.0,0.0,0.0,0.0,0.0,0.0,0.0,0.0,0.0,0.0,16,0.0,,,0.0,23.50718685831622,0.0,0.0,0.0,0.0,1.0,0.0,16.0,0.0,0.0,0.0,0.0,0.0,0.0,0.0,0.0,0.0,0.0,0.0,0.0,,8
00-0036355,2020,rookie,QB,11.195556944881046,29.690076889808935,332.39694651775267,2253.676586744354,12.144158531041686,9.404478515362,44.5631312028475,222.19334149227913,2.137515097161477,2.658305758601892,6.780076081787922,0.03653510857505152,0.15800415674384266,0.05515925759009792,0.01412014989545806,0.007834152955459611,0.0006404915642306038,1.3703461872553065e-11,3.1098820283889514,149.6425537782099,152.75243580659884,rookie,Justin Herbert,QB,15.0,342.34,0.0,0.0,0.0,0.0,55.0,234.0,5.0,595.0,396.0,4336.0,31.0,10.0,32.0,1.0,0.0,0.0,9.5,9.5,0.0,0.0,0.0,0.0,0.0,0.0,8.0,1.0,0.0,16,0.0,,,0.0,22.480492813141684,0.0,0.0,0.0,0.0,1.0,0.0,16.0,0.0,0.0,0.0,0.0,0.0,0.0,0.0,0.0,0.0,0.0,0.0,0.0,,8
00-0036389,2020,rookie,QB,5.498975964070514,23.466542496538796,129.0419531483061,874.914260088028,4.714561769010075,3.6509729968255886,21.95032107741599,109.44507388448095,1.0528690741444222,1.305692922975647,6.780076081787922,0.03653510857505152,0.08191015661370844,0.024562762221704285,0.005293705917098949,0.007890979444724323,0.0006470223517295185,1.370346049091179e-11,0.7599762112232898,61.20320747327357,61.96318368449686,rookie,Jalen Hurts,QB,14.0,111.64,1.0,1.0,3.0,0.0,63.0,354.0,3.0,148.0,77.0,1061.0,6.0,4.0,13.0,2.0,0.0,1.0,2.0,3.0,0.0,0.0,0.0,1.0,0.0,0.0,2.0,0.0,0.0,16,0.0,,,0.0,22.069815195071868,0.0,0.0,0.0,0.0,1.0,0.0,16.0,0.0,0.0,0.0,0.0,0.0,0.0,0.0,0.0,0.0,0.0,0.0,0.0,,8
00-0036442,2020,rookie,QB,16.0,36.41800008486558,582.6880013578493,3950.668981151163,21.28856939498879,16.485942026054225,57.87701999737998,288.5768598776469,2.77612907091258,3.7990867579908674,6.780076081787922,0.03653510857505152,0.263692448385345,0.10813945466149148,0.0327550265979021,0.006138397427254106,0.00045492113493398456,1.3703508460420777e-11,7.971719403687176,248.12543967115164,256.0971590748388,rookie,Joe Burrow,QB,10.0,182.22,0.0,0.0,0.0,0.0,37.0,142.0,3.0,404.0,264.0,2688.0,13.0,5.0,32.0,4.0,0.0,0.0,8.5,8.5,0.0,0.0,0.0,0.0,0.0,0.0,5.0,1.0,1.0,16,0.0,,,0.0,23.72621492128679,0.0,0.0,0.0,0.0,1.0,0.0,16.0,0.0,0.0,0.0,0.0,0.0,0.0,0.0,0.0,0.0,0.0,0.0,0.0,11.3,8
00-0019596,2021,veteran,QB,14.767341377814638,40.7099152319099,601.1772156915096,4349.888447277464,30.162099009992748,11.827228601570088,25.635992832662378,33.80350406957785,1.383641918978658,2.2536583266652084,7.235617607819627,0.050171726776602005,0.3863235759508438,0.18834176649175402,0.06668240065048828,3.71621543113237e-05,1.3962600581623343e-06,1.3704963256133293e-11,11.846956134383941,278.1643619954287,290.01131812981265,veteran,Tom Brady,QB,17.0,400.24,0.0,0.0,0.0,0.0,28.0,81.0,2.0,719.0,485.0,5316.0,43.0,12.0,22.0,3.0,0.0,0.0,25.5,25.5,0.0,0.0,0.0,0.0,0.0,0.0,9.0,7.0,3.0,17,350.92,19.794062500000003,1.0,1.0,44.07939767282683,1.0,1.0,1.0,0.0,0.0,0.0,0.0,16.0,0.0,0.0,0.0,0.0,30.0,6.0,3.0,610.0,4633.0,40.0,12.0,,9
00-0020531,2021,veteran,QB,10.77460774225872,36.207060301739105,390.1168722515465,2906.6619902984917,20.853296748459883,6.944333730189573,14.613192139877013,16.2220798263665,0.7546218584613975,1.8295324880378363,7.450746678867769,0.0534539729802143,0.32250210600497986,0.14371717980193954,0.04607441767202007,1.69866982630403e-05,5.728913348838136e-07,1.370512885021632e-11,6.790637884603441,188.28187330272942,195.07251118733285,veteran,,,0.0,0.0,0.0,0.0,0.0,0.0,0.0,0.0,0.0,0.0,0.0,0.0,0.0,0.0,0.0,0.0,0.0,0.0,0.0,0.0,0.0,0.0,0.0,0.0,0.0,0.0,0.0,0.0,0.0,17,212.48,19.29744855967078,0.7677469135802469,0.75,42.62833675564682,0.759375,1.0,0.9375,0.0,0.25,0.0,4.0,12.0,0.0,0.0,0.0,0.0,18.0,-2.0,2.0,390.0,2942.0,24.0,6.0,,9
00-0022787,2021,veteran,QB,0.7888706065847549,15.525951153631134,12.247966504370268,88.98940332122348,0.5574264067040294,0.2792568546194708,0.6111736074195294,1.4040833558834775,0.023568833101962467,0.15176813836275105,7.265647182287007,0.04551175140013086,0.029095609259404007,0.006761969200106813,0.001002796540530452,2.2904323161368392e-05,8.049836885296668e-07,1.3705065626741993e-11,0.03255532358361605,5.209053107900735,5.241608431484352,veteran,,,0.0,0.0,0.0,0.0,0.0,0.0,0.0,0.0,0.0,0.0,0.0,0.0,0.0,0.0,0.0,0.0,0.0,0.0,0.0,0.0,0.0,0.0,0.0,0.0,0.0,0.0,0.0,0.0,0.0,17,-0.4,4.719148936170213,0.23005319148936174,0.0625,40.186173853524984,0.14687499999999998,1.0,0.3125,0.0,0.9375,0.0,15.0,1.0,0.0,0.0,0.0,0.0,3.0,-4.0,0.0,0.0,0.0,0.0,0.0,,9
00-0022803,2021,veteran,QB,2.78760209598583,31.39901918174708,87.52797168293743,632.5225622241356,3.842748994931416,2.0608793591144967,3.3028502174308327,9.889799425205823,0.13161851013368742,0.5646560065620705,7.226519135110252,0.043903096587813606,0.21549438631971848,0.08151255535821571,0.02187043951663894,9.440498448701527e-05,4.033959242407319e-06,1.3704766046854922e-11,1.0637616555189333,37.19951874066066,38.26328039617959,veteran,,,0.0,0.0,0.0,0.0,0.0,0.0,0.0,0.0,0.0,0.0,0.0,0.0,0.0,0.0,0.0,0.0,0.0,0.0,0.0,0.0,0.0,0.0,0.0,0.0,0.0,0.0,0.0,0.0,0.0,17,0.0,14.884166666666667,0.75,0.0,40.65982203969884,0.22499999999999998,0.0,1.0,0.0,1.0,0.0,16.0,0.0,0.0,0.0,0.0,0.0,0.0,0.0,0.0,0.0,0.0,0.0,0.0,,9
00-0022924,2021,veteran,QB,11.76423534321548,36.93162160324917,434.47228814720427,2968.1187477979465,20.788247463100717,8.821492048764709,18.920870305865257,35.8138887159335,0.6987010163124768,1.9287077420995962,6.831549051046297,0.04784711943712602,0.27786555107010397,0.1159502538650973,0.0346102741945592,6.735791345895e-05,2.7472114545363713e-06,1.3704837454502726e-11,6.130142563190611,188.15093515206033,194.28107771525094,veteran,Ben Roethlisberger,QB,16.0,220.1,0.0,0.0,0.0,0.0,20.0,5.0,1.0,605.0,390.0,3740.0,22.0,10.0,38.0,5.0,0.0,0.0,2.0,2.0,0.0,0.0,0.0,0.0,0.0,0.0,2.0,0.0,0.0,17,272.22,18.459733333333336,0.9075,0.9375,39.501711156741955,0.703125,1.0,1.0,0.0625,0.0,1.0,1.0,15.0,0.0,0.0,0.0,0.0,25.0,11.0,0.0,608.0,3803.0,33.0,10.0,,9
00-0022942,2021,veteran,QB,14.139361112327235,35.12781086881972,496.68480295977554,3739.2728488807056,22.430814940605366,12.094078373243931,16.792933822575286,22.50468304942027,0.5647097020500085,2.298720552581881,7.528462370094972,0.045161065542852825,0.3088504079222165,0.1349360995200241,0.04233595169387395,1.8719897617075254e-05,6.3986322213707e-07,1.3705108299313967e-11,8.426297681338758,216.14730238324015,224.5736000645789,veteran,,,0.0,0.0,0.0,0.0,0.0,0.0,0.0,0.0,0.0,0.0,0.0,0.0,0.0,0.0,0.0,0.0,0.0,0.0,0.0,0.0,0.0,0.0,0.0,0.0,0.0,0.0,0.0,0.0,0.0,17,245.95999999999998,15.8331875,1.0,1.0,39.73169062286105,1.0,1.0,1.0,0.0,0.0,0.0,0.0,16.0,0.0,0.0,0.0,0.0,18.0,-8.0,0.0,543.0,4169.0,24.0,11.0,,9
00-0023436,2021,veteran,QB,5.672822279231985,28.043205735547147,159.08412227769804,1100.6348911551588,6.366346831444778,3.9402433206414216,9.600016145010175,27.039849599314966,0.35124744534219826,0.9629088135140258,6.918571604738059,0.04001874442461109,0.1431593680309461,0.04750847843433354,0.011020273675278356,0.00018692180920437104,8.777220585665449e-06,1.3704621543115325e-11,1.3425455546534262,64.49594833565925,65.83849389031268,veteran,,,0.0,0.0,0.0,0.0,0.0,0.0,0.0,0.0,0.0,0.0,0.0,0.0,0.0,0.0,0.0,0.0,0.0,0.0,0.0,0.0,0.0,0.0,0.0,0.0,0.0,0.0,0.0,0.0,0.0,17,75.08,10.532881355932204,0.5317796610169492,0.5,37.319644079397676,0.36875,1.0,0.625,0.0625,0.4375,1.0,8.0,8.0,0.0,0.0,0.0,0.0,10.0,3.0,0.0,252.0,1582.0,6.0,8.0,,9
00-0023459,2021,veteran,QB,13.999352216410715,36.39339044587418,509.4838912011493,3798.1546128139785,28.730073560471354,7.02543361699503,34.66099599528824,142.72408984412303,1.5237692404810133,2.632467961114023,7.454906187238861,0.056390543561127895,0.32646732649528015,0.14631658386316929,0.047201060959797314,0.0012594648714873982,7.702935802951102e-05,1.370421780881846e-11,8.983654968785025,270.9457000255248,279.9293549943098,veteran,Aaron Rodgers,QB,16.0,338.3,1.0,1.0,-4.0,0.0,33.0,101.0,3.0,531.0,366.0,4115.0,37.0,4.0,30.0,0.0,0.0,0.0,5.5,5.5,0.0,0.0,0.0,0.0,0.0,0.0,4.0,1.0,0.0,17,389.26,21.873062500000003,1.0,1.0,37.74948665297741,1.0,1.0,1.0,0.0,0.0,0.0,0.0,16.0,1.0,1.0,-6.0,0.0,38.0,149.0,3.0,526.0,4299.0,48.0,5.0,6.6,9
00-0023682,2021,veteran,QB,8.404067962996624,32.333053844791536,271.72918196285735,2008.751984563252,12.490284092836832,7.249346024607087,25.70161637821421,113.74906180087324,1.2247441507654215,1.3783452055832646,7.392477944594955,0.04596592829158897,0.24473959655289748,0.09704893481427612,0.02741075839858423,0.002665842430393444,0.0001810798550438385,1.3704058917327848e-11,3.7656273538450815,131.77920437817656,135.54483173202163,veteran,Ryan Fitzpatrick,QB,1.0,0.72,0.0,0.0,0.0,0.0,1.0,2.0,0.0,6.0,3.0,13.0,0.0,0.0,1.0,0.0,0.0,0.0,0.0,0.0,0.0,0.0,0.0,0.0,0.0,0.0,0.0,0.0,0.0,17,157.74,17.790704225352115,0.7139084507042255,0.5625,38.770704996577685,0.6656249999999999,1.0,0.9375,0.0,0.4375,0.0,7.0,9.0,1.0,1.0,0.0,0.0,30.0,151.0,2.0,267.0,2091.0,13.0,8.0,,9
00-0025708,2021,veteran,QB,0.6554282417173262,17.42408816475543,11.420239469353325,82.26992952584273,0.5201758791262733,0.24643091767314598,0.49357744222357924,1.5156535567201064,0.019289534573200734,0.12233544780978028,7.203870789804139,0.04554859646526557,0.040320401428678654,0.00997105836734544,0.0016088294693777272,3.792766851604206e-05,1.4290363741671855e-06,1.3704958943126147e-11,0.03836530806431548,4.901270529684163,4.939635837748479,veteran,,,0.0,0.0,0.0,0.0,0.0,0.0,0.0,0.0,0.0,0.0,0.0,0.0,0.0,0.0,0.0,0.0,0.0,0.0,0.0,0.0,0.0,0.0,0.0,0.0,0.0,0.0,0.0,0.0,0.0,17,0.0,7.043333333333332,0.375,0.0,37.06228610540725,0.11249999999999999,0.0,0.375,0.0,1.0,0.0,16.0,0.0,0.0,0.0,0.0,0.0,0.0,0.0,0.0,0.0,0.0,0.0,0.0,,9
00-0026143,2021,veteran,QB,13.791837498780026,37.32467878028979,514.7759044319198,3757.2036811514513,22.983580103480524,10.31072546490602,26.455910058526502,95.19528345366132,1.1752081786795447,2.964098188355245,7.298717070484695,0.04464773876478158,0.329335125021931,0.1482104319507409,0.0480276393358155,0.00046266479164010677,2.462521969638582e-05,1.3704429789774757e-11,8.939947049458326,232.243597770901,241.18354482035932,veteran,Matt Ryan,QB,17.0,226.92,0.0,0.0,0.0,0.0,40.0,82.0,1.0,560.0,375.0,3968.0,20.0,12.0,40.0,4.0,0.0,0.0,4.0,4.0,0.0,0.0,0.0,0.0,0.0,0.0,4.0,0.0,0.0,17,293.94,19.284267515923567,0.9820859872611465,1.0,36.29295003422313,0.9812500000000001,1.0,1.0,0.0,0.0,0.0,0.0,16.0,0.0,0.0,0.0,0.0,29.0,92.0,2.0,626.0,4581.0,26.0,11.0,14.1,9
00-0026158,2021,veteran,QB,4.307430396271023,28.800252182652777,124.05508167182946,867.9166505890803,5.186457955428542,2.7042078506969798,5.219289303054763,15.800252093086327,0.18685381395277767,0.8224291777383334,6.996220057192285,0.04180770255867953,0.15851639516223204,0.054212002032941804,0.013010984423320155,0.00010177316008648988,4.394150087820409e-06,1.3704750149440941e-11,1.1456245686738702,51.11037188143205,52.25599645010592,veteran,Joe Flacco,QB,2.0,23.82,0.0,0.0,0.0,0.0,2.0,3.0,0.0,42.0,27.0,338.0,3.0,0.0,2.0,1.0,0.0,0.0,0.0,0.0,0.0,0.0,0.0,0.0,0.0,0.0,0.0,0.0,0.0,17,54.760000000000005,11.87646153846154,0.43365384615384617,0.3125,36.62422997946612,0.40625,1.0,0.5625,0.125,0.5625,2.0,11.0,5.0,0.0,0.0,0.0,0.0,6.0,22.0,0.0,134.0,864.0,6.0,3.0,,9
00-0026197,2021,veteran,QB,1.0090052492497823,16.20205741136386,16.347960976712475,117.18491890292829,0.75080040677863,0.3586920023496233,1.314277357360943,2.950881712591192,0.0576409019350738,0.18833047029826827,7.168167276020365,0.04592624167920015,0.03181308252606049,0.0075178817610627524,0.0011407165252042793,6.177736121649624e-05,2.4897165226151688e-06,1.3704855748301884e-11,0.045846020342482495,7.23748702080543,7.2833330411479125,veteran,Chad Henne,QB,4.0,3.28,0.0,0.0,0.0,0.0,8.0,0.0,0.0,16.0,11.0,82.0,0.0,0.0,0.0,0.0,0.0,0.0,0.0,0.0,0.0,0.0,0.0,0.0,0.0,0.0,0.0,0.0,0.0,17,23.72,7.3694444444444445,0.17708333333333334,0.1875,36.167008898015055,0.1125,1.0,0.1875,0.0,0.8125,0.0,13.0,3.0,0.0,0.0,0.0,0.0,7.0,-2.0,1.0,38.0,248.0,2.0,0.0,,9
00-0026498,2021,veteran,QB,12.88351166601624,32.893710934638804,423.786508564985,3158.640760829892,20.104285539172558,8.768659153357968,25.08065432353383,89.25498310455566,0.7752548934246415,2.3501681709413265,7.4533773421093565,0.04743965447897144,0.2599595371087737,0.10555810796962967,0.030590459242945393,0.00046698083463424017,2.48869071150169e-05,1.3704427824907816e-11,6.183852778808778,198.1021456122907,204.2859983910995,veteran,Matthew Stafford,QB,17.0,338.24,0.0,0.0,0.0,0.0,32.0,43.0,0.0,601.0,404.0,4886.0,41.0,17.0,30.0,2.0,0.0,0.0,8.5,8.5,0.0,0.0,0.0,0.0,0.0,0.0,7.0,1.0,0.0,17,267.06,17.079264705882352,0.9117647058823529,1.0,33.56605065023956,0.8500000000000001,1.0,1.0,0.0,0.0,0.0,0.0,16.0,1.0,0.0,0.0,0.0,29.0,112.0,0.0,528.0,4084.0,26.0,10.0,7.9,9
00-0026544,2021,veteran,QB,2.269898112517562,17.12450963808662,38.87089210528162,276.3431075061437,1.7288982472814707,0.9805609597917455,2.1796979547268274,6.8641843549290344,0.08211376669738536,0.40051611378230806,7.109255603336034,0.04447796676749168,0.03673955072939278,0.008923082266727028,0.0014052514315609083,6.638988170934919e-05,2.7023264821751762e-06,1.3704840516553426e-11,0.12031622273031264,16.386264177900742,16.506580400631055,veteran,Chase Daniel,QB,1.0,-0.2,0.0,0.0,0.0,0.0,2.0,-2.0,0.0,0.0,0.0,0.0,0.0,0.0,0.0,0.0,0.0,0.0,0.0,0.0,0.0,0.0,0.0,0.0,0.0,0.0,0.0,0.0,0.0,17,12.16,5.14,0.23479729729729729,0.25,34.902121834360024,0.23125,1.0,0.25,0.0,0.75,0.0,12.0,4.0,0.0,0.0,0.0,0.0,2.0,16.0,0.0,43.0,264.0,1.0,2.0,,9
00-0026625,2021,veteran,QB,0.5988445120419491,15.361929857140467,9.199407389321932,65.00961305062997,0.41395053233361034,0.23933322624396938,0.7079115561143231,1.797946719591241,0.026740212371159176,0.12431194664459398,7.066717485094623,0.04499752155927967,0.02585648812774488,0.0058799923621038015,0.0008461625209221847,6.536756896984651e-05,2.6550226737980338e-06,1.3704843799159744e-11,0.021820787260212735,3.869132251768592,3.8909530390288047,veteran,Brian Hoyer,QB,5.0,12.280000000000001,0.0,0.0,0.0,0.0,11.0,-8.0,0.0,11.0,9.0,227.0,1.0,0.0,0.0,0.0,0.0,0.0,0.0,0.0,0.0,0.0,0.0,0.0,0.0,0.0,0.0,0.0,0.0,17,2.0,2.9384000000000006,0.22749999999999998,0.0625,35.83572895277207,0.15625,1.0,0.3125,0.0,0.9375,0.0,15.0,1.0,0.0,0.0,0.0,0.0,1.0,8.0,0.0,24.0,130.0,0.0,1.0,,9
00-0027688,2021,veteran,QB,1.965132521975741,18.352147367354235,36.06440163967928,252.8204126965394,1.5450592640323224,0.848648372419521,3.307432436580688,10.942484992228307,0.12173261590804635,0.3856502807032292,7.010248366865396,0.04284167194756382,0.04345007687715433,0.01090440475325901,0.0017942945011282184,0.00027183241418626147,1.3442192704282225e-05,1.3704542314957374e-11,0.1251539230366868,15.649100452416473,15.77425437545316,veteran,Colt McCoy,QB,7.0,42.300000000000004,0.0,0.0,0.0,0.0,22.0,37.0,0.0,99.0,74.0,740.0,3.0,1.0,6.0,1.0,0.0,0.0,1.0,1.0,0.0,0.0,0.0,0.0,0.0,0.0,1.0,0.0,0.0,17,18.2,5.210508474576271,0.22139830508474578,0.25,34.98973305954826,0.184375,1.0,0.25,0.0,0.75,0.0,12.0,4.0,0.0,0.0,0.0,0.0,9.0,12.0,0.0,66.0,375.0,1.0,1.0,,9
00-0027939,2021,veteran,QB,11.540110929923685,28.920385247684408,333.74445389440655,2389.653722975718,12.909773460902613,8.16792564732359,76.28507156776132,316.2449793766995,4.396377168932825,1.9906298252506676,7.1601301387671334,0.03868161196466545,0.17043190761932064,0.05960337443278294,0.01466724403961531,0.018042369053199718,0.0016215140900092545,1.3703651199067437e-11,3.573350314898992,184.91089276875758,188.48424308365657,veteran,Cam Newton,QB,7.0,86.36,0.0,0.0,0.0,0.0,47.0,230.0,5.0,126.0,69.0,684.0,4.0,5.0,10.0,1.0,0.0,0.0,0.0,0.0,0.0,0.0,0.0,0.0,0.0,0.0,0.0,0.0,0.0,17,264.98,17.726757990867583,0.8809931506849316,0.9375,32.309377138945926,0.684375,1.0,0.9375,0.0,0.0625,0.0,1.0,15.0,2.0,2.0,35.0,1.0,137.0,592.0,12.0,368.0,2657.0,8.0,10.0,,9
00-0027973,2021,veteran,QB,9.532247827633075,31.546870877537128,300.7125913910244,2075.065866500645,12.908532663655507,7.409491261094851,19.426251616480982,69.76280156182479,0.7855605862901607,1.7552534259749892,6.900495442847562,0.04292647874817522,0.19406332071199858,0.07079063648388015,0.018253233934203063,0.0005362815422824515,2.9133014657466115e-05,1.3704398543485952e-11,3.215567726074935,127.99691961443155,131.21248734050647,veteran,Andy Dalton,QB,8.0,86.2,0.0,0.0,0.0,0.0,16.0,76.0,0.0,236.0,149.0,1515.0,8.0,9.0,18.0,1.0,0.0,0.0,2.0,2.0,0.0,0.0,0.0,0.0,0.0,0.0,2.0,0.0,0.0,17,138.9,14.374913793103445,0.7295258620689654,0.6875,33.842573579739906,0.7250000000000001,1.0,0.8125,0.0625,0.25,1.0,5.0,11.0,1.0,1.0,-3.0,0.0,28.0,114.0,0.0,333.0,2170.0,14.0,8.0,,9
00-0028118,2021,veteran,QB,1.2160815621022099,14.727632999774947,17.91000294443437,127.6872932885428,0.7865474055062827,0.3972274057992112,2.691731395205757,8.699776673125593,0.10145727758654044,0.21966390688542786,7.129384271163524,0.04391665417066313,0.023330848807870192,0.005207540658234608,0.000730129169818993,0.0005063156935186791,2.7287002138578626e-05,1.3704410711369855e-11,0.04031269561685114,8.498620061029365,8.538932756646217,veteran,Tyrod Taylor,QB,6.0,81.74,0.0,0.0,0.0,0.0,19.0,151.0,3.0,150.0,91.0,966.0,5.0,5.0,13.0,0.0,0.0,0.0,0.0,0.0,0.0,0.0,0.0,0.0,0.0,0.0,0.0,0.0,0.0,17,9.02,4.475862068965517,0.20258620689655174,0.125,32.07939767282683,0.18125,1.0,0.25,0.1875,0.6875,3.0,14.0,2.0,0.0,0.0,0.0,0.0,6.0,7.0,0.0,30.0,208.0,0.0,0.0,,9
00-0028986,2021,veteran,QB,3.495672999785934,25.074945552376235,87.65381013854399,616.6567504581584,3.77217167560354,2.0162281680083294,4.059971460550427,13.059965295640762,0.17521814616678458,0.69158730087056,7.03513913979874,0.04303488541617661,0.10994654914928366,0.033955159030150305,0.00724650435883646,0.00010609046772895512,4.6068978520777205e-06,1.3704741360998402e-11,0.6134392154705611,36.6966311895475,37.31007040501807,veteran,Case Keenum,QB,5.0,28.68,0.0,0.0,0.0,0.0,12.0,22.0,0.0,72.0,47.0,462.0,3.0,1.0,5.0,1.0,0.0,0.0,0.0,0.0,0.0,0.0,0.0,0.0,0.0,0.0,0.0,0.0,0.0,17,1.84,11.095126050420168,0.724264705882353,0.0625,33.53867214236824,0.37187499999999996,1.0,1.0,0.0,0.9375,0.0,15.0,1.0,0.0,0.0,0.0,0.0,0.0,0.0,0.0,10.0,46.0,0.0,0.0,,9
00-0029263,2021,veteran,QB,14.052823320186473,34.664243850360506,487.13049435697667,3639.017130322894,27.488072502497246,9.918274089522678,60.945149803589146,320.8303108791542,2.0143563252039267,2.7514401014997953,7.470312724163326,0.056428560356875476,0.29476255035805843,0.12614354232900377,0.038697146304303445,0.01096517328127867,0.0009132129456201082,1.3703758043774215e-11,8.062205205056811,274.3427158799988,282.4049210850556,veteran,Russell Wilson,QB,14.0,243.82,0.0,0.0,0.0,0.0,43.0,183.0,2.0,400.0,259.0,3113.0,25.0,6.0,33.0,1.0,0.0,0.0,1.0,1.0,0.0,0.0,0.0,0.0,0.0,0.0,1.0,0.0,0.0,17,369.28000000000003,21.817000000000004,1.0,1.0,32.75564681724846,1.0,1.0,1.0,0.0,0.0,0.0,0.0,16.0,0.0,0.0,0.0,0.0,83.0,513.0,2.0,558.0,4212.0,40.0,13.0,6.5,9
00-0029567,2021,veteran,QB,6.339001589170032,29.248226287451352,185.40455291655883,1259.4131532791503,7.6157620103645565,4.351360956025236,8.104759905662034,15.632106166229422,0.32906773885120927,1.1722623204886147,6.7927843921176425,0.041076456271233124,0.15264720688881211,0.051617496989711804,0.01223129689702093,4.3209610676669835e-05,1.6576000603033196e-06,1.3704931363932363e-11,1.6137940684149656,73.32994466932672,74.94373873774168,veteran,Nick Foles,QB,1.0,16.8,0.0,0.0,0.0,0.0,4.0,8.0,0.0,35.0,24.0,250.0,1.0,0.0,4.0,0.0,0.0,0.0,0.0,0.0,0.0,0.0,0.0,0.0,0.0,0.0,0.0,0.0,0.0,17,105.18,11.790434782608697,0.4809782608695652,0.5625,32.61327857631759,0.43125,1.0,0.5625,0.0625,0.375,1.0,7.0,9.0,0.0,0.0,0.0,0.0,16.0,1.0,1.0,312.0,1852.0,10.0,8.0,,9
00-0029604,2021,veteran,QB,13.871445795857728,33.21742446082689,460.7737028863588,3510.551220011972,24.38443194355529,9.978162257778795,28.234841628830427,102.11776785107261,1.0411846917890732,3.22827157817978,7.618818517683036,0.05292062413893713,0.2798313981730672,0.11711668630156777,0.0350707459015804,0.0005443138469215028,2.963031149611244e-05,1.3704395397342338e-11,7.299663565352387,228.00579383862456,235.30545740397693,veteran,Kirk Cousins,QB,16.0,309.34000000000003,0.0,0.0,0.0,0.0,29.0,115.0,1.0,561.0,372.0,4221.0,33.0,7.0,28.0,2.0,0.0,0.0,9.0,9.0,0.0,0.0,0.0,0.0,0.0,0.0,6.0,2.0,0.0,17,314.7,18.600573248407642,0.9820859872611465,1.0,33.034907597535934,0.9812500000000001,1.0,1.0,0.0,0.0,0.0,0.0,16.0,0.0,0.0,0.0,0.0,32.0,156.0,1.0,516.0,4265.0,35.0,13.0,14.9,9
00-0029665,2021,veteran,QB,2.8666088553586206,11.204317622572002,32.11839611511555,227.12393372891793,1.423438838366067,0.8620486137831573,7.004353605474783,30.344767043763042,0.2437740705133967,0.5412236309103456,7.071459387787702,0.044318490663865014,0.009728089404004743,0.0018656826196058608,0.00021040279900126228,0.0013898888780461784,8.61813163540104e-05,1.3704196940052327e-11,0.041470025794116204,16.469289340690665,16.51075936648478,veteran,,,0.0,0.0,0.0,0.0,0.0,0.0,0.0,0.0,0.0,0.0,0.0,0.0,0.0,0.0,0.0,0.0,0.0,0.0,0.0,0.0,0.0,0.0,0.0,0.0,0.0,0.0,0.0,0.0,0.0,17,2.58,1.4755813953488373,0.2936046511627908,0.25,31.550992470910334,0.26875,1.0,0.375,0.0,0.75,0.0,12.0,4.0,0.0,0.0,0.0,0.0,12.0,69.0,0.0,14.0,42.0,0.0,2.0,,9
00-0029701,2021,veteran,QB,13.023030971315539,31.114641471366646,405.20693954298673,3111.0993167711335,22.40133570713109,8.267738224894098,35.86711564976822,179.64364139253826,2.312359049256314,2.3506340560989996,7.677803643442019,0.055283692160841245,0.24442201735844593,0.09687450778572237,0.02734664227352873,0.0028045981037936748,0.00019187113891687053,1.3704048156175819e-11,5.828059897548043,224.65108937217522,230.47914926972325,veteran,Ryan Tannehill,QB,17.0,270.36,0.0,0.0,0.0,0.0,55.0,270.0,7.0,531.0,357.0,3734.0,21.0,14.0,47.0,4.0,0.0,0.0,2.0,2.0,0.0,0.0,0.0,0.0,0.0,0.0,2.0,0.0,0.0,17,349.86,20.099359430604988,0.8992437722419928,1.0,33.097878165639976,0.878125,1.0,1.0,0.0,0.0,0.0,0.0,16.0,1.0,1.0,0.0,0.0,43.0,266.0,7.0,481.0,3819.0,33.0,7.0,8.1,9
00-0030520,2021,veteran,QB,2.9439000005225484,25.153002949448492,74.04792539602508,514.1037857821282,3.313594310006032,1.7791724653091017,2.729019106183374,8.972438795914089,0.10386706278008642,0.6372885790982243,6.9428519844760626,0.04474932001516827,0.10685109025160536,0.03275834448874933,0.006930766126033177,6.752598851484383e-05,2.755013746967176e-06,1.3704836927339152e-11,0.50023278055373,30.50605283876653,31.00628561932026,veteran,Mike Glennon,QB,6.0,30.9,0.0,0.0,0.0,0.0,7.0,33.0,1.0,167.0,90.0,790.0,4.0,10.0,9.0,3.0,0.0,0.0,0.0,0.0,0.0,0.0,0.0,0.0,0.0,0.0,0.0,0.0,0.0,17,60.58,9.927397260273972,0.2662671232876712,0.3125,31.720739219712527,0.228125,1.0,0.3125,0.0,0.6875,0.0,11.0,5.0,0.0,0.0,0.0,0.0,6.0,17.0,0.0,179.0,1072.0,7.0,5.0,,9
00-0030533,2021,veteran,QB,2.198804124323792,14.142358910014305,31.096277099006784,226.30058499891408,1.3833836775010604,0.7887573592430803,2.185876829087583,3.8619984295302943,0.08279068788052849,0.4156360485885199,7.277417302347815,0.04448711571152181,0.021933317416728722,0.00484152759265167,0.0006683118026770392,2.2352629281110665e-05,7.829563119654817e-07,1.370507078406405e-11,0.06718613001532615,13.059715264533803,13.12690139454913,veteran,,,0.0,0.0,0.0,0.0,0.0,0.0,0.0,0.0,0.0,0.0,0.0,0.0,0.0,0.0,0.0,0.0,0.0,0.0,0.0,0.0,0.0,0.0,0.0,0.0,0.0,0.0,0.0,0.0,0.0,17,9.279999999999998,3.204745762711864,0.21504237288135591,0.25,30.981519507186857,0.184375,1.0,0.25,0.0,0.75,0.0,12.0,4.0,0.0,0.0,0.0,0.0,6.0,-6.0,0.0,21.0,197.0,1.0,1.0,,9
00-0031237,2021,veteran,QB,11.945421903639978,29.302004231031322,350.02480316191287,2556.138610368443,14.288191619621822,7.655315024574728,37.854517962620314,151.72360535708097,1.8308754477581088,2.173565404785101,7.302735655524493,0.0408205118338784,0.1856807322835266,0.06674656983637078,0.016934248655429272,0.0022501486703639067,0.00014924522975427864,1.3704094860437191e-11,3.848135253493974,165.8981632567621,169.74629851025608,veteran,Teddy Bridgewater,QB,14.0,204.68,0.0,0.0,0.0,0.0,30.0,106.0,2.0,426.0,285.0,3052.0,18.0,7.0,31.0,1.0,0.0,0.0,2.0,2.0,0.0,0.0,0.0,0.0,0.0,0.0,2.0,0.0,0.0,17,245.72,14.170303030303032,0.8141233766233767,0.9375,28.80766598220397,0.7218749999999999,1.0,0.9375,0.0,0.0625,0.0,1.0,15.0,0.0,0.0,0.0,0.0,53.0,279.0,5.0,492.0,3733.0,15.0,11.0,,9
00-0031280,2021,veteran,QB,14.27605783018258,32.83976696120878,468.8224122679358,3525.7352414915713,21.382573803004224,9.13902081445409,29.802156592809453,98.43209656825232,1.430874998949364,3.82258898754268,7.520406766467865,0.04560911177340197,0.26445391485535197,0.10812743445815444,0.03157041938084704,0.00046142249072837104,2.4549960009230702e-05,1.3704430358725434e-11,6.9993249180585035,219.06494491820763,226.06426983626613,veteran,Derek Carr,QB,17.0,270.96,0.0,0.0,0.0,0.0,40.0,108.0,0.0,626.0,428.0,4804.0,23.0,14.0,40.0,5.0,0.0,0.0,14.0,14.0,0.0,0.0,0.0,0.0,0.0,0.0,6.0,4.0,1.0,17,281.12,16.389875000000004,1.0,1.0,30.431211498973305,1.0,1.0,1.0,0.0,0.0,0.0,0.0,16.0,0.0,0.0,0.0,0.0,39.0,140.0,3.0,517.0,4103.0,27.0,9.0,,9
00-0031288,2021,veteran,QB,0.7562317021546673,11.631750554222812,8.79629852065841,63.18506909116005,0.3908302485112251,0.20583789609055442,0.6739275385152599,2.9751037500830866,0.028405660192721303,0.1403053181373099,7.1831428802430635,0.044431217016265054,0.01148025877766556,0.0022641873683542884,0.0002659833307703606,0.00011936336810360367,5.268299521249091e-06,1.3704716424877172e-11,0.011748643558343458,3.86638166540021,3.8781303089585535,veteran,,,0.0,0.0,0.0,0.0,0.0,0.0,0.0,0.0,0.0,0.0,0.0,0.0,0.0,0.0,0.0,0.0,0.0,0.0,0.0,0.0,0.0,0.0,0.0,0.0,0.0,0.0,0.0,0.0,0.0,17,0.8,2.764,0.125,0.125,30.967830253251197,0.125,1.0,0.125,0.0,0.875,0.0,14.0,2.0,0.0,0.0,0.0,0.0,0.0,0.0,0.0,1.0,20.0,0.0,0.0,,9
00-0031345,2021,veteran,QB,6.755412508452716,27.14907502618717,183.40320102482605,1383.761455736314,8.851851395084502,4.8043595203306,14.20520828427575,32.523002667425885,0.4971258214767219,1.2993175951214668,7.544914418091338,0.04826443238515934,0.16561298249217388,0.0574029227331073,0.013985450003770383,0.0001914141502236267,9.017698989391357e-06,1.3704616518955123e-11,1.890794073797582,84.78556477448936,86.67635884828694,veteran,Jimmy Garoppolo,QB,15.0,232.5,0.0,0.0,0.0,0.0,38.0,51.0,3.0,441.0,301.0,3810.0,20.0,12.0,29.0,3.0,0.0,0.0,5.0,5.0,0.0,0.0,0.0,0.0,0.0,0.0,5.0,0.0,0.0,17,64.34,13.887251461988308,0.7160087719298246,0.375,29.831622176591377,0.5343749999999999,1.0,1.0,0.1875,0.4375,3.0,10.0,6.0,0.0,0.0,0.0,0.0,10.0,25.0,0.0,140.0,1096.0,7.0,5.0,,9
00-0031395,2021,veteran,QB,0.8712929551185867,13.660656166621923,11.90243348027496,85.0857937537032,0.5313706695181811,0.2789078198995622,0.9039207352826533,4.026419468255417,0.034915875879900256,0.16068847614762594,7.148604854184627,0.044643868029070125,0.01864320179097459,0.003998128155265443,0.0005298148079890435,0.0001736849981603099,8.073348539536573e-06,1.3704637080897734e-11,0.02255413146053162,5.261859038231419,5.284413169691951,veteran,Garrett Gilbert,QB,1.0,7.76,0.0,0.0,0.0,0.0,0.0,0.0,0.0,31.0,20.0,194.0,0.0,0.0,2.0,0.0,0.0,0.0,0.0,0.0,0.0,0.0,0.0,0.0,0.0,0.0,0.0,0.0,0.0,17,14.52,3.698181818181819,0.23295454545454553,0.0625,30.171115674195757,0.13749999999999998,1.0,0.3125,0.0,0.9375,0.0,15.0,1.0,0.0,0.0,0.0,0.0,3.0,28.0,0.0,38.0,243.0,1.0,1.0,,9
00-0031503,2021,veteran,QB,5.911289063747787,30.00082245650359,177.34353369056868,1334.1959670073654,8.371642315235501,5.705338452893453,20.02895718204036,75.51548994658837,0.6736519786393363,1.218834418545476,7.523228725865405,0.04720579398086457,0.2126545936456957,0.08005992771936574,0.021370328475258764,0.0022849236094536146,0.0001518782696020021,1.3704091609371808e-11,2.234454753177667,84.59952306485363,86.8339778180313,veteran,Jameis Winston,QB,7.0,117.4,0.0,0.0,0.0,0.0,32.0,166.0,1.0,161.0,95.0,1170.0,14.0,3.0,11.0,1.0,0.0,0.0,0.0,0.0,0.0,0.0,0.0,0.0,0.0,0.0,0.0,0.0,0.0,17,2.4,16.20925925925926,0.7708333333333334,0.1875,27.652292950034223,0.50625,1.0,1.0,0.0,0.8125,0.0,13.0,3.0,0.0,0.0,0.0,0.0,8.0,-6.0,0.0,11.0,75.0,0.0,0.0,16.0,9
00-0032268,2021,veteran,QB,3.2946992507746966,24.83371540623368,81.81962354287015,596.9234976678227,3.608162369994896,1.8560073704982873,14.576492542398016,83.0846367937567,0.5747192176823901,0.5913769000541097,7.2956030817601984,0.044098985228211984,0.11850988519826483,0.0373254074398693,0.008151570620288298,0.014382033135807406,0.0012479279785724252,1.3703699941652929e-11,0.6821841600447124,45.17159983105771,45.853783991102425,veteran,Marcus Mariota,QB,7.0,14.86,0.0,0.0,0.0,0.0,13.0,87.0,1.0,2.0,1.0,4.0,0.0,0.0,0.0,0.0,0.0,0.0,0.0,0.0,0.0,0.0,0.0,0.0,0.0,0.0,0.0,0.0,0.0,17,25.84,14.02757894736842,0.5875,0.0625,27.838466803559207,0.296875,1.0,0.875,0.0,0.9375,0.0,15.0,1.0,0.0,0.0,0.0,0.0,9.0,88.0,1.0,28.0,226.0,1.0,1.0,,9
00-0032434,2021,veteran,QB,3.336508257919169,25.351319557750656,84.5848870535828,594.2754466907057,3.697461565607562,2.048008582158137,6.654275140106195,20.329942914287958,0.23727037945568297,0.641708222235381,7.025787553682543,0.04371302834825913,0.11297251485385316,0.03513614110193833,0.007561005560229993,0.0003391074708667806,1.7289536907981362e-05,1.3704495529048958e-11,0.6044544461069059,36.63804708943434,37.242501535541244,veteran,Brandon Allen,QB,5.0,13.860000000000003,0.0,0.0,0.0,0.0,7.0,-1.0,0.0,34.0,17.0,149.0,2.0,0.0,4.0,0.0,0.0,0.0,0.0,0.0,0.0,0.0,0.0,0.0,0.0,0.0,0.0,0.0,0.0,17,52.2,10.536986301369865,0.2816780821917808,0.3125,28.98836413415469,0.228125,1.0,0.3125,0.0625,0.625,1.0,11.0,5.0,1.0,0.0,0.0,0.0,13.0,27.0,0.0,142.0,925.0,5.0,4.0,,9
00-0032436,2021,veteran,QB,2.676709431484891,24.664926313863496,66.02084089119829,464.1571786659976,2.95046303275353,1.6059580262691437,8.450051573923906,43.393501919399014,0.33938837743849276,0.4829906549549866,7.030464507880537,0.044689873575161895,0.10473405977133643,0.031946423435832164,0.0067183047349949196,0.004328317059088048,0.0003148847543257025,1.3703956057732859e-11,0.457425413907975,32.56592237177663,33.02334778568461,veteran,,,0.0,0.0,0.0,0.0,0.0,0.0,0.0,0.0,0.0,0.0,0.0,0.0,0.0,0.0,0.0,0.0,0.0,0.0,0.0,0.0,0.0,0.0,0.0,0.0,0.0,0.0,0.0,0.0,0.0,17,30.080000000000002,12.424533333333333,0.2875,0.1875,28.358658453114305,0.234375,1.0,0.5,0.0,0.8125,0.0,13.0,3.0,0.0,0.0,0.0,0.0,6.0,28.0,0.0,64.0,432.0,3.0,2.0,,9
00-0032950,2021,veteran,QB,11.325732742866904,34.701136502961816,393.0157979062886,2665.0026101460253,17.137043617975756,9.21749434218344,40.46371076983475,175.3630895285988,1.858703205887297,2.927020102215658,6.780904544660247,0.0436039561495234,0.23565477611469843,0.09210913069189429,0.025611657937697704,0.003824191935739088,0.00027335231032221685,1.370398235547117e-11,4.861865344703736,179.5477781771295,184.40964352183323,veteran,Carson Wentz,QB,17.0,263.52000000000004,0.0,0.0,0.0,0.0,57.0,215.0,1.0,516.0,322.0,3563.0,27.0,7.0,32.0,5.0,0.0,0.0,5.5,5.5,0.0,0.0,0.0,0.0,0.0,0.0,2.0,1.0,1.0,17,200.9,17.218544061302683,0.834051724137931,0.75,28.670773442847366,0.815625,1.0,1.0,0.0,0.25,0.0,4.0,12.0,0.0,0.0,0.0,0.0,52.0,276.0,5.0,437.0,2620.0,16.0,15.0,22.4,9
00-0033077,2021,veteran,QB,7.415905533842956,36.359392351357485,269.63781894559924,2051.518180827605,12.232044631538054,5.478432374553358,25.910586319920604,118.89670067519157,1.416175503946948,1.6801813286597256,7.608421507227476,0.04536472175665362,0.34020446461206205,0.1554949697523857,0.05125209422989158,0.004200700318014638,0.0003043006629461853,1.3703962414581105e-11,5.047326554595926,137.05840144403106,142.10572799862697,veteran,Dak Prescott,QB,16.0,334.06,0.0,0.0,0.0,0.0,48.0,146.0,1.0,596.0,410.0,4449.0,37.0,10.0,30.0,6.0,0.0,0.0,13.5,13.5,0.0,0.0,0.0,0.0,0.0,0.0,5.0,3.0,2.0,17,148.64,23.43427135678392,0.8099874371859296,0.3125,28.093086926762492,0.621875,1.0,1.0,0.0,0.6875,0.0,11.0,5.0,1.0,1.0,11.0,1.0,18.0,93.0,3.0,222.0,1856.0,9.0,4.0,6.1,9
00-0033106,2021,veteran,QB,14.150626326175566,36.22716662811283,512.6370978105224,3741.336533658829,21.638122475099387,12.111592190260371,38.19118861856285,81.13476907956743,1.8711789437908126,3.232039351083273,7.298216515422139,0.04220943542228216,0.30868443516190736,0.13483093232017856,0.04229180925554489,0.00029198305804308206,1.4582076485807146e-05,1.3704527185529964e-11,8.431343746066922,224.85923873476506,233.29058248083197,veteran,Jared Goff,QB,14.0,195.5,0.0,0.0,0.0,0.0,17.0,87.0,0.0,494.0,332.0,3245.0,19.0,8.0,35.0,6.0,0.0,0.0,1.0,1.0,0.0,0.0,0.0,0.0,0.0,0.0,1.0,0.0,0.0,17,250.48,17.2357928802589,0.966626213592233,0.9375,26.882956878850102,0.9656250000000001,1.0,1.0,0.0625,0.0,1.0,1.0,15.0,0.0,0.0,0.0,0.0,51.0,99.0,4.0,552.0,3952.0,20.0,13.0,,9
00-0033119,2021,veteran,QB,10.023362050010045,18.932580036153006,189.76810424315383,1324.7660407853223,8.353867017887294,3.8498859225433657,22.513064005186937,67.57934370483673,1.2209313728606168,1.805406333823492,6.980973151778299,0.04402144950124659,0.047138269229887626,0.012024352388758562,0.0020216630902384035,0.0004362138067103419,2.3028964719361505e-05,1.3704442247002426e-11,0.698516887876489,89.17904779787573,89.87756468575222,veteran,Jacoby Brissett,QB,10.0,72.32000000000001,0.0,0.0,0.0,0.0,19.0,70.0,1.0,225.0,141.0,1283.0,5.0,4.0,19.0,3.0,0.0,0.0,0.0,0.0,0.0,0.0,0.0,0.0,0.0,0.0,0.0,0.0,0.0,17,20.580000000000002,6.930941704035875,0.7648542600896862,0.6875,28.722792607802873,0.696875,1.0,0.9375,0.0,0.3125,0.0,5.0,11.0,0.0,0.0,0.0,0.0,17.0,19.0,3.0,8.0,17.0,0.0,0.0,,9
00-0033275,2021,veteran,QB,2.782095751086174,16.06680539305824,44.699391017555755,319.6843486448481,1.9593585811576606,1.2926786558571937,3.033271152711488,7.638472010476336,0.11690829820222685,0.5130888802813476,7.15187257292368,0.04383412249147017,0.030790904818050923,0.007231888637371416,0.00108815559956791,5.4014280566329536e-05,2.1368877767669163e-06,1.3704884154147581e-11,0.122056852098419,18.47857018840848,18.600627040506897,veteran,PJ Walker,QB,5.0,13.78,0.0,0.0,0.0,0.0,7.0,13.0,0.0,66.0,36.0,362.0,1.0,3.0,7.0,1.0,0.0,0.0,0.0,0.0,0.0,0.0,0.0,0.0,0.0,0.0,0.0,0.0,0.0,17,8.52,2.13,0.25,0.25,26.51334702258727,0.1375,1.0,0.25,0.0,0.75,0.0,12.0,4.0,1.0,0.0,0.0,0.0,5.0,-2.0,0.0,56.0,368.0,1.0,5.0,,9
00-0033319,2021,veteran,QB,7.997711385925451,29.142509070017873,233.0733766037177,1711.0908786364123,10.124519351623473,6.6606020488898565,11.169928314653482,18.814996473204513,0.40479586249028665,1.749365685633176,7.3414257070883275,0.04343919283770302,0.1855972096186082,0.0667066956353943,0.016921369911281375,3.926328347607337e-05,1.4864401498409569e-06,1.3704951622445632e-11,2.5556005797810317,96.4320519051665,98.98765248494753,veteran,Nick Mullens,QB,1.0,9.879999999999999,0.0,0.0,0.0,0.0,0.0,0.0,0.0,30.0,20.0,147.0,1.0,0.0,0.0,0.0,0.0,0.0,0.0,0.0,0.0,0.0,0.0,0.0,0.0,0.0,0.0,0.0,0.0,17,118.28,12.044428571428572,0.5794642857142857,0.625,26.45037645448323,0.4375,1.0,0.625,0.0625,0.3125,1.0,6.0,10.0,0.0,0.0,0.0,0.0,9.0,8.0,0.0,326.0,2437.0,12.0,12.0,,9
00-0033537,2021,veteran,QB,14.895400651744737,36.803094517745336,548.196838065847,4315.156725540201,27.7721784886931,10.627643322827103,77.65316218189652,371.2215151382722,3.444666941824686,2.9028078847419736,7.871546178130059,0.0506609607357079,0.3738502242454113,0.17914098528689135,0.06221268548617531,0.013926530723853518,0.0012024743306250029,1.3703706846238908e-11,11.658888009871005,314.4242337260176,326.0831217358886,veteran,,,0.0,0.0,0.0,0.0,0.0,0.0,0.0,0.0,0.0,0.0,0.0,0.0,0.0,0.0,0.0,0.0,0.0,0.0,0.0,0.0,0.0,0.0,0.0,0.0,0.0,0.0,0.0,0.0,0.0,17,383.82,22.982484076433117,0.9820859872611465,1.0,25.965776865160848,0.9812500000000001,1.0,1.0,0.0,0.0,0.0,0.0,16.0,0.0,0.0,0.0,0.0,90.0,444.0,3.0,544.0,4823.0,33.0,7.0,14.8,9
00-0033869,2021,veteran,QB,10.316755215222862,31.852456287950513,328.6139945263717,2275.277396807713,14.939385187727854,7.770064311995756,35.66068583133645,176.82916721047144,1.380476023989329,1.9749501202777546,6.923860318508496,0.04546180453836073,0.20061269775547733,0.07400863365786821,0.019320723748436554,0.00503116580334867,0.0003739707887084934,1.3703924083067193e-11,3.671312440638102,157.24438062365607,160.91569306429417,veteran,Mitchell Trubisky,QB,5.0,8.120000000000001,0.0,0.0,0.0,0.0,13.0,24.0,1.0,8.0,6.0,43.0,0.0,1.0,0.0,0.0,0.0,0.0,0.0,0.0,0.0,0.0,0.0,0.0,0.0,0.0,0.0,0.0,0.0,17,153.70000000000002,15.41190082644628,0.784607438016529,0.625,27.033538672142367,0.75625,1.0,0.9375,0.125,0.25,2.0,6.0,10.0,0.0,0.0,0.0,0.0,33.0,195.0,1.0,297.0,2055.0,16.0,8.0,,9
00-0033873,2021,veteran,QB,14.02215838846024,39.25330637258968,550.4160792272081,4271.859634815324,30.051503258142098,8.962825093310034,52.841302025682765,244.89204678270642,2.0023267234992543,2.468388440391429,7.7611461511318405,0.05459779318281332,0.4120001435552089,0.2080517031781516,0.07664736798618679,0.0052932291412581345,0.0003963252034809863,1.37039132879885e-11,12.385213739305025,304.72113637704456,317.1063501163496,veteran,Patrick Mahomes,QB,17.0,375.16,0.0,0.0,0.0,0.0,66.0,381.0,2.0,658.0,436.0,4839.0,37.0,13.0,28.0,4.0,0.0,0.0,13.5,13.5,0.0,0.0,0.0,0.0,0.0,0.0,5.0,3.0,2.0,17,394.9,25.178047138047138,0.9299242424242425,0.9375,25.95756331279945,0.928125,1.0,1.0,0.0,0.0625,0.0,1.0,15.0,2.0,0.0,0.0,0.0,62.0,308.0,2.0,588.0,4740.0,38.0,6.0,4.9,9
00-0033936,2021,veteran,QB,4.359116859008346,21.92375446887197,95.56820771801935,693.1519632350612,4.4862907445615114,2.0293517156907845,6.892737025960563,27.605324560165172,0.2668000442780898,1.0190839563587826,7.252955556938499,0.04694333870735155,0.08162237679218912,0.023437131114284224,0.0045815565702208615,0.00037310933246916976,1.9276211126632825e-05,1.3704475311109176e-11,0.55074481795551,43.93570288523442,44.48644770318993,veteran,C.J. Beathard,QB,2.0,1.52,0.0,0.0,0.0,0.0,1.0,2.0,0.0,2.0,2.0,33.0,0.0,0.0,0.0,0.0,0.0,0.0,0.0,0.0,0.0,0.0,0.0,0.0,0.0,0.0,0.0,0.0,0.0,17,52.28,9.913827160493826,0.3634259259259259,0.375,27.79192334017796,0.25312500000000004,1.0,0.375,0.0,0.625,0.0,10.0,6.0,0.0,0.0,0.0,0.0,6.0,28.0,0.0,104.0,787.0,6.0,0.0,,9
00-0034343,2021,veteran,QB,3.5894847642052086,23.729906129869786,85.17813650918738,585.7844714983468,3.540399091588084,2.2782713441117477,7.242516848079805,33.46658847385783,0.27431232348491075,0.711771110035846,6.877169371217267,0.04156464600756103,0.08800967831647738,0.025723014614297823,0.0051386718055376574,0.0009977473950102428,5.907668812045459e-05,1.3704267133017093e-11,0.49519780277841796,36.60542310628627,37.10062090906469,veteran,Josh Rosen,QB,3.0,-3.24,0.0,0.0,0.0,0.0,0.0,0.0,0.0,11.0,2.0,19.0,0.0,2.0,0.0,0.0,0.0,0.0,0.0,0.0,0.0,0.0,0.0,0.0,0.0,0.0,0.0,0.0,0.0,17,0.0,6.203333333333333,0.6406250000000001,0.0,24.555783709787818,0.225,0.0,0.875,0.0,1.0,0.0,16.0,0.0,0.0,0.0,0.0,0.0,0.0,0.0,0.0,0.0,0.0,0.0,0.0,,9
00-0034412,2021,veteran,QB,0.6518058341256422,20.79490983595514,13.55424355119226,96.4625021388849,0.5894065895872742,0.3312896404098445,0.29953410002019565,1.1917354323078941,0.011906542309734822,0.13095397117720556,7.11677503613987,0.043485022779853236,0.06610343862921216,0.01810064541589104,0.0033348173834396723,2.407290039595519e-05,8.518815866666775e-07,1.370505510107378e-11,0.06514759699897275,5.48225201781959,5.547399614818563,veteran,,,0.0,0.0,0.0,0.0,0.0,0.0,0.0,0.0,0.0,0.0,0.0,0.0,0.0,0.0,0.0,0.0,0.0,0.0,0.0,0.0,0.0,0.0,0.0,0.0,0.0,0.0,0.0,0.0,0.0,17,0.0,2.8800000000000003,0.1875,0.0,26.677618069815196,0.056249999999999994,0.0,0.1875,0.0,1.0,0.0,16.0,0.0,0.0,0.0,0.0,0.0,0.0,0.0,0.0,0.0,0.0,0.0,0.0,,9
00-0034577,2021,veteran,QB,5.584198035471991,29.49029728551087,164.6796601672348,1166.1957865829495,7.145415021141386,4.053156903258776,13.224993609300776,46.51681846824933,0.615962304749309,1.307871582251424,7.081601852946862,0.043389784833689264,0.17427554860563285,0.061378048514608326,0.015222854072332542,0.0007459224092956336,4.241783896114917e-05,1.3704328709302386e-11,1.6618454896940937,72.85489025218392,74.51673574187801,veteran,Kyle Allen,QB,2.0,7.9,0.0,0.0,0.0,0.0,2.0,11.0,0.0,19.0,12.0,120.0,1.0,0.0,2.0,1.0,0.0,0.0,0.0,0.0,0.0,0.0,0.0,0.0,0.0,0.0,0.0,0.0,0.0,17,45.0,12.90234375,0.5869140625000001,0.25,25.4839151266256,0.39999999999999997,1.0,0.8125,0.0625,0.6875,1.0,12.0,4.0,0.0,0.0,0.0,0.0,7.0,26.0,1.0,87.0,610.0,4.0,1.0,,9
00-0034771,2021,veteran,QB,4.620745133971583,22.452276927307977,103.74624935844078,730.4899129861774,4.736362692747525,2.5870615645018464,8.199659338814005,16.577152121077614,0.29237388622567306,0.7808953509100252,7.041121173087929,0.04565333900778915,0.08024979106574143,0.02295261153610925,0.004465171026633234,9.679970616171763e-05,4.150612860075064e-06,1.3704760747889105e-11,0.5716419735418522,44.841091989075245,45.4127339626171,veteran,Mason Rudolph,QB,2.0,18.38,0.0,0.0,0.0,0.0,5.0,53.0,0.0,58.0,35.0,277.0,1.0,1.0,0.0,0.0,0.0,0.0,0.0,0.0,0.0,0.0,0.0,0.0,0.0,0.0,0.0,0.0,0.0,17,19.360000000000003,8.324615384615385,0.4663461538461538,0.25,26.127310061601644,0.325,1.0,0.625,0.0,0.75,0.0,12.0,4.0,0.0,0.0,0.0,0.0,7.0,-6.0,0.0,43.0,324.0,2.0,1.0,,9
00-0034796,2021,veteran,QB,14.50139284471181,32.26036978440898,467.8202955593855,3418.3023365821728,26.37760319506732,10.209680148533836,138.86628117553656,814.5280121585944,5.562242836529703,2.9915814648134944,7.306870542020447,0.056384050554127624,0.23667008217364388,0.09265607517232549,0.025809150033872956,0.12087513863044497,0.015789028477084424,1.3703225533950608e-11,8.292348529443723,330.6662412518992,338.9585897813429,veteran,Lamar Jackson,QB,12.0,247.48,0.0,0.0,0.0,0.0,133.0,767.0,2.0,382.0,246.0,2882.0,16.0,13.0,38.0,3.0,0.0,2.0,5.5,7.5,0.0,0.0,0.0,2.0,0.0,0.0,2.0,1.0,1.0,17,334.78000000000003,22.103234323432346,0.9474009900990099,0.9375,24.648870636550306,0.946875,1.0,1.0,0.0,0.0625,0.0,1.0,15.0,0.0,0.0,0.0,0.0,159.0,1005.0,7.0,376.0,2757.0,26.0,9.0,4.9,9
00-0034855,2021,veteran,QB,14.806215424425043,33.26953231424916,492.59586251464333,3569.1994914978914,23.31681387780098,12.120008474673405,41.71327295996064,143.52735953721373,1.55550446327671,2.967837952215163,7.245695230320353,0.047334571100072616,0.24976368688743686,0.09982528786226079,0.02843706765224681,0.0011040854969146833,6.630004675088447e-05,1.3704245690673054e-11,6.775017535273459,229.54530505072407,236.32032258599753,veteran,Baker Mayfield,QB,14.0,182.9,0.0,0.0,11.0,0.0,37.0,134.0,1.0,418.0,253.0,3010.0,17.0,13.0,43.0,3.0,0.0,0.0,2.0,2.0,0.0,0.0,0.0,0.0,0.0,0.0,2.0,0.0,0.0,17,250.12,15.549999999999999,0.9832802547770702,1.0,26.38466803559206,0.9812500000000001,1.0,1.0,0.0,0.0,0.0,0.0,16.0,1.0,1.0,6.0,0.0,54.0,165.0,1.0,486.0,3563.0,26.0,8.0,14.5,9
00-0034857,2021,veteran,QB,14.915363678152184,36.419805192844116,543.2146395387255,3973.0167847224134,27.127768025437046,11.575469314770563,87.28982818530301,389.35033416922715,5.236831810181966,3.527282862357598,7.313898587298988,0.049939316894096926,0.31376020975316066,0.13806435567168346,0.0436558326103866,0.015803006404440666,0.0013912441032249729,1.3703679709068242e-11,9.337886945850194,307.5822634144029,316.9201503602531,veteran,Josh Allen,QB,17.0,414.08,0.0,0.0,0.0,0.0,122.0,763.0,6.0,646.0,409.0,4407.0,36.0,15.0,26.0,3.0,0.0,1.0,10.5,11.5,0.0,0.0,0.0,1.0,0.0,0.0,6.0,3.0,0.0,17,413.56,22.425649350649348,0.9707792207792207,1.0,25.281314168377822,0.9625000000000001,1.0,1.0,0.0,0.0,0.0,0.0,16.0,1.0,1.0,12.0,1.0,102.0,421.0,8.0,572.0,4544.0,37.0,10.0,5.5,9
00-0034869,2021,veteran,QB,11.893109640598597,32.462359765169516,386.0784038797176,2633.858546929313,15.620394961139265,10.549268077797322,37.82862834802263,155.83313921140044,1.6059245197326792,2.2998892161142668,6.822082044635393,0.04045912644729485,0.20273886834329757,0.07506437031559078,0.019674357998162532,0.0024446141465100176,0.00016404181126195545,1.3704077287416662e-11,4.250297877847357,167.35646817344252,171.60676605128987,veteran,Sam Darnold,QB,12.0,160.28,0.0,0.0,0.0,0.0,48.0,222.0,5.0,406.0,243.0,2527.0,9.0,13.0,35.0,4.0,0.0,0.0,3.0,3.0,0.0,0.0,0.0,0.0,0.0,0.0,3.0,0.0,0.0,17,134.02,12.576224899598396,0.7793674698795181,0.75,24.240930869267626,0.778125,1.0,0.8125,0.25,0.0,4.0,4.0,12.0,0.0,0.0,0.0,0.0,37.0,217.0,2.0,364.0,2208.0,9.0,11.0,,9
00-0034899,2021,veteran,QB,0.5049302819102393,31.154616388647707,15.730909235925246,112.33609666696867,0.6855385655494286,0.3700314732813752,2.98437118062523,17.473013765155287,0.11433101037978617,0.09789765922767617,7.141106402827795,0.04357908085718525,0.20510243565840464,0.07624436570529583,0.02007159953518911,0.034003938014584026,0.0033919215944034726,1.3703513696395965e-11,0.2013177249972437,8.733027302652603,8.934345027649847,veteran,John Wolford,QB,2.0,-1.9000000000000001,0.0,0.0,0.0,0.0,2.0,-1.0,0.0,4.0,1.0,5.0,0.0,1.0,1.0,0.0,0.0,0.0,0.0,0.0,0.0,0.0,0.0,0.0,0.0,0.0,0.0,0.0,0.0,17,12.84,12.84,0.0625,0.0625,25.87816563997262,0.034375,1.0,0.0625,0.0,0.9375,0.0,15.0,1.0,0.0,0.0,0.0,0.0,6.0,56.0,0.0,38.0,231.0,0.0,1.0,,9
00-0034955,2021,veteran,QB,1.4848334067807962,20.655823063265547,30.670456128889924,221.1813381245122,1.4065673859455747,0.8616881072806669,2.586119092746235,6.012685430600813,0.09967416919222138,0.28307814817202503,7.2115438125542335,0.045860660827299005,0.06738996931599092,0.01853102128006099,0.0034323722403893503,0.00012756413186968261,5.682140200735856e-06,1.3704702368711353e-11,0.15173116591658461,13.38330411607081,13.535035281987396,veteran,Brett Rypien,QB,1.0,0.0,0.0,0.0,0.0,0.0,0.0,0.0,0.0,2.0,0.0,0.0,0.0,0.0,0.0,0.0,0.0,0.0,0.0,0.0,0.0,0.0,0.0,0.0,0.0,0.0,0.0,0.0,0.0,17,11.3,5.65,0.125,0.125,25.14715947980835,0.06875,1.0,0.125,0.0,0.875,0.0,14.0,2.0,0.0,0.0,0.0,0.0,5.0,-5.0,0.0,40.0,295.0,2.0,4.0,,9
00-0035040,2021,veteran,QB,1.5827854851496475,25.16333181181394,39.82815634974349,277.990379002198,1.7047141112744608,1.0313516848683353,2.6984582286158525,12.893919532418822,0.10377526056456879,0.29321809889805744,6.979745096937895,0.04280173293247203,0.10859220055006448,0.03343011216203438,0.00710761637252229,0.0007044625251554852,3.9743675350130185e-05,1.3704340813469677e-11,0.2749562390052073,17.201375554282272,17.47633179328748,veteran,David Blough,QB,1.0,0.6,0.0,0.0,0.0,0.0,1.0,6.0,0.0,0.0,0.0,0.0,0.0,0.0,1.0,0.0,0.0,0.0,0.0,0.0,0.0,0.0,0.0,0.0,0.0,0.0,0.0,0.0,0.0,17,1.76,8.500487804878048,0.24542682926829273,0.0625,26.088980150581794,0.128125,1.0,0.3125,0.0,0.9375,0.0,15.0,1.0,0.0,0.0,0.0,0.0,1.0,18.0,0.0,10.0,49.0,0.0,1.0,,9
00-0035228,2021,veteran,QB,14.703988925106449,37.09755413655131,545.4820251723874,3866.831098573541,24.20455100964377,12.200239276766156,103.31252908815271,584.2418376462858,5.699344212267667,2.937397473814671,7.088833215634403,0.04437277470691076,0.3050558462991211,0.1325411709939712,0.0413344254566486,0.04929070557910915,0.0052600264817889,1.3703431803401637e-11,9.465210565475518,313.83642351858964,323.30163408406514,veteran,Kyler Murray,QB,14.0,308.48,0.0,0.0,7.0,0.0,88.0,423.0,5.0,481.0,333.0,3787.0,24.0,10.0,31.0,0.0,0.0,0.0,8.0,8.0,0.0,0.0,0.0,0.0,0.0,0.0,3.0,2.0,1.0,17,389.24,22.144558823529408,1.0,1.0,24.0684462696783,0.8500000000000001,1.0,1.0,0.0,0.0,0.0,0.0,16.0,0.0,0.0,0.0,0.0,133.0,819.0,11.0,558.0,3971.0,26.0,12.0,3.6,9
00-0035232,2021,veteran,QB,6.82626509902881,28.40189184705126,193.87884306191694,1329.6094123572952,7.711775409538066,5.041735708773312,17.877767085373076,60.298296885852324,0.6871233555189896,1.5198267433287913,6.8579396872750715,0.039776260719047316,0.14468732382251417,0.048163106282424546,0.011211220795757149,0.0008675243707683497,5.037781420039238e-05,1.370429674124728e-11,1.6403345465615626,81.06092304993905,82.70125759650061,veteran,,,0.0,0.0,0.0,0.0,0.0,0.0,0.0,0.0,0.0,0.0,0.0,0.0,0.0,0.0,0.0,0.0,0.0,0.0,0.0,0.0,0.0,0.0,0.0,0.0,0.0,0.0,0.0,0.0,0.0,17,69.16,9.32030534351145,0.48902671755725186,0.4375,24.331279945242983,0.40937500000000004,1.0,0.5625,0.0,0.5625,0.0,9.0,7.0,0.0,0.0,0.0,0.0,20.0,46.0,1.0,241.0,1439.0,5.0,7.0,,9
00-0035251,2021,veteran,QB,0.3966564982758276,20.962378452241758,8.314863632398879,58.926953953481984,0.36657695085319414,0.21408152644414316,1.0846347065612734,4.026652666239313,0.04210580310873884,0.08042164485269117,7.08694171770575,0.04408694682914901,0.06685476440612464,0.018351712317395685,0.0033916603698640746,0.0012454317653004534,7.605232423012896e-05,1.3704220181644767e-11,0.040667272498126114,3.8896797042347524,3.9303469767328787,veteran,,,0.0,0.0,0.0,0.0,0.0,0.0,0.0,0.0,0.0,0.0,0.0,0.0,0.0,0.0,0.0,0.0,0.0,0.0,0.0,0.0,0.0,0.0,0.0,0.0,0.0,0.0,0.0,0.0,0.0,17,0.0,0.6600000000000006,0.125,0.0,26.414784394250514,0.0375,0.0,0.125,0.0,1.0,0.0,16.0,0.0,0.0,0.0,0.0,0.0,0.0,0.0,0.0,0.0,0.0,0.0,0.0,,9
00-0035264,2021,veteran,QB,4.13111809911998,13.992271486711958,57.803725986556195,410.6630895146822,2.631320684376886,1.5681660156766788,5.62809594216792,14.203565761804782,0.21293588752952886,0.7299844906128875,7.10443976587587,0.045521644832875824,0.019699339386146954,0.004265961846597727,0.0005731688058963023,8.80067584395541e-05,3.7243102422365985e-06,1.3704780892370707e-11,0.11293738660058922,25.053477206873353,25.16641459347394,veteran,,,0.0,0.0,0.0,0.0,0.0,0.0,0.0,0.0,0.0,0.0,0.0,0.0,0.0,0.0,0.0,0.0,0.0,0.0,0.0,0.0,0.0,0.0,0.0,0.0,0.0,0.0,0.0,0.0,0.0,17,12.94,1.815068493150685,0.2816780821917808,0.3125,25.065023956194388,0.228125,1.0,0.3125,0.0,0.6875,0.0,11.0,5.0,0.0,0.0,0.0,0.0,7.0,7.0,0.0,44.0,256.0,2.0,3.0,,9
00-0035289,2021,veteran,QB,9.016392394787847,33.85729696632593,305.27067487525477,2156.1999426733973,14.04226684058594,5.765057045163304,34.584616319199036,166.8930080257865,1.1303104907913366,2.3447054498227033,7.063239675918766,0.0459993965890243,0.2450364810669903,0.09721211032382646,0.027470777566669113,0.006196390721567466,0.0004745927474066111,1.3703879776277099e-11,4.081761244589275,149.66870382663433,153.7504650712236,veteran,Gardner Minshew,QB,3.0,33.660000000000004,0.0,0.0,0.0,0.0,9.0,21.0,0.0,60.0,41.0,439.0,4.0,1.0,5.0,0.0,0.0,0.0,0.0,0.0,0.0,0.0,0.0,0.0,0.0,0.0,0.0,0.0,0.0,17,164.66,17.528415300546445,0.7059426229508197,0.5625,25.295003422313485,0.571875,1.0,0.875,0.125,0.3125,2.0,7.0,9.0,1.0,1.0,0.0,0.0,29.0,153.0,1.0,327.0,2259.0,16.0,5.0,,9
00-0035577,2021,veteran,QB,2.4995012833161203,20.508554230448503,51.26115761796428,365.73035910162673,2.2674552889579958,1.3680600329249148,6.437608754712766,22.693136846966446,0.23881047548058273,0.4801619715919032,7.13464884713134,0.04423339999179758,0.06391595900953011,0.017374006076619316,0.003171377837081423,0.0009313327055169593,5.4618959155786735e-05,1.3704281716437203e-11,0.2432839208422063,23.70476804844356,23.948051969285768,veteran,,,0.0,0.0,0.0,0.0,0.0,0.0,0.0,0.0,0.0,0.0,0.0,0.0,0.0,0.0,0.0,0.0,0.0,0.0,0.0,0.0,0.0,0.0,0.0,0.0,0.0,0.0,0.0,0.0,0.0,17,0.0,6.415,0.5,0.0,25.388090349075977,0.15,0.0,0.5,0.0,1.0,0.0,16.0,0.0,0.0,0.0,0.0,0.0,0.0,0.0,0.0,0.0,0.0,0.0,0.0,,9
00-0035652,2021,veteran,QB,2.996033837952759,17.782972872697364,53.27838846599728,372.92832233421115,2.3393343067792274,1.3394794846873115,8.363665185491154,45.1543071620235,0.3476173636273043,0.6155851372040757,6.999617163199618,0.043907752733028146,0.03930708116511891,0.00967230515422336,0.0015502766325074155,0.003556373663731392,0.00025160429055999956,1.3703997768645717e-11,0.1823082764112946,26.965475774668757,27.147784051080052,veteran,,,0.0,0.0,0.0,0.0,0.0,0.0,0.0,0.0,0.0,0.0,0.0,0.0,0.0,0.0,0.0,0.0,0.0,0.0,0.0,0.0,0.0,0.0,0.0,0.0,0.0,0.0,0.0,0.0,0.0,17,19.16,5.785806451612903,0.2318548387096774,0.25,26.68309377138946,0.19375,1.0,0.25,0.0,0.75,0.0,12.0,4.0,0.0,0.0,0.0,0.0,11.0,66.0,1.0,32.0,164.0,1.0,2.0,,9
00-0035704,2021,veteran,QB,10.665149337839638,31.975748804440563,341.0261361886059,2364.8575802004525,14.534396051217312,9.222369653490313,35.435257762808575,129.1069187888749,1.5363203120826396,2.1683713844931503,6.9345347152294465,0.04261959571092523,0.20337914883319766,0.07538336210456179,0.01978153924090367,0.0019804432306553803,0.00012902658901122523,1.3704121921570864e-11,3.820163211295203,152.07901908830374,155.89918229959895,veteran,Drew Lock,QB,6.0,51.379999999999995,1.0,1.0,1.0,0.0,10.0,53.0,2.0,111.0,67.0,787.0,2.0,2.0,9.0,1.0,0.0,0.0,0.0,0.0,0.0,0.0,0.0,0.0,0.0,0.0,0.0,0.0,0.0,17,183.32,14.049248554913294,0.7257947976878613,0.8125,24.80766598220397,0.540625,1.0,0.8125,0.125,0.0625,2.0,3.0,13.0,0.0,0.0,0.0,0.0,44.0,160.0,3.0,443.0,2933.0,16.0,15.0,,9
00-0035710,2021,veteran,QB,12.658586931397718,33.09520265276962,418.9384997923086,2882.6955489205707,17.15336358534579,9.836922852241347,56.93609685529742,333.9185798034726,1.9261891140276772,3.8064034594971035,6.880951620225129,0.04094482506107622,0.2174398905199581,0.08251339659755415,0.022216815907981077,0.01626092439624795,0.0014379028539076343,1.3703673569257848e-11,5.114846306087493,201.5836163392424,206.6984626453299,veteran,Daniel Jones,QB,11.0,171.52,1.0,1.0,16.0,0.0,62.0,298.0,2.0,361.0,232.0,2428.0,10.0,7.0,22.0,3.0,0.0,0.0,4.5,4.5,0.0,0.0,0.0,0.0,0.0,0.0,1.0,1.0,1.0,17,180.02,14.263362068965517,0.8539870689655171,0.875,24.265571526351813,0.7250000000000001,1.0,0.875,0.0625,0.0625,1.0,2.0,14.0,0.0,0.0,0.0,0.0,65.0,423.0,1.0,448.0,2943.0,11.0,10.0,,9
00-0036212,2021,veteran,QB,8.370101509037307,29.430649472240304,246.33752355954658,1702.7717348053968,10.750086182930927,5.262969577510333,28.780180189936697,91.42698874025727,1.3607215130034784,1.5280201777051559,6.912352248250924,0.04363966166255761,0.16262089792034837,0.056050364373760625,0.013570324729224313,0.0015094024055104295,9.467484638181793e-05,1.3704179467626026e-11,2.305866781906251,114.83626256555519,117.14212934746143,veteran,Tua Tagovailoa,QB,13.0,181.92,0.0,0.0,0.0,0.0,42.0,128.0,3.0,388.0,263.0,2653.0,16.0,10.0,20.0,1.0,0.0,0.0,1.0,1.0,0.0,0.0,0.0,0.0,0.0,0.0,1.0,0.0,0.0,17,138.96,13.895999999999999,0.625,0.625,23.50171115674196,0.34375,1.0,0.625,0.0,0.375,0.0,6.0,10.0,0.0,0.0,0.0,0.0,36.0,109.0,3.0,290.0,1814.0,11.0,5.0,13.6,9
00-0036312,2021,veteran,QB,2.2315341868907073,29.88617643314703,66.69202442601497,465.71936708009474,2.8261363255731844,1.8749998412285787,2.0377660256512753,9.732547626453353,0.09290291195648966,0.41840101706069543,6.983134356593751,0.04237592650540049,0.17397075340573828,0.061236684781122576,0.015178409916562939,0.00015157686820208398,6.914465703306041e-06,1.3704665883145221e-11,0.6613029922027286,26.877190503302252,27.53849349550498,veteran,,,0.0,0.0,0.0,0.0,0.0,0.0,0.0,0.0,0.0,0.0,0.0,0.0,0.0,0.0,0.0,0.0,0.0,0.0,0.0,0.0,0.0,0.0,0.0,0.0,0.0,0.0,0.0,0.0,0.0,17,29.26,9.753333333333334,0.1875,0.1875,25.39082819986311,0.10312500000000001,1.0,0.1875,0.0,0.8125,0.0,13.0,3.0,0.0,0.0,0.0,0.0,1.0,13.0,1.0,110.0,624.0,2.0,6.0,,9
00-0036355,2021,veteran,QB,12.406542733119343,37.9740685716808,471.1269044849621,3401.9675688357584,22.562974601427182,9.478742433367708,48.20094795042372,196.28662869922076,2.507264582909152,2.1018595712411363,7.220915503763903,0.04789150096637576,0.3339373710868871,0.15127414427248856,0.04937505261151671,0.004052997520959993,0.00029210936564934173,1.3703970016573482e-11,8.239059156196191,237.84164751729836,246.08070667349455,veteran,Justin Herbert,QB,17.0,395.76,0.0,0.0,0.0,0.0,63.0,302.0,3.0,672.0,443.0,5014.0,38.0,15.0,31.0,1.0,0.0,0.0,15.0,15.0,0.0,0.0,0.0,0.0,0.0,0.0,9.0,4.0,0.0,17,342.34,22.822666666666667,0.9375,0.9375,23.479808350444902,0.515625,1.0,0.9375,0.0,0.0625,0.0,1.0,15.0,0.0,0.0,0.0,0.0,55.0,234.0,5.0,595.0,4336.0,31.0,10.0,7.0,9
00-0036384,2021,veteran,QB,1.5795801809223295,20.833678851866548,32.908466210109076,232.77727302927883,1.4256519623510486,0.7173852409569343,4.143530288061878,15.786247810553606,0.15873829885802374,0.3535671785321787,7.0734768233522995,0.043321738340789215,0.06527879949289701,0.017825955079639376,0.0032728434399415425,0.0011955362302066958,7.25910356335696e-05,1.3704228840165626e-11,0.15774926362398659,15.402848505800625,15.560597769424612,veteran,,,0.0,0.0,0.0,0.0,0.0,0.0,0.0,0.0,0.0,0.0,0.0,0.0,0.0,0.0,0.0,0.0,0.0,0.0,0.0,0.0,0.0,0.0,0.0,0.0,0.0,0.0,0.0,0.0,0.0,17,6.960000000000001,3.4800000000000004,0.125,0.125,24.76933607118412,0.06875,1.0,0.125,0.0,0.875,0.0,14.0,2.0,0.0,0.0,0.0,0.0,6.0,22.0,0.0,43.0,219.0,0.0,0.0,,9
00-0036389,2021,veteran,QB,11.719614020611015,19.3188668784857,226.40966313141877,1627.8571195077704,10.149560733598328,5.4455916508305595,55.618337430643535,286.7852100515906,2.313472077636237,2.182440996719035,7.189874747363968,0.044828301907357405,0.05473113420587808,0.014395134549165349,0.0025189233308154893,0.013249240058357776,0.001135343851471319,1.3703717535818307e-11,1.1287621846604132,133.0158158905814,134.1445780752418,veteran,Jalen Hurts,QB,15.0,315.66,1.0,0.0,0.0,0.0,139.0,784.0,10.0,432.0,265.0,3144.0,16.0,9.0,26.0,2.0,0.0,0.0,3.5,3.5,0.0,0.0,0.0,0.0,0.0,0.0,2.0,1.0,0.0,17,111.64,7.974285714285714,0.875,0.875,23.069130732375086,0.48125000000000007,1.0,0.875,0.0,0.125,0.0,2.0,14.0,1.0,1.0,3.0,0.0,63.0,354.0,3.0,148.0,1061.0,6.0,4.0,9.3,9
00-0036442,2021,veteran,QB,8.03909924058928,35.52925812537032,285.62323201436504,1996.1034813202023,11.830009376296257,5.422178640395002,27.85404431541423,104.80315660927063,1.31023421498339,1.8291142079668161,6.98858936383652,0.041418232308572445,0.26778940300928716,0.11005110801691696,0.0323101106890486,0.0024118550624449182,0.0001615370682394736,1.3704080147786736e-11,4.020678688509564,131.0033120120969,135.02399070060648,veteran,Joe Burrow,QB,16.0,330.74,0.0,0.0,0.0,0.0,40.0,118.0,2.0,520.0,366.0,4611.0,34.0,14.0,51.0,2.0,0.0,0.0,16.5,16.5,0.0,0.0,0.0,0.0,0.0,0.0,6.0,3.0,3.0,17,182.22,18.222,0.625,0.625,24.725530458590008,0.34375,1.0,0.625,0.0,0.375,0.0,6.0,10.0,0.0,0.0,0.0,0.0,37.0,142.0,3.0,404.0,2688.0,13.0,5.0,11.1,9
00-0036898,2021,rookie,QB,5.523524450753433,23.57469555922028,130.2154073404216,884.315946683973,4.836175213923875,3.5298520239559323,20.365925481086197,100.28944044032164,1.030484803994024,1.2702972042800502,6.791177516897901,0.037139807897545354,0.0832576028201035,0.02401747112987541,0.004721753167055241,0.005880966636514135,0.0004470506024178123,1.3703890893445607e-11,0.747216082133968,61.328893134578756,62.07610921671272,rookie,Davis Mills,QB,13.0,160.95999999999998,0.0,0.0,0.0,0.0,18.0,44.0,0.0,394.0,263.0,2664.0,16.0,10.0,31.0,1.0,0.0,0.0,4.0,4.0,0.0,0.0,0.0,0.0,0.0,0.0,4.0,0.0,0.0,17,0.0,,,0.0,22.863791923340177,0.0,0.0,0.0,0.0,1.0,0.0,16.0,0.0,0.0,0.0,0.0,0.0,0.0,0.0,0.0,0.0,0.0,0.0,0.0,,9
00-0036928,2021,rookie,QB,5.856924667123444,24.96800216074272,146.2357077440455,993.112650599014,5.4311660933754355,3.9641269761993123,20.16098313792397,99.28022762859078,1.0201150336381553,1.3469724080448167,6.791177516897901,0.037139807897545354,0.098252282279812,0.02949406145243436,0.0060853109640469066,0.004882470581218178,0.00036136269902097755,1.3703930459802674e-11,0.9376263492549974,66.87568459366207,67.81331094291707,rookie,,,0.0,0.0,0.0,0.0,0.0,0.0,0.0,0.0,0.0,0.0,0.0,0.0,0.0,0.0,0.0,0.0,0.0,0.0,0.0,0.0,0.0,0.0,0.0,0.0,0.0,0.0,0.0,0.0,0.0,17,0.0,,,0.0,23.49075975359343,0.0,0.0,0.0,0.0,1.0,0.0,16.0,0.0,0.0,0.0,0.0,0.0,0.0,0.0,0.0,0.0,0.0,0.0,0.0,,9
00-0036929,2021,rookie,QB,3.9390503811871826,22.707763399122012,89.44702407321992,607.4506188394764,3.3220452910865026,2.4247112182068156,13.499804318747884,66.478089711092,0.6830695329943162,0.9059007036816519,6.791177516897901,0.037139807897545354,0.07462899312696725,0.020993571492786967,0.004000909751639409,0.004824877866070669,0.0003564944452033922,1.370393298170982e-11,0.4706408491515843,41.671208243223234,42.14184909237482,rookie,Ian Book,QB,1.0,2.0000000000000004,0.0,0.0,0.0,0.0,3.0,6.0,0.0,20.0,12.0,135.0,0.0,2.0,8.0,0.0,0.0,0.0,0.0,0.0,0.0,0.0,0.0,0.0,0.0,0.0,0.0,0.0,0.0,17,0.0,,,0.0,23.42505133470226,0.0,0.0,0.0,0.0,1.0,0.0,16.0,0.0,0.0,0.0,0.0,0.0,0.0,0.0,0.0,0.0,0.0,0.0,0.0,,9
00-0036945,2021,rookie,QB,10.078724465171984,28.088721814634262,283.0984877485643,1922.5720850658458,10.514223451067275,7.674174587847955,39.65266429472889,195.26456176909207,2.0063644066429744,2.3178996716617295,6.791177516897901,0.037139807897545354,0.13668118268167045,0.04476330437456111,0.010227910902601563,0.007013416804699287,0.0005468975244418635,1.3703853406258637e-11,2.3394304279179434,130.5402713046506,132.87970173256852,rookie,Justin Fields,QB,12.0,127.80000000000001,0.0,0.0,0.0,0.0,72.0,420.0,2.0,270.0,159.0,1870.0,7.0,10.0,36.0,5.0,0.0,1.0,0.0,1.0,0.0,0.0,0.0,1.0,0.0,0.0,0.0,0.0,0.0,17,0.0,,,0.0,22.494182067077343,0.0,0.0,0.0,0.0,1.0,0.0,16.0,0.0,0.0,0.0,0.0,0.0,0.0,0.0,0.0,0.0,0.0,0.0,0.0,12.3,9
00-0036946,2021,rookie,QB,5.333728680150065,22.2758887423387,118.81354666084388,806.8838867860226,4.412712298609783,3.220772769674957,21.076881636067565,103.79045467249594,1.0664581023690334,1.2266480742850252,6.791177516897901,0.037139807897545354,0.0705331012660152,0.019591764594530034,0.0036751454188065358,0.007097667222259757,0.0005544289054777255,1.3703850862749177e-11,0.6144474086424746,57.80915705942387,58.423604468066344,rookie,Kellen Mond,QB,1.0,0.2,0.0,0.0,0.0,0.0,0.0,0.0,0.0,3.0,2.0,5.0,0.0,0.0,0.0,0.0,0.0,0.0,0.0,0.0,0.0,0.0,0.0,0.0,0.0,0.0,0.0,0.0,0.0,17,0.0,,,0.0,22.195756331279945,0.0,0.0,0.0,0.0,1.0,0.0,16.0,0.0,0.0,0.0,0.0,0.0,0.0,0.0,0.0,0.0,0.0,0.0,0.0,,9
00-0036971,2021,rookie,QB,16.09057215727893,33.88235065650612,545.1864080967389,3702.457677184897,20.248118465065648,14.778799109559412,69.20628324268273,340.79764397688865,3.501732503574262,3.7005011942818076,6.791177516897901,0.037139807897545354,0.22309899376292466,0.08545093787198758,0.023241918297012304,0.00893759658283549,0.0007221068922109219,1.3703801719556888e-11,6.56141341957789,247.22233975911047,253.78375317868836,rookie,Trevor Lawrence,QB,17.0,201.04,0.0,0.0,0.0,0.0,73.0,334.0,2.0,602.0,359.0,3641.0,12.0,17.0,32.0,5.0,0.0,0.0,2.0,2.0,0.0,0.0,0.0,0.0,0.0,0.0,2.0,0.0,0.0,17,0.0,,,0.0,21.905544147843944,0.0,0.0,0.0,0.0,1.0,0.0,16.0,0.0,0.0,0.0,0.0,0.0,0.0,0.0,0.0,0.0,0.0,0.0,0.0,14.3,9
00-0036972,2021,rookie,QB,9.44474805032514,28.18224793049808,266.17423119535147,1807.6364544714547,9.885659813872177,7.215395381389464,35.14698741472524,173.07692224737656,1.7783840204403956,2.1720981142431532,6.791177516897901,0.037139807897545354,0.13793086527895684,0.04528904736381599,0.010378604274954543,0.006030061048541832,0.0004600423216575154,1.3703885566582736e-11,2.203854221911989,121.05110679046167,123.25496101237366,rookie,Mac Jones,QB,17.0,226.94,0.0,0.0,0.0,0.0,44.0,129.0,0.0,521.0,352.0,3801.0,22.0,13.0,28.0,3.0,0.0,0.0,2.0,2.0,0.0,0.0,0.0,0.0,0.0,0.0,2.0,0.0,0.0,17,0.0,,,0.0,22.989733059548254,0.0,0.0,0.0,0.0,1.0,0.0,16.0,0.0,0.0,0.0,0.0,0.0,0.0,0.0,0.0,0.0,0.0,0.0,0.0,22.6,9
00-0037012,2021,rookie,QB,13.041340025902194,29.497468270525033,384.6865136191781,2612.4744023444,14.287183216592739,10.428001543145276,58.33199426639366,287.2485745947383,2.9515100472114306,2.9992404166345907,6.791177516897901,0.037139807897545354,0.1560651605865367,0.05312352300729374,0.012682485115382723,0.009943951558268094,0.0008161913963910204,1.3703778938149032e-11,3.5509437154200194,181.22714278332964,184.77808649874967,rookie,Trey Lance,QB,6.0,64.92,0.0,0.0,0.0,0.0,38.0,168.0,1.0,71.0,41.0,603.0,5.0,2.0,4.0,0.0,0.0,0.0,0.0,0.0,0.0,0.0,0.0,0.0,0.0,0.0,0.0,0.0,0.0,17,0.0,,,0.0,21.31416837782341,0.0,0.0,0.0,0.0,1.0,0.0,16.0,0.0,0.0,0.0,0.0,0.0,0.0,0.0,0.0,0.0,0.0,0.0,0.0,11.6,9
00-0037013,2021,rookie,QB,14.354493909407896,32.21780142656161,462.4702343520916,3140.7174577664277,17.176055662169464,12.536546374112195,60.188828792977915,296.39232285377756,3.045463045564171,3.3012388456954502,6.791177516897901,0.037139807897545354,0.19659699655317026,0.07202945554139753,0.018662314657939515,0.008339688787921289,0.0006669742011857563,1.370381649154105e-11,5.042819253085473,210.56936107848247,215.61218033156794,rookie,Zach Wilson,QB,13.0,151.86,1.0,0.0,0.0,0.0,29.0,185.0,4.0,383.0,213.0,2334.0,9.0,11.0,44.0,1.0,0.0,0.0,0.0,0.0,0.0,0.0,0.0,0.0,0.0,0.0,0.0,0.0,0.0,17,0.0,,,0.0,22.080766598220396,0.0,0.0,0.0,0.0,1.0,0.0,16.0,0.0,0.0,0.0,0.0,0.0,0.0,0.0,0.0,0.0,0.0,0.0,0.0,15.1,9
00-0019596,2022,veteran,QB,13.503383875770092,43.86586112582696,592.3375618232619,4297.326764287564,30.87009450386717,11.388125933181009,26.286243394106872,58.160103051144795,1.3582405668829862,2.2723386917856105,7.254861148869324,0.05211571322413958,0.4410752410843119,0.2403852409340071,0.0971340915423119,0.00012543421017793043,7.871998230900929e-06,1.3705414918918858e-11,13.450160663683732,282.01797304345035,295.4681337071341,veteran,Tom Brady,QB,17.0,283.15999999999997,1.0,0.0,0.0,0.0,29.0,-1.0,1.0,733.0,490.0,4694.0,25.0,9.0,22.0,4.0,0.0,0.0,11.5,11.5,0.0,0.0,0.0,0.0,0.0,0.0,5.0,3.0,1.0,17,400.24,22.04756617647059,1.0,1.0,45.07871321013005,1.0,1.0,1.0,0.0,0.0,0.0,0.0,17.0,0.0,0.0,0.0,0.0,28.0,81.0,2.0,719.0,5316.0,43.0,12.0,,10
00-0020531,2022,veteran,QB,2.79910797203549,33.8624495696593,94.78465254308308,694.3153754250208,4.809452246710542,1.9058560632487522,4.148252923691119,7.303575984342759,0.1891835911890171,0.509245734584102,7.325187747134792,0.050740833222176665,0.26192955654220074,0.10584720375400405,0.03179074641018084,4.002877977992768e-05,2.4169507392379574e-06,1.3705705460245484e-11,1.3556793939370766,44.04567955374567,45.401358947682745,veteran,,,0.0,0.0,0.0,0.0,0.0,0.0,0.0,0.0,0.0,0.0,0.0,0.0,0.0,0.0,0.0,0.0,0.0,0.0,0.0,0.0,0.0,0.0,0.0,0.0,0.0,0.0,0.0,0.0,0.0,17,0.0,18.791999999999998,0.7303571428571428,0.0,43.62765229295003,0.328125,0.0,0.75,0.0,1.0,0.0,17.0,0.0,0.0,0.0,0.0,0.0,0.0,0.0,0.0,0.0,0.0,0.0,0.0,,10
00-0022924,2022,veteran,QB,12.087500340071067,36.262438800309326,438.32224133054524,2899.0455905193935,19.126130574817402,8.44100125167986,17.261410225680585,22.846884442192884,0.6592586288068452,2.457179198729473,6.61395958762946,0.0436348621433383,0.24161224356285044,0.09392383170530481,0.027212098892949097,2.0723923923567507e-05,1.2238055085724745e-06,1.3705872912209116e-11,5.281569796887466,176.91022523628703,182.1917950331745,veteran,,,0.0,0.0,0.0,0.0,0.0,0.0,0.0,0.0,0.0,0.0,0.0,0.0,0.0,0.0,0.0,0.0,0.0,0.0,0.0,0.0,0.0,0.0,0.0,0.0,0.0,0.0,0.0,0.0,0.0,17,220.1,15.097522482014387,0.9211955803004654,0.9411764705882353,40.50102669404517,0.8176470588235295,1.0,0.9411764705882353,0.0,0.058823529411764705,0.0,1.0,16.0,0.0,0.0,0.0,0.0,20.0,5.0,1.0,605.0,3740.0,22.0,10.0,,10
00-0022942,2022,veteran,QB,4.592759272590183,32.14507829534902,147.63460640910168,1090.281452684642,6.551903769080632,3.5492872808341507,6.4044867516480535,12.407213637671726,0.23766160939838812,0.8090649710531141,7.384999216670287,0.04437918675330791,0.23564085918273525,0.09053820254602832,0.025949393015848508,4.3135549935067305e-05,2.611123823804262e-06,1.3705686446556411e-11,1.9445467254138218,63.76885970009118,65.713406425505,veteran,,,0.0,0.0,0.0,0.0,0.0,0.0,0.0,0.0,0.0,0.0,0.0,0.0,0.0,0.0,0.0,0.0,0.0,0.0,0.0,0.0,0.0,0.0,0.0,0.0,0.0,0.0,0.0,0.0,0.0,17,0.0,15.352500000000001,1.0,0.0,40.73100616016427,0.44999999999999996,0.0,1.0,0.0,1.0,0.0,17.0,0.0,0.0,0.0,0.0,0.0,0.0,0.0,0.0,0.0,0.0,0.0,0.0,,10
00-0023436,2022,veteran,QB,1.1805136044106384,26.04628527242761,30.747994108461242,216.19747351082708,1.3041741807770246,0.7640345162850503,1.413934093025252,3.8132267176640124,0.05510277173274915,0.212304287929622,7.031270812274997,0.04241493530201183,0.11838110826520613,0.03456577514349433,0.007694199264329089,6.406322874714388e-05,3.930119679337307e-06,1.3705585837504251e-11,0.21920736121635967,12.623857357274735,12.843064718491094,veteran,,,0.0,0.0,0.0,0.0,0.0,0.0,0.0,0.0,0.0,0.0,0.0,0.0,0.0,0.0,0.0,0.0,0.0,0.0,0.0,0.0,0.0,0.0,0.0,0.0,0.0,0.0,0.0,0.0,0.0,17,0.0,9.385,0.5,0.0,38.31895961670089,0.15,0.0,0.5,0.0,1.0,0.0,17.0,0.0,0.0,0.0,0.0,0.0,0.0,0.0,0.0,0.0,0.0,0.0,0.0,,10
00-0023459,2022,veteran,QB,12.983963557329638,36.253894731504396,470.719248005118,3523.1557374887966,27.412423802593974,6.662674464425287,28.66812386736475,99.79503035731699,1.437372178358913,1.9468039377375412,7.48462220829026,0.05823518778712853,0.32122782734623095,0.14433666391179875,0.04793279840516382,0.0005397177552382808,3.559539357320982e-05,1.3705043651501715e-11,8.234319725537182,251.96070401148728,260.1950237370245,veteran,Aaron Rodgers,QB,17.0,239.2,0.0,0.0,0.0,0.0,34.0,94.0,1.0,542.0,350.0,3695.0,26.0,12.0,32.0,4.0,0.0,0.0,0.0,0.0,0.0,0.0,0.0,0.0,0.0,0.0,0.0,0.0,0.0,17,338.3,21.65723784194529,0.9685320936885392,0.9411764705882353,38.74880219028063,0.9676470588235294,1.0,1.0,0.0,0.058823529411764705,0.0,1.0,16.0,1.0,1.0,-4.0,0.0,33.0,101.0,3.0,531.0,4115.0,37.0,4.0,9.8,10
00-0023682,2022,veteran,QB,3.1167203446240737,28.568704345908685,89.04066205444379,643.1151367142855,4.007356761704694,2.1912324388873636,9.061943445597572,39.62094275330792,0.407567540151757,0.5366855671676136,7.2227128805607235,0.045005918298927305,0.1644010462687721,0.05418317799182548,0.013489489834330253,0.002084435174175565,0.0001440997997258701,1.3704699589475278e-11,0.8569590199351672,42.705696019521575,43.56265503945674,veteran,,,0.0,0.0,0.0,0.0,0.0,0.0,0.0,0.0,0.0,0.0,0.0,0.0,0.0,0.0,0.0,0.0,0.0,0.0,0.0,0.0,0.0,0.0,0.0,0.0,0.0,0.0,0.0,0.0,0.0,17,0.72,15.594222700376548,0.6691314906812645,0.058823529411764705,39.7700205338809,0.34172794117647054,1.0,0.9375,0.0,0.9411764705882353,0.0,16.0,1.0,0.0,0.0,0.0,0.0,1.0,2.0,0.0,6.0,13.0,0.0,0.0,,10
00-0026143,2022,veteran,QB,13.648807263787914,34.802836139326764,475.0172026988637,3401.8688989731977,19.887759944649233,10.21732227970216,26.79086222551387,75.21141131557549,1.039566000269686,2.846299647794381,7.161569896090282,0.04186745202416815,0.26491677149941767,0.10765348746186848,0.03250206023826647,0.000229793751570757,1.4720502745858824e-05,1.3705260908302664e-11,6.710477006296158,203.25708901570744,209.96756602200358,veteran,Matt Ryan,QB,12.0,162.78,0.0,0.0,0.0,0.0,27.0,70.0,1.0,461.0,309.0,3057.0,14.0,13.0,38.0,5.0,0.0,0.0,7.5,7.5,0.0,0.0,0.0,0.0,0.0,0.0,3.0,3.0,0.0,17,226.92,15.651259974021155,0.9911277602523659,1.0,37.29226557152635,0.9906250000000001,1.0,1.0,0.0,0.0,0.0,0.0,17.0,0.0,0.0,0.0,0.0,40.0,82.0,1.0,560.0,3968.0,20.0,12.0,,10
00-0026158,2022,veteran,QB,1.5648460929910029,24.778856093274143,38.77509614634635,277.00242350096397,1.7448417432088923,0.8384498146304515,1.5343232587677962,4.9537434142017105,0.05860358272477115,0.3152917155957104,7.143822995447685,0.044999030734145656,0.10748514405556117,0.03036488114096601,0.006553401140658102,6.121243210462608e-05,3.7494566097207622e-06,1.370559741654464e-11,0.260086973559714,16.5989766901906,16.859063663750312,veteran,Joe Flacco,QB,5.0,50.34,0.0,0.0,-3.0,0.0,3.0,6.0,0.0,191.0,110.0,1051.0,5.0,3.0,10.0,4.0,0.0,0.0,2.0,2.0,0.0,0.0,0.0,0.0,0.0,0.0,2.0,0.0,0.0,17,23.82,11.147811023622047,0.3187297359888837,0.11764705882352941,37.62354551676933,0.23345588235294118,1.0,0.5,0.0,0.8823529411764706,0.0,15.0,2.0,0.0,0.0,0.0,0.0,2.0,3.0,0.0,42.0,338.0,3.0,0.0,,10
00-0026197,2022,veteran,QB,1.7349829351340227,12.90996015735606,22.398560566272906,159.6188687707484,1.0073637391737809,0.49219363743659605,2.184501023091383,4.019403342049017,0.08899332380626634,0.3053727774756395,7.126300294988501,0.04497448557880276,0.014680840545861948,0.0023880415033956277,0.00029609544666553867,3.116040811454177e-05,1.865626657385896e-06,1.3705769166567159e-11,0.03277218386945008,9.754977154743088,9.787749338612539,veteran,Chad Henne,QB,3.0,-0.5,0.0,0.0,0.0,0.0,5.0,-5.0,0.0,2.0,0.0,0.0,0.0,0.0,0.0,0.0,0.0,0.0,0.0,0.0,0.0,0.0,0.0,0.0,0.0,0.0,0.0,0.0,0.0,17,3.28,2.967049504950494,0.22081391962725683,0.23529411764705882,37.16632443531827,0.18566176470588236,1.0,0.23529411764705882,0.0,0.7647058823529411,0.0,13.0,4.0,0.0,0.0,0.0,0.0,8.0,0.0,0.0,16.0,82.0,0.0,0.0,,10
00-0026300,2022,veteran,QB,1.6244188617615203,21.435857806273297,34.82081173854827,251.63619518666877,1.635359072297545,0.8123310966695532,2.68552784037498,9.476050581839596,0.1022744220012593,0.29395268772275546,7.226603362267276,0.046964989919724524,0.07286536285274775,0.01818560211533123,0.0034877526655786753,0.00026523557107918617,1.7073910655291366e-05,1.370522441645069e-11,0.17447902133306797,15.955568118063828,16.130047139396897,veteran,Josh Johnson,QB,1.0,0.7,0.0,0.0,0.0,0.0,2.0,3.0,0.0,2.0,1.0,10.0,0.0,0.0,0.0,0.0,0.0,0.0,0.0,0.0,0.0,0.0,0.0,0.0,0.0,0.0,0.0,0.0,0.0,17,48.32,12.08,0.23529411764705882,0.23529411764705882,36.2984257357974,0.12941176470588237,1.0,0.23529411764705882,0.0,0.7647058823529411,0.0,13.0,4.0,0.0,0.0,0.0,0.0,9.0,28.0,0.0,85.0,638.0,5.0,2.0,,10
00-0026498,2022,veteran,QB,13.415410997285354,34.40357256420621,461.53806572375663,3528.954663661933,24.669111929366455,11.115575039339816,24.838149787925882,63.751525705960994,0.7368472756377895,2.245332220865719,7.646074995196844,0.053449788352087094,0.29991938870795637,0.1298581701494244,0.041619873832912685,0.00015922642820765965,1.0073815979329705e-05,1.3705354235824857e-11,7.755727182600374,223.9090559679549,231.66478315055528,veteran,Matthew Stafford,QB,9.0,109.38000000000001,0.0,0.0,0.0,0.0,13.0,9.0,1.0,303.0,206.0,2087.0,10.0,8.0,29.0,3.0,0.0,0.0,1.0,1.0,0.0,0.0,0.0,0.0,0.0,0.0,1.0,0.0,0.0,17,338.24,19.038239268680446,0.9594594594594595,1.0,34.56536618754278,0.925,1.0,1.0,0.0,0.0,0.0,0.0,17.0,0.0,0.0,0.0,0.0,32.0,43.0,0.0,601.0,4886.0,41.0,17.0,10.7,10
00-0026544,2022,veteran,QB,0.29210035580439014,13.873247307642771,4.052380474724751,28.968125244891674,0.1826709932979784,0.0986802032417244,0.23414866485401156,0.7637535895201039,0.009168914609514385,0.05285809386648162,7.14842187834282,0.0450774537182089,0.018572422738991144,0.003202211786326825,0.00042225815371612626,4.0207941182857903e-05,2.428134845096469e-06,1.370570432428336e-11,0.0070875542578238936,1.7177212353802649,1.7248087896380888,veteran,Chase Daniel,QB,3.0,8.48,0.0,0.0,0.0,0.0,1.0,4.0,0.0,12.0,8.0,52.0,1.0,0.0,1.0,0.0,0.0,0.0,0.0,0.0,0.0,0.0,0.0,0.0,0.0,0.0,0.0,0.0,0.0,17,-0.2,3.434355495251017,0.1913710192353739,0.058823529411764705,35.90143737166324,0.1354779411764706,1.0,0.25,0.0,0.9411764705882353,0.0,16.0,1.0,0.0,0.0,0.0,0.0,2.0,-2.0,0.0,0.0,0.0,0.0,0.0,,10
00-0027688,2022,veteran,QB,4.144741153367512,17.733958282435154,73.50266670531163,524.1077150615967,3.122811349433934,1.5669818484124143,8.005484492758399,18.86599611973911,0.2725935956587011,0.7844534432432543,7.130458506530924,0.04248568779081135,0.039462458694568145,0.008269340783479932,0.0013339352545192684,0.0001433549564055848,9.037455539028274e-06,1.370538094762614e-11,0.22668108101167964,32.27484460281438,32.50152568382606,veteran,Colt McCoy,QB,4.0,32.8,0.0,0.0,0.0,0.0,14.0,36.0,0.0,132.0,90.0,780.0,1.0,3.0,13.0,0.0,0.0,0.0,0.0,0.0,0.0,0.0,0.0,0.0,0.0,0.0,0.0,0.0,0.0,17,42.300000000000004,5.62949733885275,0.3622008383483494,0.4117647058823529,35.98904859685147,0.3108455882352941,1.0,0.4117647058823529,0.0,0.5882352941176471,0.0,10.0,7.0,0.0,0.0,0.0,0.0,22.0,37.0,0.0,99.0,740.0,3.0,1.0,,10
00-0027939,2022,veteran,QB,6.687429844610361,24.945695718416577,166.82259004190792,1159.908492909157,6.539735173115029,4.324468781144387,41.2370592083201,176.21941050222074,2.611767311315895,1.2020604545081586,6.952946196422041,0.03920173623651429,0.10138882955852979,0.02808990335130402,0.005952247851470029,0.015898056306263623,0.00119287175526049,1.3704179314244855e-11,1.1576980572167765,94.79476685563876,95.95246491285553,veteran,,,0.0,0.0,0.0,0.0,0.0,0.0,0.0,0.0,0.0,0.0,0.0,0.0,0.0,0.0,0.0,0.0,0.0,0.0,0.0,0.0,0.0,0.0,0.0,0.0,0.0,0.0,0.0,0.0,0.0,17,86.36,15.059008379888267,0.6824089097929674,0.4117647058823529,33.308692676249144,0.5264705882352941,1.0,0.9375,0.0,0.5882352941176471,0.0,10.0,7.0,0.0,0.0,0.0,0.0,47.0,230.0,5.0,126.0,684.0,4.0,5.0,,10
00-0027973,2022,veteran,QB,6.911239577480282,28.850464218877327,199.39247013818374,1369.703918635178,8.309081937289802,5.331343588327878,13.285181584042627,51.107742455210854,0.49711880338961834,1.2628440752473564,6.869386379966809,0.041671994592029526,0.14741212924877015,0.04659021245301217,0.011160663860170308,0.0004878880504578539,3.206609334596537e-05,1.3705069343493012e-11,1.6597671018434572,82.92959623327467,84.58936333511812,veteran,Andy Dalton,QB,14.0,176.74,0.0,0.0,0.0,0.0,30.0,54.0,0.0,378.0,252.0,2871.0,18.0,9.0,25.0,1.0,0.0,0.0,2.5,2.5,0.0,0.0,0.0,0.0,0.0,0.0,1.0,1.0,0.0,17,86.2,12.577250234888819,0.6178048027855051,0.47058823529411764,34.841889117043124,0.5869485294117647,1.0,0.8125,0.17647058823529413,0.35294117647058826,3.0,9.0,8.0,0.0,0.0,0.0,0.0,16.0,76.0,0.0,236.0,1515.0,8.0,9.0,,10
00-0028118,2022,veteran,QB,3.5465987208541163,21.180847787714345,75.11996767051343,529.0716621489061,3.2415749109751415,1.854671185097074,9.544855539170603,51.4153936022251,0.4910426127119245,0.598338481971778,7.04302302777189,0.04315197425527574,0.06512945482984757,0.015718174896645957,0.0029177538233925993,0.002992451518644388,0.0002095951203412917,1.3704607390612194e-11,0.3470313831229961,37.31094183221317,37.65797321533616,veteran,Tyrod Taylor,QB,2.0,11.319999999999999,0.0,0.0,0.0,0.0,5.0,70.0,0.0,8.0,6.0,58.0,1.0,1.0,3.0,1.0,0.0,0.0,0.0,0.0,0.0,0.0,0.0,0.0,0.0,0.0,0.0,0.0,0.0,17,81.74,10.664822404371584,0.306834619093539,0.35294117647058826,33.07871321013005,0.2691176470588236,1.0,0.35294117647058826,0.0,0.6470588235294118,0.0,11.0,6.0,0.0,0.0,0.0,0.0,19.0,151.0,3.0,150.0,966.0,5.0,5.0,,10
00-0028986,2022,veteran,QB,3.4437009518455497,18.48568547867169,63.65917267841916,450.56361143355673,2.863548171070579,1.3985456143463617,4.0777621015425005,10.882637382173167,0.15672170492957743,0.6789195114922172,7.077748460691203,0.04498249114131731,0.0438034826237147,0.009443764450235563,0.0015677006934329963,6.097395299872979e-05,3.7343562421477815e-06,1.3705598409490664e-11,0.21065499664882054,27.35040085774221,27.56105585439103,veteran,Case Keenum,QB,2.0,0.32,0.0,0.0,0.0,0.0,5.0,0.0,0.0,7.0,2.0,8.0,0.0,0.0,0.0,0.0,0.0,0.0,0.0,0.0,0.0,0.0,0.0,0.0,0.0,0.0,0.0,0.0,0.0,17,28.68,7.1657774798927605,0.3913864138148557,0.29411764705882354,34.53798767967146,0.27426470588235297,1.0,0.625,0.0,0.7058823529411765,0.0,12.0,5.0,0.0,0.0,0.0,0.0,12.0,22.0,0.0,72.0,462.0,3.0,1.0,,10
00-0029263,2022,veteran,QB,11.987644550617883,32.62304238994123,391.0734363303552,2914.455313560709,21.29468377030131,7.739924452414121,42.25234364087287,202.40033865605417,1.6070391516779254,2.084145536964697,7.452450212186627,0.05445187985694035,0.2496876613620074,0.09858781065652569,0.028978806685566728,0.004567437978891864,0.00032499967802283983,1.3704499440100097e-11,5.521292442194472,211.99107642054895,217.51236886274341,veteran,Russell Wilson,QB,15.0,226.26000000000002,1.0,1.0,1.0,0.0,55.0,277.0,3.0,483.0,292.0,3524.0,16.0,11.0,55.0,2.0,0.0,0.0,1.0,1.0,0.0,0.0,0.0,0.0,0.0,0.0,1.0,0.0,0.0,17,243.82,19.899324104234527,0.9114772945008622,0.8235294117647058,33.75496235455168,0.9029411764705882,1.0,1.0,0.058823529411764705,0.11764705882352941,1.0,3.0,14.0,0.0,0.0,0.0,0.0,43.0,183.0,2.0,400.0,3113.0,25.0,6.0,6.5,10
00-0029567,2022,veteran,QB,2.0418621221534385,26.998484887515644,55.127183647350236,381.25086271558985,2.328467003910544,1.244961612800293,2.955594195563963,6.874403420577694,0.11890567200020158,0.36913784237840075,6.915841468602127,0.04223809108054199,0.1250014218168128,0.037201869827322605,0.008429429154272932,7.038775233135665e-05,4.331879546051492e-06,1.3705561888694421e-11,0.4037577557290483,22.736577987967365,23.140335743696415,veteran,Nick Foles,QB,2.0,1.7999999999999998,0.0,0.0,0.0,0.0,2.0,8.0,0.0,42.0,25.0,225.0,0.0,4.0,8.0,0.0,0.0,0.0,0.0,0.0,0.0,0.0,0.0,0.0,0.0,0.0,0.0,0.0,0.0,17,16.8,12.026117103235748,0.4450908637723194,0.058823529411764705,33.61259411362081,0.23860294117647057,1.0,0.5625,0.058823529411764705,0.8823529411764706,1.0,16.0,1.0,0.0,0.0,0.0,0.0,4.0,8.0,0.0,35.0,250.0,1.0,0.0,,10
00-0029604,2022,veteran,QB,13.195911626629574,33.61820525098023,443.62286553782945,3333.423500140007,23.50987875392943,8.490633446341102,24.299533600980418,93.37826612469507,0.9268863680326123,2.544623077783134,7.514093071146607,0.0529951915923609,0.27337896112361904,0.11284528453925949,0.03457223006310716,0.0004350748433963178,2.8483201253241216e-05,1.3705098496810538e-11,6.759858402512522,220.20508679373472,226.96494519624724,veteran,Kirk Cousins,QB,17.0,303.08,0.0,0.0,0.0,0.0,31.0,97.0,2.0,643.0,424.0,4547.0,29.0,14.0,46.0,3.0,0.0,0.0,11.5,11.5,0.0,0.0,0.0,0.0,0.0,0.0,3.0,3.0,2.0,17,309.34000000000003,19.03177824669097,0.9590524537073606,0.9411764705882353,34.03422313483915,0.9582720588235294,1.0,1.0,0.0,0.058823529411764705,0.0,1.0,16.0,0.0,0.0,0.0,0.0,29.0,115.0,1.0,561.0,4221.0,33.0,7.0,8.3,10
00-0029701,2022,veteran,QB,13.655664554455054,31.875688293339948,435.28370677622024,3199.8637000656163,20.977635664006897,9.90194347872959,38.747437659787856,186.63754444249204,2.8526520482745097,2.5960056712591166,7.351214047877673,0.048193018340545235,0.22821860713093467,0.08640427374351232,0.024430372273167515,0.0025434387753222546,0.00017709443586773872,1.3704648854281781e-11,5.59192420936064,222.68885909257108,228.2807833019317,veteran,Ryan Tannehill,QB,12.0,162.24,0.0,0.0,0.0,0.0,34.0,98.0,2.0,325.0,212.0,2536.0,13.0,6.0,33.0,2.0,0.0,0.0,1.0,1.0,0.0,0.0,0.0,0.0,0.0,0.0,1.0,0.0,0.0,17,270.36,18.130588235294116,0.9707792207792207,1.0,34.09719370294319,0.9625000000000001,1.0,1.0,0.0,0.0,0.0,0.0,17.0,0.0,0.0,0.0,0.0,55.0,270.0,7.0,531.0,3734.0,21.0,14.0,,10
00-0030520,2022,veteran,QB,3.820883235209739,23.80970716185079,90.97411092996893,602.2357738305424,3.805601164253368,2.786989597362475,3.882074554760006,15.03955942418319,0.1700028023559216,0.8930941174824889,6.61985885516527,0.04183169393304526,0.07670004515539601,0.019444303464071444,0.003785884042221817,0.00010120371560097793,6.305359048134774e-06,1.3705469520824773e-11,0.4338572038441645,34.475640937099094,34.909498140943256,veteran,,,0.0,0.0,0.0,0.0,0.0,0.0,0.0,0.0,0.0,0.0,0.0,0.0,0.0,0.0,0.0,0.0,0.0,0.0,0.0,0.0,0.0,0.0,0.0,0.0,0.0,0.0,0.0,0.0,0.0,17,30.9,7.094604316546762,0.3266372196360559,0.35294117647058826,32.720054757015745,0.30661764705882355,1.0,0.35294117647058826,0.058823529411764705,0.5882352941176471,1.0,11.0,6.0,0.0,0.0,0.0,0.0,7.0,33.0,1.0,167.0,790.0,4.0,10.0,,10
00-0030565,2022,veteran,QB,1.9453874749479205,21.138480470027382,41.1225351458225,296.59918702307465,1.9028362443690257,0.8841549889412053,3.4645201852745737,13.674785571173558,0.15242189337710296,0.3809608920671267,7.21257057648123,0.04627234769504059,0.06950137918112911,0.017100709920621564,0.003234711877974593,0.0004276248254686718,2.797895610939217e-05,1.3705102891732258e-11,0.19860744973290406,19.2270906137624,19.425698063495304,veteran,Geno Smith,QB,17.0,309.38,0.0,0.0,0.0,0.0,68.0,366.0,1.0,572.0,399.0,4282.0,30.0,11.0,46.0,4.0,0.0,0.0,5.5,5.5,0.0,0.0,0.0,0.0,0.0,0.0,4.0,1.0,0.0,17,54.28,11.994441687344914,0.21342687198949062,0.23529411764705882,31.89322381930185,0.14816176470588235,1.0,0.23529411764705882,0.0,0.7647058823529411,0.0,13.0,4.0,0.0,0.0,0.0,0.0,9.0,42.0,1.0,95.0,702.0,5.0,1.0,,10
00-0031237,2022,veteran,QB,11.670649236593327,30.58153546503667,356.90637352888194,2579.800304878582,15.078156532481929,7.320854748813053,30.50136635406248,118.29472901489702,1.5022005052729603,1.9295322719412564,7.228227053977832,0.04224681219166224,0.19697951067490446,0.06989543573439523,0.018620000323262567,0.0011262357581455907,7.61871376735869e-05,1.3704856409758447e-11,3.9715590643922782,165.84654021668987,169.81809928108214,veteran,Teddy Bridgewater,QB,5.0,39.02,0.0,0.0,0.0,0.0,3.0,27.0,0.0,79.0,49.0,683.0,4.0,4.0,7.0,0.0,0.0,0.0,1.0,1.0,0.0,0.0,0.0,0.0,0.0,0.0,1.0,0.0,0.0,17,204.68,14.765681562991244,0.8357823872868259,0.8235294117647058,29.806981519507186,0.8185661764705882,1.0,0.9375,0.11764705882352941,0.058823529411764705,2.0,3.0,14.0,0.0,0.0,0.0,0.0,30.0,106.0,2.0,426.0,3052.0,18.0,7.0,,10
00-0031280,2022,veteran,QB,14.175522963412401,33.689028168300155,477.5595924147861,3582.233195612667,20.688851302043936,10.197373000710774,30.29650878254472,93.59562790948443,1.131558178576841,3.5069353157865177,7.5011229017494125,0.0433220306547095,0.273619024532859,0.11299419383623989,0.034632165300123134,0.00036376821466774977,2.366990707776095e-05,1.3705144043296842e-11,7.268838463683982,214.7850282620973,222.0538667257813,veteran,Derek Carr,QB,15.0,221.08,0.0,0.0,0.0,0.0,24.0,102.0,0.0,502.0,305.0,3522.0,24.0,14.0,27.0,0.0,0.0,0.0,2.0,2.0,0.0,0.0,0.0,0.0,0.0,0.0,2.0,0.0,0.0,17,270.96,16.351665441176472,1.0,1.0,31.430527036276523,1.0,1.0,1.0,0.0,0.0,0.0,0.0,17.0,0.0,0.0,0.0,0.0,40.0,108.0,0.0,626.0,4804.0,23.0,14.0,10.6,10
00-0031345,2022,veteran,QB,11.641217834870025,29.004653061931666,337.6494845187764,2627.488306364462,15.696293866594118,8.710042802922501,24.352043250710285,46.540405996515986,1.0928216416208663,2.2482444315108276,7.781703887714213,0.0464869475188589,0.2077568995158799,0.07542971099955896,0.020521419779582332,0.00010500058220628601,6.5500766701218e-06,1.3705460151930866e-11,4.21480921655553,157.1791037014651,161.39391291802062,veteran,Jimmy Garoppolo,QB,11.0,165.78,0.0,0.0,0.0,0.0,23.0,33.0,2.0,308.0,207.0,2437.0,16.0,4.0,18.0,2.0,0.0,0.0,1.0,1.0,0.0,0.0,0.0,0.0,0.0,0.0,1.0,0.0,0.0,17,232.5,14.854351032448378,0.829624327607149,0.8823529411764706,30.830937713894592,0.7477941176470589,1.0,1.0,0.11764705882352941,0.0,2.0,2.0,15.0,0.0,0.0,0.0,0.0,38.0,51.0,3.0,441.0,3810.0,20.0,12.0,,10
00-0031395,2022,veteran,QB,0.4803752088619133,16.55828080562958,7.9541876003985195,56.637808976478226,0.3455175982869831,0.17717875943609998,0.3250817810777671,1.4060159710162587,0.012923826097954583,0.08857032135648914,7.120502032619971,0.0434384522524553,0.03181179630469954,0.006294089247207553,0.0009576084657443933,5.139320019226853e-05,3.129450206685572e-06,1.3705641891748764e-11,0.020763850680595893,3.334229144311236,3.354992994991832,veteran,,,0.0,0.0,0.0,0.0,0.0,0.0,0.0,0.0,0.0,0.0,0.0,0.0,0.0,0.0,0.0,0.0,0.0,0.0,0.0,0.0,0.0,0.0,0.0,0.0,0.0,0.0,0.0,0.0,0.0,17,7.76,5.3123827392120075,0.18089200971195232,0.058823529411764705,31.170431211498972,0.09797794117647059,1.0,0.3125,0.0,0.9411764705882353,0.0,16.0,1.0,0.0,0.0,0.0,0.0,0.0,0.0,0.0,31.0,194.0,0.0,0.0,,10
00-0031503,2022,veteran,QB,6.332832216232882,26.866416955206496,170.14051082867704,1250.4821786537575,8.831276978931658,4.552294391396711,22.522188350325695,94.24032118976858,0.810026379764063,1.211585271044345,7.349702740183555,0.051905786199409686,0.14594355046243696,0.04595310732048714,0.010969993828796024,0.003216877076705335,0.0002259135298971016,1.370458894019855e-11,1.5222162081753843,88.10082613455606,89.62304234273144,veteran,Jameis Winston,QB,3.0,46.419999999999995,0.0,0.0,0.0,0.0,5.0,16.0,0.0,115.0,73.0,858.0,4.0,5.0,11.0,0.0,0.0,0.0,2.5,2.5,0.0,0.0,0.0,0.0,0.0,0.0,1.0,1.0,0.0,17,117.4,16.06056074766355,0.5865204408016392,0.4117647058823529,28.65160848733744,0.43272058823529413,1.0,1.0,0.058823529411764705,0.5294117647058824,1.0,10.0,7.0,0.0,0.0,0.0,0.0,32.0,166.0,1.0,161.0,1170.0,14.0,3.0,,10
00-0031800,2022,veteran,QB,11.68975856984478,27.93413623959864,326.54330849805984,2306.7343950075124,14.27987585578011,8.545978985942293,41.331335859344854,201.27444397804214,1.3688579293898513,2.060743826065177,7.0640994164521915,0.0437304194701174,0.14567953315304633,0.04583889517205679,0.010935892394471255,0.004823532813540391,0.0003439396417455032,1.3704485499625458e-11,2.8248196727321235,156.5160255735493,159.34084524628145,veteran,Taylor Heinicke,QB,9.0,115.96,0.0,0.0,0.0,0.0,28.0,96.0,1.0,259.0,161.0,1859.0,12.0,6.0,19.0,5.0,0.0,0.0,0.0,0.0,0.0,0.0,0.0,0.0,0.0,0.0,0.0,0.0,0.0,17,223.36,13.880301576422207,0.9104619400878925,0.9411764705882353,29.464750171115675,0.5363970588235295,1.0,0.9411764705882353,0.0,0.058823529411764705,0.0,1.0,16.0,1.0,1.0,-2.0,0.0,60.0,313.0,1.0,494.0,3419.0,20.0,15.0,,10
00-0032156,2022,veteran,QB,3.6540207976521604,25.984213184944974,94.94685538841641,659.1600356388922,4.5527419300201135,2.045224956338936,4.45404946942961,13.948417836160413,0.19733094359258435,0.6954339573175812,6.942410393080909,0.04795042354373277,0.1134274443045474,0.03263458822078707,0.007164941395389515,9.415313442926243e-05,5.851766236398771e-06,1.3705487890209896e-11,0.6460752377059532,41.67487876349465,42.3209540012006,veteran,Trevor Siemian,QB,2.0,10.16,0.0,0.0,0.0,0.0,4.0,8.0,0.0,26.0,15.0,184.0,1.0,1.0,2.0,0.0,0.0,0.0,0.0,0.0,0.0,0.0,0.0,0.0,0.0,0.0,0.0,0.0,0.0,17,90.16000000000001,14.339909665763328,0.33956041766300016,0.35294117647058826,30.68309377138946,0.20349264705882356,1.0,0.35294117647058826,0.0,0.6470588235294118,0.0,11.0,6.0,0.0,0.0,0.0,0.0,9.0,20.0,1.0,188.0,1154.0,11.0,3.0,,10
00-0032245,2022,veteran,QB,0.12604408849855137,19.536762545155916,2.462493427216816,17.443303861846733,0.10978139891429024,0.05576122636166275,0.19591227905460384,0.7483776262522226,0.007727339108039501,0.024272652422069406,7.083594079502449,0.044581397741381375,0.05195944642212704,0.011747745340219357,0.0020450534026078522,0.00027736255923423744,1.7881720705000955e-05,1.37052130421726e-11,0.00932415636947083,1.0979917898370253,1.107315946206496,veteran,,,0.0,0.0,0.0,0.0,0.0,0.0,0.0,0.0,0.0,0.0,0.0,0.0,0.0,0.0,0.0,0.0,0.0,0.0,0.0,0.0,0.0,0.0,0.0,0.0,0.0,0.0,0.0,0.0,0.0,17,12.959999999999999,6.706686930091185,0.1186639549436796,0.058823529411764705,30.351813826146476,0.06047794117647059,1.0,0.1875,0.0,0.9411764705882353,0.0,16.0,1.0,0.0,0.0,0.0,0.0,2.0,14.0,0.0,36.0,189.0,1.0,0.0,,10
00-0032434,2022,veteran,QB,3.4302932174076797,17.452828599377348,59.868319569022894,417.427230745158,2.694293086474572,1.3627247142106054,4.43507300267019,10.724351436051807,0.1608296473597308,0.604695261893935,6.972422706201085,0.04500365311520544,0.03506949874247395,0.007119848498277516,0.0011121750675579165,5.951832748689268e-05,3.6422304558960326e-06,1.3705604555721865e-11,0.1647864951615025,25.57683465125909,25.741621146420595,veteran,Brandon Allen,QB,1.0,0.78,0.0,0.0,0.0,0.0,3.0,-1.0,0.0,3.0,3.0,22.0,0.0,0.0,1.0,0.0,0.0,0.0,0.0,0.0,0.0,0.0,0.0,0.0,0.0,0.0,0.0,0.0,0.0,17,13.860000000000003,6.105806869734285,0.2896215355876635,0.29411764705882354,29.987679671457904,0.28363970588235293,1.0,0.3125,0.0,0.7058823529411765,0.0,12.0,5.0,0.0,0.0,0.0,0.0,7.0,-1.0,0.0,34.0,149.0,2.0,0.0,,10
00-0032436,2022,veteran,QB,0.20027967085436676,22.978946672653525,4.602215876179094,32.87946583797657,0.20929484137739096,0.1120249540121525,0.6350674022908303,3.0933923216196972,0.025218759052125835,0.03721819515274914,7.144268483397208,0.045476971747608286,0.08644808616583788,0.022747375187981388,0.004590123106854633,0.0035661208311373108,0.0002513972002074069,1.3704562637279275e-11,0.026775912291045686,2.314523487173548,2.3412993994645936,veteran,Jeff Driskel,QB,7.0,16.72,1.0,1.0,4.0,0.0,20.0,75.0,0.0,20.0,14.0,108.0,1.0,0.0,2.0,0.0,0.0,0.0,0.0,0.0,0.0,0.0,0.0,0.0,0.0,0.0,0.0,0.0,0.0,17,0.0,13.084444444444443,0.1875,0.0,29.357973990417523,0.08437499999999999,0.0,0.1875,0.0,1.0,0.0,17.0,0.0,0.0,0.0,0.0,0.0,0.0,0.0,0.0,0.0,0.0,0.0,0.0,,10
00-0032950,2022,veteran,QB,13.773362009016532,32.60131693133724,449.0297400659877,3078.3719799945043,20.644973537856057,9.221618091083013,45.16941848046337,182.97383834801698,1.7783230345453689,3.307209796683895,6.855608226622402,0.045976851187678906,0.20262953703595393,0.07277573652767351,0.019603645433694784,0.002352219082914402,0.0001633187308450777,1.3704668781546443e-11,4.870228162162852,209.62443961774449,214.49466777990733,veteran,Carson Wentz,QB,8.0,117.3,0.0,0.0,0.0,0.0,22.0,86.0,1.0,276.0,172.0,1755.0,11.0,9.0,26.0,1.0,0.0,0.0,4.5,4.5,0.0,0.0,0.0,0.0,0.0,0.0,3.0,1.0,0.0,17,263.52000000000004,16.135767090620035,0.9391891891891891,1.0,29.67008898015058,0.925,1.0,1.0,0.0,0.0,0.0,0.0,17.0,0.0,0.0,0.0,0.0,57.0,215.0,1.0,516.0,3563.0,27.0,7.0,,10
00-0033077,2022,veteran,QB,12.485992311213675,35.83011154960606,447.3744973183095,3335.874086371285,22.666107770241318,8.868676513837473,36.080903575814375,133.41806373497369,1.5298080276566666,3.032626744024998,7.456558445703693,0.05066472922821582,0.31047797023329676,0.13693979584929314,0.04467158557997293,0.0012987055287673032,8.829239753309204e-05,1.3704820125467425e-11,7.57477680929093,222.81744255952913,230.39221936882007,veteran,Dak Prescott,QB,12.0,199.60000000000002,0.0,0.0,0.0,0.0,45.0,182.0,1.0,394.0,261.0,2860.0,23.0,15.0,20.0,1.0,0.0,0.0,1.0,1.0,0.0,0.0,0.0,0.0,0.0,0.0,1.0,0.0,0.0,17,334.06,22.26656687590536,0.8753568182463715,0.9411764705882353,29.09240246406571,0.7613970588235295,1.0,1.0,0.0,0.058823529411764705,0.0,1.0,16.0,0.0,0.0,0.0,0.0,48.0,146.0,1.0,596.0,4449.0,37.0,10.0,7.4,10
00-0033106,2022,veteran,QB,12.405760044076029,34.314015241700716,425.6914392373066,2981.5846408960288,17.5930955385815,9.118401821355548,26.99276415701138,80.22758924260262,1.1535166748034458,3.1019083129441847,7.004098194311843,0.04132828127834168,0.24283852173982265,0.09462573171106596,0.027475966981572307,0.00034487821205761074,2.2400009225554242e-05,1.370515761130409e-11,5.459868429663382,180.1390064946486,185.59887492431199,veteran,Jared Goff,QB,17.0,291.82,1.0,1.0,5.0,0.0,29.0,73.0,0.0,587.0,382.0,4438.0,29.0,7.0,23.0,4.0,0.0,0.0,8.0,8.0,0.0,0.0,0.0,0.0,0.0,0.0,5.0,2.0,0.0,17,195.5,15.259143451143451,0.8897196404549346,0.8235294117647058,27.88227241615332,0.8841911764705882,1.0,1.0,0.11764705882352941,0.058823529411764705,2.0,3.0,14.0,0.0,0.0,0.0,0.0,17.0,87.0,0.0,494.0,3245.0,19.0,8.0,,10
00-0033119,2022,veteran,QB,8.84377702323921,21.30130672859063,188.38400701128063,1274.3043669506321,7.624137876156797,3.8972255996015415,17.55187398656078,58.63496407209823,0.8797701965404222,1.7684193708046172,6.7643978231884905,0.0404712586652871,0.058693615832134644,0.013740704306903703,0.0024757825267451615,0.0003676732443835561,2.3932713563720983e-05,1.3705141326454865e-11,0.7487124797115995,81.27955382829252,82.02826630800412,veteran,Jacoby Brissett,QB,14.0,169.62,0.0,0.0,0.0,0.0,49.0,243.0,2.0,369.0,236.0,2608.0,12.0,6.0,24.0,4.0,0.0,0.0,1.0,1.0,0.0,0.0,0.0,0.0,0.0,0.0,1.0,0.0,0.0,17,72.32000000000001,7.144683301343571,0.6920363634897337,0.5882352941176471,29.72210814510609,0.6704044117647059,1.0,0.9375,0.0,0.4117647058823529,0.0,7.0,10.0,0.0,0.0,0.0,0.0,19.0,70.0,1.0,225.0,1283.0,5.0,4.0,,10
00-0033275,2022,veteran,QB,3.4822794277992477,15.791114415215592,54.989072870129405,385.823389020502,2.331865031219947,1.551418039082544,3.9347559980343045,10.367864360020405,0.1491526989029219,0.6529869694646079,7.016364686339075,0.042405971032231,0.026237973657565052,0.004937681207373893,0.0007134383609945033,5.3372438304490247e-05,3.254123397086131e-06,1.3705632279480254e-11,0.12233117337388356,22.283288298025138,22.40561947139902,veteran,PJ Walker,QB,6.0,40.14,0.0,0.0,0.0,0.0,6.0,39.0,0.0,106.0,63.0,731.0,3.0,3.0,7.0,0.0,0.0,0.0,1.0,1.0,0.0,0.0,0.0,0.0,0.0,0.0,1.0,0.0,0.0,17,13.78,2.5577018633540374,0.2801424917793205,0.29411764705882354,27.512662559890487,0.23676470588235293,1.0,0.29411764705882354,0.0,0.7058823529411765,0.0,12.0,5.0,0.0,0.0,0.0,0.0,7.0,13.0,0.0,66.0,362.0,1.0,3.0,,10
00-0033319,2022,veteran,QB,2.9919712532510236,26.149526858850553,78.2386326477964,560.4480878285925,3.419055237332465,1.9848798761704967,3.440841441177247,9.523540846446643,0.1338538316962842,0.6221017991062106,7.163316495465079,0.043700344978214074,0.1261293543658983,0.03765726204857179,0.008557901346939421,6.197257768441102e-05,3.7976018735972876e-06,1.370559427717714e-11,0.5977920241048733,32.63565818674252,33.233450210847394,veteran,Nick Mullens,QB,4.0,11.759999999999998,0.0,0.0,0.0,0.0,4.0,8.0,0.0,25.0,21.0,224.0,1.0,1.0,0.0,0.0,0.0,0.0,0.0,0.0,0.0,0.0,0.0,0.0,0.0,0.0,0.0,0.0,0.0,17,9.879999999999999,11.057048917401763,0.5220853577998962,0.058823529411764705,27.449691991786448,0.22922794117647058,1.0,0.625,0.0,0.9411764705882353,0.0,16.0,1.0,0.0,0.0,0.0,0.0,0.0,0.0,0.0,30.0,147.0,1.0,0.0,,10
00-0033537,2022,veteran,QB,5.564615208908359,32.6830057642023,181.8683509483197,1397.6783083808214,9.022412648692606,3.7281176970837033,29.174369850467446,135.39507895806216,1.2518110706288836,1.0750963845326376,7.685110141994911,0.04960958078547952,0.2697590174692603,0.11061074345545882,0.03367657943742603,0.012707417992064866,0.0009433647347583728,1.3704237110121109e-11,2.8777449657469982,103.44072908635012,106.31847405209712,veteran,Deshaun Watson,QB,6.0,85.58,0.0,0.0,0.0,0.0,36.0,175.0,1.0,170.0,99.0,1102.0,7.0,5.0,20.0,0.0,0.0,0.0,0.0,0.0,0.0,0.0,0.0,0.0,0.0,0.0,0.0,0.0,0.0,17,0.0,23.321702127659577,0.9800531914893617,0.0,26.965092402464066,0.440625,0.0,1.0,1.0,0.0,17.0,17.0,0.0,0.0,0.0,0.0,0.0,0.0,0.0,0.0,0.0,0.0,0.0,0.0,,10
00-0033662,2022,veteran,QB,2.294882652400844,15.333183451452193,35.187856708817336,257.3259896298936,1.6448763412651894,0.814782845278614,3.371144416036704,5.873719878708358,0.12838513213282676,0.45351131781626375,7.312920242892007,0.04674556779279535,0.02723135306907517,0.0051739599064726605,0.0007550289764998087,3.841563754526192e-05,2.316327869558067e-06,1.3705715923420881e-11,0.08386474480451149,15.693639404734542,15.777504149539054,veteran,Cooper Rush,QB,8.0,56.64,0.0,0.0,0.0,0.0,9.0,6.0,0.0,162.0,94.0,1051.0,5.0,3.0,7.0,0.0,0.0,0.0,0.0,0.0,0.0,0.0,0.0,0.0,0.0,0.0,0.0,0.0,0.0,17,25.08,6.27,0.23529411764705882,0.23529411764705882,28.777549623545518,0.12941176470588237,1.0,0.23529411764705882,0.0,0.7647058823529411,0.0,13.0,4.0,0.0,0.0,0.0,0.0,9.0,-8.0,0.0,47.0,422.0,3.0,1.0,,10
00-0033869,2022,veteran,QB,5.937712124737455,23.571744652612843,139.96223402503455,974.7392716367704,6.276308546424754,3.389534190250614,16.605259477730336,66.28708361912959,0.6922154883167303,1.04672969158472,6.9643020378084435,0.04484287200861722,0.08643729043933049,0.022743636268320704,0.004589195617962715,0.0014623774658917763,9.983436073108203e-05,1.3704789894682509e-11,0.7798784977589298,66.0042785793125,66.78415707707143,veteran,Mitchell Trubisky,QB,7.0,73.88,0.0,0.0,0.0,0.0,19.0,38.0,2.0,180.0,117.0,1252.0,4.0,5.0,11.0,0.0,0.0,0.0,0.0,0.0,0.0,0.0,0.0,0.0,0.0,0.0,0.0,0.0,0.0,17,8.120000000000001,10.338589118198875,0.6054450391788986,0.29411764705882354,28.032854209445585,0.4898897058823529,1.0,0.9375,0.0,0.7058823529411765,0.0,12.0,5.0,0.0,0.0,0.0,0.0,13.0,24.0,1.0,8.0,43.0,0.0,1.0,,10
00-0033873,2022,veteran,QB,14.364548255557855,38.43231006676558,552.0627725266161,4111.779094558645,28.61041237810978,10.291362173446695,55.511167925008365,281.6749461008726,2.0317645036446113,2.7799948328325277,7.448028193859798,0.05182456380307805,0.35968881282096327,0.17238621288912603,0.06098118451300854,0.0069361455294532385,0.0005016994608543662,1.3704392574973931e-11,10.743521381177466,293.1281809141814,303.8717022953589,veteran,Patrick Mahomes,QB,17.0,436.9,1.0,1.0,6.0,0.0,61.0,358.0,4.0,648.0,435.0,5250.0,41.0,12.0,26.0,0.0,0.0,0.0,20.0,20.0,0.0,0.0,0.0,0.0,0.0,0.0,10.0,4.0,2.0,17,375.16,23.264705882352942,0.9646915584415585,1.0,26.95687885010267,0.9625,1.0,1.0,0.0,0.0,0.0,0.0,17.0,0.0,0.0,0.0,0.0,66.0,381.0,2.0,658.0,4839.0,37.0,13.0,5.7,10
00-0033936,2022,veteran,QB,1.9095160444885568,15.318722924603435,29.25134720560493,212.02291334325002,1.357293341107688,0.6216953760950312,1.803573265789158,7.146014269006883,0.07083802174597406,0.3893652020805512,7.24831276498006,0.04640105399479219,0.026413920828220236,0.004979351996235015,0.0007207427394950631,8.987863881833927e-05,5.577325796124307e-06,1.3705499709132483e-11,0.06764017380617796,13.02759829918612,13.095238472992298,veteran,C.J. Beathard,QB,4.0,-1.0,0.0,0.0,0.0,0.0,4.0,-4.0,0.0,11.0,7.0,35.0,0.0,1.0,1.0,0.0,0.0,0.0,0.0,0.0,0.0,0.0,0.0,0.0,0.0,0.0,0.0,0.0,0.0,17,1.52,5.809211618257262,0.2810288015621186,0.11764705882352941,28.791238877481177,0.17720588235294116,1.0,0.375,0.0,0.8823529411764706,0.0,15.0,2.0,0.0,0.0,0.0,0.0,1.0,2.0,0.0,2.0,33.0,0.0,0.0,,10
00-0034177,2022,veteran,QB,3.6930543808238063,14.651789060127786,54.10985377541124,378.05239600813667,2.3880715848805045,1.5506663652685024,3.825264967509204,8.736042143186328,0.1443312281450753,0.6129120169602944,6.986756932984586,0.04413376526191426,0.020507895086318496,0.00362487986756367,0.0004906324108617216,3.2539905061064316e-05,1.951071839502885e-06,1.3705758147693204e-11,0.09957193371269246,22.08681699857897,22.186388932291663,veteran,Tim Boyle,QB,1.0,-2.88,0.0,0.0,0.0,0.0,2.0,-2.0,0.0,8.0,2.0,33.0,0.0,2.0,0.0,0.0,0.0,0.0,0.0,0.0,0.0,0.0,0.0,0.0,0.0,0.0,0.0,0.0,0.0,17,24.34,2.502653915122534,0.3600326113709082,0.23529411764705882,27.912388774811774,0.30753676470588237,1.0,0.5,0.0,0.7647058823529411,0.0,13.0,4.0,0.0,0.0,0.0,0.0,2.0,13.0,0.0,94.0,526.0,3.0,6.0,,10
00-0034401,2022,veteran,QB,2.4556272237253345,26.486832600030912,65.04178720289158,467.8164217676338,2.896308884479213,1.9455052743681256,2.325880213796999,6.064424294439016,0.09091418753738743,0.4443670530127117,7.19255177149923,0.044529970793152664,0.13221093310734497,0.04014399256124996,0.009266837995920263,3.5612323042606896e-05,2.141808964364273e-06,1.3705735197557108e-11,0.51813592732132,26.670075308528755,27.188211235850076,veteran,Mike White,QB,4.0,60.08,0.0,0.0,0.0,0.0,6.0,9.0,1.0,175.0,103.0,1192.0,3.0,4.0,9.0,1.0,0.0,0.0,3.5,3.5,0.0,0.0,0.0,0.0,0.0,0.0,2.0,1.0,0.0,17,48.519999999999996,12.129999999999999,0.23529411764705882,0.23529411764705882,27.43874058863792,0.12941176470588237,1.0,0.23529411764705882,0.0,0.7647058823529411,0.0,13.0,4.0,0.0,0.0,0.0,0.0,5.0,-1.0,0.0,132.0,953.0,5.0,8.0,,10
00-0034577,2022,veteran,QB,3.445412847256831,24.7245013618939,85.18611463428826,604.37408585176,3.77499575751221,2.011518042425461,7.0616290727886435,26.508902098551747,0.3059411167154886,0.7747478038344596,7.094748814949396,0.044314684074025563,0.10472625340072943,0.0293285908520815,0.0062780703647593245,0.0005411814052048501,3.569523619780951e-05,1.370504296230915e-11,0.5577089937626482,38.188951681747504,38.74666067551015,veteran,Kyle Allen,QB,2.0,15.939999999999998,0.0,0.0,0.0,0.0,6.0,13.0,0.0,78.0,46.0,416.0,2.0,4.0,5.0,1.0,0.0,0.0,0.0,0.0,0.0,0.0,0.0,0.0,0.0,0.0,0.0,0.0,0.0,17,7.9,10.635193253689389,0.47933890703154064,0.11764705882352941,26.483230663928815,0.2615808823529412,1.0,0.8125,0.0,0.8823529411764706,0.0,15.0,2.0,0.0,0.0,0.0,0.0,2.0,11.0,0.0,19.0,120.0,1.0,0.0,,10
00-0034771,2022,veteran,QB,2.7193937337929333,22.007655647813785,59.84748086413747,415.2040809136145,2.630319542318163,1.4180967879590516,5.415947401651593,21.78955029753473,0.19916595400386747,0.4685516733628981,6.937703557751887,0.04395038027230207,0.06979989450976186,0.017196245144883986,0.0032568448467248236,0.0006020568259180353,3.985588855502702e-05,1.370501583433737e-11,0.2794715300378541,26.730095236950014,27.009566766987867,veteran,,,0.0,0.0,0.0,0.0,0.0,0.0,0.0,0.0,0.0,0.0,0.0,0.0,0.0,0.0,0.0,0.0,0.0,0.0,0.0,0.0,0.0,0.0,0.0,0.0,0.0,0.0,0.0,0.0,0.0,17,18.38,8.471181102362205,0.3639069013432144,0.11764705882352941,27.12662559890486,0.23345588235294118,1.0,0.625,0.0,0.8823529411764706,0.0,15.0,2.0,0.0,0.0,0.0,0.0,5.0,53.0,0.0,58.0,277.0,1.0,1.0,,10
00-0034796,2022,veteran,QB,11.316515678975785,33.625147526337145,380.5195091896681,2789.6564493426035,19.179355265466942,9.81506323630728,109.68459879009801,627.346624971526,3.552826868508379,2.3413191603084265,7.331178512458642,0.05040308000583246,0.25809631301001407,0.10354945800042971,0.030892582519144555,0.12138263393621591,0.010861047135586374,1.3703633501502109e-11,6.93566465496919,248.04253795054333,254.97820260551254,veteran,Lamar Jackson,QB,12.0,239.08,0.0,0.0,0.0,0.0,112.0,764.0,3.0,326.0,203.0,2242.0,17.0,7.0,26.0,2.0,0.0,2.0,1.0,3.0,0.0,0.0,0.0,2.0,0.0,0.0,1.0,0.0,0.0,17,247.48,22.529208078057632,0.8265001201297401,0.7058823529411765,25.648186173853524,0.8101102941176471,1.0,0.9375,0.058823529411764705,0.23529411764705882,1.0,5.0,12.0,0.0,0.0,0.0,0.0,133.0,767.0,2.0,382.0,2882.0,16.0,13.0,4.7,10
00-0034855,2022,veteran,QB,12.643131511336016,31.48476440072372,398.0660169217805,2862.7585617312902,17.94123307538003,10.300383676976601,33.784657522197584,118.43332863681191,1.2576203204989662,2.52192113227972,7.1916678139692065,0.045070999062211986,0.2094472176935674,0.07631303033760381,0.020829289493193525,0.0009113629836366307,6.120001013792252e-05,1.370491030741048e-11,4.634700250632047,180.0197199389341,184.65442018956614,veteran,Baker Mayfield,QB,12.0,121.42,0.0,0.0,0.0,0.0,31.0,89.0,1.0,335.0,201.0,2163.0,10.0,8.0,36.0,2.0,0.0,0.0,0.0,0.0,0.0,0.0,0.0,0.0,0.0,0.0,0.0,0.0,0.0,17,182.9,14.157943811074919,0.9114772945008622,0.8235294117647058,27.38398357289528,0.9029411764705882,1.0,1.0,0.058823529411764705,0.11764705882352941,1.0,3.0,14.0,0.0,0.0,11.0,0.0,37.0,134.0,1.0,418.0,3010.0,17.0,13.0,,10
00-0034857,2022,veteran,QB,14.766981452087625,38.06447835254959,562.0974458154908,4007.496695687297,28.68311092428355,12.34427398952455,91.86664441428563,469.96173919749714,4.753601250692178,3.1358761604864127,7.129540839441499,0.05102871599544471,0.3213194264599631,0.14440051024236633,0.047961274645148634,0.026988625317253056,0.0020839452300685742,1.370404183672575e-11,9.804644902289345,319.58979264850694,329.3944375507963,veteran,Josh Allen,QB,16.0,408.52,0.0,0.0,0.0,0.0,124.0,762.0,7.0,567.0,359.0,4283.0,35.0,14.0,33.0,5.0,0.0,0.0,13.0,13.0,0.0,0.0,0.0,0.0,0.0,0.0,6.0,2.0,2.0,17,414.08,23.856205882352942,1.0,1.0,26.28062970568104,1.0,1.0,1.0,0.0,0.0,0.0,0.0,17.0,0.0,0.0,0.0,0.0,122.0,763.0,6.0,646.0,4407.0,36.0,15.0,6.3,10
00-0034869,2022,veteran,QB,10.658488440050757,32.3003705985771,344.2731266342894,2313.463080246563,12.799234567764643,9.452109430477629,37.499732896691334,164.09871716384885,2.0681059289357835,2.2957968588285635,6.71984799645452,0.03717755926201254,0.18789599408001356,0.06536149806996863,0.017098168247036964,0.003534649102201999,0.00024909649107153584,1.3704564899843613e-11,3.4538072004459943,149.05815619230827,152.51196339275427,veteran,Sam Darnold,QB,6.0,87.32,0.0,0.0,0.0,0.0,26.0,106.0,2.0,140.0,82.0,1143.0,7.0,3.0,10.0,2.0,0.0,0.0,1.0,1.0,0.0,0.0,0.0,0.0,0.0,0.0,1.0,0.0,0.0,17,160.28,12.910347586896725,0.7370620228586559,0.7058823529411765,25.240246406570844,0.7351102941176471,1.0,0.8125,0.0,0.29411764705882354,0.0,5.0,12.0,0.0,0.0,0.0,0.0,48.0,222.0,5.0,406.0,2527.0,9.0,13.0,,10
00-0034899,2022,veteran,QB,0.9568048789327012,13.590051852933136,13.003027917834821,92.65851144757187,0.575759879135263,0.32287624213107075,1.8696106228563933,8.360456839920495,0.0729482683600484,0.17752458732224755,7.125918057938059,0.04427890817226937,0.01724077762566266,0.002918046134763763,0.00037734522763115835,0.0007571046272613882,5.0516575206554895e-05,1.3704957512018677e-11,0.022203056012434795,6.282313609689631,6.3045166657020655,veteran,John Wolford,QB,2.0,14.8,0.0,0.0,0.0,0.0,8.0,32.0,0.0,62.0,38.0,390.0,1.0,3.0,7.0,1.0,0.0,0.0,0.0,0.0,0.0,0.0,0.0,0.0,0.0,0.0,0.0,0.0,0.0,17,-1.9000000000000001,2.1481938325991186,0.1052571909821197,0.11764705882352941,26.87748117727584,0.08345588235294119,1.0,0.11764705882352941,0.0,0.8823529411764706,0.0,15.0,2.0,0.0,0.0,0.0,0.0,2.0,-1.0,0.0,4.0,5.0,0.0,1.0,,10
00-0034955,2022,veteran,QB,0.5536363546476548,14.89877186238699,8.248501742618984,59.22222704136237,0.37712421892175446,0.21341675871442917,0.5918303641154053,1.7319602551550457,0.023485602054561905,0.10353377868583419,7.179755656153708,0.045720329665835,0.023521037303433013,0.004304250836776832,0.0006040966726535849,5.9602535453217704e-05,3.6475578736983185e-06,1.3705604196086338e-11,0.017301513000351695,3.557594520383862,3.574896033384214,veteran,Brett Rypien,QB,4.0,18.02,0.0,0.0,0.0,0.0,6.0,7.0,0.0,88.0,53.0,483.0,2.0,4.0,8.0,1.0,0.0,0.0,0.0,0.0,0.0,0.0,0.0,0.0,0.0,0.0,0.0,0.0,0.0,17,0.0,3.033157894736842,0.09434984520123839,0.058823529411764705,26.146475017111566,0.06985294117647059,1.0,0.125,0.0,0.9411764705882353,0.0,16.0,1.0,0.0,0.0,0.0,0.0,0.0,0.0,0.0,2.0,0.0,0.0,0.0,,10
00-0035228,2022,veteran,QB,12.951658652832185,36.900726442178694,477.9256129206371,3497.674640043752,21.955584168144913,10.557538358565957,81.67379605668293,418.675594479344,4.3260043119179015,2.0858888973145446,7.3184498706173455,0.045939333600417,0.3179034864101073,0.14202891724921055,0.04690727008714668,0.028192121011196208,0.0021826559104495416,1.3704030426446944e-11,8.499234673957956,270.26605308201056,278.76528775596853,veteran,Kyler Murray,QB,11.0,203.52,0.0,0.0,0.0,0.0,67.0,418.0,3.0,390.0,259.0,2368.0,14.0,7.0,25.0,2.0,0.0,1.0,2.0,3.0,0.0,0.0,0.0,1.0,0.0,0.0,2.0,0.0,0.0,17,308.48,22.149682410423452,0.9114772945008622,0.8235294117647058,25.06776180698152,0.9029411764705882,1.0,1.0,0.0,0.17647058823529413,0.0,3.0,14.0,0.0,0.0,7.0,0.0,88.0,423.0,5.0,481.0,3787.0,24.0,10.0,6.1,10
00-0035232,2022,veteran,QB,2.6077964455777862,26.180406294592743,68.27317047882126,475.7284145742086,2.847062980909042,1.7079064168489786,6.809976278652112,23.518271618506255,0.26969265597393416,0.5461838776966734,6.96801410038197,0.04170105124665652,0.11708400975611888,0.03405667785017566,0.007553895933730451,0.0008235199559290505,5.510768609195128e-05,1.3704936108313606e-11,0.48031177250459434,29.87919101520744,30.359502787712035,veteran,,,0.0,0.0,0.0,0.0,0.0,0.0,0.0,0.0,0.0,0.0,0.0,0.0,0.0,0.0,0.0,0.0,0.0,0.0,0.0,0.0,0.0,0.0,0.0,0.0,0.0,0.0,0.0,0.0,0.0,17,0.0,9.348695652173912,0.48641304347826086,0.0,25.3305954825462,0.215625,0.0,0.5625,0.0,1.0,0.0,17.0,0.0,0.0,0.0,0.0,0.0,0.0,0.0,0.0,0.0,0.0,0.0,0.0,,10
00-0035264,2022,veteran,QB,1.1976468986489799,12.933884266073665,15.490226378747963,110.60708845678627,0.7070573601824992,0.3933068949095787,1.576898535516,4.73568331907995,0.06189773923950252,0.2184163630129977,7.140443641839557,0.045645385864247705,0.014858484363291473,0.002424095685991871,0.0003015108236058422,0.00010230148205326549,6.37608135108427e-06,1.3705466776409713e-11,0.023006216269076875,6.874021230501303,6.89702744677038,veteran,Jarrett Stidham,QB,3.0,45.14,0.0,0.0,0.0,0.0,14.0,84.0,0.0,83.0,53.0,656.0,4.0,3.0,7.0,1.0,0.0,0.0,2.5,2.5,0.0,0.0,0.0,0.0,0.0,0.0,1.0,1.0,0.0,17,0.0,1.8646153846153848,0.28365384615384615,0.0,26.064339493497606,0.121875,0.0,0.3125,0.0,1.0,0.0,17.0,0.0,0.0,0.0,0.0,0.0,0.0,0.0,0.0,0.0,0.0,0.0,0.0,,10
00-0035289,2022,veteran,QB,4.836955399579207,29.56591761607364,143.0090248565814,1016.6854820129953,6.71189845311431,2.8737496781503027,16.591165981916173,71.77426865339089,0.5646166564344903,1.06988334240759,7.109240014975227,0.04693339081114239,0.17269301282616872,0.05803825224989695,0.01471042745776377,0.0031915197830627014,0.00022406742766089316,1.3704590959441935e-11,1.4157713655177213,70.19287385580728,71.608645221325,veteran,Gardner Minshew,QB,5.0,39.32,0.0,0.0,0.0,0.0,7.0,3.0,1.0,76.0,44.0,663.0,3.0,3.0,6.0,1.0,0.0,0.0,2.5,2.5,0.0,0.0,0.0,0.0,0.0,0.0,1.0,1.0,0.0,17,33.660000000000004,16.013527777777778,0.5714358660130718,0.17647058823529413,26.2943189596167,0.3970588235294118,1.0,0.875,0.0,0.8235294117647058,0.0,14.0,3.0,0.0,0.0,0.0,0.0,9.0,21.0,0.0,60.0,439.0,4.0,1.0,,10
00-0035652,2022,veteran,QB,0.6810265464675076,16.045850793382513,10.92765035095021,77.39522134489425,0.4887314029858739,0.26598930289109685,1.8480159773420615,9.31291833706706,0.07678359006328307,0.13477481623547746,7.082512604199894,0.0447242899699272,0.028388479810383508,0.005452239667781347,0.0008045420401900418,0.0025472409742241203,0.0001773687652180378,1.3704648473385319e-11,0.02791474526496287,5.641199601572521,5.669114346837484,veteran,,,0.0,0.0,0.0,0.0,0.0,0.0,0.0,0.0,0.0,0.0,0.0,0.0,0.0,0.0,0.0,0.0,0.0,0.0,0.0,0.0,0.0,0.0,0.0,0.0,0.0,0.0,0.0,0.0,0.0,17,0.0,5.725454545454546,0.23295454545454544,0.0,27.682409308692677,0.103125,0.0,0.25,0.0,1.0,0.0,17.0,0.0,0.0,0.0,0.0,0.0,0.0,0.0,0.0,0.0,0.0,0.0,0.0,,10
00-0035704,2022,veteran,QB,6.480324217979685,27.505377649357634,178.24376490580943,1250.3586542140658,7.3534581348990296,4.467226013995511,17.58597890627125,69.68199189758302,0.8951835537204714,1.264882197797981,7.014880183185097,0.041255065156331656,0.13695463982129377,0.04212031109345742,0.009838999827895293,0.001321007443668104,8.986213607905139e-05,1.370481578921563e-11,1.4338942553731124,80.3032627966529,81.73715705202602,veteran,,,0.0,0.0,0.0,0.0,0.0,0.0,0.0,0.0,0.0,0.0,0.0,0.0,0.0,0.0,0.0,0.0,0.0,0.0,0.0,0.0,0.0,0.0,0.0,0.0,0.0,0.0,0.0,0.0,0.0,17,51.379999999999995,11.854577171027682,0.580116944388677,0.35294117647058826,25.806981519507186,0.48474264705882353,1.0,0.8125,0.0,0.6470588235294118,0.0,11.0,6.0,1.0,1.0,1.0,0.0,10.0,53.0,2.0,111.0,787.0,2.0,2.0,,10
00-0035710,2022,veteran,QB,10.364879113518546,32.82395091625983,340.2162832750995,2347.529536937796,13.299087615238824,7.607869924317254,48.83002137096284,250.02479272642452,1.6995813307569896,2.6994141117820525,6.900109290299839,0.03909009729697493,0.209589898512939,0.0763877827214718,0.020855398410613596,0.01240293259653262,0.0009197358961160851,1.3704243356810295e-11,3.9351808531381263,161.68293112345293,165.61811197659105,veteran,Daniel Jones,QB,16.0,292.0,0.0,0.0,0.0,0.0,120.0,708.0,7.0,472.0,317.0,3205.0,15.0,5.0,44.0,3.0,0.0,1.0,2.0,3.0,0.0,0.0,0.0,1.0,0.0,0.0,2.0,0.0,0.0,17,171.52,14.860948596970454,0.7551262434449818,0.6470588235294118,25.26488706365503,0.7402573529411764,1.0,0.875,0.17647058823529413,0.17647058823529413,3.0,6.0,11.0,1.0,1.0,16.0,0.0,62.0,298.0,2.0,361.0,2428.0,10.0,7.0,,10
00-0035993,2022,veteran,QB,5.1917196957185165,24.508627804043602,127.24192568528763,872.5686307271574,5.07772794329842,2.895002816382686,30.245478209640293,159.92169739685158,1.1945811939952655,1.123540961619203,6.857555998368927,0.03990609161211031,0.09256993574098842,0.024896015900086083,0.005129237738184864,0.024633957844774772,0.0018919096992229874,1.3704065668839726e-11,0.870361993477176,70.33622634993294,71.20658834341012,veteran,Tyler Huntley,QB,5.0,50.019999999999996,0.0,0.0,0.0,0.0,43.0,137.0,1.0,112.0,75.0,658.0,2.0,3.0,7.0,0.0,0.0,0.0,0.0,0.0,0.0,0.0,0.0,0.0,0.0,0.0,0.0,0.0,0.0,17,82.64000000000001,10.334568245125348,0.37102654432246435,0.4117647058823529,24.57494866529774,0.2639705882352941,1.0,0.4117647058823529,0.0,0.5882352941176471,0.0,10.0,7.0,0.0,0.0,0.0,0.0,47.0,294.0,2.0,188.0,1081.0,3.0,4.0,,10
00-0036197,2022,veteran,QB,2.1176837750745205,20.134900329596544,42.63935174072922,293.5078581784215,1.8589208720889452,1.0954886019797552,6.415437629408103,36.32870092392193,0.24590224333395272,0.4255878738343351,6.883497196747061,0.04359636805437873,0.05219640321664714,0.011816511354404593,0.0020596529672045082,0.004774443385772967,0.0003403057443466602,1.3704488113815142e-11,0.1679860663919752,21.24212841626037,21.410114482652347,veteran,,,0.0,0.0,0.0,0.0,0.0,0.0,0.0,0.0,0.0,0.0,0.0,0.0,0.0,0.0,0.0,0.0,0.0,0.0,0.0,0.0,0.0,0.0,0.0,0.0,0.0,0.0,0.0,0.0,0.0,17,10.900000000000002,3.633333333333334,0.1764705882352941,0.17647058823529413,24.09034907597536,0.09705882352941178,1.0,0.17647058823529413,0.0,0.8235294117647058,0.0,14.0,3.0,0.0,0.0,0.0,0.0,8.0,65.0,0.0,60.0,210.0,1.0,3.0,,10
00-0036212,2022,veteran,QB,10.570364639300315,30.54884020954228,322.9123803225814,2243.1305530928485,14.038400906916651,7.526102674753135,34.1198174672867,106.59571613149174,1.7056123102341925,1.7446296104210288,6.946561017115593,0.043474334718577964,0.17711036998493754,0.06013199242129527,0.015384057118673638,0.0011108337529918558,7.510920626136858e-05,1.3704859915971429e-11,3.163709824125113,148.23060665558654,151.39431647971165,veteran,Tua Tagovailoa,QB,13.0,239.92000000000002,0.0,0.0,0.0,0.0,24.0,70.0,0.0,400.0,259.0,3548.0,25.0,8.0,21.0,1.0,0.0,0.0,9.0,9.0,0.0,0.0,0.0,0.0,0.0,0.0,4.0,2.0,1.0,17,181.92,13.963675937122126,0.7216284942030016,0.7647058823529411,24.501026694045173,0.6080882352941177,1.0,0.7647058823529411,0.058823529411764705,0.17647058823529413,1.0,4.0,13.0,0.0,0.0,0.0,0.0,42.0,128.0,3.0,388.0,2653.0,16.0,10.0,,10
00-0036264,2022,veteran,QB,4.540661499196651,16.597945700096957,75.36565300618686,538.3962031938684,3.368128718048966,1.930507861054503,9.664160277228907,29.20437814645162,0.36108820841150097,0.868055272122083,7.143787411351305,0.04469050003152593,0.0323726534061896,0.006434579699159507,0.000983607887466537,0.000340082872159096,2.207801373107814e-05,1.3705161173899546e-11,0.20144616884240346,34.49820379871159,34.699649967553995,veteran,Jordan Love,QB,4.0,11.7,0.0,0.0,0.0,0.0,1.0,-1.0,0.0,21.0,14.0,195.0,1.0,0.0,0.0,0.0,0.0,0.0,0.0,0.0,0.0,0.0,0.0,0.0,0.0,0.0,0.0,0.0,0.0,17,21.14,3.5233333333333334,0.3529411764705882,0.35294117647058826,23.83025325119781,0.19411764705882356,1.0,0.35294117647058826,0.0,0.6470588235294118,0.0,11.0,6.0,0.0,0.0,0.0,0.0,12.0,27.0,0.0,62.0,411.0,2.0,3.0,,10
00-0036312,2022,veteran,QB,0.44704986337752045,27.622600436428954,12.3486797512374,87.24735034675595,0.5397072825699194,0.3222895010241379,0.3643804236629279,1.6190777722656144,0.015982029237272655,0.08426560700868936,7.065318082932171,0.04370566679533802,0.1413334413395708,0.043973042245360944,0.01038223815953907,8.327367985999652e-05,5.154137426394883e-06,1.370551912507226e-11,0.10199374946931027,5.0934128807344585,5.1954066302037685,veteran,,,0.0,0.0,0.0,0.0,0.0,0.0,0.0,0.0,0.0,0.0,0.0,0.0,0.0,0.0,0.0,0.0,0.0,0.0,0.0,0.0,0.0,0.0,0.0,0.0,0.0,0.0,0.0,0.0,0.0,17,0.0,9.753333333333336,0.1875,0.0,26.390143737166323,0.056249999999999994,0.0,0.1875,0.0,1.0,0.0,17.0,0.0,0.0,0.0,0.0,0.0,0.0,0.0,0.0,0.0,0.0,0.0,0.0,,10
00-0036355,2022,veteran,QB,14.234290963750986,39.14921531334047,557.261321772624,4060.3439692602647,27.86696664521998,12.053284351475572,54.87132952976085,240.08532575797307,2.6255153025260025,2.133095278443893,7.286247601653901,0.05000699951070778,0.3571230940357658,0.17043634826239892,0.06003923915362366,0.004554350179556962,0.0003240329380003587,1.3704500173276557e-11,10.503433401717961,285.27049048240485,295.77392388412284,veteran,Justin Herbert,QB,17.0,286.76,2.0,2.0,-10.0,0.0,54.0,147.0,0.0,699.0,477.0,4739.0,25.0,10.0,38.0,3.0,0.0,0.0,6.5,6.5,0.0,0.0,0.0,0.0,0.0,0.0,5.0,1.0,0.0,17,395.76,23.12526315789474,0.9788533834586466,1.0,24.479123887748116,0.83125,1.0,1.0,0.0,0.0,0.0,0.0,17.0,0.0,0.0,0.0,0.0,63.0,302.0,3.0,672.0,5014.0,38.0,15.0,5.2,10
00-0036384,2022,veteran,QB,0.16803875109293792,19.334221920181704,3.248898504821038,23.139740666537392,0.14409197445683053,0.07288752181595935,0.4291185255701153,1.664246680223587,0.016966727545949578,0.035152087874143555,7.122334117917303,0.04435102366017669,0.05118311705132006,0.011523159008542231,0.0019975081216767466,0.001058163085576817,7.142706415784469e-05,1.3704872284393714e-11,0.012372386659079615,1.554103338406668,1.5664757250657477,veteran,,,0.0,0.0,0.0,0.0,0.0,0.0,0.0,0.0,0.0,0.0,0.0,0.0,0.0,0.0,0.0,0.0,0.0,0.0,0.0,0.0,0.0,0.0,0.0,0.0,0.0,0.0,0.0,0.0,0.0,17,0.0,3.4800000000000004,0.125,0.0,25.76865160848734,0.0375,0.0,0.125,0.0,1.0,0.0,17.0,0.0,0.0,0.0,0.0,0.0,0.0,0.0,0.0,0.0,0.0,0.0,0.0,,10
00-0036389,2022,veteran,QB,12.713837328083546,29.35092093186247,373.16283415714173,2687.8286452443194,15.887512601987694,8.447006882066264,89.08552329563321,468.4715575326607,4.781182355681243,2.2385020357722993,7.202830505120598,0.04257528121167967,0.1753545692788204,0.059296440193234407,0.015114352549193907,0.04057497292264639,0.003219269254112735,1.3703934562819075e-11,4.321837754029932,225.22642826939997,229.5482660234299,veteran,Jalen Hurts,QB,15.0,386.04,0.0,0.0,0.0,0.0,165.0,760.0,13.0,460.0,306.0,3701.0,22.0,6.0,38.0,2.0,0.0,2.5,5.5,8.0,0.0,0.0,0.0,1.0,1.0,0.0,4.0,1.0,0.0,17,315.66,16.456106194690268,0.8797718202325178,0.8823529411764706,24.0684462696783,0.7477941176470588,1.0,0.8823529411764706,0.0,0.11764705882352941,0.0,2.0,15.0,1.0,0.0,0.0,0.0,139.0,784.0,10.0,432.0,3144.0,16.0,9.0,6.5,10
00-0036442,2022,veteran,QB,12.59436807046576,34.348001776187715,432.5913768543198,3321.8744457116763,21.49867337415003,9.918376794358283,35.49686685243597,116.70782848623047,1.6210842343534735,2.440628155069651,7.679012165862836,0.0496974154466097,0.3017280634865592,0.1310584353480346,0.04213224337561239,0.0008853988772871763,5.939701865994588e-05,1.3704917665291773e-11,7.349502651989008,215.54894968095522,222.89845233294423,veteran,Joe Burrow,QB,16.0,362.2,0.0,0.0,0.0,0.0,75.0,257.0,5.0,606.0,414.0,4475.0,35.0,12.0,41.0,3.0,0.0,0.0,11.5,11.5,0.0,0.0,0.0,0.0,0.0,0.0,5.0,3.0,1.0,17,330.74,20.019989572471324,0.8571045206403729,0.9411764705882353,25.724845995893222,0.7051470588235295,1.0,0.9411764705882353,0.0,0.058823529411764705,0.0,1.0,16.0,0.0,0.0,0.0,0.0,40.0,118.0,2.0,520.0,4611.0,34.0,14.0,,10
00-0036898,2022,veteran,QB,10.09891833329345,29.330953464244146,296.2109036730322,2079.87410658519,13.019300544034941,7.141561950814098,20.5599034299929,61.16189488793213,0.7402204102967119,1.7267648658642778,7.021598735207354,0.043952806539512446,0.1635631468194365,0.053799071550967026,0.013369235781420932,0.00029167508588039733,1.8836670215083736e-05,1.3705200241018514e-11,2.7400400958767825,128.0930247567641,130.8330648526409,veteran,Davis Mills,QB,15.0,183.52,0.0,0.0,0.0,0.0,32.0,108.0,2.0,479.0,292.0,3118.0,17.0,15.0,31.0,3.0,0.0,0.0,2.0,2.0,0.0,0.0,0.0,0.0,0.0,0.0,2.0,0.0,0.0,17,160.95999999999998,12.38153846153846,0.7647058823529411,0.7647058823529411,23.863107460643395,0.42058823529411765,1.0,0.7647058823529411,0.0,0.23529411764705882,0.0,4.0,13.0,0.0,0.0,0.0,0.0,18.0,44.0,0.0,394.0,2664.0,16.0,10.0,,10
00-0036945,2022,veteran,QB,9.359983572168716,25.48512913041311,238.5403899952651,1695.0654960152845,9.71930059729088,6.554020587002298,54.53736271431536,290.84652017026184,1.9618763967459523,2.19035063484667,7.105989455491922,0.04074488432539162,0.11468721899745084,0.033122350217751874,0.007297853460093675,0.025243386405490672,0.00194147131584826,1.3704059294561445e-11,1.9386589353667674,130.04699018357888,131.98564911894564,veteran,Justin Fields,QB,15.0,300.48,0.0,0.0,0.0,0.0,160.0,1143.0,8.0,318.0,192.0,2242.0,17.0,11.0,55.0,2.0,0.0,4.5,0.0,4.5,0.0,0.0,0.0,3.0,1.0,0.0,0.0,0.0,0.0,17,127.80000000000001,10.65,0.7058823529411764,0.7058823529411765,23.49349760438056,0.3882352941176471,1.0,0.7058823529411765,0.11764705882352941,0.17647058823529413,2.0,5.0,12.0,0.0,0.0,0.0,0.0,72.0,420.0,2.0,270.0,1870.0,7.0,10.0,13.6,10
00-0036971,2022,veteran,QB,13.424525778377959,32.90156927342926,441.6879648602393,2937.8435052715345,15.625537956102102,11.35704290563831,61.48062566733238,266.26606323760666,2.2016070933580036,2.9244993411110434,6.651400398018857,0.03537687054943052,0.19193951254259062,0.06736508544916099,0.017766641383398812,0.007161557593382401,0.0005186759618200699,1.3704384383342732e-11,4.516815876896687,191.28905642567977,195.80587230257646,veteran,Trevor Lawrence,QB,17.0,301.12,0.0,0.0,0.0,0.0,62.0,291.0,5.0,584.0,387.0,4113.0,25.0,8.0,27.0,9.0,0.0,0.0,5.5,5.5,0.0,0.0,0.0,0.0,0.0,0.0,4.0,1.0,0.0,17,201.04,11.825882352941177,1.0,1.0,22.90485968514716,0.55,1.0,1.0,0.0,0.0,0.0,0.0,17.0,0.0,0.0,0.0,0.0,73.0,334.0,2.0,602.0,3641.0,12.0,17.0,,10
00-0036972,2022,veteran,QB,13.259080318752158,30.397044449944627,403.0368538144953,2908.982467275075,17.829980227416986,9.694456392932862,39.76587755332787,122.69075403863063,1.2368489737932307,2.510676861336887,7.217658732057254,0.04423908150995924,0.19319900586803548,0.0679939825741118,0.017977788237067104,0.0008820002978080441,5.916115303030071e-05,1.370491864432354e-11,4.403556673770805,182.9591223387539,187.3626790125247,veteran,Mac Jones,QB,14.0,173.58,0.0,0.0,0.0,0.0,47.0,102.0,1.0,442.0,288.0,2997.0,14.0,11.0,34.0,1.0,0.0,0.0,3.5,3.5,0.0,0.0,0.0,0.0,0.0,0.0,2.0,1.0,0.0,17,226.94,13.349411764705883,1.0,1.0,23.98904859685147,0.55,1.0,1.0,0.0,0.0,0.0,0.0,17.0,0.0,0.0,0.0,0.0,44.0,129.0,0.0,521.0,3801.0,22.0,13.0,,10
00-0037012,2022,veteran,QB,4.776088820384447,20.792238710973322,99.30557885824442,726.754247566288,4.742644759006538,2.3642671549129988,27.03354798237181,113.21496375951675,1.0096391200085126,0.8355152756948644,7.3183627337161665,0.04775808986297249,0.06909837252538463,0.01697196271382087,0.0032049309978079516,0.011808865997018515,0.0008737309467062757,1.370425599288361e-11,0.5448831547194752,59.0205151734647,59.56539832818418,veteran,Trey Lance,QB,2.0,12.46,0.0,0.0,0.0,0.0,16.0,67.0,0.0,31.0,15.0,194.0,0.0,1.0,2.0,0.0,0.0,0.0,0.0,0.0,0.0,0.0,0.0,0.0,0.0,0.0,0.0,0.0,0.0,17,64.92,10.82,0.3529411764705882,0.35294117647058826,22.313483915126625,0.19411764705882356,1.0,0.35294117647058826,0.058823529411764705,0.5882352941176471,1.0,11.0,6.0,0.0,0.0,0.0,0.0,38.0,168.0,1.0,71.0,603.0,5.0,2.0,9.4,10
00-0037013,2022,veteran,QB,10.218272055531468,29.380574013756192,300.2186984202389,2037.6997543645928,11.630950437789313,7.615471536550302,31.25318833616676,172.3682796178526,1.74330735057441,1.7471725775982456,6.787384546955399,0.03874159237579729,0.14992449180576456,0.04768724078466128,0.011490729285070124,0.004555813447584885,0.00032414101754053566,1.3704500091200435e-11,2.5492426240082993,137.00317576267557,139.55241838668385,veteran,Zach Wilson,QB,9.0,101.92,1.0,1.0,2.0,1.0,28.0,102.0,1.0,242.0,132.0,1688.0,6.0,7.0,23.0,1.0,0.0,0.0,3.5,3.5,0.0,0.0,0.0,0.0,0.0,0.0,2.0,1.0,0.0,17,151.86,11.681538461538462,0.7647058823529411,0.7647058823529411,23.080082135523615,0.42058823529411765,1.0,0.7647058823529411,0.23529411764705882,0.0,4.0,4.0,13.0,1.0,0.0,0.0,0.0,29.0,185.0,4.0,383.0,2334.0,9.0,11.0,,10
00-0038102,2022,rookie,QB,9.219226957730337,30.069036222949368,277.21326933958477,1877.1308230793636,10.073378804974187,7.576268038817012,28.744822499218024,140.4894705316391,1.3862751276218621,2.064976761255296,6.771432073043691,0.036338010907531096,0.15861785711578216,0.05155241087802992,0.012671012255318932,0.00343545746471613,0.00024185063296074428,1.37045721645735e-11,2.443894740121501,118.46285636182178,120.90675110194329,rookie,Kenny Pickett,QB,13.0,150.85999999999999,0.0,0.0,0.0,0.0,55.0,237.0,3.0,389.0,245.0,2404.0,7.0,9.0,27.0,1.0,0.0,0.0,1.0,1.0,0.0,0.0,0.0,0.0,0.0,0.0,1.0,0.0,0.0,17,0.0,,,0.0,24.238193018480494,0.0,0.0,0.0,0.0,1.0,0.0,17.0,0.0,0.0,0.0,0.0,0.0,0.0,0.0,0.0,0.0,0.0,0.0,0.0,,10
00-0038108,2022,rookie,QB,3.8040652277748226,22.79288719384716,86.70562961470803,587.1212812864809,3.1507101146836116,2.3696740491549595,12.585228884760358,61.5099342703394,0.6069472086267407,0.8520569381435669,6.771432073043691,0.036338010907531096,0.07207579934901451,0.017929335255208026,0.0034276474613722835,0.00404979426454124,0.000286855858847446,1.370453016539604e-11,0.41960808155428303,39.43690641439102,39.8565144959453,rookie,Bailey Zappe,QB,4.0,40.14,1.0,1.0,-6.0,0.0,10.0,0.0,0.0,92.0,65.0,781.0,5.0,3.0,6.0,3.0,0.0,0.0,1.0,1.0,0.0,0.0,0.0,0.0,0.0,0.0,1.0,0.0,0.0,17,0.0,,,0.0,23.351129363449694,0.0,0.0,0.0,0.0,1.0,0.0,17.0,0.0,0.0,0.0,0.0,0.0,0.0,0.0,0.0,0.0,0.0,0.0,0.0,,10
00-0038122,2022,rookie,QB,5.251174406008365,23.737343682372043,124.64893161149644,844.0517733847166,4.529494236510655,3.4066685151496667,18.36313666457652,89.74928780223522,0.8855980802774491,1.1761889763016973,6.771432073043691,0.036338010907531096,0.08125782243922056,0.02097039137298891,0.00415363053442326,0.004725259075609341,0.0003366664263058422,1.3704490760024002e-11,0.6629656487275879,57.00285016041676,57.66581580914435,rookie,Desmond Ridder,QB,4.0,38.72,0.0,0.0,0.0,0.0,16.0,64.0,0.0,115.0,73.0,708.0,2.0,0.0,9.0,2.0,0.0,0.0,0.0,0.0,0.0,0.0,0.0,0.0,0.0,0.0,0.0,0.0,0.0,17,0.0,,,0.0,23.003422313483917,0.0,0.0,0.0,0.0,1.0,0.0,17.0,0.0,0.0,0.0,0.0,0.0,0.0,0.0,0.0,0.0,0.0,0.0,0.0,,10
00-0038128,2022,rookie,QB,4.981208864662656,23.909048535119314,119.09596450878601,806.4502338448667,4.327710457363202,3.2549053355547866,16.828790071079553,82.25021416773018,0.8116012232861061,1.1157205040778788,6.771432073043691,0.036338010907531096,0.08299569664620009,0.021560776964480832,0.0042976818869077055,0.004292864323335253,0.0003047431087026756,1.3704515278581755e-11,0.6409929396752572,53.9222282604718,54.563221200147055,rookie,Malik Willis,QB,7.0,19.34,0.0,0.0,0.0,0.0,27.0,123.0,1.0,61.0,31.0,276.0,0.0,3.0,10.0,2.0,0.0,0.0,0.0,0.0,0.0,0.0,0.0,0.0,0.0,0.0,0.0,0.0,0.0,17,0.0,,,0.0,23.27173169062286,0.0,0.0,0.0,0.0,1.0,0.0,17.0,0.0,0.0,0.0,0.0,0.0,0.0,0.0,0.0,0.0,0.0,0.0,0.0,,10
00-0038132,2022,rookie,QB,4.8908862755603035,24.346720170652695,119.07703953755248,806.3220846876745,4.327022761552094,3.2543881140847115,15.884354912556782,77.63431523929053,0.7660539957828802,1.0954895185117435,6.771432073043691,0.036338010907531096,0.08752047112840194,0.023119661658610634,0.004682661640694677,0.0038470242830353,0.0002719681481638587,1.3704543281419632e-11,0.6642814623547157,53.22097466714878,53.885256129503496,rookie,,,0.0,0.0,0.0,0.0,0.0,0.0,0.0,0.0,0.0,0.0,0.0,0.0,0.0,0.0,0.0,0.0,0.0,0.0,0.0,0.0,0.0,0.0,0.0,0.0,0.0,0.0,0.0,0.0,0.0,17,0.0,,,0.0,23.583846680355922,0.0,0.0,0.0,0.0,1.0,0.0,17.0,0.0,0.0,0.0,0.0,0.0,0.0,0.0,0.0,0.0,0.0,0.0,0.0,,10
00-0019596,2023,veteran,QB,13.18008973190226,44.66993747094318,588.7537841854943,4102.241678022852,26.636899340230006,10.452684730932484,26.595268673688025,37.1196042584251,1.1691103932441833,2.525265905009434,6.967669318165077,0.04524285033187611,0.40912633250089003,0.21306285673594896,0.08807888755467186,3.592418795903145e-05,2.619925869351679e-06,1.3707443449363208e-11,11.926903693101334,255.4079859952579,267.3348896883592,veteran,,,0.0,0.0,0.0,0.0,0.0,0.0,0.0,0.0,0.0,0.0,0.0,0.0,0.0,0.0,0.0,0.0,0.0,0.0,0.0,0.0,0.0,0.0,0.0,0.0,0.0,0.0,0.0,0.0,0.0,17,283.15999999999997,19.513992647058824,1.0,1.0,46.078028747433265,1.0,1.0,1.0,0.0,0.0,0.0,0.0,17.0,1.0,0.0,0.0,0.0,29.0,-1.0,1.0,733.0,4694.0,25.0,9.0,,11
00-0022924,2023,veteran,QB,3.7446185054174506,34.20600474768036,128.08843837456104,869.7162064388023,5.641745660725185,2.613702169260849,5.8112022116829545,9.659891476967546,0.2299533993929325,0.7452200356925621,6.78996650654406,0.04404570570395573,0.2192689364661165,0.08221161565356064,0.022252195090803607,2.9357432157534588e-05,2.112990195127661e-06,1.3707502175951512e-11,1.4496289872051407,52.983496034600364,54.4331250218055,veteran,,,0.0,0.0,0.0,0.0,0.0,0.0,0.0,0.0,0.0,0.0,0.0,0.0,0.0,0.0,0.0,0.0,0.0,0.0,0.0,0.0,0.0,0.0,0.0,0.0,0.0,0.0,0.0,0.0,0.0,17,0.0,15.216349413298568,0.9399541759337373,0.0,41.50034223134839,0.4229779411764706,0.0,0.9411764705882353,0.0,1.0,0.0,17.0,0.0,0.0,0.0,0.0,0.0,0.0,0.0,0.0,0.0,0.0,0.0,0.0,,11
00-0023459,2023,veteran,QB,13.329369721128415,35.057762944538,467.29788388342257,3371.0496650431583,24.263270301982182,8.903166642675883,27.26426608470673,84.5641688246563,1.209809648723302,2.3624037210522895,7.213920245108874,0.05192249128188899,0.2674650972080704,0.10997396551555283,0.033489708491627336,0.00028297012758205837,2.3617227164818102e-05,1.3706842972824865e-11,6.661004067887482,225.07920185700414,231.74020592489163,veteran,Aaron Rodgers,QB,1.0,0.0,0.0,0.0,0.0,0.0,0.0,0.0,0.0,1.0,0.0,0.0,0.0,0.0,1.0,0.0,0.0,0.0,0.0,0.0,0.0,0.0,0.0,0.0,0.0,0.0,0.0,0.0,0.0,17,239.2,17.66995883233533,0.983092638252906,1.0,39.748117727583846,0.9823529411764707,1.0,1.0,0.0,0.0,0.0,0.0,17.0,0.0,0.0,0.0,0.0,34.0,94.0,1.0,542.0,3695.0,26.0,12.0,11.1,11
00-0026143,2023,veteran,QB,10.286906069293922,34.13593887852801,351.1531968305761,2463.007145598974,14.044537846705452,8.338115987828159,19.762833381409063,52.41226104021025,0.7779662324820951,2.3464815671280133,7.014053033916483,0.03999547198621017,0.23573399951346125,0.09130632685325805,0.02576388153580607,0.00015721164184026378,1.2626002185510847e-05,1.3707013984819204e-11,4.365736226242419,143.23826559978204,147.60400182602444,veteran,,,0.0,0.0,0.0,0.0,0.0,0.0,0.0,0.0,0.0,0.0,0.0,0.0,0.0,0.0,0.0,0.0,0.0,0.0,0.0,0.0,0.0,0.0,0.0,0.0,0.0,0.0,0.0,0.0,0.0,17,162.78,14.347486842105264,0.8637770897832817,0.7058823529411765,38.29158110882957,0.8382352941176471,1.0,1.0,0.11764705882352941,0.17647058823529413,2.0,5.0,12.0,0.0,0.0,0.0,0.0,27.0,70.0,1.0,461.0,3057.0,14.0,13.0,,11
00-0026158,2023,veteran,QB,2.511748857710133,28.010503396307477,70.35534990956111,481.3922958028501,2.9857835746729533,1.4803705533563731,1.8758587898268926,6.348053159312841,0.07359206643285567,0.5961292430785016,6.842298367098734,0.042438614526273476,0.13451462890825516,0.041568262167147936,0.00874370275290538,2.8025401641951136e-05,2.0110134634003185e-06,1.3707515684641391e-11,0.5384824584127151,28.122184252464486,28.6606667108772,veteran,Joe Flacco,QB,5.0,107.84,0.0,0.0,0.0,0.0,9.0,2.0,0.0,204.0,123.0,1616.0,13.0,8.0,8.0,1.0,0.0,0.0,7.0,7.0,0.0,0.0,0.0,0.0,0.0,0.0,4.0,2.0,0.0,17,50.34,10.504385832705351,0.27211700429983604,0.29411764705882354,38.62286105407255,0.2439338235294118,1.0,0.3125,0.0,0.7058823529411765,0.0,12.0,5.0,0.0,0.0,-3.0,0.0,3.0,6.0,0.0,191.0,1051.0,5.0,3.0,,11
00-0026300,2023,veteran,QB,0.003440026142922048,17.92146585378083,0.06165031105649086,0.4434244316345515,0.0028243518616292806,0.0014308442948972333,0.005654147558811557,0.019300236473142152,0.00022019305107027972,0.0006274818759584683,7.192574117399615,0.04581245111709649,0.04389525010022418,0.009634140860218124,0.001249101952887756,0.00020306641019676825,1.658405626672009e-05,1.3706939518494419e-11,0.00021009136751150683,0.028168914323923672,0.02837900569143518,veteran,,,0.0,0.0,0.0,0.0,0.0,0.0,0.0,0.0,0.0,0.0,0.0,0.0,0.0,0.0,0.0,0.0,0.0,0.0,0.0,0.0,0.0,0.0,0.0,0.0,0.0,0.0,0.0,0.0,0.0,17,0.7,8.503428571428573,0.17983193277310927,0.058823529411764705,37.29774127310061,0.10294117647058823,1.0,0.23529411764705882,0.0,0.9411764705882353,0.0,16.0,1.0,0.0,0.0,0.0,0.0,2.0,3.0,0.0,2.0,10.0,0.0,0.0,,11
00-0026498,2023,veteran,QB,8.667033214360622,32.267289973404175,279.66167393689943,2053.399996766497,13.222145204987065,6.889737490831707,13.478880415179507,28.596426154934893,0.507332502118942,1.6609221911739145,7.342443345418184,0.04727907481512966,0.22993315042252574,0.08805659079159364,0.024489769496714255,5.231306303195282e-05,3.909925090941821e-06,1.3707334110827836e-11,3.562633869244269,123.82689895480404,127.3895328240483,veteran,Matthew Stafford,QB,15.0,248.1,0.0,0.0,0.0,0.0,21.0,65.0,0.0,521.0,326.0,3965.0,24.0,11.0,30.0,0.0,0.0,0.0,5.0,5.0,0.0,0.0,0.0,0.0,0.0,0.0,5.0,0.0,0.0,17,109.38000000000001,16.205848214285716,0.8151260504201681,0.5294117647058824,35.564681724846,0.7411764705882353,1.0,1.0,0.11764705882352941,0.35294117647058826,2.0,8.0,9.0,0.0,0.0,0.0,0.0,13.0,9.0,1.0,303.0,2087.0,10.0,8.0,17.4,11
00-0027688,2023,veteran,QB,2.5762384876415543,21.852232440359323,56.29656225374301,393.0416026688948,2.213383016736547,1.2485883356227592,5.769932937577893,14.743615328284093,0.198412157574346,0.46081941313343194,6.981627064497397,0.03931648626714121,0.07153777284367795,0.018019940510801472,0.0028582619239548392,0.00021415539507835293,1.755063890815661e-05,1.3706924048507251e-11,0.269280526294873,23.821215154464085,24.09049568075896,veteran,,,0.0,0.0,0.0,0.0,0.0,0.0,0.0,0.0,0.0,0.0,0.0,0.0,0.0,0.0,0.0,0.0,0.0,0.0,0.0,0.0,0.0,0.0,0.0,0.0,0.0,0.0,0.0,0.0,0.0,17,32.8,6.811265822784811,0.3122486969471333,0.23529411764705882,36.988364134154686,0.2904411764705882,1.0,0.4117647058823529,0.17647058823529413,0.5882352941176471,3.0,13.0,4.0,0.0,0.0,0.0,0.0,14.0,36.0,0.0,132.0,780.0,1.0,3.0,,11
00-0027939,2023,veteran,QB,2.5983457435911625,22.768351990759797,59.16005048377609,416.6873788179442,2.483074107674586,1.487374035094549,16.937719440734938,73.24974450201749,0.9390695409933837,0.4716868051850379,7.043391197446924,0.04197214315014045,0.08241578837443798,0.021665486500196316,0.0036511790526688476,0.021487364906335536,0.00242789805408619,1.3705577245367178e-11,0.3828547820531918,35.64106159901899,36.02391638107218,veteran,,,0.0,0.0,0.0,0.0,0.0,0.0,0.0,0.0,0.0,0.0,0.0,0.0,0.0,0.0,0.0,0.0,0.0,0.0,0.0,0.0,0.0,0.0,0.0,0.0,0.0,0.0,0.0,0.0,0.0,17,0.0,15.17365344467641,0.6916446641286995,0.0,34.30800821355236,0.2641544117647059,0.0,0.9375,0.0,1.0,0.0,17.0,0.0,0.0,0.0,0.0,0.0,0.0,0.0,0.0,0.0,0.0,0.0,0.0,,11
00-0027973,2023,veteran,QB,10.179778947777821,27.940590496942406,284.42903492925535,2036.256989223944,12.645151474322383,7.111555301947155,18.493526505911237,53.60304204053148,0.5803065103815042,1.6588175473327735,7.159103815580615,0.04445801912405866,0.1505896434356683,0.04849407625131857,0.010774139450441858,0.0001715066049942478,1.3852687415744717e-05,1.370698866392462e-11,2.4947718882380845,123.3322830340296,125.82705492226769,veteran,Andy Dalton,QB,2.0,26.14,0.0,0.0,0.0,0.0,3.0,12.0,0.0,58.0,34.0,361.0,2.0,0.0,3.0,0.0,0.0,0.0,2.5,2.5,0.0,0.0,0.0,0.0,0.0,0.0,1.0,1.0,0.0,17,176.74,12.250287371473767,0.7319472015012174,0.8235294117647058,35.841204654346335,0.6972426470588236,1.0,0.8235294117647058,0.0,0.17647058823529413,0.0,3.0,14.0,0.0,0.0,0.0,0.0,30.0,54.0,0.0,378.0,2871.0,18.0,9.0,,11
00-0028118,2023,veteran,QB,1.3316908154020255,18.990596547696583,25.289603001572953,179.55083606693006,1.1232315610503485,0.6381203767675251,4.0826650392823725,28.496852774344607,0.18737863790793097,0.25306499743528393,7.099788638665559,0.04441475656934932,0.05006838296681494,0.011390436497533142,0.0015578043722628008,0.00943659057049186,0.0009988621224673619,1.3705820156359551e-11,0.10813932708863833,13.866546043355024,13.974685370443662,veteran,Tyrod Taylor,QB,10.0,88.34,0.0,0.0,0.0,0.0,38.0,197.0,0.0,180.0,116.0,1341.0,5.0,3.0,17.0,0.0,0.0,0.0,1.0,1.0,0.0,0.0,0.0,0.0,0.0,0.0,1.0,0.0,0.0,17,11.319999999999999,9.999398058252428,0.24995716733295262,0.11764705882352941,34.078028747433265,0.18933823529411764,1.0,0.35294117647058826,0.058823529411764705,0.8235294117647058,1.0,15.0,2.0,0.0,0.0,0.0,0.0,5.0,70.0,0.0,8.0,58.0,1.0,1.0,,11
00-0028986,2023,veteran,QB,0.9272606723711339,13.664119844388132,12.670200954267091,89.62937876857414,0.5642568095945757,0.28365723398175946,1.3465893046946062,3.2289920453536483,0.0509785686989625,0.17204706927423216,7.074029772068344,0.0445341641881808,0.01863834822543137,0.0032862118641878574,0.0003040478514642035,5.965420295036481e-05,4.4970049038283576e-06,1.3707295907200155e-11,0.02247880293731962,5.5595643993384245,5.582043202275744,veteran,Case Keenum,QB,2.0,9.74,0.0,0.0,0.0,0.0,2.0,1.0,0.0,53.0,34.0,291.0,1.0,3.0,6.0,0.0,0.0,0.0,0.0,0.0,0.0,0.0,0.0,0.0,0.0,0.0,0.0,0.0,0.0,17,0.32,3.288154020385051,0.21039154619945374,0.11764705882352941,35.53730321697468,0.16231617647058824,1.0,0.29411764705882354,0.0,0.8823529411764706,0.0,15.0,2.0,0.0,0.0,0.0,0.0,5.0,0.0,0.0,7.0,8.0,0.0,0.0,,11
00-0029263,2023,veteran,QB,12.078631255429423,31.919062124547153,385.5385814215487,2813.3069388400113,17.69804345677571,8.474232800791112,40.38423313734826,194.37073929039062,1.7017620946478547,2.0911721873496045,7.297082767869438,0.04590472733369486,0.2207655542500224,0.08302184391692327,0.022558187027424317,0.0040446197998443125,0.0004030048009077395,1.3706068169413306e-11,4.7718302187428865,191.84128790134807,196.61311812009095,veteran,Russell Wilson,QB,15.0,258.9,0.0,0.0,0.0,0.0,80.0,341.0,3.0,447.0,297.0,3070.0,26.0,8.0,45.0,5.0,0.0,0.0,2.0,2.0,0.0,0.0,0.0,0.0,0.0,0.0,2.0,0.0,0.0,17,226.26000000000002,17.0962,0.8858823529411763,0.8823529411764706,34.75427789185489,0.8823529411764707,1.0,1.0,0.058823529411764705,0.058823529411764705,1.0,2.0,15.0,1.0,1.0,1.0,0.0,55.0,277.0,3.0,483.0,3524.0,16.0,11.0,13.9,11
00-0029567,2023,veteran,QB,1.5447711108349158,23.66119696833978,36.55113352446598,254.55016993190648,1.5289933878454334,0.9795685759159711,2.0054884366806505,5.643945610163386,0.08057422441829572,0.2738957917395186,6.964220952587421,0.0418316271045871,0.08895634632170153,0.02394523977629139,0.004171696900028143,6.71421393309029e-05,5.100716717352361e-06,1.3707261506140279e-11,0.205906238043733,14.838891520873124,15.044797758916857,veteran,,,0.0,0.0,0.0,0.0,0.0,0.0,0.0,0.0,0.0,0.0,0.0,0.0,0.0,0.0,0.0,0.0,0.0,0.0,0.0,0.0,0.0,0.0,0.0,0.0,0.0,0.0,0.0,0.0,0.0,17,1.7999999999999998,8.04165380374862,0.336545009403982,0.11764705882352941,34.61190965092403,0.1667279411764706,1.0,0.5625,0.058823529411764705,0.8235294117647058,1.0,15.0,2.0,0.0,0.0,0.0,0.0,2.0,8.0,0.0,42.0,225.0,0.0,4.0,,11
00-0029604,2023,veteran,QB,13.686861828934607,34.99574356305263,478.981906748329,3471.2965315932424,23.001883136237772,10.10097796130165,24.025666451937433,86.32857260061022,1.0307465827037539,2.5678298021166777,7.247239368933329,0.048022446802617184,0.2691818849763929,0.11102754935423316,0.03394609895556803,0.0002785251591215931,2.3222139975184268e-05,1.3706847579876975e-11,6.897203382497176,220.33911503812766,227.23631842062483,veteran,Kirk Cousins,QB,8.0,158.24,0.0,0.0,0.0,0.0,14.0,25.0,0.0,311.0,216.0,2331.0,18.0,5.0,17.0,4.0,0.0,0.0,8.5,8.5,0.0,0.0,0.0,0.0,0.0,0.0,4.0,3.0,0.0,17,303.08,18.54199476047904,0.983092638252906,1.0,35.03353867214237,0.9823529411764707,1.0,1.0,0.0,0.0,0.0,0.0,17.0,0.0,0.0,0.0,0.0,31.0,97.0,2.0,643.0,4547.0,29.0,14.0,12.0,11
00-0029701,2023,veteran,QB,10.54120215791602,30.1767446734517,318.0991660706698,2328.4033395782017,14.24894924400374,7.008260691762898,27.11486661192021,109.41991796625497,1.6143698514636646,1.9584426452172101,7.3197404706836515,0.044794047780804785,0.19394609373395486,0.06899523291265262,0.017454854209572063,0.0011249717611601547,0.0001028234700832112,1.3706441245533424e-11,3.5168387021273966,152.8267347905903,156.3435734927177,veteran,Ryan Tannehill,QB,9.0,80.03999999999999,1.0,0.0,0.0,0.0,17.0,74.0,1.0,230.0,149.0,1616.0,4.0,7.0,32.0,0.0,0.0,0.0,0.0,0.0,0.0,0.0,0.0,0.0,0.0,0.0,0.0,0.0,0.0,17,162.24,15.86659210526316,0.8637770897832817,0.7058823529411765,35.096509240246405,0.8382352941176471,1.0,1.0,0.11764705882352941,0.17647058823529413,2.0,5.0,12.0,0.0,0.0,0.0,0.0,34.0,98.0,2.0,325.0,2536.0,13.0,6.0,,11
00-0030520,2023,veteran,QB,0.7551372112437318,23.602120637791195,17.822839557859773,122.08284425795001,0.7646908077166286,0.49605746307007365,0.8529042126825105,3.4270582846004296,0.03634453227651343,0.159646656273427,6.849797635310708,0.04290510528550453,0.0843176936045567,0.022321700286971623,0.0037991317612333197,0.00011623365693398282,9.152479467775241e-06,1.3707101846291574e-11,0.09479121873806523,7.191441784616637,7.286233003354702,veteran,,,0.0,0.0,0.0,0.0,0.0,0.0,0.0,0.0,0.0,0.0,0.0,0.0,0.0,0.0,0.0,0.0,0.0,0.0,0.0,0.0,0.0,0.0,0.0,0.0,0.0,0.0,0.0,0.0,0.0,17,0.0,7.287581227436822,0.3405314291781695,0.0,33.719370294318956,0.15275735294117648,0.0,0.35294117647058826,0.0,1.0,0.0,17.0,0.0,0.0,0.0,0.0,0.0,0.0,0.0,0.0,0.0,0.0,0.0,0.0,,11
00-0030565,2023,veteran,QB,12.100879662013073,30.34120697763432,367.1552944365843,2675.3840772042313,17.48424433271584,7.706139092560263,42.5339538445021,209.87843856557325,1.456264270645984,2.441932295197496,7.2867914959791715,0.047620842182178436,0.19439121510311072,0.06921956962998167,0.017533182368363563,0.005049440441388526,0.0005109554754454214,1.3706003332462813e-11,4.103442272256721,186.3816271239503,190.48506939620702,veteran,Geno Smith,QB,15.0,232.26,1.0,1.0,-2.0,0.0,37.0,155.0,1.0,499.0,323.0,3624.0,20.0,9.0,31.0,3.0,0.0,0.0,5.5,5.5,0.0,0.0,0.0,0.0,0.0,0.0,4.0,1.0,0.0,17,309.38,17.425993580391015,0.9003619612420399,1.0,32.89253935660506,0.6299632352941177,1.0,1.0,0.0,0.0,0.0,0.0,17.0,0.0,0.0,0.0,0.0,68.0,366.0,1.0,572.0,4282.0,30.0,11.0,9.5,11
00-0031237,2023,veteran,QB,6.215943718477341,26.47571904813047,164.57157950939748,1201.0244665804287,7.149075804397627,3.8985587509223723,13.217310021326275,58.75141928984994,0.6077171272168121,1.039809903513603,7.297885030700863,0.04344052494184997,0.1374471719543798,0.042804501361413616,0.009097157872284392,0.0008604102122367403,7.725882605884912e-05,1.3706519311179226e-11,1.3726329012330694,76.28198926422158,77.65462216545465,veteran,Teddy Bridgewater,QB,1.0,-0.2,0.0,0.0,0.0,0.0,2.0,-2.0,0.0,0.0,0.0,0.0,0.0,0.0,0.0,0.0,0.0,0.0,0.0,0.0,0.0,0.0,0.0,0.0,0.0,0.0,0.0,0.0,0.0,17,39.02,13.064074941451992,0.6968332414933187,0.29411764705882354,30.806297056810404,0.5494485294117647,1.0,0.9375,0.0,0.7058823529411765,0.0,12.0,5.0,0.0,0.0,0.0,0.0,3.0,27.0,0.0,79.0,683.0,4.0,4.0,,11
00-0031280,2023,veteran,QB,12.73796394773236,32.84441064831195,418.37091872271446,3036.1218885032386,18.67055353480884,10.038890775539697,24.077584561156854,84.28121694746277,0.8098473403142162,2.350147621981682,7.257009874808011,0.04462679574338006,0.2332358245218701,0.08990070313595605,0.02521016681136651,0.00031738656362515627,2.6689699943658817e-05,1.3706809573926172e-11,5.335482606738253,184.6362186209537,189.97170122769197,veteran,Derek Carr,QB,17.0,248.61999999999998,0.0,0.0,0.0,0.0,32.0,40.0,0.0,548.0,375.0,3878.0,25.0,8.0,31.0,3.0,0.0,0.0,7.5,7.5,0.0,0.0,0.0,0.0,0.0,0.0,6.0,1.0,0.0,17,221.08,15.577704402515723,0.9389567147613761,0.8823529411764706,32.42984257357974,0.9352941176470589,1.0,1.0,0.0,0.11764705882352941,0.0,2.0,15.0,0.0,0.0,0.0,0.0,24.0,102.0,0.0,502.0,3522.0,24.0,14.0,18.8,11
00-0031345,2023,veteran,QB,9.178678080219392,28.318614866119276,259.927449533824,1972.1858644182241,12.055507692000049,5.69449431277367,16.77306849610938,32.057873351203945,0.8175401729471958,1.715749150840037,7.587447451030316,0.04638027924184776,0.1809872787033297,0.06258819335143126,0.015264319935407937,6.008979354506981e-05,4.531994341556532e-06,1.3707293790611622e-11,2.803765784725123,120.40000679030533,123.20377257503046,veteran,Jimmy Garoppolo,QB,7.0,65.1,0.0,0.0,0.0,0.0,20.0,39.0,0.0,169.0,110.0,1205.0,7.0,9.0,14.0,0.0,0.0,0.0,1.0,1.0,0.0,0.0,0.0,0.0,0.0,0.0,1.0,0.0,0.0,17,165.78,14.877409016838675,0.7164704284755729,0.6470588235294118,31.83025325119781,0.6768382352941177,1.0,0.8823529411764706,0.29411764705882354,0.058823529411764705,5.0,6.0,11.0,0.0,0.0,0.0,0.0,23.0,33.0,2.0,308.0,2437.0,16.0,4.0,,11
00-0031395,2023,veteran,QB,0.0,24.650761362559397,0.0,0.0,0.0,0.0,0.0,0.0,0.0,0.0,7.147440872589897,0.04407760387874981,1.3254960034547604e-08,9.371881492616534e-11,9.357622968839299e-14,5.264097369038133e-07,2.9144080003820087e-08,1.3708672052298037e-11,0.0,0.0,0.0,veteran,,,0.0,0.0,0.0,0.0,0.0,0.0,0.0,0.0,0.0,0.0,0.0,0.0,0.0,0.0,0.0,0.0,0.0,0.0,0.0,0.0,0.0,0.0,0.0,0.0,0.0,0.0,0.0,0.0,0.0,17,0.0,10.10530612244898,0.06009903961584633,0.0,32.16974674880219,0.027022058823529413,0.0,0.0625,0.0,1.0,0.0,17.0,0.0,0.0,0.0,0.0,0.0,0.0,0.0,0.0,0.0,0.0,0.0,0.0,,11
00-0031503,2023,veteran,QB,2.638309654852427,25.257286575443825,66.63654302736803,480.54611195295195,3.1470203088398794,1.695290184336109,7.476213857274208,30.478079944355148,0.28447982394104737,0.47037523231886735,7.211450206166738,0.04722664420852953,0.11729273364467804,0.03455459464733721,0.006815857538590683,0.0015317526439971255,0.00014290781347709022,1.3706351343211192e-11,0.48677460859338806,32.233281818249445,32.72005642684283,veteran,Jameis Winston,QB,6.0,11.959999999999999,0.0,0.0,0.0,0.0,5.0,-6.0,0.0,47.0,25.0,264.0,2.0,3.0,2.0,0.0,0.0,0.0,0.0,0.0,0.0,0.0,0.0,0.0,0.0,0.0,0.0,0.0,0.0,17,46.419999999999995,14.458773096821876,0.2945823007695318,0.17647058823529413,29.650924024640656,0.24871323529411765,1.0,0.4117647058823529,0.11764705882352941,0.7058823529411765,2.0,14.0,3.0,0.0,0.0,0.0,0.0,5.0,16.0,0.0,115.0,858.0,4.0,5.0,,11
00-0031800,2023,veteran,QB,8.139024796530657,27.813293722465453,226.3730872803368,1609.258751424532,10.044747830836155,5.602598344998507,24.623668373968524,104.02633010156892,0.888492001385686,1.8361812282710115,7.108878404046554,0.04437253540831424,0.14607596582997578,0.04651254597224264,0.010180860273383842,0.002055348657253203,0.00019557079327976086,1.3706265660633193e-11,1.9416067712382732,105.40536725225788,107.34697402349614,veteran,Taylor Heinicke,QB,5.0,66.0,0.0,0.0,0.0,0.0,15.0,124.0,1.0,136.0,74.0,890.0,5.0,4.0,8.0,0.0,0.0,0.0,0.0,0.0,0.0,0.0,0.0,0.0,0.0,0.0,0.0,0.0,0.0,17,115.96,13.386061179438665,0.7213569202515445,0.5294117647058824,30.46406570841889,0.5829044117647059,1.0,0.9411764705882353,0.0,0.47058823529411764,0.0,8.0,9.0,0.0,0.0,0.0,0.0,28.0,96.0,1.0,259.0,1859.0,12.0,6.0,,11
00-0032156,2023,veteran,QB,1.5509852441604277,22.267070696792292,34.535898081401896,243.3381132343139,1.6005115156669756,0.7875796257472443,2.1041095884936936,6.487529074329084,0.0877571624200654,0.28657541855283736,7.0459471666484665,0.04634341669339345,0.07746488157567055,0.019983377057023705,0.003279074979658936,9.429642716297267e-05,7.324302256874153e-06,1.3707162697758852e-11,0.17697265873301235,15.162556385393595,15.339529044126607,veteran,Trevor Siemian,QB,5.0,26.96,0.0,0.0,0.0,0.0,11.0,40.0,0.0,153.0,86.0,724.0,2.0,4.0,8.0,3.0,0.0,0.0,0.0,0.0,0.0,0.0,0.0,0.0,0.0,0.0,0.0,0.0,0.0,17,10.16,11.253793103448277,0.26369168356997974,0.11764705882352941,31.682409308692677,0.17058823529411765,1.0,0.35294117647058826,0.058823529411764705,0.8235294117647058,1.0,15.0,2.0,0.0,0.0,0.0,0.0,4.0,8.0,0.0,26.0,184.0,1.0,1.0,,11
00-0032245,2023,veteran,QB,0.0,27.0053436238625,0.0,0.0,0.0,0.0,0.0,0.0,0.0,0.0,7.127988660356218,0.04480895221888242,1.3254960034547604e-08,9.371881492616534e-11,9.357622968839299e-14,5.264097369038133e-07,2.9144080003820087e-08,1.3708672052298037e-11,0.0,0.0,0.0,veteran,,,0.0,0.0,0.0,0.0,0.0,0.0,0.0,0.0,0.0,0.0,0.0,0.0,0.0,0.0,0.0,0.0,0.0,0.0,0.0,0.0,0.0,0.0,0.0,0.0,0.0,0.0,0.0,0.0,0.0,17,0.0,12.959999999999999,0.05882352941176471,0.0,31.351129363449694,0.01764705882352941,0.0,0.058823529411764705,0.0,1.0,0.0,17.0,0.0,0.0,0.0,0.0,0.0,0.0,0.0,0.0,0.0,0.0,0.0,0.0,,11
00-0032268,2023,veteran,QB,9.542541107649596,22.646758902727402,216.1076277843057,1562.133421179269,9.965608087630327,5.499283224598472,47.464569163123926,239.35044284736662,2.0848419941504694,1.7925404379148435,7.228497379733466,0.046114096896093255,0.08733139861921592,0.023372798438797533,0.004039289614324849,0.015163167106489003,0.0016646065508919032,1.3705680515788593e-11,1.413529480905074,124.20821812230493,125.62174760321,veteran,Marcus Mariota,QB,2.0,11.76,0.0,0.0,0.0,0.0,8.0,52.0,0.0,23.0,15.0,164.0,1.0,1.0,3.0,1.0,0.0,0.0,0.0,0.0,0.0,0.0,0.0,0.0,0.0,0.0,0.0,0.0,0.0,17,196.56,12.400850215875128,0.6740419930841816,0.7647058823529411,29.83709787816564,0.5534926470588235,1.0,0.7647058823529411,0.0,0.23529411764705882,0.0,4.0,13.0,0.0,0.0,0.0,0.0,85.0,438.0,4.0,300.0,2219.0,15.0,9.0,,11
00-0032434,2023,veteran,QB,1.161427542156021,14.583641091898603,16.937842429049343,119.88320710036277,0.7602196127051061,0.38638552628148376,1.529918959299329,3.427355016205264,0.05833314066269286,0.21041655513058344,7.07783223291512,0.04488290736494792,0.02269691084551845,0.004201282601952712,0.0004195979477247984,4.0074489978578845e-05,2.9435380040727793e-06,1.370741164326271e-11,0.03470638230092074,7.335336917607483,7.370043299908404,veteran,,,0.0,0.0,0.0,0.0,0.0,0.0,0.0,0.0,0.0,0.0,0.0,0.0,0.0,0.0,0.0,0.0,0.0,0.0,0.0,0.0,0.0,0.0,0.0,0.0,0.0,0.0,0.0,0.0,0.0,17,0.78,4.533523600439079,0.2538056111577452,0.058823529411764705,30.986995208761122,0.16746323529411766,1.0,0.3125,0.0,0.9411764705882353,0.0,16.0,1.0,0.0,0.0,0.0,0.0,3.0,-1.0,0.0,3.0,22.0,0.0,0.0,,11
00-0032950,2023,veteran,QB,8.20162881104452,30.520230702045758,250.315603445624,1718.379418504417,11.180121626094357,6.044120509114461,23.862973753019887,95.19918941928955,0.9795291806170793,1.6604460419254499,6.864851391006874,0.04466410192652258,0.16976295542664585,0.057231747015115006,0.013503377406922177,0.0015530717010403075,0.00014503053372691104,1.3706347316331445e-11,2.3324443902271965,113.4436241681057,115.7760685583329,veteran,Carson Wentz,QB,1.0,26.119999999999997,0.0,0.0,0.0,0.0,17.0,56.0,1.0,24.0,17.0,163.0,2.0,1.0,2.0,0.0,0.0,0.0,0.0,0.0,0.0,0.0,0.0,0.0,0.0,0.0,0.0,0.0,0.0,17,117.3,15.385711938663745,0.7539945879775787,0.47058823529411764,30.6694045174538,0.6713235294117648,1.0,1.0,0.058823529411764705,0.47058823529411764,1.0,9.0,8.0,0.0,0.0,0.0,0.0,22.0,86.0,1.0,276.0,1755.0,11.0,9.0,,11
00-0033077,2023,veteran,QB,10.180538476448636,33.10499925212575,337.0267186490695,2452.24194359695,16.99356378286705,8.629568498044554,30.77168945739286,113.35020928101525,1.146020207056397,2.055947294404398,7.27610544774154,0.05042200764077008,0.23908856552506216,0.09320837402471001,0.026519475746796323,0.0013767738296160406,0.0001275388060689724,1.370638241717535e-11,4.413346503974971,162.9040434608882,167.31738996486317,veteran,Dak Prescott,QB,17.0,352.84000000000003,0.0,0.0,0.0,0.0,55.0,242.0,2.0,590.0,410.0,4516.0,36.0,9.0,39.0,2.0,0.0,0.0,10.0,10.0,0.0,0.0,0.0,0.0,0.0,0.0,5.0,2.0,1.0,17,199.60000000000002,19.159620804509352,0.7727794230682281,0.7058823529411765,30.091718001368925,0.7174632352941177,1.0,0.9411764705882353,0.23529411764705882,0.058823529411764705,4.0,5.0,12.0,0.0,0.0,0.0,0.0,45.0,182.0,1.0,394.0,2860.0,23.0,15.0,11.7,11
00-0033106,2023,veteran,QB,13.99038612173648,33.97066409158376,475.26270745306516,3414.057975879242,21.18625564376402,8.714199703608156,27.466481514914904,81.11920944467606,0.9772763966301036,3.1377012634384953,7.183517499563963,0.044577988787088414,0.24645557300527499,0.09744434816614064,0.028228211354653573,0.00022180754485967832,1.821957576656276e-05,1.3706913833350446e-11,6.286267387221391,211.57911900038067,217.86538638760206,veteran,Jared Goff,QB,17.0,295.6,0.0,0.0,0.0,0.0,32.0,21.0,2.0,605.0,407.0,4575.0,30.0,12.0,30.0,4.0,0.0,0.0,6.5,6.5,0.0,0.0,0.0,0.0,0.0,0.0,5.0,1.0,0.0,17,291.82,16.252264261909428,0.9441307644406518,1.0,28.88158795345654,0.9376838235294118,1.0,1.0,0.0,0.0,0.0,0.0,17.0,1.0,1.0,5.0,0.0,29.0,73.0,0.0,587.0,4438.0,29.0,7.0,12.7,11
00-0033119,2023,veteran,QB,10.891325856245372,24.327509725309504,264.95883568932413,1849.8154827945416,10.573575907625019,5.415352508839809,28.321913560279757,120.66772825018643,1.2361294781301229,2.2628746908786948,6.981520272694478,0.03990648539844507,0.0967909550548675,0.026760724220072384,0.004838969457345342,0.00135730373717782,0.00012561602284139888,1.370638656588989e-11,1.6136120943637464,120.4140182366441,122.02763033100784,veteran,Jacoby Brissett,QB,2.0,22.86,0.0,0.0,0.0,0.0,3.0,19.0,0.0,23.0,18.0,224.0,3.0,0.0,0.0,0.0,0.0,0.0,0.0,0.0,0.0,0.0,0.0,0.0,0.0,0.0,0.0,0.0,0.0,17,169.62,9.496968632371395,0.7476963244519891,0.8235294117647058,30.72142368240931,0.7325367647058824,1.0,0.8235294117647058,0.0,0.17647058823529413,0.0,3.0,14.0,0.0,0.0,0.0,0.0,49.0,243.0,2.0,369.0,2608.0,12.0,6.0,,11
00-0033275,2023,veteran,QB,4.426432308190573,18.105780863992845,80.14401338139655,565.7990499143577,3.3594447436742887,2.0995562851899607,5.267359380327942,20.919420541587947,0.1998457597046352,0.7641417719412266,7.059779340245693,0.04191760060339205,0.04282516781135887,0.009337036094286632,0.0011985927146836678,0.0001291125378441358,1.0236659199237012e-05,1.3707071273957989e-11,0.2628077986316587,33.633361469395695,33.89616926802735,veteran,PJ Walker,QB,5.0,19.96,0.0,0.0,0.0,0.0,13.0,30.0,0.0,111.0,54.0,674.0,1.0,5.0,11.0,2.0,0.0,0.0,0.0,0.0,0.0,0.0,0.0,0.0,0.0,0.0,0.0,0.0,0.0,17,40.14,5.070137931034483,0.32464503042596343,0.35294117647058826,28.511978097193705,0.3198529411764706,1.0,0.35294117647058826,0.11764705882352941,0.5294117647058824,2.0,11.0,6.0,0.0,0.0,0.0,0.0,6.0,39.0,0.0,106.0,731.0,3.0,3.0,,11
00-0033319,2023,veteran,QB,3.4889143201189303,19.287976921576345,67.29409888781115,485.38318692934814,2.964700099751921,1.6742090312457458,3.659570734610161,11.076495229600894,0.1429197083578541,0.653345678485893,7.21286405422489,0.0440558704069208,0.05485008599706447,0.012798719216154395,0.0018170575146837587,4.767740818957004e-05,3.541928563890796e-06,1.3707361105065625e-11,0.27121169730622385,28.584186229825544,28.85539792713177,veteran,Nick Mullens,QB,5.0,74.74000000000001,0.0,0.0,0.0,0.0,10.0,25.0,0.0,148.0,100.0,1306.0,7.0,8.0,12.0,0.0,0.0,0.0,8.0,8.0,0.0,0.0,0.0,0.0,0.0,0.0,3.0,2.0,1.0,17,11.759999999999998,6.90879389312977,0.37407947911989226,0.23529411764705882,28.449007529089666,0.24080882352941177,1.0,0.625,0.0,0.7647058823529411,0.0,13.0,4.0,0.0,0.0,0.0,0.0,4.0,8.0,0.0,25.0,224.0,1.0,1.0,,11
00-0033537,2023,veteran,QB,5.868170798106793,29.028367571052232,170.34341889715893,1241.4319402297947,7.892368013973045,3.877942117650243,30.585896730692593,140.51424443988284,1.1457954392028251,1.027618847076911,7.287818621154257,0.04633209821119,0.17400289811873337,0.05923412955683135,0.014154027044188623,0.013200785601772283,0.0014334220911629263,1.3705721407732997e-11,1.7986710190802828,92.3418248148349,94.14049583391518,veteran,Deshaun Watson,QB,6.0,86.8,0.0,0.0,0.0,0.0,26.0,142.0,1.0,171.0,105.0,1115.0,7.0,4.0,17.0,2.0,0.0,0.0,0.0,0.0,0.0,0.0,0.0,0.0,0.0,0.0,0.0,0.0,0.0,17,85.58,18.502617521367522,0.6349924585218704,0.35294117647058826,27.964407939767284,0.34411764705882353,1.0,1.0,0.0,0.6470588235294118,0.0,11.0,6.0,0.0,0.0,0.0,0.0,36.0,175.0,1.0,170.0,1102.0,7.0,5.0,18.4,11
00-0033550,2023,veteran,QB,0.15652499582888552,22.9857222645965,3.5978400815898883,25.256053314309863,0.15926258961032447,0.07870076183284701,0.6045034695997838,2.7713177727708667,0.02714903919173773,0.029303138794492062,7.019782075235871,0.044266166922001214,0.08385583243451349,0.022161836277270818,0.003762946502253748,0.005367937361977473,0.0005455235144045664,1.37059854473334e-11,0.02047514466567851,1.8713107021865272,1.8917858468522057,veteran,,,0.0,0.0,0.0,0.0,0.0,0.0,0.0,0.0,0.0,0.0,0.0,0.0,0.0,0.0,0.0,0.0,0.0,0.0,0.0,0.0,0.0,0.0,0.0,0.0,0.0,0.0,0.0,0.0,0.0,17,20.82,13.365882352941178,0.058823529411764705,0.058823529411764705,28.607802874743328,0.05,1.0,0.058823529411764705,0.0,0.9411764705882353,0.0,16.0,1.0,0.0,0.0,0.0,0.0,6.0,41.0,1.0,40.0,168.0,1.0,0.0,,11
00-0033662,2023,veteran,QB,5.528674383736974,19.611315422406115,108.42457720724255,769.8106512384705,4.703376197638877,2.41616936471898,6.445706691012439,11.27389421132821,0.2406064827329507,0.9493726539836527,7.099964519732973,0.04337924406796489,0.054985362352301476,0.012839149761124878,0.0018246461022242764,1.7521155977328124e-05,1.2193052621952711e-06,1.3707652330127762e-11,0.4307541108675602,45.44587512021959,45.87662923108715,veteran,Cooper Rush,QB,7.0,3.2600000000000002,0.0,0.0,0.0,0.0,12.0,-5.0,0.0,24.0,18.0,144.0,0.0,1.0,1.0,0.0,0.0,0.0,0.0,0.0,0.0,0.0,0.0,0.0,0.0,0.0,0.0,0.0,0.0,17,56.64,6.90642857142857,0.4201680672268907,0.47058823529411764,29.776865160848732,0.3294117647058824,1.0,0.47058823529411764,0.0,0.5294117647058824,0.0,9.0,8.0,0.0,0.0,0.0,0.0,9.0,6.0,0.0,162.0,1051.0,5.0,3.0,,11
00-0033869,2023,veteran,QB,5.592609921742267,22.529560534458746,125.999043777507,894.6229124522301,5.289843653051518,3.146219213683843,13.468049926185714,42.20118636173878,0.6399614925100111,0.9294069685099943,7.100235729026506,0.041983204748700216,0.08183517125422185,0.021466259985357235,0.0036065665870360112,0.0004562352774979397,3.929028445173035e-05,1.370670397105094e-11,0.6809722076700895,56.85292633714154,57.53389854481163,veteran,Mitchell Trubisky,QB,5.0,48.68,0.0,0.0,0.0,0.0,16.0,54.0,2.0,107.0,67.0,632.0,4.0,5.0,7.0,1.0,0.0,0.0,0.0,0.0,0.0,0.0,0.0,0.0,0.0,0.0,0.0,0.0,0.0,17,73.88,9.73046804680468,0.43529279398528087,0.4117647058823529,29.032169746748803,0.40845588235294117,1.0,0.625,0.0,0.5882352941176471,0.0,10.0,7.0,0.0,0.0,0.0,0.0,19.0,38.0,2.0,180.0,1252.0,4.0,5.0,,11
00-0033873,2023,veteran,QB,14.515848794434222,38.4839396155288,558.6270484731531,4208.33472801199,29.385923973315748,11.114910458295682,55.54530035509796,296.0212617146308,2.4272961639443915,2.263965743890464,7.533352957960533,0.0526038330110111,0.3574326882435364,0.1715123712209227,0.06368200174755786,0.008174046064186605,0.0008561119074261863,1.3705862305581532e-11,10.90900094745024,303.28523576449976,314.19423671195,veteran,Patrick Mahomes,QB,16.0,287.72,0.0,0.0,0.0,0.0,75.0,389.0,0.0,597.0,401.0,4183.0,27.0,14.0,27.0,3.0,0.0,0.0,7.5,7.5,0.0,0.0,0.0,0.0,0.0,0.0,4.0,1.0,1.0,17,436.9,24.689118574874747,0.9911277602523659,1.0,27.956194387405887,0.9906250000000001,1.0,1.0,0.0,0.0,0.0,0.0,17.0,1.0,1.0,6.0,0.0,61.0,358.0,4.0,648.0,5250.0,41.0,12.0,11.0,11
00-0033949,2023,veteran,QB,0.8812123206821958,24.27278446661173,21.389476729241675,151.15642784925197,0.9395112581581294,0.5092787751901635,2.991559973642002,14.20580406650536,0.11533313838152123,0.19065454670742857,7.066859547929247,0.043923994497430514,0.09948534196824105,0.027750034803398136,0.005079582741165941,0.0040659375031419105,0.00040527618177261127,1.3706066634088116e-11,0.1374192555067809,10.517014739747074,10.654433995253855,veteran,Joshua Dobbs,QB,13.0,200.66,0.0,0.0,0.0,0.0,77.0,421.0,6.0,417.0,262.0,2464.0,13.0,10.0,30.0,7.0,0.0,0.0,0.0,0.0,0.0,0.0,0.0,0.0,0.0,0.0,0.0,0.0,0.0,17,20.839999999999996,9.36456575682382,0.1106681506349438,0.11764705882352941,28.5968514715948,0.07408088235294118,1.0,0.11764705882352941,0.0,0.8823529411764706,0.0,15.0,2.0,0.0,0.0,0.0,0.0,8.0,44.0,0.0,68.0,411.0,2.0,2.0,,11
00-0034177,2023,veteran,QB,1.6954492750340704,13.84469618030609,23.472980101966925,165.27050201049988,1.0331777619346412,0.67784072461509,1.8391644373035902,4.687804170647432,0.07174503807866761,0.29893041494790956,7.040882806212194,0.04401561955263046,0.019116590634541467,0.0033915381793386025,0.0003168847506384811,3.442040307535203e-05,2.503258593342492e-06,1.3707455889499446e-11,0.0421757295109222,9.689239494569309,9.731415224080232,veteran,Tim Boyle,QB,3.0,10.9,0.0,0.0,0.0,0.0,4.0,5.0,0.0,77.0,48.0,360.0,1.0,4.0,9.0,0.0,0.0,0.0,0.0,0.0,0.0,0.0,0.0,0.0,0.0,0.0,0.0,0.0,0.0,17,-2.88,1.8428305785123968,0.31477880408361697,0.058823529411764705,28.91170431211499,0.1779411764705882,1.0,0.5,0.0,0.9411764705882353,0.0,16.0,1.0,0.0,0.0,0.0,0.0,2.0,-2.0,0.0,8.0,33.0,0.0,2.0,,11
00-0034401,2023,veteran,QB,2.753067617292481,30.37960959687279,83.63711940713836,594.4220613640133,3.375167614415416,2.190759677554515,3.1022570288004956,7.971455091618276,0.13791901697092215,0.5203098834156759,7.107156075885606,0.040354900292361676,0.18321615504106423,0.06367313842265578,0.015628879052226357,3.832607670069084e-05,2.8069279035704876e-06,1.3707424621078914e-11,0.8535229741087262,33.48007340126918,34.33359637537791,veteran,Mike White,QB,6.0,2.06,0.0,0.0,0.0,0.0,8.0,-9.0,0.0,6.0,5.0,74.0,1.0,1.0,0.0,1.0,0.0,0.0,0.0,0.0,0.0,0.0,0.0,0.0,0.0,0.0,0.0,0.0,0.0,17,60.08,13.999999999999998,0.23529411764705882,0.23529411764705882,28.438056125941138,0.2,1.0,0.23529411764705882,0.11764705882352941,0.6470588235294118,2.0,13.0,4.0,0.0,0.0,0.0,0.0,6.0,9.0,1.0,175.0,1192.0,3.0,4.0,,11
00-0034577,2023,veteran,QB,1.459413189762683,23.127691284986394,33.7528577100686,235.82850099908504,1.473844713277259,0.8601471737820962,2.856656195059669,9.816477538585298,0.11445191629906573,0.3025710334639985,6.98691953803771,0.04366577567853183,0.08420255880794686,0.022281818231940746,0.003790095948355629,0.0003320317657338911,2.8003942933756097e-05,1.3706796447282898e-11,0.18327240166432598,14.671441730233173,14.854714131897499,veteran,Kyle Allen,QB,6.0,-1.3,0.0,0.0,0.0,0.0,13.0,-13.0,0.0,0.0,0.0,0.0,0.0,0.0,0.0,0.0,0.0,0.0,0.0,0.0,0.0,0.0,0.0,0.0,0.0,0.0,0.0,0.0,0.0,17,15.939999999999998,7.832673796791443,0.1537433155080214,0.11764705882352941,27.482546201232033,0.1375,1.0,0.25,0.0,0.8823529411764706,0.0,15.0,2.0,0.0,0.0,0.0,0.0,6.0,13.0,0.0,78.0,416.0,2.0,4.0,,11
00-0034771,2023,veteran,QB,0.4112030879201552,18.85955471034971,7.755107133694908,54.93132412806423,0.34276123405826314,0.17818755256790736,0.8714860439771154,3.975541848957686,0.034424166154303604,0.07620302815665804,7.083245038536598,0.044198130103066044,0.04873338352492574,0.011004616703788443,0.001488553254255185,0.00091777826353105,8.276246246565077e-05,1.370650051852462e-11,0.02847965327203353,3.663615921728081,3.6920955750001148,veteran,Mason Rudolph,QB,4.0,39.56,0.0,0.0,0.0,0.0,10.0,8.0,0.0,74.0,55.0,719.0,3.0,0.0,6.0,1.0,0.0,0.0,0.0,0.0,0.0,0.0,0.0,0.0,0.0,0.0,0.0,0.0,0.0,17,0.0,6.94909090909091,0.18582887700534761,0.0,28.125941136208077,0.07279411764705881,0.0,0.25,0.0,1.0,0.0,17.0,0.0,0.0,0.0,0.0,0.0,0.0,0.0,0.0,0.0,0.0,0.0,0.0,,11
00-0034796,2023,veteran,QB,10.610676082946625,31.651832146893582,335.8473383424849,2402.7944375577927,15.89680303206791,8.261322806298141,98.14433592329826,587.9028951369738,3.131881577232317,2.0808939730248883,7.154424535315241,0.047333419733274554,0.20620859565033667,0.07527948614555496,0.019689934539784234,0.1491320217286825,0.021760987959915386,1.3704973079319897e-11,5.7327487819091045,216.5961350490286,222.32888383093768,veteran,Lamar Jackson,QB,16.0,336.72,0.0,0.0,0.0,0.0,148.0,821.0,5.0,457.0,307.0,3678.0,24.0,7.0,37.0,6.0,0.0,1.0,4.5,5.5,0.0,0.0,0.0,1.0,0.0,0.0,3.0,1.0,0.0,17,239.08,20.578292380243237,0.7498603871928518,0.7058823529411765,26.647501711156742,0.7406250000000001,1.0,0.9375,0.29411764705882354,0.0,5.0,5.0,12.0,0.0,0.0,0.0,0.0,112.0,764.0,3.0,326.0,2242.0,17.0,7.0,5.8,11
00-0034855,2023,veteran,QB,10.772025648007729,29.087425935576526,313.33049821255554,2198.6283272424753,13.186056121014673,7.544528552995924,27.33092198148539,86.81630890023123,0.9993793005829147,2.0773388847954166,7.0169624080161555,0.04208353861573214,0.1587068064567024,0.05212988210399825,0.01188770417226693,0.0005483569091332308,4.7798013613991674e-05,1.3706650443741882e-11,2.8146989758496077,136.12352939169563,138.93822836754524,veteran,Baker Mayfield,QB,17.0,278.56,0.0,0.0,0.0,0.0,62.0,163.0,1.0,566.0,364.0,4044.0,28.0,10.0,40.0,3.0,0.0,0.0,4.5,4.5,0.0,0.0,0.0,0.0,0.0,0.0,3.0,1.0,0.0,17,121.42,12.098417602996255,0.7990746860541968,0.7058823529411765,28.383299110198493,0.7852941176470589,1.0,1.0,0.11764705882352941,0.17647058823529413,2.0,5.0,12.0,0.0,0.0,0.0,0.0,31.0,89.0,1.0,335.0,2163.0,10.0,8.0,,11
00-0034857,2023,veteran,QB,14.004029534692116,37.726644516210165,528.3250440498375,3833.809142219623,27.41251803916614,12.275246830508848,95.5280472870719,532.047229681629,4.677101733747447,3.093832203866226,7.256534940747528,0.05188570624825479,0.3179472577288509,0.14288371803979186,0.048748406073428556,0.05187395977466075,0.006394894254169321,1.3705311713005029e-11,9.68008863289548,313.53161314734695,323.21170178024244,veteran,Josh Allen,QB,17.0,400.64,0.0,0.0,0.0,0.0,111.0,524.0,15.0,579.0,385.0,4306.0,29.0,18.0,24.0,4.0,0.0,0.0,8.0,8.0,0.0,0.0,0.0,0.0,0.0,0.0,5.0,2.0,0.0,17,408.52,25.217089665653493,0.9685320936885392,0.9411764705882353,27.279945242984258,0.9676470588235294,1.0,1.0,0.0,0.058823529411764705,0.0,1.0,16.0,0.0,0.0,0.0,0.0,124.0,762.0,7.0,567.0,4283.0,35.0,14.0,10.5,11
00-0034869,2023,veteran,QB,6.598986829202995,28.79565651849832,190.02215810382378,1333.1589125040211,7.703154931257877,4.8240047414730585,25.059415466409895,109.23313788766347,1.313575157748627,1.4119225085103693,7.015807660576161,0.040538193061932536,0.15454004642005442,0.050251912366755705,0.011308525905756242,0.00439706312688711,0.0004406664116257277,1.370604376360371e-11,1.699853009317637,90.4718864604836,92.17173946980124,veteran,Sam Darnold,QB,10.0,23.380000000000003,0.0,0.0,0.0,0.0,21.0,15.0,1.0,46.0,28.0,297.0,2.0,1.0,6.0,1.0,0.0,0.0,0.0,0.0,0.0,0.0,0.0,0.0,0.0,0.0,0.0,0.0,0.0,17,87.32,13.329865248226955,0.5832916145181477,0.35294117647058826,26.239561943874058,0.5183823529411764,1.0,0.75,0.0,0.6470588235294118,0.0,11.0,6.0,0.0,0.0,0.0,0.0,26.0,106.0,2.0,140.0,1143.0,7.0,3.0,,11
00-0034899,2023,veteran,QB,1.1257279333722243,19.81258657070096,22.30358213499348,157.8257704716154,0.949621157167934,0.584307618900049,3.0813422089224787,12.678172687392648,0.11722819844713166,0.2221211692454519,7.0762521247200345,0.042577069074389365,0.05609160280193124,0.013170975595291148,0.0018872265366226913,0.001423095618998583,0.00013212072231443068,1.3706372777769822e-11,0.09145841056813898,10.469844330667406,10.561302741235545,veteran,,,0.0,0.0,0.0,0.0,0.0,0.0,0.0,0.0,0.0,0.0,0.0,0.0,0.0,0.0,0.0,0.0,0.0,0.0,0.0,0.0,0.0,0.0,0.0,0.0,0.0,0.0,0.0,0.0,0.0,17,14.8,5.1718319327731095,0.11292016806722689,0.11764705882352941,27.876796714579054,0.109375,1.0,0.11764705882352941,0.17647058823529413,0.7058823529411765,3.0,15.0,2.0,0.0,0.0,0.0,0.0,8.0,32.0,0.0,62.0,390.0,1.0,3.0,,11
00-0034955,2023,veteran,QB,2.6492645291922075,19.04668731418176,50.45971310007693,352.57258195603106,2.1734495862395753,1.363092338485636,3.5020531371917594,9.146124513942597,0.13599957500847287,0.5090354007786337,6.987209405189692,0.04307296757571659,0.0481984231453616,0.010850929047017937,0.0014611877082172954,5.840575785756769e-05,4.396814652618219e-06,1.3707302060280052e-11,0.1787251953461878,20.7830560461161,20.96178124146229,veteran,Brett Rypien,QB,2.0,4.779999999999999,0.0,0.0,0.0,0.0,3.0,19.0,0.0,38.0,18.0,172.0,0.0,1.0,2.0,1.0,0.0,0.0,0.0,0.0,0.0,0.0,0.0,0.0,0.0,0.0,0.0,0.0,0.0,17,18.02,4.155011086474502,0.2040400417373158,0.23529411764705882,27.145790554414784,0.16580882352941176,1.0,0.23529411764705882,0.0,0.7647058823529411,0.0,13.0,4.0,0.0,0.0,0.0,0.0,6.0,7.0,0.0,88.0,483.0,2.0,4.0,,11
00-0035040,2023,veteran,QB,0.976325685194809,19.86512744717402,19.394834166344385,138.69157533680794,0.8601754615509162,0.4751375936412289,1.4769402055248055,5.265855274474103,0.058273213747135934,0.19428442681868235,7.150954431849575,0.044350751038829093,0.05826931638243475,0.013830396540271525,0.002013145214437068,0.00018278885184127197,1.482562104733072e-05,1.3706970127431173e-11,0.08127543150244837,8.525745628686385,8.607021060188833,veteran,,,0.0,0.0,0.0,0.0,0.0,0.0,0.0,0.0,0.0,0.0,0.0,0.0,0.0,0.0,0.0,0.0,0.0,0.0,0.0,0.0,0.0,0.0,0.0,0.0,0.0,0.0,0.0,0.0,0.0,17,18.58,6.848577154308616,0.10069403512908169,0.11764705882352941,28.087611225188226,0.0917279411764706,1.0,0.11764705882352941,0.0,0.8823529411764706,0.0,15.0,2.0,0.0,0.0,0.0,0.0,4.0,5.0,0.0,58.0,402.0,2.0,2.0,,11
00-0035146,2023,veteran,QB,3.3056825655686497,16.32448251790044,53.96355725135369,375.24003155120425,2.2278239348343023,1.4800368988430774,8.606608044614697,33.774653449755654,0.31667855216470947,0.6803672984010936,6.953582207403335,0.041283859854854485,0.0301440218700755,0.005994220946345398,0.000669047927060512,0.0010749771635290427,9.795819494957908e-05,1.3706454483464027e-11,0.1378316366070867,24.87762526486086,25.015456901467946,veteran,,,0.0,0.0,0.0,0.0,0.0,0.0,0.0,0.0,0.0,0.0,0.0,0.0,0.0,0.0,0.0,0.0,0.0,0.0,0.0,0.0,0.0,0.0,0.0,0.0,0.0,0.0,0.0,0.0,0.0,17,8.58,2.020753564154786,0.27655145561279504,0.29411764705882354,28.024640657084188,0.18051470588235294,1.0,0.29411764705882354,0.0,0.7058823529411765,0.0,12.0,5.0,0.0,0.0,0.0,0.0,15.0,61.0,0.0,83.0,412.0,0.0,5.0,,11
00-0035228,2023,veteran,QB,10.432560091751473,35.02939153309855,365.44623214654086,2558.513727918448,16.002773162836885,7.782535522603556,64.72021978161375,349.8891269550726,3.107987590886897,1.8274215039490473,7.001067470008845,0.04378967890526754,0.2493070702232484,0.09910575420930287,0.028908134639875994,0.035979376576762964,0.004263927545067867,1.370542296810104e-11,5.197055328282787,200.7685659558089,205.9656212840917,veteran,Kyler Murray,QB,8.0,146.36,0.0,0.0,0.0,0.0,44.0,244.0,3.0,268.0,176.0,1799.0,10.0,5.0,18.0,0.0,0.0,0.0,0.0,0.0,0.0,0.0,0.0,0.0,0.0,0.0,0.0,0.0,0.0,17,203.52,20.821494140625,0.7752757352941176,0.6470588235294118,26.067077344284737,0.7529411764705883,1.0,1.0,0.0,0.35294117647058826,0.0,6.0,11.0,0.0,0.0,0.0,0.0,67.0,418.0,3.0,390.0,2368.0,14.0,7.0,17.9,11
00-0035264,2023,veteran,QB,2.227164859168515,21.830069250364133,48.619163107626164,351.4830312137505,2.2086471118417705,1.2378732543614446,7.55641142619577,35.85011922148486,0.27877386380620195,0.4327186771889414,7.229310599931297,0.04542750164071279,0.07876458950937065,0.020421289919185064,0.0033749400114423955,0.0040480654262602484,0.0004033718701880944,1.37060679207101e-11,0.26904046303075096,24.81038093780203,25.079421400832782,veteran,Jarrett Stidham,QB,2.0,26.64,0.0,0.0,0.0,0.0,9.0,8.0,0.0,66.0,40.0,496.0,2.0,1.0,7.0,0.0,0.0,0.0,0.0,0.0,0.0,0.0,0.0,0.0,0.0,0.0,0.0,0.0,0.0,17,45.14,10.989246487867177,0.220771354518819,0.17647058823529413,27.06365503080082,0.14393382352941178,1.0,0.3125,0.0,0.8235294117647058,0.0,14.0,3.0,0.0,0.0,0.0,0.0,14.0,84.0,0.0,83.0,656.0,4.0,3.0,,11
00-0035289,2023,veteran,QB,4.184200006306958,23.056201279278927,96.47175753817338,701.8021474335169,4.404193824582908,2.27981050016291,8.581393924328665,27.201676715161657,0.370139692884043,0.8228552316346344,7.2746901823139005,0.045652675321481435,0.09347147659617022,0.02555665388094894,0.0045503897572280304,0.0003024619940904297,2.535449101135652e-05,1.3706823589258193e-11,0.5910087556442378,44.424535560897645,45.015544316541884,veteran,Gardner Minshew,QB,16.0,199.2,0.0,0.0,0.0,0.0,34.0,100.0,3.0,490.0,305.0,3305.0,15.0,9.0,34.0,5.0,0.0,0.0,3.0,3.0,0.0,0.0,0.0,0.0,0.0,0.0,3.0,0.0,0.0,17,39.32,11.400946527350952,0.3490071043783217,0.29411764705882354,27.293634496919918,0.29908088235294117,1.0,0.5625,0.0,0.7058823529411765,0.0,12.0,5.0,0.0,0.0,0.0,0.0,7.0,3.0,1.0,76.0,663.0,3.0,3.0,,11
00-0035704,2023,veteran,QB,2.9137012898319035,24.79753535374053,72.25261074484601,512.4206973959255,3.072288229956345,1.7655420377825053,7.826161545127863,31.384479242972255,0.37025057613304097,0.5610686446901181,7.092071720501504,0.042521483975241685,0.10657598310300209,0.030404403198395512,0.005740327890932376,0.001251303901807161,0.00011518136048131633,1.3706410250024632e-11,0.4810151362060956,33.49271083181262,33.97372596801872,veteran,Drew Lock,QB,4.0,29.119999999999997,0.0,0.0,0.0,0.0,5.0,14.0,0.0,76.0,48.0,543.0,3.0,3.0,6.0,0.0,0.0,0.0,0.0,0.0,0.0,0.0,0.0,0.0,0.0,0.0,0.0,0.0,0.0,17,0.0,11.52687651331719,0.5988552200541233,0.0,26.806297056810404,0.22775735294117647,0.0,0.8125,0.0,1.0,0.0,17.0,0.0,0.0,0.0,0.0,0.0,0.0,0.0,0.0,0.0,0.0,0.0,0.0,,11
00-0035710,2023,veteran,QB,13.194589447092692,32.42655004056736,427.85501497089325,2972.0858290087526,16.46271348343492,7.988050729155977,82.1726780607749,443.71338923841114,3.6186689295652736,2.731812903612151,6.946478888908062,0.038477318033901906,0.20354178854512572,0.07389438978771833,0.019190064199019197,0.03626588559314685,0.0043013068090177135,1.3705420574599178e-11,5.218214013702222,229.37791232978628,234.5961263434885,veteran,Daniel Jones,QB,6.0,57.96,0.0,0.0,0.0,0.0,40.0,206.0,1.0,160.0,108.0,909.0,2.0,6.0,30.0,1.0,0.0,0.0,1.0,1.0,0.0,0.0,0.0,0.0,0.0,0.0,1.0,0.0,0.0,17,292.0,16.798722197993897,0.8631480721377082,0.9411764705882353,26.26420260095825,0.8430147058823529,1.0,0.9411764705882353,0.0,0.058823529411764705,0.0,1.0,16.0,0.0,0.0,0.0,0.0,120.0,708.0,7.0,472.0,3205.0,15.0,5.0,9.5,11
00-0035939,2023,veteran,QB,3.4733052991491764,12.985265828160038,45.10179261180898,318.746478879533,2.010586137660286,1.1308671055289503,11.782447956473671,51.52935139335872,0.4269921269850328,0.6158347331789231,7.06726851464604,0.04457885199742272,0.015943134296941906,0.002706059355219703,0.00023572190891167096,0.0031820518005599625,0.00031187634055447757,1.3706138192444594e-11,0.08378839669251141,25.013687929652786,25.097476326345298,veteran,,,0.0,0.0,0.0,0.0,0.0,0.0,0.0,0.0,0.0,0.0,0.0,0.0,0.0,0.0,0.0,0.0,0.0,0.0,0.0,0.0,0.0,0.0,0.0,0.0,0.0,0.0,0.0,0.0,0.0,17,15.440000000000001,3.088,0.29411764705882354,0.29411764705882354,26.69678302532512,0.16176470588235295,1.0,0.29411764705882354,0.0,0.7058823529411765,0.0,12.0,5.0,0.0,0.0,0.0,0.0,19.0,90.0,0.0,34.0,161.0,1.0,2.0,,11
00-0035993,2023,veteran,QB,4.364832345017857,24.002043526771374,104.76489593217816,718.6241312638565,4.145260792919371,2.457311077033756,27.714670710447802,113.1588942079996,1.0213955311711698,0.8266363545390814,6.859398130162545,0.039567268750048644,0.08874136162988384,0.02386927588203793,0.004154061493482955,0.01673556481568485,0.0018518913605842927,1.3705651351578158e-11,0.6650555383605453,56.20237616691304,56.86743170527359,veteran,Tyler Huntley,QB,5.0,25.619999999999997,0.0,0.0,0.0,0.0,15.0,55.0,0.0,37.0,21.0,203.0,3.0,0.0,4.0,0.0,0.0,0.0,0.0,0.0,0.0,0.0,0.0,0.0,0.0,0.0,0.0,0.0,0.0,17,50.019999999999996,10.208500604594922,0.3314869478625792,0.29411764705882354,25.574264202600958,0.3040441176470588,1.0,0.4117647058823529,0.0,0.7058823529411765,0.0,12.0,5.0,0.0,0.0,0.0,0.0,43.0,137.0,1.0,112.0,658.0,2.0,3.0,,11
00-0036197,2023,veteran,QB,0.6982522957697758,19.32217343096096,13.491751957430255,94.66762611551434,0.5951718411808093,0.3315545984075896,2.20610394089173,11.504293670786456,0.08729222401124283,0.13654257211361684,7.016703717516719,0.04411375506003376,0.050883554368389955,0.01162762012235378,0.0016007632407281686,0.004336653626300946,0.0004341949287838468,1.3706047805246283e-11,0.05342639531587356,6.9053807794475,6.958807174763374,veteran,,,0.0,0.0,0.0,0.0,0.0,0.0,0.0,0.0,0.0,0.0,0.0,0.0,0.0,0.0,0.0,0.0,0.0,0.0,0.0,0.0,0.0,0.0,0.0,0.0,0.0,0.0,0.0,0.0,0.0,17,0.0,3.6333333333333346,0.17647058823529413,0.0,25.089664613278575,0.052941176470588235,0.0,0.17647058823529413,0.0,1.0,0.0,17.0,0.0,0.0,0.0,0.0,0.0,0.0,0.0,0.0,0.0,0.0,0.0,0.0,,11
00-0036212,2023,veteran,QB,11.180902680978013,31.878983897498603,356.43581652639705,2674.8573973458842,17.12916066952621,7.97666392966651,29.00466919940955,89.06068483862016,1.1896104660816946,1.7881458311747154,7.504457389870046,0.0480567885586146,0.2352778265750807,0.09104896625985176,0.025662202363094765,0.000530625976845933,4.615260373511009e-05,1.3706660010261577e-11,4.738193022133106,172.02505033060996,176.76324335274307,veteran,Tua Tagovailoa,QB,17.0,278.86,0.0,0.0,0.0,0.0,35.0,74.0,0.0,560.0,388.0,4624.0,29.0,14.0,29.0,5.0,0.0,0.0,8.5,8.5,0.0,0.0,0.0,0.0,0.0,0.0,5.0,1.0,1.0,17,239.92000000000002,16.504498269896196,0.7470958971824024,0.7647058823529411,25.50034223134839,0.7437499999999999,1.0,0.7647058823529411,0.23529411764705882,0.0,4.0,4.0,13.0,0.0,0.0,0.0,0.0,24.0,70.0,0.0,400.0,3548.0,25.0,8.0,10.1,11
00-0036264,2023,veteran,QB,3.598631265584533,15.069159255387452,54.22834764250983,391.06122962108196,2.4268357942866707,1.2897872698687134,5.167017237823317,15.683683753187053,0.20043203851674207,0.6450873644759723,7.211380147502916,0.04475216191880174,0.026470592485828965,0.0050925181355910044,0.0005401013518235096,0.00010472897240067172,8.190596961848429e-06,1.3707132169480983e-11,0.12705538889611878,24.251003699719753,24.37805908861587,veteran,Jordan Love,QB,17.0,321.06,0.0,0.0,0.0,0.0,50.0,247.0,4.0,579.0,372.0,4159.0,32.0,11.0,30.0,3.0,0.0,0.0,2.0,2.0,0.0,0.0,0.0,0.0,0.0,0.0,2.0,0.0,0.0,17,11.7,3.1942500000000003,0.2882352941176471,0.23529411764705882,24.829568788501028,0.23529411764705882,1.0,0.35294117647058826,0.0,0.7647058823529411,0.0,13.0,4.0,0.0,0.0,0.0,0.0,1.0,-1.0,0.0,21.0,195.0,1.0,0.0,23.2,11
00-0036355,2023,veteran,QB,14.846559770929746,38.85640145944349,576.8838867508696,4084.0403558092244,25.583081050554952,11.182496454187136,50.6350502876686,180.02968472140688,1.809862495522431,2.499980826755217,7.079484190157212,0.04434701963101137,0.32116802762201174,0.14512181471088328,0.04986057523229964,0.0017632381951968173,0.00016605935927623043,1.3706310336601986e-11,9.510472020623629,267.19112731797935,276.701599338603,veteran,Justin Herbert,QB,13.0,240.16,1.0,1.0,10.0,0.0,52.0,228.0,3.0,456.0,297.0,3134.0,20.0,7.0,29.0,1.0,0.0,0.0,6.5,6.5,0.0,0.0,0.0,0.0,0.0,0.0,3.0,1.0,1.0,17,286.76,19.655234737428092,0.9911277602523659,1.0,25.478439425051334,0.9906250000000001,1.0,1.0,0.0,0.0,0.0,0.0,17.0,2.0,2.0,-10.0,0.0,54.0,147.0,0.0,699.0,4739.0,25.0,10.0,6.0,11
00-0036389,2023,veteran,QB,13.18092409656853,33.12407287214177,436.6058902969054,3240.854920287902,19.40339096268187,8.598607514710753,109.95361239839639,520.5443890827651,6.581888774996489,2.2820120336002736,7.42283829034927,0.044441431950189604,0.25079312321020053,0.09997643925357244,0.029266638674492276,0.058049446008415814,0.007252988630811047,1.3705277096401572e-11,6.962427573675242,277.03229312387697,283.9947206975522,veteran,Jalen Hurts,QB,17.0,360.82,0.0,0.0,0.0,0.0,157.0,605.0,15.0,538.0,352.0,3858.0,23.0,15.0,36.0,5.0,0.0,0.0,4.0,4.0,0.0,0.0,0.0,0.0,0.0,0.0,4.0,0.0,0.0,17,386.04,21.681276595744684,0.8812578222778473,0.8823529411764706,25.06776180698152,0.88125,1.0,0.8823529411764706,0.11764705882352941,0.0,2.0,2.0,15.0,0.0,0.0,0.0,0.0,165.0,760.0,13.0,460.0,3701.0,22.0,6.0,9.8,11
00-0036442,2023,veteran,QB,13.525272854593023,36.31707581042283,491.1983596169088,3654.7058975286595,24.711433601300893,10.792719531774308,47.513030602927465,158.11416723424585,2.350765499661367,2.5737587222880522,7.44038701672173,0.050308461169482774,0.30928259128054664,0.1369465543334147,0.045843718532603626,0.001585460097175434,0.00014825921240104066,1.3706341303015448e-11,8.226039960910422,248.21702351961804,256.44306348052845,veteran,Joe Burrow,QB,10.0,150.16,0.0,0.0,0.0,0.0,31.0,88.0,0.0,365.0,244.0,2309.0,15.0,6.0,24.0,1.0,0.0,0.0,3.0,3.0,0.0,0.0,0.0,0.0,0.0,0.0,3.0,0.0,0.0,17,362.2,21.55315919374743,0.9080111065405182,0.9411764705882353,26.72416153319644,0.89375,1.0,0.9411764705882353,0.0,0.058823529411764705,0.0,1.0,16.0,0.0,0.0,0.0,0.0,75.0,257.0,5.0,606.0,4475.0,35.0,12.0,6.0,11
00-0036879,2023,veteran,QB,3.080757154451091,20.190882423457957,62.203205480748885,434.8195448435855,2.706256799636651,1.501866023586991,10.116890455308386,45.45142250823843,0.36739678513528284,0.5870583137542834,6.990307677602832,0.04350670964174352,0.05719040052381413,0.013502673867605022,0.001950309269105565,0.0031302358391822388,0.000306454042905661,1.3706142983228432e-11,0.26166394499972695,30.789483279243015,31.051147224242744,veteran,,,0.0,0.0,0.0,0.0,0.0,0.0,0.0,0.0,0.0,0.0,0.0,0.0,0.0,0.0,0.0,0.0,0.0,0.0,0.0,0.0,0.0,0.0,0.0,0.0,0.0,0.0,0.0,0.0,0.0,17,35.62,6.406774193548387,0.21821631878557873,0.23529411764705882,24.919917864476385,0.1823529411764706,1.0,0.23529411764705882,0.0,0.7647058823529411,0.0,13.0,4.0,0.0,0.0,0.0,0.0,17.0,87.0,0.0,101.0,573.0,3.0,3.0,,11
00-0036898,2023,veteran,QB,12.375235659937022,31.192467522928435,386.0141364111714,2659.921376884166,16.12109947933918,10.196082610228865,28.598460453884307,92.7572435864516,1.197745210756419,2.2623705813622355,6.890735664796722,0.04176297694488431,0.1811424977484414,0.06266352008788398,0.01528954602965259,0.00044779312127539065,3.8515978807212954e-05,1.3706709406625165e-11,3.789574822934075,162.42654223272484,166.2161170556589,veteran,Davis Mills,QB,5.0,17.82,0.0,0.0,0.0,0.0,2.0,9.0,0.0,39.0,18.0,173.0,2.0,0.0,2.0,0.0,0.0,0.0,0.0,0.0,0.0,0.0,0.0,0.0,0.0,0.0,0.0,0.0,0.0,17,183.52,12.281810699588478,0.8445896877269425,0.8823529411764706,24.862422997946613,0.7147058823529412,1.0,0.8823529411764706,0.0,0.11764705882352941,0.0,2.0,15.0,0.0,0.0,0.0,0.0,32.0,108.0,2.0,479.0,3118.0,17.0,15.0,,11
00-0036945,2023,veteran,QB,12.291073849817968,28.403598109618635,349.11072196587264,2478.7733255679614,15.657802917858602,9.864156044199298,110.52647908257683,709.3699482885035,4.708891676172968,2.4434078652020537,7.100249776374024,0.04485053575464013,0.15383955921667683,0.049938606255929295,0.011212728747613466,0.16589565140868967,0.02482026595772806,1.3704936307572417e-11,5.583822269670918,236.3573617612383,241.94118403090923,veteran,Justin Fields,QB,13.0,232.18,0.0,0.0,0.0,0.0,124.0,657.0,4.0,370.0,227.0,2562.0,16.0,9.0,44.0,4.0,0.0,1.0,1.0,2.0,0.0,0.0,0.0,1.0,0.0,0.0,1.0,0.0,0.0,17,300.48,17.181772151898734,0.8287416232315711,0.8823529411764706,24.49281314168378,0.6970588235294118,1.0,0.8823529411764706,0.058823529411764705,0.058823529411764705,1.0,2.0,15.0,0.0,0.0,0.0,0.0,160.0,1143.0,8.0,318.0,2242.0,17.0,11.0,7.3,11
00-0036971,2023,veteran,QB,14.532268209393125,35.124599092952735,510.4400947661956,3524.302583994061,20.53944653283385,10.640537199663827,60.24068876040525,266.1817073157892,2.856371439145665,3.9325290564973145,6.904439169513807,0.040238701354841325,0.24291336402596161,0.09539748314162462,0.027398069629988694,0.005937434427364566,0.000607714916461199,1.3705955950456289e-11,6.505438671722989,237.74015634522848,244.24559501695148,veteran,Trevor Lawrence,QB,16.0,266.04,0.0,0.0,0.0,0.0,70.0,339.0,4.0,564.0,370.0,4016.0,21.0,14.0,35.0,7.0,0.0,0.0,3.5,3.5,0.0,0.0,0.0,0.0,0.0,0.0,2.0,1.0,0.0,17,301.12,15.635155709342559,1.0,1.0,23.904175222450377,0.8500000000000001,1.0,1.0,0.0,0.0,0.0,0.0,17.0,0.0,0.0,0.0,0.0,62.0,291.0,5.0,584.0,4113.0,25.0,8.0,5.4,11
00-0036972,2023,veteran,QB,12.304840159357786,31.397223901560267,386.33782155626693,2730.108415110988,15.910524069739056,9.324346290141069,37.020046422878764,95.59101858606813,1.1953962827726954,2.079613533644785,7.066635112538083,0.04118293157436003,0.19610144058778728,0.07008414740391368,0.017836072240220227,0.000494765720399994,4.2836055354660716e-05,1.3706680375399899e-11,4.152376914355361,166.769992791067,170.92236970542237,veteran,Mac Jones,QB,11.0,107.4,0.0,0.0,0.0,0.0,26.0,96.0,0.0,345.0,224.0,2120.0,10.0,12.0,22.0,2.0,0.0,0.0,1.0,1.0,0.0,0.0,0.0,0.0,0.0,0.0,1.0,0.0,0.0,17,173.58,12.777421875,0.8938419117647058,0.8235294117647058,24.98836413415469,0.7529411764705882,1.0,1.0,0.11764705882352941,0.058823529411764705,2.0,3.0,14.0,0.0,0.0,0.0,0.0,47.0,102.0,1.0,442.0,2997.0,14.0,11.0,,11
00-0037012,2023,veteran,QB,2.632823273800752,19.91031039079074,52.420328585470806,377.7140206043935,2.343684135436405,1.254237121462722,16.26379241356841,67.10722414530835,0.580124547874219,0.4648524683361333,7.205487466346852,0.0447094514414394,0.059955674440450996,0.014346618868343803,0.0021131327229139225,0.01590836423027534,0.001753146706705171,1.3705666340791663e-11,0.2744453730191008,31.2365878880998,31.5110332611189,veteran,,,0.0,0.0,0.0,0.0,0.0,0.0,0.0,0.0,0.0,0.0,0.0,0.0,0.0,0.0,0.0,0.0,0.0,0.0,0.0,0.0,0.0,0.0,0.0,0.0,0.0,0.0,0.0,0.0,0.0,17,12.46,9.078965517241379,0.26369168356997974,0.11764705882352941,23.312799452429843,0.17058823529411765,1.0,0.35294117647058826,0.0,0.8823529411764706,0.0,15.0,2.0,0.0,0.0,0.0,0.0,16.0,67.0,0.0,31.0,194.0,0.0,1.0,,11
00-0037013,2023,veteran,QB,8.35379930127208,28.77791082044332,240.40489130388963,1668.5794389625194,9.23177025633376,6.1373822582751245,25.87860006572937,113.04301289552063,1.2211518794214478,1.4296553006973467,6.94070503271629,0.038400925231858604,0.15001803260062035,0.048241546211823264,0.010697990974037374,0.002428645186891099,0.00023370490527439445,1.3706217006669705e-11,2.059675468025916,107.16739603197162,109.22707149999754,veteran,Zach Wilson,QB,12.0,120.94,0.0,0.0,0.0,0.0,36.0,211.0,0.0,368.0,221.0,2271.0,8.0,7.0,46.0,7.0,0.0,0.0,1.0,1.0,0.0,0.0,0.0,0.0,0.0,0.0,1.0,0.0,0.0,17,101.92,11.481807909604521,0.6331006979062812,0.5294117647058824,24.079397672826833,0.5205882352941176,1.0,0.7647058823529411,0.17647058823529413,0.29411764705882354,3.0,8.0,9.0,1.0,1.0,2.0,1.0,28.0,102.0,1.0,242.0,1688.0,6.0,7.0,,11
00-0037175,2023,veteran,QB,1.3358694249201184,21.068714953125024,28.145052128237026,200.19007479392323,1.2008828418536992,0.690124083775418,1.7888124475643485,4.8048888844970765,0.07139519795707712,0.2692642078816226,7.112798153003915,0.042667636086873406,0.06796843289257756,0.016864521170511893,0.002617759952504424,6.459395340465858e-05,4.894749856155655e-06,1.370727276234591e-11,0.13168021686602205,11.801217852049815,11.932898068915836,veteran,,,0.0,0.0,0.0,0.0,0.0,0.0,0.0,0.0,0.0,0.0,0.0,0.0,0.0,0.0,0.0,0.0,0.0,0.0,0.0,0.0,0.0,0.0,0.0,0.0,0.0,0.0,0.0,0.0,0.0,17,5.579999999999999,2.7899999999999996,0.11764705882352941,0.11764705882352941,25.097878165639973,0.06470588235294118,1.0,0.11764705882352941,0.0,0.8823529411764706,0.0,15.0,2.0,0.0,0.0,0.0,0.0,3.0,-5.0,0.0,49.0,302.0,0.0,2.0,,11
00-0037327,2023,veteran,QB,5.106524793649978,17.052621926354064,87.07963666366628,601.6598568644841,3.590199445511071,2.09116369688613,9.420094612774271,23.736470463875875,0.3514461182635255,1.0285149358421657,6.909306009030754,0.041228920825402006,0.033670050684869744,0.006889240100643915,0.0008033276928182642,0.00012366484387364476,9.777149673357585e-06,1.3707083816152364e-11,0.2336178758795238,36.6701585471358,36.90377642301532,veteran,,,0.0,0.0,0.0,0.0,0.0,0.0,0.0,0.0,0.0,0.0,0.0,0.0,0.0,0.0,0.0,0.0,0.0,0.0,0.0,0.0,0.0,0.0,0.0,0.0,0.0,0.0,0.0,0.0,0.0,17,17.46,2.494285714285714,0.4117647058823529,0.4117647058823529,26.24229979466119,0.22647058823529412,1.0,0.4117647058823529,0.0,0.5882352941176471,0.0,10.0,7.0,0.0,0.0,0.0,0.0,14.0,21.0,0.0,105.0,534.0,1.0,3.0,,11
00-0037834,2023,veteran,QB,7.044822386666188,23.477741349316595,165.39651784602398,1214.2431123229671,8.303196407508693,3.857708466525915,17.206663048780136,28.748406440925116,0.7072887227109488,1.1756521374185822,7.341406748679967,0.05020176068784326,0.10081914950421622,0.02824372766829681,0.005200818199962125,8.856500990288638e-05,6.851000109414639e-06,1.370718094098978e-11,1.082685070916858,78.83436189542267,79.91704696633953,veteran,Brock Purdy,QB,16.0,303.59999999999997,0.0,0.0,0.0,0.0,39.0,144.0,2.0,444.0,308.0,4280.0,31.0,11.0,28.0,2.0,0.0,0.0,8.0,8.0,0.0,0.0,0.0,0.0,0.0,0.0,5.0,2.0,0.0,17,106.25999999999999,11.806666666666665,0.5294117647058824,0.5294117647058824,23.679671457905545,0.2911764705882353,1.0,0.5294117647058824,0.0,0.47058823529411764,0.0,8.0,9.0,0.0,0.0,0.0,0.0,22.0,13.0,1.0,170.0,1374.0,13.0,4.0,21.9,11
00-0038102,2023,veteran,QB,9.961791935094565,27.97969588315538,278.72790879521585,1904.210151515731,10.362027390711056,6.475392138324284,40.43863458167929,166.7923561952157,1.7730121739310591,1.7047127707453213,6.831788606123304,0.03717613867768132,0.1335722756192216,0.04117358906274549,0.00863170183256864,0.004548363100064069,0.00045690321519149254,1.370603387875871e-11,2.169974953883164,128.5736144684422,130.74358942232536,veteran,Kenny Pickett,QB,12.0,110.2,0.0,0.0,0.0,0.0,42.0,54.0,1.0,324.0,201.0,2070.0,6.0,4.0,23.0,0.0,0.0,0.0,0.0,0.0,0.0,0.0,0.0,0.0,0.0,0.0,0.0,0.0,0.0,17,150.85999999999999,11.604615384615384,0.7647058823529411,0.7647058823529411,25.23750855578371,0.42058823529411765,1.0,0.7647058823529411,0.058823529411764705,0.17647058823529413,1.0,4.0,13.0,0.0,0.0,0.0,0.0,55.0,237.0,3.0,389.0,2404.0,7.0,9.0,25.9,11
00-0038108,2023,veteran,QB,3.015627162924958,23.36293129039477,70.4538902048639,516.0220198270341,3.2451731337307104,1.722101016695947,6.5226483012738825,13.03032198848967,0.24924590276224884,0.6814768169184958,7.32425162509209,0.046060950279601096,0.09881760528925614,0.02750386200700168,0.005019418411009939,0.00010244733934249943,8.000632028685806e-06,1.370713857784222e-11,0.4530276671674744,31.61292527619778,32.065952943365254,veteran,Bailey Zappe,QB,10.0,69.18,0.0,0.0,0.0,0.0,17.0,83.0,1.0,212.0,127.0,1272.0,6.0,9.0,25.0,1.0,0.0,0.0,0.0,0.0,0.0,0.0,0.0,0.0,0.0,0.0,0.0,0.0,0.0,17,40.14,10.035,0.23529411764705882,0.23529411764705882,24.35044490075291,0.12941176470588237,1.0,0.23529411764705882,0.0,0.7647058823529411,0.0,13.0,4.0,1.0,1.0,-6.0,0.0,10.0,0.0,0.0,92.0,781.0,5.0,3.0,,11
00-0038122,2023,veteran,QB,3.066807512218786,26.041986804225,79.86576076429972,561.8056787798274,3.3419478340299533,1.574463213366301,11.535722476951952,45.203713881764955,0.42535448563862693,0.6461194293194847,7.034374598118855,0.04184456270181572,0.11913196953065108,0.03528346496540704,0.007009890047882658,0.003121709183842389,0.00030556237689474794,1.3706143779151047e-11,0.5816415118883035,38.4713515039496,39.0529930158379,veteran,Desmond Ridder,QB,15.0,179.64000000000001,1.0,1.0,-6.0,0.0,53.0,193.0,5.0,388.0,249.0,2836.0,12.0,12.0,31.0,7.0,0.0,0.0,3.0,3.0,0.0,0.0,0.0,0.0,0.0,0.0,3.0,0.0,0.0,17,38.72,9.68,0.23529411764705882,0.23529411764705882,24.00273785078713,0.12941176470588237,1.0,0.23529411764705882,0.0,0.7647058823529411,0.0,13.0,4.0,0.0,0.0,0.0,0.0,16.0,64.0,0.0,115.0,708.0,2.0,0.0,,11
00-0038128,2023,veteran,QB,5.385182264631755,15.585652311797185,83.93157841220712,584.8698503318112,3.533382988908758,2.1431824669611568,20.45841355150277,87.63906460255122,0.8178563460171285,1.0846398706011544,6.968412382993467,0.04209837412511783,0.026425408506088842,0.005081631169773016,0.0005385860395554235,0.004181409832380487,0.0004175946247144516,1.3706058454503746e-11,0.21504556324365356,44.743725830140754,44.95877139338441,veteran,Malik Willis,QB,2.0,3.06,0.0,0.0,0.0,0.0,5.0,21.0,0.0,5.0,4.0,74.0,0.0,0.0,4.0,1.0,0.0,0.0,0.0,0.0,0.0,0.0,0.0,0.0,0.0,0.0,0.0,0.0,0.0,17,19.34,2.762857142857143,0.4117647058823529,0.4117647058823529,24.27104722792608,0.22647058823529412,1.0,0.4117647058823529,0.0,0.5882352941176471,0.0,10.0,7.0,0.0,0.0,0.0,0.0,27.0,123.0,1.0,61.0,276.0,0.0,3.0,,11
00-0038550,2023,rookie,QB,6.747396881220503,29.361272405978784,198.11215786076687,1338.2373566334743,7.083770017759512,5.379930771313238,17.236779669102074,83.43904004462772,0.8219067228631668,1.5309219814533914,6.754948162111216,0.03575636192271442,0.14726778541362578,0.047032968469692564,0.010335733792366795,0.001866758008405775,0.00017648198640163798,1.3706293711046797e-11,1.623559897421881,81.31821317248553,82.94177306990741,rookie,,,0.0,0.0,0.0,0.0,0.0,0.0,0.0,0.0,0.0,0.0,0.0,0.0,0.0,0.0,0.0,0.0,0.0,0.0,0.0,0.0,0.0,0.0,0.0,0.0,0.0,0.0,0.0,0.0,0.0,17,0.0,,,0.0,25.631759069130734,0.0,0.0,0.0,0.0,1.0,0.0,17.0,0.0,0.0,0.0,0.0,0.0,0.0,0.0,0.0,0.0,0.0,0.0,0.0,,11
00-0038579,2023,rookie,QB,4.616284946560956,26.005435695626534,120.04850133047972,810.9214034265299,4.292497661852097,3.2600352917855298,12.633628346192491,61.15630887691291,0.6024132274837625,1.0473923828331582,6.754948162111216,0.03575636192271442,0.10624223557356205,0.030277821196437547,0.005708326452228805,0.002282451556677595,0.0002187181981632115,1.370623510838333e-11,0.7648544761933137,50.722101687826076,51.48695616401939,rookie,Aidan O'Connell,QB,11.0,125.82000000000001,0.0,0.0,0.0,0.0,17.0,11.0,1.0,343.0,213.0,2218.0,12.0,7.0,24.0,2.0,0.0,0.0,0.0,0.0,0.0,0.0,0.0,0.0,0.0,0.0,0.0,0.0,0.0,17,0.0,,,0.0,24.999315537303218,0.0,0.0,0.0,0.0,1.0,0.0,17.0,0.0,0.0,0.0,0.0,0.0,0.0,0.0,0.0,0.0,0.0,0.0,0.0,,11
00-0038998,2023,rookie,QB,4.517200934214857,25.046092849716832,113.13823401917293,764.2429059523208,4.045411642886308,3.072380176887295,13.26563825088348,64.21571444793393,0.6325495522238637,1.0249111363344634,6.754948162111216,0.03575636192271442,0.09575227342800416,0.026382208618882914,0.0047477413917030266,0.002806574461574409,0.00027273242109095825,1.370617482565251e-11,0.6687117104366122,48.773648941331125,49.442360651767736,rookie,,,0.0,0.0,0.0,0.0,0.0,0.0,0.0,0.0,0.0,0.0,0.0,0.0,0.0,0.0,0.0,0.0,0.0,0.0,0.0,0.0,0.0,0.0,0.0,0.0,0.0,0.0,0.0,0.0,0.0,17,0.0,,,0.0,24.479123887748116,0.0,0.0,0.0,0.0,1.0,0.0,17.0,0.0,0.0,0.0,0.0,0.0,0.0,0.0,0.0,0.0,0.0,0.0,0.0,,11
00-0039107,2023,rookie,QB,5.1797317753235745,27.99923560039865,145.02853032415592,979.6602043668478,5.185692619389882,3.9383925824361383,12.560022407456968,60.80000050681261,0.5989034526272778,1.1752332599473656,6.754948162111216,0.03575636192271442,0.12983694850963695,0.039621551966002276,0.0081952527337326,0.0016043307896781067,0.00015014244242246428,1.370633785572869e-11,1.0747390570299424,59.37534773391136,60.450086790941306,rookie,,,0.0,0.0,0.0,0.0,0.0,0.0,0.0,0.0,0.0,0.0,0.0,0.0,0.0,0.0,0.0,0.0,0.0,0.0,0.0,0.0,0.0,0.0,0.0,0.0,0.0,0.0,0.0,0.0,0.0,17,0.0,,,0.0,25.842573579739906,0.0,0.0,0.0,0.0,1.0,0.0,17.0,0.0,0.0,0.0,0.0,0.0,0.0,0.0,0.0,0.0,0.0,0.0,0.0,,11
00-0039150,2023,rookie,QB,16.141364083149405,33.81436926403354,545.8100455328221,3686.9185639337757,19.51618152912482,14.822009365612098,68.05214347695065,329.42380384861264,3.244951510821758,3.662326304580117,6.754948162111216,0.03575636192271442,0.210596205559614,0.0775807100421362,0.020529380271295947,0.008192824583671066,0.0008582226549462808,1.3705861632600352e-11,6.093464852541092,240.98488678325765,247.07835163579875,rookie,Bryce Young,QB,16.0,157.38,0.0,0.0,0.0,0.0,39.0,253.0,0.0,527.0,315.0,2877.0,11.0,10.0,62.0,6.0,0.0,0.0,1.0,1.0,0.0,0.0,0.0,0.0,0.0,0.0,1.0,0.0,0.0,17,0.0,,,0.0,22.102669404517453,0.0,0.0,0.0,0.0,1.0,0.0,17.0,0.0,0.0,0.0,0.0,0.0,0.0,0.0,0.0,0.0,0.0,0.0,0.0,,11
00-0039152,2023,rookie,QB,7.932879254837886,28.27710760542802,224.31888030991854,1515.26240827633,8.020827070459504,6.091600130942062,25.04097516140599,121.21724413490321,1.1940366023882298,1.7998969737867472,6.754948162111216,0.03575636192271442,0.1333096993232621,0.041063841815134325,0.00860063033350923,0.003471311530332721,0.0003422592143494762,1.370611279947009e-11,1.714227167396916,96.1967544312533,97.91098159865021,rookie,Will Levis,QB,9.0,103.02,0.0,0.0,0.0,0.0,25.0,57.0,1.0,255.0,149.0,1808.0,8.0,4.0,28.0,4.0,0.0,0.0,1.0,1.0,0.0,0.0,0.0,0.0,0.0,0.0,1.0,0.0,0.0,17,0.0,,,0.0,24.18069815195072,0.0,0.0,0.0,0.0,1.0,0.0,17.0,0.0,0.0,0.0,0.0,0.0,0.0,0.0,0.0,0.0,0.0,0.0,0.0,,11
00-0039163,2023,rookie,QB,14.21162801960814,31.399307749880556,446.23528181450155,3014.2961967620477,15.95575023924378,12.117958583676085,60.148049264455715,291.1620144556041,2.8680581295691883,3.22448702965899,6.754948162111216,0.03575636192271442,0.17514924387081343,0.059779883920623,0.014332953323259815,0.00828764234645163,0.0008688863152774069,1.370585825773247e-11,4.307202638148618,200.03450782376243,204.34171046191105,rookie,C.J. Stroud,QB,15.0,288.02,1.0,1.0,0.0,0.0,39.0,167.0,3.0,499.0,319.0,4108.0,23.0,5.0,38.0,4.0,0.0,0.0,12.5,12.5,0.0,0.0,0.0,0.0,0.0,0.0,6.0,3.0,1.0,17,0.0,,,0.0,21.911019849418206,0.0,0.0,0.0,0.0,1.0,0.0,17.0,0.0,0.0,0.0,0.0,0.0,0.0,0.0,0.0,0.0,0.0,0.0,0.0,,11
00-0039164,2023,rookie,QB,12.060992310565227,28.02221077958253,337.9756687375829,2283.008122377245,12.084780332452452,9.178062163526493,53.235905269004355,257.70201376507237,2.5384642188549087,2.7365276671030347,6.754948162111216,0.03575636192271442,0.1301224255424964,0.039739470044565704,0.00822818772221168,0.009393976692342798,0.0009940171339311301,1.3705821485386679e-11,2.6181158860412337,156.83125325327725,159.4493691393185,rookie,Anthony Richardson,QB,4.0,72.68,0.0,0.0,0.0,0.0,25.0,136.0,4.0,84.0,50.0,577.0,3.0,1.0,7.0,1.0,0.0,0.0,0.0,0.0,0.0,0.0,0.0,0.0,0.0,0.0,0.0,0.0,0.0,17,0.0,,,0.0,21.27857631759069,0.0,0.0,0.0,0.0,1.0,0.0,17.0,0.0,0.0,0.0,0.0,0.0,0.0,0.0,0.0,0.0,0.0,0.0,0.0,17.9,11
00-0019596,2024,veteran,QB,2.1816147608091137,42.68003764949924,93.11140012803625,647.7890249027804,4.066896253421057,1.7722179995510525,4.672194553039866,8.800276252659225,0.19448334719052482,0.43133282503558884,6.957139770339769,0.0436777478142174,0.36948845625665977,0.17913563741279645,0.06906515959716175,9.945554489315726e-05,1.0248816721735635e-05,1.3707704797891525e-11,1.6938865517371255,39.81897206903123,41.512858620768355,veteran,,,0.0,0.0,0.0,0.0,0.0,0.0,0.0,0.0,0.0,0.0,0.0,0.0,0.0,0.0,0.0,0.0,0.0,0.0,0.0,0.0,0.0,0.0,0.0,0.0,0.0,0.0,0.0,0.0,0.0,17,0.0,18.9521568627451,1.0,0.0,47.08008213552361,0.44999999999999996,0.0,1.0,0.0,1.0,0.0,17.0,0.0,0.0,0.0,0.0,0.0,0.0,0.0,0.0,0.0,0.0,0.0,0.0,,12
00-0023459,2024,veteran,QB,3.697609706736993,30.92119078402164,114.33449518686486,814.9158808515517,5.482462577491207,2.40519799459177,7.146433167741051,22.15266165021704,0.30153171115456495,0.6817047540725792,7.127471718134389,0.047951080455035336,0.19285350035142057,0.06707359899803468,0.016739425619123845,0.00026465282209187297,2.7439705994249643e-05,1.3707368666461343e-11,1.2100374611980464,52.377136478647294,53.58717393984534,veteran,Aaron Rodgers,QB,17.0,257.58,0.0,0.0,0.0,0.0,22.0,107.0,0.0,584.0,368.0,3897.0,28.0,11.0,40.0,2.0,0.0,0.0,1.0,1.0,0.0,0.0,0.0,0.0,0.0,0.0,1.0,0.0,0.0,17,0.0,15.218012422360246,0.918158567774936,0.058823529411764705,40.7501711156742,0.47352941176470587,1.0,1.0,0.35294117647058826,0.5882352941176471,6.0,16.0,1.0,0.0,0.0,0.0,0.0,0.0,0.0,0.0,1.0,0.0,0.0,0.0,10.9,12
00-0026143,2024,veteran,QB,2.5712888892986756,31.020238625843916,79.76199492202608,560.1793855341788,3.248009162479156,1.9301677733640252,5.151273715177548,14.35028021425717,0.20323383523898259,0.5588529403633075,7.02313659634266,0.040721262872804934,0.18750434955585762,0.06443325928057615,0.01582682583333393,0.00022102981840543161,2.2890717191131945e-05,1.3707430531945313e-11,0.8126899386354881,33.07560167668872,33.888291615324206,veteran,,,0.0,0.0,0.0,0.0,0.0,0.0,0.0,0.0,0.0,0.0,0.0,0.0,0.0,0.0,0.0,0.0,0.0,0.0,0.0,0.0,0.0,0.0,0.0,0.0,0.0,0.0,0.0,0.0,0.0,17,0.0,13.475121951219512,0.8278335724533715,0.0,39.29363449691992,0.36176470588235293,0.0,1.0,0.0,1.0,0.0,17.0,0.0,0.0,0.0,0.0,0.0,0.0,0.0,0.0,0.0,0.0,0.0,0.0,,12
00-0026158,2024,veteran,QB,2.2187481220550587,32.30586372539174,71.67857447207956,512.0739682355966,3.335465861418722,1.828108451606461,2.4613870563597633,5.396509485319482,0.0934815897884084,0.49089032534827304,7.144031141900863,0.046533652294075155,0.2153759184349647,0.07865131505181747,0.020929302134934637,3.176683780038139e-05,3.250632582364839e-06,1.3708096733853032e-11,0.8325811017066002,30.287365108451684,31.119946210158286,veteran,Joe Flacco,QB,7.0,102.54,0.0,0.0,0.0,0.0,9.0,26.0,0.0,248.0,162.0,1761.0,12.0,7.0,18.0,4.0,0.0,0.0,3.5,3.5,0.0,0.0,0.0,0.0,0.0,0.0,2.0,1.0,0.0,17,107.84,17.140000000000004,0.28248222365869435,0.29411764705882354,39.624914442162904,0.2676470588235294,1.0,0.29411764705882354,0.0,0.7058823529411765,0.0,12.0,5.0,0.0,0.0,0.0,0.0,9.0,2.0,0.0,204.0,1616.0,13.0,8.0,,12
00-0026498,2024,veteran,QB,11.01439404345904,32.97657135010029,363.2169510522467,2668.0072127252834,16.650581612200245,8.526874356112241,16.211925100317426,41.8006866311981,0.5738073033326605,1.7757901517616732,7.345492012407497,0.04584197285937008,0.24097784718834012,0.09272965054932773,0.02642297865407002,8.604906617084504e-05,8.859351774599197e-06,1.3707754523119942e-11,4.7694266772773,160.34019842518026,165.10962510245756,veteran,Matthew Stafford,QB,16.0,216.58,0.0,0.0,0.0,0.0,30.0,41.0,0.0,517.0,340.0,3762.0,20.0,8.0,28.0,2.0,0.0,0.0,2.0,2.0,0.0,0.0,0.0,0.0,0.0,0.0,2.0,0.0,0.0,17,248.1,16.296666666666667,0.8339869281045752,0.8823529411764706,36.56673511293634,0.7941176470588236,1.0,1.0,0.058823529411764705,0.058823529411764705,1.0,2.0,15.0,0.0,0.0,0.0,0.0,21.0,65.0,0.0,521.0,3965.0,24.0,11.0,10.7,12
00-0026625,2024,veteran,QB,0.13960573599877224,16.430290149072476,2.29376274893464,16.3351609329322,0.09759182163525554,0.05632814019104302,0.1429462983761243,0.31336855255981877,0.005624406317829235,0.025361411517525155,7.1215564645991485,0.042546606740641764,0.03447214647264773,0.006792399568274392,0.0007520299742761924,2.6868222778052334e-05,2.746547520535472e-06,1.3708154247827964e-11,0.006449197799790905,0.9454779136041311,0.951927111403922,veteran,,,0.0,0.0,0.0,0.0,0.0,0.0,0.0,0.0,0.0,0.0,0.0,0.0,0.0,0.0,0.0,0.0,0.0,0.0,0.0,0.0,0.0,0.0,0.0,0.0,0.0,0.0,0.0,0.0,0.0,17,4.94,2.3269767441860463,0.1709986320109439,0.11764705882352941,38.836413415468854,0.12647058823529414,1.0,0.29411764705882354,0.0,0.8823529411764706,0.0,15.0,2.0,0.0,0.0,0.0,0.0,3.0,-3.0,0.0,42.0,231.0,0.0,2.0,,12
00-0027688,2024,veteran,QB,0.0,22.09886414592961,0.0,0.0,0.0,0.0,0.0,0.0,0.0,0.0,7.059820627716572,0.041343710367162695,1.961668128761325e-08,1.223374448357088e-10,9.357622968839299e-14,8.050618484543423e-07,8.055118937493101e-08,1.3709358886785318e-11,0.0,0.0,0.0,veteran,,,0.0,0.0,0.0,0.0,0.0,0.0,0.0,0.0,0.0,0.0,0.0,0.0,0.0,0.0,0.0,0.0,0.0,0.0,0.0,0.0,0.0,0.0,0.0,0.0,0.0,0.0,0.0,0.0,0.0,17,0.0,7.1933333333333325,0.3176470588235294,0.0,37.99041752224504,0.1323529411764706,0.0,0.4117647058823529,0.0,1.0,0.0,17.0,0.0,0.0,0.0,0.0,0.0,0.0,0.0,0.0,0.0,0.0,0.0,0.0,,12
00-0027948,2024,veteran,QB,0.9334371862707823,14.185012416657806,13.240818077421173,93.3615719493056,0.5718561439102201,0.346820150105505,1.879172859402597,7.8160678381898006,0.07220675762022102,0.16882950340618316,7.051042571796215,0.04318888308611191,0.021834054229756195,0.0038096002902695612,0.0003481282332234278,0.0006339650248650288,6.610400163618477e-05,1.3707068573123428e-11,0.027048986140244903,6.2054354761300345,6.232484462270279,veteran,,,0.0,0.0,0.0,0.0,0.0,0.0,0.0,0.0,0.0,0.0,0.0,0.0,0.0,0.0,0.0,0.0,0.0,0.0,0.0,0.0,0.0,0.0,0.0,0.0,0.0,0.0,0.0,0.0,0.0,17,5.9,2.2130434782608694,0.20204603580562658,0.11764705882352941,34.88021902806297,0.13529411764705884,1.0,0.35294117647058826,0.0,0.8823529411764706,0.0,15.0,2.0,0.0,0.0,0.0,0.0,7.0,45.0,0.0,35.0,185.0,0.0,3.0,,12
00-0027973,2024,veteran,QB,3.312631360951809,26.276534062903117,87.04447079389132,621.4125422434228,3.8333754379571903,2.006754350667174,5.668845017548732,16.882546558304522,0.19850206544624202,0.5710749107209718,7.139023726329929,0.04403927559091108,0.12829992770964962,0.0379736381538825,0.0076298801491921425,0.00017598696682038966,1.819983764441284e-05,1.3707508800478106e-11,0.6649227356864928,37.913611967297285,38.57853470298378,veteran,Andy Dalton,QB,6.0,59.96,0.0,0.0,0.0,0.0,11.0,34.0,0.0,160.0,106.0,989.0,7.0,6.0,7.0,0.0,0.0,0.0,1.0,1.0,0.0,0.0,0.0,0.0,0.0,0.0,1.0,0.0,0.0,17,26.14,12.358307692307694,0.6389140271493213,0.11764705882352941,36.84325804243669,0.38235294117647056,1.0,0.8235294117647058,0.0,0.8823529411764706,0.0,15.0,2.0,0.0,0.0,0.0,0.0,3.0,12.0,0.0,58.0,361.0,2.0,0.0,,12
00-0028118,2024,veteran,QB,6.450722707814775,21.11737881516118,136.2223550524869,977.9704514803603,5.678472875482851,3.12744408470301,21.79423613628001,116.85183532966579,0.7641945660892194,1.0723501782276768,7.1792214361845765,0.04168532303890149,0.07204272813082377,0.01757101304092695,0.002684704645251089,0.00527631480000458,0.0005596651794179779,1.3706339387217027e-11,0.7088342431511182,69.70347196478633,70.41230620793745,veteran,Tyrod Taylor,QB,2.0,20.06,0.0,0.0,0.0,0.0,3.0,13.0,0.0,22.0,17.0,119.0,3.0,0.0,0.0,0.0,0.0,0.0,0.0,0.0,0.0,0.0,0.0,0.0,0.0,0.0,0.0,0.0,0.0,17,88.34,9.177714285714288,0.5176470588235296,0.5882352941176471,35.08008213552361,0.4117647058823529,1.0,0.5882352941176471,0.058823529411764705,0.35294117647058826,1.0,7.0,10.0,0.0,0.0,0.0,0.0,38.0,197.0,0.0,180.0,1341.0,5.0,3.0,,12
00-0028986,2024,veteran,QB,0.5934955479927895,17.78363299224044,10.554507008032392,73.8847347460918,0.4532726959540059,0.26746688055088635,0.7170686021066808,1.8661020409038447,0.02782779207550127,0.1094166214337667,7.000301832180568,0.042945889903625786,0.041217569736623216,0.008532657276294375,0.0010196595264382532,5.571313099135469e-05,5.720704898237588e-06,1.3707903807251482e-11,0.03330707040644277,4.368290126233782,4.401597196640225,veteran,,,0.0,0.0,0.0,0.0,0.0,0.0,0.0,0.0,0.0,0.0,0.0,0.0,0.0,0.0,0.0,0.0,0.0,0.0,0.0,0.0,0.0,0.0,0.0,0.0,0.0,0.0,0.0,0.0,0.0,17,9.74,3.981632653061224,0.17166866746698678,0.11764705882352941,36.539356605065024,0.14411764705882354,1.0,0.29411764705882354,0.0,0.8823529411764706,0.0,15.0,2.0,0.0,0.0,0.0,0.0,2.0,1.0,0.0,53.0,291.0,1.0,3.0,,12
00-0029263,2024,veteran,QB,11.628925782764517,31.54122481447895,366.7905624650663,2612.3799813840433,17.283871121674302,7.759739017267632,44.192228606220915,186.23568025411205,1.8169767457058306,2.4072928848143333,7.122266079659154,0.04712190795072718,0.20196556049823733,0.07166768880403628,0.018365681510445295,0.0037358947510732045,0.00039488700580626006,1.3706458459469138e-11,4.07624877000064,182.82204843754118,186.89829720754182,veteran,Russell Wilson,QB,11.0,177.28,0.0,0.0,0.0,0.0,43.0,155.0,2.0,336.0,214.0,2482.0,16.0,5.0,33.0,4.0,0.0,0.0,4.5,4.5,0.0,0.0,0.0,0.0,0.0,0.0,1.0,1.0,1.0,17,258.9,16.622626262626266,0.8740344622697563,0.8823529411764706,35.75633127994524,0.8735294117647059,1.0,0.8823529411764706,0.0,0.11764705882352941,0.0,2.0,15.0,0.0,0.0,0.0,0.0,80.0,341.0,3.0,447.0,3070.0,26.0,8.0,,12
00-0029567,2024,veteran,QB,0.0,19.536757580052495,0.0,0.0,0.0,0.0,0.0,0.0,0.0,0.0,7.109309679073574,0.043385498893374064,1.961668128761325e-08,1.223374448357088e-10,9.357622968839299e-14,8.050618484543423e-07,8.055118937493101e-08,1.3709358886785318e-11,0.0,0.0,0.0,veteran,,,0.0,0.0,0.0,0.0,0.0,0.0,0.0,0.0,0.0,0.0,0.0,0.0,0.0,0.0,0.0,0.0,0.0,0.0,0.0,0.0,0.0,0.0,0.0,0.0,0.0,0.0,0.0,0.0,0.0,17,0.0,4.080000000000001,0.1058823529411765,0.0,35.61396303901437,0.044117647058823525,0.0,0.11764705882352941,0.0,1.0,0.0,17.0,0.0,0.0,0.0,0.0,0.0,0.0,0.0,0.0,0.0,0.0,0.0,0.0,,12
00-0029604,2024,veteran,QB,7.75258789120607,33.88050407778269,262.66158566137597,1895.6993706016951,12.593693368064143,5.390677020943015,12.581353992097588,37.71014906074506,0.4968530447967365,1.6968297939972259,7.217269193850203,0.04794646060006645,0.24620721477117818,0.09572734738357896,0.027647668934906333,0.00015675618311938318,1.6199347119375848e-05,1.3707548543112879e-11,3.4520306966402288,118.77986784129882,122.23189853793906,veteran,Kirk Cousins,QB,14.0,182.82,0.0,0.0,0.0,0.0,23.0,0.0,0.0,453.0,303.0,3508.0,18.0,16.0,28.0,2.0,0.0,0.0,6.5,6.5,0.0,0.0,0.0,0.0,0.0,0.0,3.0,1.0,1.0,17,158.24,18.853529411764708,0.7923875432525953,0.47058823529411764,36.035592060232716,0.7,1.0,1.0,0.0,0.5294117647058824,0.0,9.0,8.0,0.0,0.0,0.0,0.0,14.0,25.0,0.0,311.0,2331.0,18.0,5.0,13.8,12
00-0029701,2024,veteran,QB,7.574701607735688,27.613019401041143,209.16038245150307,1504.3521320473117,8.203628069565568,5.0855624141420375,16.693306754579435,64.00651147662171,0.845525765344574,1.2938046056485693,7.192337833844409,0.03922171098280383,0.14873102432210505,0.04653402830917107,0.010084020817747355,0.0006495224609668046,6.773715641460122e-05,1.3707060243140747e-11,1.8137716671843263,91.70366926030314,93.51744092748747,veteran,,,0.0,0.0,0.0,0.0,0.0,0.0,0.0,0.0,0.0,0.0,0.0,0.0,0.0,0.0,0.0,0.0,0.0,0.0,0.0,0.0,0.0,0.0,0.0,0.0,0.0,0.0,0.0,0.0,0.0,17,80.03999999999999,12.004324324324324,0.6947535771065184,0.5294117647058824,36.09856262833676,0.6529411764705882,1.0,1.0,0.11764705882352941,0.35294117647058826,2.0,8.0,9.0,1.0,0.0,0.0,0.0,17.0,74.0,1.0,230.0,1616.0,4.0,7.0,,12
00-0030565,2024,veteran,QB,11.784250784331226,31.804863173318722,374.7964837957285,2711.147951300655,16.71995042933681,7.75840356188577,33.04704309873309,147.69753343577736,1.1407954211263396,2.3562271362601166,7.233653645422898,0.04461074517030292,0.213772533567544,0.07780231045519205,0.02061182777764471,0.0018919162874984864,0.000198817375128874,1.3706692716895596e-11,4.406011135709882,176.71098424341747,181.11699537912736,veteran,Geno Smith,QB,17.0,274.0,0.0,0.0,0.0,0.0,53.0,272.0,2.0,578.0,407.0,4320.0,21.0,15.0,50.0,0.0,0.0,0.0,8.0,8.0,0.0,0.0,0.0,0.0,0.0,0.0,5.0,2.0,0.0,17,232.26,16.394193548387097,0.8975332068311195,0.8823529411764706,33.894592744695416,0.8205882352941177,1.0,1.0,0.0,0.11764705882352941,0.0,2.0,15.0,1.0,1.0,-2.0,0.0,37.0,155.0,1.0,499.0,3624.0,20.0,9.0,11.6,12
00-0031237,2024,veteran,QB,2.697718881899722,21.232267109998336,57.278687888180954,414.26149403424967,2.560204116591245,1.362426228638865,4.281306155762265,15.646909253053682,0.17696642839546475,0.47375591669761447,7.232384492517845,0.04469732479887209,0.07465469442929795,0.018411197432362147,0.002858944034069053,0.00024368437282716647,2.525245779497592e-05,1.3707397018154886e-11,0.29208456387394593,25.765401432740163,26.05748599661411,veteran,,,0.0,0.0,0.0,0.0,0.0,0.0,0.0,0.0,0.0,0.0,0.0,0.0,0.0,0.0,0.0,0.0,0.0,0.0,0.0,0.0,0.0,0.0,0.0,0.0,0.0,0.0,0.0,0.0,0.0,17,-0.2,10.192289156626506,0.5308291991495392,0.058823529411764705,31.808350444900753,0.24411764705882355,1.0,0.8235294117647058,0.0,0.9411764705882353,0.0,16.0,1.0,0.0,0.0,0.0,0.0,2.0,-2.0,0.0,0.0,0.0,0.0,0.0,,12
00-0031280,2024,veteran,QB,13.52396878753274,32.43762093600696,438.6853730803766,3131.136912422379,19.48079678833311,9.335465504098952,23.08998463274054,57.461936993539524,0.6716878343268219,2.387164851835967,7.13754573223185,0.04440721752709044,0.21698773658808507,0.07950863956648438,0.021251505311461392,0.00011266041385690771,1.1618541091711872e-05,1.3707661983872595e-11,5.124012615161683,189.49972364367264,194.62373625883433,veteran,Derek Carr,QB,10.0,150.9,0.0,0.0,0.0,0.0,17.0,71.0,1.0,279.0,189.0,2145.0,15.0,5.0,8.0,0.0,0.0,0.0,0.0,0.0,0.0,0.0,0.0,0.0,0.0,0.0,0.0,0.0,0.0,17,248.61999999999998,14.860304878048781,0.9677187948350072,1.0,33.43189596167009,0.9647058823529412,1.0,1.0,0.0,0.0,0.0,0.0,17.0,0.0,0.0,0.0,0.0,32.0,40.0,0.0,548.0,3878.0,25.0,8.0,,12
00-0031345,2024,veteran,QB,6.527867514610444,26.300564954051787,171.68660357945657,1269.048130419155,7.743049770340033,4.5679663196228,12.680233086803447,26.88956423144154,0.5265745662589274,1.138964361291365,7.3916549338215525,0.045099906509342466,0.14078277878961484,0.04313234811475593,0.009084810863795293,0.00010456603778638734,1.077879374395558e-05,1.3707687589530706e-11,1.4607517300628432,76.16866675699573,77.62941848705857,veteran,Jimmy Garoppolo,QB,1.0,20.86,0.0,0.0,0.0,0.0,2.0,5.0,0.0,41.0,27.0,334.0,2.0,1.0,3.0,0.0,0.0,0.0,1.0,1.0,0.0,0.0,0.0,0.0,0.0,0.0,1.0,0.0,0.0,17,65.1,12.809999999999999,0.607008760951189,0.4117647058823529,32.832306639288156,0.5529411764705883,1.0,0.8823529411764706,0.058823529411764705,0.5294117647058824,1.0,10.0,7.0,0.0,0.0,0.0,0.0,20.0,39.0,0.0,169.0,1205.0,7.0,9.0,,12
00-0031503,2024,veteran,QB,4.389468297472639,18.902213572556118,82.97066722879212,589.242937273982,3.8090171252984684,2.2338894875629043,7.129707948173387,23.23596063755753,0.273682509873244,0.7475460311374622,7.101822330163273,0.045907996795965016,0.05113780526230052,0.011256212558490492,0.0014768423518643397,0.00019349407814189535,2.002224875992493e-05,1.3707476228880131e-11,0.31252722941295896,36.80860607774764,37.1211333071606,veteran,Jameis Winston,QB,11.0,139.14,0.0,0.0,0.0,0.0,25.0,83.0,1.0,296.0,181.0,2121.0,13.0,12.0,24.0,2.0,0.0,0.0,8.0,8.0,0.0,0.0,0.0,0.0,0.0,0.0,3.0,2.0,1.0,17,11.959999999999999,7.2598095238095235,0.3344537815126051,0.35294117647058826,30.652977412731005,0.3088235294117647,1.0,0.4117647058823529,0.0,0.6470588235294118,0.0,11.0,6.0,0.0,0.0,0.0,0.0,5.0,-6.0,0.0,47.0,264.0,2.0,3.0,,12
00-0031800,2024,veteran,QB,5.418021667793643,26.52769554469106,143.72762925776905,1013.3245800995554,6.249988437594551,3.582615721315752,16.560496102133,83.792372828511,0.665783574694167,1.0863435641600359,7.050311657769038,0.04348494767408622,0.127297890685477,0.037569288047306165,0.007519011053905407,0.003388955111805716,0.0003578901054721712,1.3706492044788873e-11,1.0977759015397215,68.56895711442493,69.66673301596465,veteran,Taylor Heinicke,QB,4.0,3.12,0.0,0.0,0.0,0.0,2.0,20.0,0.0,5.0,3.0,28.0,0.0,0.0,3.0,0.0,0.0,0.0,0.0,0.0,0.0,0.0,0.0,0.0,0.0,0.0,0.0,0.0,0.0,17,66.0,13.323821656050956,0.5728737354814538,0.29411764705882354,31.46611909650924,0.4617647058823529,1.0,0.9411764705882353,0.0,0.7058823529411765,0.0,12.0,5.0,0.0,0.0,0.0,0.0,15.0,124.0,1.0,136.0,890.0,5.0,4.0,,12
00-0032156,2024,veteran,QB,3.2479049663859656,23.18054256809912,75.28819933045042,504.62467804797967,3.0607286954473305,1.7796721905019628,5.517673075253147,18.895436805921076,0.21293374732714937,0.7155084772825792,6.702573345300921,0.040653498458813775,0.0771205528195225,0.019214401417890218,0.003028226574415606,0.0002455768850045366,2.5449819266836277e-05,1.3707394361014909e-11,0.364682433825742,30.604686732694425,30.969369166520167,veteran,,,0.0,0.0,0.0,0.0,0.0,0.0,0.0,0.0,0.0,0.0,0.0,0.0,0.0,0.0,0.0,0.0,0.0,0.0,0.0,0.0,0.0,0.0,0.0,0.0,0.0,0.0,0.0,0.0,0.0,17,26.96,7.3882352941176475,0.2816608996539793,0.29411764705882354,32.68446269678302,0.25,1.0,0.35294117647058826,0.0,0.7058823529411765,0.0,12.0,5.0,0.0,0.0,0.0,0.0,11.0,40.0,0.0,153.0,724.0,2.0,4.0,,12
00-0032268,2024,veteran,QB,3.914571174236757,20.713846388507065,81.08582598001792,583.4717846899441,3.690589611012597,2.0373262108770147,18.417691851792,91.29013045286493,0.7558313037603277,0.7860712009610927,7.195730913979094,0.0455146083351494,0.06870580574855371,0.016513697102421215,0.0024696735160046287,0.01075716287995552,0.0011517011863980235,1.370609290474133e-11,0.4341275604150389,46.118435875820396,46.55256343623543,veteran,Marcus Mariota,QB,3.0,45.76,0.0,0.0,0.0,0.0,18.0,92.0,1.0,44.0,34.0,364.0,4.0,0.0,3.0,0.0,0.0,0.0,0.0,0.0,0.0,0.0,0.0,0.0,0.0,0.0,0.0,0.0,0.0,17,11.76,11.184297520661158,0.585804569761789,0.11764705882352941,30.83915126625599,0.3558823529411764,1.0,0.7647058823529411,0.0,0.8823529411764706,0.0,15.0,2.0,0.0,0.0,0.0,0.0,8.0,52.0,0.0,23.0,164.0,1.0,1.0,,12
00-0032950,2024,veteran,QB,3.596089433901388,27.479078739553653,98.81722470865316,691.1174464234432,4.516427525785577,2.352694897867383,12.902479172873567,46.136359931576926,0.5247090306036039,0.694402959634521,6.993896544464722,0.04570486106143483,0.13666046171209403,0.041403894142959335,0.008589083105500682,0.0020177269192486707,0.00021214592870046252,1.3706670567329184e-11,0.7849558939272886,47.378102421855544,48.163058315782834,veteran,Carson Wentz,QB,2.0,4.72,0.0,0.0,0.0,0.0,3.0,0.0,0.0,19.0,12.0,118.0,0.0,0.0,4.0,0.0,0.0,0.0,0.0,0.0,0.0,0.0,0.0,0.0,0.0,0.0,0.0,0.0,0.0,17,26.119999999999997,16.19709090909091,0.674866310160428,0.058823529411764705,31.67145790554415,0.32352941176470584,1.0,1.0,0.0,0.9411764705882353,0.0,16.0,1.0,0.0,0.0,0.0,0.0,17.0,56.0,1.0,24.0,163.0,2.0,1.0,,12
00-0033077,2024,veteran,QB,13.43521959736918,33.8343660725791,454.5721381228776,3334.620813597833,23.639770862471014,9.929881983171644,40.23965776497394,158.27405626561642,1.4612245583977193,2.3979814551118865,7.3357351538699795,0.05200444303535566,0.25463322462283394,0.1006458280595465,0.02969812876519195,0.0015956628835602504,0.00016746583905213343,1.3706751294296511e-11,6.272166247181604,227.88294209417828,234.1551083413599,veteran,Dak Prescott,QB,8.0,121.52,0.0,0.0,0.0,0.0,13.0,54.0,1.0,286.0,185.0,1978.0,11.0,8.0,21.0,1.0,0.0,0.0,5.0,5.0,0.0,0.0,0.0,0.0,0.0,0.0,2.0,2.0,0.0,17,352.84000000000003,19.807882736156355,0.9218241042345278,1.0,31.093771389459274,0.9029411764705884,1.0,1.0,0.0,0.0,0.0,0.0,17.0,0.0,0.0,0.0,0.0,55.0,242.0,2.0,590.0,4516.0,36.0,9.0,5.6,12
00-0033106,2024,veteran,QB,14.1145313952562,33.988237421660486,479.7280441574486,3495.653356648684,22.107299256161948,9.46246795902332,24.65050559288439,49.99568534224036,0.9834255789911992,3.057774333181432,7.286739641807134,0.046082982901258625,0.25339927644695887,0.09991869653238533,0.029391798937590533,7.321610917364721e-05,7.530597520003996e-06,1.3707809986121266e-11,6.522966197191519,214.11496871435688,220.6379349115484,veteran,Jared Goff,QB,17.0,336.96000000000004,1.0,1.0,7.0,1.0,35.0,56.0,0.0,539.0,390.0,4629.0,37.0,12.0,31.0,0.0,0.0,0.0,13.0,13.0,0.0,0.0,0.0,0.0,0.0,0.0,6.0,2.0,2.0,17,295.6,16.885256797583082,0.9776079616136485,1.0,29.883641341546884,0.973529411764706,1.0,1.0,0.0,0.0,0.0,0.0,17.0,0.0,0.0,0.0,0.0,32.0,21.0,2.0,605.0,4575.0,30.0,12.0,6.2,12
00-0033119,2024,veteran,QB,4.243298937359512,23.239751293064778,98.61321196636112,700.576797695166,4.24054892735499,2.0691012324732942,11.19201278123892,50.25086867657407,0.4520452086836344,0.857488409163183,7.104289412397867,0.04300183355554348,0.09114834903500532,0.023964782888780334,0.004080589520633723,0.0016187579656562724,0.00016990811843348744,1.3706746352208667e-11,0.5818849520841739,46.86944645371286,47.451331405797035,veteran,Jacoby Brissett,QB,7.0,45.24,0.0,0.0,0.0,0.0,15.0,62.0,0.0,161.0,95.0,826.0,2.0,1.0,18.0,1.0,0.0,0.0,0.0,0.0,0.0,0.0,0.0,0.0,0.0,0.0,0.0,0.0,0.0,17,22.86,10.9275,0.6574394463667819,0.11764705882352941,31.72347707049966,0.4,1.0,0.8235294117647058,0.0,0.8823529411764706,0.0,15.0,2.0,0.0,0.0,0.0,0.0,3.0,19.0,0.0,23.0,224.0,3.0,0.0,,12
00-0033275,2024,veteran,QB,4.08585657970911,19.501796700673676,79.68154436559695,555.5807166902583,3.1311292175099106,2.1457354527522208,6.871407384010964,22.620458585999476,0.24922583977114005,0.8150880907855093,6.972514414895478,0.039295538790558346,0.05304084494520416,0.011799703508489157,0.0015731056102047769,0.0002165880448059096,2.2427841565718314e-05,1.3707437504319627e-11,0.30291250067293846,32.58349934780131,32.886411848474246,veteran,,,0.0,0.0,0.0,0.0,0.0,0.0,0.0,0.0,0.0,0.0,0.0,0.0,0.0,0.0,0.0,0.0,0.0,0.0,0.0,0.0,0.0,0.0,0.0,0.0,0.0,0.0,0.0,0.0,0.0,17,19.96,4.733396226415095,0.314095449500555,0.29411764705882354,29.51403148528405,0.31176470588235294,1.0,0.35294117647058826,0.0,0.7058823529411765,0.0,12.0,5.0,0.0,0.0,0.0,0.0,13.0,30.0,0.0,111.0,674.0,1.0,5.0,,12
00-0033319,2024,veteran,QB,3.624618845532277,22.21586950347782,80.5240592721915,599.3981154872899,3.6195120926457864,2.316909684047375,5.484747111606318,16.8935899564809,0.2069162516728816,0.622492154703581,7.443714597908858,0.04494944896420247,0.09155066396433927,0.02410549156027253,0.004113034843332307,0.00014110382101175937,1.4572253412197578e-05,1.3707584671296528e-11,0.4933031335870527,35.50602581825821,35.999328951845264,veteran,Nick Mullens,QB,4.0,1.32,0.0,0.0,0.0,0.0,3.0,-2.0,0.0,2.0,2.0,38.0,0.0,0.0,0.0,0.0,0.0,0.0,0.0,0.0,0.0,0.0,0.0,0.0,0.0,0.0,0.0,0.0,0.0,17,74.74000000000001,11.248048780487807,0.2682926829268293,0.29411764705882354,29.451060917180012,0.2411764705882353,1.0,0.29411764705882354,0.0,0.7058823529411765,0.0,12.0,5.0,0.0,0.0,0.0,0.0,10.0,25.0,0.0,148.0,1306.0,7.0,8.0,,12
00-0033537,2024,veteran,QB,4.657859803186831,25.92971547879347,120.77697943674347,842.9663636674322,5.287082635818406,2.892646331815361,20.479940070636758,97.29579572819407,0.7982365999778727,0.9154314827226807,6.979528446552457,0.04377558256942083,0.11671619866228661,0.033388183803779135,0.006400651500888345,0.007881126590668898,0.0008399878606474137,1.3706200718422929e-11,0.8791285850868769,61.769828633581476,62.64895721866835,veteran,Deshaun Watson,QB,7.0,76.72,0.0,0.0,0.0,0.0,31.0,148.0,1.0,216.0,137.0,1148.0,5.0,3.0,33.0,3.0,0.0,0.0,0.0,0.0,0.0,0.0,0.0,0.0,0.0,0.0,0.0,0.0,0.0,17,86.8,14.394901960784313,0.3529411764705882,0.35294117647058826,28.966461327857633,0.30000000000000004,1.0,0.35294117647058826,0.11764705882352941,0.5294117647058824,2.0,11.0,6.0,0.0,0.0,0.0,0.0,26.0,142.0,1.0,171.0,1115.0,7.0,4.0,12.6,12
00-0033550,2024,veteran,QB,0.0,22.673606974916556,0.0,0.0,0.0,0.0,0.0,0.0,0.0,0.0,7.076553975111558,0.04431953845014392,1.961668128761325e-08,1.223374448357088e-10,9.357622968839299e-14,8.050618484543423e-07,8.055118937493101e-08,1.3709358886785318e-11,0.0,0.0,0.0,veteran,,,0.0,0.0,0.0,0.0,0.0,0.0,0.0,0.0,0.0,0.0,0.0,0.0,0.0,0.0,0.0,0.0,0.0,0.0,0.0,0.0,0.0,0.0,0.0,0.0,0.0,0.0,0.0,0.0,0.0,17,0.0,13.78,0.058823529411764705,0.0,29.609856262833677,0.026470588235294117,0.0,0.058823529411764705,0.0,1.0,0.0,17.0,0.0,0.0,0.0,0.0,0.0,0.0,0.0,0.0,0.0,0.0,0.0,0.0,,12
00-0033662,2024,veteran,QB,5.478118530771227,15.991925511786214,87.6056634888292,620.525307522787,3.7267409379851486,2.0426532408215183,6.661546771868323,8.782017269074862,0.23978727624936721,0.8930824820583825,7.083164293389681,0.04253995449118828,0.03137950490340895,0.0060272272644464235,0.0006412506798803725,1.3934742999983342e-05,1.4187381785239389e-06,1.3708379717492019e-11,0.22854113416013722,36.17342999149596,36.4019711256561,veteran,Cooper Rush,QB,12.0,112.06,0.0,0.0,0.0,0.0,26.0,18.0,0.0,308.0,187.0,1844.0,12.0,5.0,13.0,3.0,0.0,0.0,2.5,2.5,0.0,0.0,0.0,0.0,0.0,0.0,1.0,1.0,0.0,17,3.2600000000000002,3.2915328467153286,0.41691713181623014,0.4117647058823529,30.77891854893908,0.40294117647058825,1.0,0.47058823529411764,0.0,0.5882352941176471,0.0,10.0,7.0,0.0,0.0,0.0,0.0,12.0,-5.0,0.0,24.0,144.0,0.0,1.0,,12
00-0033869,2024,veteran,QB,4.178704026704733,21.198605693434757,88.58269897168171,618.7485360537831,3.6939761580959662,2.3839465760975513,9.936883266882155,29.643743819550423,0.5282813891051342,0.7492292738787876,6.9849817541864,0.04170087614147842,0.06745058186858562,0.01612068800797053,0.002390979334769577,0.0004094642685283438,4.257279379348283e-05,1.3707218755141187e-11,0.4048616626035379,39.39355709116837,39.798418753771905,veteran,Mitchell Trubisky,QB,8.0,15.259999999999998,0.0,0.0,0.0,0.0,17.0,1.0,0.0,26.0,19.0,179.0,2.0,0.0,0.0,0.0,0.0,0.0,0.0,0.0,0.0,0.0,0.0,0.0,0.0,0.0,0.0,0.0,0.0,17,48.68,8.956428571428571,0.3382352941176471,0.29411764705882354,30.034223134839152,0.32941176470588235,1.0,0.4117647058823529,0.0,0.7058823529411765,0.0,12.0,5.0,0.0,0.0,0.0,0.0,16.0,54.0,2.0,107.0,632.0,4.0,5.0,,12
00-0033873,2024,veteran,QB,13.784546350624476,36.24486915358795,499.6190788199524,3633.2444586633296,24.171717531559587,11.09029518234504,56.50131212976781,285.18946757865933,1.7647577269502435,2.3861035097615955,7.272029057106206,0.04838029321988791,0.29045441140277184,0.1227953884075031,0.03955273663154425,0.007670657987299004,0.0008172647924178846,1.3706210085283675e-11,7.755868421788535,254.17134420812562,261.92721262991415,veteran,Patrick Mahomes,QB,16.0,285.52,1.0,1.0,2.0,0.0,58.0,307.0,2.0,581.0,392.0,3928.0,26.0,11.0,36.0,0.0,0.0,0.0,3.0,3.0,0.0,0.0,0.0,0.0,0.0,0.0,3.0,0.0,0.0,17,287.72,21.00851063829787,0.9685320936885392,0.9411764705882353,28.958247775496236,0.9676470588235294,1.0,1.0,0.058823529411764705,0.0,1.0,1.0,16.0,0.0,0.0,0.0,0.0,75.0,389.0,0.0,597.0,4183.0,27.0,14.0,6.8,12
00-0033936,2024,veteran,QB,4.161367389297543,13.60979636710233,56.63536277703981,402.0693884797883,2.426287364374303,1.2544366803451918,5.084673680526378,17.866009997688355,0.194059711186572,0.7007248516711123,7.099263936255543,0.0428405018596955,0.019730970169347373,0.00335341439391594,0.00029380896540935077,0.00011552451987212116,1.191576900331991e-05,1.3707653362211714e-11,0.10604041279163288,24.828561199544406,24.93460161233604,veteran,,,0.0,0.0,0.0,0.0,0.0,0.0,0.0,0.0,0.0,0.0,0.0,0.0,0.0,0.0,0.0,0.0,0.0,0.0,0.0,0.0,0.0,0.0,0.0,0.0,0.0,0.0,0.0,0.0,0.0,17,21.46,2.4439583333333332,0.3088235294117647,0.35294117647058826,30.792607802874745,0.28235294117647064,1.0,0.35294117647058826,0.0,0.6470588235294118,0.0,11.0,6.0,0.0,0.0,0.0,0.0,8.0,35.0,0.0,53.0,349.0,1.0,0.0,,12
00-0033949,2024,veteran,QB,9.386938747013472,28.59728279267442,268.44094190585713,1794.0332892173055,10.731547616046734,6.384885769288924,48.52558398763119,243.84651768455007,2.544776520081749,2.518102501468495,6.683158226461883,0.0399773132215067,0.13470053388804873,0.04059070070981921,0.008358704051525242,0.014594519384515774,0.001570927726107917,1.3705986823484445e-11,2.152001741834736,136.53485638030983,138.68685812214457,veteran,Joshua Dobbs,QB,2.0,31.839999999999996,0.0,0.0,0.0,0.0,9.0,24.0,2.0,47.0,32.0,361.0,2.0,2.0,2.0,1.0,0.0,0.0,1.0,1.0,0.0,0.0,0.0,0.0,0.0,0.0,1.0,0.0,0.0,17,200.66,15.047096774193548,0.7146110056925996,0.7647058823529411,29.598904859685145,0.45588235294117646,1.0,0.7647058823529411,0.0,0.23529411764705882,0.0,4.0,13.0,0.0,0.0,0.0,0.0,77.0,421.0,6.0,417.0,2464.0,13.0,10.0,,12
00-0034177,2024,veteran,QB,2.0314527383998877,19.415219601726548,39.44110102656257,270.5158112141423,1.6361575397550183,1.1361060619315966,2.2035090755842424,6.628547927864647,0.08691905378973334,0.36475664784914796,6.858728690965215,0.04148356656304063,0.049978845737913856,0.010928456760464616,0.0014195632420956551,6.060482220531507e-05,6.226214665501548e-06,1.370787490594026e-11,0.14074026770509182,15.54790630354914,15.688646571254232,veteran,Tim Boyle,QB,3.0,13.940000000000001,0.0,0.0,0.0,0.0,3.0,9.0,0.0,50.0,27.0,276.0,1.0,1.0,2.0,0.0,0.0,0.0,0.0,0.0,0.0,0.0,0.0,0.0,0.0,0.0,0.0,0.0,0.0,17,10.9,3.443921568627451,0.1764705882352941,0.17647058823529413,29.913757700205338,0.15000000000000002,1.0,0.23529411764705882,0.0,0.8235294117647058,0.0,14.0,3.0,0.0,0.0,0.0,0.0,4.0,5.0,0.0,77.0,360.0,1.0,4.0,,12
00-0034401,2024,veteran,QB,4.435617811757764,17.69397814291839,78.48372461158137,561.8944241961811,3.332976581302499,2.0410329119496127,4.756350824109127,7.760150121169919,0.1955360850809147,0.8419626424726737,7.159375105819912,0.042467105094687006,0.04333067956026713,0.009096931702310922,0.0011107397203621342,1.640277145792845e-05,1.6716817435905098e-06,1.3708323719039467e-11,0.2626616152243174,31.990923706815153,32.25358532203947,veteran,Mike White,QB,1.0,1.12,0.0,0.0,0.0,0.0,0.0,0.0,0.0,11.0,3.0,28.0,0.0,0.0,0.0,0.0,0.0,0.0,0.0,0.0,0.0,0.0,0.0,0.0,0.0,0.0,0.0,0.0,0.0,17,2.06,5.183333333333333,0.31141868512110726,0.35294117647058826,29.440109514031484,0.30000000000000004,1.0,0.35294117647058826,0.0,0.6470588235294118,0.0,11.0,6.0,0.0,0.0,0.0,0.0,8.0,-9.0,0.0,6.0,74.0,1.0,1.0,,12
00-0034577,2024,veteran,QB,4.310332662178312,13.313136027714808,57.38404505628197,404.815675730731,2.5190988931382936,1.4250526826476586,7.197412417777915,10.49516578514079,0.26336332096573334,0.7913341131040761,7.054498778078296,0.04389894247900396,0.01815572606457708,0.0030202937159784617,0.0002556532698018301,3.1840088826714254e-05,3.25817420709225e-06,1.3708095942894567e-11,0.10014713353484372,24.465945514587425,24.566092648122268,veteran,Kyle Allen,QB,1.0,0.76,0.0,0.0,0.0,0.0,0.0,0.0,0.0,1.0,1.0,19.0,0.0,0.0,0.0,0.0,0.0,0.0,0.0,0.0,0.0,0.0,0.0,0.0,0.0,0.0,0.0,0.0,0.0,17,-1.3,1.2504761904761903,0.3025210084033614,0.35294117647058826,28.484599589322382,0.24705882352941178,1.0,0.35294117647058826,0.0,0.6470588235294118,0.0,11.0,6.0,0.0,0.0,0.0,0.0,13.0,-13.0,0.0,0.0,0.0,0.0,0.0,,12
00-0034771,2024,veteran,QB,2.696251418821968,19.996145295239224,53.914635123258975,396.52354640455474,2.369256856813477,1.1271802870348233,5.352786796695192,15.475727378591293,0.20304675622814639,0.5271056895430154,7.354655104277855,0.04394459595983375,0.06617362270301538,0.01572354149961588,0.0023121502507203943,0.00023729888155358945,2.4586618399276764e-05,1.3707406138319265e-11,0.25522018758263737,24.79525060550843,25.050470793091066,veteran,Mason Rudolph,QB,8.0,95.8,0.0,0.0,0.0,0.0,25.0,106.0,1.0,228.0,146.0,1530.0,9.0,9.0,11.0,1.0,0.0,0.0,0.0,0.0,0.0,0.0,0.0,0.0,0.0,0.0,0.0,0.0,0.0,17,39.56,9.806000000000001,0.22117647058823528,0.23529411764705882,29.127994524298426,0.14705882352941177,1.0,0.23529411764705882,0.0,0.7647058823529411,0.0,13.0,4.0,0.0,0.0,0.0,0.0,10.0,8.0,0.0,74.0,719.0,3.0,0.0,,12
00-0034796,2024,veteran,QB,12.963038704227117,31.970193096025735,414.43085048539615,3064.770176775818,19.530474640638033,8.880170504939212,110.74771880289204,605.6816844546144,3.618407053463899,2.9686121467522275,7.395130389511905,0.04712601539620723,0.22788098441271562,0.0854044973695946,0.023510981337333443,0.07499639959305886,0.008627854483944923,1.3705403128626292e-11,6.364176298748074,259.29375109644684,265.6579273951949,veteran,Lamar Jackson,QB,17.0,433.38,0.0,0.0,0.0,0.0,139.0,915.0,4.0,474.0,316.0,4172.0,41.0,4.0,23.0,5.0,0.0,1.0,2.0,3.0,0.0,0.0,0.0,1.0,0.0,0.0,2.0,0.0,0.0,17,336.72,20.70718309859155,0.851698425849213,0.9411764705882353,27.64955509924709,0.8352941176470589,1.0,0.9411764705882353,0.058823529411764705,0.0,1.0,1.0,16.0,0.0,0.0,0.0,0.0,148.0,821.0,5.0,457.0,3678.0,24.0,7.0,6.5,12
00-0034855,2024,veteran,QB,13.538448781805673,31.236324792483593,422.89138333488586,2985.521648465133,18.685016679547772,9.3054083381241,37.81740705357993,108.02449544653241,1.2321496738944682,2.5519191526832974,7.059783590106662,0.04418396168822193,0.19313352159172065,0.06721296801804774,0.016788046987734527,0.0005577872703463831,5.811148684245662e-05,1.3707112556817993e-11,4.442967190021726,188.64162526320166,193.0845924532234,veteran,Baker Mayfield,QB,17.0,374.8,0.0,0.0,0.0,0.0,60.0,378.0,3.0,570.0,407.0,4500.0,41.0,16.0,40.0,2.0,0.0,0.0,9.0,9.0,0.0,0.0,0.0,0.0,0.0,0.0,6.0,2.0,0.0,17,278.56,14.423189368770764,0.9050224741059215,1.0,29.385352498288842,0.8852941176470589,1.0,1.0,0.0,0.0,0.0,0.0,17.0,0.0,0.0,0.0,0.0,62.0,163.0,1.0,566.0,4044.0,28.0,10.0,,12
00-0034857,2024,veteran,QB,14.392499590550766,36.302586169107144,522.4849565748085,3788.25797878129,25.70111078060775,13.59961776014131,90.61680623040894,457.4374608134836,6.6676530301496815,3.0619834671055544,7.25046325470405,0.04919014501219981,0.28959982755082647,0.12224319206660318,0.03929487253125999,0.025793570170274328,0.0028147499546759547,1.3705787371398187e-11,8.370246790596259,306.76122408143533,315.13147087203157,veteran,Josh Allen,QB,16.0,383.54,0.0,0.0,7.0,1.0,102.0,531.0,12.0,483.0,307.0,3731.0,28.0,6.0,14.0,2.0,0.0,0.0,4.5,4.5,0.0,0.0,0.0,0.0,0.0,0.0,3.0,1.0,0.0,17,400.64,24.252694610778445,0.983092638252906,1.0,28.281998631074607,0.9823529411764707,1.0,1.0,0.0,0.0,0.0,0.0,17.0,0.0,0.0,0.0,0.0,111.0,524.0,15.0,579.0,4306.0,29.0,18.0,6.7,12
00-0034869,2024,veteran,QB,8.27699590761189,20.50218903704423,169.69653475670046,1203.5606070512754,7.239202583296406,4.099136317818727,22.181409189387992,64.76401330901798,1.073861965959515,1.598106549436891,7.092428898308738,0.04265969599011253,0.06410632431979502,0.015086339172093255,0.0021871541934973477,0.0005296814584909291,5.516455863085806e-05,1.3707130319629265e-11,0.759187334777387,78.6243220073843,79.38350934216169,veteran,Sam Darnold,QB,17.0,312.46,0.0,0.0,0.0,0.0,67.0,212.0,1.0,545.0,361.0,4319.0,35.0,12.0,48.0,4.0,0.0,0.0,4.5,4.5,0.0,0.0,0.0,0.0,0.0,0.0,3.0,1.0,0.0,17,23.380000000000003,6.933736263736264,0.5649644473173887,0.5882352941176471,27.241615331964407,0.5352941176470588,1.0,0.7058823529411765,0.0,0.4117647058823529,0.0,7.0,10.0,0.0,0.0,0.0,0.0,21.0,15.0,1.0,46.0,297.0,2.0,1.0,,12
00-0034899,2024,veteran,QB,0.1813868411966597,18.558212336718935,3.3662155140143284,23.95764204596493,0.14673472448777217,0.08382265647332973,0.4516531290153224,1.7043107689647419,0.017906283448532116,0.03580779920085618,7.117085031015918,0.0435904129955084,0.04882847810398205,0.010605578051680907,0.0013637173185816842,0.000862942445057067,9.016771439822952e-05,1.3706962613936252e-11,0.012418191874470401,1.583852446028981,1.5962706379034513,veteran,,,0.0,0.0,0.0,0.0,0.0,0.0,0.0,0.0,0.0,0.0,0.0,0.0,0.0,0.0,0.0,0.0,0.0,0.0,0.0,0.0,0.0,0.0,0.0,0.0,0.0,0.0,0.0,0.0,0.0,17,0.0,4.616666666666667,0.11764705882352941,0.0,28.878850102669404,0.052941176470588235,0.0,0.11764705882352941,0.0,1.0,0.0,17.0,0.0,0.0,0.0,0.0,0.0,0.0,0.0,0.0,0.0,0.0,0.0,0.0,,12
00-0034955,2024,veteran,QB,1.831888274875745,18.331666712362637,33.58156530930711,232.65009276687758,1.3975487387785266,0.8354107493989041,2.743102869827862,10.392960939672662,0.10772716433615345,0.37432619057736305,6.927910912550546,0.041616545444092115,0.043647570794576915,0.009182311791872856,0.0011246940647710586,0.00023040483560800399,2.3867881482679306e-05,1.3707416264484721e-11,0.10979721577262236,14.162383865820864,14.272181081593487,veteran,,,0.0,0.0,0.0,0.0,0.0,0.0,0.0,0.0,0.0,0.0,0.0,0.0,0.0,0.0,0.0,0.0,0.0,0.0,0.0,0.0,0.0,0.0,0.0,0.0,0.0,0.0,0.0,0.0,0.0,17,4.779999999999999,3.2795918367346935,0.1716686674669868,0.11764705882352941,28.147843942505133,0.14411764705882354,1.0,0.23529411764705882,0.0,0.8823529411764706,0.0,15.0,2.0,0.0,0.0,0.0,0.0,3.0,19.0,0.0,38.0,172.0,0.0,1.0,,12
00-0035040,2024,veteran,QB,0.07090013449140131,20.013816933693214,1.418982312285134,10.155418707468389,0.06307262546342683,0.03381564028734013,0.10716610817299849,0.37826887098257533,0.004322741432959672,0.014059168797555525,7.1568324844825355,0.044449197792927005,0.061446360163528974,0.014277021617057541,0.0020310870302929166,0.00019733597714551826,2.0422318716618278e-05,1.3707469476335681e-11,0.006179091082982124,0.626520967678667,0.6327000587616491,veteran,,,0.0,0.0,0.0,0.0,0.0,0.0,0.0,0.0,0.0,0.0,0.0,0.0,0.0,0.0,0.0,0.0,0.0,0.0,0.0,0.0,0.0,0.0,0.0,0.0,0.0,0.0,0.0,0.0,0.0,17,0.0,7.5520000000000005,0.1058823529411765,0.0,29.089664613278575,0.044117647058823525,0.0,0.11764705882352941,0.0,1.0,0.0,17.0,0.0,0.0,0.0,0.0,0.0,0.0,0.0,0.0,0.0,0.0,0.0,0.0,,12
00-0035100,2024,veteran,QB,6.563462555625324,25.781557822213383,169.21628939178672,1244.850958941251,7.7365620984323,4.193400936659812,18.1920316872463,78.91269665268055,0.9451763954627731,1.1005839896357683,7.356566932271194,0.04571996068605326,0.13204315117258755,0.03949697505347117,0.008051759761365318,0.0016874429181949087,0.000177173320551961,1.370673205995777e-11,1.3740302753563676,83.71464493683277,85.08867521218913,veteran,Jake Browning,QB,2.0,-0.2,0.0,0.0,0.0,0.0,2.0,-2.0,0.0,0.0,0.0,0.0,0.0,0.0,0.0,0.0,0.0,0.0,0.0,0.0,0.0,0.0,0.0,0.0,0.0,0.0,0.0,0.0,0.0,17,148.44,16.493333333333332,0.5294117647058824,0.5294117647058824,28.39151266255989,0.2911764705882353,1.0,0.5294117647058824,0.0,0.47058823529411764,0.0,8.0,9.0,1.0,1.0,-7.0,0.0,27.0,127.0,3.0,243.0,1936.0,12.0,7.0,,12
00-0035146,2024,veteran,QB,0.9766438688506333,16.226262944399867,15.847280219006354,111.41752073115902,0.6714513484611648,0.4072133858275803,2.591155308656682,10.206348718229556,0.1004317448440235,0.19796292480540253,7.030703009689384,0.042370131605034854,0.03203354555032558,0.006187257315472174,0.0006640458581847159,0.001150522906198135,0.00012045901238657495,1.3706863753579548e-11,0.042946678377498965,7.555378942712153,7.598325621089652,veteran,,,0.0,0.0,0.0,0.0,0.0,0.0,0.0,0.0,0.0,0.0,0.0,0.0,0.0,0.0,0.0,0.0,0.0,0.0,0.0,0.0,0.0,0.0,0.0,0.0,0.0,0.0,0.0,0.0,0.0,17,0.0,1.716,0.29411764705882354,0.0,29.026694045174537,0.08823529411764706,0.0,0.29411764705882354,0.0,1.0,0.0,17.0,0.0,0.0,0.0,0.0,0.0,0.0,0.0,0.0,0.0,0.0,0.0,0.0,,12
00-0035228,2024,veteran,QB,7.8283886546274895,32.13586364227017,251.5720303438038,1750.5278492226628,10.684124700653593,5.364907414905906,42.81127949451588,221.39660451991227,2.029075516520288,1.2665076886606723,6.958356407229983,0.04246944577285653,0.19974202082766207,0.07053539661262656,0.01796037865662409,0.018557296073564346,0.0020076515869303308,1.3705902962375942e-11,2.841976308220001,133.8088961155007,136.6508724237207,veteran,Kyler Murray,QB,17.0,299.24,0.0,0.0,0.0,0.0,78.0,572.0,5.0,541.0,372.0,3851.0,21.0,11.0,30.0,4.0,0.0,0.0,2.0,2.0,0.0,0.0,0.0,0.0,0.0,0.0,2.0,0.0,0.0,17,146.36,19.16591836734694,0.6056422569027611,0.47058823529411764,27.069130732375086,0.5764705882352942,1.0,0.8235294117647058,0.11764705882352941,0.4117647058823529,2.0,9.0,8.0,0.0,0.0,0.0,0.0,44.0,244.0,3.0,268.0,1799.0,10.0,5.0,8.1,12
00-0035264,2024,veteran,QB,1.627468718213336,25.55456482459477,41.58925485958286,300.7444624711503,1.8255671415378645,0.9724020285708806,5.888683764764361,20.257902901049075,0.21572988075323643,0.3110425602050023,7.2313020150649265,0.04389516349118295,0.12333665425173085,0.035985055367545635,0.007089190672909336,0.0018563869539290464,0.00019505485802364167,1.370669923867356e-11,0.31514562688047515,20.085327462070026,20.400473088950502,veteran,Jarrett Stidham,QB,2.0,0.49999999999999994,0.0,0.0,0.0,0.0,4.0,5.0,0.0,0.0,0.0,0.0,0.0,0.0,0.0,0.0,0.0,0.0,0.0,0.0,0.0,0.0,0.0,0.0,0.0,0.0,0.0,0.0,0.0,17,26.64,14.097,0.14411764705882354,0.11764705882352941,28.06570841889117,0.11764705882352941,1.0,0.17647058823529413,0.0,0.8823529411764706,0.0,15.0,2.0,0.0,0.0,0.0,0.0,9.0,8.0,0.0,66.0,496.0,2.0,1.0,,12
00-0035282,2024,veteran,QB,3.4554855678910026,27.07830425232645,93.56868954687562,657.3834074428412,3.731967992019383,1.845847313421567,16.247350343413213,77.32646782303777,0.6530572135087626,0.8323090303494212,7.0256771856734,0.03988479490406627,0.13309787573326534,0.03992985901131152,0.008172843549307593,0.00957302902511539,0.0010230941685881953,1.3706133357758005e-11,0.7617480463252752,47.51788564160556,48.27963368793083,veteran,,,0.0,0.0,0.0,0.0,0.0,0.0,0.0,0.0,0.0,0.0,0.0,0.0,0.0,0.0,0.0,0.0,0.0,0.0,0.0,0.0,0.0,0.0,0.0,0.0,0.0,0.0,0.0,0.0,0.0,17,67.56,13.512000000000002,0.29411764705882354,0.29411764705882354,28.9637234770705,0.16176470588235295,1.0,0.29411764705882354,0.0,0.7058823529411765,0.0,12.0,5.0,0.0,0.0,0.0,0.0,27.0,144.0,1.0,174.0,1129.0,3.0,1.0,,12
00-0035289,2024,veteran,QB,11.899024506241744,27.632539940772745,328.8002699249587,2315.1671551227732,13.13468032456851,7.195766757215745,24.518936265803944,70.65447574623876,1.2524167832088775,2.575495283660903,7.041256856787735,0.03994729179378778,0.14108800328656035,0.04326129929581812,0.009122121753341412,0.000258693152767517,2.681792481348634e-05,1.3707376489457649e-11,2.6716060571739857,140.1828316953088,142.8544377524828,veteran,Gardner Minshew,QB,10.0,96.32,0.0,0.0,0.0,0.0,19.0,58.0,0.0,306.0,203.0,2013.0,9.0,10.0,29.0,4.0,0.0,0.0,0.0,0.0,0.0,0.0,0.0,0.0,0.0,0.0,0.0,0.0,0.0,17,199.2,11.75860465116279,0.8188782489740081,0.9411764705882353,28.295687885010267,0.6323529411764707,1.0,0.9411764705882353,0.0,0.058823529411764705,0.0,1.0,16.0,0.0,0.0,0.0,0.0,34.0,100.0,3.0,490.0,3305.0,15.0,9.0,,12
00-0035704,2024,veteran,QB,3.2060012437409617,19.757604429016315,63.34290437276824,453.36836469149273,2.7512992893060484,1.5652003760301003,5.03384160268908,19.039599971172848,0.21389487185546494,0.5800748319440528,7.157366230374501,0.04343500375535132,0.05926687203183783,0.013622865485023526,0.0019072025268293822,0.0002587931415523077,2.6828356022130828e-05,1.3707376356726652e-11,0.268709747161064,28.036710557185668,28.305420304346733,veteran,Drew Lock,QB,7.0,81.14,0.0,0.0,0.0,0.0,18.0,133.0,2.0,181.0,107.0,1071.0,6.0,5.0,12.0,2.0,0.0,0.0,1.0,1.0,0.0,0.0,0.0,0.0,0.0,0.0,1.0,0.0,0.0,17,29.119999999999997,7.652580645161289,0.269449715370019,0.23529411764705882,27.808350444900753,0.1823529411764706,1.0,0.35294117647058826,0.0,0.7647058823529411,0.0,13.0,4.0,0.0,0.0,0.0,0.0,5.0,14.0,0.0,76.0,543.0,3.0,3.0,,12
00-0035710,2024,veteran,QB,7.319518709354651,28.840345178463142,211.09744611800716,1446.8456138199576,7.908719862560907,4.691344215198527,45.80836000886258,233.16418938199945,1.9102713506375582,1.4174217238263913,6.853922870346549,0.037464782298407315,0.14694827066410304,0.045763141430132846,0.009854875047795935,0.025958560808234367,0.0028332950265554384,1.3705785124023745e-11,1.9434144614980755,112.0692191670174,114.01263362851547,veteran,Daniel Jones,QB,10.0,135.3,0.0,0.0,0.0,0.0,67.0,265.0,2.0,341.0,216.0,2070.0,8.0,7.0,29.0,2.0,0.0,0.0,0.0,0.0,0.0,0.0,0.0,0.0,0.0,0.0,0.0,0.0,0.0,17,57.96,14.892923076923076,0.6923076923076923,0.35294117647058826,27.266255989048595,0.573529411764706,1.0,0.9411764705882353,0.11764705882352941,0.5294117647058824,2.0,11.0,6.0,0.0,0.0,0.0,0.0,40.0,206.0,1.0,160.0,909.0,2.0,6.0,,12
00-0035939,2024,veteran,QB,1.1561741872200884,12.991962659746424,15.02097186852606,106.71159877993914,0.6685352121982738,0.36491286687277513,3.9333283262767633,16.72640504902468,0.1502100253979377,0.21410029605515862,7.104174065030739,0.04450678811263057,0.01725122577285236,0.00283249636886606,0.00023474228355341626,0.0028141612677612384,0.00029669826350767805,1.3706556058878492e-11,0.029168729613526626,8.35847913142489,8.387647861038417,veteran,,,0.0,0.0,0.0,0.0,0.0,0.0,0.0,0.0,0.0,0.0,0.0,0.0,0.0,0.0,0.0,0.0,0.0,0.0,0.0,0.0,0.0,0.0,0.0,0.0,0.0,0.0,0.0,0.0,0.0,17,0.0,3.088,0.29411764705882354,0.0,27.698836413415467,0.08823529411764706,0.0,0.29411764705882354,0.0,1.0,0.0,17.0,0.0,0.0,0.0,0.0,0.0,0.0,0.0,0.0,0.0,0.0,0.0,0.0,,12
00-0035993,2024,veteran,QB,4.492731098330396,19.85908592672181,89.2215329273986,616.6003921200139,3.8265197044282164,1.9994586236061662,20.414252724460987,80.06011965478646,0.7238901476845726,0.800124588438211,6.910892156737033,0.04288784981470711,0.05445610768703572,0.012208119039746912,0.0016464741672104785,0.005038831948963429,0.0005342102074006356,1.3706355281971954e-11,0.36796088531708643,46.720280930010745,47.088241815327834,veteran,Tyler Huntley,QB,5.0,60.66,0.0,0.0,0.0,0.0,26.0,135.0,2.0,133.0,86.0,829.0,3.0,3.0,15.0,2.0,0.0,0.0,0.0,0.0,0.0,0.0,0.0,0.0,0.0,0.0,0.0,0.0,0.0,17,25.619999999999997,7.828867924528303,0.31742508324084356,0.29411764705882354,26.576317590691307,0.31176470588235294,1.0,0.4117647058823529,0.0,0.7058823529411765,0.0,12.0,5.0,0.0,0.0,0.0,0.0,15.0,55.0,0.0,37.0,203.0,3.0,0.0,,12
00-0036212,2024,veteran,QB,13.97829211780941,33.03175490421738,461.72751921503414,3551.4934499791702,22.316066267093735,10.92364681342497,31.944738964324088,84.96169434407047,1.0414024870695984,2.779449487011152,7.691751741410027,0.04833167904965347,0.2682180329651138,0.10880751242893413,0.03321200384779566,0.0002745915894882401,2.8476836366118123e-05,1.3707356003938203e-11,6.963574397411065,218.66239482349417,225.62596922090523,veteran,Tua Tagovailoa,QB,11.0,187.08,0.0,0.0,0.0,0.0,17.0,49.0,0.0,399.0,291.0,2867.0,19.0,7.0,21.0,2.0,0.0,0.0,5.5,5.5,0.0,0.0,0.0,0.0,0.0,0.0,4.0,1.0,0.0,17,278.86,16.6208552631579,0.9094427244582043,1.0,26.50239561943874,0.8941176470588235,1.0,1.0,0.0,0.0,0.0,0.0,17.0,0.0,0.0,0.0,0.0,35.0,74.0,0.0,560.0,4624.0,29.0,14.0,7.0,12
00-0036264,2024,veteran,QB,12.983928056067603,30.505479715510212,396.0809539420142,2837.1531539318426,19.137960704140074,8.555956860120933,37.736079822183314,165.95314947005693,1.8787383124974648,2.3823241085417686,7.163063827469973,0.04831830592627245,0.18888022090171164,0.06510840237285413,0.016058633297892238,0.001996898459848127,0.00020993876536495428,1.3706674137375812e-11,4.167476027653538,196.02915185849906,200.1966278861526,veteran,Jordan Love,QB,15.0,236.36,0.0,0.0,0.0,0.0,25.0,83.0,1.0,425.0,268.0,3389.0,25.0,11.0,14.0,0.0,0.0,0.0,2.5,2.5,0.0,0.0,0.0,0.0,0.0,0.0,1.0,1.0,0.0,17,321.06,16.005589519650655,0.868995633187773,1.0,25.831622176591377,0.6735294117647059,1.0,1.0,0.0,0.0,0.0,0.0,17.0,0.0,0.0,0.0,0.0,50.0,247.0,4.0,579.0,4159.0,32.0,11.0,6.8,12
00-0036355,2024,veteran,QB,12.198401813198855,35.79787981928985,436.67692209629996,3064.769020416477,19.053105275275033,8.44343620466516,42.939123534060634,163.44680128054543,1.6972310945292437,2.015526806846936,7.01839017666385,0.04363204078614731,0.2616568605050869,0.10482964754443377,0.03148213677433231,0.0022749743592957263,0.0002394239515915676,1.3706629276115896e-11,5.910122210300116,204.41332258996502,210.32344480026512,veteran,Justin Herbert,QB,17.0,287.4,0.0,0.0,0.0,0.0,69.0,306.0,2.0,504.0,332.0,3870.0,23.0,3.0,41.0,2.0,0.0,0.0,2.0,2.0,0.0,0.0,0.0,0.0,0.0,0.0,2.0,0.0,0.0,17,240.16,18.74864864864865,0.8863275039745627,0.7647058823529411,26.480492813141684,0.8705882352941177,1.0,1.0,0.0,0.23529411764705882,0.0,4.0,13.0,1.0,1.0,10.0,0.0,52.0,228.0,3.0,456.0,3134.0,20.0,7.0,7.3,12
00-0036389,2024,veteran,QB,14.412476469637475,34.793261328011695,501.45706019191607,3648.4898536278138,21.976833667691185,11.59322930161279,116.38295136795195,479.08414316899365,8.268628787926541,2.949987220257392,7.275777216560627,0.043825953231728915,0.2660712586920731,0.10749855561504164,0.032639163385864686,0.02926032234513423,0.003205745019081758,1.370574284958025e-11,7.590566503374973,302.2806828165956,309.87124931997056,veteran,Jalen Hurts,QB,15.0,316.12,0.0,0.0,0.0,0.0,150.0,630.0,14.0,361.0,248.0,2903.0,18.0,5.0,38.0,5.0,0.0,0.0,1.0,1.0,0.0,0.0,0.0,0.0,0.0,0.0,1.0,0.0,0.0,17,360.82,22.460372670807455,0.9506759225429303,1.0,26.069815195071868,0.9470588235294117,1.0,1.0,0.0,0.0,0.0,0.0,17.0,0.0,0.0,0.0,0.0,157.0,605.0,15.0,538.0,3858.0,23.0,15.0,6.9,12
00-0036442,2024,veteran,QB,9.947645644849844,33.76310955460836,335.86344971748804,2399.887047910286,15.998655593898834,7.180719688997378,31.267411605285805,98.54078300870191,1.250048025513141,1.760397094563557,7.145424874093784,0.04763440501595551,0.23875970835863783,0.0914707288155058,0.02591434131395843,0.0009951862345911125,0.0001040886096394906,1.3706913609992819e-11,4.267000852932121,159.46223717883396,163.72923803176607,veteran,Joe Burrow,QB,17.0,391.32,0.0,0.0,0.0,0.0,42.0,201.0,2.0,652.0,460.0,4918.0,43.0,9.0,48.0,5.0,0.0,0.0,18.5,18.5,0.0,0.0,0.0,0.0,0.0,0.0,7.0,5.0,2.0,17,150.16,18.965275590551183,0.7883279295970357,0.5882352941176471,27.72621492128679,0.7470588235294118,1.0,0.9411764705882353,0.058823529411764705,0.35294117647058826,1.0,7.0,10.0,0.0,0.0,0.0,0.0,31.0,88.0,0.0,365.0,2309.0,15.0,6.0,8.0,12
00-0036879,2024,veteran,QB,1.141926596894677,19.414088483494602,22.16946399376913,156.41583898420538,0.9717733681995081,0.5279243839553468,3.7873334595736567,16.465874699005504,0.1449013482279783,0.2204900625388431,7.0554632727325775,0.043833868445021094,0.05415431973232408,0.012120728912209595,0.0016307019724476606,0.0027884750999776857,0.0002939668966392925,1.3706559216134673e-11,0.09001378286444124,11.162893698446286,11.252907481310727,veteran,,,0.0,0.0,0.0,0.0,0.0,0.0,0.0,0.0,0.0,0.0,0.0,0.0,0.0,0.0,0.0,0.0,0.0,0.0,0.0,0.0,0.0,0.0,0.0,0.0,0.0,0.0,0.0,0.0,0.0,17,0.0,6.558181818181817,0.2192513368983957,0.0,25.921971252566735,0.09705882352941177,0.0,0.23529411764705882,0.0,1.0,0.0,17.0,0.0,0.0,0.0,0.0,0.0,0.0,0.0,0.0,0.0,0.0,0.0,0.0,,12
00-0036898,2024,veteran,QB,6.925535042941724,25.902209407529497,179.38665894146033,1232.9248179829412,7.637686474757159,4.415282407502899,13.07862438181292,44.47263699176306,0.541354019226582,1.2144647058230162,6.873001734121624,0.04257666941246497,0.11171882795939501,0.03147031900892192,0.005905268519061976,0.00031622253334323374,3.282371191295104e-05,1.3707307517537531e-11,1.1849611348624582,76.30363220623025,77.48859334109271,veteran,Davis Mills,QB,4.0,9.580000000000002,0.0,0.0,0.0,0.0,3.0,11.0,0.0,36.0,20.0,212.0,0.0,0.0,2.0,0.0,0.0,0.0,0.0,0.0,0.0,0.0,0.0,0.0,0.0,0.0,0.0,0.0,0.0,17,17.82,9.674021739130433,0.6815856777493605,0.29411764705882354,25.864476386036962,0.5411764705882354,1.0,0.8823529411764706,0.0,0.7058823529411765,0.0,12.0,5.0,0.0,0.0,0.0,0.0,2.0,9.0,0.0,39.0,173.0,2.0,0.0,,12
00-0036945,2024,veteran,QB,11.649733410597154,30.341916639487565,353.475240016592,2493.5993375162398,15.638105513072256,9.134476394244668,101.47278931573813,567.2331300510263,3.922671188798738,2.5010248061947253,7.054523358974707,0.04424102099014972,0.17955104235898336,0.0605845189129402,0.014525900544231599,0.08378544659731398,0.009727787194702941,1.3705361803022127e-11,4.634925064178662,219.28473328995486,223.91965835413353,veteran,Justin Fields,QB,10.0,120.14,0.0,0.0,0.0,0.0,62.0,289.0,5.0,161.0,106.0,1106.0,5.0,1.0,16.0,1.0,0.0,0.0,1.0,1.0,0.0,0.0,0.0,0.0,0.0,0.0,1.0,0.0,0.0,17,232.18,17.6217843866171,0.7961950579488302,0.7647058823529411,25.49486652977413,0.7911764705882353,1.0,0.8823529411764706,0.23529411764705882,0.0,4.0,4.0,13.0,0.0,0.0,0.0,0.0,124.0,657.0,4.0,370.0,2562.0,16.0,9.0,,12
00-0036971,2024,veteran,QB,14.31437382222617,35.46658338371921,507.68193275171194,3558.2338103793923,20.425552257712752,11.473894757322876,60.39671738897891,269.97013613220423,2.939648765840332,4.029348945820221,7.008785581738616,0.04023297056683346,0.2555027535839661,0.10115963279689626,0.029915253563713832,0.005909862691160563,0.0006276597762541914,1.3706300233762434e-11,6.783926190962661,237.65998024800294,244.4439064389656,veteran,Trevor Lawrence,QB,10.0,148.7,0.0,0.0,-5.0,0.0,26.0,119.0,3.0,284.0,172.0,2045.0,11.0,7.0,18.0,1.0,0.0,0.0,3.5,3.5,0.0,0.0,0.0,0.0,0.0,0.0,2.0,1.0,0.0,17,266.04,16.219696048632223,0.9685320936885392,0.9411764705882353,24.906228610540726,0.9676470588235294,1.0,1.0,0.058823529411764705,0.0,1.0,1.0,16.0,0.0,0.0,0.0,0.0,70.0,339.0,4.0,564.0,4016.0,21.0,14.0,10.6,12
00-0036972,2024,veteran,QB,10.548708389806349,30.519724195831955,321.94367067914834,2210.248645963643,12.641655888101058,8.522095348050172,28.56925107212225,86.07274474847146,0.8742438802739408,1.8865808115229392,6.865327221066552,0.03926667004023767,0.17029010658397867,0.05621855910342845,0.013093104451089453,0.0005918465760554437,6.168405640646668e-05,1.3707092193344533e-11,2.969340384599306,132.01195482829453,134.98129521289383,veteran,Mac Jones,QB,10.0,96.08,0.0,0.0,0.0,0.0,28.0,92.0,1.0,262.0,171.0,1672.0,8.0,8.0,14.0,2.0,0.0,0.0,0.0,0.0,0.0,0.0,0.0,0.0,0.0,0.0,0.0,0.0,0.0,17,107.4,11.342578125,0.7752757352941176,0.6470588235294118,25.99041752224504,0.7529411764705883,1.0,1.0,0.0,0.35294117647058826,0.0,6.0,11.0,0.0,0.0,0.0,0.0,26.0,96.0,0.0,345.0,2120.0,10.0,12.0,,12
00-0037012,2024,veteran,QB,1.4554968811072528,18.963853632628343,27.601829816065,198.21074130961702,1.229046692605325,0.6533837553851027,8.834926112667244,35.94483335569772,0.3334257773124434,0.26952886217057764,7.181072509701988,0.04452772518327706,0.053267421109034326,0.011864847435958666,0.0015847495504103296,0.012649244908251351,0.0013579471317268865,1.3706036616023994e-11,0.129423302276145,16.59382918713905,16.723252489415195,veteran,Trey Lance,QB,4.0,12.739999999999998,0.0,0.0,0.0,0.0,11.0,41.0,0.0,41.0,25.0,266.0,0.0,1.0,4.0,0.0,0.0,0.0,0.0,0.0,0.0,0.0,0.0,0.0,0.0,0.0,0.0,0.0,0.0,17,0.0,8.984,0.2588235294117648,0.0,24.314852840520192,0.08823529411764705,0.0,0.35294117647058826,0.0,1.0,0.0,17.0,0.0,0.0,0.0,0.0,0.0,0.0,0.0,0.0,0.0,0.0,0.0,0.0,,12
00-0037013,2024,veteran,QB,10.295432268001083,29.48830252773279,303.59482137259806,2059.490557093261,10.91105133849738,7.028612273251675,33.606918861475485,164.70817729198166,1.233917760584416,2.5066104279231003,6.783681446811224,0.035939517311813385,0.15149629163123648,0.04773881154443934,0.010445274921361422,0.003725027596769941,0.00039372747641003823,1.3706459463449579e-11,2.5564657629551064,130.82770652807505,133.38417229103015,veteran,,,0.0,0.0,0.0,0.0,0.0,0.0,0.0,0.0,0.0,0.0,0.0,0.0,0.0,0.0,0.0,0.0,0.0,0.0,0.0,0.0,0.0,0.0,0.0,0.0,0.0,0.0,0.0,0.0,0.0,17,120.94,10.655288888888888,0.6737254901960783,0.7058823529411765,25.08145106091718,0.661764705882353,1.0,0.7647058823529411,0.17647058823529413,0.11764705882352941,3.0,5.0,12.0,0.0,0.0,0.0,0.0,36.0,211.0,0.0,368.0,2271.0,8.0,7.0,,12
00-0037077,2024,veteran,QB,13.156323411972838,33.3151256271994,438.3045672619398,3000.8197686510666,17.75763072369293,12.52115683468751,46.298052293837785,233.12252527837066,2.712629820544102,2.2971393312799866,6.846425962195633,0.04051436386945201,0.2094439400216693,0.0755293428761997,0.019769763856680236,0.004959462937746189,0.0005257069586090192,1.3706360760778048e-11,4.841862573586571,201.0147527599811,205.85661533356767,veteran,Sam Howell,QB,1.0,-0.8400000000000001,0.0,0.0,0.0,0.0,1.0,2.0,0.0,14.0,5.0,24.0,0.0,1.0,4.0,0.0,0.0,0.0,0.0,0.0,0.0,0.0,0.0,0.0,0.0,0.0,0.0,0.0,0.0,17,265.04,15.673575129533678,0.9707406278573605,1.0,23.958932238193018,0.5676470588235295,1.0,1.0,0.0,0.0,0.0,0.0,17.0,1.0,1.0,4.0,0.0,48.0,263.0,5.0,612.0,3946.0,21.0,21.0,,12
00-0037175,2024,veteran,QB,0.47535477876120485,20.225799414594782,9.61443040599321,68.55089137226825,0.41685803784987224,0.2307662414095585,0.6151883828124819,1.961578652949393,0.0249595471895106,0.09468404334726652,7.130000268090418,0.043357538642125014,0.0626300850951956,0.014635703274102518,0.002099877711156443,0.00010501475658791943,1.082533543966093e-05,1.3707686118958546e-11,0.042261249383476265,4.104482385208572,4.146743634592048,veteran,,,0.0,0.0,0.0,0.0,0.0,0.0,0.0,0.0,0.0,0.0,0.0,0.0,0.0,0.0,0.0,0.0,0.0,0.0,0.0,0.0,0.0,0.0,0.0,0.0,0.0,0.0,0.0,0.0,0.0,17,0.0,2.7899999999999996,0.11764705882352942,0.0,26.099931553730322,0.03529411764705882,0.0,0.11764705882352941,0.0,1.0,0.0,17.0,0.0,0.0,0.0,0.0,0.0,0.0,0.0,0.0,0.0,0.0,0.0,0.0,,12
00-0037327,2024,veteran,QB,1.8095115145663772,16.560646531935305,29.966680588200674,209.96102344753632,1.2710045324579944,0.7114317015059205,3.2555983701247606,9.41506946371239,0.12665771545050478,0.3604522163154478,7.006482510785933,0.04241392464931368,0.03364551852568461,0.006585792042928979,0.0007216786364170304,0.00018532344738180027,1.9171584860012457e-05,1.370749104676024e-11,0.08175670635883768,13.040144471164963,13.121901177523801,veteran,Skylar Thompson,QB,2.0,7.880000000000001,0.0,0.0,0.0,0.0,1.0,4.0,0.0,33.0,21.0,187.0,0.0,0.0,6.0,0.0,0.0,0.0,0.0,0.0,0.0,0.0,0.0,0.0,0.0,0.0,0.0,0.0,0.0,17,0.0,2.494285714285714,0.4117647058823529,0.0,27.24435318275154,0.12352941176470587,0.0,0.4117647058823529,0.0,1.0,0.0,17.0,0.0,0.0,0.0,0.0,0.0,0.0,0.0,0.0,0.0,0.0,0.0,0.0,,12
00-0037834,2024,veteran,QB,12.648967867027011,30.08556481265314,380.5513425766081,3062.651557693959,20.609034608706608,9.090460221048222,33.923579021040034,103.88859309017316,1.4594064002968097,2.1097776283533203,8.04793260472448,0.05415572697541552,0.24074488805539165,0.09259708046117476,0.026369258010011026,0.0006022325557536978,6.277376552894948e-05,1.37070862163464e-11,5.477957046264053,201.6870227545799,207.16497980084398,veteran,Brock Purdy,QB,15.0,274.86,0.0,0.0,0.0,0.0,66.0,323.0,5.0,455.0,300.0,3864.0,20.0,12.0,31.0,3.0,0.0,0.0,8.0,8.0,0.0,0.0,0.0,0.0,0.0,0.0,5.0,2.0,0.0,17,303.59999999999997,17.291999999999998,0.8445012787723785,0.9411764705882353,24.681724845995895,0.6764705882352942,1.0,0.9411764705882353,0.0,0.058823529411764705,0.0,1.0,16.0,0.0,0.0,0.0,0.0,39.0,144.0,2.0,444.0,4280.0,31.0,11.0,15.8,12
00-0038102,2024,veteran,QB,10.167219962343028,27.77850085595236,282.4301284266017,1919.1808934550031,9.84372406384597,5.787138338720519,32.92612541488099,88.51551315016225,1.2873741280109694,1.5428831065748627,6.795241372252402,0.034853661394712604,0.13040948110430928,0.0388296489549947,0.00786613544228548,0.0007033281322800642,7.338760971730488e-05,1.3707032896866042e-11,2.086309825193198,118.0578851860753,120.1441950112685,veteran,Kenny Pickett,QB,5.0,25.14,0.0,0.0,0.0,0.0,9.0,15.0,1.0,42.0,25.0,291.0,2.0,1.0,4.0,0.0,0.0,0.0,0.0,0.0,0.0,0.0,0.0,0.0,0.0,0.0,0.0,0.0,0.0,17,110.2,10.082666666666666,0.7277310924369748,0.7058823529411765,26.239561943874058,0.6176470588235294,1.0,0.7647058823529411,0.17647058823529413,0.11764705882352941,3.0,5.0,12.0,0.0,0.0,0.0,0.0,42.0,54.0,1.0,324.0,2070.0,6.0,4.0,,12
00-0038108,2024,veteran,QB,7.775638591691613,23.337465347042475,181.46369618472917,1265.1984944034632,7.6113975054873855,5.102564360871478,16.916786351861074,62.2366197181478,0.699277732568288,1.5350358405475681,6.972185186371918,0.04194446418494099,0.08758692694901135,0.022729947263942063,0.003798913409283091,0.0005624189368491362,5.859722515724187e-05,1.3707109715732913e-11,1.0102886403059474,78.19765776247448,79.20794640278042,veteran,Bailey Zappe,QB,1.0,7.000000000000001,0.0,0.0,0.0,0.0,2.0,2.0,0.0,31.0,16.0,170.0,1.0,2.0,1.0,0.0,0.0,0.0,0.0,0.0,0.0,0.0,0.0,0.0,0.0,0.0,0.0,0.0,0.0,17,69.18,7.476268656716418,0.5250219490781387,0.5882352941176471,25.352498288843258,0.3941176470588236,1.0,0.5882352941176471,0.0,0.4117647058823529,0.0,7.0,10.0,0.0,0.0,0.0,0.0,17.0,83.0,1.0,212.0,1272.0,6.0,9.0,,12
00-0038122,2024,veteran,QB,11.535126955993329,27.759958733772876,320.21464828720593,2287.0618670996164,12.595652683695388,7.889778783148584,40.630060617338664,146.53849611568882,2.1414058435764924,2.971022733994193,7.142277467107975,0.03933502964673288,0.14809373828583786,0.04625793220571874,0.010001770819073469,0.0019635743618951324,0.0002064079209843014,1.3706679927232836e-11,2.7656316381804857,147.6457670575085,150.41139869568897,veteran,Desmond Ridder,QB,5.0,21.92,0.0,0.0,0.0,0.0,9.0,36.0,0.0,85.0,52.0,458.0,2.0,2.0,10.0,2.0,0.0,0.0,0.0,0.0,0.0,0.0,0.0,0.0,0.0,0.0,0.0,0.0,0.0,17,179.64000000000001,11.684444444444445,0.8001867413632119,0.8823529411764706,25.00479123887748,0.5558823529411765,1.0,0.8823529411764706,0.0,0.11764705882352941,0.0,2.0,15.0,1.0,1.0,-6.0,0.0,53.0,193.0,5.0,388.0,2836.0,12.0,12.0,,12
00-0038128,2024,veteran,QB,2.916743180565966,14.576710032464423,42.51651958227811,301.79731287940035,1.8169813087542006,1.036897820870092,9.71727546880679,40.442880645959946,0.3815085964743514,0.6080319068653924,7.098354141979124,0.04273589011061859,0.024110527960961834,0.004317340654837835,0.00041118814025393867,0.0025013034687328293,0.0002634495680464902,1.3706596632580814e-11,0.10006002129922241,22.38329793816395,22.48335795946317,veteran,Malik Willis,QB,6.0,51.8,0.0,0.0,0.0,0.0,20.0,138.0,1.0,54.0,40.0,550.0,3.0,0.0,8.0,1.0,0.0,0.0,0.0,0.0,0.0,0.0,0.0,0.0,0.0,0.0,0.0,0.0,0.0,17,3.06,2.3390625000000003,0.3106617647058823,0.11764705882352941,25.27310061601643,0.18823529411764706,1.0,0.4117647058823529,0.0,0.8823529411764706,0.0,15.0,2.0,0.0,0.0,0.0,0.0,5.0,21.0,0.0,5.0,74.0,0.0,0.0,,12
00-0038416,2024,veteran,QB,4.069182999957223,25.945602275111714,105.57740370153604,735.3805231322202,4.346014327623383,2.809375544184937,17.87004706441798,77.65880218677152,0.8437542584469646,0.8532678454636253,6.965321151589572,0.04116424703821499,0.11627545162143617,0.03321756782102037,0.006356123975929459,0.006110007621887986,0.0006491656774441009,1.3706288729045572e-11,0.7564521978874346,52.302397225844146,53.05884942373158,veteran,Tyson Bagent,QB,4.0,-0.26,0.0,0.0,0.0,0.0,6.0,-7.0,0.0,2.0,2.0,11.0,0.0,0.0,0.0,0.0,0.0,0.0,0.0,0.0,0.0,0.0,0.0,0.0,0.0,0.0,0.0,0.0,0.0,17,53.26,10.652,0.29411764705882354,0.29411764705882354,24.23271731690623,0.16176470588235295,1.0,0.29411764705882354,0.0,0.7058823529411765,0.0,12.0,5.0,0.0,0.0,0.0,0.0,23.0,109.0,2.0,143.0,859.0,3.0,6.0,,12
00-0038476,2024,veteran,QB,6.86919301095254,22.273752510147958,153.00270507039494,1065.302642265337,6.847732436656981,3.3636062625526195,26.945712780705918,131.2470976821503,1.0267124480157022,1.2536855566582572,6.962639266901865,0.044755629866193615,0.07672892077981047,0.019086189065815957,0.0030010294495152225,0.006129859729042964,0.000651299478785089,1.370628760839725e-11,0.8137731847428082,80.0534362551289,80.86720943987171,veteran,Tommy DeVito,QB,2.0,13.48,0.0,0.0,0.0,0.0,8.0,32.0,0.0,44.0,31.0,257.0,0.0,0.0,6.0,0.0,0.0,0.0,0.0,0.0,0.0,0.0,0.0,0.0,0.0,0.0,0.0,0.0,0.0,17,93.54,10.393333333333334,0.5294117647058824,0.5294117647058824,26.069815195071868,0.2911764705882353,1.0,0.5294117647058824,0.0,0.47058823529411764,0.0,8.0,9.0,0.0,0.0,0.0,0.0,36.0,195.0,1.0,178.0,1101.0,8.0,3.0,,12
00-0038579,2024,veteran,QB,8.392978217940641,27.60516540524094,231.6895519488357,1605.782395446035,9.697204022370283,5.186208022548981,13.874243019690827,26.73367728531042,0.593687315300103,1.6080756693076534,6.930750143625993,0.04185430003555675,0.13507533329332938,0.04074578040395375,0.008402496607696978,5.737131668906408e-05,5.892032917148422e-06,1.3707893735382657e-11,1.7882516372237978,95.66703614394092,97.45528778116471,veteran,Aidan O'Connell,QB,9.0,94.48,0.0,0.0,0.0,0.0,21.0,30.0,1.0,243.0,154.0,1612.0,8.0,4.0,10.0,2.0,0.0,0.0,1.0,1.0,0.0,0.0,0.0,0.0,0.0,0.0,1.0,0.0,0.0,17,125.82000000000001,11.438181818181818,0.6470588235294118,0.6470588235294118,26.001368925393567,0.35588235294117654,1.0,0.6470588235294118,0.0,0.35294117647058826,0.0,6.0,11.0,0.0,0.0,0.0,0.0,17.0,11.0,1.0,343.0,2218.0,12.0,7.0,,12
00-0038583,2024,veteran,QB,5.514361259610982,19.066086273114173,105.13728751686152,706.1639846781501,4.242854582377766,2.6401731161574165,13.201016234740349,55.948514985763794,0.49204209058654375,0.9537808861834393,6.716589341007092,0.04035537422151311,0.04469853096255769,0.009466872263456614,0.0011715236874489555,0.0010618237328500991,0.00011110896988118357,1.3706891332128374e-11,0.3444842099707524,46.577173754050996,46.92165796402175,veteran,Dorian Thompson-Robinson,QB,6.0,15.8,0.0,0.0,0.0,0.0,21.0,122.0,0.0,118.0,61.0,440.0,0.0,6.0,8.0,1.0,0.0,0.0,0.0,0.0,0.0,0.0,0.0,0.0,0.0,0.0,0.0,0.0,0.0,17,22.099999999999998,3.157142857142857,0.4117647058823529,0.4117647058823529,24.799452429842574,0.22647058823529412,1.0,0.4117647058823529,0.058823529411764705,0.5294117647058824,1.0,10.0,7.0,0.0,0.0,0.0,0.0,14.0,65.0,0.0,112.0,440.0,1.0,4.0,,12
00-0039150,2024,veteran,QB,12.537876973291873,30.947956029780237,388.021665276231,2504.911923427388,13.919946560689905,8.348575700585238,42.1884218370426,238.85824642579456,1.348058216860099,2.921468305609579,6.455598095647963,0.03587414777672364,0.15101040116944592,0.04752632030824158,0.010381283300900537,0.006079703324028341,0.0006459086525654542,1.3706290446716172e-11,3.135861130267371,165.31034911120557,168.44621024147293,veteran,Bryce Young,QB,14.0,195.01999999999998,0.0,0.0,0.0,0.0,43.0,249.0,6.0,384.0,234.0,2403.0,15.0,9.0,29.0,2.0,0.0,0.0,0.0,0.0,0.0,0.0,0.0,0.0,0.0,0.0,0.0,0.0,0.0,17,157.38,9.83625,0.9411764705882353,0.9411764705882353,23.104722792607802,0.5176470588235295,1.0,0.9411764705882353,0.058823529411764705,0.0,1.0,1.0,16.0,0.0,0.0,0.0,0.0,39.0,253.0,0.0,527.0,2877.0,11.0,10.0,,12
00-0039152,2024,veteran,QB,6.9815813530847874,26.44127828750524,184.60193544377225,1317.1917220148835,7.671094410451531,3.9259356459570327,18.25312166563669,50.01537467951593,0.7427105222777504,1.5847027355291803,7.135308299170491,0.041554788642982905,0.13023809910400488,0.0387598658003301,0.007846797378708201,0.000420088687093705,4.368468107052224e-05,1.3707209955451138e-11,1.4281320929344743,81.80857036104713,83.23670245398161,veteran,Will Levis,QB,12.0,119.94,0.0,0.0,0.0,0.0,45.0,183.0,0.0,301.0,190.0,2091.0,13.0,12.0,41.0,6.0,0.0,0.0,0.0,0.0,0.0,0.0,0.0,0.0,0.0,0.0,0.0,0.0,0.0,17,103.02,11.446666666666665,0.5294117647058824,0.5294117647058824,25.182751540041068,0.2911764705882353,1.0,0.5294117647058824,0.0,0.47058823529411764,0.0,8.0,9.0,0.0,0.0,0.0,0.0,25.0,57.0,1.0,255.0,1808.0,8.0,4.0,13.7,12
00-0039163,2024,veteran,QB,11.80308610001222,33.48875526676478,395.27066179586234,2991.003843667596,17.798664182113995,7.067754370893979,37.880479488661855,153.84101463772296,1.8351892568838133,2.4613338921826164,7.566976587835656,0.04502905452493745,0.2666763960003448,0.10786679484887195,0.03279995900130629,0.002107708622490346,0.0002216836967782805,1.3706655555457622e-11,5.860429837880606,198.17187095408178,204.0323007919624,veteran,C.J. Stroud,QB,17.0,222.38,1.0,0.0,0.0,0.0,52.0,233.0,0.0,532.0,336.0,3727.0,20.0,12.0,52.0,4.0,0.0,0.0,2.0,2.0,0.0,0.0,0.0,0.0,0.0,0.0,2.0,0.0,0.0,17,288.02,19.20133333333333,0.8823529411764706,0.8823529411764706,22.913073237508556,0.4852941176470589,1.0,0.8823529411764706,0.11764705882352941,0.0,2.0,2.0,15.0,1.0,1.0,0.0,0.0,39.0,167.0,3.0,499.0,4108.0,23.0,5.0,7.8,12
00-0039164,2024,veteran,QB,3.544615383511912,26.143636633777547,92.66913659303347,660.88395279413,4.070815141582573,2.0424746189470815,21.722543218253943,104.57392365275378,1.2715885098029651,0.6989615242288526,7.131651131017582,0.04392848893650534,0.12626233566258901,0.0371529395509478,0.007405344594388883,0.020909647261953976,0.002268671161135269,1.3705861161093216e-11,0.7837679431917082,55.32266981583679,56.106437759028495,veteran,Anthony Richardson,QB,11.0,162.86,1.0,1.0,-1.0,0.0,86.0,499.0,6.0,264.0,126.0,1814.0,8.0,12.0,14.0,3.0,0.0,0.0,0.0,0.0,0.0,0.0,0.0,0.0,0.0,0.0,0.0,0.0,0.0,17,72.68,18.17,0.23529411764705882,0.23529411764705882,22.28062970568104,0.12941176470588237,1.0,0.23529411764705882,0.058823529411764705,0.7058823529411765,1.0,13.0,4.0,0.0,0.0,0.0,0.0,25.0,136.0,4.0,84.0,577.0,3.0,1.0,6.9,12
00-0039732,2024,rookie,QB,10.38886145008883,32.19727691659415,334.49304895663994,2260.3881589202183,11.887357338214992,8.736491537724271,31.121144655860768,149.6259425282833,1.5113731568513462,2.4293952929438496,6.75765360736459,0.035538428602012416,0.18691300531468574,0.064143932667791,0.015727813727835507,0.002779430940854141,0.00029300524255636073,1.3706560334719915e-11,3.3016162244638414,139.66401524226885,142.96563146673267,rookie,Bo Nix,QB,17.0,318.7,1.0,1.0,2.0,1.0,92.0,430.0,4.0,567.0,376.0,3775.0,29.0,12.0,24.0,0.0,0.0,0.0,2.0,2.0,0.0,0.0,0.0,0.0,0.0,0.0,2.0,0.0,0.0,17,0.0,,,0.0,24.517453798767967,0.0,0.0,0.0,0.0,1.0,0.0,17.0,0.0,0.0,0.0,0.0,0.0,0.0,0.0,0.0,0.0,0.0,0.0,0.0,,12
00-0039851,2024,rookie,QB,13.028295440807415,30.32928636836798,395.13890331595104,2670.2118354031245,14.042615703371412,10.320476601272967,52.53268017641716,252.56949485156645,2.551207018702691,3.0466167800041957,6.75765360736459,0.035538428602012416,0.16111886827731087,0.05201695654547415,0.011758432170712757,0.006385770790875888,0.0006788166186037062,1.37062734766592e-11,3.5184887342198348,176.8089410644291,180.32742979864892,rookie,Drake Maye,QB,13.0,177.14,0.0,0.0,0.0,0.0,54.0,421.0,2.0,338.0,225.0,2276.0,15.0,10.0,34.0,6.0,0.0,0.0,0.0,0.0,0.0,0.0,0.0,0.0,0.0,0.0,0.0,0.0,0.0,17,0.0,,,0.0,22.00684462696783,0.0,0.0,0.0,0.0,1.0,0.0,17.0,0.0,0.0,0.0,0.0,0.0,0.0,0.0,0.0,0.0,0.0,0.0,0.0,,12
00-0039910,2024,rookie,QB,14.73788103463159,35.38157650083762,521.4494652870615,3523.7748601554476,18.531494591661787,13.61953216977553,49.91429048804028,239.98065760402812,2.4240470465053345,3.4463967957907715,6.75765360736459,0.035538428602012416,0.23388670843473458,0.08873128459321335,0.024819223503129206,0.003913577888661411,0.0004138519580983125,1.37064424441721e-11,6.206953482925477,219.48746288116726,225.69441636409275,rookie,Jayden Daniels,QB,17.0,357.82,0.0,0.0,0.0,0.0,148.0,891.0,6.0,480.0,331.0,3568.0,25.0,9.0,47.0,0.0,0.0,1.0,1.0,2.0,0.0,0.0,0.0,1.0,0.0,0.0,1.0,0.0,0.0,17,0.0,,,0.0,23.704312114989733,0.0,0.0,0.0,0.0,1.0,0.0,17.0,0.0,0.0,0.0,0.0,0.0,0.0,0.0,0.0,0.0,0.0,0.0,0.0,12.7,12
00-0039917,2024,rookie,QB,11.366907569099709,32.88136623397941,373.75945072736016,2525.736900494353,13.282823554001666,9.762075142097611,35.127509632461816,168.8879633300582,1.705939023535941,2.658107616158701,6.75765360736459,0.035538428602012416,0.19671400887851298,0.0690051181645571,0.01741726528644079,0.003030777686596276,0.0003197433510357122,1.370653052234294e-11,3.8484553554742416,156.4448351934896,160.29329054896385,rookie,Michael Penix Jr.,QB,5.0,45.1,0.0,0.0,0.0,0.0,7.0,11.0,1.0,105.0,61.0,775.0,3.0,3.0,4.0,0.0,0.0,0.0,1.0,1.0,0.0,0.0,0.0,0.0,0.0,0.0,1.0,0.0,0.0,17,0.0,,,0.0,24.317590691307323,0.0,0.0,0.0,0.0,1.0,0.0,17.0,0.0,0.0,0.0,0.0,0.0,0.0,0.0,0.0,0.0,0.0,0.0,0.0,,12
00-0039918,2024,rookie,QB,16.187966175935244,35.22604125654116,570.2379643729877,3853.470637001361,20.26536118302632,14.893819664633805,61.080349632314295,293.66544787326785,2.9663176552855335,3.7854936288340877,6.75765360736459,0.035538428602012416,0.23151990669636388,0.08741372645401878,0.024298247576796828,0.005297979148359738,0.0005619882017373175,1.3706337972818492e-11,6.756500185896676,245.00609434426391,251.76259453016058,rookie,Caleb Williams,QB,17.0,260.04,0.0,0.0,0.0,0.0,81.0,489.0,0.0,562.0,351.0,3541.0,20.0,6.0,68.0,5.0,0.0,0.0,5.5,5.5,0.0,0.0,0.0,0.0,0.0,0.0,4.0,1.0,0.0,17,0.0,,,0.0,22.78713210130048,0.0,0.0,0.0,0.0,1.0,0.0,17.0,0.0,0.0,0.0,0.0,0.0,0.0,0.0,0.0,0.0,0.0,0.0,0.0,9.1,12
00-0039923,2024,rookie,QB,9.744351372625477,26.030273179150875,253.64812818307496,1714.0661884176325,9.014255893468302,6.624935054235741,40.29485158936941,193.73179279770724,1.9568867959364364,2.2786790902139575,6.75765360736459,0.035538428602012416,0.10819272972233542,0.030139133295865237,0.005568163004618383,0.006856036066645652,0.000729432952549638,1.3706248916322005e-11,1.6807831065765357,117.92694287706844,119.60772598364498,rookie,,,0.0,0.0,0.0,0.0,0.0,0.0,0.0,0.0,0.0,0.0,0.0,0.0,0.0,0.0,0.0,0.0,0.0,0.0,0.0,0.0,0.0,0.0,0.0,0.0,0.0,0.0,0.0,0.0,0.0,17,0.0,,,0.0,21.61533196440794,0.0,0.0,0.0,0.0,1.0,0.0,17.0,0.0,0.0,0.0,0.0,0.0,0.0,0.0,0.0,0.0,0.0,0.0,0.0,,12
