player_id,season,entry,position,proj_games,proj_tpg,proj_targets,proj_receptions,proj_rec_yards,proj_rec_tds,proj_carries,proj_rush_yards,proj_rush_tds,proj_fumbles_lost,proj_catch_rate,proj_ypr,proj_td_per_target,p_rec_100,p_rec_150,p_rec_200,proj_bonus_points,proj_points_base,proj_points,entry_act,name,position_act,games,points,targets,receptions,rec_yards,rec_tds,carries,rush_yards,rush_tds,attempts,completions,pass_yards,pass_tds,interceptions,sacks,fumbles_lost,rec_bonus,rush_bonus,pass_bonus,total_bonus,g100,g150,g200,r100,r150,r200,p300,p350,p400,season_len,pts_1,ppg_w,gshare_w,gshare_1,age,evidence,present_1,gshare_max3,inj_missed_share_1,unexp_missed_share_1,inj_out_wks_1,missed_wks_1,games_1,tgt_1,rec_1,recyds_1,rectd_1,carries_1,rushyds_1,rushtd_1,att_1,passyds_1,passtd_1,ints_1,average_pick,n_train_seasons
00-0006101,2014,veteran,TE,8.658297914172241,8.112929437685812,70.24416002814164,45.952249417728304,480.108756005119,4.323259259745183,0.014030012026516395,0.036988213524452314,0.0012754556387742178,0.11868724725165547,0.6541789295981137,10.447992472374896,0.06154617348991251,0.0882403755372525,0.007627989624101831,1.3672677693021666e-11,0.8630795696742654,96.70053292852893,97.5636124982032,veteran,,,0.0,0.0,0.0,0.0,0.0,0.0,0.0,0.0,0.0,0.0,0.0,0.0,0.0,0.0,0.0,0.0,0.0,0.0,0.0,0.0,0.0,0.0,0.0,0.0,0.0,0.0,0.0,0.0,0.0,16,178.4,11.2840625,1.0,1.0,38.510609171800134,1.0,1.0,1.0,0.0,0.0,0.0,0.0,16.0,121.0,83.0,859.0,8.0,0.0,0.0,0.0,0.0,0.0,0.0,0.0,,2
00-0021547,2014,veteran,TE,10.578772859737418,5.794516830577281,61.298877382602626,39.66495452069767,441.9673640596183,3.4745578552360463,0.0345138862808288,0.09099115474036683,0.003137626025529891,0.456905748232864,0.6470747298213176,11.142515336277373,0.05668224286636232,0.02450700924084281,0.0017707951681844205,1.3672886040858283e-11,0.287353344317662,83.99067417288843,84.2780275172061,veteran,Antonio Gates,TE,16.0,188.6,98.0,69.0,821.0,12.0,0.0,0.0,0.0,0.0,0.0,0.0,0.0,0.0,0.0,0.0,0.0,0.0,0.0,0.0,0.0,0.0,0.0,0.0,0.0,0.0,0.0,0.0,0.0,16,147.7,9.19639344262295,0.9575819672131147,1.0,34.20396988364134,0.953125,1.0,1.0,0.0,0.0,0.0,0.0,16.0,113.0,77.0,872.0,4.0,0.0,0.0,0.0,0.0,0.0,0.0,0.0,,2
00-0021756,2014,veteran,TE,1.7583047076599967,0.6797654147579184,1.195234728873298,0.7689180952625139,8.214787368373917,0.0681969126642775,0.022762442986687306,0.060010076964902896,0.002069312998789755,0.03342609773275555,0.643319740204791,10.683566193834121,0.05705733862717001,1.3574804298296584e-06,4.0689397495355196e-08,1.3674404077221327e-11,2.4942288566158288e-06,1.5666839506780315,1.566686444906888,veteran,,,0.0,0.0,0.0,0.0,0.0,0.0,0.0,0.0,0.0,0.0,0.0,0.0,0.0,0.0,0.0,0.0,0.0,0.0,0.0,0.0,0.0,0.0,0.0,0.0,0.0,0.0,0.0,0.0,0.0,16,0.0,2.135483870967742,0.6512096774193549,0.0,33.50581793292265,0.29062499999999997,0.0,0.6875,0.0,1.0,0.0,16.0,0.0,0.0,0.0,0.0,0.0,0.0,0.0,0.0,0.0,0.0,0.0,0.0,,2
00-0022127,2014,veteran,TE,11.502512262533287,6.30737314803652,72.55063697966325,47.24798232382709,510.1058781200552,3.932456252430317,0.018638811805532885,0.04913868566913215,0.001694437436866626,0.1576755074093572,0.6512414541180558,10.796352627799083,0.05420291834974003,0.032282658744976545,0.002408711492198888,1.367284223304115e-11,0.412891028609698,97.92904596687036,98.34193699548005,veteran,Jason Witten,TE,16.0,132.3,90.0,64.0,703.0,5.0,0.0,0.0,0.0,0.0,0.0,0.0,0.0,0.0,0.0,0.0,0.0,0.0,0.0,0.0,0.0,0.0,0.0,0.0,0.0,0.0,0.0,0.0,0.0,16,172.6,10.8878125,1.0,1.0,32.323066392881586,1.0,1.0,1.0,0.0,0.0,0.0,0.0,16.0,111.0,73.0,851.0,8.0,0.0,0.0,0.0,0.0,0.0,0.0,0.0,,2
00-0022165,2014,veteran,TE,5.949899835335943,4.4152194034080825,26.27011320130981,16.75277529500149,177.48265329307992,1.485634252011584,0.05504998321387852,0.1451317739274979,0.005004543928534411,0.11514033793027331,0.6377123374621092,10.594223952017982,0.05655225923950381,0.005081883899666716,0.00031379307078787034,1.367313213663255e-11,0.03303725635084637,34.85271825398165,34.885755510332494,veteran,,,0.0,0.0,0.0,0.0,0.0,0.0,0.0,0.0,0.0,0.0,0.0,0.0,0.0,0.0,0.0,0.0,0.0,0.0,0.0,0.0,0.0,0.0,0.0,0.0,0.0,0.0,0.0,0.0,0.0,16,67.8,5.985425101214575,0.8013663967611336,0.6875,35.22245037645448,0.7718750000000001,1.0,1.0,0.0,0.3125,0.0,5.0,11.0,52.0,31.0,343.0,3.0,0.0,0.0,0.0,0.0,0.0,0.0,0.0,,2
00-0022922,2014,veteran,TE,8.449922290794271,3.008569924245088,25.422182066291803,16.335341275929355,182.8355562502834,1.325959416959804,0.07087257239651414,0.18684587268171907,0.006442961126955831,0.1786135526993943,0.6425625162046565,11.192637678142507,0.052157576934276695,0.001136107946407501,6.131181709880615e-05,1.3673364183960559e-11,0.01037714422716343,34.10709801338296,34.11747515761012,veteran,,,0.0,0.0,0.0,0.0,0.0,0.0,0.0,0.0,0.0,0.0,0.0,0.0,0.0,0.0,0.0,0.0,0.0,0.0,0.0,0.0,0.0,0.0,0.0,0.0,0.0,0.0,0.0,0.0,0.0,16,66.3,6.053225806451612,0.7923387096774194,0.75,31.11567419575633,0.58125,1.0,1.0,0.0,0.25,0.0,4.0,12.0,47.0,31.0,388.0,2.0,0.0,0.0,0.0,0.0,0.0,0.0,0.0,,2
00-0022943,2014,veteran,TE,9.1608615677849,3.6381739480404187,33.32880789751973,21.279252665474004,232.48210711804376,1.8303976537730258,0.047729821672559326,0.1258331662276564,0.004339074697505394,0.13032292023635286,0.638464259835035,10.925294735338635,0.05491938563782957,0.002386860201387586,0.00013760207460862,1.3673249301863033e-11,0.02375652647247872,44.64819489151462,44.6719514179871,veteran,Benjamin Watson,TE,15.0,35.6,31.0,20.0,136.0,2.0,0.0,0.0,0.0,0.0,0.0,0.0,0.0,0.0,0.0,0.0,0.0,0.0,0.0,0.0,0.0,0.0,0.0,0.0,0.0,0.0,0.0,0.0,0.0,16,44.1,4.343252595155709,0.9080882352941178,0.875,33.70294318959617,0.903125,1.0,1.0,0.0625,0.0625,1.0,2.0,14.0,30.0,19.0,226.0,2.0,0.0,0.0,0.0,0.0,0.0,0.0,0.0,,2
00-0023465,2014,veteran,TE,9.904775923182273,4.980847757730949,49.33418094780991,32.235642179155306,350.8065352122194,2.5226690907039133,0.05890736505938551,0.15589388606942248,0.005339197413159205,0.3281386198123519,0.6534139527573598,10.882566981682876,0.05113430571336772,0.011353138970237205,0.0007567798276295242,1.3673006981282263e-11,0.12369389971958641,65.72583648848428,65.84953038820386,veteran,Heath Miller,TE,16.0,128.1,91.0,66.0,761.0,3.0,0.0,0.0,0.0,0.0,0.0,0.0,0.0,0.0,0.0,1.0,1.0,0.0,0.0,1.0,1.0,0.0,0.0,0.0,0.0,0.0,0.0,0.0,0.0,16,92.3,7.9297945205479445,0.9148116438356164,0.875,31.860369609856264,0.9125000000000001,1.0,1.0,0.125,0.0,2.0,2.0,14.0,78.0,58.0,593.0,1.0,0.0,0.0,0.0,0.0,0.0,0.0,0.0,,2
00-0023506,2014,veteran,TE,3.962322076272063,0.7034697530476849,2.787373732490498,1.7894704510319177,18.051135041278197,0.1624447397328712,0.07794275506971017,0.20548544518378134,0.007085705006337289,0.06612156771295305,0.6419915744248041,10.087417219361635,0.05827877971273268,1.2273806709473685e-06,3.64679532490916e-08,1.3674419643018788e-11,5.080132557747038e-06,3.605336807171502,3.6053418873040597,veteran,,,0.0,0.0,0.0,0.0,0.0,0.0,0.0,0.0,0.0,0.0,0.0,0.0,0.0,0.0,0.0,0.0,0.0,0.0,0.0,0.0,0.0,0.0,0.0,0.0,0.0,0.0,0.0,0.0,0.0,16,8.7,1.402325581395349,0.5414244186046512,0.5,32.27926078028747,0.5375,1.0,0.625,0.0,0.5,0.0,8.0,8.0,6.0,3.0,12.0,1.0,0.0,0.0,0.0,0.0,0.0,0.0,0.0,,2
00-0023630,2014,veteran,TE,4.469379841566566,2.4115955238720304,10.778336420405815,6.972627473908779,72.09075844958636,0.7106724578114149,0.038364319077019565,0.10114229574850613,0.003487665370638142,0.06947115176498489,0.6469112859298052,10.33910942744989,0.06593526404185641,0.00029308365723219323,1.4041891595761464e-05,1.3673573635618767e-11,0.0014040401326042972,14.851522247050225,14.852926287182829,veteran,,,0.0,0.0,0.0,0.0,0.0,0.0,0.0,0.0,0.0,0.0,0.0,0.0,0.0,0.0,0.0,0.0,0.0,0.0,0.0,0.0,0.0,0.0,0.0,0.0,0.0,0.0,0.0,0.0,0.0,16,14.2,4.215837104072398,0.8040158371040724,0.4375,32.101300479123886,0.690625,1.0,1.0,0.125,0.4375,2.0,9.0,7.0,9.0,7.0,47.0,1.0,0.0,0.0,0.0,0.0,0.0,0.0,0.0,,2
00-0024221,2014,veteran,TE,11.27259182489013,5.209307092638816,58.72239254582248,37.77191817285993,490.59979857942017,4.749518713473752,0.05399274080607078,0.14069046458910633,0.004879156046093511,0.36509144557491946,0.6432285289361397,12.988479863115039,0.08088087878516853,0.029604029109013236,0.002186138147447853,1.3672856041463623e-11,0.37067930133983074,95.75621231680014,96.12689161813998,veteran,Vernon Davis,TE,13.0,49.9,50.0,26.0,245.0,2.0,1.0,4.0,0.0,0.0,0.0,0.0,0.0,0.0,0.0,0.0,0.0,0.0,0.0,0.0,0.0,0.0,0.0,0.0,0.0,0.0,0.0,0.0,0.0,16,189.5,10.248867313915856,0.966626213592233,0.9375,30.584531143052704,0.9656250000000001,1.0,1.0,0.0,0.0625,0.0,1.0,15.0,84.0,52.0,850.0,13.0,0.0,0.0,0.0,0.0,0.0,0.0,0.0,,2
00-0024243,2014,veteran,TE,7.14369578677956,3.934446595749008,28.10648956936137,17.846445495545538,204.9244229471764,1.6170902964797185,0.06717051431371122,0.1770859013725114,0.006106410392155566,0.221639035751257,0.6349581811525759,11.48264639019156,0.05753441006885805,0.00423224630033959,0.0002569700801479227,1.367316053191819e-11,0.0329874543780248,38.7292758023564,38.76226325673442,veteran,Marcedes Lewis,TE,8.0,41.6,31.0,18.0,206.0,2.0,0.0,0.0,0.0,0.0,0.0,0.0,0.0,0.0,0.0,0.0,0.0,0.0,0.0,0.0,0.0,0.0,0.0,0.0,0.0,0.0,0.0,0.0,0.0,16,70.4,6.534285714285715,0.7971938775510204,0.625,30.286105407255306,0.765625,1.0,0.9375,0.3125,0.0625,5.0,6.0,10.0,47.0,25.0,359.0,4.0,0.0,0.0,0.0,0.0,0.0,0.0,0.0,,2
00-0024268,2014,veteran,TE,6.469842340423278,3.2588942821424984,21.08453220956886,13.53444076806407,138.62327141116305,1.3606349013539683,0.05698485507471873,0.15023279974244028,0.005180441370428976,0.09800140351572206,0.6419132581903663,10.242260746986988,0.06453237320278166,0.0010854722335570796,5.834369950370585e-05,1.3673371235500906e-11,0.007589046198969544,28.643460054437522,28.65104910063649,veteran,Anthony Fasano,TE,14.0,59.1,36.0,25.0,226.0,4.0,0.0,0.0,0.0,0.0,0.0,0.0,0.0,0.0,0.0,0.0,0.0,0.0,0.0,0.0,0.0,0.0,0.0,0.0,0.0,0.0,0.0,0.0,0.0,16,49.5,5.55,0.8078124999999999,0.5625,30.365503080082135,0.75,1.0,1.0,0.25,0.1875,4.0,7.0,9.0,33.0,23.0,200.0,3.0,0.0,0.0,0.0,0.0,0.0,0.0,0.0,,2
00-0024276,2014,veteran,TE,2.476392134846215,3.070130459776876,7.6028469235432485,4.824157673718533,54.822053714081726,0.4013360918320756,0.02710620599614471,0.07165344855230313,0.002456830054939247,0.04089100569985058,0.634519900536189,11.364067557896396,0.0527876065200371,0.0012633835560371038,6.882371987504457e-05,1.3673347759712244e-11,0.0033842849470695963,10.242425073045059,10.245809357992128,veteran,,,0.0,0.0,0.0,0.0,0.0,0.0,0.0,0.0,0.0,0.0,0.0,0.0,0.0,0.0,0.0,0.0,0.0,0.0,0.0,0.0,0.0,0.0,0.0,0.0,0.0,0.0,0.0,0.0,0.0,16,11.7,4.758100558659217,0.7685055865921788,0.25,31.54277891854894,0.559375,1.0,0.9375,0.125,0.625,2.0,12.0,4.0,12.0,7.0,82.0,0.0,0.0,0.0,0.0,0.0,0.0,0.0,0.0,,2
00-0024301,2014,veteran,TE,2.260775170583124,0.6579831801677465,1.4875520363845633,0.9557521688978354,10.168396934212824,0.09485314995852742,0.03766631606380696,0.09930210598640016,0.0034242105512551782,0.044419132662590996,0.6424999902663933,10.639156535672763,0.06376459286027013,1.1663648947254053e-06,3.450129700526139e-08,1.3674427521155897e-11,2.753950136881032e-06,2.0054718862023537,2.0054746401524906,veteran,,,0.0,0.0,0.0,0.0,0.0,0.0,0.0,0.0,0.0,0.0,0.0,0.0,0.0,0.0,0.0,0.0,0.0,0.0,0.0,0.0,0.0,0.0,0.0,0.0,0.0,0.0,0.0,0.0,0.0,16,0.0,3.212,0.5625,0.0,31.159479808350444,0.234375,0.0,0.625,0.0,1.0,0.0,16.0,0.0,0.0,0.0,0.0,0.0,0.0,0.0,0.0,0.0,0.0,0.0,0.0,,2
00-0024313,2014,veteran,TE,3.0028019070472562,5.09587007537749,15.301888380408572,9.75977812070274,108.67207317050635,0.8967780811805223,0.03039263253377267,0.08012603122540067,0.002762966593979334,0.04878153833304495,0.6378152733879859,11.13468685727474,0.058605713156860556,0.012557619081037625,0.000845505962222193,1.3672991215605439e-11,0.041516372980298304,21.054792190505466,21.096308563485763,veteran,Owen Daniels,TE,15.0,100.7,79.0,48.0,527.0,4.0,0.0,0.0,0.0,0.0,0.0,0.0,0.0,0.0,0.0,0.0,0.0,0.0,0.0,0.0,0.0,0.0,0.0,0.0,0.0,0.0,0.0,0.0,0.0,16,55.2,9.367894736842105,0.756578947368421,0.3125,31.811088295687885,0.59375,1.0,0.9375,0.0,0.6875,0.0,11.0,5.0,41.0,24.0,252.0,3.0,0.0,0.0,0.0,0.0,0.0,0.0,0.0,,2
00-0024369,2014,veteran,TE,3.1713833576554125,1.4887343181409982,4.72134724052284,3.036989409593965,32.07678432632549,0.2655492390107469,0.021259268201592588,0.05604716162238046,0.0019326607455993263,0.05811013279972153,0.6432463563636659,10.562033645884211,0.056244378030822426,3.576712114934757e-05,1.4260712419629987e-06,1.3673898643537373e-11,0.00012021526740002366,6.220448986530404,6.2205692017978045,veteran,,,0.0,0.0,0.0,0.0,0.0,0.0,0.0,0.0,0.0,0.0,0.0,0.0,0.0,0.0,0.0,0.0,0.0,0.0,0.0,0.0,0.0,0.0,0.0,0.0,0.0,0.0,0.0,0.0,0.0,16,0.0,2.6684210526315795,0.7960526315789475,0.0,31.531827515400412,0.35624999999999996,0.0,0.875,0.0,1.0,0.0,16.0,0.0,0.0,0.0,0.0,0.0,0.0,0.0,0.0,0.0,0.0,0.0,0.0,,2
00-0024389,2014,veteran,TE,11.346811018039507,4.06471912219473,46.12159972095503,29.709089938479508,318.89677630308506,2.898197908326651,0.07699420836546216,0.20231877529315284,0.00693704012662962,0.25039992990676285,0.6441469965965076,10.733979969209585,0.06283819134334741,0.003845532399510949,0.00023145519809544436,1.367317539507722e-11,0.04757394729919047,63.694464307983736,63.74203825528293,veteran,Delanie Walker,TE,15.0,148.0,106.0,63.0,890.0,4.0,0.0,0.0,0.0,0.0,0.0,0.0,0.0,0.0,0.0,0.0,3.5,0.0,0.0,3.5,2.0,1.0,0.0,0.0,0.0,0.0,0.0,0.0,0.0,16,123.1,6.209666666666666,0.94125,0.9375,30.053388090349078,0.9375,1.0,1.0,0.0,0.0625,0.0,1.0,15.0,86.0,60.0,571.0,6.0,0.0,0.0,0.0,0.0,0.0,0.0,0.0,,2
00-0025418,2014,veteran,TE,12.473845569528024,5.779702239037638,72.09511316761083,46.30266999909831,521.9817261552279,4.041825293279014,0.020212772197515418,0.05328821761163155,0.0018375247452286744,0.21968735937134118,0.6422442238415137,11.273253273847768,0.056062403063052935,0.024690695085696723,0.0017855689282232075,1.3672884858183155e-11,0.34139728444099826,99.17743862623588,99.51883591067688,veteran,Greg Olsen,TE,16.0,181.8,123.0,84.0,1008.0,6.0,0.0,0.0,0.0,0.0,0.0,0.0,0.0,0.0,0.0,0.0,3.0,0.0,0.0,3.0,3.0,0.0,0.0,0.0,0.0,0.0,0.0,0.0,0.0,16,154.1,9.104375000000001,1.0,1.0,29.475701574264203,1.0,1.0,1.0,0.0,0.0,0.0,0.0,16.0,111.0,73.0,816.0,6.0,0.0,0.0,0.0,0.0,0.0,0.0,0.0,,2
00-0025425,2014,veteran,TE,10.065017622813025,3.5783032160771513,36.01568492958505,23.085462124645332,252.74587845762352,2.2050804829056947,0.06443758386370615,0.16988090291340713,0.005857962169427832,0.22860483386474456,0.6409835650711672,10.948270261733239,0.06122556011962259,0.0022721418198239094,0.00013041178940274598,1.367325692911641e-11,0.024838043171143083,49.64272800109761,49.66756604426875,veteran,Zach Miller,TE,3.0,10.600000000000001,7.0,6.0,76.0,0.0,0.0,0.0,0.0,0.0,0.0,0.0,0.0,0.0,0.0,0.0,0.0,0.0,0.0,0.0,0.0,0.0,0.0,0.0,0.0,0.0,0.0,0.0,0.0,16,85.2,5.367625899280576,0.877248201438849,0.8125,28.722792607802873,0.8687499999999999,1.0,1.0,0.0,0.1875,0.0,3.0,13.0,56.0,33.0,387.0,5.0,0.0,0.0,0.0,0.0,0.0,0.0,0.0,,2
00-0025516,2014,veteran,TE,12.444369476147127,5.207145403977474,64.79964132311709,41.69000278165992,485.91429325592924,3.6433457432345593,0.03730238103193332,0.09834264090236966,0.0033911255483575747,0.5023836593327674,0.6433678015866907,11.655415227501267,0.0562247825580912,0.017899994731340067,0.0012498920656313682,1.3672935616519782e-11,0.2460853264032171,90.32191887454509,90.56800420094831,veteran,Scott Chandler,TE,16.0,92.2,70.0,47.0,497.0,3.0,0.0,0.0,0.0,0.0,0.0,0.0,0.0,0.0,0.0,0.0,1.0,0.0,0.0,1.0,1.0,0.0,0.0,0.0,0.0,0.0,0.0,0.0,0.0,16,102.0,6.731493506493506,0.9646915584415585,1.0,29.1088295687885,0.9625,1.0,1.0,0.0,0.0,0.0,0.0,16.0,81.0,53.0,655.0,2.0,0.0,0.0,0.0,0.0,0.0,0.0,0.0,,2
00-0025542,2014,veteran,TE,5.774760946909307,0.7927321370036026,4.577838586128363,2.9297770791206625,32.40516717753912,0.2780203877147697,0.09895621261029754,0.26088456051805714,0.008996019328208867,0.1483760362089285,0.6399913461340446,11.060625536487965,0.060731802243359834,2.8605348523150808e-06,9.150070997267743e-08,1.3674288915026974e-11,1.7311654973768354e-05,6.156840083206063,6.156857394861037,veteran,Dante Rosario,TE,14.0,19.6,22.0,16.0,116.0,0.0,0.0,0.0,0.0,0.0,0.0,0.0,0.0,0.0,0.0,1.0,0.0,0.0,0.0,0.0,0.0,0.0,0.0,0.0,0.0,0.0,0.0,0.0,0.0,16,1.8,1.29375,0.60546875,0.5625,29.8507871321013,0.6,1.0,0.6875,0.0,0.4375,0.0,7.0,9.0,4.0,1.0,13.0,0.0,0.0,0.0,0.0,0.0,0.0,0.0,0.0,,2
00-0025549,2014,veteran,TE,12.365351397620458,4.606174656333101,56.956968224372446,36.57111811974944,450.86605635334263,3.4195690413855715,0.02869947223316789,0.07566224497835171,0.00260904293028799,0.4465475317135607,0.6420833000746045,12.328473383750937,0.06003776443849243,0.013004434785486954,0.0008786668604551406,1.3672985744412138e-11,0.17710194292458536,83.01970436217486,83.19680630509944,veteran,Brent Celek,TE,16.0,55.0,51.0,32.0,340.0,1.0,0.0,0.0,0.0,0.0,0.0,0.0,0.0,0.0,0.0,1.0,1.0,0.0,0.0,1.0,1.0,0.0,0.0,0.0,0.0,0.0,0.0,0.0,0.0,16,100.2,6.867515923566879,0.9820859872611465,1.0,29.598904859685145,0.9812500000000001,1.0,1.0,0.0,0.0,0.0,0.0,16.0,51.0,32.0,502.0,6.0,0.0,0.0,0.0,0.0,0.0,0.0,0.0,,2
00-0026170,2014,veteran,TE,3.535382290663463,3.886220920201493,13.739276618886224,8.833217771199807,99.53395326732917,0.7807357603070624,0.029875050840352222,0.07876149767001948,0.002715913712759293,0.0868843822706857,0.6429172376555493,11.26814212504234,0.05682509945493425,0.0038770825835104665,0.0002335280307562525,1.3673174127877056e-11,0.014945385498326198,18.90482164167738,18.919767027175705,veteran,,,0.0,0.0,0.0,0.0,0.0,0.0,0.0,0.0,0.0,0.0,0.0,0.0,0.0,0.0,0.0,0.0,0.0,0.0,0.0,0.0,0.0,0.0,0.0,0.0,0.0,0.0,0.0,0.0,0.0,16,0.0,8.075,0.75,0.0,29.932922655715263,0.3,0.0,1.0,0.0,1.0,0.0,16.0,0.0,0.0,0.0,0.0,0.0,0.0,0.0,0.0,0.0,0.0,0.0,0.0,,2
00-0026178,2014,veteran,TE,9.164886469900345,2.504038822656488,22.949231525869635,14.778882096723484,157.69731411306643,1.1853006607114709,0.09944069741376772,0.2621618386362967,0.009040063401251611,0.30559512053840504,0.6439815677515788,10.670449434604281,0.051648817058442015,0.0003941852768196626,1.938222625095947e-05,1.3673527834175964e-11,0.003879117415477057,29.740242747131536,29.74412186454701,veteran,John Carlson,TE,16.0,59.5,55.0,33.0,350.0,1.0,0.0,0.0,0.0,0.0,0.0,0.0,0.0,0.0,0.0,0.0,0.0,0.0,0.0,0.0,0.0,0.0,0.0,0.0,0.0,0.0,0.0,0.0,0.0,16,54.4,3.290355329949239,0.7439720812182742,0.8125,30.305270362765228,0.615625,1.0,0.8125,0.125,0.0625,2.0,3.0,13.0,47.0,32.0,344.0,1.0,0.0,0.0,0.0,0.0,0.0,0.0,0.0,,2
00-0026188,2014,veteran,TE,4.345325232146974,2.740200563169578,11.907062648284116,7.627555157004905,88.21564942063294,0.6358069859044511,0.10632599851497256,0.27927629431015655,0.009608349766399113,0.0964494291207203,0.6405908310312018,11.565389906045908,0.053397467090347,0.0008453665816139004,4.444725178701928e-05,1.3673409895280953e-11,0.0039630995033661295,16.342863305780423,16.34682640528379,veteran,,,0.0,0.0,0.0,0.0,0.0,0.0,0.0,0.0,0.0,0.0,0.0,0.0,0.0,0.0,0.0,0.0,0.0,0.0,0.0,0.0,0.0,0.0,0.0,0.0,0.0,0.0,0.0,0.0,0.0,16,16.5,5.338064516129031,0.5100806451612903,0.4375,28.62696783025325,0.48437500000000006,1.0,0.75,0.0,0.5625,0.0,9.0,7.0,18.0,7.0,70.0,1.0,0.0,0.0,0.0,0.0,0.0,0.0,0.0,,2
00-0026201,2014,veteran,TE,12.918952603031576,5.275132671479359,68.14918895754518,43.989016305682746,491.51335013978183,3.8161082415945358,0.0350960550338751,0.09252596327112525,0.003190550457625009,0.36767461412908803,0.6454811418678296,11.17354720378881,0.05599638528305674,0.015859577386641347,0.0010934923603533524,1.3672954634044619e-11,0.2260792928781846,93.33553928720146,93.56161858007964,veteran,Martellus Bennett,TE,16.0,178.6,128.0,90.0,916.0,6.0,0.0,0.0,0.0,0.0,0.0,0.0,0.0,0.0,0.0,0.0,2.0,0.0,0.0,2.0,2.0,0.0,0.0,0.0,0.0,0.0,0.0,0.0,0.0,16,136.4,7.434090909090909,0.9707792207792207,1.0,27.479808350444902,0.9625000000000001,1.0,1.0,0.0,0.0,0.0,0.0,16.0,94.0,65.0,759.0,5.0,0.0,0.0,0.0,0.0,0.0,0.0,0.0,,2
00-0026225,2014,veteran,TE,4.094795830385173,1.5521427397551597,6.355707618912046,4.0786910435224915,45.414148176918374,0.35418929709485797,0.050609848671007755,0.13342596467811135,0.004600895333727978,0.06632693941953505,0.6417367330406982,11.13449086785873,0.05572775186211086,5.3862766898537506e-05,2.225662046519096e-06,1.367383538849362e-11,0.00023422759279416753,8.61419021165334,8.614424439246134,veteran,Craig Stevens,TE,1.0,3.6,2.0,2.0,26.0,0.0,0.0,0.0,0.0,0.0,0.0,0.0,0.0,0.0,0.0,0.0,0.0,0.0,0.0,0.0,0.0,0.0,0.0,0.0,0.0,0.0,0.0,0.0,0.0,16,1.5,1.9156249999999997,0.7089843749999999,0.375,29.998631074606433,0.6000000000000001,1.0,0.9375,0.0625,0.5625,1.0,10.0,6.0,6.0,2.0,5.0,0.0,0.0,0.0,0.0,0.0,0.0,0.0,0.0,,2
00-0026231,2014,veteran,TE,5.237632410991928,4.750059059262125,24.879063282917134,16.10375141679538,183.39952490131205,1.4592894014098776,0.04385594291453665,0.1156202131383239,0.003986903901321514,0.1309428187586025,0.6472812594939135,11.388621207232237,0.05865531932674807,0.010762696663331637,0.000713655910936685,1.3673015324339992e-11,0.06197785001089584,34.921162414192715,34.98314026420361,veteran,,,0.0,0.0,0.0,0.0,0.0,0.0,0.0,0.0,0.0,0.0,0.0,0.0,0.0,0.0,0.0,0.0,0.0,0.0,0.0,0.0,0.0,0.0,0.0,0.0,0.0,0.0,0.0,0.0,0.0,16,60.5,8.406190476190476,0.8035714285714286,0.375,27.43600273785079,0.65625,1.0,1.0,0.125,0.5,2.0,10.0,6.0,34.0,25.0,300.0,3.0,0.0,0.0,0.0,0.0,0.0,0.0,0.0,,2
00-0026267,2014,veteran,TE,8.918148990128582,3.270552826767767,29.167277389201143,18.820965776903876,198.1425599279282,1.5139253062612805,0.07582441228512533,0.19990072329714859,0.006893128389556849,0.13141624875944438,0.6452767437207604,10.52775730409534,0.05190492366016289,0.0012847492600331805,7.009159826196557e-05,1.3673345165595266e-11,0.01239521653419988,38.10680706396061,38.11920228049481,veteran,Jacob Tamme,TE,13.0,27.9,28.0,14.0,109.0,2.0,0.0,0.0,0.0,0.0,0.0,0.0,0.0,0.0,0.0,1.0,0.0,0.0,0.0,0.0,0.0,0.0,0.0,0.0,0.0,0.0,0.0,0.0,0.0,16,34.4,3.9808429118773945,0.8239942528735631,0.75,29.464750171115675,0.815625,1.0,0.9375,0.0,0.25,0.0,4.0,12.0,25.0,20.0,184.0,1.0,0.0,0.0,0.0,0.0,0.0,0.0,0.0,,2
00-0026281,2014,veteran,TE,10.514673863382233,1.6710005303689406,17.57002560236815,11.342193386053108,123.46055137496184,1.105917279250904,0.09230683949352972,0.2433543950283965,0.008391530863048157,0.1664397720589668,0.6455422230303618,10.885068449527118,0.06294340738478175,6.951044641630802e-05,2.9368817658464252e-06,1.3673795983948507e-11,0.0007772004926313795,24.394460586591354,24.395237787083985,veteran,Gary Barnidge,TE,10.0,22.1,25.0,13.0,156.0,0.0,0.0,0.0,0.0,0.0,0.0,0.0,0.0,0.0,0.0,0.0,0.0,0.0,0.0,0.0,0.0,0.0,0.0,0.0,0.0,0.0,0.0,0.0,0.0,16,31.200000000000003,2.134615384615385,0.7938701923076924,0.875,28.941820670773442,0.65,1.0,0.875,0.0,0.125,0.0,2.0,14.0,18.0,13.0,127.0,2.0,0.0,0.0,0.0,0.0,0.0,0.0,0.0,,2
00-0026298,2014,veteran,TE,4.621126528241353,1.9500824899401485,9.011577926521372,5.735281825654882,63.763413724234184,0.5641427646822431,0.048646333111137856,0.12824942365663616,0.004422393919194351,0.1171083157961688,0.636434803362878,11.117747246353211,0.06260199593036335,0.00014388940744747378,6.478181862804249e-06,1.3673683567198954e-11,0.0007098360313555588,12.43398154763281,12.434691383664164,veteran,Kellen Davis,TE,2.0,0.0,3.0,0.0,0.0,0.0,0.0,0.0,0.0,0.0,0.0,0.0,0.0,0.0,0.0,0.0,0.0,0.0,0.0,0.0,0.0,0.0,0.0,0.0,0.0,0.0,0.0,0.0,0.0,16,10.7,2.7407960199004977,0.7527985074626865,0.375,28.889801505817932,0.628125,1.0,0.9375,0.0,0.625,0.0,10.0,6.0,4.0,3.0,32.0,1.0,0.0,0.0,0.0,0.0,0.0,0.0,0.0,,2
00-0026931,2014,veteran,TE,8.642357394786572,1.6869363046950139,14.579106447414887,9.34840096677562,97.11852256538302,0.7951180250215741,0.16260242326744564,0.4275532830848526,0.014621205221423045,0.13527170567186067,0.6412190623955039,10.38878444672452,0.05453818640322511,5.7118502793188856e-05,2.3723103141077e-06,1.3673826320856052e-11,0.0005243922817208269,19.01670003834886,19.01722443063058,veteran,Bear Pascoe,TE,2.0,7.3,2.0,2.0,3.0,1.0,0.0,0.0,0.0,0.0,0.0,0.0,0.0,0.0,0.0,0.0,0.0,0.0,0.0,0.0,0.0,0.0,0.0,0.0,0.0,0.0,0.0,0.0,0.0,16,14.3,1.3199074074074073,0.6857638888888888,0.75,28.520191649555098,0.675,1.0,0.75,0.0,0.25,0.0,4.0,12.0,20.0,12.0,81.0,0.0,1.0,2.0,0.0,0.0,0.0,0.0,0.0,,2
00-0026996,2014,veteran,TE,10.548892218961829,5.301984379607842,55.93006176710232,35.817886864383645,366.8413765610241,2.740348919854925,0.06711724457951179,0.17694546298234926,0.006101567689046527,0.4860504814173055,0.6404049223748842,10.24184865930216,0.048995993089833836,0.010421425450818669,0.0006888465614410675,1.3673020355534392e-11,0.12083434633516868,70.11737759702167,70.23821194335684,veteran,Brandon Pettigrew,TE,9.0,12.0,15.0,10.0,70.0,0.0,0.0,0.0,0.0,0.0,0.0,0.0,0.0,0.0,0.0,0.0,0.0,0.0,0.0,0.0,0.0,0.0,0.0,0.0,0.0,0.0,0.0,0.0,0.0,16,72.1,6.599642857142856,0.8790178571428571,0.875,29.519507186858316,0.8750000000000001,1.0,1.0,0.0625,0.0625,1.0,2.0,14.0,63.0,41.0,416.0,2.0,0.0,0.0,0.0,0.0,0.0,0.0,0.0,,2
00-0027061,2014,veteran,TE,12.860864505626033,5.407265103588974,69.5421038432577,44.292322806701634,535.8870552839153,3.967613546936191,0.04471480862570173,0.1178844954677591,0.004064982602336521,0.57488952264872,0.6369137595625948,12.098869992043701,0.05705340114355574,0.024207688134008407,0.001746753123024221,1.3672887986701582e-11,0.34502893029761394,98.42694751322286,98.77197644352047,veteran,Jared Cook,TE,16.0,107.4,99.0,52.0,634.0,3.0,1.0,0.0,0.0,0.0,0.0,0.0,0.0,0.0,0.0,0.0,0.0,0.0,0.0,0.0,0.0,0.0,0.0,0.0,0.0,0.0,0.0,0.0,0.0,16,121.6,7.513576158940396,0.9515728476821191,1.0,27.4031485284052,0.9437500000000001,1.0,1.0,0.0,0.0,0.0,0.0,16.0,86.0,51.0,671.0,5.0,0.0,0.0,0.0,0.0,0.0,0.0,0.0,,2
00-0027109,2014,veteran,TE,8.789992181135434,2.419877238352147,21.27070200442298,13.737894249648146,149.54187437122832,1.227774210072506,0.10324204771023308,0.2768159381754055,0.009301923390416533,0.13053777456577037,0.6458599366768206,10.885356347466306,0.057721377029174,0.0003741886711886277,1.8315267670987775e-05,1.3673535880268531e-11,0.00353060232383312,29.01219740741044,29.015728009734275,veteran,James Casey,TE,9.0,19.4,3.0,3.0,59.0,2.0,0.0,0.0,0.0,0.0,0.0,0.0,0.0,0.0,0.0,0.0,0.0,0.0,0.0,0.0,0.0,0.0,0.0,0.0,0.0,0.0,0.0,0.0,0.0,16,4.6,2.3196078431372547,0.824264705882353,0.75,29.94113620807666,0.796875,1.0,1.0,0.0,0.25,0.0,4.0,12.0,6.0,3.0,31.0,0.0,0.0,0.0,0.0,0.0,0.0,0.0,0.0,,2
00-0027135,2014,veteran,TE,11.769690175927105,5.125398908207683,60.32435717763948,39.02902565388566,418.09156022877045,3.233514322182405,0.03447658911872327,0.09089282585845225,0.003134235374429388,0.16344083184938168,0.6469861840210808,10.712323795537694,0.05360213475065387,0.011511091217358209,0.0007683582605176749,1.3673004822099966e-11,0.1490469855426067,80.42576781404799,80.5748147995906,veteran,Brandon Myers,TE,11.0,30.0,32.0,22.0,190.0,0.0,0.0,0.0,0.0,0.0,0.0,0.0,0.0,0.0,0.0,0.0,0.0,0.0,0.0,0.0,0.0,0.0,0.0,0.0,0.0,0.0,0.0,0.0,0.0,16,99.7,6.59093851132686,0.966626213592233,0.9375,28.99110198494182,0.9656250000000001,1.0,1.0,0.0,0.0625,0.0,1.0,15.0,75.0,47.0,522.0,4.0,0.0,0.0,0.0,0.0,0.0,0.0,0.0,,2
00-0027215,2014,veteran,TE,11.802321782670294,3.6431296395406636,42.99738830184255,27.469208641793728,296.73362765814403,2.4069508642376403,0.0777683494555565,0.20502564856464894,0.007069849950505136,0.5305100636975979,0.6388576080239878,10.802409036519206,0.05597900149983054,0.002285112129149678,0.0001312230999982177,1.367325604772926e-11,0.02929273485770741,56.851573809301414,56.88086654415912,veteran,Logan Paulsen,TE,15.0,18.299999999999997,16.0,13.0,78.0,1.0,0.0,0.0,0.0,0.0,0.0,0.0,0.0,0.0,0.0,1.0,0.0,0.0,0.0,0.0,0.0,0.0,0.0,0.0,0.0,0.0,0.0,0.0,0.0,16,54.7,3.4615942028985507,0.8722826086956521,0.9375,27.512662559890487,0.8625,1.0,0.9375,0.0,0.0625,0.0,1.0,15.0,50.0,28.0,267.0,3.0,0.0,0.0,0.0,0.0,0.0,0.0,0.0,,2
00-0027321,2014,veteran,TE,10.231086738796067,3.7602814405047087,38.4717655800887,24.6407896962688,299.0215173067499,2.433315784233915,0.08779054290255082,0.23144779492490672,0.007980958445686439,0.15580818263320736,0.6404902224976593,12.135224600858828,0.06324939205528152,0.004618755704253759,0.0002826952192591863,1.3673146970866565e-11,0.05159330947863718,56.58185544911308,56.63344875859172,veteran,Jeff Cumberland,TE,16.0,54.2,47.0,23.0,247.0,3.0,0.0,0.0,0.0,0.0,0.0,0.0,0.0,0.0,0.0,0.0,0.0,0.0,0.0,0.0,0.0,0.0,0.0,0.0,0.0,0.0,0.0,0.0,0.0,16,76.8,5.375847457627118,0.8109110169491525,0.8125,27.3347022587269,0.7375,1.0,0.875,0.0,0.1875,0.0,3.0,13.0,39.0,26.0,398.0,4.0,0.0,0.0,0.0,0.0,0.0,0.0,0.0,,2
00-0027656,2014,veteran,TE,5.7984994289018505,8.013285123594596,46.46502921279096,29.918702403163486,390.00670933288956,3.4413574598431986,0.0919731098148348,0.24229950239082648,0.008611277298896434,0.14921655555081453,0.6438972041994848,13.03554893783267,0.07406338741514999,0.1959912020091161,0.020553695955420347,1.367253498725147e-11,1.315225764467198,74.38563139686073,75.70085716132793,veteran,Rob Gronkowski,TE,15.0,228.4,131.0,82.0,1124.0,12.0,0.0,0.0,0.0,0.0,0.0,0.0,0.0,0.0,0.0,0.0,3.0,0.0,0.0,3.0,3.0,0.0,0.0,0.0,0.0,0.0,0.0,0.0,0.0,16,105.7,16.130366492146596,0.6652486910994764,0.4375,25.300479123887747,0.596875,1.0,1.0,0.125,0.4375,2.0,9.0,7.0,66.0,39.0,592.0,4.0,0.0,0.0,0.0,0.0,0.0,0.0,0.0,,2
00-0027675,2014,veteran,TE,11.106812332379354,3.885293259909449,43.15322309407265,27.578703383253824,296.9125888808784,2.2012955198594155,0.0821170388969792,0.21649037527385426,0.007465185354270837,0.16220803269870784,0.6390879152440857,10.766009726953584,0.05101114962051992,0.00304310915096226,0.00017931111943076804,1.3673211674735769e-11,0.036786604979355285,56.43040778312683,56.467194388106186,veteran,Ed Dickson,TE,13.0,22.5,17.0,10.0,115.0,1.0,0.0,0.0,0.0,0.0,0.0,0.0,0.0,0.0,0.0,0.0,0.0,0.0,0.0,0.0,0.0,0.0,0.0,0.0,0.0,0.0,0.0,0.0,0.0,16,45.8,3.8477611940298506,0.8512126865671643,0.875,27.104722792607802,0.8375,1.0,1.0,0.0,0.125,0.0,2.0,14.0,43.0,25.0,273.0,1.0,0.0,0.0,0.0,0.0,0.0,0.0,0.0,,2
00-0027695,2014,veteran,TE,4.948831306701386,3.0569650889746387,15.128404535810882,9.696212211418016,111.70570736001822,0.8215615473369091,0.012027885379829299,0.03170987963773179,0.0010934441254390273,0.09562702361176899,0.6409276132500181,11.520551007379602,0.05430589494035323,0.0013827879343630168,7.593325348250402e-05,1.3673333789523604e-11,0.007406855648519547,20.766523731225156,20.773930586873675,veteran,Tony Moeaki,TE,6.0,23.4,13.0,8.0,134.0,1.0,0.0,0.0,0.0,0.0,0.0,0.0,0.0,0.0,0.0,0.0,0.0,0.0,0.0,0.0,0.0,0.0,0.0,0.0,0.0,0.0,0.0,0.0,0.0,16,0.0,4.8428571428571425,0.875,0.0,27.23340177960301,0.2625,0.0,0.875,0.0,1.0,0.0,16.0,0.0,0.0,0.0,0.0,0.0,0.0,0.0,0.0,0.0,0.0,0.0,0.0,,2
00-0027696,2014,veteran,TE,12.882956189354923,8.875188836409603,114.33866895171681,72.9410012089228,905.3910361440455,8.695540726336612,0.02990081167516681,0.07882941259816705,0.0027182556068333463,0.22856191102846057,0.6379381698043423,12.412648868785887,0.07605074299062012,0.23127499464327392,0.02570112779181906,1.3672502482254231e-11,3.4761653790734024,178.7499172297295,182.2260826088029,veteran,Jimmy Graham,TE,15.0,188.4,124.0,85.0,889.0,10.0,0.0,0.0,0.0,0.0,0.0,0.0,0.0,0.0,0.0,2.0,1.0,0.0,0.0,1.0,1.0,0.0,0.0,0.0,0.0,0.0,0.0,0.0,0.0,16,268.0,15.521337579617834,0.9820859872611465,1.0,27.770020533880903,0.9812500000000001,1.0,1.0,0.0,0.0,0.0,0.0,16.0,143.0,86.0,1215.0,16.0,0.0,0.0,0.0,0.0,0.0,0.0,0.0,,2
00-0027713,2014,veteran,TE,4.679639638859198,6.582673063723572,30.80453779865155,19.811707672282292,211.97325790080336,1.819382350743526,0.1372098940996928,0.3764689597259402,0.012217068301993842,0.1137533052297371,0.6431425071779372,10.699393581168474,0.05906215385004636,0.035583954913272584,0.002686887471364946,1.3672826663823714e-11,0.18538058372172705,41.90291642600773,42.08829700972945,veteran,,,0.0,0.0,0.0,0.0,0.0,0.0,0.0,0.0,0.0,0.0,0.0,0.0,0.0,0.0,0.0,0.0,0.0,0.0,0.0,0.0,0.0,0.0,0.0,0.0,0.0,0.0,0.0,0.0,0.0,16,0.0,11.370588235294118,0.7279411764705883,0.0,24.8186173853525,0.31875,0.0,0.875,0.0,1.0,0.0,16.0,0.0,0.0,0.0,0.0,0.0,0.0,0.0,0.0,0.0,0.0,0.0,0.0,,2
00-0027714,2014,veteran,TE,3.420824455829343,4.974760801565761,17.01778341189734,10.940290715255978,114.85135658378724,0.9874598947617177,0.02639735891790813,0.06959303714721234,0.002399759901628012,0.055983347802006714,0.642874013051987,10.498016878439046,0.05802517700815092,0.008840780847548812,0.0005751118899192341,1.367304601337401e-11,0.03319379465227974,22.789431552097493,22.822625346749774,veteran,Dennis Pitta,TE,3.0,20.5,21.0,16.0,125.0,0.0,0.0,0.0,0.0,0.0,0.0,0.0,0.0,0.0,0.0,0.0,0.0,0.0,0.0,0.0,0.0,0.0,0.0,0.0,0.0,0.0,0.0,0.0,0.0,16,32.900000000000006,7.782702702702704,0.8064189189189189,0.25,29.17453798767967,0.578125,1.0,1.0,0.0,0.75,0.0,12.0,4.0,33.0,20.0,169.0,1.0,0.0,0.0,0.0,0.0,0.0,0.0,0.0,,2
00-0027718,2014,veteran,TE,9.215136420169518,4.872547564065211,44.9011905166256,28.555854835538156,309.3699177956524,2.6436527358729585,0.08933388566272571,0.23551660765627686,0.008121262332975065,0.2957324089336883,0.6359709955789425,10.833852447332001,0.058877118968462344,0.008838015407878111,0.0005749146765994187,1.3673046062136816e-11,0.08939039368138682,60.55765002946817,60.647040423149555,veteran,Garrett Graham,TE,10.0,34.7,28.0,18.0,197.0,1.0,0.0,0.0,0.0,0.0,0.0,0.0,0.0,0.0,0.0,0.0,0.0,0.0,0.0,0.0,0.0,0.0,0.0,0.0,0.0,0.0,0.0,0.0,0.0,16,108.0,6.966216216216216,0.7804054054054053,0.75,28.076659822039698,0.6937500000000001,1.0,0.875,0.0,0.25,0.0,4.0,12.0,89.0,49.0,545.0,5.0,0.0,0.0,0.0,0.0,0.0,0.0,0.0,,2
00-0027725,2014,veteran,TE,10.993221778002912,3.388382588467873,37.2492412637509,24.003960801068214,259.9438521663282,2.1528542784764593,0.09178433942547454,0.2419768948489783,0.008344030856861322,0.4262872961483531,0.644414758171938,10.829206659709273,0.057795922962100954,0.001716660481478926,9.609501461407325e-05,1.367330032495914e-11,0.020456220402177747,50.135178570355045,50.155634790757226,veteran,Clay Harbor,TE,10.0,47.9,35.0,26.0,289.0,1.0,0.0,0.0,0.0,0.0,0.0,0.0,0.0,0.0,0.0,0.0,0.0,0.0,0.0,0.0,0.0,0.0,0.0,0.0,0.0,0.0,0.0,0.0,0.0,16,51.2,3.4206106870229016,0.8277671755725192,0.875,27.16769336071184,0.81875,1.0,0.875,0.0,0.125,0.0,2.0,14.0,35.0,24.0,292.0,2.0,0.0,0.0,0.0,0.0,0.0,0.0,0.0,,2
00-0027732,2014,veteran,TE,7.284426946626486,1.9328385203498786,14.079621001114322,9.044124883948268,102.88877441341597,0.7971817092674658,0.138303819411314,0.36461916026619146,0.012573074491937637,0.12137517931228542,0.6423557056850093,11.376310669485056,0.056619543182616444,0.00015998448227899794,7.269843299204367e-06,1.3673667183454026e-11,0.001244830436604594,19.463180143274204,19.46442497371081,veteran,Michael Hoomanawanui,TE,7.0,5.9,6.0,3.0,44.0,0.0,0.0,0.0,0.0,0.0,0.0,0.0,0.0,0.0,0.0,0.0,0.0,0.0,0.0,0.0,0.0,0.0,0.0,0.0,0.0,0.0,0.0,0.0,0.0,16,25.6,2.2971098265895953,0.5567196531791907,0.625,26.16016427104723,0.540625,1.0,0.625,0.125,0.25,2.0,6.0,10.0,19.0,12.0,136.0,1.0,0.0,0.0,0.0,0.0,0.0,0.0,0.0,,2
00-0027753,2014,veteran,TE,10.565717698954485,3.4140840520319347,36.07224829427206,23.110086551687765,245.0211608487154,1.9789094913486085,0.09571657675624684,0.252343702357378,0.008701506977840622,0.1801589093573651,0.6406611077623746,10.6023471742827,0.0548596105018173,0.0015679746030445474,8.706789221577896e-05,1.3673314344124903e-11,0.017946679458528042,47.647741902195115,47.66568858165364,veteran,Andrew Quarless,TE,16.0,64.8,46.0,29.0,323.0,3.0,0.0,0.0,0.0,0.0,0.0,0.0,0.0,0.0,0.0,0.0,0.0,0.0,0.0,0.0,0.0,0.0,0.0,0.0,0.0,0.0,0.0,0.0,0.0,16,59.2,4.218354430379747,0.7650316455696202,0.8125,25.90280629705681,0.49375,1.0,0.8125,0.0,0.1875,0.0,3.0,13.0,53.0,32.0,312.0,2.0,0.0,0.0,0.0,0.0,0.0,0.0,0.0,,2
00-0027783,2014,veteran,TE,4.786422537611559,2.2744387272450584,10.886424784502296,6.988750783292673,80.96205280037988,0.6498622495126735,0.02353504455403886,0.062046935642466085,0.002139549504912624,0.08681204042252141,0.641969326168654,11.58462439294988,0.05969473563421894,0.0003644149783770284,1.7795578659050098e-05,1.3673539970704909e-11,0.0018720099345869924,15.335172078509046,15.337044088443633,veteran,,,0.0,0.0,0.0,0.0,0.0,0.0,0.0,0.0,0.0,0.0,0.0,0.0,0.0,0.0,0.0,0.0,0.0,0.0,0.0,0.0,0.0,0.0,0.0,0.0,0.0,0.0,0.0,0.0,0.0,16,0.0,3.3825,0.8375,0.0,26.677618069815196,0.375,0.0,0.875,0.0,1.0,0.0,16.0,0.0,0.0,0.0,0.0,0.0,0.0,0.0,0.0,0.0,0.0,0.0,0.0,,2
00-0027819,2014,veteran,TE,1.3741840551646012,0.8549332826433119,1.1748356852379704,0.7530183356173414,8.491018877350344,0.06545048922584357,0.048329119067791186,0.12434725086735503,0.00436735216589474,0.04326314208881506,0.6409563014463702,11.275978918082007,0.05571033468615329,4.269246666231754e-06,1.414145475941262e-07,1.3674227048416807e-11,6.158262702818105e-06,1.5704265448032402,1.570432703065943,veteran,,,0.0,0.0,0.0,0.0,0.0,0.0,0.0,0.0,0.0,0.0,0.0,0.0,0.0,0.0,0.0,0.0,0.0,0.0,0.0,0.0,0.0,0.0,0.0,0.0,0.0,0.0,0.0,0.0,0.0,16,4.4,1.7173333333333336,0.3275,0.1875,26.420260095824776,0.234375,1.0,0.4375,0.0,0.8125,0.0,13.0,3.0,5.0,2.0,34.0,0.0,0.0,0.0,0.0,0.0,0.0,0.0,0.0,,2
00-0027825,2014,veteran,TE,11.776461930717565,2.4812578572955775,29.220438696735204,18.951811846253097,194.2076323279392,1.7070543865324244,0.08272965715520575,0.21810545977281515,0.007520877923200523,0.3939089709640128,0.6485806747443043,10.247444091543963,0.05841987535673629,0.0003243801643370891,1.567995379396067e-05,1.3673557956263811e-11,0.004097032546842889,38.41811334670348,38.42221037925032,veteran,Jim Dray,TE,13.0,38.7,27.0,17.0,242.0,1.0,0.0,0.0,0.0,0.0,0.0,0.0,0.0,0.0,0.0,0.0,0.0,0.0,0.0,0.0,0.0,0.0,0.0,0.0,0.0,0.0,0.0,0.0,0.0,16,44.5,2.641025641025641,0.8259615384615384,0.9375,27.668720054757017,0.609375,1.0,0.9375,0.0,0.0625,0.0,1.0,15.0,32.0,26.0,215.0,2.0,0.0,0.0,0.0,0.0,0.0,0.0,0.0,,2
00-0027873,2014,veteran,TE,11.562418938677013,5.658598630945061,65.427087976811,42.289073120914395,453.25442661856783,3.8287302714752216,0.05669887572247085,0.14947885417742315,0.00515444324749735,0.8213969141915228,0.6463542002037858,10.718003332033478,0.05851903836576404,0.01823052293148431,0.0012754384250570478,1.3672932737921436e-11,0.23290967402265805,87.845441567685,88.07835124170767,veteran,Jermaine Gresham,TE,15.0,107.0,79.0,62.0,460.0,5.0,0.0,0.0,0.0,0.0,0.0,0.0,0.0,0.0,0.0,0.0,0.0,0.0,0.0,0.0,0.0,0.0,0.0,0.0,0.0,0.0,0.0,0.0,0.0,16,86.8,7.286986301369863,0.9160958904109591,0.875,26.209445585215605,0.9125,1.0,1.0,0.0,0.125,0.0,2.0,14.0,67.0,46.0,458.0,4.0,0.0,0.0,0.0,0.0,0.0,0.0,0.0,,2
00-0027981,2014,veteran,TE,7.080873278976039,5.503991526580317,38.97306652827311,24.92173624311014,259.16883900798064,2.5360132202079333,0.06869177567560611,0.1810964995084161,0.006244706879600556,0.10930855162668295,0.6394604906193513,10.399309120351935,0.06507091810104745,0.013237992628775555,0.0008960520247986542,1.3672982957925168e-11,0.10325379472446566,53.430792131575814,53.53404592630028,veteran,Kyle Rudolph,TE,9.0,47.1,34.0,24.0,231.0,2.0,0.0,0.0,0.0,0.0,0.0,0.0,0.0,0.0,0.0,0.0,0.0,0.0,0.0,0.0,0.0,0.0,0.0,0.0,0.0,0.0,0.0,0.0,0.0,16,64.3,7.370796460176992,0.7820796460176992,0.5,24.810403832991103,0.7062499999999999,1.0,1.0,0.3125,0.1875,5.0,8.0,8.0,46.0,30.0,313.0,3.0,0.0,0.0,0.0,0.0,0.0,0.0,0.0,,2
00-0027985,2014,veteran,TE,11.514375839448624,4.6776423449643145,53.86013200243891,34.62532155935884,366.05537835175124,3.228800910844736,0.06356502829527096,0.16555829358224478,0.005761354871319764,0.20917604568056886,0.6428747994488934,10.571898306394516,0.059947883356441245,0.006847562314673402,0.0004347449448771969,1.3673085792431453e-11,0.08635413142449304,72.92377594714797,73.01013007857247,veteran,Lance Kendricks,TE,16.0,69.4,38.0,27.0,259.0,5.0,0.0,0.0,0.0,0.0,0.0,0.0,0.0,0.0,0.0,0.0,0.0,0.0,0.0,0.0,0.0,0.0,0.0,0.0,0.0,0.0,0.0,0.0,0.0,16,65.8,4.9572881355932195,0.9252118644067797,0.875,26.587268993839835,0.921875,1.0,1.0,0.0625,0.0625,1.0,2.0,14.0,46.0,32.0,258.0,4.0,0.0,0.0,0.0,0.0,0.0,0.0,0.0,,2
00-0028007,2014,veteran,TE,10.45951834808882,4.557955540969824,47.67401961054698,30.721482777706157,332.3482022116267,2.146619391148404,0.08590409971265389,0.22647444469699662,0.007809463610241263,0.19887360795495754,0.6444072270111163,10.818104211193992,0.04502702748130567,0.00683098968378706,0.00043359376545570324,1.3673086169355875e-11,0.07825163513730526,61.147034967127404,61.22528660226471,veteran,Rob Housler,TE,12.0,17.5,17.0,9.0,129.0,0.0,1.0,1.0,0.0,0.0,0.0,0.0,0.0,0.0,0.0,0.0,0.0,0.0,0.0,0.0,0.0,0.0,0.0,0.0,0.0,0.0,0.0,0.0,0.0,16,70.9,4.680769230769231,0.8298076923076922,0.8125,26.458590006844627,0.8125,1.0,0.9375,0.1875,0.0,3.0,3.0,13.0,57.0,39.0,454.0,1.0,0.0,0.0,0.0,0.0,0.0,0.0,0.0,,2
00-0028040,2014,veteran,TE,12.224441623591737,6.174380055037115,75.47834854467034,48.53551756384348,539.376669771721,4.263725072809678,0.07192926958771063,0.1896317107312371,0.006539024507973694,0.1794443753025831,0.6430389442757708,11.113030144619897,0.05648937947133645,0.03153698149397675,0.002346464466742386,1.3672845962230786e-11,0.4285483164349845,103.48708476346772,103.9156330799027,veteran,Jordan Cameron,TE,10.0,67.4,48.0,24.0,424.0,2.0,0.0,0.0,0.0,0.0,0.0,0.0,0.0,0.0,0.0,0.0,1.0,0.0,0.0,1.0,1.0,0.0,0.0,0.0,0.0,0.0,0.0,0.0,0.0,16,175.70000000000002,8.26969696969697,0.8821022727272728,0.9375,26.067077344284737,0.825,1.0,0.9375,0.0625,0.0,1.0,1.0,15.0,118.0,80.0,917.0,7.0,0.0,0.0,0.0,0.0,0.0,0.0,0.0,,2
00-0028042,2014,veteran,TE,4.511735567809378,2.1634666541444454,9.760989453273044,6.264771821660178,67.65936502382145,0.5495990590368063,0.03935029885983837,0.10374169699411934,0.003577299896348943,0.0839668521435633,0.6418172923606101,10.799972760363294,0.05630567082034038,0.00021009691240465254,9.777081038092347e-06,1.3673625077466225e-11,0.0010140692421699371,13.059821032223452,13.060835101465623,veteran,Luke Stocker,TE,7.0,7.6,11.0,7.0,41.0,0.0,0.0,0.0,0.0,0.0,0.0,0.0,0.0,0.0,0.0,0.0,0.0,0.0,0.0,0.0,0.0,0.0,0.0,0.0,0.0,0.0,0.0,0.0,0.0,16,0.0,2.177142857142857,0.7482142857142856,0.0,26.12457221081451,0.328125,0.0,0.8125,0.0,1.0,0.0,16.0,0.0,0.0,0.0,0.0,0.0,0.0,0.0,0.0,0.0,0.0,0.0,0.0,,2
00-0028067,2014,veteran,TE,11.519889004721806,6.395972050614634,73.6808881003835,47.801532414476526,547.3687112373592,5.6861851315977985,0.07185858457836368,0.18944535934295878,0.006532598598033062,0.19400926614469363,0.6487643355947514,11.450861166776956,0.07717313509917102,0.04427558938389468,0.0034386123065325382,1.3672791504524769e-11,0.5694685237884118,112.42486971579407,112.99433823958249,veteran,Julius Thomas,TE,12.0,143.4,62.0,43.0,489.0,12.0,0.0,0.0,0.0,0.0,0.0,0.0,0.0,0.0,0.0,0.0,1.0,0.0,0.0,1.0,1.0,0.0,0.0,0.0,0.0,0.0,0.0,0.0,0.0,16,185.3,12.296987951807232,0.8298192771084338,0.875,26.17932922655715,0.51875,1.0,0.875,0.0,0.125,0.0,2.0,14.0,90.0,65.0,788.0,12.0,0.0,0.0,0.0,0.0,0.0,0.0,0.0,,2
00-0028079,2014,veteran,TE,2.667968868003999,0.9928459047682476,2.648881964646948,1.693910661056588,18.362141511468273,0.14857155112995177,0.060580915061403895,0.15971332152551934,0.0055073559146730814,0.048226345057261866,0.6394813674841711,10.840088520379679,0.05608839997887709,6.7265213279540105e-06,2.318204857648555e-07,1.3674156809305381e-11,1.8873957215874846e-05,3.527161565980899,3.527180439938115,veteran,,,0.0,0.0,0.0,0.0,0.0,0.0,0.0,0.0,0.0,0.0,0.0,0.0,0.0,0.0,0.0,0.0,0.0,0.0,0.0,0.0,0.0,0.0,0.0,0.0,0.0,0.0,0.0,0.0,0.0,16,0.0,0.509016393442623,0.45286885245901637,0.25,25.973990417522245,0.38125,1.0,0.625,0.0,0.75,0.0,12.0,4.0,2.0,0.0,0.0,0.0,0.0,0.0,0.0,0.0,0.0,0.0,0.0,,2
00-0028093,2014,veteran,TE,10.562654965146734,2.591455529679879,27.372650617530134,17.52070108853939,201.8049222110142,1.5539123842964668,0.14251704909045462,0.37449407484666264,0.012840530596491092,0.15830750916801617,0.6400805436547198,11.5180848752119,0.056768794736352726,0.0006384359046675193,3.274854111574181e-05,1.3673453300487448e-11,0.007262445777846512,38.0621946438775,38.069457089655344,veteran,Niles Paul,TE,16.0,74.2,52.0,39.0,507.0,1.0,0.0,0.0,0.0,0.0,0.0,0.0,0.0,0.0,0.0,1.0,0.0,0.0,0.0,0.0,0.0,0.0,0.0,0.0,0.0,0.0,0.0,0.0,0.0,16,7.1,0.972983870967742,0.7852822580645161,0.8125,25.062286105407257,0.775,1.0,0.8125,0.0,0.1875,0.0,3.0,13.0,8.0,4.0,51.0,0.0,0.0,0.0,0.0,0.0,0.0,0.0,0.0,,2
00-0028112,2014,veteran,TE,13.174415930563413,5.753754278684165,75.80235202964407,48.834537595979974,540.9651380566515,4.535124911436901,0.3911190501793886,1.0173321120349335,0.03700890143083435,0.1865048567071161,0.6442351231645453,11.077511218232225,0.0598282875136031,0.02261709186066736,0.0016196728059431524,1.3672898737789141e-11,0.32997434049783375,105.67530897865082,106.00528331914865,veteran,Charles Clay,TE,14.0,108.5,84.0,58.0,605.0,3.0,0.0,0.0,0.0,0.0,0.0,0.0,0.0,0.0,0.0,0.0,1.0,0.0,0.0,1.0,1.0,0.0,0.0,0.0,0.0,0.0,0.0,0.0,0.0,16,154.9,7.184300341296928,0.9251279863481228,1.0,25.54688569472964,0.915625,1.0,1.0,0.0,0.0,0.0,0.0,16.0,102.0,69.0,759.0,6.0,7.0,15.0,1.0,0.0,0.0,0.0,0.0,,2
00-0028238,2014,veteran,TE,2.668412698496514,1.1460385886127769,3.0581039228213562,1.963593051809852,21.01045203258918,0.1712475560571316,0.052576160498077874,0.13860987767675076,0.004779650954370716,0.04923167106700513,0.6420949390098796,10.700003248241154,0.05599795179594205,1.196687158539094e-05,4.336722871256301e-07,1.3674067804251554e-11,3.366845003277472e-05,4.054402616866521,4.054436285316553,veteran,,,0.0,0.0,0.0,0.0,0.0,0.0,0.0,0.0,0.0,0.0,0.0,0.0,0.0,0.0,0.0,0.0,0.0,0.0,0.0,0.0,0.0,0.0,0.0,0.0,0.0,0.0,0.0,0.0,0.0,16,1.2,0.8727272727272727,0.5125,0.25,27.411362080766597,0.34375,1.0,0.6875,0.0,0.75,0.0,12.0,4.0,3.0,1.0,7.0,0.0,0.0,0.0,0.0,0.0,0.0,0.0,0.0,,2
00-0028958,2014,veteran,TE,7.780519301185424,2.5430690074829716,19.78639749696772,12.744323852310226,136.5383938695367,1.2172582568693435,0.14094756197316902,0.3715890270201728,0.012813414724833548,0.13786384511923516,0.644095210068599,10.713663231712816,0.06151995364774661,0.00043151556003888787,2.138667272588665e-05,1.3673513849576327e-11,0.003607014486316327,27.167862555137393,27.17146956962371,veteran,Cory Harkey,TE,11.0,17.5,11.0,8.0,55.0,1.0,0.0,0.0,0.0,0.0,0.0,0.0,0.0,0.0,0.0,0.0,0.0,0.0,0.0,0.0,0.0,0.0,0.0,0.0,0.0,0.0,0.0,0.0,0.0,16,29.8,2.5626865671641794,0.5578358208955223,0.625,24.20807665982204,0.41875,1.0,0.625,0.0625,0.3125,1.0,6.0,10.0,18.0,13.0,113.0,2.0,0.0,0.0,0.0,0.0,0.0,0.0,0.0,,2
00-0029275,2014,veteran,TE,11.843727688857795,3.821204222629243,45.25730225633429,29.013193057677114,379.5720106490546,2.8147432783859805,0.07881682588040698,0.20778981368470928,0.0071651659891279074,0.19946311256914567,0.6410720836462668,13.082738252714206,0.0621942346992639,0.007110853137527089,0.00045307111081628837,1.3673079922748967e-11,0.09226808481050604,69.01710101622484,69.10936910103536,veteran,Ladarius Green,TE,10.0,32.1,25.0,19.0,226.0,0.0,0.0,0.0,0.0,0.0,0.0,0.0,0.0,0.0,0.0,0.0,0.0,0.0,0.0,0.0,0.0,0.0,0.0,0.0,0.0,0.0,0.0,0.0,0.0,16,64.1,4.522289156626506,0.8207831325301205,0.875,24.26009582477755,0.51875,1.0,0.875,0.0,0.125,0.0,2.0,14.0,30.0,17.0,376.0,3.0,0.0,0.0,0.0,0.0,0.0,0.0,0.0,,2
00-0029391,2014,veteran,TE,10.660055643181423,3.600992428458647,38.386779658044176,24.682609427062,274.8662941704582,2.2023115783098395,0.06986349172499258,0.18418556909316225,0.006351226520453871,0.1861432199329396,0.6429976582286608,11.136030612269664,0.057371615903402104,0.002570875486480674,0.00014920169634856367,1.3673237799825458e-11,0.029791423606789172,52.72604307660202,52.755834500208806,veteran,,,0.0,0.0,0.0,0.0,0.0,0.0,0.0,0.0,0.0,0.0,0.0,0.0,0.0,0.0,0.0,0.0,0.0,0.0,0.0,0.0,0.0,0.0,0.0,0.0,0.0,0.0,0.0,0.0,0.0,16,55.2,4.246153846153846,0.8125,0.8125,26.746064339493497,0.446875,1.0,0.8125,0.0,0.1875,0.0,3.0,13.0,40.0,26.0,302.0,2.0,0.0,0.0,0.0,0.0,0.0,0.0,0.0,,2
00-0029432,2014,veteran,TE,6.2148183970802915,2.530044497528281,15.723767088670522,10.118008441210458,112.71160229190393,0.8673361152422445,0.12316387118855009,0.3247047513152684,0.011196715562595463,0.11921720176586438,0.6434850112032509,11.139702338340784,0.05516083457298143,0.0005020986323894216,2.521766087679253e-05,1.3673490434234653e-11,0.003355536761801785,21.395397506224455,21.398753042986257,veteran,Chase Ford,TE,10.0,43.3,35.0,23.0,258.0,1.0,0.0,0.0,0.0,0.0,0.0,0.0,0.0,0.0,0.0,0.0,0.0,0.0,0.0,0.0,0.0,0.0,0.0,0.0,0.0,0.0,0.0,0.0,0.0,16,18.8,2.35,0.5,0.5,24.12046543463381,0.275,1.0,0.5,0.0,0.5,0.0,8.0,8.0,16.0,11.0,133.0,0.0,0.0,0.0,0.0,0.0,0.0,0.0,0.0,,2
00-0029634,2014,veteran,TE,7.757039772840109,2.264476132288296,17.565631422807453,11.344508682020239,117.12936979122347,0.9522390614796642,0.12873689504446564,0.3393972687535912,0.011703354094951423,0.13104116467775515,0.645835518744312,10.3247635551516,0.05421035194005404,0.00021678582292369034,1.0116036183843297e-05,1.3673620234467221e-11,0.0017993222052729142,22.94070321110001,22.942502533305284,veteran,James Hanna,TE,11.0,6.800000000000001,6.0,4.0,48.0,0.0,0.0,0.0,0.0,0.0,0.0,0.0,0.0,0.0,0.0,0.0,0.0,0.0,0.0,0.0,0.0,0.0,0.0,0.0,0.0,0.0,0.0,0.0,0.0,16,13.3,1.3530487804878049,0.6044207317073171,0.625,25.13347022587269,0.5125,1.0,0.625,0.0,0.375,0.0,6.0,10.0,15.0,12.0,73.0,0.0,0.0,0.0,0.0,0.0,0.0,0.0,0.0,,2
00-0029689,2014,veteran,TE,2.797464140895026,4.554979791515317,12.7423926292656,8.204639573351136,91.96892953731104,0.7623764027489314,0.05980047113158893,0.15663045349968774,0.005340281401284956,0.052429664173238764,0.6438853213883431,11.209380828382555,0.05982992558226252,0.008012291243076331,0.0005163247622863318,1.367306134370818e-11,0.02458069752674131,17.81631656231146,17.8408972598382,veteran,Dwayne Allen,TE,12.0,102.0,50.0,29.0,395.0,8.0,0.0,0.0,0.0,0.0,0.0,0.0,0.0,0.0,0.0,0.0,0.0,0.0,0.0,0.0,0.0,0.0,0.0,0.0,0.0,0.0,0.0,0.0,0.0,16,8.5,6.456435643564356,0.8422029702970297,0.0625,24.517453798767967,0.315625,1.0,0.9375,0.0,0.9375,0.0,15.0,1.0,2.0,1.0,20.0,1.0,0.0,0.0,0.0,0.0,0.0,0.0,0.0,,2
00-0029697,2014,veteran,TE,13.238899008328353,5.554585773073258,73.53660008281433,46.801138393073686,523.0793532585442,4.005793349061599,0.04576568375829986,0.12065498445369963,0.004160516705299987,0.19841764528434222,0.6364332637131427,11.176637389998982,0.054473464160029364,0.018911613346100573,0.0013282589553238117,1.3672926964355231e-11,0.27674596878526864,99.38345792486933,99.6602038936546,veteran,Coby Fleener,TE,16.0,152.9,92.0,51.0,774.0,8.0,0.0,0.0,0.0,0.0,0.0,0.0,0.0,0.0,0.0,0.0,2.0,0.0,0.0,2.0,2.0,0.0,0.0,0.0,0.0,0.0,0.0,0.0,0.0,16,115.8,6.420967741935484,0.9274193548387096,1.0,25.946611909650922,0.775,1.0,1.0,0.0,0.0,0.0,0.0,16.0,87.0,52.0,608.0,4.0,0.0,0.0,0.0,0.0,0.0,0.0,0.0,,2
00-0029883,2014,veteran,TE,11.093583529430406,4.104158987931769,45.52983055068364,29.19850728750367,323.66432013427396,3.463602317139118,0.07270473129327594,0.191676109773182,0.006609521026661449,0.19371337522839763,0.6413049847615839,11.084961191587876,0.07607325296946688,0.004581193022878059,0.0002801857718639829,1.367314823822709e-11,0.055484244163006485,67.41869754669443,67.47418179085744,veteran,Joseph Fauria,TE,6.0,18.4,12.0,6.0,74.0,1.0,0.0,0.0,0.0,0.0,0.0,0.0,0.0,0.0,0.0,0.0,0.0,0.0,0.0,0.0,0.0,0.0,0.0,0.0,0.0,0.0,0.0,0.0,0.0,16,73.7,5.6692307692307695,0.8125,0.8125,24.62422997946612,0.446875,1.0,0.8125,0.0,0.1875,0.0,3.0,13.0,30.0,18.0,207.0,7.0,0.0,0.0,0.0,0.0,0.0,0.0,0.0,,2
00-0029910,2014,veteran,TE,12.124943578517305,5.871524454530559,71.19190273106763,46.16909690130937,497.24386340939907,4.294378534666116,0.13028037715364607,0.3425644086617137,0.011714807764917373,0.20804654809763604,0.6485161251514284,10.770058259365628,0.06032116532814735,0.022485000957640673,0.0016091716299915532,1.3672899663551871e-11,0.3018960411385645,98.2636581908517,98.56555423199026,veteran,Timothy Wright,TE,13.0,74.7,33.0,26.0,259.0,6.0,1.0,-2.0,0.0,0.0,0.0,0.0,0.0,0.0,0.0,0.0,0.0,0.0,0.0,0.0,0.0,0.0,0.0,0.0,0.0,0.0,0.0,0.0,0.0,16,114.3,8.164285714285715,0.875,0.875,24.40246406570842,0.48125000000000007,1.0,0.875,0.0,0.125,0.0,2.0,14.0,75.0,54.0,571.0,5.0,1.0,2.0,0.0,0.0,0.0,0.0,0.0,,2
00-0030061,2014,veteran,TE,13.214572868611498,5.1687810789870605,68.30323421017488,43.898019525910236,510.39126184128514,4.149135132310419,0.016493902118103847,0.04348392376591014,0.0014994456471003497,0.22289247855519642,0.6426931320826227,11.626749164390738,0.060745807724758336,0.0170132845758155,0.001181645544627075,1.36729436047162e-11,0.24824570085441908,97.45050685009495,97.69875255094938,veteran,Zach Ertz,TE,16.0,116.2,89.0,58.0,702.0,3.0,0.0,0.0,0.0,0.0,0.0,0.0,0.0,0.0,0.0,1.0,1.0,0.0,0.0,1.0,1.0,0.0,0.0,0.0,0.0,0.0,0.0,0.0,0.0,16,88.89999999999999,5.926666666666666,0.9375,0.9375,23.808350444900753,0.515625,1.0,0.9375,0.0,0.0625,0.0,1.0,15.0,56.0,36.0,469.0,4.0,0.0,0.0,0.0,0.0,0.0,0.0,0.0,,2
00-0030089,2014,veteran,TE,11.093100255080644,3.4369803516943813,38.1267676160881,24.58653375979351,283.6565946755453,2.146835137061336,0.07270156402711284,0.19166775970784292,0.0066092330933738945,0.19370493641282419,0.6448627905560735,11.537071367880674,0.056307819185685434,0.002472689499229964,0.00014300255105889286,1.3673243830840535e-11,0.029809305271443355,53.21134947152467,53.24115877679611,veteran,Luke Willson,TE,13.0,66.2,40.0,22.0,362.0,3.0,0.0,0.0,0.0,0.0,0.0,0.0,0.0,0.0,0.0,0.0,1.0,0.0,0.0,1.0,1.0,0.0,0.0,0.0,0.0,0.0,0.0,0.0,0.0,16,43.199999999999996,3.323076923076923,0.8125,0.8125,24.62696783025325,0.446875,1.0,0.8125,0.0,0.1875,0.0,3.0,13.0,28.0,20.0,272.0,1.0,0.0,0.0,0.0,0.0,0.0,0.0,0.0,,2
00-0030108,2014,veteran,TE,9.105429166271504,3.411090207024743,31.059440259826196,19.995403690503583,227.18458581342165,1.7488893461588921,0.1079846395025609,0.28468677687038785,0.009816785409323719,0.16486781883312873,0.6437786232859649,11.361840417421451,0.056307819185685434,0.0022050207521654634,0.00012622010351950392,1.367326157201871e-11,0.021801592835937616,42.967130256024035,42.98893184885997,veteran,Ryan Griffin,TE,10.0,20.1,16.0,10.0,91.0,1.0,0.0,0.0,0.0,0.0,0.0,0.0,0.0,0.0,0.0,0.0,0.0,0.0,0.0,0.0,0.0,0.0,0.0,0.0,0.0,0.0,0.0,0.0,0.0,16,39.9,3.627272727272727,0.6875,0.6875,24.637919233401778,0.37812500000000004,1.0,0.6875,0.0625,0.25,1.0,5.0,11.0,28.0,19.0,244.0,1.0,0.0,0.0,0.0,0.0,0.0,0.0,0.0,,2
00-0030470,2014,veteran,TE,8.18433546529347,2.5948167088043244,21.23685041580331,13.550331166083105,154.23498047392138,1.1592530787370157,0.1187724722217382,0.3131274267664007,0.010797497474703472,0.15099932321427562,0.6380574756038063,11.382377196800642,0.0545868646263272,0.0005992457712238313,3.056770987559039e-05,1.3673463093489748e-11,0.0052796932297121514,28.948281183952094,28.953560877181808,veteran,Vance McDonald,TE,4.0,2.0,8.0,2.0,30.0,0.0,0.0,0.0,0.0,0.0,0.0,0.0,0.0,0.0,0.0,1.0,0.0,0.0,0.0,0.0,0.0,0.0,0.0,0.0,0.0,0.0,0.0,0.0,0.0,16,15.899999999999999,1.5899999999999999,0.625,0.625,24.21902806297057,0.34375,1.0,0.625,0.0,0.375,0.0,6.0,10.0,19.0,8.0,119.0,0.0,0.0,0.0,0.0,0.0,0.0,0.0,0.0,,2
00-0030472,2014,veteran,TE,7.20050945366026,6.319669502943769,45.50483999995504,29.546979916203153,324.7159895743069,2.5908748645633315,0.20025321711856758,0.5614148730620179,0.018006763521137274,0.13542852281837112,0.6493151039808589,10.989819957749292,0.056936248200540676,0.03486608990585971,0.002626043064592002,1.3672829927176969e-11,0.27941688204468457,62.68366312570853,62.96308000775321,veteran,Jordan Reed,TE,11.0,70.5,65.0,50.0,465.0,0.0,0.0,0.0,0.0,0.0,0.0,0.0,0.0,0.0,0.0,1.0,1.0,0.0,0.0,1.0,1.0,0.0,0.0,0.0,0.0,0.0,0.0,0.0,0.0,16,93.2,10.355555555555556,0.5625,0.5625,24.164271047227928,0.309375,1.0,0.5625,0.125,0.3125,2.0,7.0,9.0,60.0,45.0,499.0,3.0,1.0,18.0,0.0,0.0,0.0,0.0,0.0,,2
00-0030514,2014,veteran,TE,14.180303008136207,5.138947326090986,72.87183022682153,46.791316753105534,508.3854142989388,4.372766570239431,0.0,0.0,0.0,0.23520749546350467,0.6421043166812532,10.864952080349338,0.06000626794508547,0.012017709713759775,0.0008056121291398504,1.367299808912969e-11,0.18755050174005922,100.00038423695621,100.18793473869627,veteran,Mychal Rivera,TE,16.0,105.4,99.0,58.0,534.0,4.0,0.0,0.0,0.0,0.0,0.0,0.0,0.0,0.0,0.0,1.0,1.0,0.0,0.0,1.0,1.0,0.0,0.0,0.0,0.0,0.0,0.0,0.0,0.0,16,83.7,5.23125,1.0,1.0,23.980835044490075,0.55,1.0,1.0,0.0,0.0,0.0,0.0,16.0,60.0,38.0,407.0,4.0,0.0,0.0,0.0,0.0,0.0,0.0,0.0,,2
00-0030544,2014,veteran,TE,7.292742246607894,2.9653045112069103,21.625201482935605,13.883011006615565,158.60148790629827,1.3493674709679473,0.12517972130470284,0.3300192652578529,0.011379974664063895,0.1371632543654509,0.64198296684406,11.424141912062241,0.062397914397825605,0.0011632536825866274,6.290793351735009e-05,1.367336053183954e-11,0.009171466490567465,30.724814385524557,30.733985852015124,veteran,Gavin Escobar,TE,12.0,39.0,13.0,9.0,105.0,4.0,0.0,0.0,0.0,0.0,0.0,0.0,0.0,0.0,0.0,0.0,0.0,0.0,0.0,0.0,0.0,0.0,0.0,0.0,0.0,0.0,0.0,0.0,0.0,16,29.9,3.322222222222222,0.5625,0.5625,23.575633127994525,0.309375,1.0,0.5625,0.0,0.4375,0.0,7.0,9.0,15.0,9.0,134.0,2.0,0.0,0.0,0.0,0.0,0.0,0.0,0.0,,2
00-0030549,2014,veteran,TE,13.187434995848102,5.072702409989497,66.8959332850185,43.0674955743463,478.1809848826488,3.6145197783937073,0.016460029709097258,0.04339462377852913,0.0014963663371906598,0.2224347393771624,0.6437984113451537,11.103059941276996,0.05403198073332191,0.012671723911408046,0.000853961967492412,1.3672989800354014e-11,0.18399988763050007,90.60741312744695,90.79141301507745,veteran,Tyler Eifert,TE,1.0,5.2,3.0,3.0,37.0,0.0,0.0,0.0,0.0,0.0,0.0,0.0,0.0,0.0,0.0,0.0,0.0,0.0,0.0,0.0,0.0,0.0,0.0,0.0,0.0,0.0,0.0,0.0,0.0,16,76.0,5.066666666666666,0.9375,0.9375,23.980835044490075,0.515625,1.0,0.9375,0.0625,0.0,1.0,1.0,15.0,59.0,39.0,445.0,2.0,0.0,0.0,0.0,0.0,0.0,0.0,0.0,,2
00-0030992,2014,rookie,TE,6.574236592307217,2.4529750516099043,16.126438344310515,10.532443471487355,119.44053115176324,0.8303586139346878,0.26156198143914844,1.5039813932751036,0.0,0.0,0.6531165311653117,11.340248962655602,0.051490514905149054,0.0005061962033317759,2.544159279032742e-05,1.3673489177928638e-11,0.0035787423580493755,22.342824673855638,22.346403416213686,rookie,Crockett Gillmore,TE,9.0,23.1,15.0,10.0,121.0,1.0,0.0,0.0,0.0,0.0,0.0,0.0,0.0,0.0,0.0,0.0,0.0,0.0,0.0,0.0,0.0,0.0,0.0,0.0,0.0,0.0,0.0,0.0,0.0,16,0.0,,,0.0,22.792607802874745,0.0,0.0,0.0,0.0,1.0,0.0,16.0,0.0,0.0,0.0,0.0,0.0,0.0,0.0,0.0,0.0,0.0,0.0,0.0,,2
00-0031042,2014,rookie,TE,12.977769539212012,2.807584377364893,36.43618301133363,23.79707345726668,269.86473758800764,1.876117824431813,0.428650003119599,2.464737517937694,0.0,0.0,0.6531165311653117,11.340248962655602,0.051490514905149054,0.0009447919149042161,5.0163940682147696e-05,1.3673392701415107e-11,0.013237816181065424,50.388191185818755,50.40142900199982,rookie,Jace Amaro,TE,14.0,65.5,53.0,38.0,345.0,2.0,0.0,0.0,0.0,0.0,0.0,0.0,0.0,0.0,0.0,0.0,0.0,0.0,0.0,0.0,0.0,0.0,0.0,0.0,0.0,0.0,0.0,0.0,0.0,16,0.0,,,0.0,22.182067077344286,0.0,0.0,0.0,0.0,1.0,0.0,16.0,0.0,0.0,0.0,0.0,0.0,0.0,0.0,0.0,0.0,0.0,0.0,0.0,,2
00-0031044,2014,rookie,TE,13.386439477718259,2.6163158982768175,35.0231544268747,22.87420112974743,259.3991356331939,1.8033602550423287,0.46633582335258,2.681430984277335,0.0,0.0,0.6531165311653117,11.340248962655602,0.051490514905149054,0.0006815613060786699,3.516206714367153e-05,1.3673443195514558e-11,0.009829721865849501,48.465318756874815,48.475148478740664,rookie,Troy Niklas,TE,4.0,5.300000000000001,3.0,3.0,38.0,0.0,0.0,0.0,0.0,0.0,0.0,0.0,0.0,0.0,0.0,0.0,0.0,0.0,0.0,0.0,0.0,0.0,0.0,0.0,0.0,0.0,0.0,0.0,0.0,16,0.0,,,0.0,21.95208761122519,0.0,0.0,0.0,0.0,1.0,0.0,16.0,0.0,0.0,0.0,0.0,0.0,0.0,0.0,0.0,0.0,0.0,0.0,0.0,,2
00-0031302,2014,rookie,TE,8.942172799505364,2.9135683878248084,26.0536319871057,17.01605774767608,192.9663312215715,1.3415149261653343,0.30260560115483215,1.7399822066402848,0.0,0.0,0.6531165311653117,11.340248962655602,0.051490514905149054,0.0011219928315677145,6.048321791572028e-05,1.367336611756896e-11,0.010844331103332789,36.02774977365122,36.03859410475456,rookie,C.J. Fiedorowicz,TE,8.0,10.799999999999999,7.0,4.0,28.0,1.0,0.0,0.0,0.0,0.0,0.0,0.0,0.0,0.0,0.0,0.0,0.0,0.0,0.0,0.0,0.0,0.0,0.0,0.0,0.0,0.0,0.0,0.0,0.0,16,0.0,,,0.0,22.861054072553046,0.0,0.0,0.0,0.0,1.0,0.0,16.0,0.0,0.0,0.0,0.0,0.0,0.0,0.0,0.0,0.0,0.0,0.0,0.0,,2
00-0031384,2014,rookie,TE,7.255675349150314,2.358053985482041,17.109274174427696,11.174349799558469,126.71990872279376,0.8809653368946511,0.2935278924582734,1.6877853816350719,0.0,0.0,0.6531165311653117,11.340248962655602,0.051490514905149054,0.00042211964042258745,2.088066680247369e-05,1.3673517252136822e-11,0.003290018276916361,23.713736331590027,23.717026349866945,rookie,Richard Rodgers,TE,13.0,44.5,30.0,20.0,225.0,2.0,0.0,0.0,0.0,0.0,0.0,0.0,0.0,0.0,0.0,0.0,0.0,0.0,0.0,0.0,0.0,0.0,0.0,0.0,0.0,0.0,0.0,0.0,0.0,16,0.0,,,0.0,22.60917180013689,0.0,0.0,0.0,0.0,1.0,0.0,16.0,0.0,0.0,0.0,0.0,0.0,0.0,0.0,0.0,0.0,0.0,0.0,0.0,,2
00-0031387,2014,rookie,TE,16.0,3.9475426179826254,63.160681887722006,41.25128546054472,467.7998471521524,3.2521760321591278,0.2426784315871973,1.3954009816263844,0.0,0.0,0.6531165311653117,11.340248962655602,0.051490514905149054,0.004626697994066191,0.0002832260714200617,1.3673146704208873e-11,0.08082459405668124,87.058223736605,87.13904833066168,rookie,Eric Ebron,TE,12.0,43.3,47.0,25.0,248.0,1.0,0.0,0.0,0.0,0.0,0.0,0.0,0.0,0.0,0.0,0.0,0.0,0.0,0.0,0.0,0.0,0.0,0.0,0.0,0.0,0.0,0.0,0.0,0.0,16,0.0,,,0.0,21.39356605065024,0.0,0.0,0.0,0.0,1.0,0.0,16.0,0.0,0.0,0.0,0.0,0.0,0.0,0.0,0.0,0.0,0.0,0.0,0.0,,2
00-0031418,2014,rookie,TE,15.425439929726377,2.9132034182127904,44.937444330714946,29.349387760710847,332.8293641079782,2.313852147109984,0.47448881536149207,2.7283106883285795,0.0,0.0,0.6531165311653117,11.340248962655602,0.051490514905149054,0.0011213404913800993,6.044494605020002e-05,1.3673366207518512e-11,0.01869575563891833,62.11357424264601,62.132269998284926,rookie,Austin Seferian-Jenkins,TE,9.0,42.6,38.0,21.0,221.0,2.0,0.0,0.0,0.0,0.0,0.0,0.0,0.0,0.0,0.0,1.0,0.0,0.0,0.0,0.0,0.0,0.0,0.0,0.0,0.0,0.0,0.0,0.0,0.0,16,0.0,,,0.0,21.921971252566735,0.0,0.0,0.0,0.0,1.0,0.0,16.0,0.0,0.0,0.0,0.0,0.0,0.0,0.0,0.0,0.0,0.0,0.0,0.0,,2
00-0006101,2015,veteran,TE,0.0,7.441256790653443,0.0,0.0,0.0,0.0,0.0,0.0,0.0,0.0,0.659175899631213,10.564904106421285,0.061109030689450616,4.6688176832251093e-07,9.273724438503099e-07,1.3673524111605903e-11,0.0,0.0,0.0,veteran,,,0.0,0.0,0.0,0.0,0.0,0.0,0.0,0.0,0.0,0.0,0.0,0.0,0.0,0.0,0.0,0.0,0.0,0.0,0.0,0.0,0.0,0.0,0.0,0.0,0.0,0.0,0.0,0.0,0.0,16,0.0,11.381250000000001,1.0,0.0,39.50992470910335,0.44999999999999996,0.0,1.0,0.0,1.0,0.0,16.0,0.0,0.0,0.0,0.0,0.0,0.0,0.0,0.0,0.0,0.0,0.0,0.0,,3
00-0021547,2015,veteran,TE,9.848481192203888,6.296720185687573,62.01313032131464,40.849611769286255,459.74666260417683,4.592527502988756,0.04373845018139274,0.09330869372030451,0.002915896678759516,0.23143397416328745,0.6587252015440634,11.254615226229596,0.07405734042440767,0.06787742497696925,0.003927856231362853,1.3672758954201169e-11,0.7265146708606107,93.51859546411137,94.24511013497198,veteran,Antonio Gates,TE,11.0,121.0,85.0,56.0,630.0,5.0,0.0,0.0,0.0,0.0,0.0,0.0,0.0,0.0,0.0,0.0,0.0,0.0,0.0,0.0,0.0,0.0,0.0,0.0,0.0,0.0,0.0,0.0,0.0,16,188.6,10.478548895899051,0.9911277602523659,1.0,35.20328542094456,0.9906250000000001,1.0,1.0,0.0,0.0,0.0,0.0,16.0,98.0,69.0,821.0,12.0,0.0,0.0,0.0,0.0,0.0,0.0,0.0,,3
00-0022127,2015,veteran,TE,11.112442615682244,5.9547296060094554,66.17159103868421,43.954777017397326,474.66090675747216,3.681924472481208,0.04769896222977028,0.10175778609017659,0.0031799308153180185,0.17733490948093117,0.6642544984554046,10.798846882321826,0.055642072597721554,0.052721521841523546,0.003257428981143307,1.3672776154823968e-11,0.6401618753206673,91.20961156387219,91.84977343919286,veteran,Jason Witten,TE,16.0,125.8,104.0,77.0,713.0,3.0,0.0,0.0,0.0,0.0,0.0,0.0,0.0,0.0,0.0,1.0,0.0,0.0,0.0,0.0,0.0,0.0,0.0,0.0,0.0,0.0,0.0,0.0,0.0,16,132.3,9.484687500000001,1.0,1.0,33.322381930184804,1.0,1.0,1.0,0.0,0.0,0.0,0.0,16.0,90.0,64.0,703.0,5.0,0.0,0.0,0.0,0.0,0.0,0.0,0.0,,3
00-0022165,2015,veteran,TE,0.0,3.611814310691362,0.0,0.0,0.0,0.0,0.0,0.0,0.0,0.0,0.640541462269405,10.760984430769373,0.057804200155976614,4.6688176832251093e-07,9.273724438503099e-07,1.3673524111605903e-11,0.0,0.0,0.0,veteran,,,0.0,0.0,0.0,0.0,0.0,0.0,0.0,0.0,0.0,0.0,0.0,0.0,0.0,0.0,0.0,0.0,0.0,0.0,0.0,0.0,0.0,0.0,0.0,0.0,0.0,0.0,0.0,0.0,0.0,16,0.0,5.963157894736842,0.819078947368421,0.0,36.2217659137577,0.35624999999999996,0.0,1.0,0.0,1.0,0.0,16.0,0.0,0.0,0.0,0.0,0.0,0.0,0.0,0.0,0.0,0.0,0.0,0.0,,3
00-0022922,2015,veteran,TE,0.9452377232556812,2.204010230692906,2.083313612492391,1.3456658326926292,15.124141006230586,0.11671829282787013,0.0057644153531230275,0.012297419419995792,0.0003842943568748685,0.0178806566245967,0.6459257140276301,11.239150641112527,0.0560253108931752,0.0029861012023229285,0.00042396173953656235,1.3672963144776313e-11,0.003423692471883766,2.8533309687706496,2.856754661242533,veteran,,,0.0,0.0,0.0,0.0,0.0,0.0,0.0,0.0,0.0,0.0,0.0,0.0,0.0,0.0,0.0,0.0,0.0,0.0,0.0,0.0,0.0,0.0,0.0,0.0,0.0,0.0,0.0,0.0,0.0,16,0.0,5.372,0.7225,0.0,32.114989733059545,0.23437499999999997,0.0,0.75,0.0,1.0,0.0,16.0,0.0,0.0,0.0,0.0,0.0,0.0,0.0,0.0,0.0,0.0,0.0,0.0,,3
00-0022943,2015,veteran,TE,9.148285287672227,3.014639631356208,27.578783387169622,17.718859075347797,181.78996869677806,1.5927580166202526,0.05013541685139544,0.10695555594964361,0.0033423611234263627,0.14823378722534125,0.6424815346855032,10.25968816184683,0.05775301956797868,0.005618603463454525,0.000660462502685994,1.3672922527092291e-11,0.06046373674672503,36.329256654958066,36.38972039170479,veteran,Benjamin Watson,TE,16.0,155.5,110.0,74.0,825.0,6.0,0.0,0.0,0.0,0.0,0.0,0.0,0.0,0.0,0.0,1.0,2.0,0.0,0.0,2.0,2.0,0.0,0.0,0.0,0.0,0.0,0.0,0.0,0.0,16,35.6,3.144781144781145,0.9299242424242425,0.9375,34.70225872689939,0.928125,1.0,1.0,0.0,0.0625,0.0,1.0,15.0,31.0,20.0,136.0,2.0,0.0,0.0,0.0,0.0,0.0,0.0,0.0,,3
00-0023465,2015,veteran,TE,11.068607213625599,5.17587406486047,57.289717011132254,38.41728946122396,422.5498006890473,2.702073361965257,0.05556004542569867,0.11852809690815717,0.0037040030283799117,0.2968939928511173,0.6705791451851455,10.998948822652961,0.04716506736174318,0.03813423511779062,0.0025718271994087934,1.3672797859272303e-11,0.46479268785091166,77.11635381346711,77.58114650131803,veteran,Heath Miller,TE,15.0,98.7,81.0,60.0,535.0,2.0,1.0,2.0,0.0,0.0,0.0,0.0,0.0,0.0,0.0,0.0,1.0,0.0,0.0,1.0,1.0,0.0,0.0,0.0,0.0,0.0,0.0,0.0,0.0,16,128.1,8.079344262295082,0.9563524590163935,1.0,32.85968514715948,0.953125,1.0,1.0,0.0,0.0,0.0,0.0,16.0,91.0,66.0,761.0,3.0,0.0,0.0,0.0,0.0,0.0,0.0,0.0,,3
00-0023752,2015,veteran,TE,7.914301091848408,1.4781651413991366,11.698643992507442,7.632581353540341,85.57092705261314,0.8581782557127057,0.0538413303061676,0.11486150465315755,0.0035894220204111733,0.19965970613046974,0.6524329963736595,11.211269567788023,0.07335707080772248,0.0009698724255888496,0.00019299867544923016,1.367303523399795e-11,0.009967037054966241,17.156156186634565,17.16612322368953,veteran,Daniel Fells,TE,2.0,9.0,7.0,6.0,60.0,0.0,0.0,0.0,0.0,0.0,0.0,0.0,0.0,0.0,0.0,0.0,0.0,0.0,0.0,0.0,0.0,0.0,0.0,0.0,0.0,0.0,0.0,0.0,0.0,16,48.8,3.465243902439024,0.7644817073170731,0.8125,31.939767282683093,0.5125000000000001,1.0,0.8125,0.0,0.1875,0.0,3.0,13.0,20.0,16.0,188.0,4.0,0.0,0.0,0.0,0.0,0.0,0.0,0.0,,3
00-0024221,2015,veteran,TE,9.463714345310008,4.1818419190595835,39.57575735922291,24.926477421877795,295.3245371555226,2.867272959974179,0.08388109082823875,0.18064994569405063,0.005531229200675157,0.19120702780311744,0.6298420822531351,11.84782479117239,0.07245023598533805,0.021167339732244522,0.0016853428474510837,1.3672836645254199e-11,0.22424606185816728,58.86816850050345,59.09241456236162,veteran,Vernon Davis,TE,13.0,58.5,58.0,38.0,395.0,0.0,0.0,0.0,0.0,0.0,0.0,0.0,0.0,0.0,0.0,0.0,0.0,0.0,0.0,0.0,0.0,0.0,0.0,0.0,0.0,0.0,0.0,0.0,0.0,16,49.9,7.134519572953735,0.8845640569395017,0.8125,31.583846680355922,0.878125,1.0,1.0,0.0,0.1875,0.0,3.0,13.0,50.0,26.0,245.0,2.0,1.0,4.0,0.0,0.0,0.0,0.0,0.0,,3
00-0024243,2015,veteran,TE,4.836833441694983,3.0535547206605833,14.769535588936693,9.377605182797106,105.90060119607986,0.908039465866876,0.04937682236635932,0.10533722104823322,0.003291788157757288,0.10353375704683204,0.6349289133926134,11.292925979689448,0.06148056994744333,0.007466941143947347,0.0008065925008574964,1.3672904209404044e-11,0.041968381137431725,20.550316443165496,20.59228482430293,veteran,Marcedes Lewis,TE,15.0,30.6,37.0,16.0,226.0,0.0,0.0,0.0,0.0,0.0,0.0,0.0,0.0,0.0,0.0,0.0,0.0,0.0,0.0,0.0,0.0,0.0,0.0,0.0,0.0,0.0,0.0,0.0,0.0,16,41.6,6.191709844559586,0.6408678756476683,0.5,31.28542094455852,0.603125,1.0,0.9375,0.0,0.5,0.0,8.0,8.0,31.0,18.0,206.0,2.0,0.0,0.0,0.0,0.0,0.0,0.0,0.0,,3
00-0024268,2015,veteran,TE,9.752453332821261,2.9329619414525445,28.603574460956786,18.57382915350835,187.4031565258539,2.0062671188359977,0.06789141349590702,0.14483501545793498,0.004526094233060468,0.1624335173414711,0.649353428847195,10.08963499001798,0.07014043372706813,0.0050930675874503485,0.0006164619101580971,1.3672928844814011e-11,0.05868792824962133,39.78160597461676,39.84029390286638,veteran,Anthony Fasano,TE,14.0,53.9,42.0,26.0,289.0,2.0,0.0,0.0,0.0,0.0,0.0,0.0,0.0,0.0,0.0,0.0,0.0,0.0,0.0,0.0,0.0,0.0,0.0,0.0,0.0,0.0,0.0,0.0,0.0,16,59.1,4.70390625,0.8325195312500001,0.875,31.364818617385353,0.8,1.0,1.0,0.0,0.125,0.0,2.0,14.0,36.0,25.0,226.0,4.0,0.0,0.0,0.0,0.0,0.0,0.0,0.0,,3
00-0024313,2015,veteran,TE,9.59187783203173,4.660173783604319,44.6998176083697,28.304527417788268,309.3040253710952,2.5634726615148384,0.05792524712128283,0.12357386052540337,0.0038616831414188552,0.16150415014580496,0.633213487933527,10.927722650359811,0.05734861569177517,0.023304664224138506,0.001805055919858084,1.3672830350044574e-11,0.24950630621164993,60.17602139970213,60.42552770591378,veteran,Owen Daniels,TE,16.0,93.7,77.0,46.0,517.0,3.0,0.0,0.0,0.0,0.0,0.0,0.0,0.0,0.0,0.0,0.0,1.0,0.0,0.0,1.0,1.0,0.0,0.0,0.0,0.0,0.0,0.0,0.0,0.0,16,100.7,7.727916666666668,0.859375,0.9375,32.8104038329911,0.75,1.0,0.9375,0.0625,0.0,1.0,1.0,15.0,79.0,48.0,527.0,4.0,0.0,0.0,0.0,0.0,0.0,0.0,0.0,,3
00-0024389,2015,veteran,TE,11.389968262452088,5.269557313303591,60.02009055570019,38.24906393314625,453.8325368215979,3.238749863531111,0.05910268125579755,0.1260857200123681,0.003940178750386503,0.20536242885879444,0.6372710134059217,11.865193292437967,0.05396109591879852,0.0431633100597392,0.00281396935687883,1.3672789597040607e-11,0.5397052644938176,83.56580961670556,84.10551488119938,veteran,Delanie Walker,TE,15.0,198.4,133.0,94.0,1088.0,6.0,1.0,36.0,0.0,0.0,0.0,0.0,0.0,0.0,0.0,0.0,1.0,0.0,0.0,1.0,1.0,0.0,0.0,0.0,0.0,0.0,0.0,0.0,0.0,16,148.0,8.413531353135314,0.9474009900990099,0.9375,31.052703627652292,0.946875,1.0,1.0,0.0,0.0625,0.0,1.0,15.0,106.0,63.0,890.0,4.0,0.0,0.0,0.0,0.0,0.0,0.0,0.0,,3
00-0025418,2015,veteran,TE,12.645090610494956,6.47520392547956,81.87954035912166,53.67171662227535,611.1262508931718,4.407023275431685,0.054277688558843545,0.11579240225886622,0.0036185125705895695,0.20179325791304645,0.6554960663783957,11.386374227492778,0.05382325372251223,0.07483539738009688,0.004225842827409302,1.367275223029853e-11,1.0264546292769596,114.0203268528683,115.04678148214525,veteran,Greg Olsen,TE,16.0,191.9,124.0,77.0,1104.0,7.0,0.0,0.0,0.0,0.0,0.0,0.0,0.0,0.0,0.0,1.0,3.0,0.0,0.0,3.0,3.0,0.0,0.0,0.0,0.0,0.0,0.0,0.0,0.0,16,181.8,10.543125,1.0,1.0,30.47501711156742,1.0,1.0,1.0,0.0,0.0,0.0,0.0,16.0,123.0,84.0,1008.0,6.0,0.0,0.0,0.0,0.0,0.0,0.0,0.0,,3
00-0025425,2015,veteran,TE,2.871907313482792,2.7197747856792396,7.810941098018301,5.055357687386826,56.104549267680156,0.4749219236317807,0.02093445224711177,0.04466016479383844,0.0013956301498074513,0.05702308217132296,0.6472149288988251,11.09803751526062,0.06080213865039544,0.005345024964427134,0.0006377151673291196,1.367292573883448e-11,0.01809760464407824,10.886458945287696,10.904556549931774,veteran,,,0.0,0.0,0.0,0.0,0.0,0.0,0.0,0.0,0.0,0.0,0.0,0.0,0.0,0.0,0.0,0.0,0.0,0.0,0.0,0.0,0.0,0.0,0.0,0.0,0.0,0.0,0.0,0.0,0.0,16,10.600000000000001,5.355974842767296,0.7393867924528302,0.1875,29.72210814510609,0.49687499999999996,1.0,1.0,0.375,0.4375,6.0,13.0,3.0,7.0,6.0,76.0,0.0,0.0,0.0,0.0,0.0,0.0,0.0,0.0,,3
00-0025516,2015,veteran,TE,12.753745261917448,4.566284311748823,58.23722690553453,37.685032043009215,421.3001249172525,2.987916206678646,0.05664112474582685,0.12083439945776395,0.0037760749830551233,0.27576229742853836,0.6470952352202033,11.179508204648217,0.0513059492260043,0.02501047133697356,0.0018985290307493646,1.367282571796256e-11,0.35529721410680676,78.38324104828878,78.7385382623956,veteran,Scott Chandler,TE,12.0,61.4,42.0,23.0,259.0,4.0,0.0,0.0,0.0,0.0,0.0,0.0,0.0,0.0,0.0,0.0,0.0,0.0,0.0,0.0,0.0,0.0,0.0,0.0,0.0,0.0,0.0,0.0,0.0,16,92.2,6.195583596214511,0.9911277602523659,1.0,30.10814510609172,0.9906250000000001,1.0,1.0,0.0,0.0,0.0,0.0,16.0,70.0,47.0,497.0,3.0,0.0,0.0,0.0,0.0,0.0,0.0,0.0,,3
00-0025542,2015,veteran,TE,9.648142074317661,1.3822449579042038,13.336095735368993,8.621885434834711,89.0617436767137,0.716102354808907,0.07631667436566056,0.1628089053134092,0.005087778291044037,0.25035946800745795,0.6465074640974864,10.329729425176605,0.05369655175087819,0.0006219428957689951,0.00014146157925714703,1.3673063687943541e-11,0.008047855806426581,17.05981983820486,17.067867694011287,veteran,,,0.0,0.0,0.0,0.0,0.0,0.0,0.0,0.0,0.0,0.0,0.0,0.0,0.0,0.0,0.0,0.0,0.0,0.0,0.0,0.0,0.0,0.0,0.0,0.0,0.0,0.0,0.0,0.0,0.0,16,19.6,1.3190871369294608,0.7793049792531122,0.875,30.850102669404517,0.753125,1.0,0.875,0.0,0.125,0.0,2.0,14.0,22.0,16.0,116.0,0.0,0.0,0.0,0.0,0.0,0.0,0.0,0.0,,3
00-0025549,2015,veteran,TE,12.521904031350132,3.750272203580115,46.96054862467018,30.155453500703715,346.84616252651114,2.484071003212538,0.05561148617361853,0.1186378371703862,0.003707432411574569,0.35694743364009496,0.6421444038424605,11.501938198953534,0.052896975779954156,0.01491138054793018,0.0013140249627902132,1.3672859470402412e-11,0.21140001825682958,63.98698253318449,64.19838255144131,veteran,Brent Celek,TE,12.0,72.3,35.0,27.0,398.0,3.0,0.0,0.0,0.0,0.0,0.0,0.0,0.0,0.0,0.0,0.0,1.0,0.0,0.0,1.0,1.0,0.0,0.0,0.0,0.0,0.0,0.0,0.0,0.0,16,55.0,4.783596214511041,0.9911277602523659,1.0,30.598220396988363,0.9906250000000001,1.0,1.0,0.0,0.0,0.0,0.0,16.0,51.0,32.0,340.0,1.0,0.0,0.0,0.0,0.0,0.0,0.0,0.0,,3
00-0026178,2015,veteran,TE,11.509223385036414,3.0640733059930607,35.26510414680117,22.59742019322925,242.08298927258267,1.5741287426432238,0.06599837704750425,0.1407965377013424,0.00439989180316695,0.23253495567155766,0.6407869972299236,10.712859574347197,0.044637008190602775,0.006637561396524278,0.0007425040959100304,1.3672911796972191e-11,0.08921164541542093,44.52719057297825,44.61640221839367,veteran,,,0.0,0.0,0.0,0.0,0.0,0.0,0.0,0.0,0.0,0.0,0.0,0.0,0.0,0.0,0.0,0.0,0.0,0.0,0.0,0.0,0.0,0.0,0.0,0.0,0.0,0.0,0.0,0.0,0.0,16,59.5,3.579359430604982,0.9059163701067615,1.0,31.304585900068446,0.878125,1.0,1.0,0.0,0.0,0.0,0.0,16.0,55.0,33.0,350.0,1.0,0.0,0.0,0.0,0.0,0.0,0.0,0.0,,3
00-0026188,2015,veteran,TE,0.6686318567560958,1.1858385860665361,0.7928894556146914,0.5078976016375943,5.650521642482605,0.043887886819057774,0.01047780689799235,0.022317136726232294,0.0006964311663670555,0.012760078140156339,0.6405654634968556,11.125316647024617,0.05535183562888155,0.00048666671574685964,0.00011917294447065014,1.3673079391303774e-11,0.0004449251287604796,1.0632184303719172,1.0636633555006776,veteran,,,0.0,0.0,0.0,0.0,0.0,0.0,0.0,0.0,0.0,0.0,0.0,0.0,0.0,0.0,0.0,0.0,0.0,0.0,0.0,0.0,0.0,0.0,0.0,0.0,0.0,0.0,0.0,0.0,0.0,16,0.0,3.695238095238095,0.43749999999999994,0.0,29.626283367556468,0.19687500000000002,0.0,0.4375,0.0,1.0,0.0,16.0,0.0,0.0,0.0,0.0,0.0,0.0,0.0,0.0,0.0,0.0,0.0,0.0,,3
00-0026201,2015,veteran,TE,13.515528916552096,6.4198351916106855,86.76746817171299,57.35933991589496,613.7646127284734,4.644138896001647,0.05801395117183304,0.12376309583324382,0.0038675967447888695,0.2663525729064553,0.6610696511552084,10.700343023968305,0.05352396461322217,0.06277882006520524,0.003705962219045372,1.3672764299834775e-11,0.9236210176106276,117.42384135104385,118.34746236865448,veteran,Martellus Bennett,TE,11.0,88.4,80.0,53.0,439.0,3.0,0.0,0.0,0.0,0.0,0.0,0.0,0.0,0.0,0.0,0.0,0.0,0.0,0.0,0.0,0.0,0.0,0.0,0.0,0.0,0.0,0.0,0.0,0.0,16,178.6,9.8228125,1.0,1.0,28.479123887748116,1.0,1.0,1.0,0.0,0.0,0.0,0.0,16.0,128.0,90.0,916.0,6.0,0.0,0.0,0.0,0.0,0.0,0.0,0.0,,3
00-0026231,2015,veteran,TE,2.780521349548364,3.7950149903929127,10.552120202643573,6.891018115983212,76.26471592913386,0.601201305306262,0.016807640337046768,0.03585629938569977,0.0011205093558031179,0.05819581162098031,0.6530458318942233,11.067263885469032,0.05697445572650375,0.014486334474167162,0.0012873852278758443,1.3672861348496425e-11,0.04564896552495858,14.573105545573991,14.61875451109895,veteran,,,0.0,0.0,0.0,0.0,0.0,0.0,0.0,0.0,0.0,0.0,0.0,0.0,0.0,0.0,0.0,0.0,0.0,0.0,0.0,0.0,0.0,0.0,0.0,0.0,0.0,0.0,0.0,0.0,0.0,16,0.0,8.15,0.7321428571428572,0.0,28.435318275154003,0.26249999999999996,0.0,1.0,0.0,1.0,0.0,16.0,0.0,0.0,0.0,0.0,0.0,0.0,0.0,0.0,0.0,0.0,0.0,0.0,,3
00-0026267,2015,veteran,TE,9.549225367106436,2.48089782393898,23.69065243355726,15.133755100223727,156.89931184407484,1.3119189009631211,0.07066221871429734,0.150746066590501,0.004710814580953156,0.22636816256202122,0.6388070207297083,10.367506993803234,0.05537706927415888,0.00322539812519333,0.0004474890457843996,1.3672958196622978e-11,0.03720981447850597,30.7189253093188,30.756135123797304,veteran,Jacob Tamme,TE,15.0,102.2,81.0,59.0,657.0,1.0,0.0,0.0,0.0,0.0,0.0,0.0,0.0,0.0,0.0,0.0,1.0,0.0,0.0,1.0,1.0,0.0,0.0,0.0,0.0,0.0,0.0,0.0,0.0,16,27.9,3.053076923076923,0.8168269230769231,0.8125,30.46406570841889,0.8125,1.0,0.9375,0.0,0.1875,0.0,3.0,13.0,28.0,14.0,109.0,2.0,0.0,0.0,0.0,0.0,0.0,0.0,0.0,,3
00-0026281,2015,veteran,TE,7.223295749835766,1.5981096401445196,11.543618571427475,7.391426675255571,81.59184948741942,0.6288532871223013,0.06559725135481789,0.13994080289027816,0.0043731500903211925,0.1232135199540576,0.640304132497125,11.038714590860533,0.054476270437315545,0.0010978990959786795,0.0002104803098679741,1.3673027291777494e-11,0.010210992362800146,15.421823950026374,15.432034942389175,veteran,Gary Barnidge,TE,16.0,200.79999999999998,125.0,79.0,1043.0,9.0,0.0,0.0,0.0,0.0,0.0,0.0,0.0,0.0,0.0,0.0,3.0,0.0,0.0,3.0,3.0,0.0,0.0,0.0,0.0,0.0,0.0,0.0,0.0,16,22.1,2.175113122171946,0.7123868778280544,0.625,29.94113620807666,0.6906249999999999,1.0,0.875,0.125,0.25,2.0,6.0,10.0,25.0,13.0,156.0,0.0,0.0,0.0,0.0,0.0,0.0,0.0,0.0,,3
00-0026931,2015,veteran,TE,1.390641553669445,0.6733611460577349,0.9364039903343665,0.6033499899655153,6.29026110832591,0.05673953444148262,0.01844377750238623,0.03933205831854134,0.0012222516568844424,0.025444431090473292,0.6443265900117257,10.425559315390778,0.06059300796147008,9.238907253179375e-05,3.7314018063259725e-05,1.3673185740603949e-11,0.00020631575747640508,1.2315161660564584,1.2317224818139347,veteran,Bear Pascoe,TE,1.0,0.0,0.0,0.0,0.0,0.0,0.0,0.0,0.0,0.0,0.0,0.0,0.0,0.0,0.0,0.0,0.0,0.0,0.0,0.0,0.0,0.0,0.0,0.0,0.0,0.0,0.0,0.0,0.0,16,7.3,1.6578512396694216,0.5945247933884298,0.125,29.519507186858316,0.37812499999999993,1.0,0.75,0.0,0.875,0.0,14.0,2.0,2.0,2.0,3.0,1.0,0.0,0.0,0.0,0.0,0.0,0.0,0.0,,3
00-0026996,2015,veteran,TE,6.423312030612894,2.7287770765735915,17.527786624815832,11.251448473706098,116.00460273321148,0.8324866125334195,0.056629366319648926,0.12080931481525103,0.003775291087976595,0.16024380596896584,0.641920666570433,10.310192772451181,0.047495250276197755,0.004248340337416126,0.0005428095988571828,1.3672940503678502e-11,0.032518368915121415,21.93534925144617,21.96786762036129,veteran,Brandon Pettigrew,TE,8.0,16.2,15.0,7.0,67.0,1.0,0.0,0.0,0.0,0.0,0.0,0.0,0.0,0.0,0.0,0.0,0.0,0.0,0.0,0.0,0.0,0.0,0.0,0.0,0.0,0.0,0.0,0.0,0.0,16,12.0,3.8972972972972975,0.7246621621621623,0.5625,30.518822724161534,0.69375,1.0,0.875,0.0625,0.375,1.0,7.0,9.0,15.0,10.0,70.0,0.0,0.0,0.0,0.0,0.0,0.0,0.0,0.0,,3
00-0027061,2015,veteran,TE,13.369343370419731,5.3740735279108645,71.84783429252329,44.27539888035239,516.3098710788278,3.5793507837033984,0.09422403506635342,0.19882420851456048,0.006213256516080015,0.29015952453819494,0.6162384616923635,11.661326247428681,0.04981849235886957,0.03943237966296263,0.002635010860727669,1.3672795630847767e-11,0.5800275714652761,94.72163416115089,95.30166173261617,veteran,Jared Cook,TE,16.0,67.6,75.0,39.0,481.0,0.0,0.0,0.0,0.0,0.0,0.0,0.0,0.0,0.0,0.0,1.0,0.0,0.0,0.0,0.0,0.0,0.0,0.0,0.0,0.0,0.0,0.0,0.0,0.0,16,107.4,7.073633440514469,0.9764871382636656,1.0,28.40246406570842,0.971875,1.0,1.0,0.0,0.0,0.0,0.0,16.0,99.0,52.0,634.0,3.0,1.0,0.0,0.0,0.0,0.0,0.0,0.0,,3
00-0027135,2015,veteran,TE,8.646340835582421,3.6353851927075653,31.432779444779094,20.536716708087546,215.34221611633274,1.5194594672439246,0.060726028951849885,0.12954886176394642,0.004048401930123326,0.14371854639575446,0.6533535077343803,10.485717808608083,0.04833996528729829,0.010906031656290801,0.001053320270229365,1.367287974632468e-11,0.10795831619852882,40.669144974106224,40.77710329030475,veteran,Brandon Myers,TE,6.0,18.7,17.0,12.0,127.0,0.0,0.0,0.0,0.0,0.0,0.0,0.0,0.0,0.0,0.0,0.0,0.0,0.0,0.0,0.0,0.0,0.0,0.0,0.0,0.0,0.0,0.0,0.0,0.0,16,30.0,5.264478764478763,0.8322876447876448,0.6875,29.99041752224504,0.8093750000000001,1.0,1.0,0.0,0.3125,0.0,5.0,11.0,32.0,22.0,190.0,0.0,0.0,0.0,0.0,0.0,0.0,0.0,0.0,,3
00-0027215,2015,veteran,TE,12.339560051862694,2.657254963397064,32.78935719394828,21.208712186803208,217.845542651431,1.8828788970734474,0.06949816855663603,0.1482627595874902,0.004633211237109068,0.380108037761201,0.6468169553112668,10.271512043384794,0.05742347695126388,0.003975821909775174,0.0005181514122298076,1.3672944763474357e-11,0.05865053424936919,42.96859320884439,43.027243743093756,veteran,,,0.0,0.0,0.0,0.0,0.0,0.0,0.0,0.0,0.0,0.0,0.0,0.0,0.0,0.0,0.0,0.0,0.0,0.0,0.0,0.0,0.0,0.0,0.0,0.0,0.0,0.0,0.0,0.0,0.0,16,18.299999999999997,2.304081632653061,0.9209183673469388,0.9375,28.511978097193705,0.91875,1.0,0.9375,0.0,0.0625,0.0,1.0,15.0,16.0,13.0,78.0,1.0,0.0,0.0,0.0,0.0,0.0,0.0,0.0,,3
00-0027321,2015,veteran,TE,13.079904965898201,3.5617678313857355,46.58758474511875,29.146079347788252,334.0451237205525,2.942898418130206,0.0705489646501069,0.15050445792022807,0.004703264310007127,0.21208081213615887,0.6256190250524214,11.461065474176769,0.06316915620826535,0.011742220593909544,0.001109713136954031,1.3672874965028974e-11,0.17535954337078064,65.25405096211037,65.42941050548114,veteran,Jeff Cumberland,TE,9.0,10.2,14.0,5.0,77.0,0.0,0.0,0.0,0.0,0.0,0.0,0.0,0.0,0.0,0.0,0.0,0.0,0.0,0.0,0.0,0.0,0.0,0.0,0.0,0.0,0.0,0.0,0.0,0.0,16,54.2,4.264189189189189,0.9328547297297297,1.0,28.334017796030118,0.925,1.0,1.0,0.0,0.0,0.0,0.0,16.0,47.0,23.0,247.0,3.0,0.0,0.0,0.0,0.0,0.0,0.0,0.0,,3
00-0027656,2015,veteran,TE,12.233067873019206,7.928228015379147,96.98655142490546,61.93831213938562,784.3165411854845,7.327948628717218,0.08625545975244281,0.18401164747187798,0.005750363983496187,0.22990281878435112,0.6386278430297946,12.662865907945038,0.07555633766802283,0.16034653987040914,0.007675167435693016,1.3672697262612122e-11,2.1023663720394428,152.96159967162401,155.06396604366347,veteran,Rob Gronkowski,TE,15.0,224.6,120.0,72.0,1176.0,11.0,0.0,0.0,0.0,0.0,0.0,0.0,0.0,0.0,0.0,0.0,5.0,0.0,0.0,5.0,5.0,0.0,0.0,0.0,0.0,0.0,0.0,0.0,0.0,16,228.4,15.279583333333335,0.8156249999999999,0.9375,26.299794661190965,0.75,1.0,0.9375,0.0,0.0625,0.0,1.0,15.0,131.0,82.0,1124.0,12.0,0.0,0.0,0.0,0.0,0.0,0.0,0.0,,3
00-0027675,2015,veteran,TE,10.559251838552981,2.4219079799328953,25.57353628991256,16.32993790022585,179.23033287618458,1.3290027006132135,0.07813619787897724,0.16669055547515144,0.005209079858598482,0.17539615956952545,0.6385482912923218,10.97556732739968,0.05196788920965289,0.0035455244769106286,0.0004781706926192096,1.3672952120784155e-11,0.04501177328797776,33.75914965697072,33.804161430258695,veteran,Ed Dickson,TE,16.0,38.6,26.0,17.0,121.0,2.0,0.0,0.0,0.0,0.0,0.0,0.0,0.0,0.0,0.0,0.0,0.0,0.0,0.0,0.0,0.0,0.0,0.0,0.0,0.0,0.0,0.0,0.0,0.0,16,22.5,2.3896153846153845,0.816826923076923,0.8125,28.10403832991102,0.8125000000000001,1.0,0.875,0.0,0.1875,0.0,3.0,13.0,17.0,10.0,115.0,1.0,0.0,0.0,0.0,0.0,0.0,0.0,0.0,,3
00-0027696,2015,veteran,TE,12.495715761578593,7.692268132194768,96.1203961417549,62.17258837135562,705.9400471273043,7.299197880079497,0.06274050661868531,0.133846414119862,0.004182700441245688,0.37429422002783924,0.6468199348623754,11.354522396763322,0.07593807530001127,0.11499186396134438,0.005875126168188819,1.3672721903380033e-11,1.547026507288423,144.76537858288899,146.3124050901774,veteran,Jimmy Graham,TE,11.0,97.5,74.0,48.0,605.0,2.0,0.0,0.0,0.0,0.0,0.0,0.0,0.0,0.0,0.0,0.0,1.0,0.0,0.0,1.0,1.0,0.0,0.0,0.0,0.0,0.0,0.0,0.0,0.0,16,188.4,13.955882352941174,0.9571078431372549,0.9375,28.76933607118412,0.95625,1.0,1.0,0.0,0.0625,0.0,1.0,15.0,124.0,85.0,889.0,10.0,0.0,0.0,0.0,0.0,0.0,0.0,0.0,,3
00-0027714,2015,veteran,TE,1.4823480796932929,3.8579704627881513,5.71885510702746,3.715480523155211,38.28680862196309,0.3003959255460164,0.014996177905791379,0.03199184619902161,0.0009997451937194253,0.02743625601830018,0.6496895713601037,10.304672136849119,0.05252728385737261,0.012138482762721453,0.0011360378553291071,1.3672872815584624e-11,0.020519461954205176,7.443121820795631,7.463641282749836,veteran,,,0.0,0.0,0.0,0.0,0.0,0.0,0.0,0.0,0.0,0.0,0.0,0.0,0.0,0.0,0.0,0.0,0.0,0.0,0.0,0.0,0.0,0.0,0.0,0.0,0.0,0.0,0.0,0.0,0.0,16,20.5,8.039047619047619,0.5732142857142857,0.1875,30.17385352498289,0.328125,1.0,1.0,0.0,0.8125,0.0,13.0,3.0,21.0,16.0,125.0,0.0,0.0,0.0,0.0,0.0,0.0,0.0,0.0,,3
00-0027718,2015,veteran,TE,7.619494127549306,3.3611241589042096,25.610065790734726,16.27994487535842,176.78109464193201,1.437615511443547,0.06968441486072875,0.14866008503622133,0.0046456276573819165,0.1597728486856639,0.6356853984048811,10.85882636553092,0.05613478400214228,0.008853457681451224,0.000909326774925598,1.3672893221177195e-11,0.07785178405303837,34.16696904761029,34.244820831663326,veteran,Garrett Graham,TE,8.0,11.0,19.0,4.0,30.0,1.0,0.0,0.0,0.0,0.0,0.0,0.0,0.0,0.0,0.0,0.0,0.0,0.0,0.0,0.0,0.0,0.0,0.0,0.0,0.0,0.0,0.0,0.0,0.0,16,34.7,5.3776785714285715,0.7120535714285714,0.625,29.075975359342916,0.7,1.0,0.875,0.25,0.125,4.0,6.0,10.0,28.0,18.0,197.0,1.0,0.0,0.0,0.0,0.0,0.0,0.0,0.0,,3
00-0027725,2015,veteran,TE,8.075517895761925,2.856644428235262,23.06888320204245,15.119169884366862,164.66868022193103,1.2298878281734622,0.07159443998530034,0.15273480530197406,0.004772962665686689,0.18490832865810317,0.6553923634685642,10.891383685833013,0.05331371342955049,0.0060601073086340865,0.0006965019974356384,1.3672917658260323e-11,0.05737542675903212,31.079874532625418,31.13724995938445,veteran,Clay Harbor,TE,10.0,29.9,20.0,14.0,149.0,1.0,0.0,0.0,0.0,0.0,0.0,0.0,0.0,0.0,0.0,0.0,0.0,0.0,0.0,0.0,0.0,0.0,0.0,0.0,0.0,0.0,0.0,0.0,0.0,16,47.9,4.21762114537445,0.7265969162995596,0.625,28.16700889801506,0.709375,1.0,0.875,0.125,0.25,2.0,6.0,10.0,35.0,26.0,289.0,1.0,0.0,0.0,0.0,0.0,0.0,0.0,0.0,,3
00-0027732,2015,veteran,TE,5.104195566108219,1.0871411574119123,5.54898107539564,3.5658576291984008,40.26400143454702,0.30762267442169927,0.06434714606156894,0.13727391159801372,0.004289809737437929,0.09096699005785562,0.6426148477978286,11.291533656546546,0.055437686710756336,0.00040254737078241,0.00010436906742726076,1.3673091539837888e-11,0.0028537608414779757,7.512597274052817,7.515451034894295,veteran,Michael Hoomanawanui,TE,10.0,29.099999999999998,16.0,11.0,76.0,3.0,1.0,0.0,0.0,0.0,0.0,0.0,0.0,0.0,0.0,1.0,0.0,0.0,0.0,0.0,0.0,0.0,0.0,0.0,0.0,0.0,0.0,0.0,0.0,16,5.9,1.6373417721518988,0.5087025316455696,0.4375,27.159479808350444,0.49375,1.0,0.625,0.0,0.5625,0.0,9.0,7.0,6.0,3.0,44.0,0.0,0.0,0.0,0.0,0.0,0.0,0.0,0.0,,3
00-0027753,2015,veteran,TE,13.368324512126538,3.7144728454800657,49.65627838985957,31.810634636623618,343.5154134832949,2.8397457131937855,0.05857439754937546,0.12495871477200099,0.003904959836625031,0.22295995670528718,0.6406165678964726,10.798760144439408,0.05718804963389477,0.011956474823814232,0.0011239772071858483,1.3672873794106892e-11,0.1823765739062276,66.88533866289038,67.0677152367966,veteran,Andrew Quarless,TE,3.0,5.1,5.0,4.0,31.0,0.0,0.0,0.0,0.0,0.0,0.0,0.0,0.0,0.0,0.0,0.0,0.0,0.0,0.0,0.0,0.0,0.0,0.0,0.0,0.0,0.0,0.0,0.0,0.0,16,64.8,4.2047244094488185,0.9424212598425196,1.0,26.902121834360027,0.7937500000000001,1.0,1.0,0.0,0.0,0.0,0.0,16.0,46.0,29.0,323.0,3.0,0.0,0.0,0.0,0.0,0.0,0.0,0.0,,3
00-0027825,2015,veteran,TE,10.317720805130696,2.358471587170327,24.334051363256894,15.87024793451752,175.84684691417692,1.3570520634757333,0.06833716190227504,0.1457859453915201,0.004555810793485003,0.21380742622694365,0.6521827252522668,11.080283536825723,0.05576761728730501,0.0035879110629007203,0.0004821703165401508,1.3672951357610225e-11,0.04448141296267089,33.27641964637703,33.3209010593397,veteran,Jim Dray,TE,11.0,9.1,16.0,6.0,61.0,0.0,0.0,0.0,0.0,0.0,0.0,0.0,0.0,0.0,0.0,0.0,0.0,0.0,0.0,0.0,0.0,0.0,0.0,0.0,0.0,0.0,0.0,0.0,0.0,16,38.7,2.8933884297520667,0.8357438016528925,0.8125,28.66803559206023,0.75625,1.0,0.9375,0.0,0.1875,0.0,3.0,13.0,27.0,17.0,242.0,1.0,0.0,0.0,0.0,0.0,0.0,0.0,0.0,,3
00-0027873,2015,veteran,TE,12.883653808210198,5.220040106497698,67.25318959708903,45.23079386474108,436.39719752070874,3.9917471090013983,0.07060638512378993,0.15062695493075184,0.004707092341585995,0.37985860521820536,0.6725449623388395,9.648232105448297,0.05935401923560479,0.0269145445651918,0.0020009281400764503,1.3672820897886023e-11,0.3854265731136646,89.489187377556,89.87461395066966,veteran,Jermaine Gresham,TE,14.0,37.3,32.0,18.0,223.0,1.0,0.0,0.0,0.0,0.0,0.0,0.0,0.0,0.0,0.0,0.0,0.0,0.0,0.0,0.0,0.0,0.0,0.0,0.0,0.0,0.0,0.0,0.0,0.0,16,107.0,7.077104377104377,0.9299242424242425,0.9375,27.208761122518823,0.928125,1.0,1.0,0.0,0.0625,0.0,1.0,15.0,79.0,62.0,460.0,5.0,0.0,0.0,0.0,0.0,0.0,0.0,0.0,,3
00-0027981,2015,veteran,TE,7.690867765503398,4.324237997964757,33.2571426289121,21.467140629208654,224.1903308488228,2.095934592214201,0.0763219094089874,0.1628200734058398,0.005088127293932493,0.1335648649017584,0.6454896281602435,10.44341837234646,0.06302208868635936,0.01732730544085922,0.001461678572779111,1.3672849704792247e-11,0.15012438001681877,45.50789199407249,45.65801637408931,veteran,Kyle Rudolph,TE,16.0,105.0,73.0,49.0,495.0,5.0,0.0,0.0,0.0,0.0,0.0,0.0,0.0,0.0,0.0,0.0,1.0,0.0,0.0,1.0,1.0,0.0,0.0,0.0,0.0,0.0,0.0,0.0,0.0,16,47.1,6.663076923076924,0.6548076923076923,0.5625,25.809719370294317,0.609375,1.0,1.0,0.4375,0.0,7.0,7.0,9.0,34.0,24.0,231.0,2.0,0.0,0.0,0.0,0.0,0.0,0.0,0.0,,3
00-0027985,2015,veteran,TE,13.601623616150622,3.856181468895385,52.450328935489864,34.327170972377075,356.8901960838049,3.8356640508726576,0.06603629355452913,0.14087742624966212,0.004402419570301941,0.21878800871952872,0.6544700799607382,10.396726149410707,0.07312945654907616,0.012714711926443125,0.001173890524415327,1.3672869810512461e-11,0.19689095200270168,75.4695156424127,75.6664065944154,veteran,Lance Kendricks,TE,14.0,49.0,40.0,25.0,245.0,2.0,0.0,0.0,0.0,0.0,0.0,0.0,0.0,0.0,0.0,0.0,0.0,0.0,0.0,0.0,0.0,0.0,0.0,0.0,0.0,0.0,0.0,0.0,0.0,16,69.4,4.733441558441559,0.965909090909091,1.0,27.586584531143053,0.9625,1.0,1.0,0.0,0.0,0.0,0.0,16.0,38.0,27.0,259.0,5.0,0.0,0.0,0.0,0.0,0.0,0.0,0.0,,3
00-0028007,2015,veteran,TE,10.091273853449085,2.9917254786645975,30.1903210995455,19.443376037921933,216.2526253772859,1.3182748089501861,0.10643939178776797,0.22575819563821672,0.0070187531676734576,0.16819061670553592,0.6440268049422847,11.122174716752458,0.043665478237329254,0.00701087020108084,0.0007716223204404446,1.3672908271619312e-11,0.08242858964654409,38.984906515549454,39.067335105196,veteran,Rob Housler,TE,5.0,5.3,7.0,4.0,33.0,0.0,0.0,0.0,0.0,0.0,0.0,0.0,0.0,0.0,0.0,0.0,0.0,0.0,0.0,0.0,0.0,0.0,0.0,0.0,0.0,0.0,0.0,0.0,0.0,16,17.5,3.1784313725490194,0.8022058823529412,0.75,27.457905544147845,0.796875,1.0,0.9375,0.0,0.25,0.0,4.0,12.0,17.0,9.0,129.0,0.0,1.0,1.0,0.0,0.0,0.0,0.0,0.0,,3
00-0028040,2015,veteran,TE,8.857399694799337,5.007074520993334,44.34966033408389,28.00435674344837,338.32928932442195,2.4183536409359343,0.06914227803073461,0.14750352646556716,0.004609485202048974,0.14893433728130473,0.6314446724618153,12.08130907715187,0.054529248312582115,0.03819754980620346,0.0025749205630811426,1.3672797748907374e-11,0.3725416171521111,62.08976773907823,62.46230935623034,veteran,Jordan Cameron,TE,16.0,74.1,70.0,35.0,386.0,3.0,0.0,0.0,0.0,0.0,0.0,0.0,0.0,0.0,0.0,0.0,0.0,0.0,0.0,0.0,0.0,0.0,0.0,0.0,0.0,0.0,0.0,0.0,0.0,16,67.4,7.898347107438017,0.784607438016529,0.625,27.066392881587955,0.75625,1.0,0.9375,0.25,0.125,4.0,6.0,10.0,48.0,24.0,424.0,2.0,0.0,0.0,0.0,0.0,0.0,0.0,0.0,,3
00-0028067,2015,veteran,TE,9.91721773963131,5.807826257337687,57.59747758796583,38.01300245640528,428.0555076218614,5.88961671928946,0.06934787802362695,0.1479421397837375,0.004623191868241797,0.16974817777472595,0.6599768609371803,11.260765526552955,0.10225476819352956,0.05432132273325222,0.003329873192541987,1.3672774133855801e-11,0.5882510019653385,96.85278931576391,97.44104031772925,veteran,Julius Thomas,TE,12.0,99.5,80.0,46.0,455.0,5.0,0.0,0.0,0.0,0.0,0.0,0.0,0.0,0.0,0.0,0.0,1.0,0.0,0.0,1.0,1.0,0.0,0.0,0.0,0.0,0.0,0.0,0.0,0.0,16,143.4,12.450000000000003,0.798611111111111,0.75,27.17864476386037,0.675,1.0,0.875,0.0,0.25,0.0,4.0,12.0,62.0,43.0,489.0,12.0,0.0,0.0,0.0,0.0,0.0,0.0,0.0,,3
00-0028093,2015,veteran,TE,13.794250334010554,3.5444394430034256,48.89288497053019,32.07596698976293,376.4866581727651,2.354630948006682,0.08559576542380587,0.1818021059566445,0.005689316412350008,0.3202715873438784,0.6560457009050801,11.737343983828175,0.048158969335229805,0.0142772627216037,0.0012742021159489587,1.3672862292307572e-11,0.22330913088874083,67.22620793458009,67.44951706546883,veteran,,,0.0,0.0,0.0,0.0,0.0,0.0,0.0,0.0,0.0,0.0,0.0,0.0,0.0,0.0,0.0,0.0,0.0,0.0,0.0,0.0,0.0,0.0,0.0,0.0,0.0,0.0,0.0,0.0,0.0,16,74.2,3.1880546075085325,0.9251279863481228,1.0,26.06160164271047,0.915625,1.0,1.0,0.0,0.0,0.0,0.0,16.0,52.0,39.0,507.0,1.0,0.0,0.0,0.0,0.0,0.0,0.0,0.0,,3
00-0028112,2015,veteran,TE,12.340782394325199,5.617866255734106,69.32886498243708,45.37173452943693,487.7385533214501,3.6372456649532423,0.1927344742441504,0.4112408647499946,0.013440855849400123,0.20103312749404875,0.6544421943288823,10.749832651978691,0.05246365515827581,0.04216179803874124,0.0027662952674589792,1.3672791166193313e-11,0.5715169471883028,93.00289955316623,93.57441650035453,veteran,Charles Clay,TE,13.0,97.3,77.0,51.0,528.0,3.0,0.0,0.0,0.0,0.0,0.0,0.0,0.0,0.0,0.0,0.0,1.0,0.0,0.0,1.0,1.0,0.0,0.0,0.0,0.0,0.0,0.0,0.0,0.0,16,108.5,7.7837370242214545,0.9080882352941178,0.875,26.546201232032853,0.903125,1.0,1.0,0.125,0.0,2.0,2.0,14.0,84.0,58.0,605.0,3.0,0.0,0.0,0.0,0.0,0.0,0.0,0.0,,3
00-0028838,2015,veteran,TE,12.948601936804248,4.496983624321628,58.22965086766803,37.986145778372226,396.6750908867246,3.4981928215648055,0.06426677297393493,0.1371024490110612,0.004284451531595662,0.5951406562480023,0.6523505673200594,10.442625403511597,0.06007579934687835,0.020049653275954458,0.0016214655847879922,1.367284018950957e-11,0.2911085482128367,78.4988745488421,78.78998309705493,veteran,Larry Donnell,TE,8.0,48.8,41.0,29.0,223.0,2.0,0.0,0.0,0.0,0.0,0.0,0.0,0.0,0.0,0.0,0.0,0.0,0.0,0.0,0.0,0.0,0.0,0.0,0.0,0.0,0.0,0.0,0.0,0.0,16,121.8,6.104464285714285,0.8928571428571428,1.0,26.830937713894592,0.7000000000000001,1.0,1.0,0.0,0.0,0.0,0.0,16.0,92.0,63.0,623.0,6.0,0.0,0.0,0.0,0.0,0.0,0.0,0.0,,3
00-0028958,2015,veteran,TE,8.96537657578831,2.159301907974018,19.358954745805267,12.575074660016643,131.78977707168622,1.2221133019834425,0.09152306193018049,0.19524919878438504,0.0061015374620120326,0.1559152033867783,0.6495740511373133,10.48023814051151,0.0631290954512021,0.002335863897481465,0.00035697020744809805,1.3672978901430293e-11,0.025742458220040936,26.543498586954552,26.569241045174593,veteran,Cory Harkey,TE,9.0,5.1,6.0,5.0,26.0,0.0,0.0,0.0,0.0,0.0,0.0,0.0,0.0,0.0,0.0,0.0,0.0,0.0,0.0,0.0,0.0,0.0,0.0,0.0,0.0,0.0,0.0,0.0,0.0,16,17.5,1.9642487046632122,0.6408678756476685,0.6875,25.207392197125255,0.603125,1.0,0.6875,0.0,0.3125,0.0,5.0,11.0,11.0,8.0,55.0,1.0,0.0,0.0,0.0,0.0,0.0,0.0,0.0,,3
00-0029275,2015,veteran,TE,8.771633527634194,3.112910004825216,27.305305766832785,17.757511467725166,214.5203731343196,1.480312918853584,0.07565964585575546,0.16140724449227833,0.005043976390383698,0.15180705882411155,0.6503319032337981,12.080542564999444,0.054213380047612975,0.010337099258051107,0.0010142487910730072,1.367288321143602e-11,0.10401817472197833,38.95546102555936,39.05947920028134,veteran,Ladarius Green,TE,13.0,89.4,63.0,37.0,429.0,4.0,0.0,0.0,0.0,0.0,0.0,0.0,0.0,0.0,0.0,0.0,0.0,0.0,0.0,0.0,0.0,0.0,0.0,0.0,0.0,0.0,0.0,0.0,0.0,16,32.1,3.8025000000000007,0.7150000000000001,0.625,25.259411362080765,0.625,1.0,0.875,0.0,0.375,0.0,6.0,10.0,25.0,19.0,226.0,0.0,0.0,0.0,0.0,0.0,0.0,0.0,0.0,,3
00-0029391,2015,veteran,TE,3.4055971803547607,2.3790373952293034,8.10204304515145,5.229192619437299,57.88105074891087,0.46495504252131853,0.013870984196889442,0.029591432953364142,0.0009247322797926294,0.06428106311602551,0.6454165437403635,11.068831263503794,0.05738738240838699,0.0035589748589097783,0.0004794414034031063,1.3672951877628651e-11,0.01456961127494818,11.072377050479691,11.08694666175464,veteran,,,0.0,0.0,0.0,0.0,0.0,0.0,0.0,0.0,0.0,0.0,0.0,0.0,0.0,0.0,0.0,0.0,0.0,0.0,0.0,0.0,0.0,0.0,0.0,0.0,0.0,0.0,0.0,0.0,0.0,16,0.0,4.246153846153846,0.8125,0.0,27.745379876796715,0.24375,0.0,0.8125,0.0,1.0,0.0,16.0,0.0,0.0,0.0,0.0,0.0,0.0,0.0,0.0,0.0,0.0,0.0,0.0,,3
00-0029432,2015,veteran,TE,7.8930959843912625,2.999107606475938,23.672244205432516,15.320591931733174,169.4607255707558,1.2009954744155713,0.08520569416100525,0.18177214754347787,0.005680379610733683,0.1406707824256193,0.6471964296573651,11.060977691061392,0.05073433105847887,0.007049182929247521,0.000774584903692093,1.3672907920417588e-11,0.06481068717727943,31.58325929700311,31.64806998418039,veteran,,,0.0,0.0,0.0,0.0,0.0,0.0,0.0,0.0,0.0,0.0,0.0,0.0,0.0,0.0,0.0,0.0,0.0,0.0,0.0,0.0,0.0,0.0,0.0,0.0,0.0,0.0,0.0,0.0,0.0,16,43.3,3.7284810126582277,0.5870253164556962,0.625,25.11978097193703,0.49375,1.0,0.625,0.0,0.375,0.0,6.0,10.0,35.0,23.0,258.0,1.0,0.0,0.0,0.0,0.0,0.0,0.0,0.0,,3
00-0029534,2015,veteran,TE,5.496270409504435,2.297569127738384,12.628061210579395,8.02366137592187,92.7661346190812,0.7792203752617635,0.06315210161703969,0.13472448344968466,0.0042101401078026455,0.10298924342729253,0.6353834719457884,11.561571491222477,0.061705463908343826,0.003487607224668567,0.00047268262701183057,1.3672953178419325e-11,0.023065819843118146,17.796521203576837,17.819587023419956,veteran,Cooper Helfet,TE,7.0,19.5,22.0,13.0,130.0,0.0,0.0,0.0,0.0,0.0,0.0,0.0,0.0,0.0,0.0,0.0,0.0,0.0,0.0,0.0,0.0,0.0,0.0,0.0,0.0,0.0,0.0,0.0,0.0,16,36.5,4.5625,0.5,0.5,26.247775496235455,0.275,1.0,0.5,0.25,0.25,4.0,8.0,8.0,24.0,12.0,185.0,2.0,0.0,0.0,0.0,0.0,0.0,0.0,0.0,,3
00-0029587,2015,veteran,TE,11.194321308161928,2.310346212095431,25.86275783129108,16.807897698676637,184.08210796620907,1.4519743541620322,0.08740193782233421,0.18645746735431298,0.005826795854822281,0.18951711834022586,0.6498880671705064,10.952119727662472,0.05614151296754995,0.003233200265523631,0.00044824724643695573,1.3672958041520931e-11,0.043720218485196145,35.19857805611534,35.242298274600536,veteran,Rhett Ellison,TE,12.0,23.9,19.0,11.0,124.0,1.0,0.0,0.0,0.0,0.0,0.0,0.0,0.0,0.0,0.0,0.0,0.0,0.0,0.0,0.0,0.0,0.0,0.0,0.0,0.0,0.0,0.0,0.0,0.0,16,38.3,2.3228448275862066,0.7764008620689655,0.875,26.910335386721425,0.7250000000000001,1.0,0.875,0.0,0.125,0.0,2.0,14.0,26.0,19.0,208.0,1.0,0.0,0.0,0.0,0.0,0.0,0.0,0.0,,3
00-0029634,2015,veteran,TE,8.869607434124058,1.6239009429815845,14.403363876150529,9.359449003213257,99.81335467354512,0.7583842332176731,0.0905110306149168,0.19309019864515584,0.00603406870766112,0.15265596823792077,0.6498099391011624,10.664447729698352,0.05265327181474779,0.0010862832897276934,0.00020892042189081913,1.3673027973140401e-11,0.012414469775396985,18.96156686390182,18.973981333677216,veteran,James Hanna,TE,10.0,12.4,14.0,9.0,79.0,0.0,0.0,0.0,0.0,0.0,0.0,0.0,0.0,0.0,0.0,0.0,0.0,0.0,0.0,0.0,0.0,0.0,0.0,0.0,0.0,0.0,0.0,0.0,0.0,16,6.800000000000001,0.925,0.6532451923076924,0.6875,26.132785763175907,0.65,1.0,0.6875,0.0,0.3125,0.0,5.0,11.0,6.0,4.0,48.0,0.0,0.0,0.0,0.0,0.0,0.0,0.0,0.0,,3
00-0029689,2015,veteran,TE,10.083337888882104,4.583392716401462,46.215897436917125,29.503551881336218,343.946522046424,3.77014182096358,0.10346790654038288,0.22030084494640492,0.0068363334351095395,0.17658227783803787,0.6383853504436953,11.657800505843591,0.08157673073664046,0.027471774463005152,0.0020305375666857415,1.3672819549961126e-11,0.3077190791648202,71.47716260052123,71.78488167968605,veteran,Dwayne Allen,TE,13.0,25.0,29.0,16.0,109.0,1.0,1.0,1.0,0.0,0.0,0.0,0.0,0.0,0.0,0.0,0.0,0.0,0.0,0.0,0.0,0.0,0.0,0.0,0.0,0.0,0.0,0.0,0.0,0.0,16,102.0,7.936065573770491,0.7735655737704917,0.75,25.516769336071185,0.571875,1.0,0.9375,0.1875,0.0625,3.0,4.0,12.0,50.0,29.0,395.0,8.0,0.0,0.0,0.0,0.0,0.0,0.0,0.0,,3
00-0029697,2015,veteran,TE,13.845721727260521,5.743488849075468,79.52274834792273,49.414719678910856,606.1376160732174,5.095061604117493,0.0656616053831384,0.14007809148402858,0.004377440358875893,0.22271443259134643,0.6213909944700956,12.266337237402237,0.06407049190284411,0.05656229561535337,0.0034306103740165627,1.3672771395261876e-11,0.8543947206137792,115.4863346576011,116.34072937821489,veteran,Coby Fleener,TE,15.0,96.1,84.0,54.0,491.0,3.0,0.0,0.0,0.0,0.0,0.0,0.0,0.0,0.0,0.0,0.0,0.0,0.0,0.0,0.0,0.0,0.0,0.0,0.0,0.0,0.0,0.0,0.0,0.0,16,152.9,8.233766233766234,0.9707792207792207,1.0,26.94592744695414,0.9625000000000001,1.0,1.0,0.0,0.0,0.0,0.0,16.0,92.0,51.0,774.0,8.0,0.0,0.0,0.0,0.0,0.0,0.0,0.0,,3
00-0029883,2015,veteran,TE,5.404156118857147,2.605008016271611,14.077870010806144,8.98564505503024,99.81755927937431,1.0612855317710572,0.053793672082788103,0.11475983377661463,0.003586244805519207,0.09727116012824949,0.6382815758444195,11.108558002020745,0.07538679721835878,0.00453662610705527,0.0005683921153482741,1.3672936283928207e-11,0.029124155475295482,20.68074277803317,20.709866933508465,veteran,,,0.0,0.0,0.0,0.0,0.0,0.0,0.0,0.0,0.0,0.0,0.0,0.0,0.0,0.0,0.0,0.0,0.0,0.0,0.0,0.0,0.0,0.0,0.0,0.0,0.0,0.0,0.0,0.0,0.0,16,18.4,4.476388888888889,0.6119791666666666,0.375,25.623545516769337,0.45,1.0,0.8125,0.3125,0.3125,5.0,10.0,6.0,12.0,6.0,74.0,1.0,0.0,0.0,0.0,0.0,0.0,0.0,0.0,,3
00-0029910,2015,veteran,TE,11.308043936238949,4.5110189796537545,51.01080081913245,33.864615332131095,360.44101777319236,3.936031044116417,0.12873974703437985,0.2687880001996066,0.008439183679736471,0.19209839633267414,0.6638714701265699,10.643588129914537,0.07716073813607222,0.022525823770320065,0.0017617838214689563,1.367283257609903e-11,0.2846064984929698,76.2859128175163,76.57051931600928,veteran,Timothy Wright,TE,8.0,24.2,16.0,9.0,77.0,2.0,0.0,0.0,0.0,0.0,0.0,0.0,0.0,0.0,0.0,0.0,0.0,0.0,0.0,0.0,0.0,0.0,0.0,0.0,0.0,0.0,0.0,0.0,0.0,16,74.7,6.640969162995594,0.8356277533039647,0.8125,25.401779603011637,0.7093750000000001,1.0,0.875,0.0,0.1875,0.0,3.0,13.0,33.0,26.0,259.0,6.0,1.0,-2.0,0.0,0.0,0.0,0.0,0.0,,3
00-0030061,2015,veteran,TE,14.222249030312103,5.7517457200411775,81.80275998945743,52.86275152644952,611.1175893052788,4.257039293359988,0.053543730210860785,0.11422662444983633,0.0035695820140573854,0.3358648309581166,0.6462221022036709,11.560457442316642,0.05204028927518614,0.05362672555705561,0.0032984753776144275,1.367277500432253e-11,0.8330602533027403,112.44648094652565,113.2795411998284,veteran,Zach Ertz,TE,15.0,136.3,112.0,75.0,853.0,2.0,0.0,0.0,0.0,0.0,0.0,0.0,0.0,0.0,0.0,1.0,3.5,0.0,0.0,3.5,2.0,1.0,0.0,0.0,0.0,0.0,0.0,0.0,0.0,16,116.2,6.810526315789473,0.9788533834586466,1.0,24.80766598220397,0.83125,1.0,1.0,0.0,0.0,0.0,0.0,16.0,89.0,58.0,702.0,3.0,0.0,0.0,0.0,0.0,0.0,0.0,0.0,,3
00-0030089,2015,veteran,TE,11.09274578417785,3.6143108921848532,40.09263191199162,25.584312122315346,313.64584095969104,2.400464582529199,0.07504845936953801,0.16010337998834775,0.005003230624635867,0.1892178170961866,0.6381300229547449,12.259303258191586,0.05987296089212904,0.015841514460826253,0.0013715998677871985,1.367285553803882e-11,0.19854810603012493,58.227121739856244,58.42566984588637,veteran,Luke Willson,TE,13.0,35.8,26.0,17.0,213.0,1.0,0.0,0.0,0.0,0.0,0.0,0.0,0.0,0.0,0.0,0.0,0.0,0.0,0.0,0.0,0.0,0.0,0.0,0.0,0.0,0.0,0.0,0.0,0.0,16,66.2,4.467873303167421,0.8125,0.8125,25.626283367556468,0.690625,1.0,0.8125,0.0,0.1875,0.0,3.0,13.0,40.0,22.0,362.0,3.0,0.0,0.0,0.0,0.0,0.0,0.0,0.0,,3
00-0030108,2015,veteran,TE,8.181641153905788,2.3744641133444726,19.427013308211556,12.54272432522236,137.5567850823483,1.105827175410652,0.07947080962952918,0.16953772720966226,0.005298053975301946,0.1439815563138636,0.6456331771760668,10.967057994389084,0.056922140210983053,0.003448564688341629,0.00046896785041510773,1.3672953901303228e-11,0.03397030899699903,26.42278270725497,26.45675301625197,veteran,Ryan Griffin,TE,9.0,47.1,34.0,20.0,251.0,2.0,0.0,0.0,0.0,0.0,0.0,0.0,0.0,0.0,0.0,0.0,0.0,0.0,0.0,0.0,0.0,0.0,0.0,0.0,0.0,0.0,0.0,0.0,0.0,16,20.1,2.6164772727272725,0.6484374999999999,0.625,25.637234770704996,0.55,1.0,0.6875,0.0,0.375,0.0,6.0,10.0,16.0,10.0,91.0,1.0,0.0,0.0,0.0,0.0,0.0,0.0,0.0,,3
00-0030181,2015,veteran,TE,8.576376243684884,2.2311409647183917,19.135104366122988,12.56085512017474,125.26222903155697,1.168980549415133,0.08670293903934133,0.18496626995059484,0.005780195935956089,0.15295602845516396,0.6564299248042056,9.972428455954867,0.061090889657477374,0.002292795167842427,0.00035234931807252417,1.3672980095043152e-11,0.024196694725142173,25.567799505434333,25.591996200159475,veteran,Jack Doyle,TE,10.0,19.200000000000003,14.0,12.0,72.0,1.0,0.0,0.0,0.0,0.0,0.0,0.0,0.0,0.0,0.0,0.0,0.0,0.0,0.0,0.0,0.0,0.0,0.0,0.0,0.0,0.0,0.0,0.0,0.0,16,32.8,2.4662420382165604,0.6158439490445861,0.6875,25.32511978097194,0.49062500000000003,1.0,0.6875,0.0,0.3125,0.0,5.0,11.0,22.0,18.0,118.0,2.0,0.0,0.0,0.0,0.0,0.0,0.0,0.0,,3
00-0030216,2015,veteran,TE,11.420010997710547,2.7957342146797894,31.927315478318853,20.67247777455124,228.92844406564691,2.572616700859559,0.10338880444454915,0.2143142347929422,0.0068514780944035234,0.19901782286867678,0.6474856236688447,11.074068941434211,0.08057729446769701,0.005764613567045742,0.0006724698065470445,1.3672920876056558e-11,0.07735136952509691,48.32928814530602,48.40663951483112,veteran,Josh Hill,TE,14.0,32.0,30.0,16.0,120.0,2.0,0.0,0.0,0.0,0.0,0.0,0.0,0.0,0.0,0.0,0.0,0.0,0.0,0.0,0.0,0.0,0.0,0.0,0.0,0.0,0.0,0.0,0.0,0.0,16,54.6,3.558947368421053,0.7802631578947369,0.875,25.281314168377822,0.59375,1.0,0.875,0.0,0.125,0.0,2.0,14.0,20.0,14.0,176.0,5.0,0.0,0.0,0.0,0.0,0.0,0.0,0.0,,3
00-0030422,2015,veteran,TE,11.645682788041531,3.391622983580731,39.49776540341218,25.536067383072997,280.1517771595908,2.3312867838521556,0.08172578443978645,0.1743483401382111,0.005448385629319097,0.20210660603535277,0.6465192934906377,10.970826985884836,0.05902325764613401,0.00984776510182935,0.0009801511614073552,1.367288634619476e-11,0.13180574313063115,54.41684404632753,54.54864978945817,veteran,Dion Sims,TE,13.0,25.700000000000003,25.0,18.0,127.0,1.0,0.0,0.0,0.0,0.0,0.0,0.0,0.0,0.0,0.0,1.0,0.0,0.0,0.0,0.0,0.0,0.0,0.0,0.0,0.0,0.0,0.0,0.0,0.0,16,52.4,3.3142857142857145,0.78125,0.875,24.53388090349076,0.6125,1.0,0.875,0.125,0.0,2.0,2.0,14.0,36.0,24.0,284.0,2.0,0.0,0.0,0.0,0.0,0.0,0.0,0.0,,3
00-0030443,2015,veteran,TE,12.89394493510295,4.035671145970169,52.03572153232317,33.293266943171766,325.16048891585365,2.932480077135147,0.07577813459543137,0.16166002047025357,0.005051875639695424,0.3125731493241126,0.6398156105607355,9.766553984349738,0.05635513433427786,0.011313577803829753,0.001080952804990029,1.3672877372355343e-11,0.1667832684916582,66.17889378321911,66.34567705171077,veteran,Levine Toilolo,TE,11.0,9.9,12.0,7.0,44.0,0.0,0.0,0.0,0.0,0.0,0.0,0.0,0.0,0.0,0.0,0.0,0.0,0.0,0.0,0.0,0.0,0.0,0.0,0.0,0.0,0.0,0.0,0.0,0.0,16,49.3,3.0235555555555558,0.8541666666666666,0.9375,24.09034907597536,0.703125,1.0,0.9375,0.0,0.0625,0.0,1.0,15.0,53.0,31.0,238.0,2.0,0.0,0.0,0.0,0.0,0.0,0.0,0.0,,3
00-0030470,2015,veteran,TE,3.3260874180111237,1.523664378166003,5.0678409174896855,3.190277834567101,35.99359898947779,0.2650527672588457,0.04180802683774905,0.08919045725386464,0.00278720178918327,0.08736388942753741,0.6295142026966741,11.282277236008154,0.05230092490553896,0.0009722635960011093,0.00019333129337014576,1.3673035076275792e-11,0.004198388978184348,6.6357298973898144,6.639928286367999,veteran,Vance McDonald,TE,14.0,65.6,46.0,30.0,326.0,3.0,0.0,0.0,0.0,0.0,0.0,0.0,0.0,0.0,0.0,0.0,0.0,0.0,0.0,0.0,0.0,0.0,0.0,0.0,0.0,0.0,0.0,0.0,0.0,16,2.0,1.1288461538461536,0.4663461538461538,0.25,25.218343600273784,0.325,1.0,0.625,0.0625,0.6875,1.0,12.0,4.0,8.0,2.0,30.0,0.0,0.0,0.0,0.0,0.0,0.0,0.0,0.0,,3
00-0030472,2015,veteran,TE,8.900534436000417,5.166278347598264,45.98263833876168,30.861623124232604,320.8074254739483,1.9661161750913465,0.10672708661908868,0.2377842711818265,0.007072702890595673,0.22291323092454232,0.671158164019862,10.395027642666328,0.042757793944023924,0.032267424370775524,0.0022794462549194042,1.3672808937937853e-11,0.31762975684690076,58.92863934267188,59.24626909951878,veteran,Jordan Reed,TE,14.0,202.7,114.0,87.0,952.0,11.0,0.0,0.0,0.0,0.0,0.0,0.0,0.0,0.0,0.0,2.0,2.0,0.0,0.0,2.0,2.0,0.0,0.0,0.0,0.0,0.0,0.0,0.0,0.0,16,70.5,7.626857142857143,0.6489285714285715,0.6875,25.163586584531142,0.546875,1.0,0.6875,0.25,0.0625,4.0,5.0,11.0,65.0,50.0,465.0,0.0,0.0,0.0,0.0,0.0,0.0,0.0,0.0,,3
00-0030506,2015,veteran,TE,13.458037580812864,5.739161508447403,77.23785126303979,51.783472002113484,608.8025791673548,4.484616425188635,0.021277364541882712,0.04539171102268312,0.0014184909694588475,0.5368278334240714,0.6704416442886358,11.756696792028684,0.05806241825547307,0.062095718100246944,0.0036759777903592012,1.3672765046535178e-11,0.9098936790420334,112.61908691899492,113.52898059803695,veteran,Travis Kelce,TE,16.0,154.5,103.0,72.0,875.0,5.0,0.0,0.0,0.0,0.0,0.0,0.0,0.0,0.0,0.0,2.0,1.0,0.0,0.0,1.0,1.0,0.0,0.0,0.0,0.0,0.0,0.0,0.0,0.0,16,150.7,9.41875,1.0,1.0,25.905544147843944,0.55,1.0,1.0,0.0,0.0,0.0,0.0,16.0,87.0,67.0,862.0,5.0,0.0,0.0,0.0,0.0,0.0,0.0,0.0,,3
00-0030514,2015,veteran,TE,14.325349517032691,5.766488013454043,82.60695627850868,52.215654800780605,534.6912319762639,4.401997007878526,0.04854287856515568,0.10355814093899877,0.0032361919043437117,0.33701937671089316,0.6320975515032409,10.240056052467056,0.05328845421972974,0.035719310500979116,0.0024529004855217374,1.3672802205917655e-11,0.5643995930040744,105.34466685738603,105.9090664503901,veteran,Mychal Rivera,TE,15.0,50.0,46.0,32.0,280.0,1.0,0.0,0.0,0.0,0.0,0.0,0.0,0.0,0.0,0.0,0.0,0.0,0.0,0.0,0.0,0.0,0.0,0.0,0.0,0.0,0.0,0.0,0.0,0.0,16,105.4,6.108823529411765,1.0,1.0,24.980150581793293,0.8500000000000001,1.0,1.0,0.0,0.0,0.0,0.0,16.0,99.0,58.0,534.0,4.0,0.0,0.0,0.0,0.0,0.0,0.0,0.0,,3
00-0030544,2015,veteran,TE,9.945898750436317,2.7481227371486407,27.3325504974523,17.65151804446376,198.50043181955985,2.1865857453391473,0.08763792625095487,0.1869609093353704,0.005842528416730325,0.17381154756670686,0.6458057416233103,11.245516182774871,0.07999933067142642,0.005690586252816022,0.0006663933479075302,1.3672921707869993e-11,0.06653981612249081,41.50144484252326,41.567984658645756,veteran,Gavin Escobar,TE,8.0,14.4,13.0,8.0,64.0,1.0,0.0,0.0,0.0,0.0,0.0,0.0,0.0,0.0,0.0,1.0,0.0,0.0,0.0,0.0,0.0,0.0,0.0,0.0,0.0,0.0,0.0,0.0,0.0,16,39.0,3.270967741935484,0.6955645161290323,0.75,24.57494866529774,0.58125,1.0,0.75,0.0,0.25,0.0,4.0,12.0,13.0,9.0,105.0,4.0,0.0,0.0,0.0,0.0,0.0,0.0,0.0,,3
00-0030549,2015,veteran,TE,3.4598940622413252,3.8018049848844835,13.153842493001296,8.541723666508751,94.66969455443306,0.702729182299355,0.013213260682101428,0.028188289455149715,0.0008808840454734286,0.06422326201035129,0.6493709857825579,11.0832073537597,0.05342387083266756,0.014383730739985846,0.001280922167889019,1.3672861809990407e-11,0.0564139671790771,17.833863991691466,17.89027795887054,veteran,Tyler Eifert,TE,13.0,166.5,74.0,52.0,615.0,13.0,0.0,0.0,0.0,0.0,0.0,0.0,0.0,0.0,0.0,0.0,1.0,0.0,0.0,1.0,1.0,0.0,0.0,0.0,0.0,0.0,0.0,0.0,0.0,16,5.2,5.08118811881188,0.8422029702970297,0.0625,24.980150581793293,0.315625,1.0,0.9375,0.0,0.9375,0.0,15.0,1.0,3.0,3.0,37.0,0.0,0.0,0.0,0.0,0.0,0.0,0.0,0.0,,3
00-0030780,2015,veteran,TE,5.932616740824227,1.8300570248834729,10.857026942486671,7.01414609521907,75.1353145980536,0.5788683905374501,0.11808549535008467,0.24917480060683878,0.007786712518963712,0.1111655111846411,0.6460466693483736,10.71196886664034,0.05331739467940081,0.0015214149676268912,0.00026443471980993537,1.3673006388540676e-11,0.011379156837316638,14.343121583444779,14.354500740282095,veteran,Ryan Hewitt,TE,9.0,13.9,12.0,8.0,99.0,0.0,0.0,0.0,0.0,0.0,0.0,0.0,0.0,0.0,0.0,0.0,0.0,0.0,0.0,0.0,0.0,0.0,0.0,0.0,0.0,0.0,0.0,0.0,0.0,16,13.6,1.7,0.5,0.5,24.602327173169062,0.275,1.0,0.5,0.0,0.5,0.0,8.0,8.0,15.0,10.0,86.0,0.0,1.0,0.0,0.0,0.0,0.0,0.0,0.0,,3
00-0030992,2015,veteran,TE,7.0882454058904685,2.419266358566183,17.14835365173211,11.078636761509548,123.0405148190419,1.0140688256969013,0.07266422416646094,0.15501701155511668,0.004844281611097396,0.13176395131953428,0.6460466693483736,11.106106055080797,0.05913505437849849,0.0037846677037642073,0.0005005570156456028,1.367294792872048e-11,0.032148760107667367,23.708822305023396,23.740971065131063,veteran,Crockett Gillmore,TE,10.0,82.7,47.0,33.0,412.0,4.0,0.0,0.0,0.0,0.0,0.0,0.0,0.0,0.0,0.0,0.0,1.0,0.0,0.0,1.0,1.0,0.0,0.0,0.0,0.0,0.0,0.0,0.0,0.0,16,23.1,2.566666666666667,0.5625,0.5625,23.79192334017796,0.309375,1.0,0.5625,0.0,0.4375,0.0,7.0,9.0,15.0,10.0,121.0,1.0,0.0,0.0,0.0,0.0,0.0,0.0,0.0,,3
00-0031042,2015,veteran,TE,12.113730933563259,4.812114378933387,58.292658807929925,38.173730185478554,394.3924647458129,3.1038289179781824,0.04916066338010263,0.10487608187755228,0.0032773775586735087,0.2165011741057998,0.654863424762597,10.33151496669407,0.05324562271563342,0.023969534401617764,0.0018416951644426003,1.3672828506462664e-11,0.32382519020079703,76.74623460051785,77.07005979071864,veteran,,,0.0,0.0,0.0,0.0,0.0,0.0,0.0,0.0,0.0,0.0,0.0,0.0,0.0,0.0,0.0,0.0,0.0,0.0,0.0,0.0,0.0,0.0,0.0,0.0,0.0,0.0,0.0,0.0,0.0,16,65.5,4.678571428571429,0.875,0.875,23.1813826146475,0.48125000000000007,1.0,0.875,0.125,0.0,2.0,2.0,14.0,53.0,38.0,345.0,2.0,0.0,0.0,0.0,0.0,0.0,0.0,0.0,,3
00-0031299,2015,veteran,TE,14.088407235831355,7.432127971294548,104.70684548841072,67.67748697024724,800.1759228126266,6.893914177896046,0.02227398866820345,0.04751784249216736,0.00148493257788023,0.24792957325317735,0.6463520761661948,11.823369315772679,0.06584014775480067,0.11665293053075593,0.005941695208437173,1.3672720865466386e-11,1.769017523607164,154.7376230669727,156.50664059057988,veteran,Jordan Matthews,TE,16.0,193.7,128.0,85.0,997.0,8.0,0.0,0.0,0.0,0.0,0.0,0.0,0.0,0.0,0.0,1.0,5.5,0.0,0.0,5.5,4.0,1.0,0.0,0.0,0.0,0.0,0.0,0.0,0.0,16,171.7,10.73125,1.0,1.0,23.12662559890486,0.55,1.0,1.0,0.0,0.0,0.0,0.0,16.0,103.0,67.0,872.0,8.0,0.0,0.0,0.0,0.0,0.0,0.0,0.0,,3
00-0031384,2015,veteran,TE,11.054345594789531,3.596052629789106,39.75200854674051,25.715163375003296,283.3009966078571,2.374216811017442,0.05855355892267781,0.124914259035046,0.0039035705948451873,0.1991119716639247,0.6468896620599017,11.016884959138268,0.05972570689669258,0.011863336162415071,0.0011177854062050304,1.3672874300551356e-11,0.14967599742029364,55.07067112053674,55.22034711795703,veteran,Richard Rodgers,TE,16.0,132.1,85.0,58.0,510.0,8.0,1.0,11.0,0.0,0.0,0.0,0.0,0.0,0.0,0.0,0.0,1.0,0.0,0.0,1.0,1.0,0.0,0.0,0.0,0.0,0.0,0.0,0.0,0.0,16,44.5,3.423076923076923,0.8125,0.8125,23.60848733744011,0.446875,1.0,0.8125,0.0,0.1875,0.0,3.0,13.0,30.0,20.0,225.0,2.0,0.0,0.0,0.0,0.0,0.0,0.0,0.0,,3
00-0031387,2015,veteran,TE,10.26968418591408,4.65781625194446,47.83430190348762,30.195872252560193,323.1766258055841,2.388673661327195,0.06711755762159852,0.14318412292607682,0.004474503841439901,0.1864316967210023,0.6312598083585411,10.702675620777379,0.04993641730460868,0.021695079009403005,0.001715188957478487,1.367283503495667e-11,0.24922328346456088,61.41594271670092,61.66516600016548,veteran,Eric Ebron,TE,14.0,107.2,70.0,47.0,537.0,5.0,0.0,0.0,0.0,0.0,0.0,0.0,0.0,0.0,0.0,0.0,0.0,0.0,0.0,0.0,0.0,0.0,0.0,0.0,0.0,0.0,0.0,0.0,0.0,16,43.3,3.6083333333333325,0.75,0.75,22.392881587953458,0.41250000000000003,1.0,0.75,0.1875,0.0625,3.0,4.0,12.0,47.0,25.0,248.0,1.0,0.0,0.0,0.0,0.0,0.0,0.0,0.0,,3
00-0031418,2015,veteran,TE,7.243156285073734,4.238591204555789,30.700778523136513,19.516887258959947,212.06819335340012,1.7587700193625972,0.07425227285922235,0.15840484876634103,0.004950151523948157,0.1909015022515657,0.635713105589546,10.865881968757204,0.057287472955683025,0.017552308455598364,0.0014751314838609634,1.3672848864564293e-11,0.14316102532374583,41.18162147051276,41.3247824958365,veteran,Austin Seferian-Jenkins,TE,7.0,69.3,39.0,21.0,338.0,4.0,0.0,0.0,0.0,0.0,0.0,0.0,0.0,0.0,0.0,0.0,1.0,0.0,0.0,1.0,1.0,0.0,0.0,0.0,0.0,0.0,0.0,0.0,0.0,16,42.6,4.733333333333333,0.5625,0.5625,22.921286789869953,0.309375,1.0,0.5625,0.125,0.3125,2.0,7.0,9.0,38.0,21.0,221.0,2.0,0.0,0.0,0.0,0.0,0.0,0.0,0.0,,3
00-0031558,2015,rookie,TE,11.079416287655762,2.3837247587468986,26.41027891734869,17.011603146050227,186.04678689285316,1.3158146079817854,0.2022174916755034,1.1627505771341446,0.0,0.05770529316487376,0.6441281138790036,10.93646408839779,0.0498220640569395,0.0034361934737905412,0.00046778817448755235,1.3672954132062295e-11,0.04584524812341328,35.006232381584816,35.05207762970823,rookie,Maxx Williams,TE,14.0,48.8,48.0,32.0,268.0,1.0,0.0,0.0,0.0,0.0,0.0,0.0,0.0,0.0,0.0,0.0,0.0,0.0,0.0,0.0,0.0,0.0,0.0,0.0,0.0,0.0,0.0,0.0,0.0,16,0.0,,,0.0,21.388090349075977,0.0,0.0,0.0,0.0,1.0,0.0,16.0,0.0,0.0,0.0,0.0,0.0,0.0,0.0,0.0,0.0,0.0,0.0,0.0,,3
00-0032062,2015,rookie,TE,4.904798063781107,2.665180281414293,13.07217108390841,8.420152904581574,92.08669985977473,0.6512825451057571,0.16162057940974323,0.9293183316060235,0.0,0.02554582324885993,0.6441281138790036,10.93646408839779,0.0498220640569395,0.0047585567242300125,0.0005877610811155769,1.3672933213485538e-11,0.027664034060454243,17.368281895565683,17.395945929626137,rookie,Blake Bell,TE,9.0,26.099999999999998,25.0,15.0,186.0,0.0,0.0,0.0,0.0,0.0,0.0,0.0,0.0,0.0,0.0,0.0,0.0,0.0,0.0,0.0,0.0,0.0,0.0,0.0,0.0,0.0,0.0,0.0,0.0,16,0.0,,,0.0,24.0684462696783,0.0,0.0,0.0,0.0,1.0,0.0,16.0,0.0,0.0,0.0,0.0,0.0,0.0,0.0,0.0,0.0,0.0,0.0,0.0,,3
00-0032214,2015,rookie,TE,7.603085598105536,2.5222355067808784,19.176772456636115,12.352298272779848,135.09046646943486,0.9554263857398776,0.20221190652114754,1.1627184624965983,0.0,0.03959940415679966,0.6441281138790036,10.93646408839779,0.0498220640569395,0.00405091551715371,0.0005249945219392516,1.3672943561321367e-11,0.036786825068787665,25.454827135708737,25.491613960777524,rookie,Tyler Kroft,TE,12.0,24.4,15.0,11.0,129.0,1.0,0.0,0.0,0.0,0.0,0.0,0.0,0.0,0.0,0.0,0.0,0.0,0.0,0.0,0.0,0.0,0.0,0.0,0.0,0.0,0.0,0.0,0.0,0.0,16,0.0,,,0.0,22.87748117727584,0.0,0.0,0.0,0.0,1.0,0.0,16.0,0.0,0.0,0.0,0.0,0.0,0.0,0.0,0.0,0.0,0.0,0.0,0.0,,3
00-0032227,2015,rookie,TE,7.541661647641395,2.3868408777863355,18.000746307023928,11.594786767157762,126.80596909165077,0.8968343355812632,0.20524967649926698,1.180185639870785,0.0,0.039279487748132266,0.6441281138790036,10.93646408839779,0.0498220640569395,0.0034492826448225353,0.0004690362737454166,1.3672953887936592e-11,0.031319292156154435,23.89845589472235,23.929775186878505,rookie,,,0.0,0.0,0.0,0.0,0.0,0.0,0.0,0.0,0.0,0.0,0.0,0.0,0.0,0.0,0.0,0.0,0.0,0.0,0.0,0.0,0.0,0.0,0.0,0.0,0.0,0.0,0.0,0.0,0.0,16,0.0,,,0.0,22.767967145790553,0.0,0.0,0.0,0.0,1.0,0.0,16.0,0.0,0.0,0.0,0.0,0.0,0.0,0.0,0.0,0.0,0.0,0.0,0.0,,3
00-0032256,2015,rookie,TE,6.760798143062682,3.189806860090677,21.565640296429653,13.891035208732267,151.91880771096973,1.074444712277634,0.1788024413628955,1.0281140378366491,0.0,0.035212490328451466,0.6441281138790036,10.93646408839779,0.0498220640569395,0.008058770348703725,0.0008510645252869988,1.3672899290440214e-11,0.06311453298704447,28.616453072255673,28.679567605242717,rookie,Clive Walford,TE,15.0,64.9,50.0,28.0,329.0,3.0,0.0,0.0,0.0,0.0,0.0,0.0,0.0,0.0,0.0,0.0,0.0,0.0,0.0,0.0,0.0,0.0,0.0,0.0,0.0,0.0,0.0,0.0,0.0,16,0.0,,,0.0,23.863107460643395,0.0,0.0,0.0,0.0,1.0,0.0,16.0,0.0,0.0,0.0,0.0,0.0,0.0,0.0,0.0,0.0,0.0,0.0,0.0,,3
00-0021547,2016,veteran,TE,6.283976793281925,7.164978060694243,45.024555857776754,29.69006996101446,331.16389107461,2.8434280598624504,0.03947177873683277,0.15829572426932806,0.002291652218427195,0.12300903861947184,0.6594194966586508,11.154028653669588,0.06315282862188026,0.09619781423881632,0.007247044046101299,1.366817775477104e-11,0.672815217321337,64.80555385564149,65.47836907296283,veteran,Antonio Gates,TE,13.0,121.3,93.0,53.0,548.0,7.0,0.0,0.0,0.0,0.0,0.0,0.0,0.0,0.0,0.0,1.0,0.0,0.0,0.0,0.0,0.0,0.0,0.0,0.0,0.0,0.0,0.0,0.0,0.0,16,121.0,10.964905660377356,0.857311320754717,0.6875,36.205338809034906,0.8281250000000001,1.0,1.0,0.0,0.3125,0.0,5.0,11.0,85.0,56.0,630.0,5.0,0.0,0.0,0.0,0.0,0.0,0.0,0.0,,4
00-0022127,2016,veteran,TE,10.74023500731687,6.333274085384656,68.02085204278102,46.260020284138434,474.37900891058416,3.4580371385268927,0.048437454745458734,0.19425124040686773,0.002812181365386935,0.23933628035232168,0.6800858691838154,10.254621722966224,0.050837898007393315,0.06542250367924328,0.004216207970343134,1.3668228931192306e-11,0.770577661237537,90.87375951581737,91.64433717705491,veteran,Jason Witten,TE,15.0,118.8,95.0,69.0,673.0,3.0,0.0,0.0,0.0,0.0,0.0,0.0,0.0,0.0,0.0,1.0,1.0,0.0,0.0,1.0,1.0,0.0,0.0,0.0,0.0,0.0,0.0,0.0,0.0,16,125.8,8.423124999999999,1.0,1.0,34.32443531827516,1.0,1.0,1.0,0.0,0.0,0.0,0.0,16.0,104.0,77.0,713.0,3.0,0.0,0.0,0.0,0.0,0.0,0.0,0.0,,4
00-0022943,2016,veteran,TE,9.842010900798897,5.5051844869168685,54.1820857311448,35.40081132774737,378.1148988324429,3.048347816744497,0.048831456174708375,0.19583132480139295,0.0028350562972572053,0.22112302774195403,0.6533674525452675,10.680967035805594,0.05626117517643389,0.0479247844006942,0.002750299001681389,1.3668269208489956e-11,0.5122789598916225,73.39632986236472,73.90860882225634,veteran,,,0.0,0.0,0.0,0.0,0.0,0.0,0.0,0.0,0.0,0.0,0.0,0.0,0.0,0.0,0.0,0.0,0.0,0.0,0.0,0.0,0.0,0.0,0.0,0.0,0.0,0.0,0.0,0.0,0.0,16,155.5,6.676623376623377,0.9646915584415585,1.0,35.70431211498973,0.9625,1.0,1.0,0.0,0.0,0.0,0.0,16.0,110.0,74.0,825.0,6.0,0.0,0.0,0.0,0.0,0.0,0.0,0.0,,4
00-0023465,2016,veteran,TE,10.069681859316312,5.339459012400942,53.76665355573676,36.745428267276,375.2933769504617,2.434126412443946,0.07391684042916138,0.2879129290549166,0.002736801676979544,0.2129292115918321,0.6834241269857748,10.213335226920812,0.045272045988888426,0.04476004398749851,0.0025063626031879577,1.3668277957539612e-11,0.4885768142956702,70.12616398313155,70.61474079742722,veteran,,,0.0,0.0,0.0,0.0,0.0,0.0,0.0,0.0,0.0,0.0,0.0,0.0,0.0,0.0,0.0,0.0,0.0,0.0,0.0,0.0,0.0,0.0,0.0,0.0,0.0,0.0,0.0,0.0,0.0,16,98.7,7.033663366336634,0.9486386138613861,0.9375,33.86173853524983,0.946875,1.0,1.0,0.0,0.0625,0.0,1.0,15.0,81.0,60.0,535.0,2.0,1.0,2.0,0.0,0.0,0.0,0.0,0.0,,4
00-0023752,2016,veteran,TE,0.8173430030068722,2.0062922489157873,1.6398289316382408,1.078411698670956,11.789820113121214,0.09898121711050763,0.00652029798295625,0.026148689638371168,0.0003785554088421359,0.018095134245662312,0.6576367070152791,10.93257809392377,0.06036069690002497,0.005160886844583391,0.00014374138077123092,1.3668546753629915e-11,0.004394443791798101,2.2807710962362107,2.2851655400280086,veteran,,,0.0,0.0,0.0,0.0,0.0,0.0,0.0,0.0,0.0,0.0,0.0,0.0,0.0,0.0,0.0,0.0,0.0,0.0,0.0,0.0,0.0,0.0,0.0,0.0,0.0,0.0,0.0,0.0,0.0,16,9.0,3.918,0.66125,0.125,32.941820670773446,0.3125,1.0,0.8125,0.0625,0.8125,1.0,14.0,2.0,7.0,6.0,60.0,0.0,0.0,0.0,0.0,0.0,0.0,0.0,0.0,,4
00-0024221,2016,veteran,TE,8.797164884838336,4.1553522465265065,36.55531886727708,23.184132986168112,257.365655913902,1.917026410687079,0.07043775611319214,0.2822642001189645,0.0032432733941621644,0.15325747111646815,0.6342205102995739,11.100939425573902,0.05244179151185376,0.02583740958140051,0.001197622460338419,1.3668347464589177e-11,0.24309947590524184,48.57196166674066,48.8150611426459,veteran,Vernon Davis,TE,15.0,92.3,59.0,44.0,583.0,2.0,0.0,0.0,0.0,0.0,0.0,0.0,0.0,0.0,0.0,0.0,0.0,0.0,0.0,0.0,0.0,0.0,0.0,0.0,0.0,0.0,0.0,0.0,0.0,16,58.5,5.681954887218044,0.8336466165413534,0.8125,32.58590006844627,0.83125,1.0,0.9375,0.125,0.0625,2.0,3.0,13.0,58.0,38.0,395.0,0.0,0.0,0.0,0.0,0.0,0.0,0.0,0.0,,4
00-0024243,2016,veteran,TE,9.567525115279922,2.9295859413590315,28.028887071323506,17.065669101535754,198.74510083507084,1.4498459246503677,0.06504621555119891,0.26085821645650165,0.0037764526691851687,0.16957503372906893,0.6088600327979389,11.64590146759529,0.05172684598432423,0.011813682932370848,0.0004253873531599249,1.3668444788085365e-11,0.11913256469857827,36.81601465237979,36.935147217078374,veteran,Marcedes Lewis,TE,10.0,32.9,30.0,20.0,169.0,1.0,0.0,0.0,0.0,0.0,0.0,0.0,0.0,0.0,0.0,0.0,0.0,0.0,0.0,0.0,0.0,0.0,0.0,0.0,0.0,0.0,0.0,0.0,0.0,16,30.6,3.2814814814814817,0.8124999999999999,0.9375,32.28747433264887,0.759375,1.0,0.9375,0.0,0.0625,0.0,1.0,15.0,37.0,16.0,226.0,0.0,0.0,0.0,0.0,0.0,0.0,0.0,0.0,,4
00-0024268,2016,veteran,TE,9.407499534988599,3.2078827291022187,30.17815528232708,19.49614813582922,206.03869755087774,1.787527461484827,0.06116781230006948,0.2453044544702661,0.0035512803638359726,0.14387318829377066,0.6460351188943132,10.568174601229476,0.05923249598134444,0.013331424874685183,0.0004987189496236332,1.3668429838508448e-11,0.13245292099651929,40.83520034295385,40.96765326395037,veteran,Anthony Fasano,TE,12.0,24.3,14.0,8.0,83.0,2.0,0.0,0.0,0.0,0.0,0.0,0.0,0.0,0.0,0.0,0.0,0.0,0.0,0.0,0.0,0.0,0.0,0.0,0.0,0.0,0.0,0.0,0.0,0.0,16,53.9,4.135849056603773,0.8431603773584906,0.875,32.3668720054757,0.8281250000000001,1.0,0.875,0.0,0.125,0.0,2.0,14.0,42.0,26.0,289.0,2.0,0.0,0.0,0.0,0.0,0.0,0.0,0.0,,4
00-0024313,2016,veteran,TE,10.320670547059517,4.93425182332294,50.924787464743794,31.948406368927635,348.91508153793353,2.6873171010174315,0.0523527187977455,0.20995282717838215,0.0030394937348388515,0.15589554264033914,0.6273645499462541,10.92120456678807,0.0527703154947463,0.03590499805856839,0.0018606524764383842,1.3668306007440295e-11,0.39936842805526457,66.71705510420796,67.11642353226323,veteran,,,0.0,0.0,0.0,0.0,0.0,0.0,0.0,0.0,0.0,0.0,0.0,0.0,0.0,0.0,0.0,0.0,0.0,0.0,0.0,0.0,0.0,0.0,0.0,0.0,0.0,0.0,0.0,0.0,0.0,16,93.7,6.407473309608541,0.9432829181494662,1.0,33.81245722108145,0.878125,1.0,1.0,0.0,0.0,0.0,0.0,16.0,77.0,46.0,517.0,3.0,0.0,0.0,0.0,0.0,0.0,0.0,0.0,,4
00-0024389,2016,veteran,TE,10.790401424445918,6.913302968026729,74.5973141938218,49.28601381138206,566.2306130472014,3.8399511678322353,0.08104873560478029,0.46693781399507484,0.00300086305410756,0.160622793048549,0.6606942132437251,11.4886672558704,0.05147572951293014,0.0953198873015589,0.007152832292957372,1.3668178993076444e-11,1.1443127456558606,104.04922859103164,105.1935413366875,veteran,Delanie Walker,TE,15.0,156.6,102.0,65.0,800.0,7.0,2.0,11.0,0.0,0.0,0.0,0.0,0.0,0.0,0.0,0.0,1.0,0.0,0.0,1.0,1.0,0.0,0.0,0.0,0.0,0.0,0.0,0.0,0.0,16,198.4,11.465666666666667,0.9375,0.9375,32.054757015742645,0.9375,1.0,0.9375,0.0,0.0625,0.0,1.0,15.0,133.0,94.0,1088.0,6.0,1.0,36.0,0.0,0.0,0.0,0.0,0.0,,4
00-0025418,2016,veteran,TE,11.997446507874468,6.940352043035147,83.26650238213145,53.67300827314119,659.5532954795636,4.576545948313822,0.05410736095535478,0.21698955975190246,0.0031413647353792703,0.2673520848439951,0.6445930444732976,12.288360885663536,0.054962629837757244,0.10529556462756243,0.008249916192960683,1.3668165482729675e-11,1.411744796792825,119.7569523491094,121.16869714590223,veteran,Greg Olsen,TE,16.0,170.8,129.0,80.0,1073.0,3.0,0.0,0.0,0.0,0.0,0.0,0.0,0.0,0.0,0.0,0.0,3.5,0.0,0.0,3.5,2.0,1.0,0.0,0.0,0.0,0.0,0.0,0.0,0.0,16,191.9,11.450000000000001,1.0,1.0,31.477070499657767,1.0,1.0,1.0,0.0,0.0,0.0,0.0,16.0,124.0,77.0,1104.0,7.0,0.0,0.0,0.0,0.0,0.0,0.0,0.0,,4
00-0025516,2016,veteran,TE,9.25297283501115,3.768767384902628,34.87230223398003,22.170485613899434,243.6798326994788,2.0001345137997006,0.05562414286079308,0.22307238900266332,0.003229426047276126,0.16000150816523792,0.6357620287052979,10.991181561972986,0.05735596406510676,0.020320735407295544,0.0008703184516565234,1.3668377488560428e-11,0.20010676245058132,47.17571393854925,47.37582070099983,veteran,,,0.0,0.0,0.0,0.0,0.0,0.0,0.0,0.0,0.0,0.0,0.0,0.0,0.0,0.0,0.0,0.0,0.0,0.0,0.0,0.0,0.0,0.0,0.0,0.0,0.0,0.0,0.0,0.0,0.0,16,61.4,5.560144927536232,0.8804347826086957,0.75,31.110198494182068,0.8625,1.0,1.0,0.0,0.25,0.0,4.0,12.0,42.0,23.0,259.0,4.0,0.0,0.0,0.0,0.0,0.0,0.0,0.0,,4
00-0025542,2016,veteran,TE,1.3932092871631507,1.3964549755060165,1.9455540409801724,1.2591340746599742,13.267799825808973,0.10488222857260923,0.008248009133064265,0.03307741939382396,0.0004788628491615617,0.03058464752283964,0.6471853508760008,10.537241500188856,0.05390866887448135,0.0020505743379156697,4.313049859872002e-05,1.3668659864916545e-11,0.002947013966500719,2.530652015335212,2.5335990293017128,veteran,,,0.0,0.0,0.0,0.0,0.0,0.0,0.0,0.0,0.0,0.0,0.0,0.0,0.0,0.0,0.0,0.0,0.0,0.0,0.0,0.0,0.0,0.0,0.0,0.0,0.0,0.0,0.0,0.0,0.0,16,0.0,1.1081081081081081,0.7989864864864865,0.0,31.852156057494867,0.346875,0.0,0.875,0.0,1.0,0.0,16.0,0.0,0.0,0.0,0.0,0.0,0.0,0.0,0.0,0.0,0.0,0.0,0.0,,4
00-0025549,2016,veteran,TE,9.040762193831414,3.4339227507674996,31.045278981676383,20.40488640824427,244.33086402419192,1.8228840129753017,0.0543484409613021,0.21795637542045185,0.003155361356462173,0.1948137032880411,0.657262137031775,11.974134976094447,0.05871694739967415,0.021558471185305194,0.0009413292540290966,1.3668370112747382e-11,0.20767051239371676,45.22393408349787,45.43160459589159,veteran,Brent Celek,TE,10.0,22.5,19.0,14.0,155.0,0.0,0.0,0.0,0.0,0.0,0.0,0.0,0.0,0.0,0.0,0.0,0.0,0.0,0.0,0.0,0.0,0.0,0.0,0.0,0.0,0.0,0.0,0.0,0.0,16,72.3,5.166304347826086,0.8804347826086957,0.75,31.600273785078713,0.8625,1.0,1.0,0.0,0.25,0.0,4.0,12.0,35.0,27.0,398.0,3.0,0.0,0.0,0.0,0.0,0.0,0.0,0.0,,4
00-0026178,2016,veteran,TE,2.0529264030023935,3.111924001496273,6.388550946808559,4.098739821181448,44.3358828025151,0.32834391922868084,0.007858734730001957,0.03151629203791999,0.00045626235894037436,0.03952532776326955,0.6415758213885732,10.816954658452907,0.051395679859563004,0.012910832650149971,0.0004781080618218948,1.3668433805860766e-11,0.02797727028376252,8.379860254045214,8.407837524328977,veteran,,,0.0,0.0,0.0,0.0,0.0,0.0,0.0,0.0,0.0,0.0,0.0,0.0,0.0,0.0,0.0,0.0,0.0,0.0,0.0,0.0,0.0,0.0,0.0,0.0,0.0,0.0,0.0,0.0,0.0,16,0.0,3.853333333333333,0.9458333333333333,0.0,32.3066392881588,0.421875,0.0,1.0,0.0,1.0,0.0,16.0,0.0,0.0,0.0,0.0,0.0,0.0,0.0,0.0,0.0,0.0,0.0,0.0,,4
00-0026201,2016,veteran,TE,9.25079919012867,5.886224382041031,54.4522797463008,36.068627761235824,359.0074899919245,2.7847803626430063,0.05810739135160405,0.2330310893950232,0.0033735984685600616,0.16128068821809385,0.6623896727425105,9.953455739110819,0.051141667082032306,0.04902403098952897,0.0028365956153002837,1.3668266297688908e-11,0.4928726310587759,70.36472837898309,70.85760101004186,veteran,Martellus Bennett,TE,16.0,143.6,73.0,55.0,701.0,7.0,2.0,10.0,0.0,0.0,0.0,0.0,0.0,0.0,0.0,0.0,3.0,0.0,0.0,3.0,3.0,0.0,0.0,0.0,0.0,0.0,0.0,0.0,0.0,16,88.4,9.257358490566038,0.857311320754717,0.6875,29.481177275838466,0.8281250000000001,1.0,1.0,0.0625,0.25,1.0,5.0,11.0,80.0,53.0,439.0,3.0,0.0,0.0,0.0,0.0,0.0,0.0,0.0,,4
00-0026225,2016,veteran,TE,5.090787676338419,1.459706532859943,7.431056028554079,4.838615810261666,52.114159679610374,0.44276953851278106,0.04958348413127701,0.19884722157284324,0.0028787175304253376,0.08636874321973552,0.6511343464063686,10.770468605729643,0.059583663050234645,0.002402983214418633,5.302896041079818e-05,1.3668640452051592e-11,0.012638016240801244,10.151760645068922,10.164398661309724,veteran,,,0.0,0.0,0.0,0.0,0.0,0.0,0.0,0.0,0.0,0.0,0.0,0.0,0.0,0.0,0.0,0.0,0.0,0.0,0.0,0.0,0.0,0.0,0.0,0.0,0.0,0.0,0.0,0.0,0.0,16,30.099999999999998,2.665671641791045,0.5662313432835822,0.625,32.0,0.41874999999999996,1.0,0.625,0.0,0.375,0.0,6.0,10.0,16.0,12.0,121.0,2.0,0.0,0.0,0.0,0.0,0.0,0.0,0.0,,4
00-0026267,2016,veteran,TE,10.57992368434578,3.7465347669246287,39.638051914810774,26.255593770966755,280.7430899696575,1.8695439446348276,0.06420530376183883,0.257485864234149,0.0037276310191542224,0.20501996553738924,0.6623835557659266,10.69269628478565,0.04716538412767636,0.02067549130115979,0.0008905222162913022,1.3668375330531864e-11,0.23287760602321098,52.057443991721655,52.290321597744864,veteran,Jacob Tamme,TE,8.0,50.0,31.0,22.0,210.0,3.0,0.0,0.0,0.0,0.0,0.0,0.0,0.0,0.0,0.0,0.0,0.0,0.0,0.0,0.0,0.0,0.0,0.0,0.0,0.0,0.0,0.0,0.0,0.0,16,102.2,4.999283154121864,0.8783602150537634,0.9375,31.46611909650924,0.871875,1.0,0.9375,0.0625,0.0,1.0,1.0,15.0,81.0,59.0,657.0,1.0,0.0,0.0,0.0,0.0,0.0,0.0,0.0,,4
00-0026281,2016,veteran,TE,11.37052212381436,5.194360942786704,59.06259601903344,37.585670254657494,449.82890896758516,3.5245129807468354,0.06504007832197574,0.26083360400740563,0.0037760963539793593,0.17215236675875067,0.6363701020277738,11.968095976999209,0.059674196840434006,0.051182893836066126,0.0030083966229030516,1.3668260756826197e-11,0.6332867875715534,84.6272391135754,85.26052590114695,veteran,Gary Barnidge,TE,16.0,102.7,82.0,55.0,612.0,2.0,0.0,0.0,0.0,0.0,0.0,0.0,0.0,0.0,0.0,0.0,0.0,0.0,0.0,0.0,0.0,0.0,0.0,0.0,0.0,0.0,0.0,0.0,0.0,16,200.79999999999998,8.758992805755396,0.900179856115108,1.0,30.94318959616701,0.86875,1.0,1.0,0.0,0.0,0.0,0.0,16.0,125.0,79.0,1043.0,9.0,0.0,0.0,0.0,0.0,0.0,0.0,0.0,,4
00-0026996,2016,veteran,TE,5.016128264917878,1.8768074048831167,9.414306671441373,5.986782405894162,62.74761647951076,0.5091084876752778,0.04797602464980767,0.19240074332950668,0.002785391660534818,0.09298117230028362,0.635923877862963,10.481025069114573,0.05407817117533213,0.0037486378574827905,9.46901312201914e-05,1.3668585975570236e-11,0.019516115214420957,12.172793856645415,12.192309971859835,veteran,,,0.0,0.0,0.0,0.0,0.0,0.0,0.0,0.0,0.0,0.0,0.0,0.0,0.0,0.0,0.0,0.0,0.0,0.0,0.0,0.0,0.0,0.0,0.0,0.0,0.0,0.0,0.0,0.0,0.0,16,16.2,2.535326086956522,0.6039402173913044,0.5,31.520876112251884,0.575,1.0,0.875,0.25,0.25,4.0,8.0,8.0,15.0,7.0,67.0,1.0,0.0,0.0,0.0,0.0,0.0,0.0,0.0,,4
00-0027061,2016,veteran,TE,12.884449714656643,4.740965086589398,61.084726257103874,36.47726833300289,424.3000625679238,2.63171822045051,0.07254737747656438,0.2818196374811739,0.0033404099189058858,0.3139108646110936,0.5971585790443115,11.631903428032668,0.043083081184217525,0.03382765593738031,0.0017173790035134768,1.3668313549195089e-11,0.469041957359765,75.87935244003623,76.34839439739599,veteran,Jared Cook,TE,10.0,57.7,51.0,30.0,377.0,1.0,0.0,0.0,0.0,0.0,0.0,0.0,0.0,0.0,0.0,1.0,1.0,0.0,0.0,1.0,1.0,0.0,0.0,0.0,0.0,0.0,0.0,0.0,0.0,16,67.6,5.4775,1.0,1.0,29.404517453798768,1.0,1.0,1.0,0.0,0.0,0.0,0.0,16.0,75.0,39.0,481.0,0.0,0.0,0.0,0.0,0.0,0.0,0.0,0.0,,4
00-0027125,2016,veteran,TE,7.693469341203217,3.499286339521163,26.921652169197298,17.789104403341927,204.91146135402673,1.7169330808969605,0.04595664374893705,0.18430231522444956,0.0026681504601272126,0.1295793006666235,0.6607731312900449,11.518930729055214,0.06377517509350367,0.020852249485405077,0.0009006337908891337,1.3668374268781452e-11,0.17081964000818473,39.46257735540535,39.633396995413534,veteran,Zach Miller,TE,10.0,96.1,64.0,47.0,486.0,4.0,0.0,0.0,0.0,0.0,0.0,0.0,0.0,0.0,0.0,0.0,0.0,0.0,0.0,0.0,0.0,0.0,0.0,0.0,0.0,0.0,0.0,0.0,0.0,16,91.9,7.06923076923077,0.8125,0.8125,31.90965092402464,0.446875,1.0,0.8125,0.0,0.1875,0.0,3.0,13.0,46.0,34.0,439.0,5.0,0.0,0.0,0.0,0.0,0.0,0.0,0.0,,4
00-0027135,2016,veteran,TE,4.32374755339665,2.5654526088529437,11.092369440882969,7.208666768289986,76.454204603489,0.5581327097193398,0.039041153333003245,0.15656876484744728,0.0022666509721297697,0.07086453107192624,0.649876188014539,10.605873049896186,0.05031681577988549,0.008183840579128767,0.00026274745965866424,1.3668490071154424e-11,0.03708894132838493,14.486077822983603,14.523166764311988,veteran,Brandon Myers,TE,10.0,17.4,14.0,7.0,59.0,1.0,0.0,0.0,0.0,0.0,0.0,0.0,0.0,0.0,0.0,0.0,0.0,0.0,0.0,0.0,0.0,0.0,0.0,0.0,0.0,0.0,0.0,0.0,0.0,16,18.7,3.868926553672316,0.6345338983050848,0.375,30.99247091033539,0.553125,1.0,0.9375,0.0,0.625,0.0,10.0,6.0,17.0,12.0,127.0,0.0,0.0,0.0,0.0,0.0,0.0,0.0,0.0,,4
00-0027215,2016,veteran,TE,3.2211546264158493,1.9575359894679818,6.305526108850317,4.074012820057513,42.31892021111134,0.3578298851510318,0.012749413499090426,0.05112963510723222,0.0007402053483232665,0.08425489968303318,0.646101966708108,10.387527501819182,0.05674861684400745,0.0041833667353881315,0.00010926725683999504,1.3668572521068595e-11,0.014003221296575696,8.256922138280679,8.270925359577255,veteran,Logan Paulsen,TE,10.0,3.0,10.0,3.0,15.0,0.0,0.0,0.0,0.0,0.0,0.0,0.0,0.0,0.0,0.0,0.0,0.0,0.0,0.0,0.0,0.0,0.0,0.0,0.0,0.0,0.0,0.0,0.0,0.0,16,0.0,2.0288888888888885,0.9375,0.0,29.51403148528405,0.421875,0.0,0.9375,0.0,1.0,0.0,16.0,0.0,0.0,0.0,0.0,0.0,0.0,0.0,0.0,0.0,0.0,0.0,0.0,,4
00-0027321,2016,veteran,TE,7.707496361615199,2.389622575321479,18.41800730492384,11.356924466679379,129.75049841063034,1.0318032182604344,0.055295472633604764,0.22175430572079718,0.003210344113819597,0.12075797065249597,0.6166206950978479,11.424791878409643,0.056021436042355884,0.007319314943857671,0.0002270034277638852,1.3668503813301315e-11,0.05903803565034513,24.644252937915333,24.70329097356568,veteran,,,0.0,0.0,0.0,0.0,0.0,0.0,0.0,0.0,0.0,0.0,0.0,0.0,0.0,0.0,0.0,0.0,0.0,0.0,0.0,0.0,0.0,0.0,0.0,0.0,0.0,0.0,0.0,0.0,0.0,16,10.2,2.853846153846154,0.7836538461538461,0.5625,29.336071184120467,0.73125,1.0,1.0,0.0625,0.375,1.0,7.0,9.0,14.0,5.0,77.0,0.0,0.0,0.0,0.0,0.0,0.0,0.0,0.0,,4
00-0027656,2016,veteran,TE,12.392347310103638,7.795696981852683,96.60698452344515,60.43752610934967,823.7895379909216,6.79186957680107,0.0708202550683861,0.28401414701201955,0.004111681809910487,0.18791344791007053,0.6256020349613783,13.630431141414334,0.07030412563133859,0.15615406208788551,0.01476061497513096,1.3668110206480762e-11,2.209493372539134,153.02617892431394,155.23567229685307,veteran,Rob Gronkowski,TE,8.0,89.0,38.0,25.0,540.0,3.0,0.0,0.0,0.0,0.0,0.0,0.0,0.0,0.0,0.0,0.0,4.5,0.0,0.0,4.5,3.0,1.0,0.0,0.0,0.0,0.0,0.0,0.0,0.0,16,224.6,15.065579710144927,0.8994565217391304,0.9375,27.301848049281315,0.8625,1.0,0.9375,0.0625,0.0,1.0,1.0,15.0,120.0,72.0,1176.0,11.0,0.0,0.0,0.0,0.0,0.0,0.0,0.0,,4
00-0027675,2016,veteran,TE,12.478684249649486,2.4429094768652857,30.484296012278307,19.542117245822197,200.82054119573746,1.7336858467595746,0.06687348540288168,0.26818621164354706,0.003882540287814994,0.18632607628215686,0.6410552252199337,10.276293948582762,0.05687144115321835,0.006608902638182193,0.00019860958298994517,1.3668516370557693e-11,0.08618798901231038,39.93268953336922,40.01887752238153,veteran,Ed Dickson,TE,13.0,24.400000000000002,19.0,10.0,134.0,1.0,0.0,0.0,0.0,0.0,0.0,0.0,0.0,0.0,0.0,0.0,0.0,0.0,0.0,0.0,0.0,0.0,0.0,0.0,0.0,0.0,0.0,0.0,0.0,16,38.6,2.35472972972973,0.9328547297297297,1.0,29.10609171800137,0.925,1.0,1.0,0.0,0.0,0.0,0.0,16.0,26.0,17.0,121.0,2.0,0.0,0.0,0.0,0.0,0.0,0.0,0.0,,4
00-0027696,2016,veteran,TE,8.96123945011762,6.321890298213323,56.65197273966508,36.72043777337618,423.11680202671215,3.385470694503084,0.059342042847766466,0.23798247641277787,0.0034452798553814977,0.21467261536169446,0.6481758003753723,11.522651353941349,0.059759096299443336,0.07578290290424429,0.005173578725971928,1.3668209615457468e-11,0.7486512560611187,80.599847952428,81.34849920848912,veteran,Jimmy Graham,TE,16.0,159.8,95.0,65.0,923.0,6.0,1.0,0.0,0.0,0.0,0.0,0.0,0.0,0.0,0.0,2.0,3.0,0.0,0.0,3.0,3.0,0.0,0.0,0.0,0.0,0.0,0.0,0.0,0.0,16,97.5,11.60965250965251,0.8322876447876448,0.6875,29.77138945927447,0.8093750000000001,1.0,1.0,0.0,0.3125,0.0,5.0,11.0,74.0,48.0,605.0,2.0,0.0,0.0,0.0,0.0,0.0,0.0,0.0,,4
00-0027714,2016,veteran,TE,0.0,3.5473111463086053,0.0,0.0,0.0,0.0,0.0,0.0,0.0,0.0,0.6488376765338445,10.441999484061615,0.053475179526560467,6.873229490626947e-06,2.6101883655610536e-08,1.3669356095188198e-11,0.0,0.0,0.0,veteran,Dennis Pitta,TE,16.0,126.9,121.0,86.0,729.0,2.0,0.0,0.0,0.0,0.0,0.0,0.0,0.0,0.0,0.0,1.0,1.0,0.0,0.0,1.0,1.0,0.0,0.0,0.0,0.0,0.0,0.0,0.0,0.0,16,0.0,7.390000000000001,0.2125,0.0,31.175906913073238,0.09375,0.0,0.25,0.0,1.0,0.0,16.0,0.0,0.0,0.0,0.0,0.0,0.0,0.0,0.0,0.0,0.0,0.0,0.0,,4
00-0027718,2016,veteran,TE,5.577989592241101,2.440675325784174,13.614061565263782,8.269177560462115,89.14264795204369,0.7510499188381249,0.0545909022825774,0.21892873064960086,0.003169438173939487,0.10339608239141582,0.6073997477402985,10.780110512835819,0.055167219219459496,0.0065052416088789925,0.00019454397302871677,1.366851831418154e-11,0.0379139165270076,17.38927042578994,17.42718434231695,veteran,,,0.0,0.0,0.0,0.0,0.0,0.0,0.0,0.0,0.0,0.0,0.0,0.0,0.0,0.0,0.0,0.0,0.0,0.0,0.0,0.0,0.0,0.0,0.0,0.0,0.0,0.0,0.0,0.0,0.0,16,11.0,3.55,0.5896739130434783,0.5,30.078028747433265,0.575,1.0,0.75,0.0,0.5,0.0,8.0,8.0,19.0,4.0,30.0,1.0,0.0,0.0,0.0,0.0,0.0,0.0,0.0,,4
00-0027725,2016,veteran,TE,7.5813723749530455,2.359687721002001,17.88967130152048,11.755307529898316,128.63966842895144,0.9724597368727882,0.06591668279333933,0.2643490964461273,0.0038269902494604113,0.1375586279222714,0.6571002525294698,10.94311383192407,0.05435872579671919,0.007451760614681497,0.00023239667980110758,1.366850160668549e-11,0.059137400928573815,24.350658624377864,24.409796025306438,veteran,Clay Harbor,TE,4.0,3.4,3.0,3.0,19.0,0.0,0.0,0.0,0.0,0.0,0.0,0.0,0.0,0.0,0.0,0.0,0.0,0.0,0.0,0.0,0.0,0.0,0.0,0.0,0.0,0.0,0.0,0.0,0.0,16,29.9,3.631603773584906,0.6745283018867925,0.625,29.169062286105408,0.6625,1.0,0.875,0.0,0.375,0.0,6.0,10.0,20.0,14.0,149.0,1.0,0.0,0.0,0.0,0.0,0.0,0.0,0.0,,4
00-0027732,2016,veteran,TE,7.301940103006089,1.630079219744705,11.902740825730737,7.68246230399035,80.60833970509478,0.7455979319519846,0.09862551873376386,0.3733293027399701,0.0036516507401614423,0.17918658909804303,0.6454364096866493,10.492513534785061,0.06264086086291899,0.002838609103315334,6.5888702472256e-05,1.3668620050433573e-11,0.021449026886247086,16.07652237073544,16.097971397621688,veteran,,,0.0,0.0,0.0,0.0,0.0,0.0,0.0,0.0,0.0,0.0,0.0,0.0,0.0,0.0,0.0,0.0,0.0,0.0,0.0,0.0,0.0,0.0,0.0,0.0,0.0,0.0,0.0,0.0,0.0,16,29.099999999999998,2.3752747252747253,0.5817307692307693,0.625,28.161533196440793,0.56875,1.0,0.625,0.0,0.375,0.0,6.0,10.0,16.0,11.0,76.0,3.0,1.0,0.0,0.0,0.0,0.0,0.0,0.0,,4
00-0027753,2016,veteran,TE,4.740706434403542,2.8399564104359283,13.463399628379191,8.672950301568262,92.73483764787233,0.7450424512011228,0.03045162107615093,0.12212171753299696,0.0017679599761423154,0.07825894616752331,0.6441872440068368,10.692421197329335,0.055338359683735815,0.010299874347621646,0.00035525085860578856,1.3668461722953774e-11,0.05135489076974401,17.946515662053212,17.997870552822956,veteran,,,0.0,0.0,0.0,0.0,0.0,0.0,0.0,0.0,0.0,0.0,0.0,0.0,0.0,0.0,0.0,0.0,0.0,0.0,0.0,0.0,0.0,0.0,0.0,0.0,0.0,0.0,0.0,0.0,0.0,16,5.1,3.7053571428571423,0.7968749999999999,0.1875,27.904175222450377,0.525,1.0,1.0,0.0,0.8125,0.0,13.0,3.0,5.0,4.0,31.0,0.0,0.0,0.0,0.0,0.0,0.0,0.0,0.0,,4
00-0027825,2016,veteran,TE,8.60327779045803,1.9252071867898164,16.563092232139013,10.489904911358105,115.13815932034466,0.8746281229247266,0.06378551409302073,0.2558023599231478,0.0037032588738745843,0.15237008114163833,0.6333301031194828,10.97609180381388,0.05280584752330237,0.004360521316530395,0.00011534610900973737,1.3668567433733506e-11,0.03900330835930256,21.74959675221416,21.78860006057346,veteran,,,0.0,0.0,0.0,0.0,0.0,0.0,0.0,0.0,0.0,0.0,0.0,0.0,0.0,0.0,0.0,0.0,0.0,0.0,0.0,0.0,0.0,0.0,0.0,0.0,0.0,0.0,0.0,0.0,0.0,16,9.1,1.909016393442623,0.7735655737704917,0.6875,29.67008898015058,0.7625000000000001,1.0,0.9375,0.0,0.3125,0.0,5.0,11.0,16.0,6.0,61.0,0.0,0.0,0.0,0.0,0.0,0.0,0.0,0.0,,4
00-0027873,2016,veteran,TE,11.618099986633514,3.6906181977452346,42.87797123389331,28.220546465327832,284.3578887743354,2.3611574994831304,0.06822192023258454,0.27359390987323495,0.003960827706517245,0.2486022784231289,0.6581595549702833,10.07627152520599,0.05506691271849938,0.017187318814272216,0.0006972755138867044,1.3668398332345587e-11,0.2118355137618141,56.2669269073764,56.478762421138214,veteran,Jermaine Gresham,TE,16.0,69.6,61.0,37.0,391.0,2.0,0.0,0.0,0.0,0.0,0.0,0.0,0.0,0.0,0.0,0.0,0.0,0.0,0.0,0.0,0.0,0.0,0.0,0.0,0.0,0.0,0.0,0.0,0.0,16,37.3,4.58986013986014,0.8946678321678322,0.875,28.210814510609172,0.89375,1.0,0.9375,0.0625,0.0625,1.0,2.0,14.0,32.0,18.0,223.0,1.0,0.0,0.0,0.0,0.0,0.0,0.0,0.0,,4
00-0027981,2016,veteran,TE,12.681051096186359,4.593257229478582,58.247329624945294,38.13004781173001,396.8116317834132,3.436070090249551,0.07802177953007157,0.3128947945781255,0.004529787860279056,0.19560248935572458,0.6546231055955609,10.406796071767353,0.058991032076052496,0.030119244273029894,0.0014697992142234855,1.3668328198517097e-11,0.4099015743565218,79.02987085361167,79.4397724279682,veteran,Kyle Rudolph,TE,16.0,168.5,132.0,83.0,840.0,7.0,0.0,0.0,0.0,0.0,0.0,0.0,0.0,0.0,0.0,0.0,1.0,0.0,0.0,1.0,1.0,0.0,0.0,0.0,0.0,0.0,0.0,0.0,0.0,16,105.0,6.419291338582678,0.8597440944881891,1.0,26.811772758384667,0.79375,1.0,1.0,0.0,0.0,0.0,0.0,16.0,73.0,49.0,495.0,5.0,0.0,0.0,0.0,0.0,0.0,0.0,0.0,,4
00-0027985,2016,veteran,TE,11.61256701824708,3.176771142890744,36.890467798452136,23.93800581026734,245.47810490255182,2.254607795671115,0.06488371133502038,0.2602065173585637,0.0037670180006846134,0.17392814861178546,0.6488940704425478,10.254743308536707,0.06111627014298026,0.012294588904491073,0.00044830715370037296,1.3668439855369807e-11,0.15058073323330864,49.745226631931935,49.89580736516525,veteran,Lance Kendricks,TE,16.0,84.9,87.0,50.0,499.0,2.0,0.0,0.0,0.0,0.0,0.0,0.0,0.0,0.0,0.0,1.0,0.0,0.0,0.0,0.0,0.0,0.0,0.0,0.0,0.0,0.0,0.0,0.0,0.0,16,49.0,3.9479452054794524,0.9160958904109591,0.875,28.588637919233403,0.9125,1.0,1.0,0.0,0.125,0.0,2.0,14.0,40.0,25.0,245.0,2.0,0.0,0.0,0.0,0.0,0.0,0.0,0.0,,4
00-0028007,2016,veteran,TE,4.733682285318326,1.7863687348436212,8.45610203517576,5.421595133745568,59.925476737249575,0.43540886853045646,0.053632583635298256,0.2099872812927599,0.002469487121154362,0.0782681654102404,0.6411458980973472,11.053108035355898,0.05149049369546857,0.0038499935761200526,9.804432463954909e-05,1.3668582704691645e-11,0.01892081254335765,11.195077771816202,11.21399858435956,veteran,,,0.0,0.0,0.0,0.0,0.0,0.0,0.0,0.0,0.0,0.0,0.0,0.0,0.0,0.0,0.0,0.0,0.0,0.0,0.0,0.0,0.0,0.0,0.0,0.0,0.0,0.0,0.0,0.0,0.0,16,5.3,2.265060240963855,0.6197289156626506,0.3125,28.459958932238195,0.5187499999999999,1.0,0.8125,0.125,0.5625,2.0,11.0,5.0,7.0,4.0,33.0,0.0,0.0,0.0,0.0,0.0,0.0,0.0,0.0,,4
00-0028040,2016,veteran,TE,12.657993199835659,4.549516313479679,57.587746558567176,34.94207327486438,404.4362704311996,3.0611635980485628,0.07079509718121259,0.283913255030491,0.00411022119349549,0.19120121213328786,0.60676229515819,11.574478344481388,0.05315650951779015,0.03158270908507265,0.0015662252070736769,1.3668322219411207e-11,0.4295116192080893,75.95229549724098,76.38180711644907,veteran,Jordan Cameron,TE,3.0,16.0,11.0,8.0,60.0,1.0,0.0,0.0,0.0,0.0,0.0,0.0,0.0,0.0,0.0,0.0,0.0,0.0,0.0,0.0,0.0,0.0,0.0,0.0,0.0,0.0,0.0,0.0,0.0,16,74.1,6.215658362989324,0.9099199288256228,1.0,28.0684462696783,0.878125,1.0,1.0,0.0,0.0,0.0,0.0,16.0,70.0,35.0,386.0,3.0,0.0,0.0,0.0,0.0,0.0,0.0,0.0,,4
00-0028067,2016,veteran,TE,9.726299298655746,5.426620879791209,52.78093885718387,33.71811860564449,361.7340279793168,3.8628901195764453,0.0726095860640801,0.29118999403450585,0.0042155667747386955,0.15096461270575742,0.6388313534338582,10.728179475552402,0.07318721878041543,0.044548420950091205,0.002490292275133864,1.3668278563401326e-11,0.4696232677226001,75.96228599285297,76.43190926057557,veteran,Julius Thomas,TE,9.0,67.1,51.0,30.0,281.0,4.0,0.0,0.0,0.0,0.0,0.0,0.0,0.0,0.0,0.0,0.0,0.0,0.0,0.0,0.0,0.0,0.0,0.0,0.0,0.0,0.0,0.0,0.0,0.0,16,99.5,10.206504065040653,0.7713414634146343,0.75,28.18069815195072,0.7687499999999999,1.0,0.875,0.25,0.0,4.0,4.0,12.0,80.0,46.0,455.0,5.0,0.0,0.0,0.0,0.0,0.0,0.0,0.0,,4
00-0028093,2016,veteran,TE,4.274961272804812,2.9135400405344294,12.455270840050847,8.159930595993801,92.92947367940896,0.6549855464022196,0.01636482758216315,0.06562871797423979,0.0009501090306287004,0.0921440338987144,0.6551387521622524,11.388512755860155,0.05258701756175908,0.01310515248057213,0.00048760355740236615,1.3668431957277211e-11,0.059150748932077266,17.130801402534882,17.189952151466958,veteran,Niles Paul,TE,4.0,3.7,2.0,2.0,27.0,0.0,0.0,0.0,0.0,0.0,0.0,0.0,0.0,0.0,0.0,0.0,0.0,0.0,0.0,0.0,0.0,0.0,0.0,0.0,0.0,0.0,0.0,0.0,0.0,16,0.0,3.455555555555556,0.9458333333333333,0.0,27.06365503080082,0.421875,0.0,1.0,0.0,1.0,0.0,16.0,0.0,0.0,0.0,0.0,0.0,0.0,0.0,0.0,0.0,0.0,0.0,0.0,,4
00-0028112,2016,veteran,TE,11.164624214570189,5.3517492823718,59.750269628276826,39.24387565079172,414.7309420269604,3.045526475646292,0.12078920128722727,0.46075755760612325,0.01527563353906993,0.16942768982055292,0.6567983022493266,10.56804240532735,0.05097092439236452,0.04442851416089274,0.002481200288059173,1.3668278907904861e-11,0.5375801685491759,79.16706505932358,79.70464522787275,veteran,Charles Clay,TE,15.0,107.7,87.0,57.0,552.0,4.0,0.0,0.0,0.0,0.0,0.0,0.0,0.0,0.0,0.0,0.0,0.0,0.0,0.0,0.0,0.0,0.0,0.0,0.0,0.0,0.0,0.0,0.0,0.0,16,97.3,7.949090909090907,0.8643181818181818,0.8125,27.548254620123203,0.8593750000000001,1.0,1.0,0.125,0.0625,2.0,3.0,13.0,77.0,51.0,528.0,3.0,0.0,0.0,0.0,0.0,0.0,0.0,0.0,,4
00-0028142,2016,veteran,TE,10.006979278603687,1.7121018350447923,17.132967586152585,11.309037895920982,127.3883528850321,0.9853029816730137,0.10856233902028932,0.4185524511045634,0.0038342291241180836,0.15690823346232777,0.6600746682706217,11.264296225497606,0.057509183783746094,0.003898157978218047,9.964786238127261e-05,1.3668581180315853e-11,0.040504547527323874,24.056216279432288,24.09672082695961,veteran,Virgil Green,TE,10.0,40.7,37.0,22.0,237.0,1.0,0.0,0.0,0.0,0.0,0.0,0.0,0.0,0.0,0.0,0.0,0.0,0.0,0.0,0.0,0.0,0.0,0.0,0.0,0.0,0.0,0.0,0.0,0.0,16,29.299999999999997,1.9291845493562236,0.7449034334763949,0.8125,28.079397672826833,0.7281249999999999,1.0,0.8125,0.0,0.1875,0.0,3.0,13.0,15.0,12.0,173.0,1.0,0.0,0.0,0.0,0.0,0.0,0.0,0.0,,4
00-0028838,2016,veteran,TE,7.355179893180674,3.9409665148782005,28.986517669930457,19.094207080296066,188.78066184441465,1.634249594891789,0.05725605068547556,0.22961691370653342,0.00332417133888399,0.24755710635380296,0.6587271812958647,9.886802895273068,0.056379645651160756,0.019159884987569733,0.0008050615570015604,1.3668384817483202e-11,0.1498064598825399,37.77845980063658,37.92826626051912,veteran,Larry Donnell,TE,7.0,20.7,22.0,15.0,92.0,1.0,0.0,0.0,0.0,0.0,0.0,0.0,0.0,0.0,0.0,1.0,0.0,0.0,0.0,0.0,0.0,0.0,0.0,0.0,0.0,0.0,0.0,0.0,0.0,16,48.8,6.160576923076923,0.7307692307692308,0.5,27.83299110198494,0.6499999999999999,1.0,1.0,0.25,0.25,4.0,8.0,8.0,41.0,29.0,223.0,2.0,0.0,0.0,0.0,0.0,0.0,0.0,0.0,,4
00-0028903,2016,veteran,TE,6.638101601580624,2.068117452513126,13.728373773784222,8.915196219948749,97.17252816162576,0.831799134616446,0.06681044404511532,0.2679333936123891,0.0038788802331632603,0.11234705482794319,0.6493992927970287,10.89965108610749,0.06058977911898452,0.005335111447285914,0.00015011425653380084,1.3668542677180538e-11,0.03690972255438176,18.991018244939955,19.027927967494335,veteran,Garrett Celek,TE,14.0,65.5,50.0,29.0,350.0,3.0,0.0,0.0,0.0,0.0,0.0,0.0,0.0,0.0,0.0,1.0,0.0,0.0,0.0,0.0,0.0,0.0,0.0,0.0,0.0,0.0,0.0,0.0,0.0,16,46.1,4.082481751824818,0.5469890510948906,0.625,28.26009582477755,0.428125,1.0,0.625,0.0625,0.3125,1.0,6.0,10.0,28.0,19.0,186.0,3.0,0.0,0.0,0.0,0.0,0.0,0.0,0.0,,4
00-0029119,2016,veteran,TE,9.411292900216496,2.2186690924215346,20.880544677436568,13.69091185029879,143.21555386282108,1.1320849672617932,0.09826733177021313,0.3877586851556948,0.004524673133162862,0.1546171384956629,0.6556779079184238,10.460629315913355,0.05421721438546187,0.00582314918138965,0.00016830906514187492,1.3668531926560416e-11,0.05717937166970874,27.71621074532548,27.773390116995188,veteran,Derek Carrier,TE,3.0,2.0,2.0,2.0,10.0,0.0,0.0,0.0,0.0,0.0,0.0,0.0,0.0,0.0,0.0,0.0,0.0,0.0,0.0,0.0,0.0,0.0,0.0,0.0,0.0,0.0,0.0,0.0,0.0,16,28.599999999999998,2.3321839080459768,0.6745689655172413,0.75,26.105407255304584,0.5437500000000001,1.0,0.75,0.0,0.25,0.0,4.0,12.0,22.0,17.0,141.0,1.0,0.0,0.0,0.0,0.0,0.0,0.0,0.0,,4
00-0029275,2016,veteran,TE,11.013169804892165,3.9969035439887555,44.01857742372344,27.991870924277173,323.57581924559037,2.4819905285486095,0.08110285682995173,0.32525099889225245,0.004708669021842402,0.17107197677666872,0.6359103942598379,11.55963529986683,0.05638506907338086,0.026090517519612028,0.0012132866066820681,1.3668346242231598e-11,0.3073824971741514,60.96409371845622,61.27147621563037,veteran,Ladarius Green,TE,6.0,46.4,34.0,18.0,304.0,1.0,0.0,0.0,0.0,0.0,0.0,0.0,0.0,0.0,0.0,0.0,1.0,0.0,0.0,1.0,1.0,0.0,0.0,0.0,0.0,0.0,0.0,0.0,0.0,16,89.4,5.584897959183674,0.7772959183673469,0.8125,26.261464750171115,0.765625,1.0,0.875,0.0625,0.125,1.0,3.0,13.0,63.0,37.0,429.0,4.0,0.0,0.0,0.0,0.0,0.0,0.0,0.0,,4
00-0029432,2016,veteran,TE,2.6516584608429694,2.6553844495049312,7.041172642320602,4.552448650142186,50.04864265062727,0.37908530414909286,0.023779308602187247,0.09536339628633445,0.0013805789111808317,0.04686157496449938,0.6465469434423367,10.993785212506264,0.05383837656111716,0.009493892880653585,0.0003192195816393941,1.3668471774270915e-11,0.026444253412591427,9.479697078195096,9.506141331607688,veteran,,,0.0,0.0,0.0,0.0,0.0,0.0,0.0,0.0,0.0,0.0,0.0,0.0,0.0,0.0,0.0,0.0,0.0,0.0,0.0,0.0,0.0,0.0,0.0,0.0,0.0,0.0,0.0,0.0,0.0,16,0.0,3.7642857142857142,0.5892857142857143,0.0,26.12183436002738,0.2625,0.0,0.625,0.0625,0.9375,1.0,16.0,0.0,0.0,0.0,0.0,0.0,0.0,0.0,0.0,0.0,0.0,0.0,0.0,,4
00-0029534,2016,veteran,TE,5.1194618574263195,2.140746985743845,10.959472539915978,6.93918509059301,76.98274785571463,0.5868946228656693,0.057844300120052074,0.2319760009652594,0.003358323919914697,0.0874911120406993,0.6331677975668535,11.093917635959158,0.05355135666685733,0.005668605314351564,0.00016249380033907376,1.3668535230751665e-11,0.030268030050934255,14.5576003875966,14.587868417647533,veteran,,,0.0,0.0,0.0,0.0,0.0,0.0,0.0,0.0,0.0,0.0,0.0,0.0,0.0,0.0,0.0,0.0,0.0,0.0,0.0,0.0,0.0,0.0,0.0,0.0,0.0,0.0,0.0,0.0,0.0,16,19.5,3.468,0.4615000000000001,0.4375,27.249828884325805,0.390625,1.0,0.5,0.0,0.5625,0.0,9.0,7.0,22.0,13.0,130.0,0.0,0.0,0.0,0.0,0.0,0.0,0.0,0.0,,4
00-0029587,2016,veteran,TE,9.722120797340258,2.0832428765769726,20.25353889627993,13.027950852830106,142.7741914726821,1.1285556023963672,0.07257315337128682,0.2910438861144335,0.004213451565747997,0.15196492236527667,0.643243184292253,10.959067399434254,0.0557214029694166,0.005373733795155007,0.0001515358882371116,1.3668541791451403e-11,0.0544539646708813,27.313183441336843,27.367637406007724,veteran,Rhett Ellison,TE,11.0,16.3,14.0,9.0,57.0,0.0,1.0,1.0,1.0,0.0,0.0,0.0,0.0,0.0,0.0,0.0,0.0,0.0,0.0,0.0,0.0,0.0,0.0,0.0,0.0,0.0,0.0,0.0,0.0,16,23.9,2.263713080168776,0.7666139240506328,0.75,27.912388774811774,0.7406250000000001,1.0,0.875,0.0625,0.1875,1.0,4.0,12.0,19.0,11.0,124.0,1.0,0.0,0.0,0.0,0.0,0.0,0.0,0.0,,4
00-0029689,2016,veteran,TE,10.637909925312753,3.2143861594164114,34.19435042904379,21.496137160568345,229.64209858248392,2.1748279836195135,0.10734936650171317,0.41224379082293205,0.003974654822349169,0.16877787218714965,0.6286458695910798,10.682947213591948,0.06360196805412252,0.012898151582798709,0.000477490022440556,1.3668433927449648e-11,0.1448286188050872,46.48876290389173,46.63359152269682,veteran,Dwayne Allen,TE,14.0,96.1,52.0,35.0,406.0,6.0,0.0,0.0,0.0,0.0,0.0,0.0,0.0,0.0,0.0,0.0,0.0,0.0,0.0,0.0,0.0,0.0,0.0,0.0,0.0,0.0,0.0,0.0,0.0,16,25.0,4.185779816513762,0.7815366972477065,0.8125,26.518822724161534,0.68125,1.0,0.8125,0.0625,0.125,1.0,3.0,13.0,29.0,16.0,109.0,1.0,1.0,1.0,0.0,0.0,0.0,0.0,0.0,,4
00-0029697,2016,veteran,TE,12.753564731272448,5.18223939543101,66.09202558257958,41.547521610428596,457.1724573678912,3.6447998558807093,0.06299766911984937,0.2526428243098278,0.0036575181766391666,0.1885394957094287,0.6286313854689849,11.003603576034703,0.055147346805503254,0.04099600961774725,0.0022251273985386564,1.366828916615224e-11,0.5654127222013322,88.02993607735964,88.59534879956097,veteran,Coby Fleener,TE,16.0,113.3,81.0,50.0,631.0,3.0,1.0,2.0,1.0,0.0,0.0,0.0,0.0,0.0,0.0,0.0,1.0,0.0,0.0,1.0,1.0,0.0,0.0,0.0,0.0,0.0,0.0,0.0,0.0,16,96.1,7.514239482200646,0.966626213592233,0.9375,27.94798083504449,0.9656250000000001,1.0,1.0,0.0,0.0625,0.0,1.0,15.0,84.0,54.0,491.0,3.0,0.0,0.0,0.0,0.0,0.0,0.0,0.0,,4
00-0029738,2016,veteran,TE,7.556774015383198,1.9699178006266524,14.886223648216307,9.701840556802468,114.90789904676677,0.8908481196561353,0.06353484206956851,0.2547970768886288,0.0036887053595150735,0.12474621220548505,0.6517328226467267,11.843927796380743,0.05984379522357091,0.005813237936280282,0.00016793465459952677,1.3668532135834484e-11,0.04583289193994278,21.484918416449705,21.530751308389647,veteran,Darren Fells,TE,9.0,28.4,18.0,14.0,154.0,1.0,0.0,0.0,0.0,0.0,0.0,0.0,0.0,0.0,0.0,0.0,0.0,0.0,0.0,0.0,0.0,0.0,0.0,0.0,0.0,0.0,0.0,0.0,0.0,16,59.6,4.245238095238095,0.6696428571428571,0.75,30.362765229295004,0.525,1.0,0.75,0.125,0.125,2.0,4.0,12.0,28.0,21.0,311.0,3.0,0.0,0.0,0.0,0.0,0.0,0.0,0.0,,4
00-0029910,2016,veteran,TE,7.785416592734165,3.241562866467428,25.23691732698644,16.526182288059367,173.64635771667986,1.6925005798560027,0.08533714468300625,0.3237904866221598,0.003459036021990481,0.12449885904454813,0.6548415590515695,10.507348563021978,0.06706447375988236,0.013898046356054662,0.000526825986226993,1.3668424684598498e-11,0.1143544205818281,35.58686594153875,35.70122036212057,veteran,,,0.0,0.0,0.0,0.0,0.0,0.0,0.0,0.0,0.0,0.0,0.0,0.0,0.0,0.0,0.0,0.0,0.0,0.0,0.0,0.0,0.0,0.0,0.0,0.0,0.0,0.0,0.0,0.0,0.0,16,24.2,5.083173076923077,0.6929086538461539,0.5,26.403832991101986,0.65,1.0,0.875,0.0,0.5,0.0,8.0,8.0,16.0,9.0,77.0,2.0,0.0,0.0,0.0,0.0,0.0,0.0,0.0,,4
00-0030049,2016,veteran,TE,5.253247052688188,2.062300204139023,10.83377246915157,6.966990095657586,76.22752189419825,0.5853666541812589,0.06390194671376231,0.25626929570913676,0.0037100187180508174,0.09021629005391342,0.6430807103892587,10.941241604708129,0.054031654795044896,0.005230476197952328,0.0001462789399768701,1.3668545109218114e-11,0.028629642930113042,14.485901624107562,14.514531267037675,veteran,,,0.0,0.0,0.0,0.0,0.0,0.0,0.0,0.0,0.0,0.0,0.0,0.0,0.0,0.0,0.0,0.0,0.0,0.0,0.0,0.0,0.0,0.0,0.0,0.0,0.0,0.0,0.0,0.0,0.0,16,21.0,3.0100840336134453,0.4028361344537815,0.4375,26.17385352498289,0.371875,1.0,0.4375,0.0,0.5625,0.0,9.0,7.0,20.0,12.0,150.0,0.0,0.0,0.0,0.0,0.0,0.0,0.0,0.0,,4
00-0030061,2016,veteran,TE,13.555653676278999,6.0612985522864395,82.16486400332624,53.64032191954562,606.1964674555478,3.6666597341162075,0.06863633533264187,0.2752558602720019,0.003984887815126181,0.36176634308388256,0.6528377131783986,11.301134030567034,0.04462564112523538,0.0672400647874409,0.004379457864580218,1.3668225346642905e-11,1.0005326529528336,108.76766833677502,109.76820098972784,veteran,Zach Ertz,TE,14.0,146.6,106.0,78.0,816.0,4.0,0.0,0.0,0.0,0.0,0.0,0.0,0.0,0.0,0.0,0.0,2.0,0.0,0.0,2.0,2.0,0.0,0.0,0.0,0.0,0.0,0.0,0.0,0.0,16,136.3,8.049673202614379,0.9571078431372549,0.9375,25.809719370294317,0.95625,1.0,1.0,0.0625,0.0,1.0,1.0,15.0,112.0,75.0,853.0,2.0,0.0,0.0,0.0,0.0,0.0,0.0,0.0,,4
00-0030089,2016,veteran,TE,11.168722130114741,3.01122470417584,33.63153199227692,21.529836594488298,256.1818134085859,1.872782427007715,0.0774989503162671,0.3107980654284176,0.004499433445909695,0.1714729329377832,0.640168179059829,11.898920471796298,0.05568531422944923,0.0148168298818049,0.0005732097632458407,1.366841675227397e-11,0.17508808695631975,47.33492474149177,47.51001282844809,veteran,Luke Willson,TE,10.0,32.4,21.0,15.0,129.0,2.0,0.0,0.0,0.0,0.0,0.0,0.0,0.0,0.0,0.0,0.0,0.0,0.0,0.0,0.0,0.0,0.0,0.0,0.0,0.0,0.0,0.0,0.0,0.0,16,35.8,3.540769230769231,0.8125,0.8125,26.628336755646817,0.8125,1.0,0.8125,0.0625,0.125,1.0,3.0,13.0,26.0,17.0,213.0,1.0,0.0,0.0,0.0,0.0,0.0,0.0,0.0,,4
00-0030108,2016,veteran,TE,7.638191522601132,2.740381344709123,20.931557555851516,13.357825924056678,149.63410225125162,1.1780788020319013,0.07360917580312737,0.2951987006795658,0.004273600947920436,0.12370168301361291,0.6381668391572912,11.201980255018086,0.056282424224209905,0.010334556796697036,0.0003568223560412808,1.366846130810439e-11,0.08302554056565947,28.518554109073165,28.601579649638825,veteran,Ryan Griffin,TE,16.0,79.2,74.0,50.0,442.0,2.0,0.0,0.0,0.0,0.0,0.0,0.0,0.0,0.0,0.0,1.0,0.0,0.0,0.0,0.0,0.0,0.0,0.0,0.0,0.0,0.0,0.0,0.0,0.0,16,47.1,3.95,0.6035156250000001,0.5625,26.639288158795345,0.6,1.0,0.6875,0.0,0.4375,0.0,7.0,9.0,34.0,20.0,251.0,2.0,0.0,0.0,0.0,0.0,0.0,0.0,0.0,,4
00-0030181,2016,veteran,TE,8.352283848583761,2.016080144374245,16.838873627307425,11.197868270454656,108.84460528751103,0.9780122360870325,0.07808201636658733,0.313136365492057,0.0045332850900581525,0.13505201681905735,0.665001027877256,9.720118388487858,0.058080620933041525,0.004108050268620837,0.00010670670156383378,1.366857474924543e-11,0.03564846912611052,22.139877393952062,22.17552586307817,veteran,Jack Doyle,TE,16.0,115.9,75.0,59.0,584.0,5.0,0.0,0.0,0.0,0.0,0.0,0.0,0.0,0.0,0.0,1.0,0.0,0.0,0.0,0.0,0.0,0.0,0.0,0.0,0.0,0.0,0.0,0.0,0.0,16,19.200000000000003,2.1711340206185565,0.6230670103092782,0.625,26.327173169062284,0.6062500000000001,1.0,0.6875,0.0,0.375,0.0,6.0,10.0,14.0,12.0,72.0,1.0,0.0,0.0,0.0,0.0,0.0,0.0,0.0,,4
00-0030216,2016,veteran,TE,11.864001317398653,2.7556173681081853,32.69264808548212,20.73538115144855,215.5926750554741,2.100377698909744,0.08518266327130794,0.3255759856634735,0.00441896206475081,0.18271501110013605,0.634252113723897,10.397333595211634,0.06424617832785659,0.008708395468988382,0.0002850369212542277,1.3668482418791494e-11,0.10838893325473353,44.22286562348473,44.33125455673946,veteran,Josh Hill,TE,8.0,28.400000000000002,22.0,15.0,149.0,1.0,0.0,0.0,0.0,0.0,0.0,0.0,0.0,0.0,0.0,0.0,0.0,0.0,0.0,0.0,0.0,0.0,0.0,0.0,0.0,0.0,0.0,0.0,0.0,16,32.0,2.80234375,0.83984375,0.875,26.28336755646817,0.8000000000000002,1.0,0.875,0.0,0.125,0.0,2.0,14.0,30.0,16.0,120.0,2.0,0.0,0.0,0.0,0.0,0.0,0.0,0.0,,4
00-0030422,2016,veteran,TE,11.438488801330701,2.9728011689832976,34.004352879998265,22.199251217231314,227.32815298872893,1.8842330296617864,0.08012635172616712,0.3213348697589069,0.004651975096232577,0.26787612688682555,0.6528355735976719,10.240352287750778,0.055411524410162,0.010679111854198009,0.00037252652710803347,1.3668457260004545e-11,0.12854461242788062,44.6621321692389,44.79067678166678,veteran,Dion Sims,TE,13.0,62.6,35.0,26.0,256.0,4.0,0.0,0.0,0.0,0.0,0.0,0.0,0.0,0.0,0.0,0.0,0.0,0.0,0.0,0.0,0.0,0.0,0.0,0.0,0.0,0.0,0.0,0.0,0.0,16,25.700000000000003,2.555241935483871,0.801915322580645,0.8125,25.53593429158111,0.7750000000000001,1.0,0.875,0.1875,0.0,3.0,3.0,13.0,25.0,18.0,127.0,1.0,0.0,0.0,0.0,0.0,0.0,0.0,0.0,,4
00-0030443,2016,veteran,TE,10.451205820978373,2.930575043772729,30.628042956291498,19.53221662598484,191.88748462699076,1.6422405026551956,0.07730649698508067,0.31002625983913024,0.004488259991926342,0.20818180024848146,0.6377232999790019,9.824153003285439,0.05361885201084494,0.008915154195723536,0.000293942454428314,1.3668479527422533e-11,0.09778219134710057,38.449868377061186,38.54765056840829,veteran,Levine Toilolo,TE,13.0,44.9,19.0,13.0,264.0,2.0,0.0,0.0,0.0,0.0,0.0,0.0,0.0,0.0,0.0,0.0,0.0,0.0,0.0,0.0,0.0,0.0,0.0,0.0,0.0,0.0,0.0,0.0,0.0,16,9.9,1.9655601659751034,0.7730809128630706,0.6875,25.09240246406571,0.753125,1.0,0.9375,0.0,0.3125,0.0,5.0,11.0,12.0,7.0,44.0,0.0,0.0,0.0,0.0,0.0,0.0,0.0,0.0,,4
00-0030470,2016,veteran,TE,11.07766490353207,3.1888533315839447,35.32504863379877,22.457533597654205,246.7720929771175,1.9761710770102592,0.08000422338100022,0.3208450921134427,0.004644884569732604,0.2260712978376377,0.635739637062155,10.988388012604108,0.05594248708604669,0.013858893683501818,0.0005248714474644419,1.3668425034002025e-11,0.1622457054810032,47.37081377955487,47.53305948503588,veteran,Vance McDonald,TE,10.0,75.1,45.0,24.0,391.0,4.0,0.0,0.0,0.0,0.0,0.0,0.0,0.0,0.0,0.0,0.0,0.0,0.0,0.0,0.0,0.0,0.0,0.0,0.0,0.0,0.0,0.0,0.0,0.0,16,65.6,3.7562499999999996,0.7668269230769231,0.875,26.220396988364133,0.65,1.0,0.875,0.0625,0.0625,1.0,2.0,14.0,46.0,30.0,326.0,3.0,0.0,0.0,0.0,0.0,0.0,0.0,0.0,,4
00-0030472,2016,veteran,TE,11.614224675270133,6.706524932882532,77.89108736079868,54.3545907883008,576.2157146226823,4.813022471736568,0.09171743149933276,0.38765448721617335,0.004757961713184051,0.41444864263160713,0.6978281165407967,10.601049631059059,0.0617916970325784,0.08443291493549603,0.0060221145125876245,1.3668195266380837e-11,1.0855361308204095,112.91541762057555,114.00095375139597,veteran,Jordan Reed,TE,12.0,135.6,89.0,66.0,686.0,6.0,0.0,0.0,0.0,0.0,0.0,0.0,0.0,0.0,0.0,1.0,0.0,0.0,0.0,0.0,0.0,0.0,0.0,0.0,0.0,0.0,0.0,0.0,0.0,16,202.7,11.87165991902834,0.7907388663967613,0.875,26.16563997262149,0.771875,1.0,0.875,0.125,0.0,2.0,2.0,14.0,114.0,87.0,952.0,11.0,0.0,0.0,0.0,0.0,0.0,0.0,0.0,,4
00-0030506,2016,veteran,TE,13.409181516400238,6.014843906506626,80.65413373516125,54.60354859379634,639.0783105925942,4.388882901235502,0.055162931568922685,0.22122276940546767,0.00320264904573218,0.5852809919568476,0.6770086797174522,11.703970292238509,0.05441609373236829,0.07735052002607677,0.005324058337843208,1.3668206907516048e-11,1.1442940607682397,116.41367895087186,117.5579730116401,veteran,Travis Kelce,TE,16.0,188.0,117.0,85.0,1125.0,4.0,1.0,-5.0,0.0,0.0,0.0,0.0,0.0,0.0,0.0,0.0,7.5,0.0,0.0,7.5,6.0,1.0,0.0,0.0,0.0,0.0,0.0,0.0,0.0,16,154.5,9.572426470588235,1.0,1.0,26.90759753593429,0.8500000000000001,1.0,1.0,0.0,0.0,0.0,0.0,16.0,103.0,72.0,875.0,5.0,0.0,0.0,0.0,0.0,0.0,0.0,0.0,,4
00-0030514,2016,veteran,TE,13.557210672222087,4.481907742026914,60.76216747212208,38.9845087609083,388.6219823723805,3.0625858978530585,0.06696736874063956,0.2685627168688699,0.003887990965897698,0.2571283253711866,0.6415918059340879,9.968625865104425,0.050402841525661254,0.024663301688923105,0.001125681055573303,1.3668353291776892e-11,0.35725722007011573,76.26589557155044,76.62315279162056,veteran,Mychal Rivera,TE,10.0,34.199999999999996,25.0,18.0,192.0,1.0,0.0,0.0,0.0,0.0,0.0,0.0,0.0,0.0,0.0,0.0,0.0,0.0,0.0,0.0,0.0,0.0,0.0,0.0,0.0,0.0,0.0,0.0,0.0,16,50.0,4.639158576051781,0.966626213592233,0.9375,25.982203969883642,0.9656250000000001,1.0,1.0,0.0,0.0625,0.0,1.0,15.0,46.0,32.0,280.0,1.0,0.0,0.0,0.0,0.0,0.0,0.0,0.0,,4
00-0030549,2016,veteran,TE,10.749686972272098,5.624658938115262,60.463322910531446,39.98663152006686,449.70172319932095,4.776894285776168,0.06776461364120764,0.27175994949922233,0.0039342774040437385,0.17381675863722698,0.6613369824089179,11.246301728957665,0.07900482566670401,0.05798948762547644,0.0035697967088299852,1.366824462846208e-11,0.6809301357120311,93.32800193672227,94.0089320724343,veteran,Tyler Eifert,TE,8.0,84.9,47.0,29.0,394.0,5.0,0.0,0.0,0.0,0.0,0.0,0.0,0.0,0.0,0.0,0.0,1.0,0.0,0.0,1.0,1.0,0.0,0.0,0.0,0.0,0.0,0.0,0.0,0.0,16,166.5,10.77680412371134,0.818298969072165,0.8125,25.982203969883642,0.60625,1.0,0.9375,0.1875,0.0,3.0,3.0,13.0,74.0,52.0,615.0,13.0,0.0,0.0,0.0,0.0,0.0,0.0,0.0,,4
00-0030780,2016,veteran,TE,7.324200393889835,1.8269334775654602,13.380826895995469,8.652695769966643,94.34568306653058,0.7040190948073399,0.09274797334085566,0.3602914555040556,0.004270536866839819,0.1229626131778879,0.6466488085692349,10.903617274283793,0.05261402006613167,0.00400267185993976,0.00010314845171725068,1.3668577936037446e-11,0.030449590909450278,17.800757900876086,17.831207491785538,veteran,Ryan Hewitt,TE,4.0,2.3,3.0,2.0,13.0,0.0,0.0,0.0,0.0,0.0,0.0,0.0,0.0,0.0,0.0,0.0,0.0,0.0,0.0,0.0,0.0,0.0,0.0,0.0,0.0,0.0,0.0,0.0,0.0,16,13.9,1.5952380952380956,0.5420918367346939,0.5625,25.60438056125941,0.459375,1.0,0.5625,0.0625,0.375,1.0,7.0,9.0,12.0,8.0,99.0,0.0,0.0,0.0,0.0,0.0,0.0,0.0,0.0,,4
00-0030992,2016,veteran,TE,8.570480648542302,4.030337818732497,34.54193228253506,22.628165952532783,257.94513219430075,2.094705651991946,0.08049243715000848,0.32280300114710136,0.0046732292808811405,0.14193411842296486,0.6550926499260709,11.39929469915474,0.06064239935561052,0.027563303279691583,0.001305507473693989,1.3668339350631514e-11,0.2530139974125203,49.45328154660221,49.706295544014736,veteran,Crockett Gillmore,TE,5.0,17.1,14.0,8.0,71.0,1.0,0.0,0.0,0.0,0.0,0.0,0.0,0.0,0.0,0.0,0.0,0.0,0.0,0.0,0.0,0.0,0.0,0.0,0.0,0.0,0.0,0.0,0.0,0.0,16,82.7,6.392073170731708,0.6044207317073171,0.625,24.79397672826831,0.5125,1.0,0.625,0.25,0.125,4.0,6.0,10.0,47.0,33.0,412.0,4.0,0.0,0.0,0.0,0.0,0.0,0.0,0.0,,4
00-0031042,2016,veteran,TE,4.596243046155881,4.3063071712937875,19.792834390670272,12.923659493025854,135.54043098215266,1.0815263697583213,0.0207377540447651,0.08316569207893476,0.0012039923606872345,0.08122734931482112,0.6529463763470716,10.487774848547808,0.05464231895297013,0.02631099206690283,0.0012269756213729613,1.3668345186841855e-11,0.12939093170191815,26.358116888020493,26.48750781972241,veteran,Jace Amaro,TE,1.0,7.4,4.0,3.0,59.0,0.0,0.0,0.0,0.0,0.0,0.0,0.0,0.0,0.0,0.0,0.0,0.0,0.0,0.0,0.0,0.0,0.0,0.0,0.0,0.0,0.0,0.0,0.0,0.0,16,0.0,4.678571428571429,0.875,0.0,24.18343600273785,0.2625,0.0,0.875,0.0,1.0,0.0,16.0,0.0,0.0,0.0,0.0,0.0,0.0,0.0,0.0,0.0,0.0,0.0,0.0,,4
00-0031273,2016,veteran,TE,9.590716168662501,3.231404300025246,30.991481467737657,20.44468479249996,231.36079092398288,1.875541531135417,0.07071310553018965,0.2835844396540863,0.004105460922867405,0.1621876581385295,0.6596872374037045,11.31642738795643,0.06051796952939693,0.016627241731951695,0.0006674094475257835,1.3668402448157316e-11,0.16906855825032402,44.34028656868633,44.509355126936654,veteran,Cameron Brate,TE,15.0,142.5,81.0,57.0,660.0,8.0,0.0,0.0,0.0,0.0,0.0,0.0,0.0,0.0,0.0,0.0,0.0,0.0,0.0,0.0,0.0,0.0,0.0,0.0,0.0,0.0,0.0,0.0,0.0,16,58.300000000000004,4.742753623188405,0.7201086956521738,0.75,25.166324435318277,0.43125,1.0,0.75,0.0,0.25,0.0,4.0,12.0,30.0,23.0,288.0,3.0,0.0,0.0,0.0,0.0,0.0,0.0,0.0,,4
00-0031299,2016,veteran,TE,14.523091758011454,7.815938893589574,113.5115977266119,73.9980863839356,855.6175702440352,6.865642173190635,0.05974535551155996,0.23959990213478136,0.0034686953788334394,0.3344796987193802,0.6518989060673519,11.562698605538305,0.060484058992159175,0.12185476475745496,0.010199989228948748,1.3668145362719484e-11,1.9919109993745532,163.13046602056286,165.1223770199374,veteran,Jordan Matthews,TE,14.0,135.9,117.0,73.0,804.0,3.0,0.0,0.0,0.0,0.0,0.0,0.0,0.0,0.0,0.0,0.0,1.0,0.0,0.0,1.0,1.0,0.0,0.0,0.0,0.0,0.0,0.0,0.0,0.0,16,193.7,11.62095588235294,1.0,1.0,24.128678986995208,0.8500000000000001,1.0,1.0,0.0,0.0,0.0,0.0,16.0,128.0,85.0,997.0,8.0,0.0,0.0,0.0,0.0,0.0,0.0,0.0,,4
00-0031302,2016,veteran,TE,11.636285376782507,2.6741381748707687,31.11703493974459,20.216983403237915,214.3894535158801,1.7525268660097029,0.08000290742255461,0.3208398146569429,0.004644808167827553,0.28149682749809163,0.6497078993029487,10.60442348098005,0.056320496776229405,0.008985943139776392,0.00029700676916427193,1.3668478552742503e-11,0.10974708235932719,41.55955742474166,41.66930450710099,veteran,C.J. Fiedorowicz,TE,15.0,106.9,89.0,54.0,559.0,4.0,0.0,0.0,0.0,0.0,0.0,0.0,0.0,0.0,0.0,0.0,0.0,0.0,0.0,0.0,0.0,0.0,0.0,0.0,0.0,0.0,0.0,0.0,0.0,16,29.200000000000003,1.9108910891089106,0.7858910891089109,0.875,24.862422997946613,0.6312500000000001,1.0,0.875,0.0,0.125,0.0,2.0,14.0,24.0,17.0,167.0,1.0,0.0,0.0,0.0,0.0,0.0,0.0,0.0,,4
00-0031384,2016,veteran,TE,13.90473750931185,5.300366731385615,73.7002081030062,48.34300538298545,482.6928668054107,4.805127083453725,0.10361476612817652,0.45477158991163336,0.0038363796944378406,0.21447758943872217,0.6559412331023466,9.984750906183766,0.065198283792332,0.038124800713191166,0.0020172761576217023,1.3668298399319733e-11,0.5721898900751411,100.91109213103651,101.48328202111165,veteran,Richard Rodgers,TE,15.0,54.1,47.0,30.0,271.0,2.0,0.0,0.0,0.0,0.0,0.0,0.0,0.0,0.0,0.0,0.0,0.0,0.0,0.0,0.0,0.0,0.0,0.0,0.0,0.0,0.0,0.0,0.0,0.0,16,132.1,6.772047244094487,0.9424212598425196,1.0,24.61054072553046,0.7937500000000001,1.0,1.0,0.0,0.0,0.0,0.0,16.0,85.0,58.0,510.0,8.0,1.0,11.0,0.0,0.0,0.0,0.0,0.0,,4
00-0031387,2016,veteran,TE,12.671585917510587,5.576215018283995,70.65948769869851,45.32504840025712,495.08828679840366,4.005005028008882,0.07989065634871913,0.3203896483456837,0.004638291095868597,0.19978295268222718,0.6414573594635893,10.92306140362765,0.05668035756339981,0.04977143309008248,0.0028957269652415945,1.3668264353721744e-11,0.6857231705355734,95.86168585406755,96.54740902460311,veteran,Eric Ebron,TE,13.0,113.7,85.0,61.0,711.0,1.0,1.0,1.0,1.0,0.0,0.0,0.0,0.0,0.0,0.0,0.0,0.0,0.0,0.0,0.0,0.0,0.0,0.0,0.0,0.0,0.0,0.0,0.0,0.0,16,107.2,6.367256637168142,0.8351769911504424,0.875,23.394934976043807,0.70625,1.0,0.875,0.125,0.0,2.0,2.0,14.0,70.0,47.0,537.0,5.0,0.0,0.0,0.0,0.0,0.0,0.0,0.0,,4
00-0031418,2016,veteran,TE,6.631038596660008,4.912539019988286,32.575235849140654,20.308680994434358,241.27738948518902,2.0012451743294144,0.07240513420786193,0.29037007013712995,0.004203696710483731,0.14336286940700516,0.6234392619131293,11.880505166795995,0.06143455671656197,0.04240247518241994,0.0023290661485791918,1.366828486710863e-11,0.3043386409979189,46.05708394017517,46.36142258117309,veteran,Austin Seferian-Jenkins,TE,9.0,27.9,20.0,13.0,154.0,1.0,0.0,0.0,0.0,0.0,0.0,0.0,0.0,0.0,0.0,0.0,0.0,0.0,0.0,0.0,0.0,0.0,0.0,0.0,0.0,0.0,0.0,0.0,0.0,16,69.3,7.7702290076335885,0.48902671755725186,0.4375,23.923340177960302,0.40937500000000004,1.0,0.5625,0.375,0.1875,6.0,9.0,7.0,39.0,21.0,338.0,4.0,0.0,0.0,0.0,0.0,0.0,0.0,0.0,,4
00-0031462,2016,veteran,TE,5.309066760098596,1.7921642405915352,9.514719598361863,6.047215252224398,63.94201603663477,0.5078033806964439,0.059870891644251745,0.24010334620754298,0.00347598375463464,0.0943680088771359,0.6355642107693368,10.573795270990964,0.05337029383229242,0.0034446316793085596,8.479868720358227e-05,1.366859634253602e-11,0.018963082531833465,12.32075973334863,12.339722815880464,veteran,,,0.0,0.0,0.0,0.0,0.0,0.0,0.0,0.0,0.0,0.0,0.0,0.0,0.0,0.0,0.0,0.0,0.0,0.0,0.0,0.0,0.0,0.0,0.0,0.0,0.0,0.0,0.0,0.0,0.0,16,9.9,1.4142857142857144,0.4375,0.4375,25.27310061601643,0.24062500000000003,1.0,0.4375,0.125,0.4375,2.0,9.0,7.0,16.0,8.0,59.0,0.0,0.0,0.0,0.0,0.0,0.0,0.0,0.0,,4
00-0031558,2016,veteran,TE,12.454422760532312,4.860644396684466,60.53652020492086,39.26801304967052,396.42099878370124,3.0948019379804497,0.06338705128645905,0.2542043838354826,0.003680124923395537,0.20791704258795765,0.6486665060486665,10.0952650260726,0.05112289123167805,0.03131060842190838,0.0015481693180949328,1.3668323310521346e-11,0.41887788730505154,77.4765851338361,77.89546302114115,veteran,Maxx Williams,TE,2.0,0.0,0.0,0.0,0.0,0.0,0.0,0.0,0.0,0.0,0.0,0.0,0.0,0.0,0.0,0.0,0.0,0.0,0.0,0.0,0.0,0.0,0.0,0.0,0.0,0.0,0.0,0.0,0.0,16,48.8,3.4857142857142853,0.875,0.875,22.390143737166323,0.48125000000000007,1.0,0.875,0.125,0.0,2.0,2.0,14.0,48.0,32.0,268.0,1.0,0.0,0.0,0.0,0.0,0.0,0.0,0.0,,4
00-0031585,2016,veteran,TE,9.077682010673321,2.309157375629535,20.961796368565846,13.491566681929521,144.04923917274954,1.1187372314430395,0.07027344107631546,0.2818212304603605,0.004079934887473814,0.15564163100202622,0.6436264547518158,10.676983820247337,0.05337029383229242,0.0064018919610049,0.00019051080786647244,1.3668520282842403e-11,0.06070843453695777,27.604509117264776,27.665217551801735,veteran,MyCole Pruitt,TE,2.0,2.3,2.0,2.0,13.0,0.0,0.0,0.0,0.0,0.0,0.0,0.0,0.0,0.0,0.0,0.0,0.0,0.0,0.0,0.0,0.0,0.0,0.0,0.0,0.0,0.0,0.0,0.0,0.0,16,13.899999999999999,1.2636363636363634,0.6875,0.6875,24.44079397672827,0.37812500000000004,1.0,0.6875,0.0,0.3125,0.0,5.0,11.0,16.0,10.0,89.0,0.0,0.0,0.0,0.0,0.0,0.0,0.0,0.0,,4
00-0031598,2016,veteran,TE,7.7132131874408145,3.1741286857079802,24.482731237236973,16.09444420371241,167.71473809493207,1.2759352274389704,0.0733466596588471,0.2941459185521553,0.004258359787687354,0.13464282701666766,0.6573794421773331,10.420660444816498,0.052115722509682195,0.013113057116932406,0.00048799080598258443,1.366843188265337e-11,0.10678977097292483,32.259986372531245,32.36677614350417,veteran,Nick Boyle,TE,4.0,7.4,6.0,6.0,44.0,0.0,0.0,0.0,0.0,0.0,0.0,0.0,0.0,0.0,0.0,0.0,0.0,0.0,0.0,0.0,0.0,0.0,0.0,0.0,0.0,0.0,0.0,0.0,0.0,16,26.3,2.9222222222222225,0.5625,0.5625,23.537303216974674,0.309375,1.0,0.5625,0.0625,0.375,1.0,7.0,9.0,23.0,18.0,153.0,0.0,0.0,0.0,0.0,0.0,0.0,0.0,0.0,,4
00-0032004,2016,veteran,TE,10.643835506880748,4.699190186071728,50.0174073560958,32.606285142826025,355.8677770048691,2.7442785670581538,0.06358054277181328,0.2549803527883465,0.003691358650525372,0.2686689415372672,0.6518987461842558,10.914085288957441,0.054866469737634226,0.03501202435189599,0.0017986690033331696,1.366830919643161e-11,0.4013793337596555,67.8658999783563,68.26727931211595,veteran,Will Tye,TE,16.0,69.5,70.0,48.0,395.0,1.0,0.0,0.0,0.0,0.0,0.0,0.0,0.0,0.0,0.0,0.0,0.0,0.0,0.0,0.0,0.0,0.0,0.0,0.0,0.0,0.0,0.0,0.0,0.0,16,83.4,6.415384615384616,0.8125,0.8125,24.826830937713893,0.446875,1.0,0.8125,0.0,0.1875,0.0,3.0,13.0,62.0,42.0,464.0,3.0,0.0,0.0,0.0,0.0,0.0,0.0,0.0,,4
00-0032062,2016,veteran,TE,7.10890327101003,2.622128591209513,18.640458519058228,11.939150148253644,133.33317853336715,0.964969665861338,0.06760014226178011,0.2711003613843406,0.003924728525994795,0.12409391652176098,0.6404965916501953,11.16772775932213,0.051767485487266396,0.009358462896566881,0.0003132590073613576,1.3668473545761786e-11,0.06986879966452278,24.895181496882444,24.965050296546966,veteran,Blake Bell,TE,8.0,10.5,9.0,4.0,85.0,0.0,0.0,0.0,0.0,0.0,0.0,0.0,0.0,0.0,0.0,0.0,0.0,0.0,0.0,0.0,0.0,0.0,0.0,0.0,0.0,0.0,0.0,0.0,0.0,16,26.099999999999998,2.9,0.5625,0.5625,25.07049965776865,0.309375,1.0,0.5625,0.0,0.4375,0.0,7.0,9.0,25.0,15.0,186.0,0.0,0.0,0.0,0.0,0.0,0.0,0.0,0.0,,4
00-0032214,2016,veteran,TE,10.157963981375376,2.742770786744859,27.860966860922883,18.11733809210039,199.80505842211613,1.5866689934393512,0.06965724057148596,0.27935004957293597,0.0040441595234269245,0.17261615370565478,0.6502767180528587,11.02838934761813,0.05694953091038541,0.010430503054455567,0.000361178649036894,1.3668460167593703e-11,0.11145593417411083,38.26615650358446,38.37761243775857,veteran,Tyler Kroft,TE,9.0,14.200000000000001,12.0,10.0,92.0,0.0,0.0,0.0,0.0,0.0,0.0,0.0,0.0,0.0,0.0,0.0,0.0,0.0,0.0,0.0,0.0,0.0,0.0,0.0,0.0,0.0,0.0,0.0,0.0,16,24.4,2.033333333333333,0.75,0.75,23.87953456536619,0.41250000000000003,1.0,0.75,0.0,0.25,0.0,4.0,12.0,15.0,11.0,129.0,1.0,0.0,0.0,0.0,0.0,0.0,0.0,0.0,,4
00-0032256,2016,veteran,TE,12.347625311231162,3.975226514874787,49.084607532945164,30.8960000395416,343.5754111803667,2.79288932615322,0.051928941005719126,0.2082533290897522,0.003014890047133458,0.2043229836488842,0.6294437623608271,11.120384863433742,0.05689949388468996,0.023043789145551205,0.001028433676267745,1.366836178974013e-11,0.3035841449958348,66.19314580062078,66.49672994561662,veteran,Clive Walford,TE,15.0,70.4,52.0,33.0,359.0,3.0,0.0,0.0,0.0,0.0,0.0,0.0,0.0,0.0,0.0,0.0,0.0,0.0,0.0,0.0,0.0,0.0,0.0,0.0,0.0,0.0,0.0,0.0,0.0,16,64.9,4.326666666666667,0.9375,0.9375,24.865160848733744,0.515625,1.0,0.9375,0.0,0.0625,0.0,1.0,15.0,50.0,28.0,329.0,3.0,0.0,0.0,0.0,0.0,0.0,0.0,0.0,,4
00-0032392,2016,rookie,TE,9.077204662560858,2.2370373450825145,20.306045819105762,12.995869324227687,141.30107026409166,0.9572850171864146,0.1841523412497132,1.0588759621858508,0.0,0.037509110175871316,0.64,10.872767857142858,0.047142857142857146,0.006129575667440768,0.00017998211073161452,1.366852562528844e-11,0.058090014758222765,26.402621167508343,26.460711182266564,rookie,Austin Hooper,TE,13.0,54.6,27.0,19.0,271.0,3.0,0.0,0.0,0.0,0.0,0.0,0.0,0.0,0.0,0.0,0.0,0.0,0.0,0.0,0.0,0.0,0.0,0.0,0.0,0.0,0.0,0.0,0.0,0.0,16,0.0,,,0.0,21.842573579739906,0.0,0.0,0.0,0.0,1.0,0.0,16.0,0.0,0.0,0.0,0.0,0.0,0.0,0.0,0.0,0.0,0.0,0.0,0.0,,4
00-0032394,2016,rookie,TE,7.270189060452999,2.5698309636788923,18.68315695935167,11.95722045398507,130.00808221286,0.8807773995122931,0.14105255063738753,0.8110521661649783,0.0,0.030042103555590907,0.64,10.872767857142858,0.047142857142857146,0.008395807849872816,0.00027170119431721955,1.366848692194267e-11,0.06400208915851134,24.285103854857606,24.349105944016117,rookie,Nick Vannett,TE,3.0,4.7,4.0,3.0,32.0,0.0,0.0,0.0,0.0,0.0,0.0,0.0,0.0,0.0,0.0,0.0,0.0,0.0,0.0,0.0,0.0,0.0,0.0,0.0,0.0,0.0,0.0,0.0,0.0,16,0.0,,,0.0,23.49075975359343,0.0,0.0,0.0,0.0,1.0,0.0,16.0,0.0,0.0,0.0,0.0,0.0,0.0,0.0,0.0,0.0,0.0,0.0,0.0,,4
00-0033080,2016,rookie,TE,6.035743984552659,2.1562241310117276,13.01441682810132,8.329226769984844,90.56174909954504,0.6135367933247765,0.13458063012400284,0.7738386232130163,0.0,0.02494109084525892,0.64,10.872767857142858,0.047142857142857146,0.005640526484676176,0.00016144250718978792,1.3668535840687978e-11,0.03550641242702655,16.929510735526367,16.965017147953393,rookie,Seth DeValve,TE,8.0,29.700000000000003,12.0,10.0,127.0,2.0,0.0,0.0,0.0,0.0,0.0,0.0,0.0,0.0,0.0,0.0,0.0,0.0,0.0,0.0,0.0,0.0,0.0,0.0,0.0,0.0,0.0,0.0,0.0,16,0.0,,,0.0,23.589322381930184,0.0,0.0,0.0,0.0,1.0,0.0,16.0,0.0,0.0,0.0,0.0,0.0,0.0,0.0,0.0,0.0,0.0,0.0,0.0,,4
00-0033090,2016,rookie,TE,11.685323088946467,3.17420146717979,37.09156969340375,23.7386046037784,258.10433710938526,1.7486025712604625,0.16153122336367978,0.9288045343411587,0.0,0.048286459045233335,0.64,10.872767857142858,0.047142857142857146,0.013592113584664209,0.0005116022997091926,1.3668427441015507e-11,0.16779559626562449,48.16765897573414,48.33545457199977,rookie,Hunter Henry,TE,13.0,111.8,53.0,36.0,478.0,8.0,0.0,0.0,0.0,0.0,0.0,0.0,0.0,0.0,0.0,1.0,0.0,0.0,0.0,0.0,0.0,0.0,0.0,0.0,0.0,0.0,0.0,0.0,0.0,16,0.0,,,0.0,21.73579739904175,0.0,0.0,0.0,0.0,1.0,0.0,16.0,0.0,0.0,0.0,0.0,0.0,0.0,0.0,0.0,0.0,0.0,0.0,0.0,,4
00-0033110,2016,rookie,TE,6.6535403275067395,2.441819305737556,16.246743223209336,10.397915662853976,113.05412320036098,0.7659178948084402,0.13585678843617094,0.7811765335079829,0.0,0.027493968295482396,0.64,10.872767857142858,0.047142857142857146,0.0074754239711632515,0.00023336347760953343,1.366850121654372e-11,0.05206707500309649,21.12300723707356,21.175074312076656,rookie,Tyler Higbee,TE,12.0,20.0,29.0,11.0,85.0,1.0,0.0,0.0,0.0,0.0,0.0,0.0,0.0,0.0,0.0,0.0,0.0,0.0,0.0,0.0,0.0,0.0,0.0,0.0,0.0,0.0,0.0,0.0,0.0,16,0.0,,,0.0,23.665982203969882,0.0,0.0,0.0,0.0,1.0,0.0,16.0,0.0,0.0,0.0,0.0,0.0,0.0,0.0,0.0,0.0,0.0,0.0,0.0,,4
00-0021547,2017,veteran,TE,6.111402065083922,7.355000637586111,44.94936608523732,28.473355514933182,307.6026677854299,2.856701916518422,0.05048201352808645,0.16554804669313333,0.008087703570681023,0.14223599325196598,0.6334539949003788,10.803175889266164,0.0635537753992185,0.09618236764560835,0.008591725604128297,1.3671165831026148e-11,0.666570354820688,61.91776507470958,62.58433542953026,veteran,Antonio Gates,TE,16.0,64.6,52.0,30.0,316.0,3.0,0.0,0.0,0.0,0.0,0.0,0.0,0.0,0.0,0.0,0.0,0.0,0.0,0.0,0.0,0.0,0.0,0.0,0.0,0.0,0.0,0.0,0.0,0.0,16,121.3,10.218287937743192,0.8154182879377433,0.8125,37.204654346338124,0.803125,1.0,1.0,0.125,0.0625,2.0,3.0,13.0,93.0,53.0,548.0,7.0,0.0,0.0,0.0,0.0,0.0,0.0,0.0,,5
00-0022127,2017,veteran,TE,9.272138234832937,6.307998547382455,58.48863451645549,40.23660632849821,401.21220764762654,2.641445491837869,0.07472652331146393,0.2450542105159701,0.011971906965922768,0.2490937800168545,0.6879388903698519,9.971323236658298,0.04516168848316524,0.06567382990819882,0.004610758906350306,1.3671219372996283e-11,0.6730642204939987,75.6863461828524,76.3594104033464,veteran,Jason Witten,TE,16.0,115.5,87.0,63.0,560.0,5.0,0.0,0.0,0.0,0.0,0.0,0.0,0.0,0.0,0.0,1.0,0.0,0.0,0.0,0.0,0.0,0.0,0.0,0.0,0.0,0.0,0.0,0.0,0.0,16,118.8,7.95631067961165,0.966626213592233,0.9375,35.32375085557837,0.9656250000000001,1.0,1.0,0.0,0.0625,0.0,1.0,15.0,95.0,69.0,673.0,3.0,0.0,0.0,0.0,0.0,0.0,0.0,0.0,,5
00-0022943,2017,veteran,TE,0.18987100822666925,5.558412487695978,1.0553813831785441,0.6911065239153841,7.425346461623823,0.05731231753658132,0.0007326605913869246,0.0024026484150767758,0.00011737926574106506,0.004055636769117553,0.6548405485739615,10.744141756261222,0.054304840363936485,0.05059934135299692,0.003040278374178882,1.3671255102819893e-11,0.010473239043783097,1.424795080237281,1.4352683192810642,veteran,Benjamin Watson,TE,16.0,106.7,79.0,61.0,522.0,4.0,0.0,0.0,0.0,0.0,0.0,0.0,0.0,0.0,0.0,0.0,0.0,0.0,0.0,0.0,0.0,0.0,0.0,0.0,0.0,0.0,0.0,0.0,0.0,16,0.0,7.3744680851063835,0.9800531914893617,0.0,36.70362765229295,0.440625,0.0,1.0,0.0,1.0,0.0,16.0,0.0,0.0,0.0,0.0,0.0,0.0,0.0,0.0,0.0,0.0,0.0,0.0,,5
00-0023465,2017,veteran,TE,1.1473471636395756,5.010861806144708,5.749198080670011,3.8736060991963637,40.15656132703281,0.2774085192292864,0.007364547608531237,0.023731117433465367,0.0008986018803179379,0.02147718216221642,0.6737645920080969,10.366712644159632,0.04825168925071324,0.03788091080103474,0.0019265462035138352,1.367129419331586e-11,0.046778181578355706,7.581720656378002,7.628498837956358,veteran,,,0.0,0.0,0.0,0.0,0.0,0.0,0.0,0.0,0.0,0.0,0.0,0.0,0.0,0.0,0.0,0.0,0.0,0.0,0.0,0.0,0.0,0.0,0.0,0.0,0.0,0.0,0.0,0.0,0.0,16,0.0,7.076086956521739,0.9592391304347826,0.0,34.861054072553046,0.43125,0.0,1.0,0.0,1.0,0.0,16.0,0.0,0.0,0.0,0.0,0.0,0.0,0.0,0.0,0.0,0.0,0.0,0.0,,5
00-0024221,2017,veteran,TE,9.692700064527566,4.103261572213156,39.771683705763934,26.4012354732876,302.82733863879304,1.7911473797707174,0.08512649924961911,0.27994271390191056,0.011965145078416643,0.13767207034928877,0.6638199093759107,11.470195739331574,0.04503574435072595,0.02809877691111793,0.0012092375737661016,1.3671334063496844e-11,0.2899341827084705,54.05467688030953,54.344611063018,veteran,Vernon Davis,TE,16.0,100.3,69.0,43.0,648.0,3.0,0.0,0.0,0.0,0.0,0.0,0.0,0.0,0.0,0.0,2.0,0.0,0.0,0.0,0.0,0.0,0.0,0.0,0.0,0.0,0.0,0.0,0.0,0.0,16,92.3,5.375886524822695,0.8856382978723404,0.9375,33.58521560574949,0.88125,1.0,0.9375,0.0,0.0625,0.0,1.0,15.0,59.0,44.0,583.0,2.0,0.0,0.0,0.0,0.0,0.0,0.0,0.0,,5
00-0024243,2017,veteran,TE,6.037894720631934,2.7790434009136993,16.77957147878384,10.566838100731365,112.94822930174148,0.818040914782296,0.049612195821886584,0.16269561248584138,0.007948350417416638,0.08980064160687933,0.6297442168944611,10.688933456255373,0.04875219345241506,0.007223141476646923,0.00015065175273253265,1.3671512179479496e-11,0.04497699708703487,21.37084584977293,21.415822846859964,veteran,Marcedes Lewis,TE,16.0,75.8,48.0,24.0,318.0,5.0,0.0,0.0,0.0,0.0,0.0,0.0,0.0,0.0,0.0,0.0,0.0,0.0,0.0,0.0,0.0,0.0,0.0,0.0,0.0,0.0,0.0,0.0,0.0,16,32.9,2.9924107142857146,0.7371651785714286,0.625,33.28678986995209,0.7,1.0,0.9375,0.0,0.375,0.0,6.0,10.0,30.0,20.0,169.0,1.0,0.0,0.0,0.0,0.0,0.0,0.0,0.0,,5
00-0024268,2017,veteran,TE,7.678912597283706,2.5966737750636772,19.939630962372707,12.819324133709808,137.64265265627543,1.18694603803286,0.0639405631731551,0.20968330298246646,0.010243892526179993,0.1111267597162338,0.6429067898949911,10.737122427096535,0.05952698123012904,0.006453529234907249,0.00012693334699922238,1.3671526824252308e-11,0.051018152264764444,27.155781726702465,27.206799878967228,veteran,Anthony Fasano,TE,11.0,22.7,16.0,12.0,107.0,1.0,0.0,0.0,0.0,0.0,0.0,0.0,0.0,0.0,0.0,0.0,0.0,0.0,0.0,0.0,0.0,0.0,0.0,0.0,0.0,0.0,0.0,0.0,0.0,16,24.3,2.976744186046512,0.811046511627907,0.75,33.36618754277892,0.80625,1.0,0.875,0.0,0.25,0.0,4.0,12.0,14.0,8.0,83.0,2.0,0.0,0.0,0.0,0.0,0.0,0.0,0.0,,5
00-0024313,2017,veteran,TE,1.2587640440768357,4.628328467477366,5.825973459037753,3.7052825295825653,40.64547748001909,0.30126705446184293,0.00485722816539188,0.015928537293309848,0.0007781746176783575,0.0201073792531267,0.635993719441789,10.96960276456926,0.051711024188497025,0.030650868240193897,0.0013841548674047755,1.36713225009413e-11,0.04119569746269526,7.690838482493397,7.732034179956092,veteran,,,0.0,0.0,0.0,0.0,0.0,0.0,0.0,0.0,0.0,0.0,0.0,0.0,0.0,0.0,0.0,0.0,0.0,0.0,0.0,0.0,0.0,0.0,0.0,0.0,0.0,0.0,0.0,0.0,0.0,16,0.0,6.129787234042554,0.9800531914893617,0.0,34.81177275838467,0.440625,0.0,1.0,0.0,1.0,0.0,16.0,0.0,0.0,0.0,0.0,0.0,0.0,0.0,0.0,0.0,0.0,0.0,0.0,,5
00-0024389,2017,veteran,TE,10.291794400626118,6.927605538257075,71.29749188838065,46.52814684765104,547.8946273669266,3.8802986528772307,0.1373179015701229,0.6356065421638067,0.001731863952550351,0.14419180460555872,0.652591635628542,11.77555231591148,0.054424055462596196,0.11044546230898034,0.010820271408250367,1.3671145926635812e-11,1.3037220038865571,101.1208963065021,102.42461831038867,veteran,Delanie Walker,TE,16.0,137.5,111.0,74.0,807.0,3.0,2.0,-2.0,1.0,0.0,0.0,0.0,0.0,0.0,0.0,2.0,0.0,0.0,0.0,0.0,0.0,0.0,0.0,0.0,0.0,0.0,0.0,0.0,0.0,16,156.6,11.189999999999998,0.9375,0.9375,33.054072553045856,0.9375,1.0,0.9375,0.0,0.0625,0.0,1.0,15.0,102.0,65.0,800.0,7.0,2.0,11.0,0.0,0.0,0.0,0.0,0.0,,5
00-0025418,2017,veteran,TE,11.511579111613479,7.159898726101808,82.42174061666152,52.613366734827984,667.8648350003302,3.7047449572596243,0.09213084177963951,0.3021290125111137,0.014760245995664893,0.21098535339874483,0.6383433101653305,12.693824334914304,0.044948637696092426,0.13593470765615073,0.015399320230095298,1.3671115366345736e-11,1.8307288811533,115.01844028143238,116.84916916258568,veteran,Greg Olsen,TE,7.0,34.6,38.0,17.0,191.0,1.0,0.0,0.0,0.0,0.0,0.0,0.0,0.0,0.0,0.0,0.0,1.0,0.0,0.0,1.0,1.0,0.0,0.0,0.0,0.0,0.0,0.0,0.0,0.0,16,170.8,11.173750000000002,1.0,1.0,32.47638603696099,1.0,1.0,1.0,0.0,0.0,0.0,0.0,16.0,129.0,80.0,1073.0,3.0,0.0,0.0,0.0,0.0,0.0,0.0,0.0,,5
00-0025516,2017,veteran,TE,2.0748644947526795,3.3800093645940352,7.013061422527728,4.488727184327365,48.93330127625499,0.39622843054415613,0.009557909645186264,0.03134370366090314,0.0015312689523093535,0.033787055514604016,0.6400524555379534,10.901375661035553,0.05649863970553148,0.01334046147258754,0.00038402210058192,1.3671432177654137e-11,0.028874840642367325,9.459812176104856,9.488687016747223,veteran,,,0.0,0.0,0.0,0.0,0.0,0.0,0.0,0.0,0.0,0.0,0.0,0.0,0.0,0.0,0.0,0.0,0.0,0.0,0.0,0.0,0.0,0.0,0.0,0.0,0.0,0.0,0.0,0.0,0.0,16,0.0,5.375,0.85,0.0,32.10951403148528,0.375,0.0,1.0,0.0,1.0,0.0,16.0,0.0,0.0,0.0,0.0,0.0,0.0,0.0,0.0,0.0,0.0,0.0,0.0,,5
00-0025549,2017,veteran,TE,6.458967179885361,2.689266288615507,17.369882696139673,11.564734711169404,132.42465389509198,0.8866048232098043,0.05368494207047721,0.17605156124877736,0.0086008434951517,0.11148467854302287,0.6657923322498649,11.45072993046647,0.05104264886065383,0.009204518603593328,0.00021790095967150414,1.3671480627272631e-11,0.061562806464336484,24.190702544362463,24.2522653508268,veteran,Brent Celek,TE,12.0,25.5,24.0,13.0,130.0,1.0,0.0,0.0,0.0,0.0,0.0,0.0,0.0,0.0,0.0,0.0,0.0,0.0,0.0,0.0,0.0,0.0,0.0,0.0,0.0,0.0,0.0,0.0,0.0,16,22.5,3.6795652173913043,0.7423913043478261,0.625,32.59958932238193,0.71875,1.0,1.0,0.0,0.375,0.0,6.0,10.0,19.0,14.0,155.0,0.0,0.0,0.0,0.0,0.0,0.0,0.0,0.0,,5
00-0026201,2017,veteran,TE,11.90984702674644,5.33433884313459,63.53115961056455,43.15833227847212,468.3078545285252,3.74727560247247,0.145375614462255,0.50429079523486,0.005602296705463404,0.16813104594584946,0.6793254293330316,10.85092564529243,0.05898327097195528,0.0513196661619289,0.0031092328696865623,1.3671253179985027e-11,0.6667551055506621,90.64138597478797,91.30814108033863,veteran,Martellus Bennett,TE,9.0,43.6,44.0,30.0,286.0,0.0,0.0,0.0,0.0,0.0,0.0,0.0,0.0,0.0,0.0,0.0,0.0,0.0,0.0,0.0,0.0,0.0,0.0,0.0,0.0,0.0,0.0,0.0,0.0,16,143.6,9.123448275862067,0.9288793103448276,1.0,30.480492813141684,0.9062500000000001,1.0,1.0,0.0,0.0,0.0,0.0,16.0,73.0,55.0,701.0,7.0,2.0,10.0,0.0,0.0,0.0,0.0,0.0,,5
00-0026225,2017,veteran,TE,0.38195436402496163,1.7866873466560182,0.6824330292034456,0.44718713880862593,4.8683016859017325,0.03848325602254858,0.00216119287266501,0.007087301666320359,0.00034624386175599787,0.006570257891763199,0.6552835511648593,10.886497538528554,0.056391256542004255,0.002644418864211542,3.280118658512023e-05,1.3671642498406725e-11,0.0010288401704814936,0.9309689516834194,0.931997791853901,veteran,,,0.0,0.0,0.0,0.0,0.0,0.0,0.0,0.0,0.0,0.0,0.0,0.0,0.0,0.0,0.0,0.0,0.0,0.0,0.0,0.0,0.0,0.0,0.0,0.0,0.0,0.0,0.0,0.0,0.0,16,0.0,3.0380952380952384,0.5982142857142857,0.0,32.99931553730322,0.196875,0.0,0.625,0.0,1.0,0.0,16.0,0.0,0.0,0.0,0.0,0.0,0.0,0.0,0.0,0.0,0.0,0.0,0.0,,5
00-0026267,2017,veteran,TE,5.250402045071004,3.814430721503138,20.027294860961742,13.330903051796426,140.66282213950294,1.0560047893687874,0.042228139066837825,0.13848072708335146,0.006765353583292877,0.09162234299070683,0.6656367294906974,10.551634918727258,0.052728278916350686,0.018708084625076768,0.0006451059370542986,1.3671387818179033e-11,0.10330556421522104,26.93895798428791,27.042263548503133,veteran,,,0.0,0.0,0.0,0.0,0.0,0.0,0.0,0.0,0.0,0.0,0.0,0.0,0.0,0.0,0.0,0.0,0.0,0.0,0.0,0.0,0.0,0.0,0.0,0.0,0.0,0.0,0.0,0.0,0.0,16,50.0,5.746082949308756,0.737615207373272,0.5,32.46543463381246,0.678125,1.0,0.9375,0.125,0.375,2.0,8.0,8.0,31.0,22.0,210.0,3.0,0.0,0.0,0.0,0.0,0.0,0.0,0.0,,5
00-0026281,2017,veteran,TE,11.469661679504922,5.289849685054088,60.67278622300606,39.33051108717281,454.258445259969,3.017322392544759,0.09092125283150028,0.29816235045325734,0.014566458225106193,0.16045225855584813,0.6482397386962158,11.549772243059413,0.049731066930970166,0.05228627091264534,0.0032027347123650567,1.3671250639455453e-11,0.6548072635646408,82.99134489213613,83.64615215570076,veteran,,,0.0,0.0,0.0,0.0,0.0,0.0,0.0,0.0,0.0,0.0,0.0,0.0,0.0,0.0,0.0,0.0,0.0,0.0,0.0,0.0,0.0,0.0,0.0,0.0,0.0,0.0,0.0,0.0,0.0,16,102.7,7.949668874172184,0.9627483443708609,1.0,31.942505133470227,0.9437500000000001,1.0,1.0,0.0,0.0,0.0,0.0,16.0,82.0,55.0,612.0,2.0,0.0,0.0,0.0,0.0,0.0,0.0,0.0,,5
00-0026996,2017,veteran,TE,0.5705851664130019,1.5653903039804962,0.8931884870980111,0.57259777126234,6.1410082610627645,0.0479933736507672,0.0038118575398821005,0.01250040412213119,0.0006106962001244178,0.009699118609310437,0.6410715985857841,10.724820404949176,0.053732638008690325,0.0017105013839202891,1.6963323142847763e-05,1.367169886404123e-11,0.0009905052632331343,1.1738759340363885,1.1748664392996215,veteran,,,0.0,0.0,0.0,0.0,0.0,0.0,0.0,0.0,0.0,0.0,0.0,0.0,0.0,0.0,0.0,0.0,0.0,0.0,0.0,0.0,0.0,0.0,0.0,0.0,0.0,0.0,0.0,0.0,0.0,16,0.0,1.7759999999999998,0.5225,0.0,32.5201916495551,0.234375,0.0,0.5625,0.0,1.0,0.0,16.0,0.0,0.0,0.0,0.0,0.0,0.0,0.0,0.0,0.0,0.0,0.0,0.0,,5
00-0027061,2017,veteran,TE,7.970380705335694,4.2432623165982655,33.82041609589285,20.613231597594464,239.9233248603903,1.3915910519157892,0.06881504190517242,0.22105461044281713,0.009672451789169433,0.22430185492112992,0.6094907744230188,11.639287305557128,0.04114647933278337,0.025469152308263875,0.001038393151734836,1.36713470972336e-11,0.21541342346868422,42.28003105826803,42.49544448173671,veteran,Jared Cook,TE,16.0,107.8,86.0,54.0,688.0,2.0,0.0,0.0,0.0,0.0,0.0,0.0,0.0,0.0,0.0,1.0,2.0,0.0,0.0,2.0,2.0,0.0,0.0,0.0,0.0,0.0,0.0,0.0,0.0,16,57.7,5.3641732283464565,0.8375984251968505,0.625,30.403832991101986,0.7937500000000001,1.0,1.0,0.375,0.0,6.0,6.0,10.0,51.0,30.0,377.0,1.0,0.0,0.0,0.0,0.0,0.0,0.0,0.0,,5
00-0027125,2017,veteran,TE,5.731184896881567,4.815143193616425,27.59647594757653,18.721378783610074,204.53953275850148,1.642505006535442,0.04399612001626171,0.144278550353712,0.007048601117181281,0.08784583998172975,0.6783974453540381,10.925452399775642,0.05951865048477988,0.039866545434610816,0.002087261814530373,1.3671287330989974e-11,0.24642626832330075,39.55070048864284,39.797126756966136,veteran,Zach Miller,TE,8.0,45.6,35.0,20.0,236.0,2.0,0.0,0.0,0.0,0.0,0.0,0.0,0.0,0.0,0.0,0.0,0.0,0.0,0.0,0.0,0.0,0.0,0.0,0.0,0.0,0.0,0.0,0.0,0.0,16,96.1,8.555851063829786,0.7027925531914893,0.625,32.90896646132786,0.5875,1.0,0.8125,0.0,0.375,0.0,6.0,10.0,64.0,47.0,486.0,4.0,0.0,0.0,0.0,0.0,0.0,0.0,0.0,,5
00-0027135,2017,veteran,TE,5.78821861650164,1.9737465905071008,11.424476759429838,7.345142313083726,77.19385274712104,0.5888150401023542,0.04969014275796234,0.16295122754774607,0.007960838265447358,0.08940848609077508,0.6429303037463836,10.509510838151833,0.05153978186496308,0.0029743032694255493,3.9193632683429094e-05,1.3671627278808989e-11,0.017556209684999217,14.810089852034,14.827646061719,veteran,,,0.0,0.0,0.0,0.0,0.0,0.0,0.0,0.0,0.0,0.0,0.0,0.0,0.0,0.0,0.0,0.0,0.0,0.0,0.0,0.0,0.0,0.0,0.0,0.0,0.0,0.0,0.0,0.0,0.0,16,17.4,2.1988826815642457,0.5862430167597765,0.625,31.991786447638603,0.559375,1.0,0.6875,0.0,0.375,0.0,6.0,10.0,14.0,7.0,59.0,1.0,0.0,0.0,0.0,0.0,0.0,0.0,0.0,,5
00-0027139,2017,veteran,TE,5.977517009344645,1.4642943486786382,8.752844375913797,5.771277553255967,58.51618318351589,0.49481039099447055,0.05283140146852578,0.1732525053167527,0.0084640980903694,0.0922528677244046,0.6593602382715099,10.13920793854438,0.05653138222771296,0.0013433004310590714,1.1769516434252266e-05,1.3671730109795248e-11,0.008135130065777848,11.589723544571477,11.597858674637255,veteran,John Phillips,TE,1.0,0.0,0.0,0.0,0.0,0.0,0.0,0.0,0.0,0.0,0.0,0.0,0.0,0.0,0.0,0.0,0.0,0.0,0.0,0.0,0.0,0.0,0.0,0.0,0.0,0.0,0.0,0.0,0.0,16,18.2,1.8188888888888886,0.5625,0.5625,30.2258726899384,0.5625,1.0,0.5625,0.0,0.4375,0.0,7.0,9.0,15.0,10.0,72.0,1.0,0.0,0.0,0.0,0.0,0.0,0.0,0.0,,5
00-0027656,2017,veteran,TE,7.176859033454206,6.453477802759704,46.31570046593218,29.523271526008735,432.44533649664004,3.0630369927380623,0.056876796476265534,0.1865187598662244,0.009112209236544438,0.10682785126399354,0.6374354965812246,14.64760895877255,0.06613388034563138,0.1486613420636899,0.017980391093177568,1.3671101897201308e-11,1.260485594274616,76.24406079797464,77.50454639224925,veteran,Rob Gronkowski,TE,13.0,197.4,105.0,69.0,1084.0,8.0,0.0,0.0,0.0,0.0,0.0,0.0,0.0,0.0,0.0,0.0,4.5,0.0,0.0,4.5,3.0,1.0,0.0,0.0,0.0,0.0,0.0,0.0,0.0,16,89.0,13.505829596412555,0.764854260089686,0.5,28.301163586584533,0.696875,1.0,0.9375,0.125,0.375,2.0,8.0,8.0,38.0,25.0,540.0,3.0,0.0,0.0,0.0,0.0,0.0,0.0,0.0,,5
00-0027675,2017,veteran,TE,10.13823537058855,2.013089624090793,20.409176431122088,12.994323714677394,140.40084704981498,1.1254659044490556,0.08284677007716838,0.27168331852452227,0.013272848512663176,0.1444447420683458,0.6366902534519847,10.804782929274644,0.05514509163303744,0.003280799439560714,4.5472376822101274e-05,1.3671614577274375e-11,0.03395303168779745,27.107957927806268,27.141910959494066,veteran,Ed Dickson,TE,14.0,67.2,48.0,30.0,437.0,1.0,0.0,0.0,0.0,0.0,0.0,0.0,0.0,0.0,0.0,0.0,2.5,0.0,0.0,2.5,1.0,1.0,0.0,0.0,0.0,0.0,0.0,0.0,0.0,16,24.400000000000002,2.0413669064748206,0.877248201438849,0.8125,30.105407255304584,0.8687499999999999,1.0,1.0,0.0,0.1875,0.0,3.0,13.0,19.0,10.0,134.0,1.0,0.0,0.0,0.0,0.0,0.0,0.0,0.0,,5
00-0027696,2017,veteran,TE,11.723365264520172,5.963085107132774,69.90742481433792,46.273681797397856,568.7527828523661,3.8661677108513994,0.11883181442414234,0.3615851509401269,0.01109227455119641,0.42096570708860315,0.6619279986395263,12.29106396466488,0.05530410712623552,0.08774901801309172,0.007384547082593775,1.367117887659396e-11,1.1585714042344193,102.46990619726792,103.62847760150234,veteran,Jimmy Graham,TE,16.0,142.5,96.0,57.0,520.0,10.0,0.0,0.0,0.0,0.0,0.0,0.0,0.0,0.0,0.0,0.0,0.0,0.0,0.0,0.0,0.0,0.0,0.0,0.0,0.0,0.0,0.0,0.0,0.0,16,159.8,10.132404181184668,0.918336236933798,1.0,30.770704996577688,0.8968750000000001,1.0,1.0,0.0,0.0,0.0,0.0,16.0,95.0,65.0,923.0,6.0,1.0,0.0,0.0,0.0,0.0,0.0,0.0,,5
00-0027714,2017,veteran,TE,10.016004530123285,5.713877278236926,57.230220703389556,38.664830627133625,359.01817379272273,2.3301089757024607,0.05122266127732976,0.1679768877714845,0.00820636245584691,0.24840126121530395,0.6756016341003492,9.285393676101515,0.040714659965734784,0.040322911973481326,0.0021249003572930965,1.3671285800183239e-11,0.4357989866750771,68.78411988813546,69.21991887481055,veteran,,,0.0,0.0,0.0,0.0,0.0,0.0,0.0,0.0,0.0,0.0,0.0,0.0,0.0,0.0,0.0,0.0,0.0,0.0,0.0,0.0,0.0,0.0,0.0,0.0,0.0,0.0,0.0,0.0,0.0,16,126.9,7.877837837837839,0.960472972972973,1.0,32.17522245037645,0.578125,1.0,1.0,0.0,0.0,0.0,0.0,16.0,121.0,86.0,729.0,2.0,0.0,0.0,0.0,0.0,0.0,0.0,0.0,,5
00-0027718,2017,veteran,TE,1.3388688841655536,1.8435691639760323,2.4682973894546127,1.540327055268507,16.703746856793313,0.1322489864272251,0.008710903050045352,0.028566075005426357,0.0013955703581932483,0.02269199368325607,0.6240443561822399,10.844285828558366,0.05357903265313035,0.002501908842658178,3.0161951592646764e-05,1.3671649668698297e-11,0.0034103022847724335,3.199878174160125,3.2032884764448974,veteran,,,0.0,0.0,0.0,0.0,0.0,0.0,0.0,0.0,0.0,0.0,0.0,0.0,0.0,0.0,0.0,0.0,0.0,0.0,0.0,0.0,0.0,0.0,0.0,0.0,0.0,0.0,0.0,0.0,0.0,16,0.0,2.1807692307692306,0.5480769230769231,0.0,31.077344284736483,0.24375,0.0,0.625,0.0,1.0,0.0,16.0,0.0,0.0,0.0,0.0,0.0,0.0,0.0,0.0,0.0,0.0,0.0,0.0,,5
00-0027725,2017,veteran,TE,2.5458784266672105,1.8066160829345153,4.599424910813003,3.0462352460748647,32.715353973952745,0.24151482703189292,0.021155263918403458,0.06937545423026568,0.003389276527894006,0.04092681778422162,0.6623078548175291,10.739601945091778,0.05250978800938883,0.0027010175601346526,3.3870171512129476e-05,1.3671639757080491e-11,0.007005806414449156,6.189161551646012,6.196167358060461,veteran,,,0.0,0.0,0.0,0.0,0.0,0.0,0.0,0.0,0.0,0.0,0.0,0.0,0.0,0.0,0.0,0.0,0.0,0.0,0.0,0.0,0.0,0.0,0.0,0.0,0.0,0.0,0.0,0.0,0.0,16,3.4,2.6902985074626864,0.501865671641791,0.25,30.168377823408623,0.41875,1.0,0.625,0.0,0.75,0.0,12.0,4.0,3.0,3.0,19.0,0.0,0.0,0.0,0.0,0.0,0.0,0.0,0.0,,5
00-0027732,2017,veteran,TE,2.2537072176646005,1.369235619155778,3.085856197574835,2.004654312634024,21.353402791014286,0.1795713923401754,0.02354681257049813,0.07410669710016174,0.002873117423646285,0.05105079369310202,0.6496266139068553,10.651912729510403,0.05819175646658455,0.0012365367372708911,1.0384057288504563e-05,1.367174081516392e-11,0.0028218957686086633,4.137643576325184,4.140465472093792,veteran,Michael Hoomanawanui,TE,9.0,14.2,10.0,6.0,52.0,1.0,0.0,0.0,0.0,0.0,0.0,0.0,0.0,0.0,0.0,0.0,0.0,0.0,0.0,0.0,0.0,0.0,0.0,0.0,0.0,0.0,0.0,0.0,0.0,16,0.0,2.374074074074074,0.576388888888889,0.0,29.16084873374401,0.253125,0.0,0.625,0.0,1.0,0.0,16.0,0.0,0.0,0.0,0.0,0.0,0.0,0.0,0.0,0.0,0.0,0.0,0.0,,5
00-0027825,2017,veteran,TE,2.278242772309225,1.4874678251382436,3.3888128216637257,2.1522537270759705,23.94363346922047,0.17610427640536255,0.01222186730427823,0.040079745591768724,0.0019580605631391015,0.03762352608919633,0.6351055193480203,11.124912071473116,0.05196636275676766,0.001609569937161586,1.5472165219335094e-05,1.3671706728977152e-11,0.0037198651610339173,4.467625154651827,4.471345019812861,veteran,,,0.0,0.0,0.0,0.0,0.0,0.0,0.0,0.0,0.0,0.0,0.0,0.0,0.0,0.0,0.0,0.0,0.0,0.0,0.0,0.0,0.0,0.0,0.0,0.0,0.0,0.0,0.0,0.0,0.0,16,0.0,1.6257142857142857,0.7339285714285714,0.0,30.6694045174538,0.328125,0.0,0.8125,0.0,1.0,0.0,16.0,0.0,0.0,0.0,0.0,0.0,0.0,0.0,0.0,0.0,0.0,0.0,0.0,,5
00-0027873,2017,veteran,TE,12.677441496069864,3.509222700045659,44.48796547650917,28.6841287560501,297.53201306159934,2.2036930883071135,0.10220048255956758,0.3351508602052661,0.01637349919219179,0.17694898325363453,0.6447615315471346,10.372705254254704,0.04953458906703033,0.013169435230244319,0.0003765148831159615,1.3671433865792676e-11,0.1741146131189946,57.09528232869407,57.26939694181306,veteran,Jermaine Gresham,TE,14.0,60.7,46.0,33.0,322.0,2.0,0.0,0.0,0.0,0.0,0.0,0.0,0.0,0.0,0.0,0.0,0.0,0.0,0.0,0.0,0.0,0.0,0.0,0.0,0.0,0.0,0.0,0.0,0.0,16,69.6,4.296393442622951,0.9563524590163935,1.0,29.21013004791239,0.953125,1.0,1.0,0.0,0.0,0.0,0.0,16.0,61.0,37.0,391.0,2.0,0.0,0.0,0.0,0.0,0.0,0.0,0.0,,5
00-0027981,2017,veteran,TE,13.155179403962373,6.011421415148717,79.08132718910274,51.05179183168468,522.5198611695479,4.332671598064311,0.10361289247021442,0.3397826426064874,0.016599780829536708,0.18444797741621421,0.6455606354406193,10.235093469241411,0.054787542800133295,0.0526786274913465,0.003241005302177461,1.3671249620868625e-11,0.7569508050618696,103.53859261558844,104.29554342065032,veteran,Kyle Rudolph,TE,16.0,129.7,81.0,57.0,532.0,8.0,0.0,0.0,0.0,0.0,0.0,0.0,0.0,0.0,0.0,0.0,0.0,0.0,0.0,0.0,0.0,0.0,0.0,0.0,0.0,0.0,0.0,0.0,0.0,16,168.5,8.778595317725753,0.9604933110367894,1.0,27.811088295687885,0.9343750000000001,1.0,1.0,0.0,0.0,0.0,0.0,16.0,132.0,83.0,840.0,7.0,0.0,0.0,0.0,0.0,0.0,0.0,0.0,,5
00-0027985,2017,veteran,TE,12.581638744974837,4.014438854368591,50.50821942945626,31.699955467885758,325.8271523626388,2.4413385774334624,0.10118094746896358,0.33180745072159534,0.016210159875543396,0.28072901986472537,0.6276197384499052,10.278473504252212,0.048335471038396575,0.01709839141584746,0.0005617925480599271,1.367139964494372e-11,0.22572819059235216,62.649708099403504,62.875436289995854,veteran,Lance Kendricks,TE,14.0,35.3,35.0,18.0,203.0,1.0,0.0,0.0,0.0,0.0,0.0,0.0,0.0,0.0,0.0,0.0,0.0,0.0,0.0,0.0,0.0,0.0,0.0,0.0,0.0,0.0,0.0,0.0,0.0,16,84.9,4.662662337662338,0.965909090909091,1.0,29.587953456536617,0.9625,1.0,1.0,0.0,0.0,0.0,0.0,16.0,87.0,50.0,499.0,2.0,0.0,0.0,0.0,0.0,0.0,0.0,0.0,,5
00-0028040,2017,veteran,TE,3.3541867999114654,3.5217540113862342,11.812620817526959,7.323223912772204,81.19473278713976,0.6304645328072068,0.02151787707056235,0.07056458863378438,0.003447370638658025,0.05272424902314953,0.6199491227134271,11.087293486346987,0.053372112975281154,0.01429595840848112,0.00042692164295474655,1.367142312213243e-11,0.050099277486616696,15.486164616592346,15.536263894078962,veteran,,,0.0,0.0,0.0,0.0,0.0,0.0,0.0,0.0,0.0,0.0,0.0,0.0,0.0,0.0,0.0,0.0,0.0,0.0,0.0,0.0,0.0,0.0,0.0,0.0,0.0,0.0,0.0,0.0,0.0,16,16.0,5.174842767295598,0.7606132075471698,0.1875,29.06776180698152,0.496875,1.0,1.0,0.3125,0.5,5.0,13.0,3.0,11.0,8.0,60.0,1.0,0.0,0.0,0.0,0.0,0.0,0.0,0.0,,5
00-0028067,2017,veteran,TE,6.9554044931272365,4.870779409262986,33.878240988219396,21.332241818377568,219.83554215600543,2.1981550952772895,0.05945019807610226,0.19495783704314665,0.009524492896668577,0.10491239149298506,0.6296738318201204,10.305318307737293,0.06488397954432351,0.028969818486816,0.0012679415024737725,1.3671330006579543e-11,0.2147253748934526,45.70542365455142,45.92014902944487,veteran,Julius Thomas,TE,14.0,77.3,62.0,41.0,388.0,3.0,0.0,0.0,0.0,0.0,0.0,0.0,0.0,0.0,0.0,0.0,0.0,0.0,0.0,0.0,0.0,0.0,0.0,0.0,0.0,0.0,0.0,0.0,0.0,16,67.1,8.528019323671497,0.6603260869565216,0.5625,29.180013689253936,0.6468750000000001,1.0,0.75,0.1875,0.25,3.0,7.0,9.0,51.0,30.0,281.0,4.0,0.0,0.0,0.0,0.0,0.0,0.0,0.0,,5
00-0028112,2017,veteran,TE,12.001384604198677,5.28556507977452,63.43409937289608,41.55804589802474,424.3146606301769,3.123634503864938,0.09815576741996564,0.3218868351794278,0.015725496967424226,0.1700718698600573,0.6551373206030182,10.210168728129362,0.049242198356166694,0.038898811392730326,0.002008313197585318,1.3671290633461978e-11,0.5029934051333548,81.73869396082205,82.2416873659554,veteran,Charles Clay,TE,13.0,93.3,74.0,49.0,558.0,2.0,0.0,0.0,0.0,0.0,0.0,0.0,0.0,0.0,0.0,0.0,1.0,0.0,0.0,1.0,1.0,0.0,0.0,0.0,0.0,0.0,0.0,0.0,0.0,16,107.7,7.347368421052633,0.894078947368421,0.9375,28.54757015742642,0.890625,1.0,0.9375,0.0,0.0625,0.0,1.0,15.0,87.0,57.0,552.0,4.0,0.0,0.0,0.0,0.0,0.0,0.0,0.0,,5
00-0028142,2017,veteran,TE,7.7041092945371705,2.3958229363115096,18.457681751702836,11.962731078050167,133.1893222900032,0.9532813474948569,0.0775175303459156,0.24833213506814328,0.009458476233591058,0.1154347387885552,0.6481166616141559,11.133688571699635,0.05164686228306601,0.005866863954009107,0.00010981963542067573,1.3671539204562305e-11,0.046468055039471386,24.870700446325795,24.917168501365268,veteran,Virgil Green,TE,11.0,32.1,22.0,14.0,191.0,1.0,0.0,0.0,0.0,0.0,0.0,0.0,0.0,0.0,0.0,0.0,0.0,0.0,0.0,0.0,0.0,0.0,0.0,0.0,0.0,0.0,0.0,0.0,0.0,16,40.7,3.1330232558139532,0.6851744186046511,0.625,29.078713210130047,0.671875,1.0,0.8125,0.1875,0.1875,3.0,6.0,10.0,37.0,22.0,237.0,1.0,0.0,0.0,0.0,0.0,0.0,0.0,0.0,,5
00-0028838,2017,veteran,TE,5.4712201652251915,3.571289621561215,19.539311793345163,12.918856172012191,123.48635687909062,1.0521613249495483,0.04486930821755003,0.14714203758443326,0.007188494256140704,0.19419907926182312,0.6611725279092064,9.558613799464327,0.05384843315248702,0.011873260505965133,0.0003213534282516378,1.3671447411159636e-11,0.06759851549202921,24.790478734384088,24.858077249876118,veteran,,,0.0,0.0,0.0,0.0,0.0,0.0,0.0,0.0,0.0,0.0,0.0,0.0,0.0,0.0,0.0,0.0,0.0,0.0,0.0,0.0,0.0,0.0,0.0,0.0,0.0,0.0,0.0,0.0,0.0,16,20.7,5.120809248554913,0.6109104046242775,0.4375,28.83230663928816,0.540625,1.0,1.0,0.0625,0.5,1.0,9.0,7.0,22.0,15.0,92.0,1.0,0.0,0.0,0.0,0.0,0.0,0.0,0.0,,5
00-0028903,2017,veteran,TE,10.160575319866533,3.2494658734277735,33.01644275629878,21.03798208710046,235.16644858181544,1.893232843844909,0.07767250446539549,0.25471510538809744,0.012443881450152783,0.24417322689816684,0.6371971154611106,11.178184657073594,0.05734212064634745,0.01269212133752672,0.000355842923944166,1.3671438694189512e-11,0.13438260834280913,45.006821310244625,45.141203918587436,veteran,Garrett Celek,TE,14.0,68.1,33.0,21.0,336.0,4.0,0.0,0.0,0.0,0.0,0.0,0.0,0.0,0.0,0.0,0.0,0.0,0.0,0.0,0.0,0.0,0.0,0.0,0.0,0.0,0.0,0.0,0.0,0.0,16,65.5,4.618181818181818,0.7863636363636363,0.875,29.259411362080765,0.6875000000000001,1.0,0.875,0.0,0.125,0.0,2.0,14.0,50.0,29.0,350.0,3.0,0.0,0.0,0.0,0.0,0.0,0.0,0.0,,5
00-0029119,2017,veteran,TE,3.199892718512797,1.8402093449371961,5.888472483403738,3.891711684639287,40.796660427112165,0.3098688944018437,0.028723870624089893,0.09336479194662015,0.0040373477384886515,0.05181891464987534,0.6609034338884683,10.482960643805633,0.0526229672084209,0.0026463635036891617,3.283772072588019e-05,1.3671642403252375e-11,0.008625695168653491,7.814657987767765,7.8232836829364185,veteran,Derek Carrier,TE,9.0,11.1,11.0,8.0,71.0,0.0,0.0,0.0,0.0,0.0,0.0,0.0,0.0,0.0,0.0,0.0,0.0,0.0,0.0,0.0,0.0,0.0,0.0,0.0,0.0,0.0,0.0,0.0,0.0,16,2.0,1.898412698412698,0.5505952380952381,0.1875,27.104722792607802,0.39375,1.0,0.75,0.0,0.8125,0.0,13.0,3.0,2.0,2.0,10.0,0.0,0.0,0.0,0.0,0.0,0.0,0.0,0.0,,5
00-0029275,2017,veteran,TE,5.518236158114657,4.052120744313825,22.360559208319028,14.02219647502853,169.5701241569463,1.1450041936094801,0.04521190800164733,0.1482655412066341,0.0072433820330637996,0.08560804020847758,0.6270950714779847,12.092978761132448,0.05120642032885709,0.02689526660121258,0.0011298478830956554,1.3671339874618647e-11,0.15776658395432977,30.725206580767864,30.882973164722195,veteran,,,0.0,0.0,0.0,0.0,0.0,0.0,0.0,0.0,0.0,0.0,0.0,0.0,0.0,0.0,0.0,0.0,0.0,0.0,0.0,0.0,0.0,0.0,0.0,0.0,0.0,0.0,0.0,0.0,0.0,16,46.4,6.5695402298850585,0.6142241379310346,0.375,27.260780287474333,0.54375,1.0,0.8125,0.125,0.5,2.0,10.0,6.0,34.0,18.0,304.0,1.0,0.0,0.0,0.0,0.0,0.0,0.0,0.0,,5
00-0029534,2017,veteran,TE,2.1548298956908023,2.4325430301188606,5.241716443854413,3.354677388213764,37.065574608625184,0.2750873051914335,0.015222246568135664,0.049919030750111885,0.002438750147206429,0.0369561324842611,0.6399959677610785,11.048923732234405,0.05248038655619311,0.005789502257033512,0.00010762742850491171,1.3671540928269392e-11,0.01282327080435294,6.98013212510773,6.992955395912083,veteran,,,0.0,0.0,0.0,0.0,0.0,0.0,0.0,0.0,0.0,0.0,0.0,0.0,0.0,0.0,0.0,0.0,0.0,0.0,0.0,0.0,0.0,0.0,0.0,0.0,0.0,0.0,0.0,0.0,0.0,16,0.0,3.4318181818181817,0.46022727272727276,0.0,28.249144421629023,0.20625,0.0,0.5,0.0,1.0,0.0,16.0,0.0,0.0,0.0,0.0,0.0,0.0,0.0,0.0,0.0,0.0,0.0,0.0,,5
00-0029587,2017,veteran,TE,8.688687235780659,1.9034275704475407,16.53828683558054,10.715215355776035,111.89106957458273,0.8435686583097844,0.09620349390826075,0.29920016970828733,0.01924069878165215,0.12807271358090558,0.647903586526464,10.44226045482771,0.05100701582312186,0.0027160139676006704,3.415536641901386e-05,1.3671639040336958e-11,0.024043744074428566,21.49734536770393,21.52138911177836,veteran,Rhett Ellison,TE,14.0,47.5,32.0,24.0,235.0,2.0,0.0,0.0,0.0,0.0,0.0,0.0,0.0,0.0,0.0,0.0,0.0,0.0,0.0,0.0,0.0,0.0,0.0,0.0,0.0,0.0,0.0,0.0,0.0,16,16.3,1.8621276595744682,0.7401595744680851,0.6875,28.91170431211499,0.734375,1.0,0.875,0.0625,0.25,1.0,5.0,11.0,14.0,9.0,57.0,0.0,1.0,1.0,1.0,0.0,0.0,0.0,0.0,,5
00-0029689,2017,veteran,TE,11.501731450947917,3.6888379328880063,42.42802327014768,27.332496415014173,299.1867499215338,2.840040536309025,0.10974072432545263,0.34949966560722423,0.013390261896340884,0.16514820570140942,0.6442085750962924,10.946191865488942,0.06693784714470247,0.01730099097823652,0.0005720491629805794,1.3671398097628534e-11,0.20886068615545184,60.41016154405056,60.61902223020601,veteran,Dwayne Allen,TE,12.0,19.6,22.0,10.0,86.0,1.0,0.0,0.0,0.0,0.0,0.0,0.0,0.0,0.0,0.0,0.0,0.0,0.0,0.0,0.0,0.0,0.0,0.0,0.0,0.0,0.0,0.0,0.0,0.0,16,96.1,5.6458955223880585,0.8400186567164177,0.875,27.51813826146475,0.8375000000000001,1.0,0.875,0.125,0.0,2.0,2.0,14.0,52.0,35.0,406.0,6.0,0.0,0.0,0.0,0.0,0.0,0.0,0.0,,5
00-0029697,2017,veteran,TE,12.94719433117873,4.937297966639136,63.924156245010494,40.48506454736656,462.93579088434365,3.206734675210734,0.1293457761862878,0.41097300574121903,0.02586915523725756,0.17950410582414,0.6333296663657811,11.434730216194167,0.050164677386117726,0.040062153834663355,0.0021033625652107815,1.3671286672808046e-11,0.5595414571980392,85.61382343373145,86.17336489092949,veteran,Coby Fleener,TE,11.0,52.5,30.0,22.0,295.0,2.0,0.0,0.0,0.0,0.0,0.0,0.0,0.0,0.0,0.0,0.0,0.0,0.0,0.0,0.0,0.0,0.0,0.0,0.0,0.0,0.0,0.0,0.0,0.0,16,113.3,7.266242038216561,0.9820859872611465,1.0,28.947296372347708,0.9812500000000001,1.0,1.0,0.0,0.0,0.0,0.0,16.0,81.0,50.0,631.0,3.0,1.0,2.0,1.0,0.0,0.0,0.0,0.0,,5
00-0029738,2017,veteran,TE,5.709568813641184,2.4712612300517907,14.109836049464255,9.385138493742277,107.61032697701427,0.7955119470939428,0.048752836386265756,0.15987747457826385,0.007810672779576339,0.08743982311630295,0.6651486566421604,11.466035056250426,0.05637995681205297,0.007367629486143135,0.0001552599026171029,1.3671509603736905e-11,0.04339568834765028,20.1146457650389,20.158041453386552,veteran,Darren Fells,TE,14.0,44.199999999999996,26.0,17.0,177.0,3.0,0.0,0.0,0.0,0.0,0.0,0.0,0.0,0.0,0.0,0.0,0.0,0.0,0.0,0.0,0.0,0.0,0.0,0.0,0.0,0.0,0.0,0.0,0.0,16,28.4,3.6973544973544965,0.6160714285714285,0.5625,31.362080766598222,0.5906250000000001,1.0,0.75,0.125,0.3125,2.0,7.0,9.0,18.0,14.0,154.0,1.0,0.0,0.0,0.0,0.0,0.0,0.0,0.0,,5
00-0029878,2017,veteran,TE,7.484228374432629,2.001002007661805,14.975956003039139,10.01558744148004,112.64147570758323,0.7506606176086678,0.05747869036404065,0.1884925788657829,0.009208638420032169,0.11933673907169899,0.6687778355817506,11.246616972367802,0.05012438721483509,0.004077138022017232,6.32129617324301e-05,1.3671586419510898e-11,0.03122388263824671,20.611332607413722,20.64255649005197,veteran,MarQueis Gray,TE,7.0,2.9,3.0,1.0,10.0,0.0,5.0,14.0,0.0,1.0,0.0,0.0,0.0,0.0,0.0,0.0,0.0,0.0,0.0,0.0,0.0,0.0,0.0,0.0,0.0,0.0,0.0,0.0,0.0,16,24.4,2.281818181818182,0.5895979020979021,0.625,26.817248459958932,0.44687499999999997,1.0,0.625,0.0,0.375,0.0,6.0,10.0,17.0,14.0,174.0,0.0,0.0,0.0,0.0,0.0,0.0,0.0,0.0,,5
00-0029910,2017,veteran,TE,3.140329499171102,2.3768660763956877,7.464142655284452,4.8650858471452,52.00685917499266,0.4521929626780318,0.024380636533731504,0.07738843929013255,0.0034268747781443366,0.05276038322728551,0.6517943281403958,10.689813254890444,0.06058203648584997,0.005239661849126205,9.24933853551901e-05,1.3671553882446483e-11,0.01688995431612245,10.269165943283364,10.286055897599486,veteran,,,0.0,0.0,0.0,0.0,0.0,0.0,0.0,0.0,0.0,0.0,0.0,0.0,0.0,0.0,0.0,0.0,0.0,0.0,0.0,0.0,0.0,0.0,0.0,0.0,0.0,0.0,0.0,0.0,0.0,16,0.0,4.244827586206897,0.6400862068965517,0.0,27.4031485284052,0.271875,0.0,0.8125,0.0,1.0,0.0,16.0,0.0,0.0,0.0,0.0,0.0,0.0,0.0,0.0,0.0,0.0,0.0,0.0,,5
00-0030049,2017,veteran,TE,2.376701849215106,2.1186491868187947,5.03539744015031,3.257289509093379,35.76291408613041,0.2641067832301791,0.017396590489091496,0.05704945926903493,0.0027871009332466716,0.041006075606945455,0.6468783343934311,10.979347701913213,0.052450037235252545,0.00407485126311302,6.315920451466974e-05,1.3671586492236602e-11,0.00990987249455125,6.729992262853298,6.73990213534785,veteran,,,0.0,0.0,0.0,0.0,0.0,0.0,0.0,0.0,0.0,0.0,0.0,0.0,0.0,0.0,0.0,0.0,0.0,0.0,0.0,0.0,0.0,0.0,0.0,0.0,0.0,0.0,0.0,0.0,0.0,16,0.0,2.815,0.41875,0.0,27.173169062286107,0.1875,0.0,0.4375,0.0,1.0,0.0,16.0,0.0,0.0,0.0,0.0,0.0,0.0,0.0,0.0,0.0,0.0,0.0,0.0,,5
00-0030061,2017,veteran,TE,12.205241666156237,6.414123773131694,78.28593072771021,52.98918801970729,572.7538773716456,3.3886088228514724,0.09944818067954658,0.3261251069061467,0.015932553988406418,0.2570108340852095,0.6768673186502866,10.808881939436999,0.04328502952385588,0.08070872404107818,0.0064392495832768905,1.3671190665927851e-11,1.1029583777910787,103.71582085057769,104.81877922836877,veteran,Zach Ertz,TE,14.0,166.4,110.0,74.0,824.0,8.0,0.0,0.0,0.0,0.0,0.0,0.0,0.0,0.0,0.0,1.0,1.0,0.0,0.0,1.0,1.0,0.0,0.0,0.0,0.0,0.0,0.0,0.0,0.0,16,146.6,9.517123287671232,0.9148116438356164,0.875,26.809034907597535,0.9125000000000001,1.0,1.0,0.125,0.0,2.0,2.0,14.0,106.0,78.0,816.0,4.0,0.0,0.0,0.0,0.0,0.0,0.0,0.0,,5
00-0030089,2017,veteran,TE,8.480217094174577,2.6715078304679043,22.65496637115516,14.74235974754591,162.74421306482654,1.289685354159167,0.07156878786745076,0.23469889981824585,0.01146600741000267,0.12581568035904495,0.6507341262848322,11.039224103313433,0.05692726853045454,0.007727938672063878,0.00016695950651449563,1.367150339286121e-11,0.06765837715321227,31.224347878934363,31.292006256087575,veteran,Luke Willson,TE,14.0,46.8,22.0,15.0,153.0,4.0,0.0,0.0,0.0,0.0,0.0,0.0,0.0,0.0,0.0,0.0,0.0,0.0,0.0,0.0,0.0,0.0,0.0,0.0,0.0,0.0,0.0,0.0,0.0,16,32.4,3.3911894273127756,0.7216409691629955,0.625,27.627652292950035,0.709375,1.0,0.8125,0.1875,0.1875,3.0,6.0,10.0,21.0,15.0,129.0,2.0,0.0,0.0,0.0,0.0,0.0,0.0,0.0,,5
00-0030108,2017,veteran,TE,12.542704284098884,3.8780181607579696,48.64083499875226,31.70188667043304,320.11421359520875,2.354875144551764,0.09840436271675781,0.32270206545502184,0.015765324322337515,0.29117594965726773,0.6517545735233834,10.09763920119509,0.048413542748848196,0.016449421923165466,0.0005293903056747591,1.3671404725500734e-11,0.21628021425201116,61.536125815212976,61.752406029464986,veteran,Ryan Griffin,TE,6.0,30.299999999999997,26.0,13.0,158.0,1.0,0.0,0.0,0.0,0.0,0.0,0.0,0.0,0.0,0.0,0.0,0.0,0.0,0.0,0.0,0.0,0.0,0.0,0.0,0.0,0.0,0.0,0.0,0.0,16,79.2,4.669615384615384,0.8658653846153848,1.0,27.638603696098563,0.8125,1.0,1.0,0.0,0.0,0.0,0.0,16.0,74.0,50.0,442.0,2.0,0.0,0.0,0.0,0.0,0.0,0.0,0.0,,5
00-0030155,2017,veteran,TE,11.193077800803254,2.5920191506763177,29.012672014691997,18.372139761742677,185.70588286879146,1.5158860093302795,0.08834201426013262,0.2897041318204379,0.01415323942606438,0.16743458117886645,0.6332453540452613,10.108016011041736,0.05224910027461917,0.005264802281177847,9.316798832535076e-05,1.3671553261230125e-11,0.06049359665792859,36.63099491111286,36.691488507770785,veteran,Demetrius Harris,TE,13.0,37.400000000000006,35.0,18.0,224.0,1.0,0.0,0.0,0.0,0.0,0.0,0.0,0.0,0.0,0.0,0.0,0.0,0.0,0.0,0.0,0.0,0.0,0.0,0.0,0.0,0.0,0.0,0.0,0.0,16,34.8,2.2797235023041473,0.7531682027649769,0.875,26.094455852156056,0.6781250000000001,1.0,0.875,0.0,0.125,0.0,2.0,14.0,31.0,17.0,123.0,1.0,0.0,0.0,0.0,0.0,0.0,0.0,0.0,,5
00-0030181,2017,veteran,TE,12.786687561207165,3.9249494437240475,50.18710223043326,35.044514809133084,348.6396102255995,2.896604113449461,0.10160526005666594,0.33319891899261334,0.016278138828655794,0.29459809644107515,0.6982773113344294,9.948478731248954,0.05771610602560296,0.01960008982221282,0.0006930419683396453,1.367138168757902e-11,0.26391279175179977,69.3076356398123,69.57154843156411,veteran,Jack Doyle,TE,15.0,130.0,108.0,80.0,690.0,4.0,0.0,0.0,0.0,0.0,0.0,0.0,0.0,0.0,0.0,2.0,1.0,0.0,0.0,1.0,1.0,0.0,0.0,0.0,0.0,0.0,0.0,0.0,0.0,16,115.9,5.533457249070632,0.8780204460966543,1.0,27.326488706365502,0.8406250000000001,1.0,1.0,0.0,0.0,0.0,0.0,16.0,75.0,59.0,584.0,5.0,0.0,0.0,0.0,0.0,0.0,0.0,0.0,,5
00-0030216,2017,veteran,TE,7.339336323502561,2.5430141756929903,18.664036310845486,12.035632039831725,126.00653426469528,1.0764204694496902,0.05968845986707744,0.19573918016599184,0.00956266472467133,0.11006030714884579,0.6448568701528907,10.469457179122687,0.05767350917680079,0.005760741564572247,0.0001068163339909283,1.3671541574935752e-11,0.04345596151586066,24.93382155515047,24.97727751666633,veteran,Josh Hill,TE,12.0,21.7,22.0,16.0,125.0,1.0,1.0,-8.0,0.0,0.0,0.0,0.0,0.0,0.0,0.0,2.0,0.0,0.0,0.0,0.0,0.0,0.0,0.0,0.0,0.0,0.0,0.0,0.0,0.0,16,28.400000000000002,3.122429906542056,0.7207943925233644,0.5,27.28268309377139,0.6687500000000001,1.0,0.875,0.125,0.375,2.0,8.0,8.0,22.0,15.0,149.0,1.0,0.0,0.0,0.0,0.0,0.0,0.0,0.0,,5
00-0030422,2017,veteran,TE,11.1856940635124,3.147316660336161,35.204921283515866,23.531182411248956,242.13761742095093,2.1186975593073227,0.09326007078155138,0.3058321464091255,0.014941159330783707,0.214572331512077,0.6684060510104606,10.290074386793174,0.06018185759442015,0.010629077936316598,0.00027137466266095937,1.367146186428268e-11,0.12344688520838834,48.382623811164976,48.506070696373364,veteran,Dion Sims,TE,12.0,31.5,29.0,15.0,180.0,1.0,0.0,0.0,0.0,0.0,0.0,0.0,0.0,0.0,0.0,0.0,0.0,0.0,0.0,0.0,0.0,0.0,0.0,0.0,0.0,0.0,0.0,0.0,0.0,16,62.6,3.802281368821293,0.8224809885931559,0.8125,26.535249828884325,0.821875,1.0,0.875,0.125,0.0625,2.0,3.0,13.0,35.0,26.0,256.0,4.0,0.0,0.0,0.0,0.0,0.0,0.0,0.0,,5
00-0030443,2017,veteran,TE,11.17917153526923,2.653201972645343,29.66059996991699,19.153653967427,225.72463293033465,1.6415860045877042,0.0929622349476129,0.30485543931886044,0.01489344316874352,0.18917210745184068,0.6457608405377312,11.784938441208421,0.05534567764147282,0.008839649177559422,0.00020487648785858499,1.3671485896528353e-11,0.10225547887518206,41.740308292313856,41.842563771189035,veteran,Levine Toilolo,TE,10.0,30.2,14.0,12.0,122.0,1.0,0.0,0.0,0.0,0.0,0.0,0.0,0.0,0.0,0.0,0.0,0.0,0.0,0.0,0.0,0.0,0.0,0.0,0.0,0.0,0.0,0.0,0.0,0.0,16,44.9,2.760629921259843,0.8021653543307087,0.8125,26.091718001368925,0.79375,1.0,0.9375,0.0,0.1875,0.0,3.0,13.0,19.0,13.0,264.0,2.0,0.0,0.0,0.0,0.0,0.0,0.0,0.0,,5
00-0030470,2017,veteran,TE,8.345238351587792,3.861326130507985,32.22368691230332,20.123168060897886,244.77944091178733,1.9099984782944182,0.06751720706142295,0.22141235988884855,0.010816905239512127,0.1470032098575411,0.6244837257655536,12.164060856174423,0.059273120530635555,0.023781921740460597,0.0009339264342057875,1.3671356169231278e-11,0.21015656365557633,45.792555239105056,46.00271180276063,veteran,Vance McDonald,TE,10.0,31.799999999999997,24.0,14.0,188.0,1.0,0.0,0.0,0.0,0.0,0.0,0.0,0.0,0.0,0.0,0.0,0.0,0.0,0.0,0.0,0.0,0.0,0.0,0.0,0.0,0.0,0.0,0.0,0.0,16,75.1,5.95,0.705097087378641,0.625,27.21971252566735,0.6437499999999999,1.0,0.875,0.0,0.375,0.0,6.0,10.0,45.0,24.0,391.0,4.0,0.0,0.0,0.0,0.0,0.0,0.0,0.0,,5
00-0030472,2017,veteran,TE,10.160283210958035,6.702259804738526,68.09685776956373,47.568444989983114,499.03780726303,4.1315674062163215,0.08505314174355011,0.2789187771388137,0.013626330451225648,0.3608116298886176,0.6985409686736543,10.490942206921344,0.06067192439623769,0.09049827018814206,0.007769110224639903,1.3671174504315194e-11,1.0378925957603666,97.8654342592365,98.90332685499686,veteran,Jordan Reed,TE,6.0,46.599999999999994,35.0,27.0,211.0,2.0,0.0,0.0,0.0,0.0,0.0,0.0,0.0,0.0,0.0,0.0,0.0,0.0,0.0,0.0,0.0,0.0,0.0,0.0,0.0,0.0,0.0,0.0,0.0,16,135.6,11.724096385542166,0.7838855421686747,0.75,27.16495550992471,0.7781250000000001,1.0,0.875,0.125,0.125,2.0,4.0,12.0,89.0,66.0,686.0,6.0,0.0,0.0,0.0,0.0,0.0,0.0,0.0,,5
00-0030506,2017,veteran,TE,13.4558630084987,6.718581982820171,90.4043187721958,62.144168359187425,762.0224708867265,4.31461944492214,0.13356034456388516,0.36149543405758816,0.012467099136996954,0.3988480723803244,0.6874026507050027,12.26217183376417,0.04772581115061859,0.12830302825268652,0.013946763351707152,1.3671123960688258e-11,2.007926577720384,132.47530393126632,134.4832305089867,veteran,Travis Kelce,TE,15.0,196.0,122.0,83.0,1038.0,8.0,2.0,7.0,0.0,1.0,0.0,0.0,0.0,1.0,0.0,0.0,4.0,0.0,0.0,4.0,4.0,0.0,0.0,0.0,0.0,0.0,0.0,0.0,0.0,16,188.0,10.7721875,1.0,1.0,27.906913073237508,1.0,1.0,1.0,0.0,0.0,0.0,0.0,16.0,117.0,85.0,1125.0,4.0,1.0,-5.0,0.0,0.0,0.0,0.0,0.0,,5
00-0030514,2017,veteran,TE,9.16492189423278,3.454519776445574,31.66040393320617,20.706116113673584,211.880628193767,1.5587681905740585,0.07409867429790014,0.24299527564888387,0.01187131952192109,0.15584982196268604,0.6540066942088673,10.2327557244716,0.049233995683143704,0.0126538458026099,0.0003542032196723821,1.3671439089105068e-11,0.12084087595765512,40.67755782042887,40.79839869638653,veteran,,,0.0,0.0,0.0,0.0,0.0,0.0,0.0,0.0,0.0,0.0,0.0,0.0,0.0,0.0,0.0,0.0,0.0,0.0,0.0,0.0,0.0,0.0,0.0,0.0,0.0,0.0,0.0,0.0,0.0,16,34.199999999999996,4.001612903225807,0.8109879032258065,0.625,26.981519507186857,0.775,1.0,1.0,0.0,0.375,0.0,6.0,10.0,25.0,18.0,192.0,1.0,0.0,0.0,0.0,0.0,0.0,0.0,0.0,,5
00-0030549,2017,veteran,TE,6.725490667425295,5.636333840787339,37.90711064470862,24.740494907574643,290.6606880367741,2.8648139015741476,0.05284304467162005,0.17329068742152226,0.008465963443366606,0.10479242177220745,0.6526610571683896,11.748378079040947,0.07557457830076114,0.06546828708776549,0.004587563492875651,1.3671219806067915e-11,0.4865867771913124,58.483739672767555,58.97032644995887,veteran,Tyler Eifert,TE,2.0,6.6000000000000005,5.0,4.0,46.0,0.0,0.0,0.0,0.0,0.0,0.0,0.0,0.0,0.0,0.0,0.0,0.0,0.0,0.0,0.0,0.0,0.0,0.0,0.0,0.0,0.0,0.0,0.0,0.0,16,84.9,11.529585798816568,0.6364644970414202,0.5,26.981519507186857,0.5281250000000001,1.0,0.8125,0.4375,0.0625,7.0,8.0,8.0,47.0,29.0,394.0,5.0,0.0,0.0,0.0,0.0,0.0,0.0,0.0,,5
00-0030710,2017,veteran,TE,11.69878674475885,3.20446629026922,37.488367760628115,24.054842378185963,245.83747961692453,1.7412046881871197,0.1347762723313797,0.4235760168135903,0.00973100079143874,0.17119651901248356,0.6416615023567227,10.219874890548493,0.04644653240986948,0.0098251502231684,0.0002406917409046601,1.367147212253297e-11,0.11916603953804877,46.816747848313184,46.935913887851235,veteran,Trey Burton,TE,14.0,68.3,31.0,23.0,248.0,5.0,0.0,0.0,0.0,0.0,0.0,0.0,0.0,0.0,0.0,0.0,0.0,0.0,0.0,0.0,0.0,0.0,0.0,0.0,0.0,0.0,0.0,0.0,0.0,16,57.2,2.834426229508197,0.8012295081967212,0.875,25.842573579739906,0.7625000000000001,1.0,0.875,0.0,0.125,0.0,2.0,14.0,60.0,37.0,327.0,1.0,0.0,0.0,0.0,0.0,0.0,0.0,0.0,,5
00-0030854,2017,veteran,TE,9.34334314741357,2.773625374073552,25.914933632342525,16.92060847961727,213.7292866919949,1.3849978502179587,0.054785120753604956,0.17965942906696356,0.008777102690101776,0.15047533472637697,0.6529288756695831,12.631300283878991,0.053444005293127386,0.01230329333520171,0.00033931097613896957,1.3671442761864889e-11,0.11970934005517528,37.91289789991043,38.03260723996561,veteran,,,0.0,0.0,0.0,0.0,0.0,0.0,0.0,0.0,0.0,0.0,0.0,0.0,0.0,0.0,0.0,0.0,0.0,0.0,0.0,0.0,0.0,0.0,0.0,0.0,0.0,0.0,0.0,0.0,0.0,16,43.2,3.6,0.75,0.75,25.31690622861054,0.41250000000000003,1.0,0.75,0.0,0.25,0.0,4.0,12.0,22.0,15.0,297.0,1.0,0.0,0.0,0.0,0.0,0.0,0.0,0.0,,5
00-0030992,2017,veteran,TE,4.7894608263895595,3.467772113539144,16.608758692641857,10.807372676830237,119.56211948299337,0.9581819207891387,0.0411799693740453,0.135043414798884,0.006597426728268338,0.07643733273795134,0.6507032149017978,11.063014393805517,0.057691362643111914,0.015512053763172825,0.0004838210810538104,1.3671412423075928e-11,0.0777702371385554,23.00920404782288,23.086974284961435,veteran,,,0.0,0.0,0.0,0.0,0.0,0.0,0.0,0.0,0.0,0.0,0.0,0.0,0.0,0.0,0.0,0.0,0.0,0.0,0.0,0.0,0.0,0.0,0.0,0.0,0.0,0.0,0.0,0.0,0.0,16,17.1,5.307042253521128,0.49207746478873243,0.3125,25.793292265571527,0.44375,1.0,0.625,0.375,0.3125,6.0,11.0,5.0,14.0,8.0,71.0,1.0,0.0,0.0,0.0,0.0,0.0,0.0,0.0,,5
00-0031035,2017,veteran,TE,6.104102044221275,2.9803124968268038,18.192131604298705,11.552050609429303,126.00986240032255,1.0413661795439368,0.04402900623021226,0.14438639566538164,0.007053869804608855,0.10245538679140898,0.6350025857717307,10.908008167612046,0.057242669643939224,0.009373090896108195,0.00022401258884052104,1.3671478262360857e-11,0.05926539701871913,24.4770597068219,24.53632510384062,veteran,Xavier Grimble,TE,8.0,11.7,9.0,5.0,32.0,1.0,0.0,0.0,0.0,0.0,0.0,0.0,0.0,0.0,0.0,0.0,0.0,0.0,0.0,0.0,0.0,0.0,0.0,0.0,0.0,0.0,0.0,0.0,0.0,16,29.299999999999997,3.662499999999999,0.5,0.5,24.996577686516083,0.275,1.0,0.5,0.0625,0.4375,1.0,8.0,8.0,21.0,11.0,118.0,2.0,0.0,0.0,0.0,0.0,0.0,0.0,0.0,,5
00-0031273,2017,veteran,TE,12.27338048325134,4.941678811152189,60.65110427529197,40.79937183237866,461.43535932550446,4.029862613618055,0.08981608216241647,0.2945381121802024,0.014389399266045695,0.1801829341090256,0.6726896784466214,11.309864309217286,0.06644335106128874,0.04567308530871468,0.0025854062206970146,1.3671268994298017e-11,0.6081606655490067,90.47782186904435,91.08598253459336,veteran,Cameron Brate,TE,16.0,119.10000000000001,77.0,48.0,591.0,6.0,0.0,0.0,0.0,0.0,0.0,0.0,0.0,0.0,0.0,0.0,0.0,0.0,0.0,0.0,0.0,0.0,0.0,0.0,0.0,0.0,0.0,0.0,0.0,16,142.5,8.01625,0.8703124999999999,0.9375,26.16563997262149,0.75,1.0,0.9375,0.0,0.0625,0.0,1.0,15.0,81.0,57.0,660.0,8.0,0.0,0.0,0.0,0.0,0.0,0.0,0.0,,5
00-0031299,2017,veteran,TE,12.861068800284764,7.408934580702936,95.2868173792294,61.40538783962579,690.2394421793422,4.666337147523781,0.10410280548502092,0.341389237450523,0.01667826960132409,0.2398261070575324,0.6444268948058173,11.240698356666362,0.04897148709408935,0.11265300613421328,0.011186357269819605,1.3671143050991309e-11,1.6646408285102432,127.37921735012772,129.04385817863795,veteran,Jordan Matthews,TE,10.0,44.699999999999996,36.0,25.0,282.0,1.0,0.0,0.0,0.0,0.0,0.0,0.0,0.0,0.0,0.0,1.0,0.0,0.0,0.0,0.0,0.0,0.0,0.0,0.0,0.0,0.0,0.0,0.0,0.0,16,135.9,10.644966442953018,0.9354026845637585,0.875,25.127994524298426,0.93125,1.0,1.0,0.0,0.125,0.0,2.0,14.0,117.0,73.0,804.0,3.0,0.0,0.0,0.0,0.0,0.0,0.0,0.0,,5
00-0031302,2017,veteran,TE,12.771308531925449,4.3939782615634995,56.11685206100087,35.79262348720037,375.04239341276514,2.89211369780225,0.1025003440294051,0.3361342100588236,0.016421539880564197,0.24298998636428282,0.6378230811716347,10.478203519976182,0.051537347366855626,0.023855737640702035,0.0009384110805145967,1.3671355759386552e-11,0.32264609217381934,72.3993959592509,72.72204205142471,veteran,C.J. Fiedorowicz,TE,5.0,19.7,22.0,14.0,127.0,0.0,0.0,0.0,0.0,0.0,0.0,0.0,0.0,0.0,0.0,0.0,0.0,0.0,0.0,0.0,0.0,0.0,0.0,0.0,0.0,0.0,0.0,0.0,0.0,16,106.9,5.067765567765569,0.8798076923076924,0.9375,25.861738535249827,0.8531249999999999,1.0,0.9375,0.0625,0.0,1.0,1.0,15.0,89.0,54.0,559.0,4.0,0.0,0.0,0.0,0.0,0.0,0.0,0.0,,5
00-0031384,2017,veteran,TE,13.307947843122747,4.333915251702595,57.67551812617233,37.679943777905805,371.69358489467044,3.3391209550483514,0.12249853500739383,0.4361521717653853,0.014946934930031682,0.1864492177360036,0.6533091509551118,9.864494148014586,0.057894945091669765,0.020891034805784133,0.0007645972272489437,1.3671373282815572e-11,0.29327963197995083,75.80445449999478,76.09773413197473,veteran,Richard Rodgers,TE,10.0,28.0,19.0,12.0,160.0,1.0,0.0,0.0,0.0,0.0,0.0,0.0,0.0,0.0,0.0,0.0,0.0,0.0,0.0,0.0,0.0,0.0,0.0,0.0,0.0,0.0,0.0,0.0,0.0,16,54.1,5.070666666666666,0.94125,0.9375,25.609856262833677,0.9375,1.0,1.0,0.0,0.0625,0.0,1.0,15.0,47.0,30.0,271.0,2.0,0.0,0.0,0.0,0.0,0.0,0.0,0.0,,5
00-0031387,2017,veteran,TE,11.84648194519658,5.8595486087919,69.41503680105498,46.19212174323026,515.8900415981489,3.118003752111208,0.12631686905147146,0.3928550525749096,0.025263373810294296,0.17076525308995877,0.6654483505586534,11.168355601109743,0.044918275575470415,0.06675540769371667,0.004733618668242477,1.3671217114697592e-11,0.874931824444933,93.2424227860366,94.11735461048153,veteran,Eric Ebron,TE,16.0,105.9,86.0,53.0,574.0,4.0,0.0,0.0,0.0,0.0,0.0,0.0,0.0,0.0,0.0,1.0,0.0,0.0,0.0,0.0,0.0,0.0,0.0,0.0,0.0,0.0,0.0,0.0,0.0,16,113.7,7.695057034220533,0.8239068441064638,0.8125,24.39425051334702,0.8218750000000001,1.0,0.875,0.1875,0.0,3.0,3.0,13.0,85.0,61.0,711.0,1.0,1.0,1.0,1.0,0.0,0.0,0.0,0.0,,5
00-0031418,2017,veteran,TE,7.673191934084219,3.7657092809147303,28.89501008042099,18.319107334258817,213.3738205560003,1.6489789374381958,0.06790418678397081,0.22268140073528797,0.010878903108953095,0.13975121206277064,0.6339886119877731,11.647610151667541,0.05706794816297813,0.020649199240636906,0.0007509985670184399,1.367137481786327e-11,0.1670891034887913,40.19884848196032,40.36593758544911,veteran,Austin Seferian-Jenkins,TE,13.0,76.7,74.0,50.0,357.0,3.0,0.0,0.0,0.0,0.0,0.0,0.0,0.0,0.0,0.0,1.0,0.0,0.0,0.0,0.0,0.0,0.0,0.0,0.0,0.0,0.0,0.0,0.0,0.0,16,27.9,5.062500000000001,0.53125,0.5625,24.922655715263517,0.525,1.0,0.5625,0.1875,0.25,3.0,7.0,9.0,20.0,13.0,154.0,1.0,0.0,0.0,0.0,0.0,0.0,0.0,0.0,,5
00-0031462,2017,veteran,TE,2.5211716204130883,1.9032901060559952,4.798521000801392,3.0786405174020226,33.03588989116589,0.25153220139473836,0.01689766596718034,0.05541331256494707,0.002707168431443506,0.0442997686071867,0.6415811282034328,10.730674693726156,0.05241869345840738,0.0028412043509787304,3.656779936073995e-05,1.3671633206503553e-11,0.007301454393372717,6.285287260816812,6.292588715210185,veteran,,,0.0,0.0,0.0,0.0,0.0,0.0,0.0,0.0,0.0,0.0,0.0,0.0,0.0,0.0,0.0,0.0,0.0,0.0,0.0,0.0,0.0,0.0,0.0,0.0,0.0,0.0,0.0,0.0,0.0,16,0.0,1.4142857142857144,0.4375,0.0,26.272416153319643,0.13125,0.0,0.4375,0.0,1.0,0.0,16.0,0.0,0.0,0.0,0.0,0.0,0.0,0.0,0.0,0.0,0.0,0.0,0.0,,5
00-0031558,2017,veteran,TE,3.9434885110184794,3.4874024174280907,13.752531366425746,8.959533783382003,92.88301696239725,0.7016923459634794,0.021806701641626604,0.07151174466491352,0.0034936431098104913,0.06506237171460963,0.6514825194476591,10.366947567592764,0.05102277735403179,0.01329499052302325,0.0003820210174692041,1.3671432624388549e-11,0.05468838572950412,17.876210953407735,17.93089933913724,veteran,Maxx Williams,TE,10.0,20.7,18.0,15.0,86.0,1.0,2.0,6.0,0.0,0.0,0.0,0.0,0.0,0.0,0.0,1.0,0.0,0.0,0.0,0.0,0.0,0.0,0.0,0.0,0.0,0.0,0.0,0.0,0.0,16,0.0,2.7622641509433956,0.7193396226415094,0.125,23.38945927446954,0.33125000000000004,1.0,0.875,0.0,0.875,0.0,14.0,2.0,0.0,0.0,0.0,0.0,0.0,0.0,0.0,0.0,0.0,0.0,0.0,,5
00-0031585,2017,veteran,TE,2.7443839006988417,1.9032530412560833,5.2232570053793035,3.4050966889660024,36.32679094633568,0.27170227691025955,0.01855227751390855,0.06083935820879527,0.0029722530978290597,0.046063599856821597,0.6519106154376814,10.668358130343352,0.05201778825557312,0.0029169276575584917,3.80540766392223e-05,1.3671629800981053e-11,0.008161821870874072,6.8972313552723366,6.90539317714321,veteran,,,0.0,0.0,0.0,0.0,0.0,0.0,0.0,0.0,0.0,0.0,0.0,0.0,0.0,0.0,0.0,0.0,0.0,0.0,0.0,0.0,0.0,0.0,0.0,0.0,0.0,0.0,0.0,0.0,0.0,16,2.3,1.2352272727272724,0.546875,0.125,25.440109514031484,0.275,1.0,0.6875,0.1875,0.6875,3.0,14.0,2.0,2.0,2.0,13.0,0.0,0.0,0.0,0.0,0.0,0.0,0.0,0.0,,5
00-0031598,2017,veteran,TE,3.9367372040953947,2.627572864547976,10.344063852337527,6.926923881701436,71.69188390483681,0.5223786972948997,0.0323093222823154,0.10595348362720093,0.00517626383986414,0.06544580373311751,0.6696520807086961,10.349743281317448,0.05050033572413166,0.006728931912121711,0.00013525875136277598,1.3671521393478593e-11,0.02728875394792067,13.677683839039467,13.704972592987389,veteran,Nick Boyle,TE,15.0,36.3,37.0,28.0,203.0,0.0,0.0,0.0,0.0,0.0,0.0,0.0,0.0,0.0,0.0,0.0,0.0,0.0,0.0,0.0,0.0,0.0,0.0,0.0,0.0,0.0,0.0,0.0,0.0,16,7.4,2.440816326530612,0.4221938775510203,0.25,24.536618754277892,0.30625,1.0,0.5625,0.0,0.75,0.0,12.0,4.0,6.0,6.0,44.0,0.0,0.0,0.0,0.0,0.0,0.0,0.0,0.0,,5
00-0031609,2017,veteran,TE,4.977604125145751,2.685321852564192,13.366469130667554,8.89354082402678,95.49261566035076,0.6713501457330148,0.03758284118309301,0.12324718275307542,0.006021132232844218,0.13718404186209104,0.6653620142376835,10.737299974197905,0.0502264389473427,0.0077209276383424,0.00016672904194245657,1.3671503510949739e-11,0.03967658814909919,17.79821628039475,17.83789286854385,veteran,A.J. Derby,TE,11.0,44.9,40.0,21.0,244.0,2.0,0.0,0.0,0.0,0.0,0.0,0.0,0.0,0.0,0.0,1.0,0.0,0.0,0.0,0.0,0.0,0.0,0.0,0.0,0.0,0.0,0.0,0.0,0.0,16,22.0,3.142857142857143,0.4375,0.4375,25.949349760438057,0.24062500000000003,1.0,0.4375,0.125,0.4375,2.0,9.0,7.0,20.0,16.0,160.0,0.0,0.0,0.0,0.0,0.0,0.0,0.0,0.0,,5
00-0031610,2017,veteran,TE,7.892427020515897,2.428153932098131,19.164027703663212,12.226079897973268,129.39930519397197,1.0999242707962293,0.06131468373942326,0.2010721327710382,0.009823201412887629,0.12687641293491522,0.6379702684126389,10.583875311940556,0.05739525572622598,0.005103090926517754,8.885837707237847e-05,1.36715573097708e-11,0.041327735316709614,25.47780968904581,25.51913742436252,veteran,,,0.0,0.0,0.0,0.0,0.0,0.0,0.0,0.0,0.0,0.0,0.0,0.0,0.0,0.0,0.0,0.0,0.0,0.0,0.0,0.0,0.0,0.0,0.0,0.0,0.0,0.0,0.0,0.0,0.0,16,25.5,2.21865671641791,0.5578358208955223,0.625,24.966461327857633,0.41875,1.0,0.625,0.0,0.375,0.0,6.0,10.0,17.0,10.0,85.0,2.0,0.0,0.0,0.0,0.0,0.0,0.0,0.0,,5
00-0032004,2017,veteran,TE,13.273490723850873,4.493016234875104,59.63800931572607,39.45951907686945,388.85377656183863,2.7049168689163823,0.09238929964656137,0.30297658557785717,0.014801653429067118,0.2565253501592979,0.6616505066084472,9.854498626917595,0.04535558614299886,0.02370454059480093,0.0009292336738244479,1.3671356600205748e-11,0.3331432618858679,74.45069528693047,74.78383854881633,veteran,Will Tye,TE,2.0,5.800000000000001,6.0,4.0,38.0,0.0,0.0,0.0,0.0,0.0,0.0,0.0,0.0,0.0,0.0,0.0,0.0,0.0,0.0,0.0,0.0,0.0,0.0,0.0,0.0,0.0,0.0,0.0,0.0,16,69.5,4.97992125984252,0.9424212598425196,1.0,25.82614647501711,0.7937500000000001,1.0,1.0,0.0,0.0,0.0,0.0,16.0,70.0,48.0,395.0,1.0,0.0,0.0,0.0,0.0,0.0,0.0,0.0,,5
00-0032062,2017,veteran,TE,6.4479491755731395,2.18806305259032,14.108519356051803,8.969820513241057,104.40854187274542,0.7017080653006105,0.05346530972836993,0.17533131055579998,0.008565656283839105,0.10290595423498199,0.6357733428202359,11.63998117003788,0.049736478193908785,0.004938889824712649,8.455490448031233e-05,1.3671561553402315e-11,0.032663519339761304,18.999127995987386,19.031791515327146,veteran,Blake Bell,TE,3.0,5.4,4.0,3.0,19.0,0.0,0.0,0.0,0.0,0.0,0.0,0.0,0.0,0.0,0.0,0.0,0.0,0.0,0.0,0.0,0.0,0.0,0.0,0.0,0.0,0.0,0.0,0.0,0.0,16,10.5,1.9161971830985918,0.5237676056338029,0.5,26.069815195071868,0.44375,1.0,0.5625,0.0,0.5,0.0,8.0,8.0,9.0,4.0,85.0,0.0,0.0,0.0,0.0,0.0,0.0,0.0,0.0,,5
00-0032098,2017,veteran,TE,4.549385931145345,3.065654229699665,13.946844222351874,9.226597704335274,94.91123727968696,0.7345509264244755,0.03999538766936799,0.13115876017335792,0.00640764535836811,0.07621281245303821,0.6615545106288842,10.286699422810132,0.05266789495269828,0.00963865530903849,0.0002337600372571292,1.3671474620882872e-11,0.04544515991963511,18.410864261944653,18.456309421864287,veteran,Daniel Brown,TE,10.0,19.4,20.0,13.0,129.0,0.0,0.0,0.0,0.0,0.0,0.0,0.0,0.0,0.0,0.0,0.0,0.0,0.0,0.0,0.0,0.0,0.0,0.0,0.0,0.0,0.0,0.0,0.0,0.0,16,26.4,3.8533333333333335,0.3416666666666667,0.375,25.267624914442163,0.28125,1.0,0.375,0.0,0.625,0.0,10.0,6.0,20.0,16.0,124.0,1.0,0.0,0.0,0.0,0.0,0.0,0.0,0.0,,5
00-0032120,2017,veteran,TE,4.249498622723003,2.4020858195122274,10.207660381679666,6.716807378329989,71.56669200102506,0.5204467732657484,0.03520611776044294,0.11545308159404322,0.005640358306281372,0.072448880351694,0.6580163452915291,10.654867404999012,0.05098590213677437,0.005476068133094035,9.890331377276177e-05,1.3671548154530862e-11,0.023900978349205015,13.538243226155695,13.5621442045049,veteran,Neal Sterling,TE,6.0,11.200000000000001,11.0,6.0,82.0,0.0,0.0,0.0,0.0,0.0,0.0,0.0,0.0,0.0,0.0,0.0,0.0,0.0,0.0,0.0,0.0,0.0,0.0,0.0,0.0,0.0,0.0,0.0,0.0,16,17.0,2.5972222222222228,0.34895833333333337,0.375,25.631759069130734,0.225,1.0,0.375,0.0625,0.5625,1.0,10.0,6.0,16.0,12.0,110.0,0.0,0.0,0.0,0.0,0.0,0.0,0.0,0.0,,5
00-0032134,2017,veteran,TE,6.288142038173335,3.81091094533046,23.96354931906735,15.615424292140865,162.6178710651778,1.2067079205863036,0.05132335853890695,0.16830710904826018,0.008222495124595604,0.1037460698918667,0.6516323639802374,10.413925873728724,0.05035597625874847,0.01703543013049157,0.0005586187419921997,1.36714001294691e-11,0.11239021550609311,31.168420317974697,31.28081053348079,veteran,C.J. Uzomah,TE,12.0,20.2,15.0,10.0,92.0,1.0,0.0,0.0,0.0,0.0,0.0,0.0,0.0,0.0,0.0,0.0,0.0,0.0,0.0,0.0,0.0,0.0,0.0,0.0,0.0,0.0,0.0,0.0,0.0,16,41.9,4.399056603773585,0.44693396226415094,0.5,24.629705681040384,0.33125000000000004,1.0,0.5,0.25,0.25,4.0,8.0,8.0,38.0,25.0,234.0,1.0,0.0,0.0,0.0,0.0,0.0,0.0,0.0,,5
00-0032135,2017,veteran,TE,13.35398466494861,4.575836493161096,61.1056503589855,39.79668601858679,392.29017383210777,3.2920817793972335,0.08290720271520159,0.27188149812322915,0.013282530401879716,0.2015943828237828,0.65127669511392,9.857357812378929,0.05387524328857973,0.023877775346332043,0.0009397515015036711,1.3671355637267374e-11,0.33768758688305395,78.58354563546361,78.92123322234666,veteran,Jesse James,TE,14.0,76.7,63.0,43.0,372.0,3.0,0.0,0.0,0.0,0.0,0.0,0.0,0.0,0.0,0.0,0.0,0.0,0.0,0.0,0.0,0.0,0.0,0.0,0.0,0.0,0.0,0.0,0.0,0.0,16,71.3,4.31990291262136,0.899878640776699,1.0,23.24435318275154,0.64375,1.0,1.0,0.0,0.0,0.0,0.0,16.0,60.0,39.0,338.0,3.0,0.0,0.0,0.0,0.0,0.0,0.0,0.0,,5
00-0032139,2017,veteran,TE,7.9442070578818385,3.0670277386313445,24.3651034079545,16.253934830790286,168.187735374205,1.2926536620482063,0.051941470745436,0.1703341135450427,0.00832152263856442,0.13057628243981992,0.6670989471558675,10.347508903235065,0.05305348556929138,0.010021029275885976,0.00024804834471089216,1.3671469548526222e-11,0.08256495283407414,32.507472907411135,32.59003786024521,veteran,Ben Koyack,TE,6.0,8.3,7.0,5.0,38.0,0.0,0.0,0.0,0.0,0.0,0.0,0.0,0.0,0.0,0.0,0.0,0.0,0.0,0.0,0.0,0.0,0.0,0.0,0.0,0.0,0.0,0.0,0.0,0.0,16,31.6,3.1600000000000006,0.625,0.625,24.396988364134156,0.34375,1.0,0.625,0.125,0.25,2.0,6.0,10.0,24.0,19.0,161.0,1.0,0.0,0.0,0.0,0.0,0.0,0.0,0.0,,5
00-0032214,2017,veteran,TE,7.987157414440452,2.374485320463447,18.965388032819632,12.606458564149797,135.73649114569884,0.9892729032748261,0.06275863541311777,0.2058073515627057,0.010054536343708733,0.12423390775240935,0.6647087073744181,10.767218283785565,0.05216201754284636,0.005608058078812267,0.0001025460731329956,1.3671545062602912e-11,0.04602102032571058,25.644955954007443,25.690976974333154,veteran,Tyler Kroft,TE,16.0,103.4,62.0,42.0,404.0,7.0,0.0,0.0,0.0,0.0,0.0,0.0,0.0,0.0,0.0,0.0,0.0,0.0,0.0,0.0,0.0,0.0,0.0,0.0,0.0,0.0,0.0,0.0,0.0,16,14.200000000000001,1.7695906432748536,0.6414473684210525,0.5625,24.878850102669404,0.534375,1.0,0.75,0.125,0.3125,2.0,7.0,9.0,12.0,10.0,92.0,0.0,0.0,0.0,0.0,0.0,0.0,0.0,0.0,,5
00-0032227,2017,veteran,TE,4.502998627603981,2.9102297503405397,13.104760571795726,8.3599457107909,96.38237620937255,0.6656456518824218,0.035518555015823565,0.11647767181395688,0.005690413756319033,0.07722809776816712,0.6379319686910807,11.52906723843476,0.05079418645122254,0.010315780455998123,0.0002592638310265887,1.3671465767628016e-11,0.04820314237209883,17.70341844181021,17.75162158418231,veteran,Jeff Heuerman,TE,10.0,30.7,18.0,9.0,142.0,2.0,0.0,0.0,0.0,0.0,0.0,0.0,0.0,0.0,0.0,0.0,0.0,0.0,0.0,0.0,0.0,0.0,0.0,0.0,0.0,0.0,0.0,0.0,0.0,16,18.6,3.1,0.375,0.375,24.76933607118412,0.20625000000000002,1.0,0.375,0.0,0.625,0.0,10.0,6.0,17.0,9.0,141.0,0.0,0.0,0.0,0.0,0.0,0.0,0.0,0.0,,5
00-0032256,2017,veteran,TE,12.704248741832668,3.9222001914071614,49.82860684690028,31.712690749922128,347.93215899926525,2.738857845312346,0.08933907178436855,0.2929738295611216,0.014312977620628485,0.18428828511002648,0.6364354284951256,10.971385611614165,0.05496557135798639,0.019831907187614125,0.0007057025930177411,1.3671380139115817e-11,0.2653976142029388,66.8293070252215,67.09470463942444,veteran,Clive Walford,TE,6.0,12.5,13.0,9.0,80.0,0.0,0.0,0.0,0.0,0.0,0.0,0.0,0.0,0.0,0.0,0.0,0.0,0.0,0.0,0.0,0.0,0.0,0.0,0.0,0.0,0.0,0.0,0.0,0.0,16,70.4,4.563921568627451,0.9375,0.9375,25.864476386036962,0.796875,1.0,0.9375,0.0,0.0625,0.0,1.0,15.0,52.0,33.0,359.0,3.0,0.0,0.0,0.0,0.0,0.0,0.0,0.0,,5
00-0032392,2017,veteran,TE,10.851072651221742,3.8891274182933544,42.201204165759634,27.71417858166908,324.0985622213779,2.512829612939433,0.059964952966830416,0.1966458970219423,0.009606961575645721,0.17302139390222246,0.6567153504154096,11.694323223988517,0.0595440263521732,0.0249491529184672,0.0010057619349405735,1.3671349829152761e-11,0.2870954649402364,61.07518676196055,61.36228222690079,veteran,Austin Hooper,TE,16.0,96.1,65.0,49.0,526.0,3.0,0.0,0.0,0.0,0.0,0.0,0.0,0.0,0.0,0.0,0.0,1.0,0.0,0.0,1.0,1.0,0.0,0.0,0.0,0.0,0.0,0.0,0.0,0.0,16,54.6,4.2,0.8125,0.8125,22.84188911704312,0.446875,1.0,0.8125,0.125,0.0625,2.0,3.0,13.0,27.0,19.0,271.0,3.0,0.0,0.0,0.0,0.0,0.0,0.0,0.0,,5
00-0032429,2017,veteran,TE,7.867322391897644,2.765469205045831,21.756837800960444,14.39838128380167,147.6741987700332,1.1670616520808097,0.051438777071933554,0.16868560648446307,0.008240986282464391,0.12931255482198512,0.6617864882536405,10.256305612365482,0.05364114320093384,0.007288611705838905,0.00015273381650915047,1.3671511006083978e-11,0.05914426755624371,28.77666980008828,28.835814067644524,veteran,Jerell Adams,TE,9.0,13.2,11.0,8.0,92.0,0.0,0.0,0.0,0.0,0.0,0.0,0.0,0.0,0.0,0.0,0.0,0.0,0.0,0.0,0.0,0.0,0.0,0.0,0.0,0.0,0.0,0.0,0.0,0.0,16,26.2,2.62,0.625,0.625,24.66803559206023,0.34375,1.0,0.625,0.0,0.375,0.0,6.0,10.0,21.0,16.0,122.0,1.0,0.0,0.0,0.0,0.0,0.0,0.0,0.0,,5
00-0032725,2017,veteran,TE,7.057036117895084,2.554899026746766,18.030014709326924,11.764470531078521,124.381831963352,0.9852700361533095,0.048521717291409014,0.15911955483550771,0.007773645280114863,0.1172070887611786,0.6524936735072524,10.572667221594813,0.0546461027368785,0.006173098096843445,0.00011864598761172077,1.3671532596112628e-11,0.04481970995142347,24.060178328436198,24.10499803838762,veteran,Stephen Anderson,TE,14.0,52.7,52.0,25.0,342.0,1.0,0.0,0.0,0.0,0.0,0.0,0.0,0.0,0.0,0.0,0.0,0.0,0.0,0.0,0.0,0.0,0.0,0.0,0.0,0.0,0.0,0.0,0.0,0.0,16,20.8,2.3111111111111113,0.5625,0.5625,24.58590006844627,0.309375,1.0,0.5625,0.1875,0.25,3.0,7.0,9.0,16.0,11.0,93.0,1.0,0.0,0.0,0.0,0.0,0.0,0.0,0.0,,5
00-0033090,2017,veteran,TE,10.876693303402504,5.664301405750093,61.60886916837543,40.431182264817785,475.5063968761908,4.35982902609275,0.06010653723710308,0.1971102009937534,0.00962964473600737,0.2806032529291895,0.6562558737171498,11.760882819644003,0.07076625630276465,0.06742330394730235,0.004810161533725255,1.3671215737062585e-11,0.8118205764475211,93.4414873592415,94.25330793568902,veteran,Hunter Henry,TE,12.0,104.4,62.0,45.0,579.0,4.0,0.0,0.0,0.0,0.0,0.0,0.0,0.0,0.0,0.0,0.0,0.0,0.0,0.0,0.0,0.0,0.0,0.0,0.0,0.0,0.0,0.0,0.0,0.0,16,111.8,8.6,0.8125,0.8125,22.73511293634497,0.446875,1.0,0.8125,0.0625,0.125,1.0,3.0,13.0,53.0,36.0,478.0,8.0,0.0,0.0,0.0,0.0,0.0,0.0,0.0,,5
00-0033110,2017,veteran,TE,9.535666415812372,2.8524710502698682,27.200212396135427,16.56771155517075,173.38703463499093,1.4170915949582885,0.05591281705210525,0.18335753669842586,0.008957770471408683,0.1535727172939852,0.6091022861837898,10.4653581188693,0.05209854887602375,0.006701679246833062,0.0001344267578194425,1.3671521920945492e-11,0.06582775106419503,33.89004575274452,33.95587350380872,veteran,Tyler Higbee,TE,14.0,48.0,45.0,25.0,295.0,1.0,0.0,0.0,0.0,0.0,0.0,0.0,0.0,0.0,0.0,0.0,0.0,0.0,0.0,0.0,0.0,0.0,0.0,0.0,0.0,0.0,0.0,0.0,0.0,16,20.0,1.6666666666666667,0.75,0.75,24.6652977412731,0.41250000000000003,1.0,0.75,0.0,0.25,0.0,4.0,12.0,29.0,11.0,85.0,1.0,0.0,0.0,0.0,0.0,0.0,0.0,0.0,,5
00-0033559,2017,rookie,TE,6.8715676339654,2.0567421774135615,14.133042977726552,9.02801654455987,100.45595638956182,0.8051551757007853,0.11601894103568171,0.6671089109551698,0.0,0.04722726896196151,0.6387878787878788,11.127134724857685,0.05696969696969697,0.0037785433882215444,5.632790414890729e-05,1.3671596277156309e-11,0.026545108142485823,19.362791318612423,19.38933642675491,rookie,Michael Roberts,TE,6.0,6.6,7.0,4.0,46.0,0.0,0.0,0.0,0.0,0.0,0.0,0.0,0.0,0.0,0.0,0.0,0.0,0.0,0.0,0.0,0.0,0.0,0.0,0.0,0.0,0.0,0.0,0.0,0.0,16,0.0,,,0.0,23.32101300479124,0.0,0.0,0.0,0.0,1.0,0.0,16.0,0.0,0.0,0.0,0.0,0.0,0.0,0.0,0.0,0.0,0.0,0.0,0.0,,5
00-0033858,2017,rookie,TE,8.797897887326213,2.0519097753173527,18.052492677248544,11.531713504133313,128.31492976895208,1.0284450373705232,0.1490749310211376,0.8571808533715413,0.0,0.06046665214657191,0.6387878787878788,11.127134724857685,0.05696969696969697,0.003755391345507231,5.580551075733468e-05,1.3671597073619033e-11,0.03377600660307352,24.732804734229013,24.766580740832087,rookie,Jonnu Smith,TE,14.0,36.7,30.0,18.0,157.0,2.0,0.0,0.0,0.0,0.0,0.0,0.0,0.0,0.0,0.0,0.0,0.0,0.0,0.0,0.0,0.0,0.0,0.0,0.0,0.0,0.0,0.0,0.0,0.0,16,0.0,,,0.0,22.028747433264886,0.0,0.0,0.0,0.0,1.0,0.0,16.0,0.0,0.0,0.0,0.0,0.0,0.0,0.0,0.0,0.0,0.0,0.0,0.0,,5
00-0033879,2017,rookie,TE,12.51915888385994,4.301302653984053,53.8486913327948,34.39789131197922,382.7499708794045,3.0677436274440675,0.09754457098504153,0.5608812831639888,0.0,0.08604232909869375,0.6387878787878788,11.127134724857685,0.05696969696969697,0.02653635266407201,0.0011065621051343925,1.3671341656620348e-11,0.35299265575551886,73.76440797871348,74.11740063446899,rookie,O.J. Howard,TE,13.0,88.2,39.0,26.0,432.0,6.0,0.0,0.0,0.0,0.0,0.0,0.0,0.0,0.0,0.0,2.0,0.0,0.0,0.0,0.0,0.0,0.0,0.0,0.0,0.0,0.0,0.0,0.0,0.0,16,0.0,,,0.0,22.78713210130048,0.0,0.0,0.0,0.0,1.0,0.0,16.0,0.0,0.0,0.0,0.0,0.0,0.0,0.0,0.0,0.0,0.0,0.0,0.0,,5
00-0033881,2017,rookie,TE,11.795260008225915,4.1124085799583945,48.50692846066838,30.98563793790574,344.7813678707386,2.763425015335047,0.10086778662984101,0.5799897731215858,0.0,0.08106707909433618,0.6387878787878788,11.127134724857685,0.05696969696969697,0.023565614012747045,0.0009208303429617285,1.367135737741392e-11,0.29425469483440403,66.44737066716048,66.74162536199489,rookie,Evan Engram,TE,15.0,141.6,115.0,64.0,722.0,6.0,1.0,14.0,0.0,0.0,0.0,0.0,0.0,0.0,0.0,0.0,0.0,0.0,0.0,0.0,0.0,0.0,0.0,0.0,0.0,0.0,0.0,0.0,0.0,16,0.0,,,0.0,22.99794661190965,0.0,0.0,0.0,0.0,1.0,0.0,16.0,0.0,0.0,0.0,0.0,0.0,0.0,0.0,0.0,0.0,0.0,0.0,0.0,,5
00-0033885,2017,rookie,TE,13.010233508245044,3.3886893975911248,44.08764034957476,28.162650259667757,313.36960364837137,2.511659510824259,0.1502323800386291,0.8638361852221174,0.0,0.08941741242780099,0.6387878787878788,11.127134724857685,0.05696969696969697,0.014107828050484985,0.0004183477154667934,1.3671424856946785e-11,0.19171033978551172,60.39579135328318,60.58750169306869,rookie,David Njoku,TE,16.0,78.7,60.0,32.0,386.0,4.0,1.0,1.0,0.0,0.0,0.0,0.0,0.0,0.0,0.0,0.0,0.0,0.0,0.0,0.0,0.0,0.0,0.0,0.0,0.0,0.0,0.0,0.0,0.0,16,0.0,,,0.0,21.144421629021217,0.0,0.0,0.0,0.0,1.0,0.0,16.0,0.0,0.0,0.0,0.0,0.0,0.0,0.0,0.0,0.0,0.0,0.0,0.0,,5
00-0033895,2017,rookie,TE,9.860251045971639,3.347522091936259,33.00740820842767,21.08473227374713,234.6126566475392,1.8804220433892127,0.11486937962247026,0.660498932829204,0.0,0.06776804842592192,0.6387878787878788,11.127134724857685,0.05696969696969697,0.013657758667061697,0.0003980886358983151,1.367142910151744e-11,0.14055681028488945,45.216677858393844,45.357234668678736,rookie,Gerald Everett,TE,14.0,43.7,32.0,16.0,244.0,2.0,1.0,13.0,0.0,0.0,0.0,0.0,0.0,0.0,0.0,1.0,0.0,0.0,0.0,0.0,0.0,0.0,0.0,0.0,0.0,0.0,0.0,0.0,0.0,16,0.0,,,0.0,23.186858316221766,0.0,0.0,0.0,0.0,1.0,0.0,16.0,0.0,0.0,0.0,0.0,0.0,0.0,0.0,0.0,0.0,0.0,0.0,0.0,,5
00-0033896,2017,rookie,TE,9.324230877709013,3.4318234467131883,31.999114148688882,20.440646250132172,227.4458246883777,1.8229798363495484,0.1052936039078936,0.6054382224703881,0.0,0.06408406101518221,0.6387878787878788,11.127134724857685,0.05696969696969697,0.014589203460919652,0.00044040916892463313,1.3671420462383293e-11,0.14219281680400703,43.83516031221782,43.97735312902183,rookie,Adam Shaheen,TE,7.0,36.7,14.0,12.0,127.0,3.0,0.0,0.0,0.0,0.0,0.0,0.0,0.0,0.0,0.0,0.0,0.0,0.0,0.0,0.0,0.0,0.0,0.0,0.0,0.0,0.0,0.0,0.0,0.0,16,0.0,,,0.0,23.665982203969882,0.0,0.0,0.0,0.0,1.0,0.0,16.0,0.0,0.0,0.0,0.0,0.0,0.0,0.0,0.0,0.0,0.0,0.0,0.0,,5
00-0021547,2018,veteran,TE,10.289364519666925,5.181377759750917,53.31308448417238,33.209257676557236,352.2958259917849,3.0626892863760156,0.08285878077799112,0.23398544100123164,0.009948959418422462,0.19774059452894385,0.6229100791648328,10.608361964093953,0.05744723487693286,0.0319799788197282,0.0023401819559336415,1.3670268293333017e-11,0.3651721374691504,69.89795826726598,70.26313040473512,veteran,Antonio Gates,TE,16.0,61.3,45.0,28.0,333.0,2.0,0.0,0.0,0.0,0.0,0.0,0.0,0.0,0.0,0.0,1.0,0.0,0.0,0.0,0.0,0.0,0.0,0.0,0.0,0.0,0.0,0.0,0.0,0.0,16,64.6,6.2766550522648075,0.913109756097561,1.0,38.20396988364134,0.8968750000000001,1.0,1.0,0.0,0.0,0.0,0.0,16.0,52.0,30.0,316.0,3.0,0.0,0.0,0.0,0.0,0.0,0.0,0.0,,6
00-0022127,2018,veteran,TE,10.87405544611925,5.814927596675184,63.231845101414905,43.45608379504608,413.97852979314894,3.1786159969396945,0.08199826358106108,0.23155542098497883,0.009845636021786319,0.313882720722088,0.6872499723098178,9.526365324257355,0.05026922734646831,0.042566708336696575,0.0032511623932092865,1.36702260186463e-11,0.51590272710147,81.65205477526113,82.16795750236261,veteran,,,0.0,0.0,0.0,0.0,0.0,0.0,0.0,0.0,0.0,0.0,0.0,0.0,0.0,0.0,0.0,0.0,0.0,0.0,0.0,0.0,0.0,0.0,0.0,0.0,0.0,0.0,0.0,0.0,0.0,16,115.5,7.518152866242038,0.9820859872611465,1.0,36.323066392881586,0.9812500000000001,1.0,1.0,0.0,0.0,0.0,0.0,16.0,87.0,63.0,560.0,5.0,0.0,0.0,0.0,0.0,0.0,0.0,0.0,,6
00-0022943,2018,veteran,TE,9.200944629413208,5.549103372925965,51.05699287718188,35.04641616139609,341.04122239000066,2.7237242975225127,0.0628675117196674,0.1775319684438774,0.007548582262054057,0.16418944511052305,0.686417553922547,9.731129734333873,0.053346743394669945,0.03961543261120697,0.002992412377221941,1.3670236685769717e-11,0.4057989330643086,67.70434190502884,68.11014083809314,veteran,Benjamin Watson,TE,13.0,69.5,46.0,35.0,400.0,2.0,0.0,0.0,0.0,0.0,0.0,0.0,0.0,0.0,0.0,0.0,0.0,0.0,0.0,0.0,0.0,0.0,0.0,0.0,0.0,0.0,0.0,0.0,0.0,16,106.7,7.322321428571429,1.0,1.0,37.70294318959617,0.7000000000000001,1.0,1.0,0.0,0.0,0.0,0.0,16.0,79.0,61.0,522.0,4.0,0.0,0.0,0.0,0.0,0.0,0.0,0.0,,6
00-0024221,2018,veteran,TE,10.917866493043569,4.318748020322672,47.151514302979145,30.816847687798077,387.4064120350939,2.2749523308066357,0.08435328594678225,0.2382057837061909,0.010128406558910378,0.3331660330027359,0.6535706889449995,12.571253749243384,0.04824770454218262,0.03522098475082589,0.0026139223141184503,1.3670254073727951e-11,0.42734569183463955,67.21703798396685,67.64438367580149,veteran,Vernon Davis,TE,13.0,63.2,36.0,25.0,367.0,2.0,0.0,0.0,0.0,0.0,0.0,0.0,0.0,0.0,0.0,0.0,0.0,0.0,0.0,0.0,0.0,0.0,0.0,0.0,0.0,0.0,0.0,0.0,0.0,16,100.3,6.008524590163935,0.9575819672131147,1.0,34.5845311430527,0.953125,1.0,1.0,0.0,0.0,0.0,0.0,16.0,69.0,43.0,648.0,3.0,0.0,0.0,0.0,0.0,0.0,0.0,0.0,,6
00-0024243,2018,veteran,TE,10.526598206799417,3.192002588682654,33.60092872612592,20.518270577525126,231.340179169133,1.9649916154948692,0.0847220532049125,0.23924714792504914,0.010172684913618625,0.1565976891009431,0.610645936151504,11.27483811537867,0.05848027688493676,0.009559699472067446,0.0005980215969863724,1.367044345995123e-11,0.11007381521370913,44.95486834471741,45.06494215993112,veteran,Marcedes Lewis,TE,5.0,5.4,4.0,3.0,39.0,0.0,0.0,0.0,0.0,0.0,0.0,0.0,0.0,0.0,0.0,0.0,0.0,0.0,0.0,0.0,0.0,0.0,0.0,0.0,0.0,0.0,0.0,0.0,0.0,16,75.8,3.9964412811387904,0.9099199288256228,1.0,34.286105407255306,0.878125,1.0,1.0,0.0,0.0,0.0,0.0,16.0,48.0,24.0,318.0,5.0,0.0,0.0,0.0,0.0,0.0,0.0,0.0,,6
00-0024268,2018,veteran,TE,7.218657159548645,2.09427827184325,15.11787684112844,9.859799829035932,103.9884011684724,0.8559087519813864,0.0680720915847527,0.1922292148132276,0.008173502800124854,0.1110238842232881,0.6521947448475158,10.546705102697823,0.05661567169623132,0.0030463998410661538,0.00016685234361916624,1.3670607197089151e-11,0.023797591018207845,20.31040871308902,20.33420630410723,veteran,,,0.0,0.0,0.0,0.0,0.0,0.0,0.0,0.0,0.0,0.0,0.0,0.0,0.0,0.0,0.0,0.0,0.0,0.0,0.0,0.0,0.0,0.0,0.0,0.0,0.0,0.0,0.0,0.0,0.0,16,22.7,2.371063829787234,0.7401595744680851,0.6875,34.365503080082135,0.734375,1.0,0.875,0.0,0.3125,0.0,5.0,11.0,16.0,12.0,107.0,1.0,0.0,0.0,0.0,0.0,0.0,0.0,0.0,,6
00-0024389,2018,veteran,TE,11.118508084279508,6.565619967478361,72.99989868671513,47.9944498620344,534.0180320751205,3.5398410747196674,0.18971710224459679,0.552050431644523,0.019075238339578627,0.3376690887120062,0.657459129744911,11.126662220532106,0.048491040924743975,0.0787178692618002,0.006691674487865403,1.3670133018016185e-11,0.9868274214046137,98.13239288262517,99.11922030402978,veteran,Delanie Walker,TE,1.0,7.2,7.0,4.0,52.0,0.0,0.0,0.0,0.0,0.0,0.0,0.0,0.0,0.0,0.0,0.0,0.0,0.0,0.0,0.0,0.0,0.0,0.0,0.0,0.0,0.0,0.0,0.0,0.0,16,137.5,9.798392282958197,0.9728697749196141,1.0,34.053388090349074,0.971875,1.0,1.0,0.0,0.0,0.0,0.0,16.0,111.0,74.0,807.0,3.0,2.0,-2.0,1.0,0.0,0.0,0.0,0.0,,6
00-0025418,2018,veteran,TE,5.209123044747837,5.766846500198043,30.04021299970504,18.455861706294716,225.0479925100828,1.3917356727187817,0.04544842476176473,0.1283420973715013,0.0054570502889432744,0.09317491939368856,0.6143718656880339,12.193849092038112,0.0463290880371736,0.05963184833116283,0.004814792036662337,1.367017546700095e-11,0.34825090171595663,39.94237081315176,40.29062171486772,veteran,Greg Olsen,TE,9.0,66.6,38.0,27.0,291.0,4.0,0.0,0.0,0.0,0.0,0.0,0.0,0.0,0.0,0.0,0.0,0.0,0.0,0.0,0.0,0.0,0.0,0.0,0.0,0.0,0.0,0.0,0.0,0.0,16,34.6,8.964253393665158,0.8040158371040724,0.4375,33.4757015742642,0.690625,1.0,1.0,0.0,0.5625,0.0,9.0,7.0,38.0,17.0,191.0,1.0,0.0,0.0,0.0,0.0,0.0,0.0,0.0,,6
00-0025549,2018,veteran,TE,7.71377823333237,2.2383089239575193,17.26581865709711,11.158347573133332,123.23044687249944,0.9057612183938492,0.07415403530534885,0.20940405458574765,0.008903769534600058,0.119260714863893,0.6462680857908059,11.04378995768238,0.05245978985314642,0.004023577997143739,0.0002274703376308551,1.3670567450761605e-11,0.03366897219410435,23.172627377118094,23.206296349312197,veteran,,,0.0,0.0,0.0,0.0,0.0,0.0,0.0,0.0,0.0,0.0,0.0,0.0,0.0,0.0,0.0,0.0,0.0,0.0,0.0,0.0,0.0,0.0,0.0,0.0,0.0,0.0,0.0,0.0,0.0,16,25.5,2.773684210526315,0.7171052631578947,0.75,33.59890485968515,0.7125000000000001,1.0,0.75,0.0,0.25,0.0,4.0,12.0,24.0,13.0,130.0,1.0,0.0,0.0,0.0,0.0,0.0,0.0,0.0,,6
00-0026201,2018,veteran,TE,6.785438550572305,4.27149770724485,28.98398521142042,19.425907918544027,205.83119754323047,1.4834478707435694,0.090444204205268,0.2600586236071349,0.011259644274797488,0.10490789697705366,0.6702290170535186,10.595705405704278,0.051181639099065424,0.023021789394640595,0.001609350651672005,1.3670316393686838e-11,0.17259316237693498,39.08050887211187,39.253102034488805,veteran,,,0.0,0.0,0.0,0.0,0.0,0.0,0.0,0.0,0.0,0.0,0.0,0.0,0.0,0.0,0.0,0.0,0.0,0.0,0.0,0.0,0.0,0.0,0.0,0.0,0.0,0.0,0.0,0.0,0.0,16,43.6,7.04561403508772,0.7648026315789473,0.5625,31.479808350444902,0.7125,1.0,1.0,0.125,0.3125,2.0,7.0,9.0,44.0,30.0,286.0,0.0,0.0,0.0,0.0,0.0,0.0,0.0,0.0,,6
00-0026267,2018,veteran,TE,1.1062078982156827,3.757650136791308,4.156742260049786,2.7543074097186566,29.449340765180235,0.22273943621164577,0.00980739578297567,0.027695167679352595,0.0011775865120036849,0.019095978392961083,0.6626120258140971,10.692103815742335,0.05358509676011955,0.016129597729157046,0.0010763233202762442,1.3670368043884486e-11,0.01962864447016477,5.630167477701262,5.649796122171427,veteran,,,0.0,0.0,0.0,0.0,0.0,0.0,0.0,0.0,0.0,0.0,0.0,0.0,0.0,0.0,0.0,0.0,0.0,0.0,0.0,0.0,0.0,0.0,0.0,0.0,0.0,0.0,0.0,0.0,0.0,16,0.0,6.522580645161289,0.7116935483870968,0.0,33.464750171115675,0.290625,0.0,0.9375,0.0,1.0,0.0,16.0,0.0,0.0,0.0,0.0,0.0,0.0,0.0,0.0,0.0,0.0,0.0,0.0,,6
00-0026281,2018,veteran,TE,2.2062795388349166,5.1987953375754286,11.46999577988303,7.458035304863342,84.52559455552384,0.5971713364956596,0.01402876380210139,0.03961591582830423,0.0016844515505448233,0.036450609591893494,0.650221277146747,11.333493487273408,0.0520637799660768,0.04329385527716676,0.0033154628159769066,1.3670223499184306e-11,0.10649060377460054,15.705772208660324,15.812262812434925,veteran,,,0.0,0.0,0.0,0.0,0.0,0.0,0.0,0.0,0.0,0.0,0.0,0.0,0.0,0.0,0.0,0.0,0.0,0.0,0.0,0.0,0.0,0.0,0.0,0.0,0.0,0.0,0.0,0.0,0.0,16,0.0,8.4625,1.0,0.0,32.941820670773446,0.44999999999999996,0.0,1.0,0.0,1.0,0.0,16.0,0.0,0.0,0.0,0.0,0.0,0.0,0.0,0.0,0.0,0.0,0.0,0.0,,6
00-0027061,2018,veteran,TE,11.247898560834233,4.48150867123798,50.40755493358381,31.668595810258118,375.39860967458685,2.1331761265899605,0.08953757852069676,0.252845740664247,0.010750891176072455,0.3325566494746368,0.6282509804727516,11.853970789351747,0.04231857961372257,0.029841760514134022,0.0021622017223648575,1.3670278458852148e-11,0.3721374339090432,65.59789225430109,65.97002968821013,veteran,Jared Cook,TE,16.0,165.1,101.0,68.0,896.0,6.0,0.0,0.0,0.0,0.0,0.0,0.0,0.0,0.0,0.0,0.0,5.5,0.0,0.0,5.5,4.0,1.0,0.0,0.0,0.0,0.0,0.0,0.0,0.0,16,107.8,6.108450704225352,0.920774647887324,1.0,31.4031485284052,0.8875000000000001,1.0,1.0,0.0,0.0,0.0,0.0,16.0,86.0,54.0,688.0,2.0,0.0,0.0,0.0,0.0,0.0,0.0,0.0,,6
00-0027125,2018,veteran,TE,4.950512821007358,4.1705620885263075,20.64642109005671,13.507962860731963,148.6401656782713,1.1798955352330736,0.051781844912721156,0.14622708304415138,0.006217512118939467,0.07898960221067332,0.6542520275941375,11.003892090225724,0.057147702746473086,0.022389028454494815,0.0015592726359350355,1.3670320453427506e-11,0.12241597131268883,28.591319786188254,28.71373575750094,veteran,,,0.0,0.0,0.0,0.0,0.0,0.0,0.0,0.0,0.0,0.0,0.0,0.0,0.0,0.0,0.0,0.0,0.0,0.0,0.0,0.0,0.0,0.0,0.0,0.0,0.0,0.0,0.0,0.0,0.0,16,45.6,7.240106951871657,0.6052807486631016,0.5,33.908281998631075,0.584375,1.0,0.8125,0.0,0.5,0.0,8.0,8.0,35.0,20.0,236.0,2.0,0.0,0.0,0.0,0.0,0.0,0.0,0.0,,6
00-0027139,2018,veteran,TE,0.4813708440749771,1.2029913167311055,0.5790849455497203,0.3788667993157877,3.9518161725993246,0.03188892129838575,0.005245156212768406,0.014811830177097625,0.0006297925918550368,0.008317096609320174,0.6542508179972331,10.430621473657983,0.05506777812728989,0.0006949384693607782,3.2259264101541984e-05,1.367081793035103e-11,0.00035781613452253206,0.7645742900583405,0.7649321061928631,veteran,John Phillips,TE,2.0,5.3,3.0,3.0,38.0,0.0,0.0,0.0,0.0,0.0,0.0,0.0,0.0,0.0,0.0,0.0,0.0,0.0,0.0,0.0,0.0,0.0,0.0,0.0,0.0,0.0,0.0,0.0,0.0,16,0.0,1.7706521739130434,0.5027173913043479,0.0625,31.225188227241617,0.2875,1.0,0.5625,0.0,0.9375,0.0,15.0,1.0,0.0,0.0,0.0,0.0,0.0,0.0,0.0,0.0,0.0,0.0,0.0,,6
00-0027656,2018,veteran,TE,9.600227747358772,6.835343945890776,65.62085861208143,42.44187766367093,622.2154126254202,4.162412567977112,0.08753595731604645,0.24719334974212614,0.010510553966797355,0.14754304985095296,0.6467741898131301,14.660412000527945,0.06343124207781657,0.16618470514382278,0.016959586429846404,1.3670012444084602e-11,1.8396348561121452,108.20965206131325,110.04928691742539,veteran,Rob Gronkowski,TE,13.0,109.69999999999999,72.0,47.0,682.0,3.0,0.0,0.0,0.0,0.0,0.0,0.0,0.0,0.0,0.0,1.0,2.0,0.0,0.0,2.0,2.0,0.0,0.0,0.0,0.0,0.0,0.0,0.0,0.0,16,197.4,14.31864406779661,0.7727754237288136,0.8125,29.300479123887747,0.7375,1.0,0.9375,0.0,0.1875,0.0,3.0,13.0,105.0,69.0,1084.0,8.0,0.0,0.0,0.0,0.0,0.0,0.0,0.0,,6
00-0027675,2018,veteran,TE,10.282243409355665,2.8132672216284855,28.92669834834582,18.46049755585928,219.9635484137279,1.4425067226189532,0.08579079748796364,0.2422651817416135,0.010301010401888073,0.15307048362984446,0.6381819775472215,11.915364022456288,0.04986765877141465,0.008883049304967682,0.0005508217205258024,1.367045400807496e-11,0.0998331999605208,39.661535568341954,39.761368768302475,veteran,Ed Dickson,TE,9.0,39.2,13.0,12.0,143.0,3.0,1.0,9.0,0.0,0.0,0.0,0.0,0.0,0.0,0.0,0.0,0.0,0.0,0.0,0.0,0.0,0.0,0.0,0.0,0.0,0.0,0.0,0.0,0.0,16,67.2,3.576428571428571,0.8790178571428571,0.875,31.104722792607802,0.8750000000000001,1.0,1.0,0.0,0.125,0.0,2.0,14.0,48.0,30.0,437.0,1.0,0.0,0.0,0.0,0.0,0.0,0.0,0.0,,6
00-0027696,2018,veteran,TE,11.530120628536682,5.722271940328759,65.97848574128125,42.108327199170034,463.60506554058725,4.271443363700801,0.10613417154454591,0.2958797328893213,0.012978517820092517,0.2685942230691847,0.6382129981625784,11.009819111259423,0.06473994235712287,0.049270335554557135,0.0038519657993548472,1.3670204198536593e-11,0.6347133581531004,92.61360096991964,93.24831432807275,veteran,Jimmy Graham,TE,16.0,104.10000000000001,89.0,55.0,636.0,2.0,0.0,0.0,0.0,0.0,0.0,0.0,0.0,0.0,0.0,0.0,1.0,0.0,0.0,1.0,1.0,0.0,0.0,0.0,0.0,0.0,0.0,0.0,0.0,16,142.5,9.241967213114753,0.9661885245901639,1.0,31.770020533880903,0.9531250000000001,1.0,1.0,0.0,0.0,0.0,0.0,16.0,96.0,57.0,520.0,10.0,0.0,0.0,0.0,0.0,0.0,0.0,0.0,6.8,6
00-0027714,2018,veteran,TE,1.3007863433802775,5.523058536737621,7.1843191182781565,4.787760218582362,46.442824246994945,0.3365313872216232,0.007901059481592533,0.02231185240500727,0.0009486902825124086,0.029345206601596906,0.6664180891410387,9.700323768667449,0.046842488714821814,0.035813345720479284,0.002664457274597623,1.3670251611959282e-11,0.05178434551249535,9.006583771052796,9.05836811656529,veteran,,,0.0,0.0,0.0,0.0,0.0,0.0,0.0,0.0,0.0,0.0,0.0,0.0,0.0,0.0,0.0,0.0,0.0,0.0,0.0,0.0,0.0,0.0,0.0,0.0,0.0,0.0,0.0,0.0,0.0,16,0.0,7.93125,1.0,0.0,33.17453798767967,0.3,0.0,1.0,0.0,1.0,0.0,16.0,0.0,0.0,0.0,0.0,0.0,0.0,0.0,0.0,0.0,0.0,0.0,0.0,,6
00-0027873,2018,veteran,TE,10.794638585779488,3.201982871018472,34.56424785050098,22.551723178351377,236.01853971015194,1.7354068133587481,0.08693346405164835,0.2454919651592636,0.010438211832613288,0.15935269548578246,0.6524580912593041,10.465654346835853,0.05020814631537236,0.009427141630377804,0.0005887400980184914,1.3670445466835442e-11,0.11129544196061844,45.058629516883414,45.169924958844035,veteran,Jermaine Gresham,TE,8.0,11.9,12.0,9.0,94.0,0.0,0.0,0.0,0.0,0.0,0.0,0.0,0.0,0.0,0.0,1.0,0.0,0.0,0.0,0.0,0.0,0.0,0.0,0.0,0.0,0.0,0.0,0.0,0.0,16,60.7,4.100000000000001,0.9160958904109591,0.875,30.209445585215605,0.9125,1.0,1.0,0.0,0.125,0.0,2.0,14.0,46.0,33.0,322.0,2.0,0.0,0.0,0.0,0.0,0.0,0.0,0.0,,6
00-0027981,2018,veteran,TE,12.806027349671218,5.67182026916251,72.63348548931468,47.82049778818298,474.2764929967436,4.544979920361122,0.09478660762698574,0.2676685075301283,0.011381148791188832,0.18545308977275185,0.6583808757906571,9.917849351914171,0.06257416795769422,0.03952783933254335,0.0029847879263712723,1.3670237013869026e-11,0.5635295056432013,98.33192527988723,98.89545478553043,veteran,Kyle Rudolph,TE,16.0,120.4,82.0,64.0,634.0,4.0,0.0,0.0,0.0,0.0,0.0,0.0,0.0,0.0,0.0,0.0,1.0,0.0,0.0,1.0,1.0,0.0,0.0,0.0,0.0,0.0,0.0,0.0,0.0,16,129.7,8.6021875,1.0,1.0,28.810403832991103,1.0,1.0,1.0,0.0,0.0,1.0,0.0,16.0,81.0,57.0,532.0,8.0,0.0,0.0,0.0,0.0,0.0,0.0,0.0,8.1,6
00-0027985,2018,veteran,TE,10.668734464858229,3.2866109681578393,35.06397970856661,21.589808689297644,228.02939946075205,1.6643958381033315,0.08591950871788835,0.242628650207031,0.010316464923318303,0.2042655498290047,0.6157261345899923,10.561899956704538,0.04746739679685295,0.008861628341100122,0.0005493348413821603,1.3670454354861157e-11,0.10333342132165414,43.26184987424662,43.36518329556828,veteran,Lance Kendricks,TE,14.0,32.5,25.0,19.0,170.0,1.0,0.0,0.0,0.0,0.0,0.0,0.0,0.0,0.0,0.0,0.0,0.0,0.0,0.0,0.0,0.0,0.0,0.0,0.0,0.0,0.0,0.0,0.0,0.0,16,35.3,3.577739726027398,0.9160958904109591,0.875,30.587268993839835,0.9125,1.0,1.0,0.0,0.125,0.0,2.0,14.0,35.0,18.0,203.0,1.0,0.0,0.0,0.0,0.0,0.0,0.0,0.0,,6
00-0028067,2018,veteran,TE,9.915290608791988,4.149165316851168,41.140179900499824,26.30589272015946,262.92342858047067,2.2769207744585427,0.08946605156871348,0.2526437552470572,0.010742302843780773,0.15148657660776926,0.6394209452603745,9.9948491152699,0.055345425809158404,0.01595675512143282,0.0010633320662934533,1.3670369602633273e-11,0.174030734149848,52.8935589042499,53.067589638399745,veteran,,,0.0,0.0,0.0,0.0,0.0,0.0,0.0,0.0,0.0,0.0,0.0,0.0,0.0,0.0,0.0,0.0,0.0,0.0,0.0,0.0,0.0,0.0,0.0,0.0,0.0,0.0,0.0,0.0,0.0,16,77.3,6.358196721311475,0.7873975409836067,0.875,30.17932922655715,0.7625,1.0,0.875,0.0,0.125,0.0,2.0,14.0,62.0,41.0,388.0,3.0,0.0,0.0,0.0,0.0,0.0,0.0,0.0,,6
00-0028093,2018,veteran,TE,7.057473236542851,1.488907676695598,10.50792607996238,6.878815170816999,70.58567782053146,0.5319146045382793,0.15644697607935623,0.43559411076236665,0.020050967422027475,0.11650171155874196,0.6546310964191353,10.261313331980103,0.05062032226821524,0.001158536130480225,5.692474449761992e-05,1.3670745103498413e-11,0.008778955218577428,13.62032478718224,13.629103742400817,veteran,Niles Paul,TE,6.0,14.5,13.0,10.0,98.0,0.0,1.0,-3.0,0.0,0.0,0.0,0.0,0.0,0.0,0.0,0.0,0.0,0.0,0.0,0.0,0.0,0.0,0.0,0.0,0.0,0.0,0.0,0.0,0.0,16,16.3,1.389655172413793,0.6150862068965517,0.6875,29.062286105407257,0.45312500000000006,1.0,0.6875,0.0625,0.25,1.0,5.0,11.0,19.0,13.0,94.0,0.0,2.0,4.0,0.0,0.0,0.0,0.0,0.0,,6
00-0028112,2018,veteran,TE,10.170987619960812,5.072329331515808,51.59059883521138,33.71263300459031,357.9360627731471,2.445364829106708,0.08687373534231117,0.2453232968749433,0.010431040130353965,0.15227533831611567,0.6534646576263603,10.617268094260409,0.04739942711108266,0.034444164975000316,0.0025478842877222256,1.3670257363254538e-11,0.3892029251399692,67.1046796480875,67.49388257322747,veteran,Charles Clay,TE,11.0,26.9,36.0,21.0,184.0,0.0,0.0,0.0,0.0,0.0,0.0,0.0,0.0,0.0,0.0,1.0,0.0,0.0,0.0,0.0,0.0,0.0,0.0,0.0,0.0,0.0,0.0,0.0,0.0,16,93.3,7.222058823529412,0.853860294117647,0.8125,29.54688569472964,0.85,1.0,0.9375,0.1875,0.0,3.0,3.0,13.0,74.0,49.0,558.0,2.0,0.0,0.0,0.0,0.0,0.0,0.0,0.0,,6
00-0028142,2018,veteran,TE,8.039463162538436,2.290553804895312,18.41482293626811,11.878182818364873,135.26720046825247,0.9587867239332111,0.07882245845781441,0.2225872445850888,0.009464313052810269,0.12504757361762728,0.6450337784660811,11.387869890259282,0.05206603002654316,0.00462808911618712,0.00026588378048427044,1.3670547437585272e-11,0.040413696470418765,25.04748125514707,25.08789495161749,veteran,Virgil Green,TE,14.0,36.5,27.0,19.0,210.0,1.0,0.0,0.0,0.0,0.0,0.0,0.0,0.0,0.0,0.0,0.0,0.0,0.0,0.0,0.0,0.0,0.0,0.0,0.0,0.0,0.0,0.0,0.0,0.0,16,32.1,3.114545454545455,0.6926136363636364,0.6875,30.078028747433265,0.6875,1.0,0.8125,0.0,0.3125,0.0,5.0,11.0,22.0,14.0,191.0,1.0,0.0,0.0,0.0,0.0,0.0,0.0,0.0,,6
00-0028838,2018,veteran,TE,1.5763022664528137,2.5558113060258996,4.028731154314351,2.636722049269338,26.40360496495362,0.2164807578584048,0.017585615828893477,0.04966013301628068,0.0021115273069055493,0.036599211149437046,0.6544795242655206,10.013799130731401,0.05373422786640316,0.004572497213232549,0.0002623249526623166,1.3670549165916836e-11,0.00782789288980858,5.202042823124647,5.209870716014456,veteran,,,0.0,0.0,0.0,0.0,0.0,0.0,0.0,0.0,0.0,0.0,0.0,0.0,0.0,0.0,0.0,0.0,0.0,0.0,0.0,0.0,0.0,0.0,0.0,0.0,0.0,0.0,0.0,0.0,0.0,16,0.0,4.1,0.46022727272727276,0.0,29.831622176591377,0.20625,0.0,0.5,0.0,1.0,0.0,16.0,0.0,0.0,0.0,0.0,0.0,0.0,0.0,0.0,0.0,0.0,0.0,0.0,,6
00-0028903,2018,veteran,TE,10.331742123338497,3.1236343828912356,32.27258493162583,20.643604152846976,248.4301097952828,2.0098152672016916,0.08869104504491848,0.25045520936759413,0.010649246822658422,0.20143630858700645,0.6396637950317106,12.034241111963077,0.062276240699645775,0.01221778331336123,0.0007874534884233432,1.3670408151197214e-11,0.13843463635972464,46.90977304386061,47.04820768022034,veteran,Garrett Celek,TE,8.0,23.5,8.0,5.0,90.0,2.0,0.0,0.0,0.0,0.0,0.0,0.0,0.0,0.0,0.0,0.0,0.0,0.0,0.0,0.0,0.0,0.0,0.0,0.0,0.0,0.0,0.0,0.0,0.0,16,68.1,4.777611940298508,0.8470149253731343,0.875,30.258726899383984,0.8375000000000001,1.0,0.875,0.0,0.125,0.0,2.0,14.0,33.0,21.0,336.0,4.0,0.0,0.0,0.0,0.0,0.0,0.0,0.0,,6
00-0029275,2018,veteran,TE,2.3887483078739074,3.939030045431213,9.40935135568829,5.946888948873505,69.4636760140702,0.5013497121917052,0.023465070827549672,0.06626316359180273,0.0028174809624487026,0.04191013282328813,0.6320190121584095,11.680674821955172,0.053282069426456406,0.020520388117899267,0.0014126762132354307,1.3670333132202629e-11,0.054079834329767464,12.8676212854813,12.921701119811068,veteran,,,0.0,0.0,0.0,0.0,0.0,0.0,0.0,0.0,0.0,0.0,0.0,0.0,0.0,0.0,0.0,0.0,0.0,0.0,0.0,0.0,0.0,0.0,0.0,0.0,0.0,0.0,0.0,0.0,0.0,16,0.0,7.287999999999999,0.6024999999999999,0.0,28.26009582477755,0.234375,0.0,0.8125,0.0,1.0,0.0,16.0,0.0,0.0,0.0,0.0,0.0,0.0,0.0,0.0,0.0,0.0,0.0,0.0,,6
00-0029587,2018,veteran,TE,10.228172624250014,2.251507768683911,23.02881012293901,15.253695903268737,157.04967057872463,1.237336899784436,0.10989763592033906,0.3077390043431106,0.01144465091572117,0.154902741659853,0.6623744701457468,10.295843812191787,0.05372995361805186,0.0036161093932186965,0.00020195546184533815,1.3670582709392085e-11,0.04008464437090935,30.54547273082238,30.58555737519329,veteran,Rhett Ellison,TE,13.0,47.7,34.0,25.0,272.0,1.0,0.0,0.0,0.0,0.0,0.0,0.0,0.0,0.0,0.0,0.0,0.0,0.0,0.0,0.0,0.0,0.0,0.0,0.0,0.0,0.0,0.0,0.0,0.0,16,47.5,2.703125,0.80908203125,0.875,29.911019849418206,0.8,1.0,0.875,0.0,0.125,0.0,2.0,14.0,32.0,24.0,235.0,2.0,0.0,0.0,0.0,0.0,0.0,0.0,0.0,,6
00-0029689,2018,veteran,TE,9.77002026149922,2.7057157748724268,26.43489794236167,16.62445272477752,174.98369853519577,1.542580898010886,0.09665273257061499,0.27178571179850675,0.011712202963796128,0.14807160416351783,0.6288828033694427,10.525681743158708,0.05835395700691982,0.005480899444728937,0.00032109149064234654,1.3670523238632701e-11,0.05825410444742017,34.86739018460924,34.92564428905666,veteran,Dwayne Allen,TE,4.0,4.2,4.0,3.0,27.0,0.0,0.0,0.0,0.0,0.0,0.0,0.0,0.0,0.0,0.0,0.0,0.0,0.0,0.0,0.0,0.0,0.0,0.0,0.0,0.0,0.0,0.0,0.0,0.0,16,19.6,3.4007843137254903,0.800735294117647,0.75,28.517453798767967,0.796875,1.0,0.875,0.0,0.25,0.0,4.0,12.0,22.0,10.0,86.0,1.0,0.0,0.0,0.0,0.0,0.0,0.0,0.0,,6
00-0029697,2018,veteran,TE,8.87484887057148,3.844018443227657,34.11508273933491,22.25433671588632,254.4809336247371,1.7705170448326422,0.09219256318534079,0.2593078821454064,0.009600858961575896,0.13382527892360574,0.6523313129833606,11.43511652913363,0.05189836584482982,0.01975071906178844,0.0013528725302237804,1.3670338686291337e-11,0.19329445587145766,47.014249373549504,47.20754382942096,veteran,,,0.0,0.0,0.0,0.0,0.0,0.0,0.0,0.0,0.0,0.0,0.0,0.0,0.0,0.0,0.0,0.0,0.0,0.0,0.0,0.0,0.0,0.0,0.0,0.0,0.0,0.0,0.0,0.0,0.0,16,52.5,5.899236641221374,0.8449427480916031,0.6875,29.946611909650922,0.8187500000000001,1.0,1.0,0.0625,0.25,1.0,5.0,11.0,30.0,22.0,295.0,2.0,0.0,0.0,0.0,0.0,0.0,0.0,0.0,,6
00-0029738,2018,veteran,TE,9.267952286872713,2.4707997287491987,22.899253996465617,15.096352531207026,166.07026573004123,1.3861679414437666,0.08362509279339723,0.2361494344028455,0.010040971478840687,0.14159649167091268,0.6592508443085994,11.000688105735637,0.06053332312300281,0.0054879482882377335,0.00032155237816417474,1.367052305465389e-11,0.055332241289441635,32.272878276241734,32.328210517531176,veteran,Darren Fells,TE,10.0,35.2,12.0,11.0,117.0,3.0,0.0,0.0,0.0,0.0,0.0,0.0,0.0,0.0,0.0,0.0,0.0,0.0,0.0,0.0,0.0,0.0,0.0,0.0,0.0,0.0,0.0,0.0,0.0,16,44.199999999999996,3.4237704918032787,0.7873975409836067,0.875,32.36139630390144,0.7625,1.0,0.875,0.0,0.125,0.0,2.0,14.0,26.0,17.0,177.0,3.0,0.0,0.0,0.0,0.0,0.0,0.0,0.0,,6
00-0029793,2018,veteran,TE,5.984713889436538,1.4587104422032389,8.729964644119837,5.761753674375791,61.594340655297096,0.4441424187183299,0.06428472183060081,0.1815340371405754,0.007718748486426016,0.0984660049554152,0.6599973664563101,10.69020720709134,0.050875626285323716,0.0012486034277999752,6.186456745900566e-05,1.3670734432113258e-11,0.008027897044587295,11.572699299749369,11.580727196793957,veteran,,,0.0,0.0,0.0,0.0,0.0,0.0,0.0,0.0,0.0,0.0,0.0,0.0,0.0,0.0,0.0,0.0,0.0,0.0,0.0,0.0,0.0,0.0,0.0,0.0,0.0,0.0,0.0,0.0,0.0,16,18.6,1.5583892617449664,0.5532718120805369,0.625,30.888432580424368,0.465625,1.0,0.625,0.0625,0.3125,1.0,6.0,10.0,17.0,13.0,121.0,0.0,0.0,0.0,0.0,0.0,0.0,0.0,0.0,,6
00-0029878,2018,veteran,TE,5.513482950837918,1.361341763153321,7.505734601409467,4.903323565395133,53.91893580463804,0.3900827461969141,0.23331974470409103,0.6564404119670038,0.03271170858328635,0.09139442910455721,0.6532769709808766,10.99640582260718,0.051971294871478974,0.0010925891405683425,5.333497243007193e-05,1.3670753456416524e-11,0.00646506394130606,10.263177274830156,10.269642338771462,veteran,,,0.0,0.0,0.0,0.0,0.0,0.0,0.0,0.0,0.0,0.0,0.0,0.0,0.0,0.0,0.0,0.0,0.0,0.0,0.0,0.0,0.0,0.0,0.0,0.0,0.0,0.0,0.0,0.0,0.0,16,2.9,1.2885714285714287,0.5098214285714285,0.4375,27.81656399726215,0.43750000000000006,1.0,0.625,0.0,0.5625,0.0,9.0,7.0,3.0,1.0,10.0,0.0,5.0,14.0,0.0,1.0,0.0,0.0,0.0,,6
00-0030061,2018,veteran,TE,11.565932809609905,6.7161107667481,77.67808587010619,52.09278869671319,562.2479393096814,4.183403023055512,0.09603976115390334,0.27120729578992303,0.011531616532414248,0.29111146866495846,0.6706240004912467,10.793201004905246,0.05385563992978698,0.0812188803597244,0.006947282782247504,1.3670128178441432e-11,1.059899822231785,106.88569390910139,107.94559373133318,veteran,Zach Ertz,TE,16.0,227.3,156.0,116.0,1163.0,8.0,0.0,0.0,0.0,0.0,0.0,0.0,0.0,0.0,0.0,0.0,5.0,0.0,0.0,5.0,5.0,0.0,0.0,0.0,0.0,0.0,0.0,0.0,0.0,16,166.4,11.020848056537101,0.8849381625441696,0.875,27.808350444900753,0.8843750000000001,1.0,0.9375,0.0,0.125,0.0,2.0,14.0,110.0,74.0,824.0,8.0,0.0,0.0,0.0,0.0,0.0,0.0,0.0,5.1,6
00-0030089,2018,veteran,TE,10.662681438132594,2.4079744136225734,25.67546408363163,16.847278238599824,178.3157513287264,1.6500723237721528,0.09483765435995757,0.2678126587258608,0.011387278037480068,0.16183571916564965,0.6561625598557392,10.584246832237646,0.06426650433259708,0.004552610098995228,0.00026105308954706407,1.3670549789283842e-11,0.05271832038756182,35.927081690571626,35.97980001095919,veteran,Luke Willson,TE,10.0,15.200000000000001,19.0,13.0,87.0,0.0,0.0,0.0,0.0,0.0,0.0,0.0,0.0,0.0,0.0,0.0,0.0,0.0,0.0,0.0,0.0,0.0,0.0,0.0,0.0,0.0,0.0,0.0,0.0,16,46.8,3.227667984189723,0.8060770750988142,0.875,28.62696783025325,0.790625,1.0,0.875,0.0,0.125,0.0,2.0,14.0,22.0,15.0,153.0,4.0,0.0,0.0,0.0,0.0,0.0,0.0,0.0,,6
00-0030108,2018,veteran,TE,5.609015302681801,3.598721960655746,20.18528654741513,12.809293226407691,134.57852505177163,1.0081050812352637,0.052506985045776965,0.1482748109038621,0.006304580618966902,0.11650646423720167,0.6345856520945952,10.50631933183667,0.04994256974590032,0.012145725482023839,0.0007822396612143174,1.36704090036776e-11,0.07470695158937268,25.730771642122377,25.80547859371175,veteran,Ryan Griffin,TE,13.0,42.5,43.0,24.0,305.0,0.0,0.0,0.0,0.0,0.0,0.0,0.0,0.0,0.0,0.0,0.0,0.0,0.0,0.0,0.0,0.0,0.0,0.0,0.0,0.0,0.0,0.0,0.0,0.0,16,30.299999999999997,5.025396825396825,0.7192460317460319,0.375,28.637919233401778,0.590625,1.0,1.0,0.0625,0.5625,1.0,10.0,6.0,26.0,13.0,158.0,1.0,0.0,0.0,0.0,0.0,0.0,0.0,0.0,,6
00-0030155,2018,veteran,TE,10.814693177098754,2.7366984457577916,29.596554009113554,18.31833402665519,197.0418994832761,1.4997478525330172,0.09632931470947782,0.27202496792748565,0.01156638359689217,0.16438237942806705,0.6189346915527563,10.75654037078691,0.050673056467019965,0.005741523330169604,0.0003381794992007389,1.3670516587870765e-11,0.06757877476458476,37.629680116371276,37.69725889113586,veteran,Demetrius Harris,TE,15.0,40.4,25.0,12.0,164.0,3.0,0.0,0.0,0.0,0.0,0.0,0.0,0.0,0.0,0.0,0.0,0.0,0.0,0.0,0.0,0.0,0.0,0.0,0.0,0.0,0.0,0.0,0.0,0.0,16,37.400000000000006,2.6729083665338647,0.8035358565737051,0.8125,27.093771389459274,0.784375,1.0,0.875,0.0,0.1875,0.0,3.0,13.0,35.0,18.0,224.0,1.0,0.0,0.0,0.0,0.0,0.0,0.0,0.0,,6
00-0030181,2018,veteran,TE,11.98241636598766,5.373201527173771,64.38393791695688,45.00733625901979,419.824499210986,3.280471761551712,0.09528305161772915,0.2690704188908294,0.01144075745391656,0.42237777087121603,0.6990460309692574,9.327912605066695,0.05095171043720408,0.03403543146542028,0.0025132446090421925,1.3670259122914708e-11,0.45299882634498495,83.41974466478892,83.8727434911339,veteran,Jack Doyle,TE,6.0,47.5,33.0,26.0,245.0,2.0,0.0,0.0,0.0,0.0,0.0,0.0,0.0,0.0,0.0,1.0,0.0,0.0,0.0,0.0,0.0,0.0,0.0,0.0,0.0,0.0,0.0,0.0,0.0,16,130.0,7.501718213058419,0.9259020618556701,0.9375,28.32580424366872,0.909375,1.0,1.0,0.0625,0.0,1.0,1.0,15.0,108.0,80.0,690.0,4.0,0.0,0.0,0.0,0.0,0.0,0.0,0.0,,6
00-0030216,2018,veteran,TE,9.258628543773462,2.190214837947893,20.27838561562053,13.271118333554242,132.76796129534628,1.0871482876956893,0.1248926370913633,0.32199962941137483,0.015502284985818644,0.3028153886504565,0.6544464921966688,10.004278310115005,0.053611185244364534,0.0030093445416981357,0.00016459416224196967,1.3670608944642161e-11,0.03014827783796538,25.954827918041023,25.98497619587899,veteran,Josh Hill,TE,12.0,32.5,24.0,16.0,185.0,1.0,0.0,0.0,0.0,0.0,0.0,0.0,0.0,0.0,0.0,0.0,0.0,0.0,0.0,0.0,0.0,0.0,0.0,0.0,0.0,0.0,0.0,0.0,0.0,16,21.7,2.2752252252252254,0.7195945945945946,0.75,28.281998631074607,0.69375,1.0,0.875,0.0,0.25,0.0,4.0,12.0,22.0,16.0,125.0,1.0,1.0,-8.0,0.0,0.0,0.0,0.0,0.0,,6
00-0030422,2018,veteran,TE,10.082677195331069,2.79058296338559,28.136547206607286,18.0508439753017,192.01463720700272,1.5656246536567766,0.09206417511434514,0.2599806129450863,0.011054262849429362,0.1764869691052999,0.6415443886115078,10.63743265798149,0.05564380882132979,0.006473984590656287,0.00038670051502559733,1.3670499390029156e-11,0.0711235617672124,37.35998333047226,37.43110689223948,veteran,Dion Sims,TE,3.0,1.9,4.0,2.0,9.0,0.0,0.0,0.0,0.0,0.0,0.0,0.0,0.0,0.0,0.0,0.0,0.0,0.0,0.0,0.0,0.0,0.0,0.0,0.0,0.0,0.0,0.0,0.0,0.0,16,31.5,3.2096385542168684,0.7793674698795181,0.75,27.534565366187543,0.778125,1.0,0.8125,0.0,0.25,0.0,4.0,12.0,29.0,15.0,180.0,1.0,0.0,0.0,0.0,0.0,0.0,0.0,0.0,,6
00-0030443,2018,veteran,TE,8.79622809779341,2.1978862005209066,19.3331083527744,12.857984085834024,147.36273203038672,1.0870748221887143,0.08561747566253065,0.24177573713021208,0.010280199429395249,0.1367149728248556,0.6650758818091886,11.460795957333628,0.056228662372996716,0.004574417047064941,0.000262447768957795,1.3670549105882056e-11,0.04370044166018096,27.500143003727654,27.543843445387836,veteran,Levine Toilolo,TE,11.0,42.8,24.0,21.0,263.0,1.0,0.0,0.0,0.0,0.0,0.0,0.0,0.0,0.0,0.0,0.0,0.0,0.0,0.0,0.0,0.0,0.0,0.0,0.0,0.0,0.0,0.0,0.0,0.0,16,30.2,2.8565610859728503,0.7005090497737556,0.625,27.091033538672143,0.690625,1.0,0.8125,0.0625,0.3125,1.0,6.0,10.0,14.0,12.0,122.0,1.0,0.0,0.0,0.0,0.0,0.0,0.0,0.0,,6
00-0030470,2018,veteran,TE,8.123235459327457,3.1199395970025967,25.34400396533131,15.943846922248161,190.80024101270203,1.4250738139379602,0.08069025273494385,0.2278617207906305,0.009688581492324386,0.12712195196845885,0.6290973969250535,11.967014105388705,0.056229229441699655,0.011460840509208448,0.0007328939886030902,1.3670417365113436e-11,0.10202931189441748,35.429064203118145,35.531093515012564,veteran,Vance McDonald,TE,15.0,109.0,72.0,50.0,610.0,4.0,0.0,0.0,0.0,0.0,0.0,0.0,0.0,0.0,0.0,1.0,1.0,0.0,0.0,1.0,1.0,0.0,0.0,0.0,0.0,0.0,0.0,0.0,0.0,16,31.799999999999997,4.703773584905661,0.6745283018867925,0.625,28.21902806297057,0.6625,1.0,0.875,0.25,0.125,4.0,6.0,10.0,24.0,14.0,188.0,1.0,0.0,0.0,0.0,0.0,0.0,0.0,0.0,,6
00-0030472,2018,veteran,TE,5.6248780383337476,5.757794251002791,32.38689043170991,22.42096090942972,225.04008900439604,1.9232214833724195,0.05660782411240272,0.15985519657294955,0.006796973592557193,0.14520350582017685,0.6922850761701229,10.037040335311836,0.05938271497313614,0.04861818494499149,0.0037927382193025587,1.3670206193011855e-11,0.30547189578687356,45.02017860496126,45.32565050074813,veteran,Jordan Reed,TE,13.0,92.8,84.0,54.0,558.0,2.0,0.0,0.0,0.0,0.0,0.0,0.0,0.0,0.0,0.0,1.0,0.0,0.0,0.0,0.0,0.0,0.0,0.0,0.0,0.0,0.0,0.0,0.0,0.0,16,46.599999999999994,10.74611111111111,0.6416666666666667,0.375,28.164271047227928,0.5625,1.0,0.875,0.3125,0.3125,5.0,10.0,6.0,35.0,27.0,211.0,2.0,0.0,0.0,0.0,0.0,0.0,0.0,0.0,,6
00-0030506,2018,veteran,TE,12.077132702675733,7.213462218861686,87.11794046293032,58.76620797856262,713.5772578159119,4.68567988699254,0.1794626316780618,0.49468681516328655,0.023395158331977275,0.22834217682479294,0.6745591971790048,12.142645958647162,0.053785475897313605,0.1329784850096376,0.012734028183104876,1.3670049736379209e-11,1.8366846327028146,128.58806437068634,130.42474900338917,veteran,Travis Kelce,TE,16.0,249.6,150.0,103.0,1336.0,10.0,0.0,0.0,0.0,0.0,0.0,0.0,0.0,0.0,0.0,1.0,6.5,0.0,0.0,6.5,5.0,1.0,0.0,0.0,0.0,0.0,0.0,0.0,0.0,16,196.0,12.127831715210355,0.966626213592233,0.9375,28.906228610540726,0.9656250000000001,1.0,1.0,0.0,0.0625,0.0,1.0,15.0,122.0,83.0,1038.0,8.0,2.0,7.0,0.0,1.0,0.0,0.0,1.0,4.2,6
00-0030514,2018,veteran,TE,3.085614935055748,2.520967162419763,7.778733927147531,5.111388811385922,54.105672077110945,0.40672836172868615,0.026155545329882558,0.07386081174713433,0.003140529665177384,0.05270424343085961,0.6570977821400137,10.585317234444648,0.052287218657681205,0.005175195490002086,0.0003011731931645612,1.3670531452813751e-11,0.01736261733444808,10.327452556080232,10.34481517341468,veteran,,,0.0,0.0,0.0,0.0,0.0,0.0,0.0,0.0,0.0,0.0,0.0,0.0,0.0,0.0,0.0,0.0,0.0,0.0,0.0,0.0,0.0,0.0,0.0,0.0,0.0,0.0,0.0,0.0,0.0,16,0.0,3.3828571428571426,0.7589285714285714,0.0,27.980835044490075,0.328125,0.0,0.9375,0.0,1.0,0.0,16.0,0.0,0.0,0.0,0.0,0.0,0.0,0.0,0.0,0.0,0.0,0.0,0.0,,6
00-0030549,2018,veteran,TE,2.468247153948628,4.7070996653507695,11.618285352354576,7.59210997292449,87.01561420155625,0.7553929256309266,0.026339921760603253,0.07438147352911259,0.003162667978217117,0.04201216584159621,0.6534621712820872,11.461321623616804,0.06501759104047464,0.034608699743526726,0.002561849305083968,1.3670256660586174e-11,0.09490774059548375,16.97236378394245,17.067271524537933,veteran,Tyler Eifert,TE,4.0,31.400000000000002,19.0,15.0,179.0,1.0,0.0,0.0,0.0,0.0,0.0,0.0,0.0,0.0,0.0,0.0,0.0,0.0,0.0,0.0,0.0,0.0,0.0,0.0,0.0,0.0,0.0,0.0,0.0,16,6.6000000000000005,9.922018348623853,0.5361238532110092,0.125,27.980835044490075,0.340625,1.0,0.8125,0.1875,0.6875,3.0,14.0,2.0,5.0,4.0,46.0,0.0,0.0,0.0,0.0,0.0,0.0,0.0,0.0,,6
00-0030710,2018,veteran,TE,11.845135393424215,3.216336268908552,38.09793857600267,25.03491315306943,261.0578425635286,2.292162606556455,0.10076919001934814,0.284562760212337,0.012099485084338732,0.1770877954268205,0.6571198886030687,10.427751075762025,0.06016500346819958,0.009634005187831755,0.0006032316648205723,1.3670442347006763e-11,0.12483413726977545,52.12309406789993,52.2479282051697,veteran,Trey Burton,TE,16.0,121.10000000000001,76.0,54.0,569.0,6.0,1.0,2.0,0.0,0.0,0.0,0.0,0.0,0.0,0.0,1.0,1.0,0.0,0.0,1.0,1.0,0.0,0.0,0.0,0.0,0.0,0.0,0.0,0.0,16,68.3,4.070072992700729,0.8585766423357664,0.875,26.84188911704312,0.8562500000000002,1.0,0.875,0.0,0.125,0.0,2.0,14.0,31.0,23.0,248.0,5.0,0.0,0.0,0.0,0.0,0.0,0.0,0.0,,6
00-0030854,2018,veteran,TE,3.2776711419937,2.454457715276046,8.044905222604086,5.238094449561835,62.48668874442488,0.43412878906539076,0.027427625925070788,0.07745304827607549,0.003293270003614177,0.05766401486857375,0.6511070428579016,11.929278737929568,0.05396319497283847,0.006492783682446565,0.000387955068596711,1.3670498974547352e-11,0.02318859349587193,11.384665728727896,11.407854322223768,veteran,Erik Swoope,TE,7.0,30.7,10.0,8.0,87.0,3.0,0.0,0.0,0.0,0.0,0.0,0.0,0.0,0.0,0.0,0.0,0.0,0.0,0.0,0.0,0.0,0.0,0.0,0.0,0.0,0.0,0.0,0.0,0.0,16,0.0,3.6,0.75,0.0,26.316221765913756,0.22499999999999998,0.0,0.75,0.0,1.0,0.0,16.0,0.0,0.0,0.0,0.0,0.0,0.0,0.0,0.0,0.0,0.0,0.0,0.0,,6
00-0031035,2018,veteran,TE,6.798787661523914,2.0810934698794803,14.1489126054946,9.000295120830582,94.89669442280517,0.8151361912389812,0.07603464669288518,0.2147147251113452,0.009129576940897204,0.11307903693988199,0.636112143157588,10.543731416448011,0.05761122525574372,0.002799308612524814,0.0001518564456455776,1.3670619274528006e-11,0.020580564634985653,18.73072501040645,18.751305575041435,veteran,Xavier Grimble,TE,8.0,9.600000000000001,8.0,6.0,86.0,0.0,0.0,0.0,0.0,0.0,0.0,0.0,0.0,0.0,0.0,1.0,0.0,0.0,0.0,0.0,0.0,0.0,0.0,0.0,0.0,0.0,0.0,0.0,0.0,16,11.7,2.238970588235294,0.5,0.5,25.9958932238193,0.42500000000000004,1.0,0.5,0.0,0.5,0.0,8.0,8.0,9.0,5.0,32.0,1.0,0.0,0.0,0.0,0.0,0.0,0.0,0.0,,6
00-0031044,2018,veteran,TE,8.624880736275632,2.183679624420495,18.833976326861933,11.84098400543464,129.2132772727893,1.033634465097758,0.08959985817783635,0.2530216125863823,0.01075836917388581,0.14132083232722756,0.6287033497300543,10.912376641458552,0.054881372215783146,0.0033845595143546414,0.00018760396457079742,1.3670592163276232e-11,0.031618515122063616,24.850837232230294,24.882455747352356,veteran,,,0.0,0.0,0.0,0.0,0.0,0.0,0.0,0.0,0.0,0.0,0.0,0.0,0.0,0.0,0.0,0.0,0.0,0.0,0.0,0.0,0.0,0.0,0.0,0.0,0.0,0.0,0.0,0.0,0.0,16,24.7,2.120779220779221,0.5925324675324676,0.6875,25.95208761122519,0.48125000000000007,1.0,0.6875,0.0625,0.25,1.0,5.0,11.0,23.0,11.0,132.0,1.0,0.0,0.0,0.0,0.0,0.0,0.0,0.0,,6
00-0031273,2018,veteran,TE,13.187051166369226,5.006015850618702,66.0145871617642,43.12378869252701,496.13502275537655,4.254186185585117,0.10242311628948288,0.289233293185033,0.012298074119660432,0.1933273285518509,0.6532463588215001,11.504903390859825,0.06444312338363227,0.04123650985526986,0.0031340937621828443,1.3670230735948604e-11,0.6057821479476283,96.41657085224462,97.02235300019224,veteran,Cameron Brate,TE,15.0,77.9,49.0,30.0,289.0,6.0,0.0,0.0,0.0,0.0,0.0,0.0,0.0,0.0,0.0,1.0,0.0,0.0,0.0,0.0,0.0,0.0,0.0,0.0,0.0,0.0,0.0,0.0,0.0,16,119.10000000000001,7.748344370860927,0.9515728476821191,1.0,27.16495550992471,0.9437500000000001,1.0,1.0,0.0,0.0,0.0,0.0,16.0,77.0,48.0,591.0,6.0,0.0,0.0,0.0,0.0,0.0,0.0,0.0,,6
00-0031299,2018,veteran,TE,9.667896636657517,5.45726551148023,52.76027888378678,34.313541434305606,377.9006974853862,2.5260880117967868,0.08723607387984951,0.2463465069886042,0.010474546580386802,0.2515657200277278,0.6503669457450527,11.01316511467898,0.047878594754226234,0.04568667956935185,0.003528562406379901,1.3670215484367684e-11,0.4928647609442255,69.68771902659788,70.1805837875421,veteran,Jordan Matthews,TE,11.0,52.0,28.0,20.0,300.0,2.0,0.0,0.0,0.0,0.0,0.0,0.0,0.0,0.0,0.0,0.0,0.0,0.0,0.0,0.0,0.0,0.0,0.0,0.0,0.0,0.0,0.0,0.0,0.0,16,44.699999999999996,7.802479338842975,0.7861570247933886,0.625,26.127310061601644,0.75625,1.0,1.0,0.0625,0.3125,1.0,6.0,10.0,36.0,25.0,282.0,1.0,0.0,0.0,0.0,0.0,0.0,0.0,0.0,,6
00-0031302,2018,veteran,TE,5.88279508998059,3.8990334815102154,22.937215020698222,14.692685705509962,152.16114024318256,1.128774376583984,0.05383108470846083,0.1520139444102166,0.006463566953140525,0.10813177800515819,0.6405610137172926,10.356250946422954,0.049211483415287936,0.01490959550685877,0.0009850573308324286,1.367037941704536e-11,0.09640243104594111,29.172822376726693,29.269224807772634,veteran,,,0.0,0.0,0.0,0.0,0.0,0.0,0.0,0.0,0.0,0.0,0.0,0.0,0.0,0.0,0.0,0.0,0.0,0.0,0.0,0.0,0.0,0.0,0.0,0.0,0.0,0.0,0.0,0.0,0.0,16,19.7,5.057219251336899,0.7396390374331552,0.3125,26.861054072553046,0.584375,1.0,0.9375,0.0,0.6875,0.0,11.0,5.0,22.0,14.0,127.0,0.0,0.0,0.0,0.0,0.0,0.0,0.0,0.0,,6
00-0031384,2018,veteran,TE,9.539509365847874,3.3609871081590827,32.06216799677753,20.819760567826027,217.90814385283034,1.7923968880268257,0.0932750896963363,0.2681344441269032,0.011302906321780659,0.14531804861786743,0.6493559814769405,10.466409694911492,0.055903795657454416,0.010621984590389008,0.0006729892401839482,1.3670428306708735e-11,0.11095850248450051,42.75907078246464,42.87002928494914,veteran,Richard Rodgers,TE,2.0,1.2,1.0,1.0,7.0,0.0,0.0,0.0,0.0,0.0,0.0,0.0,0.0,0.0,0.0,0.0,0.0,0.0,0.0,0.0,0.0,0.0,0.0,0.0,0.0,0.0,0.0,0.0,0.0,16,28.0,4.148790322580645,0.8109879032258065,0.625,26.60917180013689,0.775,1.0,1.0,0.0625,0.3125,1.0,6.0,10.0,19.0,12.0,160.0,1.0,0.0,0.0,0.0,0.0,0.0,0.0,0.0,,6
00-0031387,2018,veteran,TE,13.971426017570813,5.55403258331534,77.59775533696798,50.51399067889607,553.4366418401574,3.764918078698628,0.13306317366037096,0.3726079112990135,0.013857091278876995,0.31755953793310826,0.6509723182009486,10.95610610846817,0.048518388996556465,0.04734312231535237,0.0036774186510901592,1.36702101669985e-11,0.738519105180748,102.67545225859249,103.41397136377323,veteran,Eric Ebron,TE,16.0,190.2,110.0,66.0,750.0,13.0,3.0,-8.0,1.0,1.0,0.0,0.0,0.0,0.0,0.0,1.0,1.0,0.0,0.0,1.0,1.0,0.0,0.0,0.0,0.0,0.0,0.0,0.0,0.0,16,105.9,7.326689189189189,0.9328547297297297,1.0,25.39356605065024,0.925,1.0,1.0,0.0,0.0,0.0,0.0,16.0,86.0,53.0,574.0,4.0,0.0,0.0,0.0,0.0,0.0,0.0,0.0,,6
00-0031418,2018,veteran,TE,10.784583643588018,4.4211428174363405,47.680184514890605,31.071907829114572,294.789546399439,2.5086921044959802,0.10331417383263569,0.2917495562803194,0.012405064534593755,0.26097993074587766,0.6516733973504394,9.487333317950286,0.05261498314278778,0.017334525452608864,0.0011674326257429424,1.3670357613226507e-11,0.2058310521612915,59.648706662820906,59.8545377149822,veteran,Austin Seferian-Jenkins,TE,5.0,20.5,19.0,11.0,90.0,1.0,0.0,0.0,0.0,0.0,0.0,0.0,0.0,0.0,0.0,0.0,0.0,0.0,0.0,0.0,0.0,0.0,0.0,0.0,0.0,0.0,0.0,0.0,0.0,16,76.7,5.591743119266055,0.7144495412844036,0.8125,25.921971252566735,0.68125,1.0,0.8125,0.0625,0.125,1.0,3.0,13.0,74.0,50.0,357.0,3.0,0.0,0.0,0.0,0.0,0.0,0.0,0.0,,6
00-0031558,2018,veteran,TE,9.197320166710814,2.7423605791132193,25.22236825867076,16.830414227672225,162.24507894073335,1.3346764559603133,0.188728021960397,0.533758515889688,0.02418825543826502,0.23321188386657343,0.6672812820376766,9.639993213831499,0.05291638129585583,0.005260084382789118,0.00030669027240551257,1.3670529124449423e-11,0.05260977336488531,32.37985536015673,32.43246513352162,veteran,Maxx Williams,TE,10.0,29.1,17.0,16.0,143.0,1.0,3.0,8.0,0.0,0.0,0.0,0.0,0.0,0.0,0.0,0.0,0.0,0.0,0.0,0.0,0.0,0.0,0.0,0.0,0.0,0.0,0.0,0.0,0.0,16,20.7,2.28109756097561,0.652439024390244,0.625,24.38877481177276,0.5125,1.0,0.875,0.3125,0.0625,5.0,6.0,10.0,18.0,15.0,86.0,1.0,2.0,6.0,0.0,0.0,0.0,0.0,0.0,,6
00-0031598,2018,veteran,TE,11.952593838589689,2.865791611422557,34.253643157371265,23.20323607330661,219.8999836640451,1.588033384737195,0.10273905462904925,0.2901254734828666,0.012336009238781863,0.1864785291406849,0.6773946924916614,9.477125646151647,0.04636100684068275,0.0058948010084742195,0.00034827369414883804,1.3670512815238653e-11,0.07670232355663682,42.84988825598059,42.926590579537226,veteran,Nick Boyle,TE,12.0,32.8,37.0,23.0,213.0,0.0,0.0,0.0,0.0,0.0,0.0,0.0,0.0,0.0,0.0,0.0,0.0,0.0,0.0,0.0,0.0,0.0,0.0,0.0,0.0,0.0,0.0,0.0,0.0,16,36.3,2.4194444444444447,0.8142361111111113,0.9375,25.53593429158111,0.6749999999999999,1.0,0.9375,0.0,0.0625,0.0,1.0,15.0,37.0,28.0,203.0,0.0,0.0,0.0,0.0,0.0,0.0,0.0,0.0,,6
00-0031609,2018,veteran,TE,8.296361927831704,3.086993781130026,25.610817677220385,16.214279556828608,176.9970229696275,1.3283880687976741,0.08415969152636506,0.2376590911841507,0.010105161430098692,0.2517978544288851,0.6331027677905983,10.916120099525827,0.051868241207277524,0.008817290409038624,0.0005462587029078663,1.367045507529969e-11,0.07994937254134109,33.35797165700433,33.43792102954567,veteran,A.J. Derby,TE,3.0,12.3,5.0,3.0,48.0,1.0,0.0,0.0,0.0,0.0,0.0,0.0,0.0,0.0,0.0,0.0,0.0,0.0,0.0,0.0,0.0,0.0,0.0,0.0,0.0,0.0,0.0,0.0,0.0,16,44.9,3.839877300613497,0.6230828220858896,0.6875,26.94866529774127,0.509375,1.0,0.6875,0.0625,0.25,1.0,5.0,11.0,40.0,21.0,244.0,2.0,0.0,0.0,0.0,0.0,0.0,0.0,0.0,,6
00-0031610,2018,veteran,TE,3.404960601445161,1.9668352371457922,6.696996492015473,4.30234895967986,45.93026870906364,0.3755014372927297,0.03471417917554072,0.09802959260465233,0.004168175739716382,0.059903416249749854,0.6424296271932286,10.675626068342288,0.05607012602446831,0.002554939376693861,0.00013717590553886388,1.367063231337007e-11,0.009400085840560474,8.912215155701938,8.921615241542499,veteran,Darren Waller,TE,4.0,12.6,6.0,6.0,75.0,0.0,1.0,21.0,0.0,0.0,0.0,0.0,0.0,0.0,0.0,0.0,0.0,0.0,0.0,0.0,0.0,0.0,0.0,0.0,0.0,0.0,0.0,0.0,0.0,16,0.0,2.2416666666666667,0.5625,0.0,25.965776865160848,0.225,0.0,0.625,0.0,1.0,0.0,16.0,0.0,0.0,0.0,0.0,0.0,0.0,0.0,0.0,0.0,0.0,0.0,0.0,,6
00-0031951,2018,veteran,TE,12.785821002689872,2.1158818455548793,27.053286540105784,17.334207345067178,185.9275462367231,1.4216725439143238,0.10424565810018177,0.29437998066118803,0.0125169090378522,0.19224594480431448,0.6407431244765649,10.726048358342315,0.05255082563838341,0.003124286520552548,0.0001716092091235989,1.367060359196835e-11,0.04323781550788267,35.50994112237645,35.55317893788433,veteran,James O'Shaughnessy,TE,14.0,33.4,38.0,24.0,214.0,0.0,0.0,0.0,0.0,0.0,0.0,0.0,0.0,0.0,0.0,0.0,0.0,0.0,0.0,0.0,0.0,0.0,0.0,0.0,0.0,0.0,0.0,0.0,0.0,16,27.9,1.306015037593985,0.8900375939849624,1.0,26.63107460643395,0.83125,1.0,1.0,0.0,0.0,0.0,0.0,16.0,24.0,14.0,149.0,1.0,0.0,0.0,0.0,0.0,0.0,0.0,0.0,,6
00-0032004,2018,veteran,TE,3.9341312409354465,3.778035334223576,14.863286837726962,9.773043045076976,98.34047199228984,0.7188099410018822,0.031804775208366255,0.08981370813328834,0.0038188398971003576,0.0741433944394061,0.6575290614906524,10.06242083849486,0.048361439084748874,0.013582482546217519,0.0008869616319223529,1.3670392880089034e-11,0.058669404220582234,18.91703598909588,18.97570539331646,veteran,,,0.0,0.0,0.0,0.0,0.0,0.0,0.0,0.0,0.0,0.0,0.0,0.0,0.0,0.0,0.0,0.0,0.0,0.0,0.0,0.0,0.0,0.0,0.0,0.0,0.0,0.0,0.0,0.0,0.0,16,5.800000000000001,4.656050955414012,0.8308121019108279,0.125,26.82546201232033,0.49062500000000003,1.0,1.0,0.0,0.875,0.0,14.0,2.0,6.0,4.0,38.0,0.0,0.0,0.0,0.0,0.0,0.0,0.0,0.0,,6
00-0032055,2018,veteran,TE,14.823727466150846,6.307733498326867,93.50412230830773,55.061618175116315,698.1165681603749,5.674352319418959,0.11359131936732385,0.3207712532880381,0.013639054498020695,0.24845335551079467,0.5888683494997542,12.678824039280974,0.06068558454256299,0.07479254447539042,0.006294975656974943,1.3670140905138281e-11,1.2486768015260143,131.00558456140473,132.25426136293075,veteran,Devin Funchess,WR,14.0,100.9,79.0,44.0,549.0,4.0,0.0,0.0,0.0,0.0,0.0,0.0,0.0,0.0,0.0,0.0,0.0,0.0,0.0,0.0,0.0,0.0,0.0,0.0,0.0,0.0,0.0,0.0,0.0,16,164.5,8.222402597402597,0.965909090909091,1.0,24.281998631074607,0.9625,1.0,1.0,0.0,0.0,0.0,0.0,16.0,111.0,63.0,840.0,8.0,0.0,0.0,0.0,0.0,0.0,0.0,0.0,8.6,6
00-0032098,2018,veteran,TE,8.033954843272774,2.416669661185649,19.41541492907282,12.730683817937246,131.79032807457577,0.9721883421148362,0.08779890158387431,0.24793587974182882,0.010542126020179789,0.13120754189318418,0.6556998068001216,10.352179816836404,0.05007301392560364,0.004321686093397325,0.00024633368974730197,1.3670557232961238e-11,0.0376887817505212,25.203136029424112,25.240824811174633,veteran,Daniel Brown,TE,1.0,0.0,0.0,0.0,0.0,0.0,0.0,0.0,0.0,0.0,0.0,0.0,0.0,0.0,0.0,0.0,0.0,0.0,0.0,0.0,0.0,0.0,0.0,0.0,0.0,0.0,0.0,0.0,0.0,16,19.4,2.531645569620253,0.5395569620253166,0.625,26.26694045174538,0.49374999999999997,1.0,0.625,0.0,0.375,0.0,6.0,10.0,20.0,13.0,129.0,0.0,0.0,0.0,0.0,0.0,0.0,0.0,0.0,,6
00-0032117,2018,veteran,TE,10.977263169195108,2.8181311895080743,30.935367712546984,20.21009349391089,242.16689984275425,1.6588097251505196,0.09806829853076517,0.27693569546290703,0.011775185600793688,0.2630007776266257,0.6533005743362779,11.982473011107883,0.05362178786960815,0.009659676208214764,0.0006050328415730428,1.3670441964483304e-11,0.11599921525884412,43.84693821003179,43.96293742529063,veteran,Nick O'Leary,TE,6.0,18.6,10.0,8.0,86.0,1.0,0.0,0.0,0.0,0.0,0.0,0.0,0.0,0.0,0.0,0.0,0.0,0.0,0.0,0.0,0.0,0.0,0.0,0.0,0.0,0.0,0.0,0.0,0.0,16,53.2,3.0660869565217395,0.7880434782608695,0.8125,26.001368925393567,0.71875,1.0,0.8125,0.0,0.1875,0.0,3.0,13.0,32.0,22.0,322.0,2.0,0.0,0.0,0.0,0.0,0.0,0.0,0.0,,6
00-0032120,2018,veteran,TE,4.917993898865053,1.914332543345038,9.414675768569715,6.094401243356262,66.67206455191308,0.47717271231547087,0.060515583841022305,0.17089034426451175,0.007266183283937405,0.08400242839522784,0.6473299126988552,10.939887593485057,0.05068392412497954,0.002589264990370943,0.0001392285843342942,1.3670630408563271e-11,0.013761077552108847,12.470124628101884,12.483885705653993,veteran,Neal Sterling,TE,4.0,7.7,8.0,6.0,47.0,0.0,0.0,0.0,0.0,0.0,0.0,0.0,0.0,0.0,0.0,0.0,0.0,0.0,0.0,0.0,0.0,0.0,0.0,0.0,0.0,0.0,0.0,0.0,0.0,16,11.200000000000001,2.144761904761905,0.36607142857142855,0.375,26.63107460643395,0.328125,1.0,0.375,0.0,0.625,0.0,10.0,6.0,11.0,6.0,82.0,0.0,0.0,0.0,0.0,0.0,0.0,0.0,0.0,,6
00-0032134,2018,veteran,TE,9.922087130447924,2.5765388099172792,25.564642566979845,16.654997093748186,172.58369317332463,1.3534534238207723,0.09863771390062832,0.27854367116782713,0.011843556030020415,0.15806617666653813,0.6514856231653456,10.362276991216508,0.05294239574344522,0.005063364496314632,0.0002939217590909887,1.3670534578837445e-11,0.054613619931783784,33.48937175709502,33.54398537702681,veteran,C.J. Uzomah,TE,16.0,83.4,64.0,43.0,439.0,3.0,0.0,0.0,0.0,0.0,0.0,0.0,0.0,0.0,0.0,0.0,0.0,0.0,0.0,0.0,0.0,0.0,0.0,0.0,0.0,0.0,0.0,0.0,0.0,16,20.2,2.5201058201058206,0.6597222222222223,0.75,25.6290212183436,0.590625,1.0,0.75,0.0625,0.1875,1.0,4.0,12.0,15.0,10.0,92.0,1.0,0.0,0.0,0.0,0.0,0.0,0.0,0.0,,6
00-0032135,2018,veteran,TE,13.08825818268026,4.568070612384359,59.78808757160081,39.314614278571916,373.8088405338093,3.162210164250049,0.10683725009197906,0.30169839386256864,0.012828084791506888,0.19693460376135874,0.6575660114816293,9.508139591173618,0.052890304619010606,0.019537877024935823,0.001336395664359691,1.3670340259651063e-11,0.28195341643569005,75.72472131877979,76.00667473521547,veteran,Jesse James,TE,15.0,70.3,39.0,30.0,423.0,2.0,0.0,0.0,0.0,0.0,0.0,0.0,0.0,0.0,0.0,0.0,1.0,0.0,0.0,1.0,1.0,0.0,0.0,0.0,0.0,0.0,0.0,0.0,0.0,16,76.7,4.997358490566038,0.8884433962264152,0.875,24.243668720054757,0.828125,1.0,1.0,0.0,0.125,0.0,2.0,14.0,63.0,43.0,372.0,3.0,0.0,0.0,0.0,0.0,0.0,0.0,0.0,,6
00-0032139,2018,veteran,TE,5.96565210759589,2.215264152864119,13.215495262415455,8.745033399535384,90.15908266293626,0.6933211032220964,0.06670967697027848,0.18838188346945106,0.00800991594085417,0.10006545153399525,0.6617257413277613,10.309747092301137,0.05246274085496323,0.003465070944998446,0.00019258141797015568,1.3670588804934483e-11,0.02239471856210341,17.415118366317973,17.437513084880077,veteran,,,0.0,0.0,0.0,0.0,0.0,0.0,0.0,0.0,0.0,0.0,0.0,0.0,0.0,0.0,0.0,0.0,0.0,0.0,0.0,0.0,0.0,0.0,0.0,0.0,0.0,0.0,0.0,0.0,0.0,16,8.3,2.2293650793650794,0.49404761904761896,0.375,25.39630390143737,0.39375000000000004,1.0,0.625,0.0,0.625,0.0,10.0,6.0,7.0,5.0,38.0,0.0,0.0,0.0,0.0,0.0,0.0,0.0,0.0,,6
00-0032214,2018,veteran,TE,13.164042497497409,3.875069503349616,51.011579622850526,33.802310739870755,345.82766087691914,3.253639370120276,0.10895701233356207,0.30768440401451025,0.013082607345667078,0.19793283410139428,0.6626399533161895,10.230888164370548,0.06378236851663412,0.015555545246372687,0.001033253433287746,1.3670373285869329e-11,0.2251765472146361,70.7191560946216,70.94433264183623,veteran,Tyler Kroft,TE,5.0,5.6,6.0,4.0,36.0,0.0,0.0,0.0,0.0,0.0,0.0,0.0,0.0,0.0,0.0,0.0,0.0,0.0,0.0,0.0,0.0,0.0,0.0,0.0,0.0,0.0,0.0,0.0,0.0,16,103.4,4.871428571428572,0.8773496240601504,1.0,25.87816563997262,0.83125,1.0,1.0,0.0,0.0,0.0,0.0,16.0,62.0,42.0,404.0,7.0,0.0,0.0,0.0,0.0,0.0,0.0,0.0,,6
00-0032227,2018,veteran,TE,8.084682258274114,2.514484188208556,20.328805705120498,12.776421751936713,150.39431529951997,1.1383526764078475,0.08590326467378179,0.24258277854698207,0.01031451448023804,0.13334762753250723,0.6284885564486722,11.771239101176546,0.05599702672750297,0.00607445676875719,0.00036014581059576805,1.3670508515566554e-11,0.05347754975604082,28.07720857403855,28.130686123794593,veteran,Jeff Heuerman,TE,11.0,55.6,48.0,31.0,281.0,2.0,0.0,0.0,0.0,0.0,0.0,0.0,0.0,0.0,0.0,0.0,0.0,0.0,0.0,0.0,0.0,0.0,0.0,0.0,0.0,0.0,0.0,0.0,0.0,16,30.7,3.077397260273972,0.5633561643835616,0.625,25.76865160848734,0.45625,1.0,0.625,0.0625,0.3125,1.0,6.0,10.0,18.0,9.0,142.0,2.0,0.0,0.0,0.0,0.0,0.0,0.0,0.0,,6
00-0032256,2018,veteran,TE,6.620005677221542,3.1019147224135164,20.53469307263456,13.219964815754262,141.3936619296738,1.0799467347578182,0.06027739062726196,0.1702177089246973,0.007237583121164134,0.10447840427824731,0.6437868230605195,10.695464314789604,0.052591325857068834,0.008844615713922957,0.0005481542825760753,1.3670454630872741e-11,0.0639945831139802,27.080519470454384,27.144514053568365,veteran,,,0.0,0.0,0.0,0.0,0.0,0.0,0.0,0.0,0.0,0.0,0.0,0.0,0.0,0.0,0.0,0.0,0.0,0.0,0.0,0.0,0.0,0.0,0.0,0.0,0.0,0.0,0.0,0.0,0.0,16,12.5,3.754228855721393,0.7527985074626865,0.375,26.863791923340177,0.628125,1.0,0.9375,0.0625,0.5625,1.0,10.0,6.0,13.0,9.0,80.0,0.0,0.0,0.0,0.0,0.0,0.0,0.0,0.0,,6
00-0032319,2018,veteran,TE,8.739989297117049,1.9287021076123734,16.85683577785924,10.511832988306614,112.84517168910234,0.8527633361075024,0.08889732918674068,0.251037736475073,0.01067401562249331,0.14356101437209096,0.6235946726202004,10.735061317529642,0.05058857708203885,0.002273259127059834,0.00012045487310543117,1.3670648983518024e-11,0.02144742213162984,21.45903951834684,21.48048694047847,veteran,,,0.0,0.0,0.0,0.0,0.0,0.0,0.0,0.0,0.0,0.0,0.0,0.0,0.0,0.0,0.0,0.0,0.0,0.0,0.0,0.0,0.0,0.0,0.0,0.0,0.0,0.0,0.0,0.0,0.0,16,11.1,0.9278145695364238,0.6129966887417219,0.6875,25.642710472279262,0.47187500000000004,1.0,0.6875,0.0,0.3125,0.0,5.0,11.0,17.0,7.0,76.0,0.0,0.0,0.0,0.0,0.0,0.0,0.0,0.0,,6
00-0032392,2018,veteran,TE,14.120599949892505,4.661193206983544,65.81884456497112,44.745922169405375,493.62210633612756,3.6212812369162437,0.10691595034365342,0.30192063600663627,0.012837534431035446,0.21416332300648264,0.6798345134308119,11.03166685150222,0.05501891230165251,0.03382811763620703,0.0024957033882118313,1.3670260023239703e-11,0.530534560292643,93.14174976398682,93.67228432427946,veteran,Austin Hooper,TE,16.0,127.5,88.0,71.0,660.0,4.0,0.0,0.0,0.0,0.0,0.0,0.0,0.0,0.0,0.0,0.0,0.0,0.0,0.0,0.0,0.0,0.0,0.0,0.0,0.0,0.0,0.0,0.0,0.0,16,96.1,5.451574803149605,0.9424212598425196,1.0,23.84120465434634,0.7937500000000001,1.0,1.0,0.0,0.0,0.0,0.0,16.0,65.0,49.0,526.0,3.0,0.0,0.0,0.0,0.0,0.0,0.0,0.0,16.4,6
00-0032394,2018,veteran,TE,7.913421429708226,2.183074982100255,17.275592346012058,11.451653280877263,123.31542175245464,0.9422626732413681,0.08323000407735745,0.23503374085064524,0.009993532673132355,0.13251089014981698,0.6628804993491753,10.768350973249861,0.05454300231035971,0.0037628009014329757,0.00021110387242679864,1.367057702741717e-11,0.03228246036742214,23.52938764495653,23.56167010532395,veteran,Nick Vannett,TE,15.0,59.4,43.0,29.0,269.0,3.0,0.0,0.0,0.0,0.0,0.0,0.0,0.0,0.0,0.0,0.0,0.0,0.0,0.0,0.0,0.0,0.0,0.0,0.0,0.0,0.0,0.0,0.0,0.0,16,24.4,2.3171874999999997,0.5634765625,0.625,25.489390828199863,0.4,1.0,0.625,0.0,0.375,0.0,6.0,10.0,15.0,12.0,124.0,1.0,0.0,0.0,0.0,0.0,0.0,0.0,0.0,,6
00-0032429,2018,veteran,TE,7.890081847246847,2.1379640974753364,16.86871171555564,11.143443575166867,117.54284982323207,0.8778313920622296,0.0826959362607677,0.2335255833274958,0.009929406469680562,0.12875263689894295,0.6605983766318584,10.54816215744799,0.05203902982423543,0.003333851786152769,0.0001844761467797146,1.3670594319539725e-11,0.028487661520494662,22.418418845632967,22.44690650715346,veteran,,,0.0,0.0,0.0,0.0,0.0,0.0,0.0,0.0,0.0,0.0,0.0,0.0,0.0,0.0,0.0,0.0,0.0,0.0,0.0,0.0,0.0,0.0,0.0,0.0,0.0,0.0,0.0,0.0,0.0,16,13.2,1.9018867924528302,0.5860849056603774,0.5625,25.66735112936345,0.496875,1.0,0.625,0.0,0.4375,0.0,7.0,9.0,11.0,8.0,92.0,0.0,0.0,0.0,0.0,0.0,0.0,0.0,0.0,,6
00-0032725,2018,veteran,TE,11.292380371630848,3.451984450493594,38.98112145192876,23.817331018813935,272.6681863661685,1.9084555387043625,0.09876983102191433,0.2789167575516438,0.011859419501167489,0.17725899590561148,0.6109965576076435,11.448309894621726,0.048958456494327805,0.01235815687295422,0.0007976222513690691,1.3670406504672317e-11,0.15306358919343008,50.37074757920094,50.52381116839437,veteran,,,0.0,0.0,0.0,0.0,0.0,0.0,0.0,0.0,0.0,0.0,0.0,0.0,0.0,0.0,0.0,0.0,0.0,0.0,0.0,0.0,0.0,0.0,0.0,0.0,0.0,0.0,0.0,0.0,0.0,16,52.7,3.3870192307692313,0.7938701923076924,0.875,25.585215605749486,0.65,1.0,0.875,0.0625,0.0625,1.0,2.0,14.0,52.0,25.0,342.0,1.0,0.0,0.0,0.0,0.0,0.0,0.0,0.0,,6
00-0033080,2018,veteran,TE,12.574675935318346,3.614939946404732,45.45669835167658,28.798670314798024,325.24494713218866,2.273048110925256,0.09904836369703693,0.2797033077544091,0.011892863274482524,0.30277697805020065,0.6335407400686381,11.2937487591246,0.05000469003137398,0.014909007580214892,0.0009850135955051416,1.3670379422744059e-11,0.20605527931524806,60.05589209049135,60.2619473698066,veteran,Seth DeValve,TE,7.0,15.9,7.0,5.0,74.0,1.0,0.0,0.0,0.0,0.0,0.0,0.0,0.0,0.0,0.0,0.0,0.0,0.0,0.0,0.0,0.0,0.0,0.0,0.0,0.0,0.0,0.0,0.0,0.0,16,60.0,3.741964285714285,0.8928571428571428,1.0,25.587953456536617,0.7000000000000001,1.0,1.0,0.0,0.0,0.0,0.0,16.0,58.0,33.0,395.0,1.0,0.0,0.0,0.0,0.0,0.0,0.0,0.0,,6
00-0033090,2018,veteran,TE,11.412776402263098,5.552168819644798,63.365661286223116,42.492298417593034,507.30295504350255,4.027121553749294,0.10225543161515227,0.2887597673606847,0.012277940007085488,0.23296962923998885,0.6705887314211878,11.938703575362837,0.06355368936431924,0.0642846919480149,0.005260188471520178,1.3670164065293302e-11,0.8237168478919188,95.77577839394115,96.59949524183307,veteran,,,0.0,0.0,0.0,0.0,0.0,0.0,0.0,0.0,0.0,0.0,0.0,0.0,0.0,0.0,0.0,0.0,0.0,0.0,0.0,0.0,0.0,0.0,0.0,0.0,0.0,0.0,0.0,0.0,0.0,16,104.4,8.662857142857144,0.7732142857142857,0.75,23.734428473648187,0.65625,1.0,0.8125,0.0,0.25,0.0,4.0,12.0,62.0,45.0,579.0,4.0,0.0,0.0,0.0,0.0,0.0,0.0,0.0,,6
00-0033110,2018,veteran,TE,11.581710985728783,3.284512869454989,38.040278782934415,23.23306156269674,252.55425606231177,1.8618754784998865,0.09787414055351937,0.27638741150913404,0.011751872804995291,0.1793308967958868,0.6107489825526602,10.87046816368858,0.048944843152284125,0.0093590006633848,0.0005839755062626925,1.3670446509371834e-11,0.11853839441963977,47.78269744296798,47.90123583738762,veteran,Tyler Higbee,TE,14.0,53.2,34.0,24.0,292.0,2.0,0.0,0.0,0.0,0.0,0.0,0.0,0.0,0.0,0.0,0.0,0.0,0.0,0.0,0.0,0.0,0.0,0.0,0.0,0.0,0.0,0.0,0.0,0.0,16,48.0,2.867256637168142,0.8351769911504424,0.875,25.66461327857632,0.70625,1.0,0.875,0.0,0.125,0.0,2.0,14.0,45.0,25.0,295.0,1.0,0.0,0.0,0.0,0.0,0.0,0.0,0.0,,6
00-0033288,2018,veteran,TE,11.432296624339372,4.507300755628128,51.52879921344975,33.90568944288054,382.48633268157874,2.5748641687522538,0.08107877081741235,0.22895885948866324,0.009735231353684997,0.18564736514970076,0.6579949457473613,11.28088940134773,0.04996941919966529,0.030040010798072236,0.0021786139325896455,1.3670277487140977e-11,0.38078615541540983,70.36067554588325,70.74146170129866,veteran,George Kittle,TE,16.0,222.2,136.0,88.0,1377.0,5.0,1.0,10.0,0.0,0.0,0.0,0.0,0.0,0.0,0.0,0.0,7.5,0.0,0.0,7.5,4.0,1.0,1.0,0.0,0.0,0.0,0.0,0.0,0.0,16,86.0,5.733333333333333,0.9375,0.9375,24.895277207392198,0.515625,1.0,0.9375,0.0625,0.0,1.0,1.0,15.0,63.0,43.0,515.0,2.0,0.0,0.0,0.0,0.0,0.0,0.0,0.0,16.4,6
00-0033611,2018,veteran,TE,7.389201641753921,3.9179539399744083,28.950551685575142,17.830736198114316,211.04731337228938,1.7125657861760637,0.08053536821343898,0.22742434139971618,0.009669984310414092,0.1281273785337046,0.6159031576244065,11.836152530516863,0.05915485842120805,0.019539666663276802,0.0013365340953188877,1.3670340246351868e-11,0.15919641708672075,40.12000173627752,40.27919815336424,veteran,Ricky Seals-Jones,TE,15.0,57.3,69.0,34.0,343.0,1.0,0.0,0.0,0.0,0.0,0.0,0.0,0.0,0.0,0.0,0.0,0.0,0.0,0.0,0.0,0.0,0.0,0.0,0.0,0.0,0.0,0.0,0.0,0.0,16,44.1,5.5125,0.5,0.5,23.46611909650924,0.275,1.0,0.5,0.0,0.5,0.0,8.0,8.0,28.0,12.0,201.0,3.0,0.0,0.0,0.0,0.0,0.0,0.0,0.0,20.0,6
00-0033858,2018,veteran,TE,11.859728510562583,3.4680261543033115,41.12984865756769,26.36427980761247,272.90888878032456,2.282278368046716,0.09056011888394275,0.25573329893615465,0.01087366890080016,0.19432462378736515,0.641001138300118,10.351463828020986,0.05548958828047591,0.01083729208992542,0.0006883072055386489,1.3670425418936589e-11,0.1407720471847665,53.86886508584267,54.00963713302744,veteran,Jonnu Smith,TE,12.0,53.800000000000004,30.0,20.0,258.0,3.0,0.0,0.0,0.0,0.0,0.0,0.0,0.0,0.0,0.0,0.0,0.0,0.0,0.0,0.0,0.0,0.0,0.0,0.0,0.0,0.0,0.0,0.0,0.0,16,36.7,2.6214285714285714,0.875,0.875,23.028062970568104,0.48125000000000007,1.0,0.875,0.0,0.125,0.0,2.0,14.0,30.0,18.0,157.0,2.0,0.0,0.0,0.0,0.0,0.0,0.0,0.0,,6
00-0033879,2018,veteran,TE,10.685780018468662,4.3555533743927075,46.54248521745935,30.352746114405956,382.33703599210025,3.1002524102616054,0.08740743367641722,0.24683041101414382,0.010495121969573003,0.3756001478661724,0.6521513832488648,12.596456167458149,0.06661123478422713,0.03602031660511241,0.0026821502538949315,1.3670250761052938e-11,0.42789648111438144,71.34804459516914,71.77594107628353,veteran,O.J. Howard,TE,10.0,103.5,48.0,34.0,565.0,5.0,0.0,0.0,0.0,0.0,0.0,0.0,0.0,0.0,0.0,0.0,0.0,0.0,0.0,0.0,0.0,0.0,0.0,0.0,0.0,0.0,0.0,0.0,0.0,16,88.2,6.784615384615384,0.8125,0.8125,23.786447638603697,0.446875,1.0,0.8125,0.0,0.1875,0.0,3.0,13.0,39.0,26.0,432.0,6.0,0.0,0.0,0.0,0.0,0.0,0.0,0.0,18.1,6
00-0033881,2018,veteran,TE,11.955722461491828,6.956101273640458,83.16521624167514,50.80253762048004,558.7805784681603,4.444716156406535,0.1481041956231076,0.45527208215343745,0.018383417162256558,0.19414719949722364,0.6108628091923634,10.999068248175442,0.05344441290804018,0.07332249483371427,0.00614782285788145,1.3670143957053258e-11,0.9868758944897982,107.71515690768972,108.70203280217952,veteran,Evan Engram,TE,11.0,103.8,64.0,45.0,577.0,3.0,3.0,36.0,0.0,0.0,0.0,0.0,0.0,0.0,0.0,0.0,0.0,0.0,0.0,0.0,0.0,0.0,0.0,0.0,0.0,0.0,0.0,0.0,0.0,16,141.6,9.44,0.9375,0.9375,23.99726214921287,0.515625,1.0,0.9375,0.0625,0.0,1.0,1.0,15.0,115.0,64.0,722.0,6.0,1.0,14.0,0.0,0.0,0.0,0.0,0.0,7.5,6
00-0033885,2018,veteran,TE,13.841896729104931,5.029767561448098,69.62152315696652,42.98966150357932,483.39283051713795,3.9277381830823312,0.15936026545163115,0.44318622974445,0.019780575604626528,0.22279573723334406,0.6174766014046571,11.24439722506051,0.056415573876873897,0.03373628104959069,0.0024879390413839776,1.3670260423771683e-11,0.5186308116096567,93.11795350413296,93.63658431574261,veteran,David Njoku,TE,15.0,115.9,88.0,56.0,639.0,4.0,0.0,0.0,0.0,0.0,0.0,0.0,0.0,0.0,0.0,0.0,0.0,0.0,0.0,0.0,0.0,0.0,0.0,0.0,0.0,0.0,0.0,0.0,0.0,16,78.7,4.91875,1.0,1.0,22.143737166324435,0.55,1.0,1.0,0.0,0.0,0.0,0.0,16.0,60.0,32.0,386.0,4.0,1.0,1.0,0.0,0.0,0.0,0.0,0.0,14.5,6
00-0033895,2018,veteran,TE,11.143941488550894,3.302808584046632,36.806305608499294,22.96460495302184,270.4167422713684,2.0288708362983354,0.14832406949670096,0.45260537607891105,0.01841070898288556,0.2851196034571466,0.6239312686606304,11.775370959986189,0.05512291447772551,0.012525892835391808,0.0008097935994441133,1.3670404561247432e-11,0.15312425588916187,50.282687306028684,50.435811561917845,veteran,Gerald Everett,TE,15.0,70.1,50.0,33.0,320.0,3.0,2.0,16.0,0.0,0.0,0.0,0.0,0.0,0.0,0.0,0.0,0.0,0.0,0.0,0.0,0.0,0.0,0.0,0.0,0.0,0.0,0.0,0.0,0.0,16,43.7,3.1214285714285714,0.875,0.875,24.186173853524984,0.48125000000000007,1.0,0.875,0.0,0.125,0.0,2.0,14.0,32.0,16.0,244.0,2.0,1.0,13.0,0.0,0.0,0.0,0.0,0.0,,6
00-0034159,2018,rookie,TE,8.57062900918849,1.7541254236799824,15.033958241946708,9.36607558923418,106.8992146651077,0.9379474839004185,0.1316714109165581,0.9593202795349233,0.0,0.1139711304413363,0.6229946524064172,11.413447782546495,0.062388591800356503,0.0020735006575577472,0.00010873877882294803,1.3670662106015922e-11,0.019169144718873717,20.868633931601188,20.88780307632006,rookie,Will Dissly,TE,4.0,32.6,14.0,8.0,156.0,2.0,0.0,0.0,0.0,0.0,0.0,0.0,0.0,0.0,0.0,0.0,1.0,0.0,0.0,1.0,1.0,0.0,0.0,0.0,0.0,0.0,0.0,0.0,0.0,16,0.0,,,0.0,22.1492128678987,0.0,0.0,0.0,0.0,1.0,0.0,16.0,0.0,0.0,0.0,0.0,0.0,0.0,0.0,0.0,0.0,0.0,0.0,0.0,,6
00-0034351,2018,rookie,TE,9.210384315263557,3.354062013360707,30.89220016027876,19.24567550092233,219.65951236961138,1.9273208656145395,0.1660081591698402,1.2094880168088358,0.0,0.1224785148306324,0.6229946524064172,11.413447782546495,0.062388591800356503,0.01194767936404828,0.00076793126958786,1.3670411372651602e-11,0.12065213205116651,43.02870595312916,43.14935808518033,rookie,Dallas Goedert,TE,15.0,73.9,44.0,33.0,334.0,4.0,0.0,0.0,0.0,0.0,0.0,0.0,0.0,0.0,0.0,0.0,0.0,0.0,0.0,0.0,0.0,0.0,0.0,0.0,0.0,0.0,0.0,0.0,0.0,16,0.0,,,0.0,23.66050650239562,0.0,0.0,0.0,0.0,1.0,0.0,16.0,0.0,0.0,0.0,0.0,0.0,0.0,0.0,0.0,0.0,0.0,0.0,0.0,,6
00-0034364,2018,rookie,TE,3.670035109819869,2.9243928993527786,10.73262461553262,6.686367741762301,76.31450907550735,0.6695933360849228,0.04262696369319586,0.31056787833614125,0.0,0.048803658375264215,0.6229946524064172,11.413447782546495,0.062388591800356503,0.008222305441082763,0.0005051732236050779,1.367046510662299e-11,0.032957154953536134,14.925644266024507,14.958601420978043,rookie,Jordan Akins,TE,14.0,31.0,25.0,17.0,225.0,0.0,0.0,0.0,0.0,0.0,0.0,0.0,0.0,0.0,0.0,0.0,0.0,0.0,0.0,0.0,0.0,0.0,0.0,0.0,0.0,0.0,0.0,0.0,0.0,16,0.0,,,0.0,26.368240930869266,0.0,0.0,0.0,0.0,1.0,0.0,16.0,0.0,0.0,0.0,0.0,0.0,0.0,0.0,0.0,0.0,0.0,0.0,0.0,,6
00-0034365,2018,rookie,TE,8.958205575272098,2.0196529412267346,18.092466238212022,11.271509715249737,128.64678756546837,1.1287634907975415,0.1442557625370083,1.0510062699124891,0.0,0.11912507413925662,0.6229946524064172,11.413447782546495,0.062388591800356503,0.003021097800290472,0.00016531006757319772,1.3670608388038167e-11,0.029284937756406858,25.139865037669686,25.169149975426095,rookie,Ian Thomas,TE,10.0,63.3,49.0,36.0,333.0,2.0,0.0,0.0,0.0,0.0,0.0,0.0,0.0,0.0,0.0,0.0,0.0,0.0,0.0,0.0,0.0,0.0,0.0,0.0,0.0,0.0,0.0,0.0,0.0,16,0.0,,,0.0,22.236824093086927,0.0,0.0,0.0,0.0,1.0,0.0,16.0,0.0,0.0,0.0,0.0,0.0,0.0,0.0,0.0,0.0,0.0,0.0,0.0,,6
00-0034383,2018,rookie,TE,8.195789779645002,1.5623629717408973,12.80479847588984,7.977320975621211,91.04873639986555,0.7988733451981183,0.1207067927949785,0.879435204649129,0.0,0.10898656621868354,0.6229946524064172,11.413447782546495,0.062388591800356503,0.001526215914476813,7.733448496816006e-05,1.367070581081674e-11,0.013459270789759312,17.75674458701341,17.77020385780317,rookie,Dalton Schultz,TE,8.0,17.6,17.0,12.0,116.0,0.0,0.0,0.0,0.0,0.0,0.0,0.0,0.0,0.0,0.0,0.0,0.0,0.0,0.0,0.0,0.0,0.0,0.0,0.0,0.0,0.0,0.0,0.0,0.0,16,0.0,,,0.0,22.140999315537304,0.0,0.0,0.0,0.0,1.0,0.0,16.0,0.0,0.0,0.0,0.0,0.0,0.0,0.0,0.0,0.0,0.0,0.0,0.0,,6
00-0034753,2018,rookie,TE,8.449892436835961,2.406701232645058,20.33636654345126,12.669447605946909,144.60207868418374,1.2687572709818076,0.13556643293404202,0.9876982970908776,0.0,0.11236559091537182,0.6229946524064172,11.413447782546495,0.062388591800356503,0.004845052422827869,0.0002798215722148012,1.3670540884392205e-11,0.044486865334838255,28.281513945161016,28.326000810495856,rookie,Mark Andrews,TE,16.0,90.2,50.0,34.0,552.0,3.0,0.0,0.0,0.0,0.0,0.0,0.0,0.0,0.0,0.0,0.0,0.0,0.0,0.0,0.0,0.0,0.0,0.0,0.0,0.0,0.0,0.0,0.0,0.0,16,0.0,,,0.0,22.986995208761122,0.0,0.0,0.0,0.0,1.0,0.0,16.0,0.0,0.0,0.0,0.0,0.0,0.0,0.0,0.0,0.0,0.0,0.0,0.0,,6
00-0034766,2018,rookie,TE,8.41977473982475,1.9962464730731682,16.807945628445708,10.471260244459494,119.51318201759348,1.0486240588156859,0.1305323568110828,0.9510214567664604,0.0,0.11196508962532911,0.6229946524064172,11.413447782546495,0.062388591800356503,0.0029281479147988876,0.00015965731122727033,1.3670612850158041e-11,0.026670763971850708,23.349864643309193,23.376535407281043,rookie,Chris Herndon,TE,14.0,93.69999999999999,56.0,39.0,502.0,4.0,0.0,0.0,0.0,0.0,0.0,0.0,0.0,0.0,0.0,0.0,0.0,0.0,0.0,0.0,0.0,0.0,0.0,0.0,0.0,0.0,0.0,0.0,0.0,16,0.0,,,0.0,22.521560574948666,0.0,0.0,0.0,0.0,1.0,0.0,16.0,0.0,0.0,0.0,0.0,0.0,0.0,0.0,0.0,0.0,0.0,0.0,0.0,,6
00-0034798,2018,rookie,TE,7.308879569728329,1.909385294218201,13.955467167651124,8.694181417279978,99.2305856181111,0.8706619445058633,0.10391102028414564,0.7570660049273468,0.0,0.0971925474697916,0.6229946524064172,11.413447782546495,0.062388591800356503,0.002599464407025026,0.0001398391188618142,1.3670629847426245e-11,0.020532273414922045,19.37544244303943,19.39597471645435,rookie,Durham Smythe,TE,8.0,8.0,11.0,6.0,50.0,0.0,0.0,0.0,0.0,0.0,0.0,0.0,0.0,0.0,0.0,0.0,0.0,0.0,0.0,0.0,0.0,0.0,0.0,0.0,0.0,0.0,0.0,0.0,0.0,16,0.0,,,0.0,23.06365503080082,0.0,0.0,0.0,0.0,1.0,0.0,16.0,0.0,0.0,0.0,0.0,0.0,0.0,0.0,0.0,0.0,0.0,0.0,0.0,,6
00-0034829,2018,rookie,TE,10.6315239914059,3.419328745387708,36.35267559109325,22.647522493916387,258.48631538836185,2.2679922383035005,0.20850892549523717,1.5191364571795851,0.0,0.14137664882188697,0.6229946524064172,11.413447782546495,0.062388591800356503,0.012592751125291839,0.0008146511657400131,1.367040379376618e-11,0.14687161111680588,50.64950656368957,50.79637817480638,rookie,Mike Gesicki,TE,14.0,29.2,32.0,22.0,202.0,0.0,0.0,0.0,0.0,0.0,0.0,0.0,0.0,0.0,0.0,1.0,0.0,0.0,0.0,0.0,0.0,0.0,0.0,0.0,0.0,0.0,0.0,0.0,0.0,16,0.0,,,0.0,22.913073237508556,0.0,0.0,0.0,0.0,1.0,0.0,16.0,0.0,0.0,0.0,0.0,0.0,0.0,0.0,0.0,0.0,0.0,0.0,0.0,18.8,6
00-0034830,2018,rookie,TE,9.397973160332313,4.603107360912158,43.25987943198057,26.950673549870253,307.6001052659011,2.698922959214474,0.18580324466019402,1.3537093539528422,0.0,0.12497304734484459,0.6229946524064172,11.413447782546495,0.062388591800356503,0.028304868793083752,0.0020356034584917207,1.3670286211415918e-11,0.294704217483052,60.314309897517674,60.609014115000726,rookie,Hayden Hurst,TE,9.0,28.799999999999997,23.0,13.0,163.0,1.0,1.0,0.0,0.0,0.0,0.0,0.0,0.0,0.0,0.0,0.0,0.0,0.0,0.0,0.0,0.0,0.0,0.0,0.0,0.0,0.0,0.0,0.0,0.0,16,0.0,,,0.0,25.021218343600275,0.0,0.0,0.0,0.0,1.0,0.0,16.0,0.0,0.0,0.0,0.0,0.0,0.0,0.0,0.0,0.0,0.0,0.0,0.0,,6
00-0021547,2019,veteran,TE,10.270070747634303,3.7814820692539315,38.83608838214844,24.533752651758594,269.222208142941,2.125220301676748,0.06675695722229963,0.22763297291819085,0.007576415011565887,0.24449287954534296,0.6317256364839225,10.973543752738658,0.05472282071161512,0.01606305345522409,0.0011915662939455138,0.00018083183229842598,0.18703921203941665,51.519654978504406,51.70669419054382,veteran,,,0.0,0.0,0.0,0.0,0.0,0.0,0.0,0.0,0.0,0.0,0.0,0.0,0.0,0.0,0.0,0.0,0.0,0.0,0.0,0.0,0.0,0.0,0.0,0.0,0.0,0.0,0.0,0.0,0.0,16,61.3,4.584565916398713,0.9764871382636656,1.0,39.20328542094456,0.971875,1.0,1.0,0.0,0.0,0.0,0.0,16.0,45.0,28.0,333.0,2.0,0.0,0.0,0.0,0.0,0.0,0.0,0.0,,7
00-0022127,2019,veteran,TE,1.4012917410128978,5.151973928904061,7.219418516487031,4.89270976376703,49.01958913051579,0.3837965171150734,0.0221276536379531,0.07545256391087761,0.002511323076560428,0.03233302198219538,0.677715213849082,10.018903940211299,0.05316169387307231,0.03553583866120077,0.0028505491830157705,0.0002548329068574416,0.05650194426260935,9.609040048511595,9.665541992774205,veteran,Jason Witten,TE,16.0,108.4,83.0,63.0,529.0,4.0,0.0,0.0,0.0,0.0,0.0,0.0,0.0,0.0,0.0,1.0,0.0,0.0,0.0,0.0,0.0,0.0,0.0,0.0,0.0,0.0,0.0,0.0,0.0,16,0.0,7.4425531914893615,0.9800531914893617,0.0,37.322381930184804,0.440625,0.0,1.0,0.0,1.0,0.0,16.0,0.0,0.0,0.0,0.0,0.0,0.0,0.0,0.0,0.0,0.0,0.0,0.0,,7
00-0022943,2019,veteran,TE,7.579643388318246,4.1418378358801125,31.393653768215046,21.85252348974795,226.14477615552897,1.6522189957983773,0.07100266616788747,0.2421103156498437,0.008058271200471784,0.11879956865406588,0.6960809229498749,10.348680154107793,0.05262907618198905,0.02295761224928423,0.0017605985774750946,0.00021082641315254633,0.19722355600479272,43.289014856676815,43.48623841268161,veteran,Benjamin Watson,TE,9.0,25.8,24.0,17.0,173.0,0.0,0.0,0.0,0.0,0.0,0.0,0.0,0.0,0.0,0.0,0.0,0.0,0.0,0.0,0.0,0.0,0.0,0.0,0.0,0.0,0.0,0.0,0.0,0.0,16,69.5,5.877405857740586,0.8878138075313808,0.8125,38.70225872689939,0.746875,1.0,1.0,0.0,0.1875,0.0,3.0,13.0,46.0,35.0,400.0,2.0,0.0,0.0,0.0,0.0,0.0,0.0,0.0,,7
00-0024221,2019,veteran,TE,8.591474471986935,3.516276524401396,30.20999999584154,19.99713333457907,255.6090208393214,1.5873396689368309,0.06024852872836192,0.2054400362004938,0.006837757088932154,0.19693612237921246,0.6619375484055514,12.782283168424044,0.052543517681407845,0.022779237647398285,0.0017456009351581438,0.0002101183709853999,0.22181362078881073,44.75120506623787,44.97301868702668,veteran,Vernon Davis,TE,4.0,23.3,19.0,10.0,123.0,1.0,0.0,0.0,0.0,0.0,0.0,0.0,0.0,0.0,0.0,0.0,0.0,0.0,0.0,0.0,0.0,0.0,0.0,0.0,0.0,0.0,0.0,0.0,0.0,16,63.2,5.541901408450704,0.8956866197183099,0.8125,35.58384668035592,0.8875,1.0,1.0,0.0625,0.125,1.0,3.0,13.0,36.0,25.0,367.0,2.0,0.0,0.0,0.0,0.0,0.0,0.0,0.0,,7
00-0024243,2019,veteran,TE,2.9088986312652523,2.2477480554684113,6.538471241981194,4.157564558284918,46.61341672121379,0.3731372413839827,0.03095736624524751,0.10556079254266813,0.0035134293727319276,0.047491768766553526,0.6358618711344446,11.211712065498942,0.05706796398953343,0.004142369564309273,0.0002747981500787403,0.00010162757448315359,0.013840021724397196,8.915600517525284,8.929440539249681,veteran,Marcedes Lewis,TE,12.0,29.1,19.0,15.0,156.0,1.0,0.0,0.0,0.0,0.0,0.0,0.0,0.0,0.0,0.0,0.0,0.0,0.0,0.0,0.0,0.0,0.0,0.0,0.0,0.0,0.0,0.0,0.0,0.0,16,5.4,3.3861878453038665,0.7289364640883977,0.3125,35.285420944558524,0.565625,1.0,1.0,0.0,0.6875,0.0,11.0,5.0,4.0,3.0,39.0,0.0,0.0,0.0,0.0,0.0,0.0,0.0,0.0,,7
00-0024268,2019,veteran,TE,0.6312074832993098,1.3758915306925428,0.8684730303812749,0.5712923267090679,6.1429316788793775,0.04842678904019083,0.009285551605824808,0.03166258327473797,0.0010538406108410907,0.010911815766652783,0.6578123979949735,10.752694184194217,0.05576084385594636,0.0010826515830654937,6.486851426562523e-05,5.7653900136206605e-05,0.0008175791649039693,1.1781657359428315,1.1789833151077354,veteran,,,0.0,0.0,0.0,0.0,0.0,0.0,0.0,0.0,0.0,0.0,0.0,0.0,0.0,0.0,0.0,0.0,0.0,0.0,0.0,0.0,0.0,0.0,0.0,0.0,0.0,0.0,0.0,0.0,0.0,16,0.0,2.05,0.7095588235294117,0.0,35.36481861738535,0.31875,0.0,0.75,0.0,1.0,0.0,16.0,0.0,0.0,0.0,0.0,0.0,0.0,0.0,0.0,0.0,0.0,0.0,0.0,,7
00-0024389,2019,veteran,TE,0.8446020033200057,5.817569252011901,4.913530644702118,3.2109597651889685,35.76547765069728,0.24674099786696496,0.03340911521439011,0.10063380460530462,0.006681823042878023,0.021097188141602503,0.653493383347695,11.13856300488164,0.05021663966480128,0.05961999307352338,0.005093338286021275,0.00032031762523926154,0.057349012983714365,6.670433577300596,6.72778259028431,veteran,Delanie Walker,TE,6.0,44.0,31.0,21.0,215.0,2.0,0.0,0.0,0.0,0.0,0.0,0.0,0.0,0.0,0.0,0.0,0.0,0.0,0.0,0.0,0.0,0.0,0.0,0.0,0.0,0.0,0.0,0.0,0.0,16,7.2,9.039473684210527,0.9136513157894737,0.0625,35.05270362765229,0.475,1.0,1.0,0.0,0.9375,0.0,15.0,1.0,7.0,4.0,52.0,0.0,0.0,0.0,0.0,0.0,0.0,0.0,0.0,,7
00-0025418,2019,veteran,TE,4.993296163862272,4.332821186101019,21.635059407259398,13.870381373288328,157.2942685184037,1.188549367721511,0.046055066997748445,0.15704208602158934,0.005226905411498533,0.0810602044737493,0.6411066922531435,11.340298747756282,0.05493626550074122,0.026659924026778116,0.002074931273513678,0.00022489696509762853,0.15090797023041388,29.680858976937255,29.83176694716767,veteran,Greg Olsen,TE,14.0,98.7,82.0,52.0,597.0,2.0,0.0,0.0,0.0,0.0,0.0,0.0,0.0,0.0,0.0,0.0,1.0,0.0,0.0,1.0,1.0,0.0,0.0,0.0,0.0,0.0,0.0,0.0,0.0,16,66.6,7.685714285714284,0.6458333333333333,0.5625,34.47501711156742,0.5906250000000001,1.0,1.0,0.1875,0.25,3.0,7.0,9.0,38.0,27.0,291.0,4.0,0.0,0.0,0.0,0.0,0.0,0.0,0.0,,7
00-0025549,2019,veteran,TE,0.7739587409704498,1.6170779431953486,1.2515516089665566,0.8115281981117232,8.81979484785286,0.06640908770433006,0.011419214785063567,0.03893811099357707,0.0012959954125792677,0.013379586611230733,0.6484176859329246,10.86813109929501,0.05306140572114802,0.0016469308939733305,0.00010182950890653375,6.882102615527056e-05,0.0014994035884362015,1.6711087204194996,1.6726081240079358,veteran,,,0.0,0.0,0.0,0.0,0.0,0.0,0.0,0.0,0.0,0.0,0.0,0.0,0.0,0.0,0.0,0.0,0.0,0.0,0.0,0.0,0.0,0.0,0.0,0.0,0.0,0.0,0.0,0.0,0.0,16,0.0,2.161764705882353,0.7132352941176471,0.0,34.59822039698837,0.31875,0.0,0.75,0.0,1.0,0.0,16.0,0.0,0.0,0.0,0.0,0.0,0.0,0.0,0.0,0.0,0.0,0.0,0.0,,7
00-0026201,2019,veteran,TE,1.3528913240556655,3.808284907511965,5.15219561090507,3.44265176350944,37.71718985281618,0.2731657141605017,0.037745226670190826,0.13161789886200312,0.0035504815146502914,0.023387715245762063,0.6681911991506626,10.955853929985434,0.05301928241666965,0.01904011495674202,0.001434499089474984,0.00019451303973201393,0.02919659840051175,7.119728400481926,7.148924998882438,veteran,,,0.0,0.0,0.0,0.0,0.0,0.0,0.0,0.0,0.0,0.0,0.0,0.0,0.0,0.0,0.0,0.0,0.0,0.0,0.0,0.0,0.0,0.0,0.0,0.0,0.0,0.0,0.0,0.0,0.0,16,0.0,6.788235294117647,0.7683823529411765,0.0,32.479123887748116,0.31875,0.0,1.0,0.0,1.0,0.0,16.0,0.0,0.0,0.0,0.0,0.0,0.0,0.0,0.0,0.0,0.0,0.0,0.0,,7
00-0027061,2019,veteran,TE,11.115876112609929,5.373435865051174,59.730447374963816,39.06411925821409,479.11877143182215,3.055467345100826,0.07588973243527623,0.2587746075765929,0.008612916645252378,0.23065806121542692,0.6540068085039645,12.264932130296957,0.05115426854113156,0.06251009272537643,0.005375088253009004,0.00032719514953810625,0.791751790689058,85.39297968109253,86.18473147178159,veteran,Jared Cook,TE,14.0,146.0,65.0,43.0,705.0,9.0,0.0,0.0,0.0,0.0,0.0,0.0,0.0,0.0,0.0,0.0,0.0,0.0,0.0,0.0,0.0,0.0,0.0,0.0,0.0,0.0,0.0,0.0,0.0,16,165.1,8.728476821192054,0.9627483443708609,1.0,32.40246406570842,0.9437500000000001,1.0,1.0,0.0,0.0,0.0,0.0,16.0,101.0,68.0,896.0,6.0,0.0,0.0,0.0,0.0,0.0,0.0,0.0,,7
00-0027125,2019,veteran,TE,0.09036212387140097,3.917146274430795,0.35396165687251235,0.23137644386833955,2.5324181667074215,0.01946022897177715,0.001274556707748618,0.004346080837260265,0.00014465264708699043,0.0015901046201543501,0.6536765759113712,10.945012916476696,0.05497835314627373,0.0193171103023481,0.0014573241674278171,0.00019572390256843353,0.0019784375294421086,0.48381372716151405,0.48579216469095615,veteran,,,0.0,0.0,0.0,0.0,0.0,0.0,0.0,0.0,0.0,0.0,0.0,0.0,0.0,0.0,0.0,0.0,0.0,0.0,0.0,0.0,0.0,0.0,0.0,0.0,0.0,0.0,0.0,0.0,0.0,16,0.0,7.203846153846154,0.5480769230769231,0.0,34.90759753593429,0.24375,0.0,0.625,0.0,1.0,0.0,16.0,0.0,0.0,0.0,0.0,0.0,0.0,0.0,0.0,0.0,0.0,0.0,0.0,,7
00-0027656,2019,veteran,TE,9.163346135715003,5.63860124366747,51.668454916998115,33.84625760808963,468.11400573906764,2.8696157701721754,0.07135754157200153,0.24332039691500718,0.008098546902823106,0.2093063116421673,0.6550661842406814,13.83059867827701,0.055539028112646674,0.09771035557498589,0.009013680531389944,0.00040137445303729005,1.0266028872626363,80.60653469680874,81.63313758407138,veteran,,,0.0,0.0,0.0,0.0,0.0,0.0,0.0,0.0,0.0,0.0,0.0,0.0,0.0,0.0,0.0,0.0,0.0,0.0,0.0,0.0,0.0,0.0,0.0,0.0,0.0,0.0,0.0,0.0,0.0,16,109.69999999999999,10.849387755102041,0.7818877551020408,0.8125,30.299794661190965,0.765625,1.0,0.8125,0.0,0.1875,0.0,3.0,13.0,72.0,47.0,682.0,3.0,0.0,0.0,0.0,0.0,0.0,0.0,0.0,,7
00-0027675,2019,veteran,TE,6.199693945917264,2.414229867996059,14.967486296667804,9.956971282411223,117.34404185446121,0.8743282085061037,0.1170763949636183,0.46308738736651517,0.009305079727022417,0.09833059497268111,0.6652400466622063,11.7851140197368,0.05841516679395621,0.006538966666411269,0.00044968653449286916,0.0001233139777044047,0.04625048822453062,21.86433710484178,21.91058759306631,veteran,,,0.0,0.0,0.0,0.0,0.0,0.0,0.0,0.0,0.0,0.0,0.0,0.0,0.0,0.0,0.0,0.0,0.0,0.0,0.0,0.0,0.0,0.0,0.0,0.0,0.0,0.0,0.0,0.0,0.0,16,39.2,4.088288288288288,0.7246621621621623,0.5625,32.10403832991102,0.69375,1.0,0.875,0.0,0.4375,0.0,7.0,9.0,13.0,12.0,143.0,3.0,1.0,9.0,0.0,0.0,0.0,0.0,0.0,,7
00-0027696,2019,veteran,TE,11.352870503467898,5.127716840661243,58.214305270478626,37.098790032130964,410.75783382194174,3.1541236842761364,0.09400004142886884,0.31008238385436704,0.00972858280320125,0.21138028293645314,0.637279614688528,11.072000824452433,0.054181247540810926,0.038960508855377905,0.0031575597467998367,0.00026530469424051946,0.5021086018282414,78.2165396732482,78.71864827507645,veteran,Jimmy Graham,TE,16.0,81.7,60.0,38.0,447.0,3.0,0.0,0.0,0.0,0.0,0.0,0.0,0.0,0.0,0.0,0.0,0.0,0.0,0.0,0.0,0.0,0.0,0.0,0.0,0.0,0.0,0.0,0.0,0.0,16,104.10000000000001,7.7484375000000005,1.0,1.0,32.76933607118412,1.0,1.0,1.0,0.0,0.0,0.0,0.0,16.0,89.0,55.0,636.0,2.0,0.0,0.0,0.0,0.0,0.0,0.0,0.0,21.1,7
00-0027873,2019,veteran,TE,5.9981543026693025,2.3591475867190037,14.150531247910493,9.397896225266411,99.49923550007072,0.7187142304895413,0.052764598920651974,0.17992076057552556,0.005988387068189232,0.13925035363720772,0.6641373430170073,10.587394573752077,0.05079061823885012,0.004553220690231292,0.0003042882939486364,0.00010577833698860698,0.03131762205778842,18.7365787367698,18.76789635882759,veteran,,,0.0,0.0,0.0,0.0,0.0,0.0,0.0,0.0,0.0,0.0,0.0,0.0,0.0,0.0,0.0,0.0,0.0,0.0,0.0,0.0,0.0,0.0,0.0,0.0,0.0,0.0,0.0,0.0,0.0,16,11.9,3.1995454545454547,0.7522727272727272,0.5,31.208761122518823,0.6875000000000001,1.0,1.0,0.0,0.5,0.0,8.0,8.0,12.0,9.0,94.0,0.0,0.0,0.0,0.0,0.0,0.0,0.0,0.0,,7
00-0027981,2019,veteran,TE,12.292940569557047,5.232597327396145,64.32400797010385,44.47728501661617,444.9389020617054,3.684314987415945,0.07730832740278226,0.26361184107638924,0.008773916556787505,0.18227657445748677,0.6914569912572623,10.00373340898577,0.05727744746764412,0.039000737319678735,0.003161190649611166,0.0002654247797088833,0.5442499413020787,88.55287417350769,89.09712411480977,veteran,Kyle Rudolph,TE,15.0,94.2,48.0,39.0,367.0,6.0,0.0,0.0,0.0,0.0,0.0,0.0,0.0,0.0,0.0,0.0,0.0,0.0,0.0,0.0,0.0,0.0,0.0,0.0,0.0,0.0,0.0,0.0,0.0,16,120.4,8.1503125,1.0,1.0,29.809719370294317,1.0,1.0,1.0,0.0,0.0,0.0,0.0,16.0,82.0,64.0,634.0,4.0,0.0,0.0,0.0,0.0,0.0,0.0,0.0,,7
00-0027985,2019,veteran,TE,10.032698887304633,2.493954535613436,25.02109489443726,16.162510511163195,168.2572493124219,1.2527789402937237,0.06929835488219374,0.2362988248197779,0.007864844625226413,0.17159689402245834,0.6459553660362192,10.410341215011691,0.05006890967717979,0.004691708631124544,0.00031427915683948676,0.00010712885719897458,0.05394968531656733,32.15127899077455,32.20522867609112,veteran,Lance Kendricks,TE,4.0,6.5,7.0,3.0,50.0,0.0,0.0,0.0,0.0,0.0,0.0,0.0,0.0,0.0,0.0,0.0,0.0,0.0,0.0,0.0,0.0,0.0,0.0,0.0,0.0,0.0,0.0,0.0,0.0,16,32.5,2.881118881118881,0.8959790209790209,0.875,31.586584531143053,0.8937500000000002,1.0,1.0,0.0,0.125,0.0,2.0,14.0,25.0,19.0,170.0,1.0,0.0,0.0,0.0,0.0,0.0,0.0,0.0,,7
00-0028042,2019,veteran,TE,7.174414954561655,1.7591850813372532,12.621123755387751,8.376401641848215,89.9663499498797,0.7304738240143392,0.16226699966371508,0.49195630608726654,0.012896770261885798,0.11721562104184202,0.6636811273063118,10.740453215663742,0.05787708275204194,0.0021292681564320844,0.00013422960095424286,7.670575470221287e-05,0.017821419415697707,17.45982377009447,17.477645189510167,veteran,Luke Stocker,TE,12.0,9.3,14.0,8.0,53.0,0.0,0.0,0.0,0.0,0.0,0.0,0.0,0.0,0.0,0.0,0.0,0.0,0.0,0.0,0.0,0.0,0.0,0.0,0.0,0.0,0.0,0.0,0.0,0.0,16,36.0,2.646666666666666,0.6395833333333333,0.75,31.123887748117728,0.5625000000000001,1.0,0.75,0.0,0.25,0.0,4.0,12.0,21.0,15.0,165.0,2.0,1.0,0.0,0.0,0.0,0.0,0.0,0.0,,7
00-0028067,2019,veteran,TE,1.9258856940856113,3.7204062474641217,7.165077168177884,4.666206112148818,48.49602770632252,0.3923386937441885,0.029426962140652647,0.10034230370509181,0.0033397399609571598,0.03307375247043179,0.651242966771209,10.393031627998488,0.05475707860993802,0.014374166866127922,0.001055801351131523,0.00017243624580010197,0.03139721640664235,9.500663154367182,9.532060370773824,veteran,,,0.0,0.0,0.0,0.0,0.0,0.0,0.0,0.0,0.0,0.0,0.0,0.0,0.0,0.0,0.0,0.0,0.0,0.0,0.0,0.0,0.0,0.0,0.0,0.0,0.0,0.0,0.0,0.0,0.0,16,0.0,5.991891891891891,0.7989864864864865,0.0,31.17864476386037,0.346875,0.0,0.875,0.0,1.0,0.0,16.0,0.0,0.0,0.0,0.0,0.0,0.0,0.0,0.0,0.0,0.0,0.0,0.0,,7
00-0028093,2019,veteran,TE,3.8687135910770856,1.4798771219805495,5.725220734930194,3.8134392933124865,39.921398581499304,0.28897656044643,0.1700634526498386,0.4456758948807601,0.008386039201482983,0.06486110453778422,0.6660772518422353,10.46860734128068,0.05047430899621958,0.001264215725373325,7.663029874160174e-05,6.155193639295896e-05,0.005811833201911161,7.597880483106159,7.60369231630807,veteran,,,0.0,0.0,0.0,0.0,0.0,0.0,0.0,0.0,0.0,0.0,0.0,0.0,0.0,0.0,0.0,0.0,0.0,0.0,0.0,0.0,0.0,0.0,0.0,0.0,0.0,0.0,0.0,0.0,0.0,16,14.5,1.8638888888888892,0.5078125,0.375,30.06160164271047,0.44999999999999996,1.0,0.6875,0.0,0.625,0.0,10.0,6.0,13.0,10.0,98.0,0.0,1.0,-3.0,0.0,0.0,0.0,0.0,0.0,,7
00-0028112,2019,veteran,TE,8.078311884806023,3.743305063595076,30.23958578369467,19.533428649826295,203.3595614402744,1.3994690770467526,0.06255176929268733,0.21329380184258673,0.0070991576546993035,0.18464152447446727,0.6459555626703991,10.410848248194402,0.046279373238020775,0.014362129295697244,0.001054839330851612,0.0001723744855312543,0.13158873114522984,38.19412620838462,38.325714939529846,veteran,Charles Clay,TE,15.0,38.7,24.0,18.0,237.0,1.0,0.0,0.0,0.0,0.0,0.0,0.0,0.0,0.0,0.0,0.0,0.0,0.0,0.0,0.0,0.0,0.0,0.0,0.0,0.0,0.0,0.0,0.0,0.0,16,26.9,4.831147540983606,0.7735655737704917,0.6875,30.546201232032853,0.7625000000000001,1.0,0.9375,0.125,0.1875,2.0,5.0,11.0,36.0,21.0,184.0,0.0,0.0,0.0,0.0,0.0,0.0,0.0,0.0,,7
00-0028142,2019,veteran,TE,9.4822959476755,2.1794741629537766,20.666419023440046,13.583159252454962,151.44334105616548,1.0741726758068664,0.07278982441334844,0.24820430437276955,0.008261100285594184,0.1474904902032988,0.6572575169916383,11.149345909994706,0.05197672003981578,0.004104868880241682,0.0002721179831886589,0.00010123718316706487,0.044713958286172424,28.16035583842947,28.205069796715645,veteran,Virgil Green,TE,12.0,18.3,13.0,9.0,78.0,1.0,0.0,0.0,0.0,0.0,0.0,0.0,0.0,0.0,0.0,0.0,0.0,0.0,0.0,0.0,0.0,0.0,0.0,0.0,0.0,0.0,0.0,0.0,0.0,16,36.5,2.8648000000000002,0.7955000000000001,0.875,31.077344284736483,0.78125,1.0,0.875,0.0,0.125,0.0,2.0,14.0,27.0,19.0,210.0,1.0,0.0,0.0,0.0,0.0,0.0,0.0,0.0,,7
00-0028903,2019,veteran,TE,5.841122719707737,2.360628303563554,13.788719616730209,8.913291461916634,108.31114069512134,0.8640258103290368,0.0511134187376645,0.17429044023864407,0.005800990475448669,0.10488464513615832,0.6464190809349628,12.151643549175613,0.0626617869059207,0.006180168463888523,0.00042309789140290705,0.00012039729071050511,0.04121268318556223,20.31438035904891,20.355593042234474,veteran,Garrett Celek,TE,3.0,0.0,0.0,0.0,0.0,0.0,0.0,0.0,0.0,0.0,0.0,0.0,0.0,0.0,0.0,0.0,0.0,0.0,0.0,0.0,0.0,0.0,0.0,0.0,0.0,0.0,0.0,0.0,0.0,16,23.5,4.035514018691589,0.7207943925233644,0.5,31.2580424366872,0.6687500000000001,1.0,0.875,0.0625,0.4375,1.0,8.0,8.0,8.0,5.0,90.0,2.0,0.0,0.0,0.0,0.0,0.0,0.0,0.0,,7
00-0029587,2019,veteran,TE,9.239416823026232,2.394526639322744,22.124029714543028,14.953580985990708,158.64099170291183,1.1467046202892701,0.09087225060283606,0.30250562738720704,0.018035144008238514,0.14272274419993344,0.6758977084613618,10.608896414279293,0.051830730435852485,0.005003936265390129,0.00033689273975479826,0.0001100922723892824,0.05293686836986288,30.07413332341045,30.127070191780312,veteran,Rhett Ellison,TE,10.0,31.700000000000003,28.0,18.0,167.0,1.0,0.0,0.0,0.0,0.0,0.0,0.0,0.0,0.0,0.0,0.0,0.0,0.0,0.0,0.0,0.0,0.0,0.0,0.0,0.0,0.0,0.0,0.0,0.0,16,47.7,3.302307692307692,0.816826923076923,0.8125,30.910335386721425,0.8125000000000001,1.0,0.875,0.0625,0.125,1.0,3.0,13.0,34.0,25.0,272.0,1.0,0.0,0.0,0.0,0.0,0.0,0.0,0.0,,7
00-0029689,2019,veteran,TE,3.52841962029823,2.037711427601539,7.189900981655186,4.637332477318539,49.98433210957905,0.4029160399931024,0.03841752887350519,0.13099902502334532,0.004360101996489169,0.05856188755876399,0.6449786289339104,10.77868200178773,0.05603916396361096,0.002961118517234461,0.00019141524613678688,8.817528481671763e-05,0.012083397449323737,9.656732428939529,9.668815826388853,veteran,,,0.0,0.0,0.0,0.0,0.0,0.0,0.0,0.0,0.0,0.0,0.0,0.0,0.0,0.0,0.0,0.0,0.0,0.0,0.0,0.0,0.0,0.0,0.0,0.0,0.0,0.0,0.0,0.0,0.0,16,4.2,2.861392405063291,0.6439873417721519,0.25,29.516769336071185,0.49375,1.0,0.875,0.125,0.625,2.0,12.0,4.0,4.0,3.0,27.0,0.0,0.0,0.0,0.0,0.0,0.0,0.0,0.0,,7
00-0029697,2019,veteran,TE,2.0791427246717333,3.3630523438860207,6.99226581348084,4.595160079878367,53.047104690019246,0.37669620037971663,0.043543745624066814,0.14626668687215955,0.008641997064873414,0.03562726333767979,0.6571775447980055,11.544125507684901,0.05387326661029673,0.014905175029592616,0.001098319326476832,0.00017513248357136081,0.03514358103639445,9.857691835620505,9.892835416656899,veteran,,,0.0,0.0,0.0,0.0,0.0,0.0,0.0,0.0,0.0,0.0,0.0,0.0,0.0,0.0,0.0,0.0,0.0,0.0,0.0,0.0,0.0,0.0,0.0,0.0,0.0,0.0,0.0,0.0,0.0,16,0.0,5.744736842105263,0.819078947368421,0.0,30.94592744695414,0.35624999999999996,0.0,1.0,0.0,1.0,0.0,16.0,0.0,0.0,0.0,0.0,0.0,0.0,0.0,0.0,0.0,0.0,0.0,0.0,,7
00-0029738,2019,veteran,TE,6.319547905446623,2.0611346449297425,13.025439128209223,8.795928644413431,95.23536731687096,0.8338259114193378,0.05226438871051994,0.1782151055853315,0.005931616953093019,0.10030176736284518,0.6752884534513749,10.82721008399243,0.06401518622228398,0.003503408088626524,0.0002294154529605733,9.467356810518409e-05,0.02551124646429617,18.77726419996124,18.80277544642554,veteran,Darren Fells,TE,15.0,93.1,48.0,34.0,341.0,7.0,0.0,0.0,0.0,0.0,0.0,0.0,0.0,0.0,0.0,0.0,0.0,0.0,0.0,0.0,0.0,0.0,0.0,0.0,0.0,0.0,0.0,0.0,0.0,16,35.2,3.3375565610859734,0.7123868778280544,0.625,33.360711841204655,0.6906249999999999,1.0,0.875,0.0,0.375,0.0,6.0,10.0,12.0,11.0,117.0,3.0,0.0,0.0,0.0,0.0,0.0,0.0,0.0,,7
00-0029793,2019,veteran,TE,0.8398554563409846,1.3266883757574797,1.1142264712440777,0.7365891106791134,7.99277299088505,0.058747328472786166,0.012037331842659598,0.04104581376024883,0.0013661470724052364,0.014778958087463719,0.6610766569355354,10.85106048271057,0.052724764658653694,0.0010206473063795053,6.0884825512567845e-05,5.623694866819158e-05,0.0010283597050091016,1.5027993729003077,1.5038277326053169,veteran,,,0.0,0.0,0.0,0.0,0.0,0.0,0.0,0.0,0.0,0.0,0.0,0.0,0.0,0.0,0.0,0.0,0.0,0.0,0.0,0.0,0.0,0.0,0.0,0.0,0.0,0.0,0.0,0.0,0.0,16,0.0,1.6076923076923075,0.5673076923076923,0.0,31.887748117727583,0.24375,0.0,0.625,0.0,1.0,0.0,16.0,0.0,0.0,0.0,0.0,0.0,0.0,0.0,0.0,0.0,0.0,0.0,0.0,,7
00-0030061,2019,veteran,TE,12.327234345010776,7.836719411579386,96.60507668263405,67.44085248549624,694.6717904429793,5.25131253187222,0.08198558510215292,0.27956071171869273,0.009304750299381104,0.2322044916661381,0.698108782699404,10.30045980798322,0.05435855663283384,0.1254126879906534,0.012146290521408051,0.0004517816130848322,1.7817252848530005,134.31485606791526,136.09658135276825,veteran,Zach Ertz,TE,15.0,172.6,135.0,88.0,916.0,6.0,0.0,0.0,0.0,0.0,0.0,0.0,0.0,0.0,0.0,1.0,1.0,0.0,0.0,1.0,1.0,0.0,0.0,0.0,0.0,0.0,0.0,0.0,0.0,16,227.3,13.041390728476822,0.9478476821192054,1.0,28.80766598220397,0.94375,1.0,1.0,0.0,0.0,0.0,0.0,16.0,156.0,116.0,1163.0,8.0,0.0,0.0,0.0,0.0,0.0,0.0,0.0,5.0,7
00-0030089,2019,veteran,TE,7.533262706652213,1.9607626164066638,14.77093989477414,9.767850652704853,98.43719977512316,0.8352479632153071,0.06164004972247222,0.21018495079737412,0.0069956843071182565,0.11931459567863832,0.6612883623039217,10.077672486512121,0.05654670380933662,0.002379402504614182,0.00015126719449743637,8.039054046874282e-05,0.020845173545657646,19.563496492721757,19.584341666267417,veteran,Luke Willson,TE,7.0,11.9,10.0,8.0,79.0,0.0,0.0,0.0,0.0,0.0,0.0,0.0,0.0,0.0,0.0,0.0,0.0,0.0,0.0,0.0,0.0,0.0,0.0,0.0,0.0,0.0,0.0,0.0,0.0,16,15.200000000000001,2.4339285714285714,0.7187500000000001,0.625,29.626283367556468,0.7,1.0,0.875,0.0625,0.3125,1.0,6.0,10.0,19.0,13.0,87.0,0.0,0.0,0.0,0.0,0.0,0.0,0.0,0.0,,7
00-0030108,2019,veteran,TE,9.129857883684394,3.2194197587323736,29.39284486515207,18.488378796660868,205.45365398514375,1.3580175872943125,0.0801319681629454,0.27324010706443536,0.009094378649919323,0.1624873297570284,0.6290095049145973,11.112583544764354,0.04620231874541575,0.01053645215060536,0.0007535083931388047,0.00015103215919301825,0.10927325184714526,37.69457594370259,37.80384919554973,veteran,Ryan Griffin,TE,13.0,82.0,41.0,34.0,320.0,5.0,0.0,0.0,0.0,0.0,0.0,0.0,0.0,0.0,0.0,0.0,1.0,0.0,0.0,1.0,1.0,0.0,0.0,0.0,0.0,0.0,0.0,0.0,0.0,16,42.5,3.90704845814978,0.7827643171806168,0.8125,29.637234770704996,0.709375,1.0,1.0,0.125,0.0625,2.0,3.0,13.0,43.0,24.0,305.0,0.0,0.0,0.0,0.0,0.0,0.0,0.0,0.0,,7
00-0030155,2019,veteran,TE,11.799604863001136,2.4932889999401926,29.419825008561535,18.1159962595345,204.27410632429925,1.6786423671814745,0.08187936413625058,0.27919851135395657,0.009292695014747238,0.17916847431150018,0.615775119473434,11.2758969144073,0.05705820366684604,0.0051181259747412325,0.00034519285905470684,0.00011114959070468084,0.06912461565057093,39.2826020378869,39.351726653537476,veteran,Demetrius Harris,TE,14.0,42.4,27.0,15.0,149.0,3.0,0.0,0.0,0.0,0.0,0.0,0.0,0.0,0.0,0.0,0.0,0.0,0.0,0.0,0.0,0.0,0.0,0.0,0.0,0.0,0.0,0.0,0.0,0.0,16,40.4,2.7129824561403506,0.894078947368421,0.9375,28.093086926762492,0.890625,1.0,0.9375,0.0,0.0625,0.0,1.0,15.0,25.0,12.0,164.0,3.0,0.0,0.0,0.0,0.0,0.0,0.0,0.0,,7
00-0030181,2019,veteran,TE,5.478819946648802,5.145457360328882,28.19103442040077,19.755222034377308,191.4423629344583,1.491912883646039,0.054129128843675385,0.18457363895611614,0.00614325100181789,0.18380404922651214,0.7007625807473461,9.690721906406182,0.0529215374433511,0.035426404378168824,0.002840807621056979,0.0002544897379640035,0.22022990803856538,37.66103338396421,37.88126329200278,veteran,Jack Doyle,TE,16.0,90.3,72.0,43.0,448.0,4.0,0.0,0.0,0.0,0.0,0.0,0.0,0.0,0.0,0.0,0.0,0.0,0.0,0.0,0.0,0.0,0.0,0.0,0.0,0.0,0.0,0.0,0.0,0.0,16,47.5,8.089215686274509,0.7702205882352939,0.375,29.32511978097194,0.6375000000000001,1.0,1.0,0.3125,0.3125,5.0,10.0,6.0,33.0,26.0,245.0,2.0,0.0,0.0,0.0,0.0,0.0,0.0,0.0,,7
00-0030216,2019,veteran,TE,8.706527719013174,2.107849951689174,18.352054031902373,12.14180468281416,129.53134507086978,0.9736291324474224,0.11851302954381612,0.32294205426156536,0.011147855179601594,0.20685392328885685,0.6616046717009115,10.668211888979895,0.053052869763510396,0.0033829110383994158,0.00022092831071070338,9.328249831080999e-05,0.03396301973294013,24.551285133104642,24.585248152837583,veteran,Josh Hill,TE,14.0,53.1,35.0,25.0,226.0,3.0,0.0,0.0,0.0,0.0,0.0,0.0,0.0,0.0,0.0,0.0,0.0,0.0,0.0,0.0,0.0,0.0,0.0,0.0,0.0,0.0,0.0,0.0,0.0,16,32.5,2.5127192982456146,0.7236842105263159,0.75,29.281314168377822,0.7124999999999999,1.0,0.75,0.0,0.25,0.0,4.0,12.0,24.0,16.0,185.0,1.0,0.0,0.0,0.0,0.0,0.0,0.0,0.0,,7
00-0030422,2019,veteran,TE,3.213488213565359,2.218259476876528,7.128350683572381,4.589694970019319,49.49167848144652,0.3888074496144332,0.03720912797598814,0.12687852732206706,0.004222957538729497,0.053875891829193605,0.6438649238450749,10.783217360790799,0.054543816216906696,0.003717293779738385,0.00024453783084585633,9.707672049750154e-05,0.013748118697600724,9.50713384514711,9.52088196384471,veteran,,,0.0,0.0,0.0,0.0,0.0,0.0,0.0,0.0,0.0,0.0,0.0,0.0,0.0,0.0,0.0,0.0,0.0,0.0,0.0,0.0,0.0,0.0,0.0,0.0,0.0,0.0,0.0,0.0,0.0,16,1.9,2.761805555555555,0.6380208333333334,0.1875,28.53388090349076,0.45,1.0,0.8125,0.125,0.6875,2.0,13.0,3.0,4.0,2.0,9.0,0.0,0.0,0.0,0.0,0.0,0.0,0.0,0.0,,7
00-0030443,2019,veteran,TE,8.544625027729861,2.335483482975571,19.95583062048277,13.809302556580871,160.20381124099572,1.0909362082627219,0.06913131773995275,0.23572924881065185,0.007845887159748328,0.13571250410059724,0.69199337372642,11.601151512510675,0.05466754198359346,0.006370948264694428,0.00043721953782911244,0.00012195980619745853,0.062125381126024594,29.269872891604702,29.331998272730726,veteran,Levine Toilolo,TE,3.0,2.0,2.0,2.0,10.0,0.0,0.0,0.0,0.0,0.0,0.0,0.0,0.0,0.0,0.0,0.0,0.0,0.0,0.0,0.0,0.0,0.0,0.0,0.0,0.0,0.0,0.0,0.0,0.0,16,42.8,3.575909090909091,0.6926136363636364,0.6875,28.09034907597536,0.6875,1.0,0.8125,0.0,0.3125,0.0,5.0,11.0,24.0,21.0,263.0,1.0,0.0,0.0,0.0,0.0,0.0,0.0,0.0,,7
00-0030470,2019,veteran,TE,10.76396880950158,3.927810129753619,42.27882572631231,27.76182730968816,329.3941185948409,2.3310284979892892,0.08374022696981254,0.2855438236123646,0.009503889018987358,0.24428799162271056,0.6566366693673455,11.865001353131062,0.05513465565668653,0.024617254225506348,0.0019007954633788247,0.00021727546355169102,0.3003470039059798,60.40349823549364,60.70384523939962,veteran,Vance McDonald,TE,14.0,64.5,55.0,38.0,273.0,3.0,1.0,2.0,0.0,0.0,0.0,0.0,0.0,0.0,0.0,0.0,0.0,0.0,0.0,0.0,0.0,0.0,0.0,0.0,0.0,0.0,0.0,0.0,0.0,16,109.0,6.3337254901960796,0.8272058823529411,0.9375,29.218343600273784,0.796875,1.0,0.9375,0.0625,0.0,1.0,1.0,15.0,72.0,50.0,610.0,4.0,0.0,0.0,0.0,0.0,0.0,0.0,0.0,,7
00-0030472,2019,veteran,TE,9.04523222126759,5.233221036387304,47.33569953934581,31.565298582870874,321.94737967008587,2.3288277701212605,0.07951416717225326,0.2711334820468398,0.009024262861321387,0.22881620958731952,0.6668391698031957,10.199408658367414,0.049198127265142035,0.03725778607825022,0.0030043970689655254,0.0002601612390399995,0.38247496853279617,61.573980385369566,61.95645535390236,veteran,,,0.0,0.0,0.0,0.0,0.0,0.0,0.0,0.0,0.0,0.0,0.0,0.0,0.0,0.0,0.0,0.0,0.0,0.0,0.0,0.0,0.0,0.0,0.0,0.0,0.0,0.0,0.0,0.0,0.0,16,92.8,7.940465116279069,0.7287790697674418,0.8125,29.163586584531142,0.671875,1.0,0.8125,0.125,0.0625,2.0,3.0,13.0,84.0,54.0,558.0,2.0,0.0,0.0,0.0,0.0,0.0,0.0,0.0,,7
00-0030506,2019,veteran,TE,12.136987268174934,8.198617709456203,99.50651875630348,67.340289217173,835.0504849023581,5.7286059859419955,0.20084865486147827,0.6337490632352047,0.01380299117795629,0.26532128000160354,0.676742489425168,12.400458842837953,0.0575701577900805,0.20269312299271872,0.022231074155363652,0.0005750353946268505,2.8787696436081673,151.16237930786232,154.0411489514705,veteran,Travis Kelce,TE,16.0,207.8,136.0,97.0,1229.0,5.0,1.0,4.0,1.0,0.0,0.0,0.0,0.0,0.0,0.0,1.0,2.0,0.0,0.0,2.0,2.0,0.0,0.0,0.0,0.0,0.0,0.0,0.0,0.0,16,249.6,14.285350318471336,0.9820859872611465,1.0,29.905544147843944,0.9812500000000001,1.0,1.0,0.0,0.0,0.0,0.0,16.0,150.0,103.0,1336.0,10.0,0.0,0.0,0.0,0.0,0.0,0.0,0.0,3.9,7
00-0030549,2019,veteran,TE,2.0137105101724977,3.6996374162110137,7.449998748851542,4.97728647073878,56.561235885657226,0.41603427664827985,0.022419995513657053,0.07644941357335357,0.002544501691460702,0.035382644786751044,0.6680922559223323,11.363869895409461,0.05584353644521267,0.019436908404063726,0.001467207120857392,0.0001962446273462673,0.04436246207563309,10.59311914575739,10.637481607833022,veteran,Tyler Eifert,TE,16.0,85.1,63.0,43.0,436.0,3.0,0.0,0.0,0.0,0.0,0.0,0.0,0.0,0.0,0.0,0.0,0.0,0.0,0.0,0.0,0.0,0.0,0.0,0.0,0.0,0.0,0.0,0.0,0.0,16,31.400000000000002,7.996250000000002,0.30625,0.25,28.980150581793293,0.25,1.0,0.5,0.0625,0.6875,1.0,12.0,4.0,19.0,15.0,179.0,1.0,0.0,0.0,0.0,0.0,0.0,0.0,0.0,,7
00-0030710,2019,veteran,TE,12.741958192489633,4.362355228672447,55.58494794453288,37.48355760419211,393.75413623421315,3.424329010279763,0.18330905945057688,0.5933765576729985,0.01456916582888601,0.2806553108104716,0.6743472646874872,10.504716238305413,0.06160532908471612,0.025288648475438758,0.001957841367731725,0.00021981707524185254,0.365248800866808,78.24860851631561,78.61385731718242,veteran,Trey Burton,TE,8.0,15.4,24.0,14.0,84.0,0.0,0.0,0.0,0.0,0.0,0.0,0.0,0.0,0.0,0.0,0.0,0.0,0.0,0.0,0.0,0.0,0.0,0.0,0.0,0.0,0.0,0.0,0.0,0.0,16,121.10000000000001,6.336092715231788,0.9478476821192054,1.0,27.84120465434634,0.94375,1.0,1.0,0.0,0.0,0.0,0.0,16.0,76.0,54.0,569.0,6.0,1.0,2.0,0.0,0.0,0.0,0.0,0.0,,7
00-0031044,2019,veteran,TE,2.8013147636850633,1.9449938084932814,5.4485398710082675,3.490154275177807,38.4514620275059,0.29390021587974574,0.04260331911589416,0.14527205238308655,0.004835157861035198,0.04940504349142913,0.640566896417323,11.017123885031408,0.053941096667676346,0.0027182782787657767,0.00017457175582080408,8.504317662565952e-05,0.00882476414193013,7.2983527010396285,7.307177465181558,veteran,,,0.0,0.0,0.0,0.0,0.0,0.0,0.0,0.0,0.0,0.0,0.0,0.0,0.0,0.0,0.0,0.0,0.0,0.0,0.0,0.0,0.0,0.0,0.0,0.0,0.0,0.0,0.0,0.0,0.0,16,0.0,1.996,0.6275,0.0,26.951403148528406,0.234375,0.0,0.6875,0.0,1.0,0.0,16.0,0.0,0.0,0.0,0.0,0.0,0.0,0.0,0.0,0.0,0.0,0.0,0.0,,7
00-0031260,2019,veteran,TE,5.84277744328303,1.77825490966511,10.389947674598606,6.891144075550964,69.99620967160487,0.5450720411459343,0.06317768458996091,0.2154280956426907,0.007170194356363834,0.09902892149673002,0.6632510857006977,10.157414923299003,0.052461480867562894,0.001883107718861393,0.00011761408712563754,7.282736949961074e-05,0.012884396929472438,13.582131384520567,13.595015781450039,veteran,Logan Thomas,TE,15.0,31.3,28.0,16.0,173.0,1.0,0.0,0.0,0.0,0.0,0.0,0.0,0.0,0.0,0.0,0.0,0.0,0.0,0.0,0.0,0.0,0.0,0.0,0.0,0.0,0.0,0.0,0.0,0.0,16,14.3,1.9728682170542637,0.5043604651162791,0.5625,28.16974674880219,0.403125,1.0,0.5625,0.0,0.4375,0.0,7.0,9.0,17.0,12.0,77.0,0.0,0.0,0.0,0.0,1.0,15.0,0.0,0.0,,7
00-0031273,2019,veteran,TE,12.190293897052378,4.29709126879691,52.382805469092034,33.85048303231778,369.44599529617835,3.502775016775627,0.07975827343484157,0.27196585423054925,0.009051967095145776,0.2678289160994314,0.6462136330649746,10.914053868698426,0.06686879378467817,0.023969361566539775,0.0018459256559863943,0.00021478689284043157,0.33118375710662573,74.43234170222556,74.76352545933219,veteran,Cameron Brate,TE,14.0,73.1,55.0,36.0,311.0,4.0,0.0,0.0,0.0,0.0,0.0,0.0,0.0,0.0,0.0,0.0,0.0,0.0,0.0,0.0,0.0,0.0,0.0,0.0,0.0,0.0,0.0,0.0,0.0,16,77.9,6.532679738562091,0.9571078431372549,0.9375,28.164271047227928,0.95625,1.0,1.0,0.0,0.0625,0.0,1.0,15.0,49.0,30.0,289.0,6.0,0.0,0.0,0.0,0.0,0.0,0.0,0.0,,7
00-0031299,2019,veteran,TE,9.051121687044905,3.7921900238291055,34.32357336607495,22.694307655478703,265.19973394132364,1.7789121112935804,0.07318591196529552,0.24955491396819135,0.008306053258277962,0.1795973510092941,0.6611872083781787,11.685738025909812,0.05182770722385909,0.02183950535614883,0.0016668189147915583,0.00020633721645431274,0.22403705831483003,48.25619699856109,48.480234056875915,veteran,Jordan Matthews,TE,2.0,5.300000000000001,12.0,4.0,33.0,0.0,0.0,0.0,0.0,0.0,0.0,0.0,0.0,0.0,0.0,0.0,0.0,0.0,0.0,0.0,0.0,0.0,0.0,0.0,0.0,0.0,0.0,0.0,0.0,16,52.0,5.595964125560539,0.7059977578475337,0.6875,27.12662559890486,0.696875,1.0,0.875,0.0,0.3125,0.0,5.0,11.0,28.0,20.0,300.0,2.0,0.0,0.0,0.0,0.0,0.0,0.0,0.0,,7
00-0031302,2019,veteran,TE,2.472394005736735,4.131311909628463,10.214230801194198,6.612036404044463,70.3904747388889,0.5293261765246338,0.039356929324329874,0.13420226445005903,0.004466716916845701,0.04360407297489423,0.6473357155069783,10.645808709678658,0.05182242175913506,0.020176102767299704,0.0015283376573425138,0.0001994193044162793,0.056537341020867174,13.474035117055218,13.530572458076085,veteran,,,0.0,0.0,0.0,0.0,0.0,0.0,0.0,0.0,0.0,0.0,0.0,0.0,0.0,0.0,0.0,0.0,0.0,0.0,0.0,0.0,0.0,0.0,0.0,0.0,0.0,0.0,0.0,0.0,0.0,16,0.0,5.852,0.6875,0.0,27.860369609856264,0.234375,0.0,0.9375,0.0,1.0,0.0,16.0,0.0,0.0,0.0,0.0,0.0,0.0,0.0,0.0,0.0,0.0,0.0,0.0,,7
00-0031384,2019,veteran,TE,2.8885387336264934,2.2097446883907264,6.382933123842019,4.175066055038387,45.47007696147762,0.34311610627739225,0.036497299369662506,0.12445127975704488,0.004142170319493776,0.04902901701482542,0.6540983547898006,10.890864087432876,0.053755240673877464,0.003945705824086949,0.0002607650247670501,9.955709920017628e-05,0.013102317990487248,8.632477477194326,8.645579795184814,veteran,,,0.0,0.0,0.0,0.0,0.0,0.0,0.0,0.0,0.0,0.0,0.0,0.0,0.0,0.0,0.0,0.0,0.0,0.0,0.0,0.0,0.0,0.0,0.0,0.0,0.0,0.0,0.0,0.0,0.0,16,1.2,2.7047244094488185,0.6491141732283465,0.125,27.60848733744011,0.396875,1.0,0.9375,0.0,0.875,0.0,14.0,2.0,1.0,1.0,7.0,0.0,0.0,0.0,0.0,0.0,0.0,0.0,0.0,,7
00-0031387,2019,veteran,TE,13.61246803472623,6.293521736471343,85.67036346357088,54.48677698030778,602.8780614723223,5.62985724886625,0.4231253442162506,0.741589915047548,0.08462506884325012,0.3499895709669409,0.636004970417534,11.064667335530054,0.06571534217034344,0.06720114019269269,0.005837961962178372,0.00033803922380737703,1.0431800749244595,121.192268393214,122.23544846813846,veteran,Eric Ebron,TE,11.0,71.0,52.0,31.0,375.0,3.0,0.0,0.0,0.0,0.0,0.0,0.0,0.0,0.0,0.0,0.0,0.0,0.0,0.0,0.0,0.0,0.0,0.0,0.0,0.0,0.0,0.0,0.0,0.0,16,190.2,9.867202572347267,0.9764871382636656,1.0,26.392881587953458,0.971875,1.0,1.0,0.0,0.0,0.0,0.0,16.0,110.0,66.0,750.0,13.0,3.0,-8.0,1.0,1.0,0.0,0.0,0.0,,7
00-0031418,2019,veteran,TE,5.098364521012503,3.7123665399843997,18.926997856450406,12.339629441735399,117.98575311317684,0.997201038147487,0.052207491285213944,0.17802109239760236,0.005925159521161658,0.10558406592512097,0.6519591503799953,9.561531298024438,0.05268669895303213,0.011382751296296892,0.0008193701857334397,0.00015608702537161124,0.06589116429201734,23.79378119558679,23.859672359878807,veteran,,,0.0,0.0,0.0,0.0,0.0,0.0,0.0,0.0,0.0,0.0,0.0,0.0,0.0,0.0,0.0,0.0,0.0,0.0,0.0,0.0,0.0,0.0,0.0,0.0,0.0,0.0,0.0,0.0,0.0,16,20.5,4.80875,0.5984375,0.3125,26.921286789869953,0.5,1.0,0.8125,0.0,0.6875,0.0,11.0,5.0,19.0,11.0,90.0,1.0,0.0,0.0,0.0,0.0,0.0,0.0,0.0,,7
00-0031558,2019,veteran,TE,8.569451294931497,2.3498840073767773,20.137216549953738,13.936553748219765,139.7089334988961,1.1013950417221285,0.5465809052687012,1.700636266358452,0.0038111786580054367,0.1755316817369019,0.6920794496919577,10.024639952093057,0.054694502539113767,0.004342281974021876,0.0002891189314181704,0.0001036753303564166,0.042704241175035934,27.38940780944234,27.432112050617373,veteran,Maxx Williams,TE,13.0,33.7,19.0,15.0,202.0,1.0,0.0,0.0,0.0,0.0,0.0,0.0,0.0,0.0,0.0,0.0,0.0,0.0,0.0,0.0,0.0,0.0,0.0,0.0,0.0,0.0,0.0,0.0,0.0,16,29.1,2.524431818181818,0.6079545454545454,0.625,25.388090349075977,0.55,1.0,0.625,0.0,0.375,0.0,6.0,10.0,17.0,16.0,143.0,1.0,3.0,8.0,0.0,0.0,0.0,0.0,0.0,,7
00-0031598,2019,veteran,TE,10.132853883264634,2.8489123031006947,28.867612093554264,19.094996554123245,188.11214048115363,1.315817082177455,0.08672078052659798,0.2957071428423537,0.009842159540143797,0.15937113904127717,0.6614678239488638,9.851383840157538,0.0455810850552221,0.006200079703705153,0.00042457000857509244,0.00012056163953178446,0.07172092744700552,36.02349621168426,36.095217139131265,veteran,Nick Boyle,TE,15.0,59.599999999999994,43.0,31.0,321.0,2.0,0.0,0.0,0.0,0.0,0.0,0.0,0.0,0.0,0.0,0.0,0.0,0.0,0.0,0.0,0.0,0.0,0.0,0.0,0.0,0.0,0.0,0.0,0.0,16,32.8,2.5675213675213673,0.7964743589743589,0.75,26.535249828884325,0.7312500000000001,1.0,0.9375,0.0,0.25,0.0,4.0,12.0,37.0,23.0,213.0,0.0,0.0,0.0,0.0,0.0,0.0,0.0,0.0,,7
00-0031609,2019,veteran,TE,2.892617156980318,2.706022982981705,7.827488507755938,5.025939160153134,56.166220168169914,0.4337680268333609,0.0327587422913072,0.11170326220830484,0.003717872071811131,0.06771282801900559,0.6420883473892215,11.175268617151069,0.05541599025071169,0.007015081444033036,0.0004851628621682349,0.00012704702478092629,0.02313202737842972,10.63025166050741,10.65338368788584,veteran,,,0.0,0.0,0.0,0.0,0.0,0.0,0.0,0.0,0.0,0.0,0.0,0.0,0.0,0.0,0.0,0.0,0.0,0.0,0.0,0.0,0.0,0.0,0.0,0.0,0.0,0.0,0.0,0.0,0.0,16,12.3,3.9225000000000008,0.50625,0.1875,27.94798083504449,0.375,1.0,0.6875,0.125,0.6875,2.0,13.0,3.0,5.0,3.0,48.0,1.0,0.0,0.0,0.0,0.0,0.0,0.0,0.0,,7
00-0031744,2019,veteran,TE,9.083136284009544,2.825716742034698,25.666370267908604,16.72566389587178,180.17533964213348,1.318264972933752,0.11821564406423146,0.40310073471699054,0.013416590832737775,0.1517348330968921,0.6516567680309807,10.77238791618934,0.051361566094993046,0.007439973452638949,0.0005170006812632315,0.0001302585701235918,0.07698858697917776,34.10729570202609,34.18428428900527,veteran,Matt LaCosse,TE,8.0,25.6,19.0,13.0,131.0,1.0,0.0,0.0,0.0,0.0,0.0,0.0,0.0,0.0,0.0,0.0,0.0,0.0,0.0,0.0,0.0,0.0,0.0,0.0,0.0,0.0,0.0,0.0,0.0,16,43.0,3.1744966442953015,0.7822986577181208,0.8125,26.94318959616701,0.465625,1.0,0.8125,0.0,0.1875,0.0,3.0,13.0,37.0,24.0,250.0,1.0,0.0,0.0,0.0,0.0,0.0,0.0,0.0,,7
00-0031951,2019,veteran,TE,11.54745261988197,2.408283904135105,27.809544278224497,17.962318131019266,184.54455457353615,1.334794724818525,0.08047802860455626,0.2744201303969989,0.009133653920000892,0.1752199739688532,0.6459047998526236,10.273983192338896,0.047997720187874474,0.004112062817466886,0.0002726319782877246,0.0001013122316588843,0.05454595422238146,35.17618686039639,35.230732814618776,veteran,James O'Shaughnessy,TE,5.0,34.300000000000004,20.0,14.0,153.0,2.0,0.0,0.0,0.0,0.0,0.0,0.0,0.0,0.0,0.0,0.0,0.0,0.0,0.0,0.0,0.0,0.0,0.0,0.0,0.0,0.0,0.0,0.0,0.0,16,33.4,1.8793706293706296,0.9012237762237763,0.875,27.630390143737166,0.89375,1.0,1.0,0.125,0.0,2.0,2.0,14.0,38.0,24.0,214.0,0.0,0.0,0.0,0.0,0.0,0.0,0.0,0.0,,7
00-0032098,2019,veteran,TE,1.7519140909391808,1.9913444182427837,3.4886643462326186,2.2994486086767285,24.511497727586004,0.18325978293938908,0.02276726910436334,0.07763357359438641,0.0025839146448849576,0.030577792064082482,0.6591200472352363,10.659728438850268,0.05253007017923346,0.002862937302681754,0.0001845916692234271,8.692741913663363e-05,0.005805282062566225,4.662544035833883,4.668349317896449,veteran,Daniel Brown,TE,11.0,16.7,11.0,7.0,72.0,1.0,0.0,0.0,0.0,0.0,0.0,0.0,0.0,0.0,0.0,0.0,0.0,0.0,0.0,0.0,0.0,0.0,0.0,0.0,0.0,0.0,0.0,0.0,0.0,16,0.0,2.1977528089887644,0.5049157303370788,0.0625,27.266255989048595,0.27812499999999996,1.0,0.625,0.0625,0.875,1.0,15.0,1.0,0.0,0.0,0.0,0.0,0.0,0.0,0.0,0.0,0.0,0.0,0.0,,7
00-0032117,2019,veteran,TE,5.987705100358152,2.4414825988602344,14.618877809631101,9.730522970338669,111.94297195051523,0.8125681462815486,0.05781074754601737,0.19712750368027665,0.0065610871699703826,0.12206434666496133,0.6656135373077732,11.504311977038483,0.05558348300484586,0.006320994796441131,0.00043351839825390986,0.00012155328468277285,0.043197573713794596,20.749918137968077,20.79311571168187,veteran,Nick O'Leary,TE,8.0,23.4,18.0,13.0,109.0,1.0,0.0,0.0,0.0,0.0,0.0,0.0,0.0,0.0,0.0,0.0,0.0,0.0,0.0,0.0,0.0,0.0,0.0,0.0,0.0,0.0,0.0,0.0,0.0,16,18.6,3.155737704918033,0.6547131147540983,0.375,27.000684462696782,0.571875,1.0,0.8125,0.0,0.625,0.0,10.0,6.0,10.0,8.0,86.0,1.0,0.0,0.0,0.0,0.0,0.0,0.0,0.0,,7
00-0032134,2019,veteran,TE,12.758787746938392,3.6706819289402133,46.83345161787057,30.91477849125958,321.68462966644694,2.4630352986930046,0.09689838426879575,0.3304115136438121,0.010997241392023025,0.19546590147200438,0.6601003646603576,10.405529179430985,0.052591368212398994,0.01442411748806295,0.0010597941855254762,0.00017269221595508244,0.20872347372777453,62.11215680120502,62.32088027493279,veteran,C.J. Uzomah,TE,14.0,49.7,40.0,27.0,242.0,2.0,0.0,0.0,0.0,0.0,0.0,0.0,0.0,0.0,0.0,0.0,0.0,0.0,0.0,0.0,0.0,0.0,0.0,0.0,0.0,0.0,0.0,0.0,0.0,16,83.4,4.280514705882354,0.8897058823529411,1.0,26.628336755646817,0.85,1.0,1.0,0.0,0.0,0.0,0.0,16.0,64.0,43.0,439.0,3.0,0.0,0.0,0.0,0.0,0.0,0.0,0.0,,7
00-0032135,2019,veteran,TE,13.440870027279587,3.947886450688857,53.06302866616705,35.92186753967263,395.5670703358639,2.8246133490901544,0.09019663371798252,0.30755937260692034,0.010236642862825978,0.202426966324601,0.67696602404032,11.011873753473253,0.05323128777402647,0.022107602251052707,0.001689254996344988,0.00020742485834598806,0.3367789348673121,74.15264275975208,74.4894216946194,veteran,Jesse James,TE,13.0,22.2,27.0,16.0,142.0,0.0,0.0,0.0,0.0,0.0,0.0,0.0,0.0,0.0,0.0,0.0,0.0,0.0,0.0,0.0,0.0,0.0,0.0,0.0,0.0,0.0,0.0,0.0,0.0,16,70.3,4.873400673400673,0.9299242424242425,0.9375,25.242984257357975,0.928125,1.0,1.0,0.0,0.0625,0.0,1.0,15.0,39.0,30.0,423.0,2.0,0.0,0.0,0.0,0.0,0.0,0.0,0.0,,7
00-0032141,2019,veteran,TE,7.10998669116945,2.7878176382121658,19.821346305095947,13.578350987770122,141.98659480135294,1.0249482084714996,0.07005338328641514,0.2388733783560973,0.007950534698200422,0.11920282522382447,0.6850367668657911,10.456836395615253,0.05170931341873542,0.007578998864371394,0.0005274532498666723,0.00013128667557171743,0.061378752470303735,26.970709120426513,27.032087872896817,veteran,Geoff Swaim,TE,6.0,13.0,17.0,13.0,65.0,0.0,0.0,0.0,0.0,0.0,0.0,0.0,0.0,0.0,0.0,0.0,0.0,0.0,0.0,0.0,0.0,0.0,0.0,0.0,0.0,0.0,0.0,0.0,0.0,16,43.2,3.652083333333334,0.4921875,0.5625,25.95756331279945,0.45,1.0,0.5625,0.375,0.0625,6.0,7.0,9.0,32.0,26.0,242.0,1.0,0.0,0.0,0.0,0.0,0.0,0.0,0.0,,7
00-0032214,2019,veteran,TE,5.587026765465453,3.122775718174727,17.447031519987803,11.55175336179831,120.43496743007081,1.022958279102939,0.0598595391614691,0.20411362985679074,0.006793609684428151,0.09141103419887042,0.6621042295111521,10.42568722323571,0.058632225082588384,0.00935695028112707,0.0006625492888656465,0.00014358907026317064,0.059434524536862404,23.835474051218377,23.894908575755238,veteran,Tyler Kroft,TE,9.0,16.1,14.0,6.0,71.0,1.0,0.0,0.0,0.0,0.0,0.0,0.0,0.0,0.0,0.0,0.0,0.0,0.0,0.0,0.0,0.0,0.0,0.0,0.0,0.0,0.0,0.0,0.0,0.0,16,5.6,4.070786516853933,0.7212078651685392,0.3125,26.87748117727584,0.55625,1.0,1.0,0.3125,0.375,5.0,11.0,5.0,6.0,4.0,36.0,0.0,0.0,0.0,0.0,0.0,0.0,0.0,0.0,,7
00-0032227,2019,veteran,TE,8.751495282830671,3.30084547811881,28.88733363110972,18.57471422001327,197.99836516677266,1.5461454751455013,0.0753933328357077,0.25708194629742603,0.00855657900593514,0.14106757919414042,0.6430054935914733,10.65956454680955,0.0535233017657402,0.010693679539718334,0.0007657076517588385,0.0001519881031814753,0.10629756273761823,38.15897898783398,38.2652765505716,veteran,Jeff Heuerman,TE,8.0,24.4,20.0,14.0,114.0,1.0,0.0,0.0,0.0,0.0,0.0,0.0,0.0,0.0,0.0,0.0,0.0,0.0,0.0,0.0,0.0,0.0,0.0,0.0,0.0,0.0,0.0,0.0,0.0,16,55.6,4.279396984924623,0.640389447236181,0.6875,26.767967145790553,0.6218750000000001,1.0,0.6875,0.0,0.3125,0.0,5.0,11.0,48.0,31.0,281.0,2.0,0.0,0.0,0.0,0.0,0.0,0.0,0.0,,7
00-0032319,2019,veteran,TE,3.030013101061069,1.6706980238972886,5.062236900325623,3.235116641207613,35.243834444700106,0.2662016485277405,0.04475364755088915,0.15260440656421628,0.005079204044572916,0.05320040907448701,0.6390685985082044,10.894146441515689,0.0525857745832909,0.0017397940166384354,0.00010801639791273606,7.043344377271002e-05,0.006189363829537962,6.6784865030151455,6.6846758668446835,veteran,Ross Travis,TE,3.0,5.1,6.0,4.0,51.0,0.0,0.0,0.0,0.0,0.0,0.0,0.0,0.0,0.0,0.0,1.0,0.0,0.0,0.0,0.0,0.0,0.0,0.0,0.0,0.0,0.0,0.0,0.0,0.0,16,0.0,0.9333333333333332,0.6180555555555556,0.0,26.642026009582477,0.253125,0.0,0.6875,0.0,1.0,0.0,16.0,0.0,0.0,0.0,0.0,0.0,0.0,0.0,0.0,0.0,0.0,0.0,0.0,,7
00-0032392,2019,veteran,TE,14.436652348855745,5.247166439698902,75.7515177065162,54.212942637951606,549.689418203909,3.99502058660603,0.09384034511230337,0.3199839780961004,0.010650176835230047,0.21536852937775328,0.7156680721301003,10.13944994417441,0.052738489043664086,0.0447632304823424,0.0036870423515104715,0.00028200847838507086,0.734216536145426,105.71069905906838,106.4449155952138,veteran,Austin Hooper,TE,13.0,156.2,97.0,75.0,787.0,6.0,0.0,0.0,0.0,0.0,0.0,0.0,0.0,0.0,0.0,0.0,2.0,0.0,0.0,2.0,2.0,0.0,0.0,0.0,0.0,0.0,0.0,0.0,0.0,16,127.5,6.8903536977491955,0.9764871382636656,1.0,24.840520191649556,0.971875,1.0,1.0,0.0,0.0,0.0,0.0,16.0,88.0,71.0,660.0,4.0,0.0,0.0,0.0,0.0,0.0,0.0,0.0,15.8,7
00-0032394,2019,veteran,TE,11.661099224447003,3.2029484226182037,37.34989936693689,24.849200012100457,256.9623754707194,2.1042769207660057,0.10422420112062636,0.35539164363211145,0.011828666775648079,0.18340762506630698,0.6653083524529553,10.34087114859191,0.05633956065297372,0.009942946307848918,0.0007076139884918501,0.00014734923324646271,0.13175952693685683,50.48619499260269,50.617954519539545,veteran,Nick Vannett,TE,14.0,25.1,22.0,17.0,166.0,0.0,0.0,0.0,0.0,0.0,0.0,0.0,0.0,0.0,0.0,0.0,0.0,0.0,0.0,0.0,0.0,0.0,0.0,0.0,0.0,0.0,0.0,0.0,0.0,16,59.4,3.4782051282051283,0.8285256410256411,0.9375,26.48870636550308,0.73125,1.0,0.9375,0.0,0.0625,0.0,1.0,15.0,43.0,29.0,269.0,3.0,0.0,0.0,0.0,0.0,0.0,0.0,0.0,,7
00-0032725,2019,veteran,TE,3.8010542038092474,3.19999362620844,12.163349225062388,7.645846377140794,86.63085928016896,0.6272069998313056,0.058078980748216255,0.1980421457459504,0.006591529630865847,0.06527652510715043,0.6285971269645575,11.330447279083973,0.051565320392096894,0.010912762986948583,0.000782734514134963,0.00015330702528896557,0.04710828472574003,16.178051457720617,16.22515974244636,veteran,,,0.0,0.0,0.0,0.0,0.0,0.0,0.0,0.0,0.0,0.0,0.0,0.0,0.0,0.0,0.0,0.0,0.0,0.0,0.0,0.0,0.0,0.0,0.0,0.0,0.0,0.0,0.0,0.0,0.0,16,0.0,3.4108108108108115,0.7989864864864865,0.0,26.584531143052704,0.346875,0.0,0.875,0.0,1.0,0.0,16.0,0.0,0.0,0.0,0.0,0.0,0.0,0.0,0.0,0.0,0.0,0.0,0.0,,7
00-0033080,2019,veteran,TE,6.989981900170086,2.7935530172441903,19.526885027702424,12.612065399509385,144.1050930127057,1.0515920953533229,0.0675015774160284,0.230172035743193,0.007660923830547787,0.14114823184501693,0.645882094436306,11.425970960974517,0.05385355082807366,0.008273910378915065,0.0005799494177248978,0.0001362717667116319,0.06582031205724956,26.812780856012772,26.87860116807002,veteran,Seth DeValve,TE,7.0,20.0,18.0,12.0,140.0,0.0,0.0,0.0,0.0,0.0,0.0,0.0,0.0,0.0,0.0,0.0,0.0,0.0,0.0,0.0,0.0,0.0,0.0,0.0,0.0,0.0,0.0,0.0,0.0,16,15.9,3.1675126903553306,0.7192258883248731,0.4375,26.587268993839835,0.615625,1.0,1.0,0.125,0.4375,2.0,9.0,7.0,7.0,5.0,74.0,1.0,0.0,0.0,0.0,0.0,0.0,0.0,0.0,,7
00-0033090,2019,veteran,TE,4.73904935291641,5.207989171251914,24.680917712017056,16.502137870472133,192.59352839346857,1.4636359406198316,0.07089515517368566,0.2417437164480548,0.008046069507280968,0.09146605928589976,0.6686192978325639,11.670822890050088,0.05930233055747324,0.053385708667555286,0.0044945539095186384,0.0003049013205184476,0.28783726212220284,36.1817560884186,36.469593350540805,veteran,Hunter Henry,TE,12.0,123.7,76.0,55.0,652.0,5.0,0.0,0.0,0.0,0.0,0.0,0.0,0.0,0.0,0.0,1.0,1.0,0.0,0.0,1.0,1.0,0.0,0.0,0.0,0.0,0.0,0.0,0.0,0.0,16,0.0,8.664864864864866,0.7719594594594594,0.0,24.733744010951405,0.346875,0.0,0.8125,0.0,1.0,0.0,16.0,0.0,0.0,0.0,0.0,0.0,0.0,0.0,0.0,0.0,0.0,0.0,0.0,5.6,7
00-0033110,2019,veteran,TE,11.753725841422373,3.1507198044921845,37.032696785141034,23.76204985795226,266.6156929313495,1.9333998201200338,0.08365544188317649,0.2852547169464358,0.00949426654621636,0.17982120833611429,0.6416505391388758,11.220231189024432,0.05220791322158826,0.010770850497584174,0.000771701544752474,0.00015245440735110413,0.143786991024829,49.86884179713099,50.01262878815582,veteran,Tyler Higbee,TE,14.0,129.9,89.0,69.0,734.0,3.0,0.0,0.0,0.0,0.0,0.0,0.0,0.0,0.0,0.0,0.0,4.0,0.0,0.0,4.0,4.0,0.0,0.0,0.0,0.0,0.0,0.0,0.0,0.0,16,53.2,3.405839416058394,0.8585766423357664,0.875,26.663928815879533,0.8562500000000002,1.0,0.875,0.0,0.125,0.0,2.0,14.0,34.0,24.0,292.0,2.0,0.0,0.0,0.0,0.0,0.0,0.0,0.0,,7
00-0033288,2019,veteran,TE,13.175299266782023,7.257904470335853,95.62506344638993,62.60859865145332,852.2064034197572,4.550318041708741,0.2339760829668794,0.9494884930842024,0.018596115014472243,0.20268123215956008,0.6547300090059908,13.61165114338452,0.047584993700524714,0.17553819912674554,0.01844838016556391,0.0005336431155482709,2.6914245162478654,143.62801099303095,146.31943550927883,veteran,George Kittle,TE,14.0,183.0,107.0,85.0,1053.0,5.0,5.0,22.0,0.0,0.0,0.0,0.0,0.0,0.0,0.0,0.0,3.0,0.0,0.0,3.0,3.0,0.0,0.0,0.0,0.0,0.0,0.0,0.0,0.0,16,222.2,11.12857142857143,0.9788533834586466,1.0,25.894592744695416,0.83125,1.0,1.0,0.0,0.0,0.0,0.0,16.0,136.0,88.0,1377.0,5.0,1.0,10.0,0.0,0.0,0.0,0.0,0.0,4.4,7
00-0033455,2019,veteran,TE,7.300204723358867,3.1640219110894425,23.0980077001461,15.92322984375001,177.5845995051297,1.2514050387328648,0.0958753979830472,0.3269232568512797,0.010881140104989195,0.1264793868937673,0.6893767657566974,11.152548901681088,0.054178050980775695,0.013065327541075986,0.0009516899382082362,0.00016554334736508693,0.10821786355342541,33.07352549731269,33.181743360866115,veteran,Anthony Firkser,TE,10.0,33.4,24.0,14.0,204.0,1.0,0.0,0.0,0.0,0.0,0.0,0.0,0.0,0.0,0.0,0.0,0.0,0.0,0.0,0.0,0.0,0.0,0.0,0.0,0.0,0.0,0.0,0.0,0.0,16,38.0,4.222222222222222,0.5625,0.5625,24.531143052703626,0.309375,1.0,0.5625,0.0,0.4375,0.0,7.0,9.0,20.0,19.0,225.0,1.0,0.0,0.0,0.0,0.0,0.0,0.0,0.0,,7
00-0033559,2019,veteran,TE,6.609897917540984,2.5637435012525964,16.94608283003877,10.66523217026827,117.23046787374756,1.0106351396176998,0.07008994379324421,0.23899804516547843,0.007954684042093492,0.11243957382475935,0.6293626838270252,10.991834589457303,0.05963827450590761,0.005469028956933323,0.0003707946968302377,0.0001143168635909786,0.0413373413522047,22.96622247133468,23.007559812686885,veteran,,,0.0,0.0,0.0,0.0,0.0,0.0,0.0,0.0,0.0,0.0,0.0,0.0,0.0,0.0,0.0,0.0,0.0,0.0,0.0,0.0,0.0,0.0,0.0,0.0,0.0,0.0,0.0,0.0,0.0,16,32.5,3.20241935483871,0.4637096774193548,0.5,25.319644079397673,0.3875,1.0,0.5,0.25,0.25,4.0,8.0,8.0,20.0,9.0,100.0,3.0,0.0,0.0,0.0,0.0,0.0,0.0,0.0,,7
00-0033611,2019,veteran,TE,12.437368436077225,4.474728755103031,55.65385017872557,33.00102728506397,362.6549031953532,2.7455307036331247,0.12690016512225702,0.4327138781115584,0.014402218974733224,0.19851289134140335,0.5929693485551347,10.989200428905685,0.04933226892328539,0.021549497442437462,0.0016425851989537903,0.00020515242938370928,0.30376630796405485,68.9718471028428,69.27561341080686,veteran,Ricky Seals-Jones,TE,9.0,51.9,22.0,14.0,229.0,4.0,0.0,0.0,0.0,0.0,0.0,0.0,0.0,0.0,0.0,1.0,0.0,0.0,0.0,0.0,0.0,0.0,0.0,0.0,0.0,0.0,0.0,0.0,0.0,16,57.3,4.201408450704225,0.8389084507042253,0.9375,24.465434633812457,0.665625,1.0,0.9375,0.0625,0.0,1.0,1.0,15.0,69.0,34.0,343.0,1.0,0.0,0.0,0.0,0.0,0.0,0.0,0.0,,7
00-0033627,2019,veteran,TE,11.270489953634925,3.1778381157448483,35.815792557780455,23.273420463530982,259.58559907985864,1.8535162973929564,0.1575785600224552,0.5373234128486752,0.017883987187724302,0.3565589572310314,0.6498088915939729,11.153736490372117,0.051751369019762405,0.01123452537753655,0.0008078000986263472,0.00015521735297116591,0.14377381098013528,48.16428627405825,48.308060085038385,veteran,,,0.0,0.0,0.0,0.0,0.0,0.0,0.0,0.0,0.0,0.0,0.0,0.0,0.0,0.0,0.0,0.0,0.0,0.0,0.0,0.0,0.0,0.0,0.0,0.0,0.0,0.0,0.0,0.0,0.0,16,44.9,2.993333333333333,0.9375,0.9375,25.505817932922657,0.515625,1.0,0.9375,0.0625,0.0,1.0,1.0,15.0,35.0,22.0,259.0,1.0,0.0,0.0,0.0,0.0,0.0,0.0,0.0,,7
00-0033658,2019,veteran,TE,9.972115467437842,3.66370790225588,36.53491824026011,24.592200489934385,271.84533884262004,2.0996645040367956,0.13660563037740242,0.4658083150288384,0.015503716641986874,0.16730892857598884,0.6731149725917465,11.05412827753607,0.057470075346249,0.017896752479513157,0.0013406753145025433,0.0001894091647416991,0.20230015590149442,51.88360642765281,52.085906583554305,veteran,Blake Jarwin,TE,15.0,70.0,41.0,31.0,365.0,3.0,0.0,0.0,0.0,0.0,0.0,0.0,0.0,0.0,0.0,0.0,0.0,0.0,0.0,0.0,0.0,0.0,0.0,0.0,0.0,0.0,0.0,0.0,0.0,16,63.2,4.861538461538462,0.8125,0.8125,25.127994524298426,0.446875,1.0,0.8125,0.0,0.1875,0.0,3.0,13.0,36.0,27.0,307.0,3.0,0.0,0.0,0.0,0.0,0.0,0.0,0.0,,7
00-0033858,2019,veteran,TE,11.221061173867145,3.5394571259677408,39.71646493276401,25.897224906257705,287.75243281082925,2.337456251771199,0.10730618458140326,0.3659008262978994,0.012178448831769533,0.17872245347221793,0.6520526172230864,11.111323080076348,0.05885358265717449,0.01511600188033106,0.0011152436508643049,0.00017618810847409508,0.1923429427352501,55.50080911351495,55.6931520562502,veteran,Jonnu Smith,TE,15.0,87.2,44.0,35.0,439.0,3.0,4.0,78.0,0.0,0.0,0.0,0.0,0.0,0.0,0.0,0.0,0.0,0.0,0.0,0.0,0.0,0.0,0.0,0.0,0.0,0.0,0.0,0.0,0.0,16,53.800000000000004,3.759259259259259,0.798611111111111,0.75,24.027378507871322,0.675,1.0,0.875,0.0,0.25,0.0,4.0,12.0,30.0,20.0,258.0,3.0,0.0,0.0,0.0,0.0,0.0,0.0,0.0,,7
00-0033879,2019,veteran,TE,9.23294955965715,4.926190878929796,45.48327190640193,30.366124820700687,410.723576957691,3.017694706181173,0.09188640644642132,0.3133212887537234,0.010428419420634725,0.22517180641000722,0.6676328141737434,13.525715888439588,0.06634735320693633,0.06799400216678327,0.005916870284412373,0.00033983581429678655,0.7160058135595839,74.00514737578564,74.72115318934523,veteran,O.J. Howard,TE,14.0,66.89999999999999,53.0,34.0,459.0,1.0,0.0,0.0,0.0,0.0,0.0,0.0,0.0,0.0,0.0,1.0,0.0,0.0,0.0,0.0,0.0,0.0,0.0,0.0,0.0,0.0,0.0,0.0,0.0,16,103.5,8.870744680851063,0.7027925531914893,0.625,24.78576317590691,0.5875,1.0,0.8125,0.0,0.375,0.0,6.0,10.0,48.0,34.0,565.0,5.0,0.0,0.0,0.0,0.0,0.0,0.0,0.0,6.4,7
00-0033881,2019,veteran,TE,10.096829239138671,6.249412293861817,63.099248776096665,40.63629682071377,471.05642181502895,3.333089062398116,0.495107808613502,2.9288556888156,0.00851114302240738,0.16138228324632184,0.6440060319086978,11.592011543111742,0.052822959497114665,0.07712150794391301,0.006839238983079625,0.00035984945190634435,0.8895313155166812,87.44351282677185,88.33304414228853,veteran,Evan Engram,TE,8.0,89.4,68.0,44.0,467.0,3.0,3.0,7.0,0.0,0.0,0.0,0.0,0.0,0.0,0.0,0.0,2.0,0.0,0.0,2.0,2.0,0.0,0.0,0.0,0.0,0.0,0.0,0.0,0.0,16,103.8,9.437914691943126,0.7941350710900474,0.6875,24.996577686516083,0.659375,1.0,0.9375,0.25,0.0625,4.0,5.0,11.0,64.0,45.0,577.0,3.0,3.0,36.0,0.0,0.0,0.0,0.0,0.0,6.5,7
00-0033885,2019,veteran,TE,14.158912670429821,5.717793541924668,80.95773942765899,51.36979842149737,576.6543531713938,4.319883676259623,0.19699430277753738,0.6407295630540186,0.018530147841327907,0.2185641756620418,0.6345260970064466,11.225552190021325,0.05335973690470595,0.053696144532901474,0.004524077337300748,0.00030568942289251413,0.865019504765816,109.00776207747509,109.8727815822409,veteran,David Njoku,TE,3.0,12.6,10.0,5.0,41.0,1.0,0.0,0.0,0.0,0.0,0.0,0.0,0.0,0.0,0.0,0.0,0.0,0.0,0.0,0.0,0.0,0.0,0.0,0.0,0.0,0.0,0.0,0.0,0.0,16,115.9,6.693869731800766,0.9604885057471264,0.9375,23.143052703627653,0.815625,1.0,1.0,0.0,0.0625,0.0,1.0,15.0,88.0,56.0,639.0,4.0,0.0,0.0,0.0,0.0,0.0,0.0,0.0,7.3,7
00-0033895,2019,veteran,TE,12.709571334733443,3.7576170301348712,47.75770169310837,30.741923688935717,333.83657144649123,2.6493755539358053,0.4199689554541769,1.9445837908998698,0.01613137876946074,0.2478623791894027,0.6437060955421123,10.859326007846473,0.055475357063049804,0.016151737884374944,0.001198737845223172,0.00018125879882908332,0.23274227432217548,64.44639420605976,64.67913648038194,veteran,Gerald Everett,TE,12.0,72.30000000000001,60.0,37.0,408.0,2.0,1.0,0.0,0.0,0.0,0.0,0.0,0.0,0.0,0.0,0.0,1.0,0.0,0.0,1.0,1.0,0.0,0.0,0.0,0.0,0.0,0.0,0.0,0.0,16,70.1,4.149799196787149,0.9164156626506025,0.9375,25.1854893908282,0.778125,1.0,0.9375,0.0,0.0625,0.0,1.0,15.0,50.0,33.0,320.0,3.0,2.0,16.0,0.0,0.0,0.0,0.0,0.0,,7
00-0033953,2019,veteran,TE,10.276971011823928,2.717802759590509,27.93078017616674,17.90922954726702,186.5996903515888,1.4899270168091188,0.14078177373944947,0.4800484477189753,0.01597767765781483,0.1724236963169194,0.6412004761166292,10.419191392857224,0.0533435517164848,0.005833276884802933,0.00039751684384183565,0.00011748416041157306,0.06849108369217018,36.35316942773205,36.42166051142422,veteran,,,0.0,0.0,0.0,0.0,0.0,0.0,0.0,0.0,0.0,0.0,0.0,0.0,0.0,0.0,0.0,0.0,0.0,0.0,0.0,0.0,0.0,0.0,0.0,0.0,0.0,0.0,0.0,0.0,0.0,16,24.400000000000002,1.8769230769230771,0.8125,0.8125,24.583162217659137,0.446875,1.0,0.8125,0.0,0.1875,0.0,3.0,13.0,25.0,14.0,114.0,1.0,0.0,0.0,0.0,0.0,0.0,0.0,0.0,,7
00-0034011,2019,veteran,TE,5.834625534285376,3.0458163617969665,17.771197917284766,11.5882711447176,129.8945951639753,0.9658323005606575,0.0749778033676323,0.255665042171042,0.008509419521281113,0.10274849789992704,0.6520815984749414,11.209143585079685,0.054348182100952346,0.010228099883601158,0.0007296332037961032,0.00014913375339795074,0.0678031167415764,24.44971491766521,24.517518034406788,veteran,Dan Arnold,TE,5.0,28.7,14.0,8.0,127.0,2.0,0.0,0.0,0.0,0.0,0.0,0.0,0.0,0.0,0.0,0.0,0.0,0.0,0.0,0.0,0.0,0.0,0.0,0.0,0.0,0.0,0.0,0.0,0.0,16,27.0,3.8571428571428568,0.4375,0.4375,24.465434633812457,0.24062500000000003,1.0,0.4375,0.0,0.5625,0.0,9.0,7.0,19.0,12.0,150.0,1.0,0.0,0.0,0.0,0.0,0.0,0.0,0.0,,7
00-0034351,2019,veteran,TE,11.736630443960738,3.9133723782894383,45.92980539358686,31.061168952875715,329.5352803169622,2.7097727332208303,0.16409591175568777,0.5595467767094487,0.018623657831233258,0.19381904340116093,0.6762747781468449,10.60923627236679,0.05899813225856153,0.01941674012995238,0.0014655428277678525,0.00019615708613069754,0.25829235164339637,64.52280744531507,64.78109979695846,veteran,Dallas Goedert,TE,15.0,115.7,87.0,58.0,607.0,5.0,0.0,0.0,0.0,0.0,0.0,0.0,0.0,0.0,0.0,2.0,0.0,0.0,0.0,0.0,0.0,0.0,0.0,0.0,0.0,0.0,0.0,0.0,0.0,16,73.9,4.926666666666667,0.9375,0.9375,24.659822039698838,0.515625,1.0,0.9375,0.0,0.0625,0.0,1.0,15.0,44.0,33.0,334.0,4.0,0.0,0.0,0.0,0.0,0.0,0.0,0.0,,7
00-0034364,2019,veteran,TE,9.587834111680522,2.413959615965816,23.14464435017626,15.236283456487213,174.40292394884122,1.164291943430481,0.13269696428926703,0.4524802467823491,0.015060112294851423,0.15958974400611545,0.6583070893621737,11.446552858307777,0.05030502632984352,0.005862399829345692,0.00039965960320834993,0.00011773246496153129,0.06421312071238407,31.860614994145735,31.92482811485812,veteran,Jordan Akins,TE,16.0,71.8,55.0,36.0,418.0,2.0,0.0,0.0,0.0,0.0,0.0,0.0,0.0,0.0,0.0,0.0,0.0,0.0,0.0,0.0,0.0,0.0,0.0,0.0,0.0,0.0,0.0,0.0,0.0,16,31.0,2.2142857142857144,0.875,0.875,27.367556468172484,0.48125000000000007,1.0,0.875,0.0,0.125,0.0,2.0,14.0,25.0,17.0,225.0,0.0,0.0,0.0,0.0,0.0,0.0,0.0,0.0,,7
00-0034365,2019,veteran,TE,8.82374928734328,4.906377552487861,43.29264543220182,29.195209748212122,299.2378280265641,2.2730233890508504,0.11713197378453134,0.3994055530056704,0.013293602366571356,0.15164380376119202,0.674368809222645,10.249552258993072,0.052503684317709444,0.0326430710317086,0.002594506429325883,0.00024556575477629127,0.32670780744529887,57.97594257304519,58.30265038049048,veteran,Ian Thomas,TE,10.0,27.6,30.0,16.0,136.0,1.0,0.0,0.0,0.0,0.0,0.0,0.0,0.0,0.0,0.0,0.0,0.0,0.0,0.0,0.0,0.0,0.0,0.0,0.0,0.0,0.0,0.0,0.0,0.0,16,63.3,6.329999999999999,0.625,0.625,23.236139630390145,0.34375,1.0,0.625,0.0,0.375,0.0,6.0,10.0,49.0,36.0,333.0,2.0,0.0,0.0,0.0,0.0,0.0,0.0,0.0,,7
00-0034383,2019,veteran,TE,7.380145977858035,2.808696607967232,20.728590974312873,13.678298090837544,146.91565714109325,1.0690623235791685,0.09588189316464935,0.3269454046177337,0.010881877259488755,0.1289080122506624,0.6598759224776957,10.740784867051934,0.05157428813680408,0.007513167369794317,0.0005225016100926956,0.00013080119263617917,0.06316314297085257,27.78525848052049,27.848421623491344,veteran,Dalton Schultz,TE,6.0,1.1,2.0,1.0,6.0,0.0,0.0,0.0,0.0,0.0,0.0,0.0,0.0,0.0,0.0,0.0,0.0,0.0,0.0,0.0,0.0,0.0,0.0,0.0,0.0,0.0,0.0,0.0,0.0,16,17.6,2.2,0.5,0.5,23.140314852840522,0.275,1.0,0.5,0.0,0.5,0.0,8.0,8.0,17.0,12.0,116.0,0.0,0.0,0.0,0.0,0.0,0.0,0.0,0.0,,7
00-0034753,2019,veteran,TE,12.878586100374832,4.439390540318641,57.173073306683165,37.795397865696195,486.6054573525228,3.1542176121465517,0.18188293922761267,0.6201983418988113,0.020642352324762546,0.2110111653919017,0.661069900212591,12.87472774017746,0.055169635454560106,0.043837994154666146,0.0036018504899185872,0.0002794233109392637,0.6413486490080035,86.24740195833435,86.88875060734236,veteran,Mark Andrews,TE,15.0,177.2,98.0,64.0,852.0,10.0,0.0,0.0,0.0,0.0,0.0,0.0,0.0,0.0,0.0,1.0,2.0,0.0,0.0,2.0,2.0,0.0,0.0,0.0,0.0,0.0,0.0,0.0,0.0,16,90.2,5.6375,1.0,1.0,23.98631074606434,0.55,1.0,1.0,0.0,0.0,0.0,0.0,16.0,50.0,34.0,552.0,3.0,0.0,0.0,0.0,0.0,0.0,0.0,0.0,17.2,7
00-0034766,2019,veteran,TE,11.655071490234903,5.047705219326314,58.83136519288004,39.18579006115763,457.8883113521703,3.3538333387972803,0.16130781856607174,0.5500397235432619,0.018307230121307687,0.19399896304354633,0.6660697050406035,11.685060085238545,0.05700757287888284,0.04872378352004378,0.004054933467350376,0.00029277767416518367,0.6455946788222914,85.2815756255746,85.9271703043969,veteran,Chris Herndon,TE,1.0,1.2,2.0,1.0,7.0,0.0,0.0,0.0,0.0,0.0,0.0,0.0,0.0,0.0,0.0,0.0,0.0,0.0,0.0,0.0,0.0,0.0,0.0,0.0,0.0,0.0,0.0,0.0,0.0,16,93.69999999999999,6.692857142857142,0.875,0.875,23.520876112251884,0.48125000000000007,1.0,0.875,0.0,0.125,0.0,2.0,14.0,56.0,39.0,502.0,4.0,0.0,0.0,0.0,0.0,0.0,0.0,0.0,,7
00-0034829,2019,veteran,TE,11.419238763662449,3.2128127181257864,36.6878755312097,24.23137652422683,253.25268998804086,1.8067315883798902,0.15804386066570497,0.5389100305306493,0.017936795328255175,0.276958625841278,0.6604736898328617,10.451436373614007,0.049246012809952354,0.01012065607668752,0.0007213297191487692,0.00014846469492379115,0.13131645021865226,47.88894131453688,48.020257764755534,veteran,Mike Gesicki,TE,15.0,110.5,89.0,51.0,570.0,5.0,0.0,0.0,0.0,0.0,0.0,0.0,0.0,0.0,0.0,1.0,0.0,0.0,0.0,0.0,0.0,0.0,0.0,0.0,0.0,0.0,0.0,0.0,0.0,16,29.2,2.085714285714286,0.875,0.875,23.912388774811774,0.48125000000000007,1.0,0.875,0.0,0.125,0.0,2.0,14.0,32.0,22.0,202.0,0.0,0.0,0.0,0.0,0.0,0.0,0.0,0.0,,7
00-0034830,2019,veteran,TE,6.490364949510887,2.714140526746871,17.61576254284491,11.323730836406927,127.18374871304422,0.9455112806658436,0.23839362034950473,0.7227547505343914,0.018947215144905917,0.11244854228598049,0.6428180902680452,11.231611785060782,0.053674161329444525,0.007194234915862233,0.0004985670947535781,0.00012841427139395032,0.05321394470375633,24.014369654853862,24.06758359955762,veteran,Hayden Hurst,TE,16.0,61.9,39.0,30.0,349.0,2.0,0.0,0.0,0.0,0.0,0.0,0.0,0.0,0.0,0.0,0.0,0.0,0.0,0.0,0.0,0.0,0.0,0.0,0.0,0.0,0.0,0.0,0.0,0.0,16,28.799999999999997,3.1999999999999997,0.5625,0.5625,26.02053388090349,0.309375,1.0,0.5625,0.1875,0.25,3.0,7.0,9.0,23.0,13.0,163.0,1.0,1.0,0.0,0.0,0.0,0.0,0.0,0.0,,7
00-0034970,2019,rookie,TE,11.424885632575279,3.304570009208648,37.754334420047044,24.044513743605847,277.6238686979343,2.2500850728510366,0.17049617292600674,1.086913102403293,0.0,0.1404699053185485,0.6368676368676369,11.546245919477693,0.0595980595980596,0.013026704921401748,0.0009486330005262733,0.00016533420473665997,0.16886349796430786,53.112905678305815,53.281769176270124,rookie,Irv Smith,TE,14.0,61.1,47.0,36.0,311.0,2.0,0.0,0.0,0.0,0.0,0.0,0.0,0.0,0.0,0.0,0.0,0.0,0.0,0.0,0.0,0.0,0.0,0.0,0.0,0.0,0.0,0.0,0.0,0.0,16,0.0,,,0.0,21.062286105407257,0.0,0.0,0.0,0.0,1.0,0.0,16.0,0.0,0.0,0.0,0.0,0.0,0.0,0.0,0.0,0.0,0.0,0.0,0.0,,7
00-0034981,2019,rookie,TE,8.056556141025554,2.104061375582507,16.95148859654392,10.795854483869622,124.65159078165458,1.0102758276526522,0.04444227726804329,0.283319517583776,0.0,0.09905601812736337,0.6368676368676369,11.546245919477693,0.0595980595980596,0.0037641070204612517,0.0002478571908241349,9.759204640652532e-05,0.034893564192005275,23.754961201519833,23.789854765711837,rookie,Foster Moreau,TE,11.0,57.9,25.0,21.0,174.0,5.0,0.0,0.0,0.0,0.0,0.0,0.0,0.0,0.0,0.0,0.0,0.0,0.0,0.0,0.0,0.0,0.0,0.0,0.0,0.0,0.0,0.0,0.0,0.0,16,0.0,,,0.0,22.321697467488022,0.0,0.0,0.0,0.0,1.0,0.0,16.0,0.0,0.0,0.0,0.0,0.0,0.0,0.0,0.0,0.0,0.0,0.0,0.0,,7
00-0035229,2019,rookie,TE,16.0,5.156026005940597,82.49641609504955,52.5392975685035,606.6316501625578,4.916626323059086,0.6161718982679322,3.9280958514580675,0.0,0.19672131147540983,0.6368676368676369,11.546245919477693,0.0595980595980596,0.044249933234325495,0.0036397446094835013,0.00028057771605580727,0.8043312892905978,116.43193870105704,117.23626999034764,rookie,T.J. Hockenson,TE,12.0,65.7,59.0,32.0,367.0,2.0,0.0,0.0,0.0,0.0,0.0,0.0,0.0,0.0,0.0,0.0,1.0,0.0,0.0,1.0,1.0,0.0,0.0,0.0,0.0,0.0,0.0,0.0,0.0,16,0.0,,,0.0,22.16290212183436,0.0,0.0,0.0,0.0,1.0,0.0,16.0,0.0,0.0,0.0,0.0,0.0,0.0,0.0,0.0,0.0,0.0,0.0,0.0,18.1,7
00-0035249,2019,rookie,TE,9.981275459896667,2.8249375245307617,28.19647958934013,17.957425324049606,207.34084887213314,1.680455471020964,0.13771487516829162,0.877932329197859,0.0,0.12272059991676229,0.6368676368676369,11.546245919477693,0.0595980595980596,0.008448842331974004,0.0005932279209924556,0.00013748891180960854,0.0959566089704658,39.63788240845017,39.733839017420635,rookie,Josh Oliver,TE,3.0,3.0,6.0,3.0,15.0,0.0,0.0,0.0,0.0,0.0,0.0,0.0,0.0,0.0,0.0,0.0,0.0,0.0,0.0,0.0,0.0,0.0,0.0,0.0,0.0,0.0,0.0,0.0,0.0,16,0.0,,,0.0,22.4476386036961,0.0,0.0,0.0,0.0,1.0,0.0,16.0,0.0,0.0,0.0,0.0,0.0,0.0,0.0,0.0,0.0,0.0,0.0,0.0,,7
00-0035259,2019,rookie,TE,7.7976984048592834,2.075806195357443,16.186510658335752,10.308664792107109,119.02637879113007,0.964684626900121,0.07894805105237704,0.5032938254589037,0.0,0.09587334104335185,0.6368676368676369,11.546245919477693,0.0595980595980596,0.0036278772365923567,0.0002382070342592697,9.608197112391455e-05,0.032573728923343544,22.703660737026475,22.736234465949817,rookie,Trevon Wesco,TE,6.0,5.9,3.0,2.0,47.0,0.0,1.0,2.0,0.0,0.0,0.0,0.0,0.0,0.0,0.0,0.0,0.0,0.0,0.0,0.0,0.0,0.0,0.0,0.0,0.0,0.0,0.0,0.0,0.0,16,0.0,,,0.0,23.969883641341546,0.0,0.0,0.0,0.0,1.0,0.0,16.0,0.0,0.0,0.0,0.0,0.0,0.0,0.0,0.0,0.0,0.0,0.0,0.0,,7
00-0035631,2019,rookie,TE,10.447641976554099,3.0366404299893546,31.72573202405807,20.205091982057773,233.292960850506,1.8907920679618806,0.1973390323013053,1.2580363309208213,0.0,0.1284546144658291,0.6368676368676369,11.546245919477693,0.0595980595980596,0.010313327054457496,0.0007362255415439885,0.00014966165384652376,0.12241490271416545,44.645488888011194,44.767903790725356,rookie,Drew Sample,TE,5.0,5.5,6.0,5.0,30.0,0.0,0.0,0.0,0.0,0.0,0.0,0.0,0.0,0.0,0.0,0.0,0.0,0.0,0.0,0.0,0.0,0.0,0.0,0.0,0.0,0.0,0.0,0.0,0.0,16,0.0,,,0.0,23.37577002053388,0.0,0.0,0.0,0.0,1.0,0.0,16.0,0.0,0.0,0.0,0.0,0.0,0.0,0.0,0.0,0.0,0.0,0.0,0.0,,7
00-0035644,2019,rookie,TE,13.791033210181034,4.213982939938402,58.11517867182682,37.01167650686684,427.34591884043965,3.4635518820354165,0.37286013349792707,2.3769833510492853,0.0,0.16956188373173403,0.6368676368676369,11.546245919477693,0.0595980595980596,0.025480667024186006,0.0019741909147642784,0.0002205372316394223,0.39832679642248303,81.92031599733134,82.31864279375382,rookie,Noah Fant,TE,16.0,93.0,66.0,40.0,562.0,3.0,3.0,-12.0,0.0,0.0,0.0,0.0,0.0,0.0,0.0,1.0,2.0,0.0,0.0,2.0,2.0,0.0,0.0,0.0,0.0,0.0,0.0,0.0,0.0,16,0.0,,,0.0,21.779603011635867,0.0,0.0,0.0,0.0,1.0,0.0,16.0,0.0,0.0,0.0,0.0,0.0,0.0,0.0,0.0,0.0,0.0,0.0,0.0,,7
00-0035660,2019,rookie,TE,9.350164197194475,2.590041602489025,24.21731426083709,15.42322370458024,178.0803337642012,1.4433049386223074,0.1047693374290327,0.6679045261100834,0.0,0.11496103521140748,0.6368676368676369,11.546245919477693,0.0595980595980596,0.006652000219253908,0.00045808924446741393,0.00012421387621443158,0.07094494904525617,34.016343242632274,34.08728819167753,rookie,,,0.0,0.0,0.0,0.0,0.0,0.0,0.0,0.0,0.0,0.0,0.0,0.0,0.0,0.0,0.0,0.0,0.0,0.0,0.0,0.0,0.0,0.0,0.0,0.0,0.0,0.0,0.0,0.0,0.0,16,0.0,,,0.0,22.442162902121833,0.0,0.0,0.0,0.0,1.0,0.0,16.0,0.0,0.0,0.0,0.0,0.0,0.0,0.0,0.0,0.0,0.0,0.0,0.0,,7
00-0035671,2019,rookie,TE,9.467384995903958,2.6641257561052964,25.22230421055257,16.063269278931262,185.47045736533147,1.5032003895409014,0.13465734489736655,0.8584405737207118,0.0,0.11640227453980276,0.6368676368676369,11.546245919477693,0.0595980595980596,0.00718886419611789,0.0004981648303578321,0.000128373566821243,0.07756494634933106,35.45092222153666,35.52848716788599,rookie,Jace Sternberger,TE,3.0,0.0,1.0,0.0,0.0,0.0,0.0,0.0,0.0,0.0,0.0,0.0,0.0,0.0,0.0,0.0,0.0,0.0,0.0,0.0,0.0,0.0,0.0,0.0,0.0,0.0,0.0,0.0,0.0,16,0.0,,,0.0,23.1813826146475,0.0,0.0,0.0,0.0,1.0,0.0,16.0,0.0,0.0,0.0,0.0,0.0,0.0,0.0,0.0,0.0,0.0,0.0,0.0,,7
00-0035689,2019,rookie,TE,8.901953600781695,2.43795156778883,21.702531737409156,13.82164010164866,159.5880556241501,1.2934287799148907,0.09428162270310865,0.6010453447323176,0.0,0.10945024918993887,0.6368676368676369,11.546245919477693,0.0595980595980596,0.005632820790182242,0.00038279284472608424,0.00011575554472844688,0.057315416505826736,30.47140232882204,30.528717745327867,rookie,Dawson Knox,TE,15.0,65.7,50.0,28.0,388.0,2.0,1.0,9.0,0.0,0.0,0.0,0.0,0.0,0.0,0.0,0.0,0.0,0.0,0.0,0.0,0.0,0.0,0.0,0.0,0.0,0.0,0.0,0.0,0.0,16,0.0,,,0.0,22.795345653661876,0.0,0.0,0.0,0.0,1.0,0.0,16.0,0.0,0.0,0.0,0.0,0.0,0.0,0.0,0.0,0.0,0.0,0.0,0.0,,7
00-0021547,2020,veteran,TE,1.5050515352468317,3.460249511939368,5.207853840281445,3.372178859018962,37.1827974228119,0.28217159618815174,0.026282668873506533,0.1167996720638097,0.0028652598572942345,0.030886473883845925,0.6475179531606673,11.026342011298048,0.05418193460147155,0.014152211938272825,0.0008723352475237205,0.0001430155284626596,0.02369966404149303,7.064497327502036,7.088196991543529,veteran,,,0.0,0.0,0.0,0.0,0.0,0.0,0.0,0.0,0.0,0.0,0.0,0.0,0.0,0.0,0.0,0.0,0.0,0.0,0.0,0.0,0.0,0.0,0.0,0.0,0.0,0.0,0.0,0.0,0.0,16,0.0,3.9000000000000004,1.0,0.0,40.205338809034906,0.44999999999999996,0.0,1.0,0.0,1.0,0.0,16.0,0.0,0.0,0.0,0.0,0.0,0.0,0.0,0.0,0.0,0.0,0.0,0.0,,8
00-0022127,2020,veteran,TE,9.297654780941116,4.738780725627921,44.059547269466044,30.635566875254888,286.1856705421939,2.3605792591081607,0.12485670617579589,0.5548607870261071,0.013611513725689604,0.23087793498665085,0.6953218717362041,9.341614983248547,0.05357702031459772,0.025514048213600423,0.0016845648008843742,0.00018749758611585129,0.2642011409723956,57.77522533757925,58.03942647855165,veteran,Jason Witten,TE,10.0,25.400000000000002,17.0,13.0,69.0,2.0,0.0,0.0,0.0,0.0,0.0,0.0,0.0,0.0,0.0,0.0,0.0,0.0,0.0,0.0,0.0,0.0,0.0,0.0,0.0,0.0,0.0,0.0,0.0,16,108.4,6.870089285714286,1.0,1.0,38.32443531827516,0.7000000000000001,1.0,1.0,0.0,0.0,0.0,0.0,16.0,83.0,63.0,529.0,4.0,0.0,0.0,0.0,0.0,0.0,0.0,0.0,,8
00-0022943,2020,veteran,TE,5.429609458742792,3.3879559814873197,18.395277842887772,12.605858222651356,131.73057642123203,0.9289762574308479,0.04345519730191022,0.19311405621548286,0.004737358790281498,0.08330992478004963,0.685276859111166,10.449949070863457,0.050500800551377435,0.013480155784716612,0.0008264410286888712,0.00013987104658655332,0.08144174970881822,24.930960006837104,25.012401756545923,veteran,,,0.0,0.0,0.0,0.0,0.0,0.0,0.0,0.0,0.0,0.0,0.0,0.0,0.0,0.0,0.0,0.0,0.0,0.0,0.0,0.0,0.0,0.0,0.0,0.0,0.0,0.0,0.0,0.0,0.0,16,25.8,4.537333333333334,0.7425,0.5625,39.70431211498973,0.703125,1.0,1.0,0.0,0.4375,0.0,7.0,9.0,24.0,17.0,173.0,0.0,0.0,0.0,0.0,0.0,0.0,0.0,0.0,,8
00-0024221,2020,veteran,TE,2.6476990508760174,3.1825096024834187,8.42632765389916,5.448627320354227,65.86208739727246,0.45601467421782427,0.027282171850137867,0.12124144395764577,0.002974222754858822,0.05335535419160432,0.6466194461157648,12.087831214154434,0.054117842665044026,0.014414917134751655,0.0008903497043441811,0.00014422318151059173,0.04246614867844798,11.969869217753011,12.01233536643146,veteran,,,0.0,0.0,0.0,0.0,0.0,0.0,0.0,0.0,0.0,0.0,0.0,0.0,0.0,0.0,0.0,0.0,0.0,0.0,0.0,0.0,0.0,0.0,0.0,0.0,0.0,0.0,0.0,0.0,0.0,16,23.3,5.508235294117647,0.7198529411764706,0.25,36.58590006844627,0.53125,1.0,1.0,0.4375,0.3125,7.0,12.0,4.0,19.0,10.0,123.0,1.0,0.0,0.0,0.0,0.0,0.0,0.0,0.0,,8
00-0024243,2020,veteran,TE,6.962491483117315,1.7989937539862397,12.52547869031044,8.28175458585078,91.24085182165672,0.7029523845961299,0.06130128239691004,0.27242171316427755,0.006682886905354459,0.10798558736567734,0.6611926610244003,11.017091955071933,0.05612179797486905,0.0026152668841499136,0.0001353441827497667,6.647004773996802e-05,0.020547866769043473,17.334045100685042,17.354592967454085,veteran,Marcedes Lewis,TE,11.0,33.7,17.0,10.0,107.0,3.0,0.0,0.0,0.0,0.0,0.0,0.0,0.0,0.0,0.0,0.0,0.0,0.0,0.0,0.0,0.0,0.0,0.0,0.0,0.0,0.0,0.0,0.0,0.0,16,29.1,2.7614285714285716,0.7446428571428569,0.75,36.28747433264887,0.6562500000000001,1.0,1.0,0.0,0.25,0.0,4.0,12.0,19.0,15.0,156.0,1.0,0.0,0.0,0.0,0.0,0.0,0.0,0.0,,8
00-0024389,2020,veteran,TE,2.806973669426533,4.407920877454503,12.372917839930288,8.170843692479954,87.85308273611297,0.65363940075058,0.06613383944653072,0.29156932025778703,0.011720657430408593,0.058591652169937274,0.660381310066631,10.752020971465733,0.052828234148709324,0.026677210004200133,0.0017711154435055493,0.00019140535070153678,0.08341397723791716,16.77486409662311,16.858278073861026,veteran,,,0.0,0.0,0.0,0.0,0.0,0.0,0.0,0.0,0.0,0.0,0.0,0.0,0.0,0.0,0.0,0.0,0.0,0.0,0.0,0.0,0.0,0.0,0.0,0.0,0.0,0.0,0.0,0.0,0.0,16,44.0,7.8308333333333335,0.609375,0.375,36.054757015742645,0.375,1.0,1.0,0.25,0.375,4.0,10.0,6.0,31.0,21.0,215.0,2.0,0.0,0.0,0.0,0.0,0.0,0.0,0.0,,8
00-0025418,2020,veteran,TE,8.2866123394008,4.184088218216218,34.67191705821202,22.43196627624609,247.94183398996577,1.7604726907456147,0.06788227715216512,0.3016675265543427,0.00740032774760864,0.12678374049006974,0.6469779631332239,11.053058431730932,0.050775175995889966,0.023652315889715964,0.0015472471144824494,0.0001810480216477173,0.21823027779400495,46.394003919754255,46.61223419754826,veteran,Greg Olsen,TE,11.0,41.9,37.0,24.0,239.0,1.0,0.0,0.0,0.0,0.0,0.0,0.0,0.0,0.0,0.0,0.0,0.0,0.0,0.0,0.0,0.0,0.0,0.0,0.0,0.0,0.0,0.0,0.0,0.0,16,98.7,6.939301310043668,0.7611899563318778,0.875,35.47707049965777,0.7156250000000001,1.0,0.875,0.125,0.0,2.0,2.0,14.0,82.0,52.0,597.0,2.0,0.0,0.0,0.0,0.0,0.0,0.0,0.0,,8
00-0027061,2020,veteran,TE,9.897195746763817,5.203920933580447,51.50422413032759,33.95925037901155,448.4709356237417,3.3446619520767213,0.08263037864596649,0.3672078043065831,0.009008122731628938,0.1635505261576173,0.6593488389045568,13.206149447306949,0.06493956580363786,0.07069974149810349,0.005405026861988205,0.0003032094525955499,0.7859729407659664,81.65835892884547,82.44433186961145,veteran,Jared Cook,TE,15.0,108.9,60.0,37.0,504.0,7.0,0.0,0.0,0.0,0.0,0.0,0.0,0.0,0.0,0.0,1.0,0.0,0.0,0.0,0.0,0.0,0.0,0.0,0.0,0.0,0.0,0.0,0.0,0.0,16,146.0,9.798657718120806,0.9354026845637585,0.875,33.40451745379877,0.93125,1.0,1.0,0.125,0.0,2.0,2.0,14.0,65.0,43.0,705.0,9.0,0.0,0.0,0.0,0.0,0.0,0.0,0.0,,8
00-0027656,2020,veteran,TE,2.165849562729097,5.441488613928976,11.78544573507343,7.742840458007956,98.01845768763911,0.6478252886472842,0.032294173057349065,0.14351468037070203,0.0035206164994533197,0.045305804499099565,0.6569832513814305,12.659237681471854,0.05496824670104408,0.07047259689892585,0.005384657129770633,0.00030273679303243547,0.17143794381448485,17.505081287687187,17.676519231501672,veteran,Rob Gronkowski,TE,16.0,127.8,77.0,45.0,623.0,7.0,0.0,0.0,0.0,0.0,0.0,0.0,0.0,0.0,0.0,0.0,1.0,0.0,0.0,1.0,1.0,0.0,0.0,0.0,0.0,0.0,0.0,0.0,0.0,16,0.0,10.687179487179487,0.8125,0.0,31.301848049281315,0.365625,0.0,0.8125,0.0,1.0,0.0,16.0,0.0,0.0,0.0,0.0,0.0,0.0,0.0,0.0,0.0,0.0,0.0,0.0,,8
00-0027696,2020,veteran,TE,11.155506008226471,4.268579038153999,47.618159106716504,30.52128215089914,335.3473603314674,2.545296078620486,0.0958021675336819,0.425742979329455,0.01044407271564173,0.16011057539899015,0.64095888466621,10.987328732570571,0.05345221500302547,0.023950441112050466,0.0015691339274284647,0.00018209789538801353,0.29749880249003635,63.85217116374804,64.14966996623808,veteran,Jimmy Graham,TE,16.0,118.6,76.0,50.0,456.0,8.0,0.0,0.0,0.0,0.0,0.0,0.0,0.0,0.0,0.0,0.0,0.0,0.0,0.0,0.0,0.0,0.0,0.0,0.0,0.0,0.0,0.0,0.0,0.0,16,81.7,6.09625,1.0,1.0,33.77138945927447,1.0,1.0,1.0,0.0,0.0,0.0,0.0,16.0,60.0,38.0,447.0,3.0,0.0,0.0,0.0,0.0,0.0,0.0,0.0,,8
00-0027981,2020,veteran,TE,11.229529018229385,4.1707832002956655,46.8359309764638,33.1827581493378,330.37780812168165,2.9851351159628288,0.09484384575022989,0.4214842158615018,0.01033959927157443,0.16240489010156348,0.7084893469078889,9.956309437414102,0.06373600468116951,0.02260837963593145,0.0014709207368185885,0.00017731696956205665,0.2826404479335113,67.31934681962652,67.60198726756003,veteran,Kyle Rudolph,TE,12.0,51.400000000000006,37.0,28.0,334.0,1.0,0.0,0.0,0.0,0.0,0.0,0.0,0.0,0.0,0.0,1.0,0.0,0.0,0.0,0.0,0.0,0.0,0.0,0.0,0.0,0.0,0.0,0.0,0.0,16,94.2,6.950485436893204,0.966626213592233,0.9375,30.811772758384667,0.9656250000000001,1.0,1.0,0.0,0.0625,0.0,1.0,15.0,48.0,39.0,367.0,6.0,0.0,0.0,0.0,0.0,0.0,0.0,0.0,,8
00-0027985,2020,veteran,TE,3.384205818167377,1.6667956419528553,5.640779509192881,3.6628235488105907,39.84096149922316,0.29573632801409006,0.03440373396398856,0.15288952823261376,0.0037505946729562514,0.054032250187295496,0.6493470526265422,10.87711732992448,0.0524282729952701,0.0019758744200092243,9.946078754225735e-05,5.856341850838768e-05,0.007588040695279047,7.519653912898559,7.527241953593839,veteran,,,0.0,0.0,0.0,0.0,0.0,0.0,0.0,0.0,0.0,0.0,0.0,0.0,0.0,0.0,0.0,0.0,0.0,0.0,0.0,0.0,0.0,0.0,0.0,0.0,0.0,0.0,0.0,0.0,0.0,16,6.5,2.1905882352941184,0.7132352941176472,0.25,32.5886379192334,0.53125,1.0,0.875,0.0,0.75,0.0,12.0,4.0,7.0,3.0,50.0,0.0,0.0,0.0,0.0,0.0,0.0,0.0,0.0,,8
00-0028042,2020,veteran,TE,7.84842831059208,1.3176750003354054,10.341677776791824,6.782158299723195,70.63054510520888,0.5634543217554225,0.11759189863621286,0.5191909862549775,0.010883457251257864,0.12094190702228341,0.6558083171903991,10.414169351973335,0.05448384042866749,0.0009886725637968572,4.650492872408543e-05,4.2845639573514945e-05,0.008979553499607574,13.710195619003498,13.719175172503105,veteran,Luke Stocker,TE,11.0,9.8,11.0,7.0,63.0,0.0,0.0,0.0,0.0,0.0,0.0,0.0,0.0,0.0,0.0,0.0,0.0,0.0,0.0,0.0,0.0,0.0,0.0,0.0,0.0,0.0,0.0,0.0,0.0,16,9.3,1.6041095890410957,0.7200342465753425,0.75,32.12594113620808,0.684375,1.0,0.75,0.0,0.25,0.0,4.0,12.0,14.0,8.0,53.0,0.0,0.0,0.0,0.0,0.0,0.0,0.0,0.0,,8
00-0028112,2020,veteran,TE,10.315387850677475,2.425637914317256,25.021395871490874,16.55685865098566,183.36315917644637,1.2450533169348326,0.08409179554020774,0.37370231271504806,0.009167442136442577,0.1941707258826714,0.6617080332376811,11.074755365235326,0.049759546722708374,0.0058615395066774776,0.00032900547249708665,9.576902538954414e-05,0.06753057127610022,33.78909857707128,33.85662914834738,veteran,,,0.0,0.0,0.0,0.0,0.0,0.0,0.0,0.0,0.0,0.0,0.0,0.0,0.0,0.0,0.0,0.0,0.0,0.0,0.0,0.0,0.0,0.0,0.0,0.0,0.0,0.0,0.0,0.0,0.0,16,38.7,3.211111111111111,0.8583333333333334,0.9375,31.548254620123203,0.84375,1.0,0.9375,0.0,0.0625,0.0,1.0,15.0,24.0,18.0,237.0,1.0,0.0,0.0,0.0,0.0,0.0,0.0,0.0,,8
00-0028142,2020,veteran,TE,8.363373508888067,1.5850437243990458,13.256312695068258,8.790123229700695,94.77817884079458,0.7249914156681045,0.06403846974235113,0.2845857207794629,0.006981287081551625,0.12615022357439895,0.6630896111081388,10.782349275895395,0.054690277179250825,0.0017893929575925204,8.919940362047592e-05,5.599974529842746e-05,0.017021067125059,18.04087384035689,18.05789490748195,veteran,Virgil Green,TE,5.0,12.5,6.0,3.0,50.0,1.0,0.0,0.0,0.0,0.0,0.0,0.0,0.0,0.0,0.0,0.0,0.0,0.0,0.0,0.0,0.0,0.0,0.0,0.0,0.0,0.0,0.0,0.0,0.0,16,18.3,2.0746987951807228,0.7838855421686747,0.75,32.07939767282683,0.7781250000000001,1.0,0.875,0.0625,0.1875,1.0,4.0,12.0,13.0,9.0,78.0,1.0,0.0,0.0,0.0,0.0,0.0,0.0,0.0,,8
00-0029119,2020,veteran,TE,7.683573563809393,1.6101407545161375,12.371634935412303,8.153376049262672,84.32024891607995,0.6770883639800953,0.15975014844248273,0.7519775551972516,0.012810715071586636,0.11934094457528026,0.6590378791346827,10.341758850152043,0.05472909340721105,0.0016462020349681083,8.139193481689674e-05,5.3930296644107594e-05,0.014415540617735917,16.484623256918585,16.499038797536322,veteran,Derek Carrier,TE,6.0,1.9,1.0,1.0,14.0,0.0,0.0,0.0,0.0,0.0,0.0,0.0,0.0,0.0,0.0,0.0,0.0,0.0,0.0,0.0,0.0,0.0,0.0,0.0,0.0,0.0,0.0,0.0,0.0,16,26.0,2.0024038461538463,0.6532451923076924,0.6875,30.105407255304584,0.65,1.0,0.6875,0.0,0.3125,0.0,5.0,11.0,19.0,13.0,108.0,1.0,1.0,27.0,0.0,0.0,0.0,0.0,0.0,,8
00-0029587,2020,veteran,TE,7.137334310121741,2.322992205567525,16.57997197094247,11.050142998272362,115.66341044555256,0.8670317743809406,0.054092460593835795,0.24038584851834527,0.005897002190596404,0.10912203822261599,0.6664753726748447,10.467141507909535,0.05229392280641203,0.004582738125252488,0.00025085964780014483,8.566480025494782e-05,0.03661707444862984,22.134779711527262,22.17139678597589,veteran,,,0.0,0.0,0.0,0.0,0.0,0.0,0.0,0.0,0.0,0.0,0.0,0.0,0.0,0.0,0.0,0.0,0.0,0.0,0.0,0.0,0.0,0.0,0.0,0.0,0.0,0.0,0.0,0.0,0.0,16,31.700000000000003,3.3800000000000003,0.7342391304347826,0.625,31.912388774811774,0.71875,1.0,0.875,0.375,0.0,6.0,6.0,10.0,28.0,18.0,167.0,1.0,0.0,0.0,0.0,0.0,0.0,0.0,0.0,,8
00-0029738,2020,veteran,TE,9.620121332212968,3.349558237506471,32.223156654125674,21.800858349542807,229.150594700796,2.2654285349462917,0.07970064016198919,0.35418810315643817,0.008688731192249464,0.14327300255549366,0.6765587426318007,10.511081308209206,0.07030436400948444,0.012831728983883964,0.0007824268880593612,0.0001367574115108825,0.137364597905741,47.209065046886906,47.34642964479265,veteran,Darren Fells,TE,12.0,65.7,28.0,21.0,312.0,4.0,0.0,0.0,0.0,0.0,0.0,0.0,0.0,0.0,0.0,0.0,0.0,0.0,0.0,0.0,0.0,0.0,0.0,0.0,0.0,0.0,0.0,0.0,0.0,16,93.1,5.123220973782772,0.8574438202247191,0.9375,34.362765229295,0.834375,1.0,0.9375,0.0,0.0625,0.0,1.0,15.0,48.0,34.0,341.0,7.0,0.0,0.0,0.0,0.0,0.0,0.0,0.0,,8
00-0030061,2020,veteran,TE,11.425773602094978,7.5944955433953085,86.77298670095406,58.5471594661223,603.560806658561,4.566922521807693,0.09566823664931517,0.42514779307007866,0.010429471961491731,0.269722296765736,0.6747164260680978,10.308968225995748,0.052630694130037126,0.1043104579331238,0.008592975785870883,0.0003673296214568021,1.3474938207054092,116.5968425473079,117.94433636801331,veteran,Zach Ertz,TE,11.0,59.5,72.0,36.0,335.0,1.0,0.0,0.0,0.0,0.0,0.0,0.0,0.0,0.0,0.0,0.0,0.0,0.0,0.0,0.0,0.0,0.0,0.0,0.0,0.0,0.0,0.0,0.0,0.0,16,172.6,12.414521452145214,0.9486386138613861,0.9375,29.809719370294317,0.946875,1.0,1.0,0.0625,0.0,1.0,1.0,15.0,135.0,88.0,916.0,6.0,0.0,0.0,0.0,0.0,0.0,0.0,0.0,6.0,8
00-0030089,2020,veteran,TE,5.197410731192818,1.4728090235343358,7.654793423914973,5.112801087746893,53.02690012582056,0.41166376398637156,0.03851876063352336,0.17117662715124693,0.00419920287118221,0.0824388831598608,0.667921497629651,10.371399007268721,0.053778559549400605,0.0013635499192957508,6.618379221792039e-05,4.95342247754995e-05,0.008117804933740515,10.206508253996228,10.21462605892997,veteran,Luke Willson,TE,2.0,1.7,3.0,1.0,12.0,0.0,0.0,0.0,0.0,0.0,0.0,0.0,0.0,0.0,0.0,0.0,0.0,0.0,0.0,0.0,0.0,0.0,0.0,0.0,0.0,0.0,0.0,0.0,0.0,16,11.9,2.025139664804469,0.6030027932960894,0.4375,30.628336755646817,0.5593750000000001,1.0,0.875,0.125,0.4375,2.0,9.0,7.0,10.0,8.0,79.0,0.0,0.0,0.0,0.0,0.0,0.0,0.0,0.0,,8
00-0030108,2020,veteran,TE,9.096493462264753,3.2313936317018284,29.39435104477964,19.796451981696094,210.2854721769844,1.7075084758953283,0.07341584382265741,0.3262585897970954,0.008003581036874294,0.13818621983284,0.6734781098428738,10.6223818475864,0.05808968101708023,0.011840978154351431,0.0007157019489191203,0.00013183410780284898,0.11987540371625119,40.97609896945373,41.09597437316998,veteran,Ryan Griffin,TE,10.0,13.1,12.0,9.0,86.0,0.0,0.0,0.0,0.0,0.0,0.0,0.0,0.0,0.0,0.0,0.0,0.0,0.0,0.0,0.0,0.0,0.0,0.0,0.0,0.0,0.0,0.0,0.0,0.0,16,82.0,5.221338912133891,0.7795502092050209,0.8125,30.639288158795345,0.7468750000000001,1.0,0.8125,0.0625,0.125,1.0,3.0,13.0,41.0,34.0,320.0,5.0,0.0,0.0,0.0,0.0,0.0,0.0,0.0,,8
00-0030155,2020,veteran,TE,10.820153080794395,2.37817531751504,25.73222098847955,16.115966548743305,177.34508537579435,1.5559586851238945,0.08742179527534504,0.38850076712272325,0.009530468989301771,0.15934509375366893,0.6262952022663922,11.004309598149632,0.06046732949404194,0.004722916340306524,0.0002593231333454924,8.684146954312917e-05,0.05719082777862165,34.9055866258352,34.96277745361382,veteran,Demetrius Harris,TE,11.0,8.0,14.0,7.0,45.0,0.0,0.0,0.0,0.0,0.0,0.0,0.0,0.0,0.0,0.0,0.0,0.0,0.0,0.0,0.0,0.0,0.0,0.0,0.0,0.0,0.0,0.0,0.0,0.0,16,42.4,2.9010600706713783,0.8862632508833922,0.875,29.09514031485284,0.884375,1.0,0.9375,0.0,0.125,0.0,2.0,14.0,27.0,15.0,149.0,3.0,0.0,0.0,0.0,0.0,0.0,0.0,0.0,,8
00-0030181,2020,veteran,TE,11.062694120590645,4.552579556957366,50.36379509827342,33.21675171246014,335.65487759912224,2.7127878754407293,0.10740592549634845,0.47730985525328706,0.01170908054434444,0.25419276559511944,0.6595363126953647,10.104988004387337,0.053863849420945034,0.02455193431194633,0.00161341201499106,0.0001841958623437308,0.3024589697471685,66.06019080638782,66.36264977613499,veteran,Jack Doyle,TE,13.0,52.6,33.0,23.0,251.0,3.0,0.0,0.0,0.0,0.0,0.0,0.0,0.0,0.0,0.0,1.0,0.0,0.0,0.0,0.0,0.0,0.0,0.0,0.0,0.0,0.0,0.0,0.0,0.0,16,90.3,6.491439688715952,0.9015077821011673,1.0,30.327173169062284,0.8031250000000001,1.0,1.0,0.0,0.0,0.0,0.0,16.0,72.0,43.0,448.0,4.0,0.0,0.0,0.0,0.0,0.0,0.0,0.0,,8
00-0030216,2020,veteran,TE,10.045487452409166,2.374100487000921,23.84899665292624,15.973285924006124,164.26519011317498,1.3589050756262786,0.10863550462755503,0.47840573289741223,0.010922774191637804,0.19010492632344392,0.6697676282346336,10.283744427707397,0.05697954909392563,0.0046937873874256355,0.00025756221325793597,8.659853441033592e-05,0.052772238258538724,32.299759792870915,32.352532031129456,veteran,Josh Hill,TE,9.0,14.6,10.0,8.0,46.0,1.0,0.0,0.0,0.0,0.0,0.0,0.0,0.0,0.0,0.0,0.0,0.0,0.0,0.0,0.0,0.0,0.0,0.0,0.0,0.0,0.0,0.0,0.0,0.0,16,53.1,3.222137404580153,0.823473282442748,0.875,30.28336755646817,0.8187500000000001,1.0,0.875,0.0,0.125,0.0,2.0,14.0,35.0,25.0,226.0,3.0,0.0,0.0,0.0,0.0,0.0,0.0,0.0,,8
00-0030443,2020,veteran,TE,3.0857624793135514,1.5858820234269764,4.893655244508818,3.3394549335383825,36.57324541586202,0.2650549442566751,0.026916930624046747,0.11961831901409681,0.0029344052223097316,0.05077843800285955,0.6824050258312725,10.951860750853179,0.05416297859439401,0.0020109007451226905,0.0001013993040109903,5.9029978720692815e-05,0.007038808307523676,6.845393061124992,6.8524318694325155,veteran,Levine Toilolo,TE,7.0,7.1,6.0,5.0,46.0,0.0,0.0,0.0,0.0,0.0,0.0,0.0,0.0,0.0,0.0,0.0,0.0,0.0,0.0,0.0,0.0,0.0,0.0,0.0,0.0,0.0,0.0,0.0,0.0,16,2.0,2.863565891472868,0.5450581395348837,0.1875,29.09240246406571,0.403125,1.0,0.6875,0.0,0.8125,0.0,13.0,3.0,2.0,2.0,10.0,0.0,0.0,0.0,0.0,0.0,0.0,0.0,0.0,,8
00-0030470,2020,veteran,TE,10.305521858410781,3.6892952036632076,38.02011236348124,25.421010910746112,254.864390895696,2.072977408104441,0.19195555770803516,0.8474671524998814,0.015393337534772476,0.19346789209799267,0.6686200889601602,10.025737835152665,0.054523179423729425,0.014191490625208527,0.0008750260671597861,0.00014319684091779975,0.16272855358247726,50.42497994983194,50.58770850341442,veteran,Vance McDonald,TE,10.0,17.4,20.0,15.0,99.0,0.0,0.0,0.0,0.0,0.0,0.0,0.0,0.0,0.0,0.0,0.0,0.0,0.0,0.0,0.0,0.0,0.0,0.0,0.0,0.0,0.0,0.0,0.0,0.0,16,64.5,5.324452554744526,0.8681569343065694,0.875,30.220396988364133,0.8562500000000001,1.0,0.9375,0.125,0.0,2.0,2.0,14.0,55.0,38.0,273.0,3.0,1.0,2.0,0.0,0.0,0.0,0.0,0.0,,8
00-0030472,2020,veteran,TE,2.072256092276618,4.805471229964007,9.958167032552925,6.570267754291124,68.5679099006662,0.5088186565391477,0.029544715939601913,0.13129614612473411,0.0032208787084874292,0.04400495505054648,0.6597868596512925,10.43609065336548,0.05109561376866205,0.030945834120922246,0.0020935221955437006,0.00020505123208524698,0.07148500180354535,13.139281783209373,13.210766785012918,veteran,Jordan Reed,TE,10.0,60.099999999999994,46.0,26.0,231.0,4.0,0.0,0.0,0.0,0.0,0.0,0.0,0.0,0.0,0.0,0.0,0.0,0.0,0.0,0.0,0.0,0.0,0.0,0.0,0.0,0.0,0.0,0.0,0.0,16,0.0,7.25625,0.73046875,0.0,30.16563997262149,0.3,0.0,0.8125,0.3125,0.6875,5.0,16.0,0.0,0.0,0.0,0.0,0.0,0.0,0.0,0.0,0.0,0.0,0.0,0.0,,8
00-0030506,2020,veteran,TE,11.817069747089963,8.077201397981792,95.44885228124339,65.23822799772775,800.5746812325456,5.029570079232415,0.266373195666185,1.1805916315573994,0.053274639133237,0.2993520758459813,0.6834888680012727,12.27155773238399,0.05269387697206259,0.18891898067311896,0.018196492443218776,0.0005019739137014052,2.5668763231931138,142.6930054437761,145.25988176696922,veteran,Travis Kelce,TE,15.0,267.76,145.0,105.0,1416.0,11.0,0.0,0.0,0.0,2.0,1.0,4.0,0.0,0.0,0.0,1.0,7.5,0.0,0.0,7.5,6.0,1.0,0.0,0.0,0.0,0.0,0.0,0.0,0.0,16,207.8,13.789905362776025,0.9911277602523659,1.0,30.90759753593429,0.9906250000000001,1.0,1.0,0.0,0.0,0.0,0.0,16.0,136.0,97.0,1229.0,5.0,1.0,4.0,1.0,0.0,0.0,0.0,0.0,3.6,8
00-0030549,2020,veteran,TE,10.508879515152625,3.673221457639724,38.601441730809164,25.913323167455488,275.01171150233296,2.0596966119011055,0.125902691729528,0.5595091265934234,0.013725544018155046,0.1634587647177682,0.6713045421506408,10.612753513903606,0.053358022901439706,0.016516899595160395,0.001035931782622218,0.00015349477450849602,0.19312994742668563,52.62739905270041,52.820529000127095,veteran,Tyler Eifert,TE,15.0,64.9,60.0,36.0,349.0,2.0,0.0,0.0,0.0,0.0,0.0,0.0,0.0,0.0,0.0,0.0,0.0,0.0,0.0,0.0,0.0,0.0,0.0,0.0,0.0,0.0,0.0,0.0,0.0,16,85.1,5.554854368932038,0.8871359223300971,1.0,29.982203969883642,0.64375,1.0,1.0,0.0,0.0,0.0,0.0,16.0,63.0,43.0,436.0,3.0,0.0,0.0,0.0,0.0,0.0,0.0,0.0,,8
00-0030710,2020,veteran,TE,7.190671267761179,3.3791194704708114,24.29813728664683,16.102932538008936,162.246769599835,1.3647861211094405,0.11291994427142933,0.5000126073746941,0.010451054881718347,0.13942629194192044,0.6627229218454694,10.075603882514692,0.05616834348283421,0.011095385178809378,0.0006659255766525171,0.0001279827052080094,0.08880650839798082,32.29871496178855,32.38752147018653,veteran,Trey Burton,TE,12.0,69.3,47.0,28.0,250.0,3.0,2.0,3.0,2.0,0.0,0.0,0.0,0.0,0.0,0.0,0.0,0.0,0.0,0.0,0.0,0.0,0.0,0.0,0.0,0.0,0.0,0.0,0.0,0.0,16,15.4,4.871238938053097,0.7820796460176992,0.5,28.843258042436688,0.7062499999999999,1.0,1.0,0.0625,0.4375,1.0,8.0,8.0,24.0,14.0,84.0,0.0,0.0,0.0,0.0,0.0,0.0,0.0,0.0,,8
00-0031260,2020,veteran,TE,10.498077351542246,2.0024680559991057,21.022064545871043,13.650037860773347,143.03891345054691,1.0993228917281803,0.09424395055704592,0.41881829322732167,0.010274200448346609,0.16004677907314546,0.6493195675899663,10.479012212970009,0.05229376445540879,0.0028972349277528024,0.00015146877386189452,6.961810981369047e-05,0.03426230533744155,27.50828109967697,27.542543405014413,veteran,Logan Thomas,TE,16.0,141.62,110.0,72.0,670.0,6.0,3.0,5.0,0.0,1.0,1.0,28.0,0.0,0.0,0.0,0.0,1.0,0.0,0.0,1.0,1.0,0.0,0.0,0.0,0.0,0.0,0.0,0.0,0.0,16,31.3,2.045726495726496,0.810897435897436,0.9375,29.17180013689254,0.73125,1.0,0.9375,0.0,0.0625,0.0,1.0,15.0,28.0,16.0,173.0,1.0,0.0,0.0,0.0,0.0,0.0,0.0,0.0,,8
00-0031273,2020,veteran,TE,10.96619187598154,3.8098461027371395,41.77950338057595,27.154638288878804,274.62705260568436,2.599090154633296,0.09015977013023943,0.4006682744146856,0.00982895501748127,0.20342335983687423,0.6499511983549208,10.113449116284418,0.06220969481034233,0.014677455736533217,0.0009083938225660398,0.00014541850950313008,0.17908760184893363,56.32675917068022,56.505846772529154,veteran,Cameron Brate,TE,13.0,54.2,34.0,28.0,282.0,2.0,0.0,0.0,0.0,0.0,0.0,0.0,0.0,0.0,0.0,0.0,0.0,0.0,0.0,0.0,0.0,0.0,0.0,0.0,0.0,0.0,0.0,0.0,0.0,16,73.1,5.578082191780822,0.9148116438356164,0.875,29.166324435318277,0.9125000000000001,1.0,1.0,0.0,0.125,0.0,2.0,14.0,55.0,36.0,311.0,4.0,0.0,0.0,0.0,0.0,0.0,0.0,0.0,,8
00-0031299,2020,veteran,TE,2.8697112381645447,2.6806395270671213,7.692661376292608,4.954517089804721,56.159567694189036,0.40714387084170756,0.027922764394608342,0.12408822483369653,0.0030440582845528176,0.05379910522757947,0.6440576086026154,11.335023510112169,0.05292626971680456,0.00757754347949764,0.00043676684419562996,0.00010760200515039964,0.024243027129521914,10.459153501107037,10.48339652823656,veteran,,,0.0,0.0,0.0,0.0,0.0,0.0,0.0,0.0,0.0,0.0,0.0,0.0,0.0,0.0,0.0,0.0,0.0,0.0,0.0,0.0,0.0,0.0,0.0,0.0,0.0,0.0,0.0,0.0,0.0,16,5.300000000000001,4.27457627118644,0.5667372881355932,0.125,28.128678986995208,0.36875,1.0,0.6875,0.0,0.875,0.0,14.0,2.0,12.0,4.0,33.0,0.0,0.0,0.0,0.0,0.0,0.0,0.0,0.0,,8
00-0031387,2020,veteran,TE,9.759565911825778,5.2377182940488325,51.117856918345254,32.32581354033772,362.06373278004673,3.200726944332935,0.25471732174492995,1.097399547639869,0.050943464348985994,0.20370773085693855,0.6323781059909142,11.200452305036222,0.0626146543945635,0.04192416849880134,0.002954651129791432,0.00023632589548195507,0.45702873074127137,71.58162699331515,72.03865572405643,veteran,Eric Ebron,TE,15.0,113.8,91.0,56.0,558.0,5.0,0.0,0.0,0.0,0.0,0.0,0.0,0.0,0.0,0.0,1.0,0.0,0.0,0.0,0.0,0.0,0.0,0.0,0.0,0.0,0.0,0.0,0.0,0.0,16,71.0,8.452452830188678,0.857311320754717,0.6875,27.394934976043807,0.8281250000000001,1.0,1.0,0.0,0.3125,0.0,5.0,11.0,52.0,31.0,375.0,3.0,0.0,0.0,0.0,0.0,0.0,0.0,0.0,,8
00-0031418,2020,veteran,TE,2.22669606486242,3.5808800007064785,7.9735314063176554,5.225781555363715,52.451255733822755,0.42983072713350173,0.02848677538262696,0.12659467875426336,0.003105545116457914,0.043276235459145766,0.6553911045265564,10.037016507126491,0.05390719685294456,0.012453232469324471,0.0007568595966184964,0.0001349012447438921,0.0308582763040599,10.381740981521027,10.412599257825086,veteran,,,0.0,0.0,0.0,0.0,0.0,0.0,0.0,0.0,0.0,0.0,0.0,0.0,0.0,0.0,0.0,0.0,0.0,0.0,0.0,0.0,0.0,0.0,0.0,0.0,0.0,0.0,0.0,0.0,0.0,16,0.0,5.1173913043478265,0.5951086956521737,0.0,27.923340177960302,0.215625,0.0,0.8125,0.0,1.0,0.0,16.0,0.0,0.0,0.0,0.0,0.0,0.0,0.0,0.0,0.0,0.0,0.0,0.0,,8
00-0031558,2020,veteran,TE,10.4580823068872,2.167303109123113,22.66583429918205,15.627538356700791,169.9208142870527,1.2415057748924367,0.3599188422886962,1.5837839715587017,0.018974847922853234,0.18068512324231298,0.6894755406053925,10.873165716095901,0.05477432502615796,0.0046146459940582295,0.0002527837628749246,8.593433607600484e-05,0.054023214439335325,32.16574249461865,32.21976570905798,veteran,Maxx Williams,TE,6.0,20.200000000000003,10.0,8.0,102.0,1.0,0.0,0.0,0.0,0.0,0.0,0.0,0.0,0.0,0.0,0.0,0.0,0.0,0.0,0.0,0.0,0.0,0.0,0.0,0.0,0.0,0.0,0.0,0.0,16,33.7,2.6068669527896997,0.7400751072961372,0.8125,26.390143737166323,0.728125,1.0,0.8125,0.0,0.1875,0.0,3.0,13.0,19.0,15.0,202.0,1.0,0.0,0.0,0.0,0.0,0.0,0.0,0.0,,8
00-0031598,2020,veteran,TE,11.845517478409363,3.1235072837781304,36.999560123932795,24.819749242469374,253.6700096350903,1.8395667822562307,0.09713548363196203,0.4316682102786414,0.010589426945528831,0.17456750510213884,0.6708120085572306,10.220490431105262,0.04971861222388764,0.00964492952709785,0.0005702413367087335,0.0001200728531480302,0.12722603703390128,48.57184465077787,48.69907068781177,veteran,Nick Boyle,TE,9.0,30.3,17.0,14.0,113.0,2.0,0.0,0.0,0.0,0.0,0.0,0.0,0.0,0.0,0.0,0.0,0.0,0.0,0.0,0.0,0.0,0.0,0.0,0.0,0.0,0.0,0.0,0.0,0.0,16,59.599999999999994,3.40886524822695,0.8896276595744681,0.9375,27.537303216974674,0.88125,1.0,0.9375,0.0,0.0625,0.0,1.0,15.0,43.0,31.0,321.0,2.0,0.0,0.0,0.0,0.0,0.0,0.0,0.0,,8
00-0031610,2020,veteran,TE,11.175263813957045,6.468288486412151,72.28483026043669,51.19778627000478,613.2832370375504,3.3811730948161087,0.5506705083885871,2.4789229595498976,0.0249946151027425,0.25890289670443395,0.7082784324946615,11.978706145676739,0.04677569391301054,0.11464682152909682,0.009642769531951234,0.0003853140855404585,1.4514611892587168,107.09430960081664,108.54577079007537,veteran,Darren Waller,TE,16.0,235.1,145.0,107.0,1196.0,9.0,0.0,0.0,0.0,0.0,0.0,0.0,0.0,0.0,0.0,2.0,10.0,0.0,0.0,10.0,5.0,2.0,1.0,0.0,0.0,0.0,0.0,0.0,0.0,16,181.0,10.333000000000002,0.9100000000000001,1.0,27.967145790554415,0.625,1.0,1.0,0.0,0.0,0.0,0.0,16.0,117.0,90.0,1145.0,3.0,2.0,5.0,0.0,0.0,0.0,0.0,0.0,7.3,8
00-0031744,2020,veteran,TE,6.508635040367473,2.3808118044009086,15.495835134644263,10.205048253858537,108.9236553826093,0.8224998939294353,0.05606465283491008,0.24915023268773476,0.006112004833075893,0.10399288832062886,0.6585671675767228,10.673507138138731,0.05307877160428484,0.004991824540429526,0.0002756328949833829,8.904681117363918e-05,0.0363401013879315,20.783490304392778,20.81983040578071,veteran,,,0.0,0.0,0.0,0.0,0.0,0.0,0.0,0.0,0.0,0.0,0.0,0.0,0.0,0.0,0.0,0.0,0.0,0.0,0.0,0.0,0.0,0.0,0.0,0.0,0.0,0.0,0.0,0.0,0.0,16,25.6,3.192899408284023,0.6364644970414202,0.5,27.94524298425736,0.5281250000000001,1.0,0.8125,0.1875,0.3125,3.0,8.0,8.0,19.0,13.0,131.0,1.0,0.0,0.0,0.0,0.0,0.0,0.0,0.0,,8
00-0031951,2020,veteran,TE,5.300475836851263,2.663038816447225,14.115372899175501,9.273412030342872,97.99019022116254,0.7608786360079985,0.05248386165244828,0.23323726593944122,0.0057216374285387105,0.08358609143387619,0.6569725147597443,10.566789214211102,0.05390425328773585,0.006508440233204769,0.0003692709879275209,0.00010042511058571213,0.038498399858977864,18.891478221633104,18.92997662149208,veteran,James O'Shaughnessy,TE,15.0,40.2,38.0,28.0,262.0,0.0,0.0,0.0,0.0,0.0,0.0,0.0,0.0,0.0,0.0,0.0,0.0,0.0,0.0,0.0,0.0,0.0,0.0,0.0,0.0,0.0,0.0,0.0,0.0,16,34.300000000000004,3.5368983957219253,0.7416443850267381,0.3125,28.632443531827516,0.584375,1.0,1.0,0.0,0.6875,0.0,11.0,5.0,20.0,14.0,153.0,2.0,0.0,0.0,0.0,0.0,0.0,0.0,0.0,,8
00-0032062,2020,veteran,TE,9.677693307773332,1.4512498536424074,14.044750996502154,9.132052258271411,95.25338365753878,0.7204858341957678,0.08789579184639104,0.39060719871549615,0.009582142712166432,0.14998941248488826,0.6502110475682872,10.430665633922807,0.05129929568528519,0.001243203492914846,5.9799623383187485e-05,4.751120005450409e-05,0.013819023391740202,18.21085425123896,18.2246732746307,veteran,Blake Bell,TE,11.0,16.7,15.0,11.0,110.0,0.0,1.0,2.0,0.0,0.0,0.0,0.0,0.0,0.0,0.0,0.0,0.0,0.0,0.0,0.0,0.0,0.0,0.0,0.0,0.0,0.0,0.0,0.0,0.0,16,10.7,0.9388625592417063,0.7603672985781992,0.875,29.07049965776865,0.659375,1.0,0.875,0.0625,0.0625,1.0,2.0,14.0,15.0,8.0,67.0,0.0,0.0,0.0,0.0,0.0,0.0,0.0,0.0,,8
00-0032117,2020,veteran,TE,6.229094120982953,2.12085314950563,13.2109938850537,8.844666193267223,95.055097983326,0.7357426591507247,0.0439298482552417,0.1952233958704741,0.004789103851993173,0.11305248951846078,0.6694928686079905,10.74716624757238,0.05569169629115562,0.003907359497926723,0.0002104778890357168,7.970103716695627e-05,0.027298870472992044,18.164450833532644,18.191749704005638,veteran,,,0.0,0.0,0.0,0.0,0.0,0.0,0.0,0.0,0.0,0.0,0.0,0.0,0.0,0.0,0.0,0.0,0.0,0.0,0.0,0.0,0.0,0.0,0.0,0.0,0.0,0.0,0.0,0.0,0.0,16,23.4,3.2429447852760735,0.5471625766871165,0.5,28.00273785078713,0.509375,1.0,0.8125,0.0,0.5,0.0,8.0,8.0,18.0,13.0,109.0,1.0,0.0,0.0,0.0,0.0,0.0,0.0,0.0,,8
00-0032134,2020,veteran,TE,11.41730357544509,3.252388384730987,37.13350553372518,24.622096393465633,250.05415183246146,1.9934984973542185,0.09408473710330088,0.41811075171869233,0.010256843462267594,0.16778659894328316,0.6630695389397991,10.15568080948714,0.053684629789226196,0.010243548707851902,0.0006095408009663788,0.00012340948842822923,0.13021068102373404,49.04523330216318,49.175443983186916,veteran,C.J. Uzomah,TE,2.0,18.7,11.0,8.0,87.0,1.0,0.0,0.0,0.0,0.0,0.0,0.0,0.0,0.0,0.0,0.0,0.0,0.0,0.0,0.0,0.0,0.0,0.0,0.0,0.0,0.0,0.0,0.0,0.0,16,49.7,3.873076923076923,0.9012237762237763,0.875,27.630390143737166,0.89375,1.0,1.0,0.0,0.125,0.0,2.0,14.0,40.0,27.0,242.0,2.0,0.0,0.0,0.0,0.0,0.0,0.0,0.0,,8
00-0032135,2020,veteran,TE,11.291902442115408,2.9370253190407234,33.16460337263073,21.97355232449223,236.86191792887965,1.6739726801117032,0.09029460002903361,0.4012674558767871,0.009843653779560467,0.16722765966415584,0.6625603833581807,10.779409466027388,0.050474678117005865,0.009124672820600428,0.000536314214471414,0.00011708178061786196,0.11476307907761062,44.481537384741024,44.596300463818636,veteran,Jesse James,TE,13.0,31.900000000000002,22.0,14.0,129.0,2.0,0.0,0.0,0.0,0.0,0.0,0.0,0.0,0.0,0.0,0.0,0.0,0.0,0.0,0.0,0.0,0.0,0.0,0.0,0.0,0.0,0.0,0.0,0.0,16,22.2,3.2585454545454544,0.8629545454545454,0.8125,26.245037645448324,0.859375,1.0,0.9375,0.0,0.1875,0.0,3.0,13.0,27.0,16.0,142.0,0.0,0.0,0.0,0.0,0.0,0.0,0.0,0.0,,8
00-0032141,2020,veteran,TE,5.095844693748752,2.2431399780318615,11.430692954389354,7.800726562889673,75.91348423542482,0.5825936213646858,0.03254105939092819,0.1446118384613762,0.0035475313270274663,0.08366918102785038,0.6824368910980341,9.73159149002445,0.05096748059713838,0.003666354204534412,0.00019623760128004795,7.743829893777881e-05,0.020972393216845502,14.855681442928036,14.876653836144882,veteran,Geoff Swaim,TE,7.0,18.8,12.0,9.0,83.0,1.0,0.0,0.0,0.0,0.0,0.0,0.0,0.0,0.0,0.0,0.0,0.0,0.0,0.0,0.0,0.0,0.0,0.0,0.0,0.0,0.0,0.0,0.0,0.0,16,13.0,3.1265151515151515,0.44034090909090906,0.375,26.9596167008898,0.4125,1.0,0.5625,0.0625,0.5625,1.0,10.0,6.0,17.0,13.0,65.0,0.0,0.0,0.0,0.0,0.0,0.0,0.0,0.0,,8
00-0032227,2020,veteran,TE,6.659661737294567,2.7525365004824254,18.330962012769497,12.038433609527925,123.13216447068613,0.9956648323175803,0.04554038490000472,0.20238058956569613,0.004964679856817875,0.10524891038360475,0.6567267774130924,10.228254643796191,0.05431601634567745,0.006510505142409335,0.0003694002391183457,0.0001004395624336796,0.04838566996636919,24.145950563068325,24.194336233034694,veteran,,,0.0,0.0,0.0,0.0,0.0,0.0,0.0,0.0,0.0,0.0,0.0,0.0,0.0,0.0,0.0,0.0,0.0,0.0,0.0,0.0,0.0,0.0,0.0,0.0,0.0,0.0,0.0,0.0,0.0,16,24.4,3.7722826086956522,0.5876358695652174,0.5,27.770020533880903,0.575,1.0,0.6875,0.125,0.375,2.0,8.0,8.0,20.0,14.0,114.0,1.0,0.0,0.0,0.0,0.0,0.0,0.0,0.0,,8
00-0032392,2020,veteran,TE,11.701758963245737,6.106083908080211,71.45192210170816,51.40528925708969,525.4378867941357,3.9149290183362964,0.09714622598472815,0.4317159490865347,0.010590598045476931,0.17184671461757284,0.7194388582565615,10.221475151444043,0.054791094531559205,0.06906079006017068,0.00525840736517612,0.0002997838256614509,0.9074476385101451,101.49902917192257,102.40647681043272,veteran,Austin Hooper,TE,13.0,90.5,70.0,46.0,435.0,4.0,0.0,0.0,0.0,0.0,0.0,0.0,0.0,0.0,0.0,0.0,0.0,0.0,0.0,0.0,0.0,0.0,0.0,0.0,0.0,0.0,0.0,0.0,0.0,16,156.2,9.65679442508711,0.9065766550522648,0.8125,25.842573579739906,0.896875,1.0,1.0,0.1875,0.0,3.0,3.0,13.0,97.0,75.0,787.0,6.0,0.0,0.0,0.0,0.0,0.0,0.0,0.0,16.5,8
00-0032394,2020,veteran,TE,11.254187286133952,2.621354853548362,29.501218465249504,19.908020829396346,206.1483295693501,1.552096244221172,0.09178266598453558,0.40788039219799715,0.010005878387260178,0.16678619252000407,0.6748202909939698,10.355038872822043,0.052611258956962725,0.00635029546487401,0.00035938545999917237,9.931084183791829e-05,0.07976962702327042,39.64867176146357,39.728441388486836,veteran,Nick Vannett,TE,11.0,22.5,21.0,14.0,95.0,1.0,0.0,0.0,0.0,0.0,0.0,0.0,0.0,0.0,0.0,0.0,0.0,0.0,0.0,0.0,0.0,0.0,0.0,0.0,0.0,0.0,0.0,0.0,0.0,16,25.1,2.5755474452554745,0.8681569343065694,0.875,27.49075975359343,0.8562500000000001,1.0,0.9375,0.0,0.125,0.0,2.0,14.0,22.0,17.0,166.0,0.0,0.0,0.0,0.0,0.0,0.0,0.0,0.0,,8
00-0033080,2020,veteran,TE,6.075636672919298,2.375371913410569,14.431896708939735,9.417594657265113,105.79620252823665,0.7410276270280224,0.04821866541795527,0.21428281637900295,0.005256658182595606,0.1099533165287549,0.6525541893208986,11.233887885227805,0.051346516814314375,0.005548359345625811,0.0003096811360240144,9.341490638624612e-05,0.03766719067730211,19.56764494130032,19.60531213197762,veteran,Seth DeValve,TE,2.0,0.0,1.0,0.0,0.0,0.0,0.0,0.0,0.0,0.0,0.0,0.0,0.0,0.0,0.0,0.0,0.0,0.0,0.0,0.0,0.0,0.0,0.0,0.0,0.0,0.0,0.0,0.0,0.0,16,20.0,2.9664670658682635,0.5991766467065868,0.4375,27.589322381930184,0.5218750000000001,1.0,1.0,0.25,0.3125,4.0,9.0,7.0,18.0,12.0,140.0,0.0,0.0,0.0,0.0,0.0,0.0,0.0,0.0,,8
00-0033090,2020,veteran,TE,9.485923686361726,5.809963082134764,55.112866417709334,37.60622765391801,430.6589089640899,3.1439986171619405,0.10467002505820709,0.46515156662924784,0.011410820663025383,0.2245472241051201,0.6823493332554023,11.451797636480606,0.057046545054163324,0.07104924300827968,0.00543640033330944,0.0003039354211588937,0.7570878316071287,80.39888205877047,81.15596989037759,veteran,Hunter Henry,TE,14.0,115.3,93.0,60.0,613.0,4.0,0.0,0.0,0.0,0.0,0.0,0.0,0.0,0.0,0.0,0.0,0.0,0.0,0.0,0.0,0.0,0.0,0.0,0.0,0.0,0.0,0.0,0.0,0.0,16,123.7,9.963690476190477,0.75,0.75,25.73579739904175,0.525,1.0,0.75,0.25,0.0,4.0,4.0,12.0,76.0,55.0,652.0,5.0,0.0,0.0,0.0,0.0,0.0,0.0,0.0,11.0,8
00-0033110,2020,veteran,TE,11.275442668098115,4.62394564626866,52.13703403490416,36.1785785473029,391.8053971567444,2.5975408384664784,0.09015512023994597,0.4006476103921686,0.009828448100011709,0.1663992833423408,0.6939132464474761,10.829762055036664,0.04982141555515996,0.03525036264822677,0.002425876016063067,0.00021788197574984348,0.4434061134302569,72.62131090307936,73.06471701650962,veteran,Tyler Higbee,TE,15.0,106.2,60.0,44.0,521.0,5.0,1.0,1.0,0.0,0.0,0.0,0.0,0.0,0.0,0.0,0.0,0.0,0.0,0.0,0.0,0.0,0.0,0.0,0.0,0.0,0.0,0.0,0.0,0.0,16,129.9,6.7575,0.875,0.875,27.665982203969882,0.8750000000000001,1.0,0.875,0.0625,0.0625,1.0,2.0,14.0,89.0,69.0,734.0,3.0,0.0,0.0,0.0,0.0,0.0,0.0,0.0,13.0,8
00-0033288,2020,veteran,TE,11.865740235925301,7.509592303431107,89.10687155021745,62.12441847344643,790.701589914625,4.437849671846439,0.7382935462019519,3.3019153717877843,0.0,0.17328451741548515,0.6971899853810414,12.727710123396825,0.04980367501001789,0.18195514409547878,0.017314992022952197,0.0004916549930996022,2.4788829715921437,136.74308876161217,139.22197173320433,veteran,George Kittle,TE,8.0,104.6,63.0,48.0,634.0,2.0,2.0,17.0,0.0,0.0,0.0,0.0,0.0,0.0,0.0,0.0,3.5,0.0,0.0,3.5,2.0,1.0,0.0,0.0,0.0,0.0,0.0,0.0,0.0,16,183.0,12.217627118644069,0.9252118644067797,0.875,26.89664613278576,0.921875,1.0,1.0,0.125,0.0,2.0,2.0,14.0,107.0,85.0,1053.0,5.0,5.0,22.0,0.0,0.0,0.0,0.0,0.0,3.5,8
00-0033357,2020,veteran,TE,11.485096584214851,2.6970139255485996,30.975465423898108,20.999408336352765,231.5292890615875,2.102137743998193,5.766917716135494,27.752615975287394,0.0,0.21546862129063074,0.677936813829159,11.02551487894921,0.06786460559124828,0.008203617035799209,0.00047679801824360315,0.00011155304955499018,0.1049958360289048,48.60978389327177,48.71477972930067,veteran,Taysom Hill,TE,16.0,152.62,12.0,8.0,98.0,1.0,87.0,457.0,8.0,121.0,88.0,928.0,4.0,2.0,14.0,5.0,0.0,0.0,0.0,0.0,0.0,0.0,0.0,0.0,0.0,0.0,0.0,0.0,0.0,16,92.7,4.407490909090909,0.9529545454545455,1.0,30.026009582477755,0.859375,1.0,1.0,0.0,0.0,0.0,0.0,16.0,22.0,19.0,234.0,6.0,27.0,156.0,1.0,6.0,55.0,0.0,0.0,,8
00-0033387,2020,veteran,TE,7.835879444372267,3.784425919879805,29.654305274335773,19.736042348306764,195.60880700382506,1.5817379353049321,0.10257629597619303,0.456016834755106,0.01031355008847054,0.12538243946499966,0.6655371678994368,9.911247835390217,0.0533392342417761,0.014552201506591034,0.0008997800827465029,0.00014484965251065964,0.12687519786739865,38.77604759144182,38.902922789309216,veteran,Jacob Hollister,TE,13.0,53.4,40.0,25.0,209.0,3.0,0.0,0.0,0.0,0.0,0.0,0.0,0.0,0.0,0.0,0.0,0.0,0.0,0.0,0.0,0.0,0.0,0.0,0.0,0.0,0.0,0.0,0.0,0.0,16,73.4,5.2137724550898215,0.6216317365269461,0.625,26.78713210130048,0.521875,1.0,0.8125,0.0,0.375,0.0,6.0,10.0,59.0,41.0,349.0,3.0,0.0,0.0,0.0,0.0,0.0,0.0,0.0,,8
00-0033455,2020,veteran,TE,8.29337036946453,2.912153544186529,24.151567914687675,16.064986295128946,186.511940942548,1.2982186344348428,0.06798193210818156,0.30211039125116146,0.0074111918400807004,0.13299455418391995,0.6651736380791697,11.609841273197983,0.05375297533562351,0.010997752134617025,0.0006594363655402051,0.00012746828273529668,0.10152614006389277,34.28168813022609,34.38321427028998,veteran,Anthony Firkser,TE,15.0,65.2,53.0,39.0,387.0,1.0,0.0,0.0,0.0,0.0,0.0,0.0,0.0,0.0,0.0,0.0,1.0,0.0,0.0,1.0,1.0,0.0,0.0,0.0,0.0,0.0,0.0,0.0,0.0,16,33.4,3.6304878048780487,0.6044207317073171,0.625,25.533196440793976,0.5125,1.0,0.625,0.0,0.375,0.0,6.0,10.0,24.0,14.0,204.0,1.0,0.0,0.0,0.0,0.0,0.0,0.0,0.0,,8
00-0033528,2020,veteran,TE,12.25270576606998,2.864568552098678,35.09871561560221,22.95117498849287,235.77820127468846,1.8570777233204545,0.12460737495299762,0.5537527638950368,0.013584332363427947,0.18692991729669747,0.6539035570375837,10.27303401211056,0.052910133341031416,0.007243892981971446,0.00041558177772924254,0.00010542440167159982,0.09897875952387261,45.95889539761468,46.057874157138556,veteran,Jeremy Sprinkle,TE,7.0,1.1,3.0,1.0,6.0,0.0,0.0,0.0,0.0,0.0,0.0,0.0,0.0,0.0,0.0,0.0,0.0,0.0,0.0,0.0,0.0,0.0,0.0,0.0,0.0,0.0,0.0,0.0,0.0,16,43.1,2.4660944206008586,0.8656115879828326,1.0,26.06160164271047,0.728125,1.0,1.0,0.0,0.0,0.0,0.0,16.0,40.0,26.0,241.0,1.0,0.0,0.0,0.0,0.0,0.0,0.0,0.0,,8
00-0033559,2020,veteran,TE,2.5576383298788237,2.2388838257905093,5.726255088987549,3.6835954543000944,40.33384250888836,0.3297598415407602,0.026209831397168426,0.11647598372792604,0.0028573193281926194,0.04413250185484744,0.6432817604273696,10.949585265071416,0.05758734747513048,0.004263129297262529,0.00023166587179213817,8.290674707351917e-05,0.012216410114280169,7.794267537915697,7.806483948029977,veteran,,,0.0,0.0,0.0,0.0,0.0,0.0,0.0,0.0,0.0,0.0,0.0,0.0,0.0,0.0,0.0,0.0,0.0,0.0,0.0,0.0,0.0,0.0,0.0,0.0,0.0,0.0,0.0,0.0,0.0,16,0.0,3.254545454545455,0.4659090909090909,0.0,26.321697467488022,0.20625,0.0,0.5,0.0,1.0,0.0,16.0,0.0,0.0,0.0,0.0,0.0,0.0,0.0,0.0,0.0,0.0,0.0,0.0,,8
00-0033611,2020,veteran,TE,8.68862741382835,3.7832766418616615,32.87148114457569,20.39828403787155,239.03133396019496,1.9379455524653377,0.06961046705084248,0.30934756903408395,0.00758872996681603,0.19955847632743245,0.620546544530671,11.71820793927608,0.058955224558998286,0.018887064346865632,0.001202982521488167,0.00016323356927583889,0.1826176167524886,45.40729891379674,45.589916530549225,veteran,Ricky Seals-Jones,TE,1.0,0.0,1.0,0.0,0.0,0.0,0.0,0.0,0.0,0.0,0.0,0.0,0.0,0.0,0.0,0.0,0.0,0.0,0.0,0.0,0.0,0.0,0.0,0.0,0.0,0.0,0.0,0.0,0.0,16,51.9,4.91549295774648,0.7139084507042255,0.5625,25.467488021902806,0.6656249999999999,1.0,0.9375,0.0,0.4375,0.0,7.0,9.0,22.0,14.0,229.0,4.0,0.0,0.0,0.0,0.0,0.0,0.0,0.0,,8
00-0033627,2020,veteran,TE,3.7483093108788914,3.1249606018431515,11.71331892001839,7.66752041291433,84.73105660372849,0.6247796531292011,0.0707732779771568,0.31451507829729397,0.007715496220457418,0.09637291627728825,0.6545984503000531,11.050646368155316,0.05333925059117405,0.011150383937386772,0.0006695840696726604,0.00012827142800104252,0.04652140221232867,15.940542438203115,15.987063840415445,veteran,Jason Croom,TE,1.0,6.8,1.0,1.0,3.0,1.0,0.0,0.0,0.0,0.0,0.0,0.0,0.0,0.0,0.0,0.0,0.0,0.0,0.0,0.0,0.0,0.0,0.0,0.0,0.0,0.0,0.0,0.0,0.0,16,0.0,2.993333333333333,0.9375,0.0,26.507871321013006,0.28125,0.0,0.9375,0.0,1.0,0.0,16.0,0.0,0.0,0.0,0.0,0.0,0.0,0.0,0.0,0.0,0.0,0.0,0.0,,8
00-0033658,2020,veteran,TE,11.946916352336892,3.693019801166701,44.1201986520624,30.206854521511826,337.55767220941186,2.563806746097526,0.12339465163225671,0.5483634449164968,0.013452124806210419,0.18097204091173807,0.684649105044313,11.174869994127327,0.05810959207858601,0.020287728632689905,0.001303050218493591,0.00016869025874150152,0.26975760171978985,64.01563996978769,64.28539757150747,veteran,Blake Jarwin,TE,1.0,1.7,1.0,1.0,12.0,0.0,0.0,0.0,0.0,0.0,0.0,0.0,0.0,0.0,0.0,0.0,0.0,0.0,0.0,0.0,0.0,0.0,0.0,0.0,0.0,0.0,0.0,0.0,0.0,16,70.0,4.7292181069958845,0.8973765432098765,0.9375,26.130047912388775,0.759375,1.0,0.9375,0.0,0.0625,0.0,1.0,15.0,41.0,31.0,365.0,3.0,0.0,0.0,0.0,0.0,0.0,0.0,0.0,,8
00-0033757,2020,veteran,TE,7.033152519379254,1.9773462542017257,13.906977789423998,9.160899181349441,101.06911224590274,0.7842091020055666,0.054188209605152714,0.24081135527247569,0.005907440468376425,0.11471072013452861,0.658726814701332,11.032662869128401,0.05638961346454032,0.0033336979046802474,0.00017674211915685585,7.417775092712063e-05,0.026354394109723855,19.222719765366843,19.249074159476567,veteran,Robert Tonyan,TE,15.0,150.6,59.0,52.0,586.0,11.0,0.0,0.0,0.0,0.0,0.0,0.0,0.0,0.0,0.0,0.0,0.0,0.0,0.0,0.0,0.0,0.0,0.0,0.0,0.0,0.0,0.0,0.0,0.0,16,21.0,2.3063829787234043,0.5252659574468085,0.5625,26.340862422997947,0.44062500000000004,1.0,0.5625,0.25,0.1875,4.0,7.0,9.0,15.0,10.0,100.0,1.0,0.0,0.0,0.0,0.0,0.0,0.0,0.0,,8
00-0033858,2020,veteran,TE,12.839467599199637,3.8879966828848502,49.919807435695695,34.104580002857624,391.51687853628266,2.910642722733404,0.6327023389532713,3.2386064114251467,0.012742845432303244,0.18961350814394148,0.6831873309365127,11.479891513206656,0.058306369199896346,0.024882475617311408,0.0016378118378134901,0.00018533754715561063,0.3557799583773719,73.68892488890596,74.04470484728333,veteran,Jonnu Smith,TE,14.0,119.7,65.0,41.0,448.0,8.0,2.0,4.0,1.0,0.0,0.0,0.0,0.0,0.0,0.0,0.0,0.0,0.0,0.0,0.0,0.0,0.0,0.0,0.0,0.0,0.0,0.0,0.0,0.0,16,87.2,4.989605734767024,0.8797043010752689,0.9375,25.02943189596167,0.871875,1.0,0.9375,0.0,0.0625,0.0,1.0,15.0,44.0,35.0,439.0,3.0,4.0,78.0,0.0,0.0,0.0,0.0,0.0,19.9,8
00-0033879,2020,veteran,TE,11.563435865143273,4.3089406890447,49.82615930447465,32.89539340252201,423.9353062744759,2.7775828441096038,0.09156543960885406,0.40691504238647985,0.009982197001736458,0.30491558733668744,0.6602032719701884,12.887376085977248,0.055745473519974116,0.040632102435532606,0.0028510406061042462,0.00023287424794100927,0.5246841012370401,74.99747790494192,75.52216200617896,veteran,O.J. Howard,TE,4.0,32.1,19.0,11.0,146.0,2.0,0.0,0.0,0.0,0.0,0.0,0.0,0.0,0.0,0.0,0.0,0.0,0.0,0.0,0.0,0.0,0.0,0.0,0.0,0.0,0.0,0.0,0.0,0.0,16,66.89999999999999,6.409090909090909,0.8060770750988142,0.875,25.78781656399726,0.790625,1.0,0.875,0.125,0.0,2.0,2.0,14.0,53.0,34.0,459.0,1.0,0.0,0.0,0.0,0.0,0.0,0.0,0.0,,8
00-0033881,2020,veteran,TE,7.709739119398474,6.224422846760941,47.98867631735044,31.202913421475653,346.37828270090074,2.5119853814129947,0.6043832278623641,2.742449727564217,0.00424515588157884,0.12052713758361107,0.6502140883222102,11.10083145192792,0.05234537758035179,0.0691596055395524,0.005267223808551739,0.0002999913719092861,0.5987416089125642,65.36985890218455,65.96860051109711,veteran,Evan Engram,TE,16.0,110.5,109.0,63.0,654.0,1.0,6.0,26.0,1.0,0.0,0.0,0.0,0.0,0.0,0.0,1.0,1.0,0.0,0.0,1.0,1.0,0.0,0.0,0.0,0.0,0.0,0.0,0.0,0.0,16,89.4,10.206030150753769,0.6611180904522613,0.5,25.998631074606433,0.621875,1.0,0.9375,0.375,0.125,6.0,8.0,8.0,68.0,44.0,467.0,3.0,3.0,7.0,0.0,0.0,0.0,0.0,0.0,7.3,8
00-0033885,2020,veteran,TE,6.180042911106188,4.901687939603853,30.29264180360349,19.327590639560245,211.9198312075094,1.6723066327306293,0.10331596967273032,0.45797425358800764,0.01038792069861747,0.09859853669546834,0.6380292205898369,10.964627467520241,0.055205044299955985,0.034030232391335534,0.002330956110366168,0.00021432858865859782,0.2345655293822954,40.8005461130744,41.03511164245669,veteran,David Njoku,TE,11.0,42.8,29.0,19.0,213.0,2.0,0.0,0.0,0.0,0.0,0.0,0.0,0.0,0.0,0.0,0.0,0.0,0.0,0.0,0.0,0.0,0.0,0.0,0.0,0.0,0.0,0.0,0.0,0.0,16,12.6,6.257894736842105,0.8103070175438596,0.1875,24.145106091718002,0.534375,1.0,1.0,0.0625,0.75,1.0,13.0,3.0,10.0,5.0,41.0,1.0,0.0,0.0,0.0,0.0,0.0,0.0,0.0,,8
00-0033895,2020,veteran,TE,10.653911487527264,4.07162305183499,43.37871160482562,27.90158906274301,302.49753587679686,2.2631277685379643,0.35829018454616907,1.5991000578758345,0.01755494012357898,0.18017705479763874,0.6432092616517252,10.841588097242884,0.052171392021846154,0.020554976670243343,0.0013222523900771374,0.0001697089047323253,0.24373776926436702,57.68420026721275,57.927938036477116,veteran,Gerald Everett,TE,15.0,72.4,62.0,41.0,417.0,1.0,1.0,2.0,1.0,0.0,0.0,0.0,0.0,0.0,0.0,1.0,0.0,0.0,0.0,0.0,0.0,0.0,0.0,0.0,0.0,0.0,0.0,0.0,0.0,16,72.30000000000001,5.102272727272728,0.8338068181818181,0.75,26.187542778918548,0.8250000000000001,1.0,0.9375,0.1875,0.0625,3.0,4.0,12.0,60.0,37.0,408.0,2.0,1.0,0.0,0.0,0.0,0.0,0.0,0.0,,8
00-0033953,2020,veteran,TE,3.735325977734089,2.5531323052540906,9.536781424407724,6.197663998649352,65.7876698988601,0.5169838925068393,0.06304208576171583,0.2801578096434996,0.006872664207828052,0.06386761525787901,0.6498695653008797,10.614913927763286,0.05420947272459337,0.00571901561122944,0.000320197072001875,9.470635860903965e-05,0.023863966484394514,12.72101887994728,12.744882846431675,veteran,,,0.0,0.0,0.0,0.0,0.0,0.0,0.0,0.0,0.0,0.0,0.0,0.0,0.0,0.0,0.0,0.0,0.0,0.0,0.0,0.0,0.0,0.0,0.0,0.0,0.0,0.0,0.0,0.0,0.0,16,0.0,1.8769230769230771,0.8125,0.0,25.585215605749486,0.24375,0.0,0.8125,0.0,1.0,0.0,16.0,0.0,0.0,0.0,0.0,0.0,0.0,0.0,0.0,0.0,0.0,0.0,0.0,,8
00-0034011,2020,veteran,TE,4.6732003251695815,2.8968385825773404,13.537507006064217,8.793846924741972,101.74414314118437,0.7886591156487635,0.03089904714872546,0.13731476781999383,0.0033685239444282166,0.07876386851397733,0.6495913110739451,11.569924290462872,0.05825733758035939,0.01008196821865704,0.0005989060136760235,0.00012251936796117273,0.052458383924954124,19.179707353802616,19.23216573772757,veteran,Dan Arnold,TE,15.0,81.30000000000001,45.0,31.0,438.0,4.0,0.0,0.0,0.0,0.0,0.0,0.0,0.0,0.0,0.0,1.0,0.0,0.0,0.0,0.0,0.0,0.0,0.0,0.0,0.0,0.0,0.0,0.0,0.0,16,28.7,4.924742268041237,0.36662371134020627,0.3125,25.467488021902806,0.303125,1.0,0.4375,0.0,0.6875,0.0,11.0,5.0,14.0,8.0,127.0,2.0,0.0,0.0,0.0,0.0,0.0,0.0,0.0,,8
00-0034073,2020,veteran,TE,6.290048918061153,2.5014217691830134,15.734065292864228,10.429433289397243,103.16247532542361,0.895346395096511,0.049279502975389314,0.21899715796347458,0.00537230759716057,0.10530007882544679,0.6628568710800532,9.89147468159181,0.056904962476707906,0.004731071616873731,0.00025981634699901894,8.690933872672387e-05,0.033303386187544984,20.74657595154847,20.779879337736013,veteran,Ross Dwelley,TE,12.0,40.0,24.0,19.0,245.0,1.0,0.0,0.0,0.0,0.0,0.0,0.0,0.0,0.0,0.0,0.0,0.0,0.0,0.0,0.0,0.0,0.0,0.0,0.0,0.0,0.0,0.0,0.0,0.0,16,28.6,3.1037735849056607,0.44693396226415094,0.5,25.598904859685145,0.33125000000000004,1.0,0.5,0.0,0.5,0.0,8.0,8.0,22.0,15.0,91.0,2.0,0.0,0.0,0.0,0.0,0.0,0.0,0.0,,8
00-0034159,2020,veteran,TE,5.607429290874311,4.703545802994376,26.374800506679595,17.98322904609089,205.70144845172356,1.6782915364753543,0.21489093051708671,0.9612872319730017,0.017232575425829354,0.0950099998458093,0.6818337466301031,11.438515737330164,0.0636323878942825,0.0406967130770298,0.002856207827703127,0.00023304810947004457,0.25484151769172547,39.64101276313059,39.89585428082231,veteran,Will Dissly,TE,15.0,49.1,29.0,24.0,251.0,2.0,0.0,0.0,0.0,0.0,0.0,0.0,0.0,0.0,0.0,0.0,0.0,0.0,0.0,0.0,0.0,0.0,0.0,0.0,0.0,0.0,0.0,0.0,0.0,16,62.4,9.800000000000002,0.3416666666666667,0.375,24.150581793292265,0.28125,1.0,0.375,0.0625,0.5625,1.0,10.0,6.0,27.0,23.0,262.0,4.0,1.0,7.0,0.0,0.0,0.0,0.0,0.0,,8
00-0034351,2020,veteran,TE,12.37949145266251,5.106410644443399,63.21476692667192,42.29021708517923,444.06863916199035,3.6123856489132886,0.1307397132519893,0.5810047566722456,0.014252861988178519,0.3672205798354911,0.668992691758797,10.500505075856324,0.05714464870373715,0.03835367140240599,0.002669768457800957,0.0002266542488285726,0.5299862396823798,86.63546284019371,87.16544907987608,veteran,Dallas Goedert,TE,11.0,94.4,65.0,46.0,524.0,3.0,0.0,0.0,0.0,0.0,0.0,0.0,0.0,0.0,0.0,0.0,1.0,0.0,0.0,1.0,1.0,0.0,0.0,0.0,0.0,0.0,0.0,0.0,0.0,16,115.7,6.729803921568628,0.9375,0.9375,25.661875427789184,0.796875,1.0,0.9375,0.0,0.0625,0.0,1.0,15.0,87.0,58.0,607.0,5.0,0.0,0.0,0.0,0.0,0.0,0.0,0.0,,8
00-0034364,2020,veteran,TE,11.872895287970184,3.5318397509578205,41.933163537012895,27.612355080853636,312.2164455500422,2.1091736232026737,0.1278769489724513,0.5682826875910847,0.013940771781109616,0.17769851885995336,0.6584849019674178,11.307128444343835,0.05029846177336423,0.016733049164559876,0.0010510426271548128,0.00015441205767687205,0.2210547555463747,57.46793969637294,57.688994451919314,veteran,Jordan Akins,TE,13.0,65.2,49.0,37.0,403.0,1.0,1.0,4.0,0.0,0.0,0.0,0.0,0.0,0.0,0.0,0.0,0.0,0.0,0.0,0.0,0.0,0.0,0.0,0.0,0.0,0.0,0.0,0.0,0.0,16,71.8,3.7530769230769234,0.9596153846153848,1.0,28.369609856262834,0.8125,1.0,1.0,0.0,0.0,0.0,0.0,16.0,55.0,36.0,418.0,2.0,0.0,0.0,0.0,0.0,0.0,0.0,0.0,,8
00-0034365,2020,veteran,TE,9.003517159598363,3.6218991410480315,32.60983106676053,21.19902282366661,214.03965747163824,1.6988092143789433,0.07494664681431418,0.33306144868027526,0.008170464711531909,0.1437502084304278,0.6500807311840063,10.09667564642103,0.05209500199191629,0.012763847087067185,0.0007778346590653832,0.0001364266752439146,0.12788102764440837,41.991160961547145,42.11904198919155,veteran,Ian Thomas,TE,13.0,30.5,31.0,20.0,145.0,1.0,0.0,0.0,0.0,0.0,0.0,0.0,0.0,0.0,0.0,0.0,0.0,0.0,0.0,0.0,0.0,0.0,0.0,0.0,0.0,0.0,0.0,0.0,0.0,16,27.6,4.0200000000000005,0.625,0.625,24.238193018480494,0.53125,1.0,0.625,0.0,0.375,0.0,6.0,10.0,30.0,16.0,136.0,1.0,0.0,0.0,0.0,0.0,0.0,0.0,0.0,,8
00-0034383,2020,veteran,TE,6.085562768720976,1.698229440531661,10.334681856045329,6.805900426932887,73.04027866399589,0.5473837157277928,0.042770482391934914,0.19007119640062847,0.0046627131690668,0.10126823706448479,0.6585495830190203,10.73190527074929,0.05296570551009247,0.002077939997641356,0.00010511898487033651,5.991073425871483e-05,0.014334177623904525,13.835727298758286,13.85006147638219,veteran,Dalton Schultz,TE,16.0,115.0,89.0,63.0,615.0,4.0,0.0,0.0,0.0,0.0,0.0,0.0,0.0,0.0,0.0,1.0,0.0,0.0,0.0,0.0,0.0,0.0,0.0,0.0,0.0,0.0,0.0,0.0,0.0,16,1.1,1.0324561403508772,0.4276315789473684,0.375,24.142368240930868,0.35625,1.0,0.5,0.0,0.625,0.0,10.0,6.0,2.0,1.0,6.0,0.0,0.0,0.0,0.0,0.0,0.0,0.0,0.0,,8
00-0034753,2020,veteran,TE,12.801524949076935,6.385851149454884,81.74863281083832,53.833987900531845,683.6159612959212,5.315042166192163,0.13746652530489625,0.6108985793123963,0.014986199406669759,0.28489191004385755,0.6585307429556728,12.698594103023296,0.06501689365852599,0.10716453157254954,0.008879560951483328,0.00037235939698474803,1.5519108423890775,126.75006631129455,128.30197715368362,veteran,Mark Andrews,TE,14.0,141.1,88.0,58.0,701.0,7.0,0.0,0.0,0.0,0.0,0.0,0.0,0.0,0.0,0.0,0.0,0.0,0.0,0.0,0.0,0.0,0.0,0.0,0.0,0.0,0.0,0.0,0.0,0.0,16,177.2,9.541762452107278,0.9604885057471264,0.9375,24.98836413415469,0.815625,1.0,1.0,0.0,0.0625,0.0,1.0,15.0,98.0,64.0,852.0,10.0,0.0,0.0,0.0,0.0,0.0,0.0,0.0,6.3,8
00-0034766,2020,veteran,TE,4.067408116135358,4.441224656804791,18.064273214668276,11.966188339022393,135.78605682837767,1.0095819675953888,0.062478785921828185,0.27765451605147046,0.006811254903216782,0.06865699619528602,0.6624229049694504,11.347477825129321,0.05588832473899938,0.031687228860754424,0.0021502597644535012,0.0002073220494193125,0.14369039464560115,25.550510646555175,25.694201041200778,veteran,Chris Herndon,TE,12.0,58.2,45.0,31.0,287.0,3.0,0.0,0.0,0.0,0.0,0.0,0.0,0.0,0.0,0.0,2.0,0.0,0.0,0.0,0.0,0.0,0.0,0.0,0.0,0.0,0.0,0.0,0.0,0.0,16,1.2,6.056842105263158,0.780921052631579,0.0625,24.522929500342233,0.296875,1.0,0.875,0.125,0.8125,2.0,15.0,1.0,2.0,1.0,7.0,0.0,0.0,0.0,0.0,0.0,0.0,0.0,0.0,17.0,8
00-0034829,2020,veteran,TE,12.595921743104686,4.898654653007799,61.70307065578187,38.978324257189755,419.55954037814064,3.2569251929625502,0.13129282208194848,0.5834627616132868,0.014313160298628815,0.33298735706497395,0.6317080145757268,10.763919392988033,0.05278384298135997,0.03149856806433601,0.0021358016088789808,0.0002067467554725219,0.4423154151497333,80.46491784800742,80.90723326315715,veteran,Mike Gesicki,TE,15.0,133.8,85.0,53.0,703.0,6.0,0.0,0.0,0.0,0.0,0.0,0.0,0.0,0.0,0.0,0.0,1.0,0.0,0.0,1.0,1.0,0.0,0.0,0.0,0.0,0.0,0.0,0.0,0.0,16,110.5,5.585140562248996,0.9164156626506025,0.9375,24.914442162902123,0.778125,1.0,0.9375,0.0,0.0625,0.0,1.0,15.0,89.0,51.0,570.0,5.0,0.0,0.0,0.0,0.0,0.0,0.0,0.0,17.9,8
00-0034830,2020,veteran,TE,11.884750751311199,3.3484926378467628,39.79600039340933,26.788393939780335,300.29401545648136,2.14939866580966,0.21138547736761948,0.9333077852072016,0.01956431381029461,0.1817048451705107,0.6731428705136107,11.209855138442979,0.05401041925222277,0.015032631409298804,0.0009328693584197677,0.00014701779128808127,0.19878399675931432,56.167297481437735,56.36608147819705,veteran,Hayden Hurst,TE,16.0,121.1,88.0,56.0,571.0,6.0,0.0,0.0,0.0,0.0,0.0,0.0,0.0,0.0,0.0,0.0,0.0,0.0,0.0,0.0,0.0,0.0,0.0,0.0,0.0,0.0,0.0,0.0,0.0,16,61.9,3.7117391304347827,0.8972826086956524,1.0,27.02258726899384,0.71875,1.0,1.0,0.0,0.0,0.0,0.0,16.0,39.0,30.0,349.0,2.0,0.0,0.0,0.0,0.0,0.0,0.0,0.0,7.2,8
00-0034970,2020,veteran,TE,12.285300769461529,4.6426133922793875,57.035901880482356,38.94394075413805,388.86524938002844,3.0351551065773874,0.17628744992830647,0.783418017389662,0.01921834331419457,0.19846153143434278,0.6827969659486464,9.985256803748321,0.053214817448446715,0.027492510001248884,0.0018321208537214401,0.00019409286903184967,0.37628496642025544,76.36615475329164,76.7424397197119,veteran,Irv Smith,TE,13.0,83.5,43.0,30.0,365.0,5.0,0.0,0.0,0.0,0.0,0.0,0.0,0.0,0.0,0.0,0.0,0.0,0.0,0.0,0.0,0.0,0.0,0.0,0.0,0.0,0.0,0.0,0.0,0.0,16,61.1,4.364285714285715,0.875,0.875,22.064339493497606,0.48125000000000007,1.0,0.875,0.0,0.125,0.0,2.0,14.0,47.0,36.0,311.0,2.0,0.0,0.0,0.0,0.0,0.0,0.0,0.0,,8
00-0034981,2020,veteran,TE,9.438549936532166,3.758284251571838,35.47275358414321,24.228608756343725,247.2194261913853,2.31170598103317,0.11420341504082127,0.5075177672987762,0.01245012301670112,0.15624568466610025,0.6830202425326866,10.203616257027402,0.06516849546369959,0.016555984174966582,0.0010386622678889498,0.00015366110405724262,0.17387035791574468,50.519444029007296,50.69331438692304,veteran,Foster Moreau,TE,8.0,29.5,9.0,7.0,140.0,2.0,0.0,0.0,0.0,0.0,0.0,0.0,0.0,0.0,0.0,0.0,0.0,0.0,0.0,0.0,0.0,0.0,0.0,0.0,0.0,0.0,0.0,0.0,0.0,16,57.9,5.263636363636364,0.6875,0.6875,23.32375085557837,0.37812500000000004,1.0,0.6875,0.0,0.3125,0.0,5.0,11.0,25.0,21.0,174.0,5.0,0.0,0.0,0.0,0.0,0.0,0.0,0.0,,8
00-0034988,2020,veteran,TE,6.498618242828648,5.347938440469329,34.75421031075857,23.453500383636587,236.43279548536987,1.9690426093124387,0.0591372097620945,0.2628046162368225,0.006446966022332709,0.11119955018206876,0.6748391108278551,10.080917202889172,0.056656232200531356,0.039816939767655116,0.002785974536374674,0.00023066900543537033,0.2889106281804587,47.02684855362345,47.31575918180391,veteran,Kaden Smith,TE,15.0,20.200000000000003,21.0,18.0,112.0,0.0,0.0,0.0,0.0,0.0,0.0,0.0,0.0,0.0,0.0,0.0,0.0,0.0,0.0,0.0,0.0,0.0,0.0,0.0,0.0,0.0,0.0,0.0,0.0,16,60.3,8.614285714285714,0.4375,0.4375,23.356605065023956,0.24062500000000003,1.0,0.4375,0.0,0.5625,0.0,9.0,7.0,42.0,31.0,268.0,3.0,0.0,0.0,0.0,0.0,0.0,0.0,0.0,,8
00-0035229,2020,veteran,TE,10.249457695897885,4.95447190200995,50.78065016516572,31.814261911356382,352.014760719852,2.617884612260948,0.13170149128033098,0.5852788796256311,0.014357712221976994,0.16828686565887246,0.6265036349058049,11.064684187886101,0.051552798236064186,0.03417215949785058,0.0023419686931737196,0.0002147451465308762,0.39065400930893174,66.62401513120577,67.0146691405147,veteran,T.J. Hockenson,TE,16.0,141.8,101.0,67.0,723.0,6.0,1.0,0.0,0.0,0.0,0.0,0.0,0.0,0.0,0.0,1.0,0.0,0.0,0.0,0.0,0.0,0.0,0.0,0.0,0.0,0.0,0.0,0.0,0.0,16,65.7,5.4750000000000005,0.75,0.75,23.16495550992471,0.41250000000000003,1.0,0.75,0.0,0.25,0.0,4.0,12.0,59.0,32.0,367.0,2.0,0.0,0.0,0.0,0.0,0.0,0.0,0.0,21.7,8
00-0035624,2020,veteran,TE,6.82953114138412,3.6904778000471565,25.20423306200881,16.048465491844297,169.35759772001717,1.4304512505952622,1.3345116134612673,6.32377136808793,0.007747362022836575,0.11686188701950641,0.6367369105166183,10.552884187343853,0.0567544049872888,0.014294883042087285,0.0008821134870956642,0.00014367284160938363,0.10862641748579589,33.98783755640223,34.09646397388803,veteran,N'Keal Harry,TE,13.0,57.4,57.0,33.0,309.0,2.0,2.0,0.0,0.0,0.0,0.0,0.0,0.0,0.0,0.0,1.0,0.0,0.0,0.0,0.0,0.0,0.0,0.0,0.0,0.0,0.0,0.0,0.0,0.0,16,33.4,4.771428571428571,0.4375,0.4375,22.70773442847365,0.24062500000000003,1.0,0.4375,0.0,0.5625,0.0,9.0,7.0,24.0,12.0,105.0,2.0,5.0,49.0,0.0,0.0,0.0,0.0,0.0,15.8,8
00-0035644,2020,veteran,TE,13.369021917563455,5.386997169523371,72.01888322921025,46.28680480126696,562.3335778381573,3.828954005470093,0.8656961983424948,3.5962631195981882,0.031897875941138513,0.314758776997018,0.6427037288811142,12.14889600292231,0.0531659730585367,0.058297952307464075,0.00431636386500342,0.0002763156728990297,0.8733330873949775,102.27198023088238,103.14531331827736,veteran,Noah Fant,TE,14.0,118.3,93.0,62.0,673.0,3.0,0.0,0.0,0.0,0.0,0.0,0.0,0.0,0.0,0.0,0.0,0.0,0.0,0.0,0.0,0.0,0.0,0.0,0.0,0.0,0.0,0.0,0.0,0.0,16,93.0,5.8125,1.0,1.0,22.781656399726216,0.55,1.0,1.0,0.0,0.0,0.0,0.0,16.0,66.0,40.0,562.0,3.0,3.0,-12.0,0.0,0.0,0.0,0.0,0.0,14.7,8
00-0035689,2020,veteran,TE,12.127437712354187,4.375447815792946,53.062970849685136,33.65781476478327,398.0318670194558,2.8011063227153556,0.3939923459023908,1.7716876457150652,0.03159511107157936,0.19433623292450788,0.6342994790119819,11.82583806468396,0.052788343318549355,0.030282939337717363,0.002042974283138661,0.00020299756164532436,0.40934220618445283,73.41679898578131,73.82614119196576,veteran,Dawson Knox,TE,11.0,54.8,44.0,24.0,288.0,3.0,0.0,0.0,0.0,0.0,0.0,0.0,0.0,0.0,0.0,2.0,0.0,0.0,0.0,0.0,0.0,0.0,0.0,0.0,0.0,0.0,0.0,0.0,0.0,16,65.7,4.38,0.9375,0.9375,23.797399041752225,0.515625,1.0,0.9375,0.0,0.0625,0.0,1.0,15.0,50.0,28.0,388.0,2.0,1.0,9.0,0.0,0.0,0.0,0.0,0.0,,8
00-0036194,2020,rookie,TE,8.677970155711824,2.447947709972752,21.243217169886645,13.522938948708616,155.71303089650206,1.2452061647061339,0.14255813106627782,0.5483005041010686,0.0,0.10601359701567672,0.6365767878077374,11.514732965009209,0.05861664712778429,0.006010240717898082,0.00033822034963842083,9.686295846615668e-05,0.05824043645441504,29.64681240862007,29.705052845074487,rookie,Devin Asiasi,TE,4.0,10.9,7.0,2.0,39.0,1.0,0.0,0.0,0.0,0.0,0.0,0.0,0.0,0.0,0.0,0.0,0.0,0.0,0.0,0.0,0.0,0.0,0.0,0.0,0.0,0.0,0.0,0.0,0.0,16,0.0,,,0.0,23.04996577686516,0.0,0.0,0.0,0.0,1.0,0.0,16.0,0.0,0.0,0.0,0.0,0.0,0.0,0.0,0.0,0.0,0.0,0.0,0.0,,8
00-0036225,2020,rookie,TE,9.31083436892938,2.5631247422568744,23.864829942058563,15.191796786093553,174.92948325055238,1.3988763154782275,0.12483613170687492,0.4801389681033651,0.0,0.11374492248255785,0.6365767878077374,11.514732965009209,0.05861664712778429,0.006794981870561897,0.00038724919549421656,0.00010240741931947913,0.07058236745366779,33.3026286628166,33.37321103027027,rookie,Dalton Keene,TE,3.0,3.1,5.0,3.0,16.0,0.0,0.0,0.0,0.0,0.0,0.0,0.0,0.0,0.0,0.0,0.0,0.0,0.0,0.0,0.0,0.0,0.0,0.0,0.0,0.0,0.0,0.0,0.0,0.0,16,0.0,,,0.0,21.385352498288842,0.0,0.0,0.0,0.0,1.0,0.0,16.0,0.0,0.0,0.0,0.0,0.0,0.0,0.0,0.0,0.0,0.0,0.0,0.0,,8
00-0036232,2020,rookie,TE,8.44643114911935,2.2985437694747093,19.41449169210539,12.358814758280454,142.30845170561426,1.1380124086814414,0.10591884804497377,0.4073801847883607,0.0,0.10318502276411073,0.6365767878077374,11.514732965009209,0.05861664712778429,0.005082064063043877,0.00028112728878119806,8.977238093537422e-05,0.04800360010648363,27.07269497474092,27.120698574847403,rookie,Harrison Bryant,TE,12.0,49.8,38.0,24.0,238.0,3.0,0.0,0.0,0.0,0.0,0.0,0.0,0.0,0.0,0.0,2.0,0.0,0.0,0.0,0.0,0.0,0.0,0.0,0.0,0.0,0.0,0.0,0.0,0.0,16,0.0,,,0.0,22.360027378507873,0.0,0.0,0.0,0.0,1.0,0.0,16.0,0.0,0.0,0.0,0.0,0.0,0.0,0.0,0.0,0.0,0.0,0.0,0.0,,8
00-0036244,2020,rookie,TE,8.456163725849956,2.2436462757946787,18.97264025101331,12.077542387221838,139.0696754624393,1.1121125586760439,0.0833449817439165,0.3205576220919865,0.0,0.10330391986204135,0.6365767878077374,11.514732965009209,0.05861664712778429,0.004765685063716187,0.0002619106940171394,8.719669202334059e-05,0.045096251738065404,26.44386201439623,26.488958266134297,rookie,Colby Parkinson,TE,1.0,2.6,2.0,2.0,16.0,0.0,0.0,0.0,0.0,0.0,0.0,0.0,0.0,0.0,0.0,0.0,0.0,0.0,0.0,0.0,0.0,0.0,0.0,0.0,0.0,0.0,0.0,0.0,0.0,16,0.0,,,0.0,21.648186173853524,0.0,0.0,0.0,0.0,1.0,0.0,16.0,0.0,0.0,0.0,0.0,0.0,0.0,0.0,0.0,0.0,0.0,0.0,0.0,,8
00-0036290,2020,rookie,TE,11.468376470034054,3.4323244027931272,39.36318841851639,25.057692041329894,288.53263257535025,2.3073381253526604,0.2900520729394154,1.1155848959208283,0.0,0.14010233034945616,0.6365767878077374,11.514732965009209,0.05861664712778429,0.014860498131125648,0.0009209982625997127,0.00014624522985900285,0.18962371001153702,55.05749185920911,55.24711556922065,rookie,Cole Kmet,TE,15.0,48.0,44.0,28.0,243.0,2.0,1.0,-3.0,0.0,0.0,0.0,0.0,0.0,0.0,0.0,1.0,0.0,0.0,0.0,0.0,0.0,0.0,0.0,0.0,0.0,0.0,0.0,0.0,0.0,16,0.0,,,0.0,21.481177275838466,0.0,0.0,0.0,0.0,1.0,0.0,16.0,0.0,0.0,0.0,0.0,0.0,0.0,0.0,0.0,0.0,0.0,0.0,0.0,,8
00-0036332,2020,rookie,TE,8.32533163389986,2.3480969154428872,19.548685529599357,12.444239440295958,143.2920941076436,1.1458784015005485,0.13695202893627353,0.5267385728318214,0.0,0.10170562205462308,0.6365767878077374,11.514732965009209,0.05861664712778429,0.005378913476490094,0.00029927411609491133,9.211116133651516e-05,0.050052284851352116,27.275862153089566,27.325914437940916,rookie,Josiah Deguara,TE,1.0,1.7,2.0,1.0,12.0,0.0,0.0,0.0,0.0,0.0,0.0,0.0,0.0,0.0,0.0,0.0,0.0,0.0,0.0,0.0,0.0,0.0,0.0,0.0,0.0,0.0,0.0,0.0,0.0,16,0.0,,,0.0,23.54551676933607,0.0,0.0,0.0,0.0,1.0,0.0,16.0,0.0,0.0,0.0,0.0,0.0,0.0,0.0,0.0,0.0,0.0,0.0,0.0,,8
00-0036422,2020,rookie,TE,8.02562512371691,2.2304894470819487,17.901072144686328,11.395407004178987,131.2150686807166,1.0493008291140873,0.11994380920213973,0.46132234308515285,0.0,0.09804428597908965,0.6365767878077374,11.514732965009209,0.05861664712778429,0.004691786870983112,0.0002574413192263377,8.65818201500936e-05,0.04214346032819326,24.96505900719601,25.007202467524206,rookie,Adam Trautman,TE,10.0,30.6,16.0,15.0,171.0,1.0,0.0,0.0,0.0,0.0,0.0,0.0,0.0,0.0,0.0,0.0,0.0,0.0,0.0,0.0,0.0,0.0,0.0,0.0,0.0,0.0,0.0,0.0,0.0,16,0.0,,,0.0,23.57015742642026,0.0,0.0,0.0,0.0,1.0,0.0,16.0,0.0,0.0,0.0,0.0,0.0,0.0,0.0,0.0,0.0,0.0,0.0,0.0,,8
00-0036423,2020,rookie,TE,8.38276624737861,2.2726766900051882,19.05131744817963,12.12762646466769,139.64638024002716,1.1167243521793453,0.10209558868746738,0.3926753411056438,0.0,0.10240726654738266,0.6365767878077374,11.514732965009209,0.05861664712778429,0.004931367545808746,0.00027195775725584844,8.855672256709295e-05,0.046242839488607315,26.56325037042843,26.609493209917037,rookie,Albert Okwuegbunam,TE,4.0,23.6,15.0,11.0,121.0,1.0,0.0,0.0,0.0,0.0,0.0,0.0,0.0,0.0,0.0,0.0,0.0,0.0,0.0,0.0,0.0,0.0,0.0,0.0,0.0,0.0,0.0,0.0,0.0,16,0.0,,,0.0,22.354551676933607,0.0,0.0,0.0,0.0,1.0,0.0,16.0,0.0,0.0,0.0,0.0,0.0,0.0,0.0,0.0,0.0,0.0,0.0,0.0,,8
00-0036424,2020,rookie,TE,7.430487895234855,1.9816074561651662,14.724310216142403,9.373154100076583,107.92936650226305,0.8630896961396485,0.08353738240922945,0.3212976246508825,0.0,0.09077384863288654,0.6365767878077374,11.514732965009209,0.05861664712778429,0.003429366836075296,0.00018232910114437026,7.513292349979543e-05,0.028630608589478454,20.508633942301802,20.53726455089128,rookie,,,0.0,0.0,0.0,0.0,0.0,0.0,0.0,0.0,0.0,0.0,0.0,0.0,0.0,0.0,0.0,0.0,0.0,0.0,0.0,0.0,0.0,0.0,0.0,0.0,0.0,0.0,0.0,0.0,0.0,16,0.0,,,0.0,23.433264887063654,0.0,0.0,0.0,0.0,1.0,0.0,16.0,0.0,0.0,0.0,0.0,0.0,0.0,0.0,0.0,0.0,0.0,0.0,0.0,,8
00-0022127,2021,veteran,TE,6.186647412526381,2.72761349752079,16.874782986809027,11.630323428283994,107.1609034710061,0.9746519142963584,0.0,0.0,0.0,0.1289101184710759,0.689213214615879,9.213922908661297,0.057757893245693366,0.004562726427348832,0.0001643804258918205,3.863675892569423e-05,0.030231489259865917,22.121343310078604,22.15157479933847,veteran,,,0.0,0.0,0.0,0.0,0.0,0.0,0.0,0.0,0.0,0.0,0.0,0.0,0.0,0.0,0.0,0.0,0.0,0.0,0.0,0.0,0.0,0.0,0.0,0.0,0.0,0.0,0.0,0.0,0.0,17,25.400000000000002,4.5135922330097085,0.7997572815533981,0.625,39.32375085557837,0.64375,1.0,1.0,0.0,0.375,0.0,6.0,10.0,17.0,13.0,69.0,2.0,0.0,0.0,0.0,0.0,0.0,0.0,0.0,,9
00-0022943,2021,veteran,TE,0.25580043743712766,2.5600521124490494,0.6548624502263095,0.4389338493992088,4.743983712360377,0.03480726999406273,0.0,0.0,0.0,0.004648770206888631,0.6702687705601698,10.807969626525066,0.05315203212832545,0.005536833402615063,0.00021190928819364636,4.739043008634728e-05,0.0015218791248236632,0.8934113754862412,0.8949332546110649,veteran,,,0.0,0.0,0.0,0.0,0.0,0.0,0.0,0.0,0.0,0.0,0.0,0.0,0.0,0.0,0.0,0.0,0.0,0.0,0.0,0.0,0.0,0.0,0.0,0.0,0.0,0.0,0.0,0.0,0.0,17,0.0,3.906451612903226,0.6673387096774193,0.0,40.70362765229295,0.29062499999999997,0.0,0.8125,0.0,1.0,0.0,16.0,0.0,0.0,0.0,0.0,0.0,0.0,0.0,0.0,0.0,0.0,0.0,0.0,,9
00-0024221,2021,veteran,TE,0.0,2.4859238673500563,0.0,0.0,0.0,0.0,0.0,0.0,0.0,0.0,0.6530944896310894,11.31122366426865,0.055758057161271614,7.313572429875874e-07,1.8044938614706966e-09,3.97835751298489e-09,0.0,0.0,0.0,veteran,,,0.0,0.0,0.0,0.0,0.0,0.0,0.0,0.0,0.0,0.0,0.0,0.0,0.0,0.0,0.0,0.0,0.0,0.0,0.0,0.0,0.0,0.0,0.0,0.0,0.0,0.0,0.0,0.0,0.0,17,0.0,5.228571428571429,0.5982142857142857,0.0,37.58521560574949,0.196875,0.0,0.8125,0.0,1.0,0.0,16.0,0.0,0.0,0.0,0.0,0.0,0.0,0.0,0.0,0.0,0.0,0.0,0.0,,9
00-0024243,2021,veteran,TE,6.63625003137282,1.3178070625066631,8.745297159903167,5.777265697496533,62.23565069627978,0.5404208870966134,0.0,0.0,0.0,0.11098909040737928,0.6606139953694269,10.772509687973741,0.06179560021978684,0.0008293411309239242,1.7643954028139085e-05,6.422701829572948e-06,0.005764594952257834,12.132745060141167,12.138509655093424,veteran,Marcedes Lewis,TE,13.0,32.9,28.0,23.0,214.0,0.0,0.0,0.0,0.0,0.0,0.0,0.0,0.0,0.0,0.0,0.0,0.0,0.0,0.0,0.0,0.0,0.0,0.0,0.0,0.0,0.0,0.0,0.0,0.0,17,33.7,2.699519230769231,0.6820913461538461,0.6875,37.28678986995209,0.65,1.0,0.75,0.0625,0.25,1.0,5.0,11.0,17.0,10.0,107.0,3.0,0.0,0.0,0.0,0.0,0.0,0.0,0.0,,9
00-0024389,2021,veteran,TE,0.0,3.0822704474070974,0.0,0.0,0.0,0.0,0.0,0.0,0.0,0.0,0.6600582687493127,10.76905509641242,0.05599738743221456,7.313572429875874e-07,1.8044938614706966e-09,3.97835751298489e-09,0.0,0.0,0.0,veteran,,,0.0,0.0,0.0,0.0,0.0,0.0,0.0,0.0,0.0,0.0,0.0,0.0,0.0,0.0,0.0,0.0,0.0,0.0,0.0,0.0,0.0,0.0,0.0,0.0,0.0,0.0,0.0,0.0,0.0,17,0.0,7.323076923076923,0.3509615384615385,0.0,37.054072553045856,0.12187499999999998,0.0,0.375,0.0,1.0,0.0,16.0,0.0,0.0,0.0,0.0,0.0,0.0,0.0,0.0,0.0,0.0,0.0,0.0,,9
00-0025418,2021,veteran,TE,7.145138488699509,3.172854719885718,22.670486378107345,14.85582119558823,159.11543356548412,1.1525819947740747,0.0,0.0,0.0,0.11750366729997579,0.6552934483988109,10.71064544131273,0.05084063815618492,0.009317204303319775,0.00042018640786091086,8.217891828918333e-05,0.07225050969163536,30.019938588387024,30.09218909807866,veteran,,,0.0,0.0,0.0,0.0,0.0,0.0,0.0,0.0,0.0,0.0,0.0,0.0,0.0,0.0,0.0,0.0,0.0,0.0,0.0,0.0,0.0,0.0,0.0,0.0,0.0,0.0,0.0,0.0,0.0,17,41.9,5.400431034482758,0.7408405172413794,0.6875,36.47638603696099,0.725,1.0,0.875,0.0,0.3125,0.0,5.0,11.0,37.0,24.0,239.0,1.0,0.0,0.0,0.0,0.0,0.0,0.0,0.0,,9
00-0027061,2021,veteran,TE,10.606872697412975,4.411681973591113,46.794149075352564,30.498240211867067,393.1116197476166,3.341327596404332,0.0,0.0,0.0,0.2424743757546534,0.6517532814360143,12.889649272112896,0.07140481582481169,0.03965567010600781,0.0028947039926153265,0.00038845899976757705,0.474918949981974,74.12329890761188,74.59821785759385,veteran,Jared Cook,TE,16.0,108.4,83.0,48.0,564.0,4.0,0.0,0.0,0.0,0.0,0.0,0.0,0.0,0.0,0.0,0.0,0.0,0.0,0.0,0.0,0.0,0.0,0.0,0.0,0.0,0.0,0.0,0.0,0.0,17,108.9,8.650505050505052,0.9299242424242425,0.9375,34.403832991101986,0.928125,1.0,1.0,0.0625,0.0,1.0,1.0,15.0,60.0,37.0,504.0,7.0,0.0,0.0,0.0,0.0,0.0,0.0,0.0,,9
00-0027656,2021,veteran,TE,10.73196071285509,4.308596398428424,46.23968727548278,29.382383612533875,364.49601004343185,2.8599458121232413,0.0,0.0,0.0,0.20043595454711954,0.6354364690548634,12.40525666161223,0.06185045748870457,0.030998285499148792,0.002075649042101671,0.0002971428924387172,0.372463909798509,67.89959577425533,68.27205968405384,veteran,Rob Gronkowski,TE,12.0,146.7,89.0,55.0,802.0,6.0,0.0,0.0,0.0,0.0,0.0,0.0,0.0,0.0,0.0,0.0,3.0,0.0,0.0,3.0,3.0,0.0,0.0,0.0,0.0,0.0,0.0,0.0,0.0,17,127.8,8.069302325581395,0.9659883720930232,1.0,32.30116358658453,0.671875,1.0,1.0,0.0,0.0,0.0,0.0,16.0,77.0,45.0,623.0,7.0,0.0,0.0,0.0,0.0,0.0,0.0,0.0,,9
00-0027696,2021,veteran,TE,11.427594636588537,4.166531493107474,47.6134329438122,31.06846754211837,319.81955945811677,2.955194586130244,0.0,0.0,0.0,0.1769051590615612,0.6525147552116592,10.29402428763341,0.062066404445518954,0.01788098952004781,0.0009951681319306119,0.00016442717063382416,0.2251532810531144,64.8935469155292,65.11870019658231,veteran,Jimmy Graham,TE,11.0,43.7,23.0,14.0,167.0,3.0,0.0,0.0,0.0,0.0,0.0,0.0,0.0,0.0,0.0,0.0,0.0,0.0,0.0,0.0,0.0,0.0,0.0,0.0,0.0,0.0,0.0,0.0,0.0,17,118.6,6.5846875,1.0,1.0,34.770704996577685,1.0,1.0,1.0,0.0,0.0,0.0,0.0,16.0,76.0,50.0,456.0,8.0,0.0,0.0,0.0,0.0,0.0,0.0,0.0,,9
00-0027981,2021,veteran,TE,9.34813382595435,3.2169788105567982,30.072748436344394,21.152214451354766,224.10415535690495,1.7236186317051276,0.0,0.0,0.0,0.21740630821967777,0.7033681838601514,10.59483184951122,0.0573149685787299,0.011497727196168114,0.0005545232054771118,0.00010272075570204251,0.11717842296770195,42.893421935159296,43.010600358127,veteran,Kyle Rudolph,TE,15.0,46.699999999999996,39.0,26.0,257.0,1.0,0.0,0.0,0.0,0.0,0.0,0.0,0.0,0.0,0.0,0.0,0.0,0.0,0.0,0.0,0.0,0.0,0.0,0.0,0.0,0.0,0.0,0.0,0.0,17,51.400000000000006,5.525185185185185,0.8569444444444443,0.75,31.811088295687885,0.8437500000000001,1.0,1.0,0.1875,0.0625,3.0,4.0,12.0,37.0,28.0,334.0,1.0,0.0,0.0,0.0,0.0,0.0,0.0,0.0,,9
00-0028112,2021,veteran,TE,2.1857616476769763,1.8154244194203657,3.9680850702252766,2.6261609604305143,28.81219658825918,0.21269652188427046,0.0,0.0,0.0,0.04353947844710292,0.6618207306431113,10.97122264110419,0.05360180493111132,0.002117811342266125,6.013325356951927e-05,1.721289650748373e-05,0.004901432826107011,5.383400313452593,5.3883017462786995,veteran,,,0.0,0.0,0.0,0.0,0.0,0.0,0.0,0.0,0.0,0.0,0.0,0.0,0.0,0.0,0.0,0.0,0.0,0.0,0.0,0.0,0.0,0.0,0.0,0.0,0.0,0.0,0.0,0.0,0.0,17,0.0,2.54390243902439,0.8704268292682927,0.0,32.54757015742642,0.384375,0.0,0.9375,0.0,1.0,0.0,16.0,0.0,0.0,0.0,0.0,0.0,0.0,0.0,0.0,0.0,0.0,0.0,0.0,,9
00-0029119,2021,veteran,TE,4.762423127646883,1.0843824838863982,5.164288220475757,3.415490754322636,36.17878623651582,0.2885801335384479,0.24936645902063204,1.1259946254253153,0.03209151045265299,0.08230171412003504,0.6613671833381883,10.592558680104181,0.055879943414905424,0.0004709744400189614,8.422247662685661e-06,3.544118908789665e-06,0.002336902213976859,7.197649899061968,7.199986801275945,veteran,Derek Carrier,TE,2.0,2.3,2.0,2.0,13.0,0.0,0.0,0.0,0.0,0.0,0.0,0.0,0.0,0.0,0.0,0.0,0.0,0.0,0.0,0.0,0.0,0.0,0.0,0.0,0.0,0.0,0.0,0.0,0.0,17,1.9,1.3919753086419753,0.548611111111111,0.375,31.104722792607802,0.50625,1.0,0.6875,0.0,0.625,0.0,10.0,6.0,1.0,1.0,14.0,0.0,0.0,0.0,0.0,0.0,0.0,0.0,0.0,,9
00-0029587,2021,veteran,TE,1.4576586378126812,2.1104838144903835,3.076364962155764,2.0361552749318474,21.62418111744027,0.1666422491186826,0.0,0.0,0.0,0.026373401654024457,0.6618705192588759,10.620104165761157,0.054168556451737765,0.002947746411032921,9.271280952590942e-05,2.4379658879055917e-05,0.0045705979002894186,4.127602440613998,4.132173038514288,veteran,,,0.0,0.0,0.0,0.0,0.0,0.0,0.0,0.0,0.0,0.0,0.0,0.0,0.0,0.0,0.0,0.0,0.0,0.0,0.0,0.0,0.0,0.0,0.0,0.0,0.0,0.0,0.0,0.0,0.0,17,0.0,3.366666666666667,0.6988636363636362,0.0,32.91170431211499,0.309375,0.0,0.8125,0.0,1.0,0.0,16.0,0.0,0.0,0.0,0.0,0.0,0.0,0.0,0.0,0.0,0.0,0.0,0.0,,9
00-0029738,2021,veteran,TE,8.173527698585017,3.2047105426749996,26.193790386501533,17.862915376875034,204.98417095850974,1.857795719348699,0.0,0.0,0.0,0.13255788141861452,0.6819522914896786,11.475404021892086,0.07092504337616133,0.013076602215247353,0.0006573148203895086,0.000117777765216754,0.11686616139897173,40.31153333754346,40.42839949894243,veteran,Darren Fells,TE,3.0,6.300000000000001,5.0,4.0,43.0,0.0,0.0,0.0,0.0,0.0,0.0,0.0,0.0,0.0,0.0,0.0,0.0,0.0,0.0,0.0,0.0,0.0,0.0,0.0,0.0,0.0,0.0,0.0,0.0,17,65.7,5.503571428571428,0.8020833333333331,0.75,35.36208076659822,0.7875000000000001,1.0,0.9375,0.0,0.25,0.0,4.0,12.0,28.0,21.0,312.0,4.0,0.0,0.0,0.0,0.0,0.0,0.0,0.0,,9
00-0030061,2021,veteran,TE,8.997449894543978,6.02728541337813,54.23019850698551,34.41565728608561,345.8953616183029,2.5781982761552134,0.0,0.0,0.0,0.180952448665378,0.63462163579675,10.050523188994847,0.04754174513713259,0.04394614531856825,0.0033283565606753818,0.0004347282388136905,0.44814621373388547,66.90464956447362,67.35279577820751,veteran,Zach Ertz,TE,17.0,143.70000000000002,112.0,74.0,763.0,5.0,1.0,4.0,0.0,0.0,0.0,0.0,0.0,0.0,0.0,0.0,0.0,0.0,0.0,0.0,0.0,0.0,0.0,0.0,0.0,0.0,0.0,0.0,0.0,17,59.5,9.158301158301157,0.8322876447876448,0.6875,30.809034907597535,0.8093750000000001,1.0,1.0,0.0625,0.25,1.0,5.0,11.0,72.0,36.0,335.0,1.0,0.0,0.0,0.0,0.0,0.0,0.0,0.0,24.4,9
00-0030108,2021,veteran,TE,7.650574276363393,2.183034766471997,16.70146962877763,11.329028869756504,118.87949008543706,0.9400053422056364,0.0,0.0,0.0,0.12625640058279586,0.6783252684683455,10.49335220627716,0.05628279205956528,0.0033580675721071457,0.00010997477072753206,2.796718226293897e-05,0.027381130623824947,22.939982695490183,22.96736382611401,veteran,Ryan Griffin,TE,14.0,51.6,42.0,27.0,261.0,2.0,0.0,0.0,0.0,0.0,0.0,0.0,0.0,0.0,0.0,0.0,0.0,0.0,0.0,0.0,0.0,0.0,0.0,0.0,0.0,0.0,0.0,0.0,0.0,17,13.1,3.363876651982379,0.7216409691629955,0.625,31.638603696098563,0.709375,1.0,0.8125,0.0,0.375,0.0,6.0,10.0,12.0,9.0,86.0,0.0,0.0,0.0,0.0,0.0,0.0,0.0,0.0,,9
00-0030155,2021,veteran,TE,9.060631594601047,1.6634678532634348,15.072069387881855,9.528544940492898,99.44737775096611,0.8628217396750647,0.0,0.0,0.0,0.14714884222929306,0.6321988504215602,10.436785298492998,0.057246401769406985,0.001274957501035676,3.095875418952678e-05,1.0093432297268212e-05,0.012155584758307301,19.59164299893486,19.603798583693166,veteran,Demetrius Harris,TE,10.0,2.5,6.0,3.0,10.0,0.0,0.0,0.0,0.0,0.0,0.0,0.0,0.0,0.0,0.0,0.0,0.0,0.0,0.0,0.0,0.0,0.0,0.0,0.0,0.0,0.0,0.0,0.0,0.0,17,8.0,1.8544,0.7955000000000001,0.6875,30.094455852156056,0.78125,1.0,0.9375,0.0625,0.25,1.0,5.0,11.0,14.0,7.0,45.0,0.0,0.0,0.0,0.0,0.0,0.0,0.0,0.0,,9
00-0030181,2021,veteran,TE,9.819792415366123,3.2423747994130734,31.839447463050753,20.98877842290888,222.0114254512377,1.8754525538982418,0.0,0.0,0.0,0.24981372098239552,0.6592067418024786,10.577624908790126,0.05890342651437903,0.009727906875105184,0.0004447702304658516,8.60241119444193e-05,0.10376683099713051,43.44861963800287,43.552386469,veteran,Jack Doyle,TE,15.0,64.7,43.0,29.0,302.0,3.0,0.0,0.0,0.0,0.0,0.0,0.0,0.0,0.0,0.0,0.0,0.0,0.0,0.0,0.0,0.0,0.0,0.0,0.0,0.0,0.0,0.0,0.0,0.0,17,52.6,4.914007782101167,0.8518968871595332,0.8125,31.326488706365502,0.803125,1.0,1.0,0.125,0.0625,2.0,3.0,13.0,33.0,23.0,251.0,3.0,0.0,0.0,0.0,0.0,0.0,0.0,0.0,,9
00-0030216,2021,veteran,TE,7.1640323878083745,1.7420034613006044,12.479769216431821,8.397475651345603,84.3862243417373,0.7310568508049243,0.0,0.0,0.0,0.11889207635568066,0.6728870947620443,10.048998990335308,0.058579356567135775,0.0015493722942038948,3.9949782510041606e-05,1.2389812452454217e-05,0.011706577635507932,16.785917211964716,16.797623789600223,veteran,,,0.0,0.0,0.0,0.0,0.0,0.0,0.0,0.0,0.0,0.0,0.0,0.0,0.0,0.0,0.0,0.0,0.0,0.0,0.0,0.0,0.0,0.0,0.0,0.0,0.0,0.0,0.0,0.0,0.0,17,14.6,2.6333333333333337,0.7131849315068494,0.5625,31.28268309377139,0.684375,1.0,0.875,0.125,0.3125,2.0,7.0,9.0,10.0,8.0,46.0,1.0,0.0,0.0,0.0,0.0,0.0,0.0,0.0,,9
00-0030470,2021,veteran,TE,8.022328953917823,2.6815126505011717,21.511976576412472,14.523680718740511,139.10561842518956,1.1336499090872356,0.3057656878279222,1.27824144539945,0.03934964952997361,0.14739206253817172,0.6751439444511802,9.577848833160852,0.05269854701916439,0.004576516838811291,0.00016503253288968107,3.875995371665875e-05,0.03932213164240455,28.043439573056073,28.082761704698477,veteran,,,0.0,0.0,0.0,0.0,0.0,0.0,0.0,0.0,0.0,0.0,0.0,0.0,0.0,0.0,0.0,0.0,0.0,0.0,0.0,0.0,0.0,0.0,0.0,0.0,0.0,0.0,0.0,0.0,0.0,17,17.4,3.7882845188284517,0.7717050209205022,0.625,31.21971252566735,0.746875,1.0,0.9375,0.0,0.375,0.0,6.0,10.0,20.0,15.0,99.0,0.0,0.0,0.0,0.0,0.0,0.0,0.0,0.0,,9
00-0030472,2021,veteran,TE,6.791565532035612,3.8213591249734504,25.953010918699455,16.55161990269859,168.1242343385451,1.4974227624084226,0.0,0.0,0.0,0.13280933078005458,0.6377533595060815,10.157569792376274,0.05769745819085336,0.012600049064828018,0.0006258274267504051,0.00011321779977028538,0.09348743311448997,33.80715129809423,33.90063873120872,veteran,,,0.0,0.0,0.0,0.0,0.0,0.0,0.0,0.0,0.0,0.0,0.0,0.0,0.0,0.0,0.0,0.0,0.0,0.0,0.0,0.0,0.0,0.0,0.0,0.0,0.0,0.0,0.0,0.0,0.0,17,60.099999999999994,6.305369127516777,0.6740771812080536,0.625,31.16495550992471,0.465625,1.0,0.8125,0.0625,0.3125,1.0,6.0,10.0,46.0,26.0,231.0,4.0,0.0,0.0,0.0,0.0,0.0,0.0,0.0,,9
00-0030506,2021,veteran,TE,11.455794211806483,8.557284934930236,98.0304952263526,68.10874892273682,862.244762055996,5.793762943228026,0.4212928424778996,1.772487497193918,0.057894103237682626,0.32636867923724705,0.6947710379864306,12.65982382137329,0.05910163903436596,0.2502160165935563,0.04258883611326908,0.0034751080704634872,3.6778768537827164,154.91330433700716,158.59118119078988,veteran,Travis Kelce,TE,16.0,222.3,134.0,92.0,1125.0,9.0,2.0,3.0,1.0,0.0,0.0,0.0,0.0,0.0,0.0,1.0,5.5,0.0,0.0,5.5,4.0,1.0,0.0,0.0,0.0,0.0,0.0,0.0,0.0,17,267.76,15.990161812297734,0.966626213592233,0.9375,31.906913073237508,0.9656250000000001,1.0,1.0,0.0,0.0625,0.0,1.0,15.0,145.0,105.0,1416.0,11.0,0.0,0.0,0.0,2.0,4.0,0.0,0.0,2.0,9
00-0030549,2021,veteran,TE,11.245673506692881,3.4745802055832824,39.07399456480742,25.4381302072306,261.31224476429503,2.020169859338798,0.0,0.0,0.0,0.17975649652413495,0.6510245622581377,10.272462741385723,0.05170113477873834,0.010518596724695645,0.000493056359171446,9.345874836608273e-05,0.12870784390889578,50.61179574302932,50.74050358693822,veteran,,,0.0,0.0,0.0,0.0,0.0,0.0,0.0,0.0,0.0,0.0,0.0,0.0,0.0,0.0,0.0,0.0,0.0,0.0,0.0,0.0,0.0,0.0,0.0,0.0,0.0,0.0,0.0,0.0,0.0,17,64.9,4.830402930402929,0.9292582417582418,0.9375,30.981519507186857,0.853125,1.0,1.0,0.0625,0.0,1.0,1.0,15.0,60.0,36.0,349.0,2.0,0.0,0.0,0.0,0.0,0.0,0.0,0.0,,9
00-0030710,2021,veteran,TE,9.286659164980449,3.405618950726457,31.626822441194953,20.452180109176087,201.17237065503352,1.7752359338558774,2.1584118615085215,8.730638732817084,0.3395471145173968,0.1719052282552123,0.6466719869567569,9.836231129451837,0.056130707950716396,0.00861208608894981,0.00037880497402841185,7.560478206510986e-05,0.0866584889178107,43.56127882710232,43.64793731602013,veteran,,,0.0,0.0,0.0,0.0,0.0,0.0,0.0,0.0,0.0,0.0,0.0,0.0,0.0,0.0,0.0,0.0,0.0,0.0,0.0,0.0,0.0,0.0,0.0,0.0,0.0,0.0,0.0,0.0,0.0,17,69.3,5.342105263157895,0.75,0.75,29.842573579739906,0.7125,1.0,1.0,0.0,0.25,0.0,4.0,12.0,47.0,28.0,250.0,3.0,2.0,3.0,2.0,0.0,0.0,0.0,0.0,,9
00-0031260,2021,veteran,TE,12.260048867381414,4.397709179498919,53.91612944518857,35.23653011999861,344.10603830709306,2.919059677676511,3.0737281712720264,12.291804114697248,0.3824947821864099,0.1933040061001766,0.6535433919792084,9.7656051017292,0.05414074985935412,0.018028299453315657,0.0010060762790519468,0.00016587582456672345,0.24359694024188122,72.68076804915552,72.9243649893974,veteran,Logan Thomas,TE,5.0,44.6,25.0,18.0,196.0,3.0,0.0,0.0,0.0,0.0,0.0,0.0,0.0,0.0,0.0,1.0,0.0,0.0,0.0,0.0,0.0,0.0,0.0,0.0,0.0,0.0,0.0,0.0,0.0,17,141.62,6.104163822525598,0.9404863481228669,1.0,30.171115674195757,0.915625,1.0,1.0,0.0,0.0,0.0,0.0,16.0,110.0,72.0,670.0,6.0,3.0,5.0,0.0,1.0,28.0,0.0,0.0,7.0,9
00-0031273,2021,veteran,TE,10.380018143982962,2.966732268920599,30.79473477973556,20.95937931390056,210.76451062264695,1.8400767838525303,0.0,0.0,0.0,0.18650502174151662,0.6806156787456035,10.05585649584885,0.05975296741517614,0.007162728400071178,0.00029722901440145733,6.220846504430893e-05,0.08026856458850734,42.22359137884712,42.303859943435626,veteran,Cameron Brate,TE,16.0,63.5,57.0,30.0,245.0,4.0,0.0,0.0,0.0,0.0,0.0,0.0,0.0,0.0,0.0,0.0,0.0,0.0,0.0,0.0,0.0,0.0,0.0,0.0,0.0,0.0,0.0,0.0,0.0,17,54.2,4.66360294117647,0.8524816176470588,0.8125,30.16563997262149,0.8500000000000001,1.0,0.9375,0.0,0.1875,0.0,3.0,13.0,34.0,28.0,282.0,2.0,0.0,0.0,0.0,0.0,0.0,0.0,0.0,,9
00-0031384,2021,veteran,TE,5.306880048739062,2.9706096642984123,15.764669160056688,10.713872287038134,126.73981945512664,0.8926000724757427,0.0,0.0,0.0,0.09637283495597278,0.6796128848795713,11.829506275565661,0.05662028574233226,0.011373689772732341,0.0005466372049159096,0.00010154414142778476,0.06578797960687977,23.193772853974238,23.25956083358112,veteran,Richard Rodgers,TE,1.0,2.1,2.0,2.0,11.0,0.0,0.0,0.0,0.0,0.0,0.0,0.0,0.0,0.0,0.0,0.0,0.0,0.0,0.0,0.0,0.0,0.0,0.0,0.0,0.0,0.0,0.0,0.0,0.0,17,58.5,6.88404255319149,0.4760638297872341,0.5,29.609856262833677,0.29375,1.0,0.5,0.125,0.375,2.0,8.0,8.0,31.0,24.0,345.0,2.0,0.0,0.0,0.0,0.0,0.0,0.0,0.0,,9
00-0031387,2021,veteran,TE,12.177594868999455,5.008191214911938,60.987723641679764,38.67857850416647,409.09446555120854,3.6477700146476617,0.7513367926006242,3.057269434945759,0.09960358218741223,0.3055122143248344,0.6342026918632695,10.576770951061214,0.0598115456166121,0.03005288681830816,0.001990984683779152,0.00028734224628070124,0.40933826254932837,82.42767990305944,82.83701816560877,veteran,Eric Ebron,TE,8.0,26.5,18.0,12.0,84.0,1.0,1.0,1.0,1.0,0.0,0.0,0.0,0.0,0.0,0.0,0.0,0.0,0.0,0.0,0.0,0.0,0.0,0.0,0.0,0.0,0.0,0.0,0.0,0.0,17,113.8,8.058781362007167,0.8891129032258065,0.9375,28.39425051334702,0.8718750000000001,1.0,1.0,0.0,0.0625,0.0,1.0,15.0,91.0,56.0,558.0,5.0,0.0,0.0,0.0,0.0,0.0,0.0,0.0,,9
00-0031558,2021,veteran,TE,6.444763536357444,1.810518389733802,11.668362900061002,7.966006460606212,89.00997522734218,0.6669545232359984,0.5786003090815303,2.416289309888063,0.07418388477874406,0.11042097153140577,0.6827012948461318,11.173726216206022,0.05715922010212003,0.0024124719567055492,7.13136970663868e-05,1.9742263559970054e-05,0.01649167961143816,17.351618189051777,17.368109868663215,veteran,Maxx Williams,TE,5.0,33.3,17.0,16.0,193.0,1.0,0.0,0.0,0.0,0.0,0.0,0.0,0.0,0.0,0.0,0.0,0.0,0.0,0.0,0.0,0.0,0.0,0.0,0.0,0.0,0.0,0.0,0.0,0.0,17,20.200000000000003,2.94080459770115,0.6142241379310346,0.375,27.38945927446954,0.54375,1.0,0.8125,0.0625,0.5625,1.0,10.0,6.0,10.0,8.0,102.0,1.0,0.0,0.0,0.0,0.0,0.0,0.0,0.0,,9
00-0031598,2021,veteran,TE,8.276568840679401,2.645285204499557,21.893885098271273,14.858860001231928,150.95912750036956,1.2391605440948195,0.0,0.0,0.0,0.136778544405795,0.6786762575275036,10.15953629604517,0.056598476630932114,0.005281396589058622,0.00019916689876900952,4.508521742289031e-05,0.04693077207833766,29.686748926410246,29.733679698488583,veteran,Nick Boyle,TE,2.0,0.7,2.0,1.0,2.0,0.0,0.0,0.0,0.0,0.0,0.0,0.0,0.0,0.0,0.0,0.0,0.0,0.0,0.0,0.0,0.0,0.0,0.0,0.0,0.0,0.0,0.0,0.0,0.0,17,30.3,3.5080000000000005,0.7425,0.5625,28.536618754277892,0.703125,1.0,0.9375,0.0,0.4375,0.0,7.0,9.0,17.0,14.0,113.0,2.0,0.0,0.0,0.0,0.0,0.0,0.0,0.0,,9
00-0031610,2021,veteran,TE,12.656384169540637,7.928053353774652,100.34048896198705,71.43903031547849,810.7930984255437,5.375461249491314,1.4294701356735653,6.100031640184088,0.18191292146068178,0.43226895787825537,0.711966137045061,11.349441542599878,0.05357220505002474,0.1714765824272569,0.023279230421991766,0.002107126047149036,2.6655570218599705,149.88853527426753,152.5540922961275,veteran,Darren Waller,TE,11.0,108.0,93.0,55.0,665.0,2.0,0.0,0.0,0.0,0.0,0.0,0.0,0.0,0.0,0.0,0.0,2.0,0.0,0.0,2.0,2.0,0.0,0.0,0.0,0.0,0.0,0.0,0.0,0.0,17,235.1,13.063028169014084,0.9683098591549296,1.0,28.966461327857633,0.8875000000000001,1.0,1.0,0.0,0.0,0.0,0.0,16.0,145.0,107.0,1196.0,9.0,0.0,0.0,0.0,0.0,0.0,0.0,0.0,3.0,9
00-0031744,2021,veteran,TE,2.4878338461782263,2.2167336107258846,5.514864904724725,3.640509395213848,39.0132686278361,0.30255591138880095,0.0,0.0,0.0,0.04541399950892274,0.6601266682153776,10.716431244244712,0.05486188993126443,0.003445809037557446,0.0001137555488234582,2.873766719519909e-05,0.009140096790149446,7.446089029705495,7.455229126495644,veteran,,,0.0,0.0,0.0,0.0,0.0,0.0,0.0,0.0,0.0,0.0,0.0,0.0,0.0,0.0,0.0,0.0,0.0,0.0,0.0,0.0,0.0,0.0,0.0,0.0,0.0,0.0,0.0,0.0,0.0,17,0.0,3.2482758620689656,0.6400862068965517,0.0,28.944558521560573,0.271875,0.0,0.8125,0.0,1.0,0.0,16.0,0.0,0.0,0.0,0.0,0.0,0.0,0.0,0.0,0.0,0.0,0.0,0.0,,9
00-0031951,2021,veteran,TE,11.124477791161047,2.5987686101030176,28.90994368745748,19.49240551174445,199.0819378452283,1.4365306500307378,0.0,0.0,0.0,0.18230760577254268,0.6742457101430187,10.213307830338263,0.04968984601149443,0.0050043486944537615,0.00018556648543468238,4.259264741955594e-05,0.05971490320025076,37.90896522903439,37.968680132234645,veteran,James O'Shaughnessy,TE,7.0,38.4,34.0,24.0,244.0,0.0,0.0,0.0,0.0,0.0,0.0,0.0,0.0,0.0,0.0,0.0,0.0,0.0,0.0,0.0,0.0,0.0,0.0,0.0,0.0,0.0,0.0,0.0,0.0,17,40.2,3.156962025316456,0.8473101265822786,0.9375,29.631759069130734,0.740625,1.0,0.9375,0.0625,0.0,1.0,1.0,15.0,38.0,28.0,262.0,0.0,0.0,0.0,0.0,0.0,0.0,0.0,0.0,,9
00-0032062,2021,veteran,TE,8.704216540367515,1.406910886383357,12.246057008081138,8.093137211725328,84.84668512368049,0.6294051244616344,0.7765523321895161,3.2234148237414484,0.09931636828359437,0.1434436266201531,0.6608769832105705,10.483781864065607,0.051396553523006774,0.0009212742609651725,2.0243254276976847e-05,7.173027146479924e-06,0.008408144326636495,16.939020303835925,16.94742844816256,veteran,Blake Bell,TE,11.0,14.2,13.0,9.0,87.0,0.0,4.0,10.0,0.0,0.0,0.0,0.0,0.0,0.0,0.0,0.0,0.0,0.0,0.0,0.0,0.0,0.0,0.0,0.0,0.0,0.0,0.0,0.0,0.0,17,16.7,1.2227074235807862,0.7366266375545852,0.6875,30.069815195071868,0.715625,1.0,0.875,0.0,0.3125,0.0,5.0,11.0,15.0,11.0,110.0,0.0,1.0,2.0,0.0,0.0,0.0,0.0,0.0,,9
00-0032117,2021,veteran,TE,1.8644530557990315,1.7136380387993697,3.1949976779729443,2.1260940766407486,22.509055945980368,0.1797356872526561,0.0,0.0,0.0,0.03457173258978167,0.6654446390676696,10.587046073494978,0.056255342059180716,0.0016586933291708578,4.367676805106649e-05,1.33109193458074e-05,0.0032643409401959993,4.323223291254784,4.32648763219498,veteran,,,0.0,0.0,0.0,0.0,0.0,0.0,0.0,0.0,0.0,0.0,0.0,0.0,0.0,0.0,0.0,0.0,0.0,0.0,0.0,0.0,0.0,0.0,0.0,0.0,0.0,0.0,0.0,0.0,0.0,17,0.0,2.9727272727272727,0.4659090909090909,0.0,29.00205338809035,0.20625,0.0,0.5,0.0,1.0,0.0,16.0,0.0,0.0,0.0,0.0,0.0,0.0,0.0,0.0,0.0,0.0,0.0,0.0,,9
00-0032134,2021,veteran,TE,4.143755876553554,3.238668763111277,13.420252719352783,8.9364856205844,92.88907584711315,0.7532296703622506,0.0,0.0,0.0,0.07202384901592329,0.6658954795759895,10.394363040561654,0.056126340249617636,0.009494314079089924,0.00043074526824824313,8.383568745940466e-05,0.042714263859125585,18.13248071914517,18.175194983004296,veteran,C.J. Uzomah,TE,16.0,103.8,63.0,49.0,493.0,5.0,0.0,0.0,0.0,0.0,0.0,0.0,0.0,0.0,0.0,0.0,0.0,0.0,0.0,0.0,0.0,0.0,0.0,0.0,0.0,0.0,0.0,0.0,0.0,17,18.7,4.896753246753246,0.8068181818181818,0.125,28.629705681040384,0.48125000000000007,1.0,1.0,0.0,0.875,0.0,14.0,2.0,11.0,8.0,87.0,1.0,0.0,0.0,0.0,0.0,0.0,0.0,0.0,,9
00-0032135,2021,veteran,TE,11.42960473492478,2.205826740029008,25.21172775225924,16.581318814689908,176.3462241368737,1.4006524473264712,0.0,0.0,0.0,0.18357928519790534,0.6576827648475637,10.635235116560395,0.05555559147274061,0.003291742730210758,0.00010713728528814364,2.7385522349752807e-05,0.04008613492202988,33.962037934595344,34.00212406951737,veteran,Jesse James,TE,5.0,15.700000000000001,8.0,7.0,62.0,1.0,0.0,0.0,0.0,0.0,0.0,0.0,0.0,0.0,0.0,0.0,0.0,0.0,0.0,0.0,0.0,0.0,0.0,0.0,0.0,0.0,0.0,0.0,0.0,17,31.900000000000002,2.6127819548872178,0.8336466165413534,0.8125,27.24435318275154,0.83125,1.0,0.9375,0.0,0.1875,0.0,3.0,13.0,22.0,14.0,129.0,2.0,0.0,0.0,0.0,0.0,0.0,0.0,0.0,,9
00-0032141,2021,veteran,TE,5.944697585179346,1.8752462780459382,11.147772020716246,7.562033604070289,75.4302510327107,0.6091565907813931,0.0,0.0,0.0,0.10437810487483068,0.6783448378759029,9.974863242092725,0.0546437969532727,0.0019044615980241394,5.2331542859314024e-05,1.5393304056422103e-05,0.011971108132441897,14.770225240244912,14.782196348377354,veteran,Geoff Swaim,TE,16.0,54.5,40.0,31.0,210.0,3.0,0.0,0.0,0.0,0.0,0.0,0.0,0.0,0.0,0.0,0.0,0.0,0.0,0.0,0.0,0.0,0.0,0.0,0.0,0.0,0.0,0.0,0.0,0.0,17,18.8,2.9600000000000004,0.44553571428571426,0.4375,27.958932238193018,0.4375,1.0,0.5625,0.0,0.5625,0.0,9.0,7.0,12.0,9.0,83.0,1.0,0.0,0.0,0.0,0.0,0.0,0.0,0.0,,9
00-0032214,2021,veteran,TE,5.6933871505826525,1.7983804283344071,10.23887602253844,6.7323270302144635,71.96910228642567,0.6389406237268829,0.0,0.0,0.0,0.0995319576235664,0.6575259838477244,10.69007818001572,0.062403394896120214,0.0018845596357300938,5.161708010785918e-05,1.5224110264701494e-05,0.011343695153047673,14.197653570863965,14.208997266017013,veteran,Tyler Kroft,TE,9.0,31.3,25.0,16.0,173.0,1.0,0.0,0.0,0.0,0.0,0.0,0.0,0.0,0.0,0.0,0.0,0.0,0.0,0.0,0.0,0.0,0.0,0.0,0.0,0.0,0.0,0.0,0.0,0.0,17,35.9,3.4815068493150685,0.47089041095890405,0.4375,28.878850102669404,0.45625000000000004,1.0,0.5625,0.0,0.5625,0.0,9.0,7.0,16.0,12.0,119.0,3.0,0.0,0.0,0.0,0.0,0.0,0.0,0.0,,9
00-0032227,2021,veteran,TE,2.3561881024745404,2.684827971114467,6.325959722730766,4.180183009656397,43.244629046198476,0.34855379718434076,0.0,0.0,0.0,0.04320311534137714,0.6607982334500088,10.345152101307905,0.05509895928232031,0.005375786249394431,0.00020385316657270644,4.5936268739797216e-05,0.013603307190618514,8.419470961871337,8.433074269061954,veteran,,,0.0,0.0,0.0,0.0,0.0,0.0,0.0,0.0,0.0,0.0,0.0,0.0,0.0,0.0,0.0,0.0,0.0,0.0,0.0,0.0,0.0,0.0,0.0,0.0,0.0,0.0,0.0,0.0,0.0,17,0.0,3.8666666666666667,0.5763888888888888,0.0,28.76933607118412,0.253125,0.0,0.6875,0.0,1.0,0.0,16.0,0.0,0.0,0.0,0.0,0.0,0.0,0.0,0.0,0.0,0.0,0.0,0.0,,9
00-0032392,2021,veteran,TE,11.67069728496973,5.5390713351206005,64.64482479204565,44.67887950430876,446.0194606049572,3.6276039041828296,0.0,0.0,0.0,0.18706452613458105,0.6911439492339123,9.98278080277156,0.05611592135723748,0.0432238559207902,0.003254116183749161,0.00042689294729768897,0.5713835220286748,88.3328801854779,88.90426370750657,veteran,Austin Hooper,TE,15.0,73.5,61.0,38.0,345.0,3.0,0.0,0.0,0.0,0.0,0.0,0.0,0.0,0.0,0.0,0.0,0.0,0.0,0.0,0.0,0.0,0.0,0.0,0.0,0.0,0.0,0.0,0.0,0.0,17,90.5,8.606691449814127,0.845957249070632,0.8125,26.84188911704312,0.8406250000000001,1.0,1.0,0.125,0.0625,2.0,3.0,13.0,70.0,46.0,435.0,4.0,0.0,0.0,0.0,0.0,0.0,0.0,0.0,,9
00-0032394,2021,veteran,TE,9.666455724368888,2.27621320962236,22.002914210038142,14.69923396914152,145.24011872878214,1.185557148639914,0.0,0.0,0.0,0.15698770592870961,0.6680585048336667,9.880795083178379,0.05388182389490209,0.0030552096259980105,9.716520897708958e-05,2.531665745033943e-05,0.031431358060829966,28.672996337431037,28.704427695491866,veteran,Nick Vannett,TE,7.0,23.8,15.0,9.0,133.0,1.0,0.0,0.0,0.0,0.0,0.0,0.0,0.0,0.0,0.0,0.0,0.0,0.0,0.0,0.0,0.0,0.0,0.0,0.0,0.0,0.0,0.0,0.0,0.0,17,22.5,2.3052,0.7955000000000001,0.6875,28.490075290896645,0.78125,1.0,0.9375,0.0,0.3125,0.0,5.0,11.0,21.0,14.0,95.0,1.0,0.0,0.0,0.0,0.0,0.0,0.0,0.0,,9
00-0033080,2021,veteran,TE,2.435061271854871,1.3853843713089387,3.373495829207405,2.213720402509535,24.365488885455765,0.18379546831612645,0.0,0.0,0.0,0.04451673195848585,0.6562096159548664,11.006579176771542,0.05448219817698982,0.0009894023917929738,2.2222248723714115e-05,7.731604729055276e-06,0.0025280781148866393,4.55714843578013,4.559676513895017,veteran,,,0.0,0.0,0.0,0.0,0.0,0.0,0.0,0.0,0.0,0.0,0.0,0.0,0.0,0.0,0.0,0.0,0.0,0.0,0.0,0.0,0.0,0.0,0.0,0.0,0.0,0.0,0.0,0.0,0.0,17,0.0,1.9729411764705882,0.3566176470588236,0.125,28.588637919233403,0.265625,1.0,0.4375,0.0,0.875,0.0,14.0,2.0,1.0,0.0,0.0,0.0,0.0,0.0,0.0,0.0,0.0,0.0,0.0,,9
00-0033090,2021,veteran,TE,11.682400763292389,5.6501307546218635,66.00709184049626,43.84201479779017,467.3616155773113,3.5638041254485424,0.0,0.0,0.0,0.24016894277634632,0.6642015816078188,10.66013087520942,0.053991230731090925,0.049121299889961646,0.003874555931327126,0.000491405375388231,0.6532324731477778,89.55965582376477,90.21288829691255,veteran,Hunter Henry,TE,16.0,139.3,75.0,50.0,603.0,9.0,0.0,0.0,0.0,0.0,0.0,0.0,0.0,0.0,0.0,0.0,0.0,0.0,0.0,0.0,0.0,0.0,0.0,0.0,0.0,0.0,0.0,0.0,0.0,17,115.3,8.896017699115044,0.8351769911504424,0.875,26.73511293634497,0.70625,1.0,0.875,0.0,0.125,0.0,2.0,14.0,93.0,60.0,613.0,4.0,0.0,0.0,0.0,0.0,0.0,0.0,0.0,24.2,9
00-0033110,2021,veteran,TE,12.252047528987987,4.505580003257154,55.2025803455645,38.56908875299931,426.040153759393,3.158099894796695,0.9317026831060511,3.844618053238701,0.11915916412905833,0.1934418158815382,0.6986827157636359,11.046155549274213,0.057209280345722945,0.03313303957575713,0.0022703816674936807,0.00031939944898869247,0.4554994062701138,81.54969227955426,82.00519168582437,veteran,Tyler Higbee,TE,15.0,116.5,85.0,61.0,560.0,5.0,0.0,0.0,0.0,0.0,0.0,0.0,0.0,0.0,0.0,0.0,0.0,0.0,0.0,0.0,0.0,0.0,0.0,0.0,0.0,0.0,0.0,0.0,0.0,17,106.2,7.241237113402063,0.910438144329897,0.9375,28.6652977412731,0.9093749999999999,1.0,0.9375,0.0,0.0625,0.0,1.0,15.0,60.0,44.0,521.0,5.0,1.0,1.0,0.0,0.0,0.0,0.0,0.0,12.2,9
00-0033217,2021,veteran,TE,11.16240625953936,2.8623743868345346,31.950985772746947,21.919037963135654,254.42880447066665,1.7690315482587755,0.0,0.0,0.0,0.26501456352706604,0.6860207105669902,11.607662932039972,0.05536704128132711,0.009956346789955007,0.00045859296803397564,8.816782560392768e-05,0.12078361943260565,46.48655959113301,46.60734321056562,veteran,Mo Alie-Cox,TE,17.0,67.6,45.0,24.0,316.0,4.0,0.0,0.0,0.0,0.0,0.0,0.0,0.0,0.0,0.0,0.0,0.0,0.0,0.0,0.0,0.0,0.0,0.0,0.0,0.0,0.0,0.0,0.0,0.0,17,65.9,3.744117647058824,0.7741596638655462,0.875,27.95071868583162,0.74375,1.0,0.875,0.0625,0.0625,1.0,2.0,14.0,39.0,31.0,394.0,2.0,0.0,0.0,0.0,0.0,0.0,0.0,0.0,,9
00-0033288,2021,veteran,TE,8.01657484845718,7.299814182559792,58.51950677431984,41.22425629477417,517.9689450982779,2.9148791993689502,4.466321537105764,19.726231312917893,0.5407727397083608,0.13294723213505982,0.7044532424675979,12.564664390657272,0.049810385631071125,0.17510393790497636,0.024043190498146596,0.0021637816784619247,1.7275421143732221,94.8496629587004,96.57720507307363,veteran,George Kittle,TE,14.0,168.5,94.0,71.0,910.0,6.0,3.0,20.0,0.0,0.0,0.0,0.0,0.0,0.0,0.0,1.0,6.0,0.0,0.0,6.0,3.0,2.0,0.0,0.0,0.0,0.0,0.0,0.0,0.0,17,104.6,13.250909090909088,0.7522727272727272,0.5,27.89596167008898,0.6875000000000001,1.0,1.0,0.1875,0.3125,3.0,8.0,8.0,63.0,48.0,634.0,2.0,2.0,17.0,0.0,0.0,0.0,0.0,0.0,3.5,9
00-0033357,2021,veteran,TE,12.356401310967973,3.033097425384582,37.478169003315635,25.159379376118014,278.1957675123304,2.4175183723432445,110.94379500526041,582.4127279943217,11.095646604158157,0.6517512458574461,0.6713075917313944,11.057338233724542,0.06450470865130499,0.009612716754909304,0.00043784024437554643,8.494448411674038e-05,0.1289929968365191,178.41602660601774,178.54501960285427,veteran,Taysom Hill,TE,12.0,120.72000000000001,6.0,4.0,52.0,0.0,70.0,374.0,5.0,134.0,78.0,978.0,4.0,5.0,9.0,0.0,0.0,1.0,0.0,1.0,0.0,0.0,0.0,1.0,0.0,0.0,0.0,0.0,0.0,17,152.62,7.3539432176656145,0.9911277602523659,1.0,31.025325119780973,0.9906250000000001,1.0,1.0,0.0,0.0,0.0,0.0,16.0,12.0,8.0,98.0,1.0,87.0,457.0,8.0,121.0,928.0,4.0,2.0,,9
00-0033387,2021,veteran,TE,10.358897234507374,3.608286178233063,37.37786571300966,24.639650324769043,238.01843939025522,2.1388699158610702,0.0,0.0,0.0,0.17276141668149678,0.6592043139636252,9.659976349217377,0.05722290117588548,0.010187045261624736,0.000472658386848141,9.033625744722242e-05,0.11474245248791938,48.609365763213475,48.72410821570139,veteran,Jacob Hollister,TE,7.0,16.0,14.0,9.0,55.0,1.0,0.0,0.0,0.0,0.0,0.0,0.0,0.0,0.0,0.0,0.0,0.0,0.0,0.0,0.0,0.0,0.0,0.0,0.0,0.0,0.0,0.0,0.0,0.0,17,53.4,4.95,0.7329009433962265,0.8125,27.786447638603697,0.6625,1.0,0.8125,0.0,0.1875,0.0,3.0,13.0,40.0,25.0,209.0,3.0,0.0,0.0,0.0,0.0,0.0,0.0,0.0,,9
00-0033439,2021,veteran,TE,8.07397216555661,2.077949102216397,16.777303212738534,11.410571827336963,125.70595236510997,0.9908819937326105,0.0,0.0,0.0,0.14053873435225497,0.6801195449977465,11.016621626617257,0.059060862235610176,0.0033767470947130666,0.00011077710354703717,2.8131117763007403e-05,0.029059638652376124,23.940095643870634,23.969155282523012,veteran,Pharaoh Brown,TE,13.0,26.599999999999998,34.0,23.0,171.0,0.0,0.0,0.0,0.0,0.0,0.0,0.0,0.0,0.0,0.0,1.0,0.0,0.0,0.0,0.0,0.0,0.0,0.0,0.0,0.0,0.0,0.0,0.0,0.0,17,35.3,2.700657894736842,0.5731907894736843,0.625,27.329226557152634,0.475,1.0,0.625,0.0625,0.3125,1.0,6.0,10.0,16.0,14.0,163.0,2.0,0.0,0.0,0.0,0.0,0.0,0.0,0.0,,9
00-0033455,2021,veteran,TE,12.53963942157859,3.656496077965032,45.85114236409782,31.19855138184469,334.82910929868297,2.2924899047259033,0.0,0.0,0.0,0.20336727258727708,0.6804312776789976,10.732200517923065,0.04999853409368836,0.015637934397839823,0.0008329883549964937,0.00014249976250180796,0.21533591034712346,62.430391503971514,62.645727414318635,veteran,Anthony Firkser,TE,15.0,62.1,43.0,34.0,291.0,2.0,0.0,0.0,0.0,0.0,0.0,0.0,0.0,0.0,0.0,1.0,0.0,0.0,0.0,0.0,0.0,0.0,0.0,0.0,0.0,0.0,0.0,0.0,0.0,17,65.2,4.093650793650793,0.8229166666666667,0.9375,26.532511978097194,0.7875,1.0,0.9375,0.0,0.0625,0.0,1.0,15.0,53.0,39.0,387.0,1.0,0.0,0.0,0.0,0.0,0.0,0.0,0.0,,9
00-0033528,2021,veteran,TE,7.559108678550704,2.0607096059602905,15.577127866387233,10.141887703067763,105.5925526321891,0.8367447217851207,0.0,0.0,0.0,0.12741048823482823,0.6510755891625063,10.41152847711467,0.05371623889604656,0.002490335135963076,7.434212456767329e-05,2.041356830325002e-05,0.0199762709999029,20.39584646899386,20.41582273999376,veteran,Jeremy Sprinkle,TE,6.0,4.6,3.0,3.0,31.0,0.0,0.0,0.0,0.0,0.0,0.0,0.0,0.0,0.0,0.0,0.0,0.0,0.0,0.0,0.0,0.0,0.0,0.0,0.0,0.0,0.0,0.0,0.0,0.0,17,1.1,1.5659898477157361,0.7192258883248731,0.4375,27.06091718001369,0.615625,1.0,1.0,0.0,0.5625,0.0,9.0,7.0,3.0,1.0,6.0,0.0,0.0,0.0,0.0,0.0,0.0,0.0,0.0,,9
00-0033611,2021,veteran,TE,3.794613056584863,3.315280964246614,12.580208433177456,8.009587833746307,90.4021329379569,0.7282859974894563,0.0,0.0,0.0,0.08448728992278054,0.6366816477080642,11.28673969427879,0.05789140945938277,0.011294574522318268,0.0005416220894373873,0.00010079414901652817,0.04670635891720143,17.24574861576002,17.292454974677224,veteran,Ricky Seals-Jones,TE,11.0,54.1,49.0,30.0,271.0,2.0,0.0,0.0,0.0,0.0,0.0,0.0,0.0,0.0,0.0,0.0,0.0,0.0,0.0,0.0,0.0,0.0,0.0,0.0,0.0,0.0,0.0,0.0,0.0,17,0.0,4.393636363636364,0.6659090909090909,0.0625,26.466803559206024,0.34375,1.0,0.9375,0.0,0.9375,0.0,15.0,1.0,1.0,0.0,0.0,0.0,0.0,0.0,0.0,0.0,0.0,0.0,0.0,,9
00-0033658,2021,veteran,TE,4.184829281183192,3.2443551977237166,13.577072629993093,9.204925654338188,101.7383009655444,0.7827686082685003,0.0,0.0,0.0,0.07347801016549498,0.6779757246052879,11.052593446813573,0.05765371001546292,0.011966400673990346,0.0005845739207583023,0.00010717497660877337,0.05464387498243823,19.325948553003546,19.380592427985984,veteran,Blake Jarwin,TE,8.0,27.1,17.0,11.0,96.0,2.0,0.0,0.0,0.0,0.0,0.0,0.0,0.0,0.0,0.0,0.0,0.0,0.0,0.0,0.0,0.0,0.0,0.0,0.0,0.0,0.0,0.0,0.0,0.0,17,1.7,4.487857142857143,0.8339285714285714,0.0625,27.129363449691994,0.4375,1.0,0.9375,0.0,0.9375,0.0,15.0,1.0,1.0,1.0,12.0,0.0,0.0,0.0,0.0,0.0,0.0,0.0,0.0,,9
00-0033757,2021,veteran,TE,12.006251840146241,4.246441415769491,50.98384506215566,36.70049219634911,403.22900750046887,3.940924840943792,0.0,0.0,0.0,0.19634717491416392,0.7198455148215408,10.987019066206999,0.07729752112927758,0.030029818110797333,0.0019889310490619596,0.00028710353363412764,0.40325904421161807,81.92600154405585,82.32926058826747,veteran,Robert Tonyan,TE,8.0,41.4,29.0,18.0,204.0,2.0,0.0,0.0,0.0,0.0,0.0,0.0,0.0,0.0,0.0,0.0,0.0,0.0,0.0,0.0,0.0,0.0,0.0,0.0,0.0,0.0,0.0,0.0,0.0,17,150.6,7.62375,0.8093750000000001,0.9375,27.340177960301162,0.75,1.0,0.9375,0.0,0.0625,0.0,1.0,15.0,59.0,52.0,586.0,11.0,0.0,0.0,0.0,0.0,0.0,0.0,0.0,11.2,9
00-0033858,2021,veteran,TE,12.733651907376515,4.67151726095945,59.485474680358614,39.579871053213374,440.9903754083759,4.065621871844663,4.674002456816268,22.735940546980864,0.6452684117157725,0.20256496001410723,0.665370349079221,11.141784035008198,0.0683464643039502,0.032754525455471334,0.0022354984273972043,0.00031544047332986283,0.4678172321319817,94.02277890347675,94.49059613560873,veteran,Jonnu Smith,TE,16.0,53.4,45.0,28.0,294.0,1.0,9.0,40.0,0.0,0.0,0.0,0.0,0.0,0.0,0.0,0.0,0.0,0.0,0.0,0.0,0.0,0.0,0.0,0.0,0.0,0.0,0.0,0.0,0.0,17,119.7,7.1475,0.8790178571428572,0.875,26.028747433264886,0.875,1.0,0.9375,0.0625,0.0625,1.0,2.0,14.0,65.0,41.0,448.0,8.0,2.0,4.0,1.0,0.0,0.0,0.0,0.0,17.9,9
00-0033879,2021,veteran,TE,5.637204033211875,3.8586859984685478,21.752200273465085,14.196898658301961,172.5719731706904,1.2444638188354515,0.0,0.0,0.0,0.1213771606848182,0.6526649479050802,12.155610695282029,0.057210939729786275,0.02308531973090493,0.0013984445727873308,0.00021621051538511926,0.14439927915265657,31.579675237863093,31.72407451701575,veteran,O.J. Howard,TE,10.0,26.5,21.0,14.0,135.0,1.0,0.0,0.0,0.0,0.0,0.0,0.0,0.0,0.0,0.0,0.0,0.0,0.0,0.0,0.0,0.0,0.0,0.0,0.0,0.0,0.0,0.0,0.0,0.0,17,32.1,6.740506329113923,0.6534810126582279,0.25,26.78713210130048,0.49375,1.0,0.875,0.0,0.75,0.0,12.0,4.0,19.0,11.0,146.0,2.0,0.0,0.0,0.0,0.0,0.0,0.0,0.0,,9
00-0033881,2021,veteran,TE,12.959389442615306,6.15687704200267,79.78936733760996,50.44552452495773,536.4625249669158,3.482654528411222,10.664609845454391,45.01641385504774,1.3933877450555057,0.30391958001092256,0.6322336698260728,10.634491959767471,0.04364810305708012,0.054020068185647085,0.00441409282676815,0.0005459155414173694,0.8000224875093562,112.01907062545375,112.8190931129631,veteran,Evan Engram,TE,15.0,79.5,73.0,46.0,408.0,3.0,1.0,-3.0,0.0,0.0,0.0,0.0,0.0,0.0,0.0,1.0,0.0,0.0,0.0,0.0,0.0,0.0,0.0,0.0,0.0,0.0,0.0,0.0,0.0,17,110.5,8.028404669260699,0.866488326848249,1.0,26.99794661190965,0.8031250000000001,1.0,1.0,0.0,0.0,0.0,0.0,16.0,109.0,63.0,654.0,1.0,6.0,26.0,1.0,0.0,0.0,0.0,0.0,21.2,9
00-0033885,2021,veteran,TE,10.2301401390896,3.6409751893268107,37.247686429761565,24.28180968786203,263.90357328438296,2.1179531302528054,0.0,0.0,0.0,0.17403101419865225,0.6519011518648425,10.868365112683625,0.056861333770264,0.014172844815181806,0.00073120239967881,0.0001283155520794918,0.15883601531660427,50.89091892548884,51.04975494080544,veteran,David Njoku,TE,15.0,90.60000000000001,53.0,36.0,475.0,4.0,1.0,1.0,0.0,0.0,0.0,0.0,0.0,0.0,0.0,0.0,1.0,0.0,0.0,1.0,1.0,0.0,0.0,0.0,0.0,0.0,0.0,0.0,0.0,17,42.8,4.859239130434783,0.6997282608695652,0.6875,25.144421629021217,0.5750000000000001,1.0,0.9375,0.0,0.3125,0.0,5.0,11.0,29.0,19.0,213.0,2.0,0.0,0.0,0.0,0.0,0.0,0.0,0.0,,9
00-0033895,2021,veteran,TE,12.727560148806566,4.110127562985105,52.31189577716067,34.238989342571855,357.6900303048027,2.5195418196701636,2.240578931602066,9.262179005231655,0.31778576719639934,0.29373950553532946,0.6545163166791705,10.446862982023255,0.04816384079068672,0.018094878535458526,0.0010110165268450927,0.00016653090665689452,0.25384437969290674,70.2512021124181,70.505046492111,veteran,Gerald Everett,TE,15.0,93.8,63.0,48.0,478.0,4.0,3.0,20.0,0.0,0.0,0.0,0.0,0.0,0.0,0.0,2.0,0.0,0.0,0.0,0.0,0.0,0.0,0.0,0.0,0.0,0.0,0.0,0.0,0.0,17,72.4,5.108156028368795,0.8896276595744681,0.9375,27.186858316221766,0.88125,1.0,0.9375,0.0,0.0625,0.0,1.0,15.0,62.0,41.0,417.0,1.0,1.0,2.0,1.0,0.0,0.0,0.0,0.0,19.3,9
00-0033896,2021,veteran,TE,10.195640739597682,2.1444844976931434,21.864393510115885,14.171887795183048,154.28465237466273,1.3238315840588266,0.0,0.0,0.0,0.21330943236339203,0.6481720057145063,10.886669059509721,0.060547372761395664,0.0031169027965542336,9.974361597008554e-05,2.585541884651296e-05,0.033831471369125114,30.03077977468397,30.064611246053097,veteran,Adam Shaheen,TE,7.0,17.0,16.0,12.0,110.0,0.0,0.0,0.0,0.0,0.0,0.0,0.0,0.0,0.0,0.0,0.0,0.0,0.0,0.0,0.0,0.0,0.0,0.0,0.0,0.0,0.0,0.0,0.0,0.0,17,39.0,2.7315000000000005,0.69625,0.8125,27.665982203969882,0.625,1.0,0.8125,0.0,0.1875,0.0,3.0,13.0,22.0,12.0,150.0,3.0,0.0,0.0,0.0,0.0,0.0,0.0,0.0,,9
00-0034011,2021,veteran,TE,12.108368088661766,3.5851880456847307,43.41077652422064,28.730505748822694,349.21821141512936,2.6810889574150942,0.0,0.0,0.0,0.29163119697343276,0.6618288832680239,12.154962201785796,0.061760907592132236,0.019481225064929792,0.0011152966756357793,0.00018021879231835925,0.2605067888669914,64.79034536646797,65.05085215533497,veteran,Dan Arnold,TE,11.0,58.3,52.0,35.0,408.0,0.0,0.0,0.0,0.0,0.0,0.0,0.0,0.0,0.0,0.0,1.0,0.0,0.0,0.0,0.0,0.0,0.0,0.0,0.0,0.0,0.0,0.0,0.0,0.0,17,81.30000000000001,5.3125,0.8020833333333333,0.9375,26.466803559206024,0.675,1.0,0.9375,0.0,0.0625,0.0,1.0,15.0,45.0,31.0,438.0,4.0,0.0,0.0,0.0,0.0,0.0,0.0,0.0,,9
00-0034073,2021,veteran,TE,9.984052780046685,2.5772465554576853,25.731365636883048,17.469528644664614,188.12718526016167,1.4409575557129763,0.0,0.0,0.0,0.16924152668005848,0.6789196069571989,10.768875857312715,0.0560000419739683,0.005792276640138877,0.00022484063658538734,4.970224337861751e-05,0.06219008650828742,35.85474512926621,35.9169352157745,veteran,Ross Dwelley,TE,4.0,13.1,5.0,4.0,51.0,1.0,0.0,0.0,0.0,0.0,0.0,0.0,0.0,0.0,0.0,0.0,0.0,0.0,0.0,0.0,0.0,0.0,0.0,0.0,0.0,0.0,0.0,0.0,0.0,17,40.0,3.274074074074075,0.6597222222222223,0.75,26.598220396988363,0.590625,1.0,0.75,0.0,0.25,0.0,4.0,12.0,24.0,19.0,245.0,1.0,0.0,0.0,0.0,0.0,0.0,0.0,0.0,,9
00-0034159,2021,veteran,TE,12.720888061336623,3.28784962822457,41.82436708315199,29.148832163705293,319.18786684728843,2.583556167848213,0.576023789560275,2.4466338776673235,0.07412975079427545,0.21200440706167037,0.6969342083707765,10.950279759225676,0.06177155443169732,0.013095358795958929,0.0006585620928269244,0.00011795750409510807,0.18215188377404684,62.25997285207981,62.44212473585386,veteran,Will Dissly,TE,13.0,39.6,26.0,21.0,231.0,1.0,0.0,0.0,0.0,0.0,0.0,0.0,0.0,0.0,0.0,0.0,0.0,0.0,0.0,0.0,0.0,0.0,0.0,0.0,0.0,0.0,0.0,0.0,0.0,17,49.1,4.7525821596244135,0.8036971830985916,0.9375,25.149897330595483,0.665625,1.0,0.9375,0.0,0.0625,0.0,1.0,15.0,29.0,24.0,251.0,2.0,0.0,0.0,0.0,0.0,0.0,0.0,0.0,,9
00-0034270,2021,veteran,TE,8.240836923384055,2.4386440036063806,20.09646754790858,13.550968054612804,142.81539537762666,1.0706737751677693,0.0,0.0,0.0,0.14210730293004445,0.674296018556905,10.539128629191309,0.05327671505528807,0.004569351496170147,0.00016469362773898445,3.869594033167206e-05,0.04032887438607598,27.196851610215592,27.23718048460167,veteran,Tyler Conklin,TE,17.0,107.8,87.0,61.0,593.0,3.0,0.0,0.0,0.0,0.0,0.0,0.0,0.0,0.0,0.0,0.0,0.0,0.0,0.0,0.0,0.0,0.0,0.0,0.0,0.0,0.0,0.0,0.0,0.0,17,34.9,2.868484848484848,0.5397727272727273,0.5625,26.091718001368925,0.515625,1.0,0.5625,0.0,0.4375,0.0,7.0,9.0,26.0,19.0,194.0,1.0,0.0,0.0,0.0,0.0,0.0,0.0,0.0,,9
00-0034351,2021,veteran,TE,10.576238739032224,5.0868365169402345,53.79959742958705,36.37605689383645,391.64162586874187,2.9842342759030274,0.0,0.0,0.0,0.2552032848388695,0.6761399458693991,10.766467267514681,0.05546945364802767,0.039560559632198254,0.002885293116278291,0.00038744079917065583,0.47237057934315835,74.74719011953283,75.219560698876,veteran,Dallas Goedert,TE,15.0,139.0,76.0,56.0,830.0,4.0,0.0,0.0,0.0,0.0,0.0,0.0,0.0,0.0,0.0,0.0,2.0,0.0,0.0,2.0,2.0,0.0,0.0,0.0,0.0,0.0,0.0,0.0,0.0,17,94.4,7.633984375,0.8193359375,0.6875,26.661190965092402,0.8,1.0,0.9375,0.0625,0.25,1.0,5.0,11.0,65.0,46.0,524.0,3.0,0.0,0.0,0.0,0.0,0.0,0.0,0.0,8.8,9
00-0034364,2021,veteran,TE,10.841968870117409,3.7006655933306773,40.122501161605776,27.25698448221223,299.54947502824484,1.9603284956946396,0.8414572191277172,3.534040938648588,0.1076173125823313,0.1723541332522545,0.6793441010176883,10.989824469531078,0.04885858156745539,0.01723669723673485,0.0009478251601063284,0.00015810342824284682,0.20572247607913385,55.99981042095277,56.2055328970319,veteran,Jordan Akins,TE,12.0,29.7,33.0,24.0,214.0,0.0,1.0,3.0,0.0,0.0,0.0,0.0,0.0,0.0,0.0,2.0,0.0,0.0,0.0,0.0,0.0,0.0,0.0,0.0,0.0,0.0,0.0,0.0,0.0,17,65.2,4.416370106761566,0.8858985765124556,0.8125,29.36892539356605,0.8781249999999999,1.0,1.0,0.0,0.1875,0.0,3.0,13.0,49.0,37.0,403.0,1.0,1.0,4.0,0.0,0.0,0.0,0.0,0.0,,9
00-0034365,2021,veteran,TE,11.80756779194927,3.054751332589983,36.0691834471036,23.524759025750644,226.2998884683073,1.884438272617328,0.0,0.0,0.0,0.19404294482507364,0.6522121317287463,9.619647462513651,0.05224510489351405,0.006078559986377676,0.0002395507406796128,5.2300672815409354e-05,0.07725086401152892,45.310912105759876,45.38816296977141,veteran,Ian Thomas,TE,14.0,27.8,30.0,18.0,188.0,0.0,0.0,0.0,0.0,0.0,0.0,0.0,0.0,0.0,0.0,0.0,0.0,0.0,0.0,0.0,0.0,0.0,0.0,0.0,0.0,0.0,0.0,0.0,0.0,17,30.5,2.9656652360515023,0.7400751072961372,0.8125,25.23750855578371,0.728125,1.0,0.8125,0.0,0.1875,0.0,3.0,13.0,31.0,20.0,145.0,1.0,0.0,0.0,0.0,0.0,0.0,0.0,0.0,,9
00-0034383,2021,veteran,TE,13.581291519951591,4.561727995912152,61.95415774720748,41.959818532558785,423.7439762435953,3.2561866078952195,0.0,0.0,0.0,0.3228623771517144,0.6772720356197576,10.098803833357632,0.05255799975816779,0.02436739576214354,0.0015031567158678694,0.00022914971544906704,0.36778721793972174,82.2457017837068,82.61348900164653,veteran,Dalton Schultz,TE,17.0,169.8,104.0,78.0,808.0,8.0,0.0,0.0,0.0,0.0,0.0,0.0,0.0,0.0,0.0,0.0,0.0,0.0,0.0,0.0,0.0,0.0,0.0,0.0,0.0,0.0,0.0,0.0,0.0,17,115.0,5.61186440677966,0.853813559322034,1.0,25.141683778234086,0.7375,1.0,1.0,0.0,0.0,0.0,0.0,16.0,89.0,63.0,615.0,4.0,0.0,0.0,0.0,0.0,0.0,0.0,0.0,,9
00-0034393,2021,veteran,TE,6.202545507323665,2.0990539438931157,13.019477609324264,8.439263749616964,88.88326107829364,0.7450069487485159,0.0,0.0,0.0,0.11107205207017201,0.648202946604628,10.53211082333193,0.05722249164705029,0.002674920711201075,8.16388506244009e-05,2.200956728971552e-05,0.017623901154374344,17.3558555709886,17.37347947214297,veteran,,,0.0,0.0,0.0,0.0,0.0,0.0,0.0,0.0,0.0,0.0,0.0,0.0,0.0,0.0,0.0,0.0,0.0,0.0,0.0,0.0,0.0,0.0,0.0,0.0,0.0,0.0,0.0,0.0,0.0,17,18.0,2.431858407079646,0.4175884955752212,0.4375,26.537987679671456,0.353125,1.0,0.4375,0.0,0.5625,0.0,9.0,7.0,15.0,8.0,80.0,1.0,0.0,0.0,0.0,0.0,0.0,0.0,0.0,,9
00-0034439,2021,veteran,TE,8.74529649483949,2.4808927669436804,21.696142818825212,14.284326290528709,170.7737136477292,1.1557798235789556,0.0,0.0,0.0,0.2206899118524484,0.6583809117505692,11.955321530351876,0.05327121199516228,0.006410265679422821,0.00025687345415140574,5.5320943936886357e-05,0.06039692186876261,30.712833627806116,30.773230549674878,veteran,,,0.0,0.0,0.0,0.0,0.0,0.0,0.0,0.0,0.0,0.0,0.0,0.0,0.0,0.0,0.0,0.0,0.0,0.0,0.0,0.0,0.0,0.0,0.0,0.0,0.0,0.0,0.0,0.0,0.0,17,24.4,2.676712328767123,0.5633561643835616,0.625,25.697467488021903,0.45625,1.0,0.625,0.0,0.375,0.0,6.0,10.0,20.0,13.0,199.0,0.0,0.0,0.0,0.0,0.0,0.0,0.0,0.0,,9
00-0034753,2021,veteran,TE,12.96650791862636,6.74940946591631,87.51627128585555,57.69371444580012,699.3096136458809,5.75640484753899,0.0,0.0,0.0,0.2551867041382196,0.6592341469548488,12.121071079638,0.0657752525668829,0.11065852597269202,0.012113423195578853,0.0012359888190011678,1.7025107675869746,132.80587426444563,134.5083850320326,veteran,Mark Andrews,TE,17.0,252.6,153.0,107.0,1361.0,9.0,1.0,0.0,0.0,0.0,0.0,0.0,0.0,0.0,0.0,0.0,5.0,0.0,0.0,5.0,5.0,0.0,0.0,0.0,0.0,0.0,0.0,0.0,0.0,17,141.1,9.88321917808219,0.9148116438356164,0.875,25.987679671457904,0.9125000000000001,1.0,1.0,0.0,0.125,0.0,2.0,14.0,88.0,58.0,701.0,7.0,0.0,0.0,0.0,0.0,0.0,0.0,0.0,5.7,9
00-0034766,2021,veteran,TE,10.594414685665722,4.050450912994821,42.91215663620046,28.645593265680915,299.65876936447904,2.47402889796603,0.0,0.0,0.0,0.3418866303832029,0.6675402848785198,10.460902889502647,0.05765333397107693,0.01842908774230006,0.0010359100746385956,0.00016982242419902633,0.21530602755189523,58.44907369631814,58.664379723870034,veteran,Chris Herndon,TE,6.0,12.0,7.0,4.0,40.0,1.0,0.0,0.0,0.0,0.0,0.0,0.0,0.0,0.0,0.0,0.0,0.0,0.0,0.0,0.0,0.0,0.0,0.0,0.0,0.0,0.0,0.0,0.0,0.0,17,58.2,5.158333333333334,0.7562500000000001,0.75,25.522245037645447,0.5625,1.0,0.875,0.0,0.25,0.0,4.0,12.0,45.0,31.0,287.0,3.0,0.0,0.0,0.0,0.0,0.0,0.0,0.0,,9
00-0034798,2021,veteran,TE,11.51431326333407,2.470977565626215,28.451609757290864,19.562785567010668,192.2647016604394,1.5711840028233757,0.0,0.0,0.0,0.1884333544568499,0.6875809746405511,9.828084093742833,0.05522302661348545,0.0041135477251632085,0.00014348817204011172,3.463649259703054e-05,0.05064055962709468,38.05810025757583,38.10874081720293,veteran,Durham Smythe,TE,16.0,53.0,41.0,34.0,357.0,0.0,2.0,3.0,0.0,0.0,0.0,0.0,0.0,0.0,0.0,0.0,0.0,0.0,0.0,0.0,0.0,0.0,0.0,0.0,0.0,0.0,0.0,0.0,0.0,17,45.8,2.4594142259414227,0.7622907949790796,0.8125,26.064339493497606,0.746875,1.0,0.8125,0.0625,0.125,1.0,3.0,13.0,29.0,26.0,208.0,2.0,0.0,0.0,0.0,0.0,0.0,0.0,0.0,,9
00-0034829,2021,veteran,TE,13.574656765037318,5.4513603970367175,74.000346292291,47.03246614355558,548.7553348932,4.256115207347161,0.0,0.0,0.0,0.29270555762278627,0.6355708925710148,11.667585816534752,0.0575148012218227,0.05057007383979791,0.004031872626370623,0.0005074397660069482,0.7823449667977959,103.34304668993518,104.12539165673297,veteran,Mike Gesicki,TE,17.0,129.5,112.0,73.0,780.0,2.0,0.0,0.0,0.0,1.0,0.0,0.0,0.0,0.0,0.0,0.0,1.0,0.0,0.0,1.0,1.0,0.0,0.0,0.0,0.0,0.0,0.0,0.0,0.0,17,133.8,7.482828282828283,0.9286616161616162,0.9375,25.913757700205338,0.928125,1.0,0.9375,0.0,0.0625,0.0,1.0,15.0,85.0,53.0,703.0,6.0,0.0,0.0,0.0,0.0,0.0,0.0,0.0,11.1,9
00-0034830,2021,veteran,TE,13.19590874258505,4.58983405120178,60.567031283268136,39.87741026626239,422.19513675488605,3.510144603461996,0.18847852906798004,0.7887531882626333,0.024346426069995583,0.2072103818232464,0.6584012691617374,10.587325855312052,0.05795470785162432,0.0261700625569375,0.0016537614619913496,0.00024745903309936093,0.38460297892736706,83.02961954099153,83.4142225199189,veteran,Hayden Hurst,TE,12.0,51.1,31.0,26.0,221.0,3.0,0.0,0.0,0.0,0.0,0.0,0.0,0.0,0.0,0.0,1.0,0.0,0.0,0.0,0.0,0.0,0.0,0.0,0.0,0.0,0.0,0.0,0.0,0.0,17,121.1,5.98628762541806,0.9604933110367894,1.0,28.021902806297057,0.9343750000000001,1.0,1.0,0.0,0.0,0.0,0.0,16.0,88.0,56.0,571.0,6.0,0.0,0.0,0.0,0.0,0.0,0.0,0.0,,9
00-0034970,2021,veteran,TE,13.111954443164368,4.516135833525489,59.215367308328354,40.23682123745549,431.412748135228,3.66568335939031,0.0,0.0,0.0,0.2163848245633185,0.6794996479198799,10.721839719625672,0.061904257729306515,0.028332239468880624,0.0018394333383142353,0.0002695943449465178,0.4147386999267541,84.82101593946575,85.23575463939251,veteran,,,0.0,0.0,0.0,0.0,0.0,0.0,0.0,0.0,0.0,0.0,0.0,0.0,0.0,0.0,0.0,0.0,0.0,0.0,0.0,0.0,0.0,0.0,0.0,0.0,0.0,0.0,0.0,0.0,0.0,17,83.5,5.661233480176212,0.8356277533039647,0.8125,23.06365503080082,0.7093750000000001,1.0,0.875,0.1875,0.0,3.0,3.0,13.0,43.0,30.0,365.0,5.0,0.0,0.0,0.0,0.0,0.0,0.0,0.0,,9
00-0034981,2021,veteran,TE,8.609190751581423,2.8246654710201518,24.318083849418073,16.534022918928674,186.35210957743888,1.6188017299457533,0.0,0.0,0.0,0.1496388960434865,0.6799064852852018,11.270826857515546,0.06656781595004209,0.008593076365210226,0.0003777041628124845,7.542804064443377e-05,0.08015577312883129,36.31575500479577,36.3959107779246,veteran,Foster Moreau,TE,15.0,70.3,44.0,30.0,373.0,3.0,0.0,0.0,0.0,0.0,0.0,0.0,0.0,0.0,0.0,0.0,0.0,0.0,0.0,0.0,0.0,0.0,0.0,0.0,0.0,0.0,0.0,0.0,0.0,17,29.5,4.362987012987013,0.5803571428571428,0.5,24.32306639288159,0.48125,1.0,0.6875,0.0,0.5,0.0,8.0,8.0,9.0,7.0,140.0,2.0,0.0,0.0,0.0,0.0,0.0,0.0,0.0,,9
00-0034988,2021,veteran,TE,13.13241816256198,3.041319332013994,39.939877233891444,27.569129380045585,260.53382828780116,2.1361444970130714,0.0,0.0,0.0,0.21979036055582618,0.6902657516596341,9.450201516931992,0.053484002579768104,0.006705196260244207,0.00027251921446482354,5.801469202460538e-05,0.0949474419645799,52.21523377976968,52.31018122173426,veteran,Kaden Smith,TE,4.0,4.8,3.0,3.0,33.0,0.0,0.0,0.0,0.0,0.0,0.0,0.0,0.0,0.0,0.0,0.0,0.0,0.0,0.0,0.0,0.0,0.0,0.0,0.0,0.0,0.0,0.0,0.0,0.0,17,20.200000000000003,2.8212560386473435,0.8360507246376812,0.9375,24.355920602327174,0.646875,1.0,0.9375,0.0,0.0625,0.0,1.0,15.0,21.0,18.0,112.0,0.0,0.0,0.0,0.0,0.0,0.0,0.0,0.0,,9
00-0035229,2021,veteran,TE,14.385963111290515,6.124845232676584,88.11179757964891,57.061333690726045,614.7798602959115,4.84436305190264,1.2919017974264546,5.299323684897341,0.16522646237849456,0.3393407343806453,0.6476015160074937,10.77401842074065,0.054979732396488276,0.05900164174189844,0.004984538846912698,0.0006021950505822908,0.9736828411392076,119.91744086036942,120.89112370150863,veteran,T.J. Hockenson,TE,12.0,114.8,84.0,61.0,583.0,4.0,0.0,0.0,0.0,0.0,0.0,0.0,0.0,0.0,0.0,0.0,0.0,0.0,0.0,0.0,0.0,0.0,0.0,0.0,0.0,0.0,0.0,0.0,0.0,17,141.8,7.879032258064517,0.9274193548387096,1.0,24.164271047227928,0.775,1.0,1.0,0.0,0.0,0.0,0.0,16.0,101.0,67.0,723.0,6.0,1.0,0.0,0.0,0.0,0.0,0.0,0.0,5.2,9
00-0035329,2021,veteran,TE,10.052452921241972,2.9231513768953707,29.384841597904362,18.814631639556545,217.64890910937845,1.8141730965092042,0.0,0.0,0.0,0.17896234446008102,0.6402835821615709,11.568066453758558,0.06173839972778977,0.008599418535652074,0.00037807133599630034,7.54870035377548e-05,0.09366372553711666,41.699320620851175,41.792984346388295,veteran,Donald Parham,TE,13.0,49.0,27.0,20.0,190.0,3.0,0.0,0.0,0.0,0.0,0.0,0.0,0.0,0.0,0.0,0.0,0.0,0.0,0.0,0.0,0.0,0.0,0.0,0.0,0.0,0.0,0.0,0.0,0.0,17,38.9,3.5363636363636357,0.6875,0.6875,24.043805612594113,0.37812500000000004,1.0,0.6875,0.0,0.3125,0.0,5.0,11.0,20.0,10.0,159.0,3.0,0.0,0.0,0.0,0.0,0.0,0.0,0.0,,9
00-0035624,2021,veteran,TE,12.036546407157061,4.494264456174266,54.095422692778044,34.02178367891841,343.95049235303424,2.900044383355006,7.538485955918453,32.62653210408348,0.9161603353298898,0.2958983804831915,0.6289216718415707,10.109713693999032,0.053609792455548616,0.01897445962284156,0.0010768685335277267,0.00017520491216209508,0.25204735503038267,76.97402583631396,77.22607319134434,veteran,N'Keal Harry,TE,10.0,22.4,22.0,12.0,184.0,0.0,0.0,0.0,0.0,0.0,0.0,0.0,0.0,0.0,0.0,1.0,0.0,0.0,0.0,0.0,0.0,0.0,0.0,0.0,0.0,0.0,0.0,0.0,0.0,17,57.4,4.496216216216217,0.727364864864865,0.8125,23.707049965776864,0.578125,1.0,0.8125,0.125,0.0625,2.0,3.0,13.0,57.0,33.0,309.0,2.0,2.0,0.0,0.0,0.0,0.0,0.0,0.0,,9
00-0035631,2021,veteran,TE,13.206827735514146,3.5915985312389327,47.43362309719821,32.57598927499782,317.86820846203875,2.364730467107455,0.0,0.0,0.0,0.3201856300071891,0.6867699987463536,9.757745368181455,0.04985346496222284,0.011628651383469645,0.0005628776968105387,0.00010396371307549514,0.16747440048340642,61.62282702633314,61.79030142681655,veteran,Drew Sample,TE,10.0,13.6,15.0,11.0,81.0,0.0,0.0,0.0,0.0,0.0,0.0,0.0,0.0,0.0,0.0,0.0,0.0,0.0,0.0,0.0,0.0,0.0,0.0,0.0,0.0,0.0,0.0,0.0,0.0,17,58.9,3.3053398058252426,0.899878640776699,1.0,25.377138945927445,0.64375,1.0,1.0,0.0,0.0,0.0,0.0,16.0,53.0,40.0,349.0,1.0,0.0,0.0,0.0,0.0,0.0,0.0,0.0,,9
00-0035644,2021,veteran,TE,13.638746237889881,6.052536943456888,82.54901546726215,54.071246071920264,608.6094504122316,4.1151103753215645,2.096724289932301,8.115396613173045,0.26583277573510455,0.2759358618877801,0.6550198783820045,11.255694932621287,0.049850508234753725,0.06646803627376509,0.005879559338599896,0.0006881358605414123,1.045596027141644,114.44189492106504,115.48749094820668,veteran,Noah Fant,TE,16.0,125.0,90.0,68.0,670.0,4.0,0.0,0.0,0.0,0.0,0.0,0.0,0.0,0.0,0.0,0.0,0.0,0.0,0.0,0.0,0.0,0.0,0.0,0.0,0.0,0.0,0.0,0.0,0.0,17,118.3,7.437200000000001,0.9230000000000002,0.875,23.78097193702943,0.78125,1.0,1.0,0.0,0.125,0.0,2.0,14.0,93.0,62.0,673.0,3.0,0.0,0.0,0.0,0.0,0.0,0.0,0.0,7.7,9
00-0035671,2021,veteran,TE,7.327465522737943,2.163852155984832,15.855552069281021,10.621926885254847,112.6793969389621,0.8925579910437277,0.0,0.0,0.0,0.13189336367901072,0.6699184512051182,10.608187964029526,0.056293088196720305,0.003261083302842053,0.00010583164887677165,2.7116867554523256e-05,0.02545608793007094,21.67046435542798,21.69592044335805,veteran,,,0.0,0.0,0.0,0.0,0.0,0.0,0.0,0.0,0.0,0.0,0.0,0.0,0.0,0.0,0.0,0.0,0.0,0.0,0.0,0.0,0.0,0.0,0.0,0.0,0.0,0.0,0.0,0.0,0.0,17,23.4,2.4283018867924526,0.44693396226415094,0.5,25.182751540041068,0.33125000000000004,1.0,0.5,0.1875,0.3125,3.0,8.0,8.0,15.0,12.0,114.0,1.0,0.0,0.0,0.0,0.0,0.0,0.0,0.0,,9
00-0035689,2021,veteran,TE,10.917253812213644,4.079313454765828,44.53490036525665,27.803754184231625,321.32601586897414,2.499041394944964,0.49554736252857956,2.1180931571674457,0.06377306485735022,0.345413883286973,0.6243138292933598,11.556929101725698,0.056114224449788155,0.020641579373844896,0.0012045990570986498,0.00019174347157614475,0.24926235587373105,60.932346986969904,61.181609342843636,veteran,Dawson Knox,TE,15.0,140.6,71.0,49.0,587.0,9.0,0.0,4.0,0.0,0.0,0.0,0.0,0.0,0.0,0.0,0.0,1.0,0.0,0.0,1.0,1.0,0.0,0.0,0.0,0.0,0.0,0.0,0.0,0.0,17,54.8,4.725118483412322,0.7941350710900474,0.6875,24.79671457905544,0.659375,1.0,0.9375,0.1875,0.125,3.0,5.0,11.0,44.0,24.0,288.0,3.0,0.0,0.0,0.0,0.0,0.0,0.0,0.0,,9
00-0036232,2021,veteran,TE,11.175206112106633,4.006798849069854,44.77680298810726,29.267539094906684,308.1748964932783,2.616586141878511,0.0,0.0,0.0,0.37204911472809193,0.6536317276309378,10.529580074838229,0.05843619837203379,0.0171442917695242,0.0009410844784485492,0.00015719811683338324,0.2108796564059728,60.40667781859605,60.61755747500202,veteran,Harrison Bryant,TE,15.0,51.8,28.0,21.0,233.0,3.0,0.0,0.0,0.0,0.0,0.0,0.0,0.0,0.0,0.0,0.0,0.0,0.0,0.0,0.0,0.0,0.0,0.0,0.0,0.0,0.0,0.0,0.0,0.0,17,49.8,4.1499999999999995,0.75,0.75,23.359342915811087,0.41250000000000003,1.0,0.75,0.0,0.25,0.0,4.0,12.0,38.0,24.0,238.0,3.0,0.0,0.0,0.0,0.0,0.0,0.0,0.0,,9
00-0036290,2021,veteran,TE,13.91171513026602,3.9532289227247706,54.99619461767543,35.97052969817151,362.5220848801025,2.9984874327959132,1.9164877709214803,7.720557341248895,0.24510724825354177,0.34659728242943105,0.6540548841284887,10.078308212918271,0.054521725614670405,0.01458757088720968,0.0007596695524180398,0.0001323192252738261,0.22247216497152164,73.77790259265878,74.0003747576303,veteran,Cole Kmet,TE,17.0,91.2,93.0,60.0,612.0,0.0,1.0,0.0,0.0,0.0,0.0,0.0,0.0,0.0,0.0,0.0,0.0,0.0,0.0,0.0,0.0,0.0,0.0,0.0,0.0,0.0,0.0,0.0,0.0,17,48.0,3.2,0.9375,0.9375,22.480492813141684,0.515625,1.0,0.9375,0.0,0.0625,0.0,1.0,15.0,44.0,28.0,243.0,2.0,1.0,-3.0,0.0,0.0,0.0,0.0,0.0,,9
00-0036422,2021,veteran,TE,9.028267759401908,2.662972772167439,24.042031223124415,16.501180593389975,180.50959471709223,1.3514455258693923,0.0,0.0,0.0,0.16203021259097525,0.686347190894528,10.939192725967775,0.05621178648871929,0.00685507019801412,0.0002805555317914757,5.9386482629098636e-05,0.06676111908368913,34.08616249843862,34.152923617522305,veteran,Adam Trautman,TE,11.0,49.800000000000004,43.0,27.0,263.0,2.0,0.0,0.0,0.0,0.0,0.0,0.0,0.0,0.0,0.0,1.0,0.0,0.0,0.0,0.0,0.0,0.0,0.0,0.0,0.0,0.0,0.0,0.0,0.0,17,30.6,3.0600000000000005,0.625,0.625,24.569472963723477,0.34375,1.0,0.625,0.0,0.375,0.0,6.0,10.0,16.0,15.0,171.0,1.0,0.0,0.0,0.0,0.0,0.0,0.0,0.0,25.1,9
00-0036423,2021,veteran,TE,5.244046878372204,3.4825639760238634,18.262728747199432,12.163449194345812,132.12064257021518,1.0298529737671,0.0,0.0,0.0,0.09886234963932981,0.6660258367036779,10.86210337702825,0.05639096917129795,0.013248987447296018,0.0006688005561781405,0.00011943042815402073,0.07599174099579206,25.275181997518366,25.35117373851416,veteran,Albert Okwuegbunam,TE,14.0,59.5,40.0,33.0,330.0,2.0,0.0,0.0,0.0,0.0,0.0,0.0,0.0,0.0,0.0,1.0,0.0,0.0,0.0,0.0,0.0,0.0,0.0,0.0,0.0,0.0,0.0,0.0,0.0,17,23.6,5.9,0.25,0.25,23.353867214236825,0.1375,1.0,0.25,0.0,0.75,0.0,12.0,4.0,15.0,11.0,121.0,1.0,0.0,0.0,0.0,0.0,0.0,0.0,0.0,,9
00-0036628,2021,rookie,TE,7.190185725908235,2.035130083237619,14.632963274861568,9.345958015333927,106.54551624818822,0.8612316259864029,0.07832913514538684,0.26296209655951297,0.0,0.11541229094555754,0.638692098092643,11.400170648464163,0.05885558583106267,0.002938444770885351,9.232978168398703e-05,2.429864477592325e-05,0.0224731896031537,20.290392016169037,20.31286520577219,rookie,John Bates,TE,12.0,40.9,25.0,20.0,249.0,1.0,0.0,0.0,0.0,0.0,0.0,0.0,0.0,0.0,0.0,0.0,0.0,0.0,0.0,0.0,0.0,0.0,0.0,0.0,0.0,0.0,0.0,0.0,0.0,17,0.0,,,0.0,23.81930184804928,0.0,0.0,0.0,0.0,1.0,0.0,16.0,0.0,0.0,0.0,0.0,0.0,0.0,0.0,0.0,0.0,0.0,0.0,0.0,,9
00-0036876,2021,rookie,TE,7.275398786287898,2.06359084063262,15.013446297333386,9.588969515245084,109.31588881671465,0.8836251771727552,0.0770520423778259,0.25867471369698697,0.0,0.116780076826451,0.638692098092643,11.400170648464163,0.05885558583106267,0.0030553511383460586,9.717110484590649e-05,2.5317892569136093e-05,0.02365773130073123,20.82013202004734,20.84378975134807,rookie,Kylen Granson,TE,10.0,16.1,15.0,11.0,106.0,0.0,0.0,0.0,0.0,0.0,0.0,0.0,0.0,0.0,0.0,0.0,0.0,0.0,0.0,0.0,0.0,0.0,0.0,0.0,0.0,0.0,0.0,0.0,0.0,17,0.0,,,0.0,23.433264887063654,0.0,0.0,0.0,0.0,1.0,0.0,16.0,0.0,0.0,0.0,0.0,0.0,0.0,0.0,0.0,0.0,0.0,0.0,0.0,,9
00-0036894,2021,rookie,TE,10.430919762888559,2.9870354229618123,31.157526825820554,19.90006617976114,226.86415036500733,1.8337944943807194,0.24356080277255512,0.8176684093078637,0.0,0.16743049378633318,0.638692098092643,11.400170648464163,0.05885558583106267,0.008710641216580522,0.00038452473238104147,7.652151354699836e-05,0.09847279909481775,43.386120946023745,43.48459374511856,rookie,Pat Freiermuth,TE,16.0,121.7,79.0,60.0,497.0,7.0,0.0,0.0,0.0,0.0,0.0,0.0,0.0,0.0,0.0,1.0,0.0,0.0,0.0,0.0,0.0,0.0,0.0,0.0,0.0,0.0,0.0,0.0,0.0,17,0.0,,,0.0,22.85284052019165,0.0,0.0,0.0,0.0,1.0,0.0,16.0,0.0,0.0,0.0,0.0,0.0,0.0,0.0,0.0,0.0,0.0,0.0,0.0,25.2,9
00-0036970,2021,rookie,TE,17.0,5.897182402890376,100.2521008491364,64.03022462953017,729.955487436137,5.9003961262706985,1.0766384877069461,3.614429208730462,0.0,0.2728731942215088,0.638692098092643,11.400170648464163,0.05885558583106267,0.05978269107043273,0.0050759347819900645,0.0006110960930916101,1.1665193523032176,140.22873434843302,141.39525370073625,rookie,Kyle Pitts,TE,17.0,147.1,110.0,68.0,1026.0,1.0,0.0,0.0,0.0,0.0,0.0,0.0,0.0,0.0,0.0,0.0,4.5,0.0,0.0,4.5,3.0,1.0,0.0,0.0,0.0,0.0,0.0,0.0,0.0,17,0.0,,,0.0,20.903490759753595,0.0,0.0,0.0,0.0,1.0,0.0,16.0,0.0,0.0,0.0,0.0,0.0,0.0,0.0,0.0,0.0,0.0,0.0,0.0,6.0,9
00-0037004,2021,rookie,TE,9.00826975256068,2.5714497281854363,23.16431280664325,14.794863547349257,168.66396916052338,1.363349200608976,0.15729043237790954,0.5280464515544107,0.0,0.14459502010530786,0.638692098092643,11.400170648464163,0.05885558583106267,0.00568859963827835,0.00021956978753855843,4.876317093408635e-05,0.0550898994649491,32.207538498325654,32.2626283977906,rookie,Hunter Long,TE,3.0,1.3,3.0,1.0,8.0,0.0,0.0,0.0,0.0,0.0,0.0,0.0,0.0,0.0,0.0,0.0,0.0,0.0,0.0,0.0,0.0,0.0,0.0,0.0,0.0,0.0,0.0,0.0,0.0,17,0.0,,,0.0,23.0362765229295,0.0,0.0,0.0,0.0,1.0,0.0,16.0,0.0,0.0,0.0,0.0,0.0,0.0,0.0,0.0,0.0,0.0,0.0,0.0,,9
00-0037005,2021,rookie,TE,9.702319825379085,2.7903541984536457,27.072908859486574,17.291252960936383,197.123234480436,1.593391911076049,0.1684688389377222,0.5655739592909245,0.0,0.15573547071234486,0.638692098092643,11.400170648464163,0.05885558583106267,0.0071750723456121095,0.00029790288086133836,6.232185503285963e-05,0.07515970334716879,37.663387849472485,37.738547552819654,rookie,Tommy Tremble,TE,15.0,43.1,35.0,20.0,180.0,1.0,3.0,11.0,1.0,0.0,0.0,0.0,0.0,0.0,0.0,0.0,0.0,0.0,0.0,0.0,0.0,0.0,0.0,0.0,0.0,0.0,0.0,0.0,0.0,17,0.0,,,0.0,21.248459958932237,0.0,0.0,0.0,0.0,1.0,0.0,16.0,0.0,0.0,0.0,0.0,0.0,0.0,0.0,0.0,0.0,0.0,0.0,0.0,,9
00-0037011,2021,rookie,TE,8.55710466228876,2.4440114951191827,20.91366215957168,13.357390763497552,152.2765341220911,1.2308858382745185,0.12657889915817955,0.4249434471738885,0.0,0.13735320485214703,0.638692098092643,11.400170648464163,0.05885558583106267,0.004925135797637861,0.00018172106061210223,4.188149018253779e-05,0.04519418028868122,29.059451758618096,29.104645938906778,rookie,Tre' McKitty,TE,6.0,7.5,8.0,6.0,45.0,0.0,0.0,0.0,0.0,0.0,0.0,0.0,0.0,0.0,0.0,0.0,0.0,0.0,0.0,0.0,0.0,0.0,0.0,0.0,0.0,0.0,0.0,0.0,0.0,17,0.0,,,0.0,22.636550308008214,0.0,0.0,0.0,0.0,1.0,0.0,16.0,0.0,0.0,0.0,0.0,0.0,0.0,0.0,0.0,0.0,0.0,0.0,0.0,,9
00-0022127,2022,veteran,TE,0.40787046955640327,2.8281591850622045,1.1535226147915763,0.7837207675926811,7.644110495250753,0.06519981643759691,0.0,0.0,0.0,0.008051590282482627,0.6794151736108679,9.753614822190835,0.05652235647705746,0.005088955192588529,0.00016288421939760964,4.531260775646741e-05,0.002212251387731038,1.5313671513820322,1.5335794027697631,veteran,,,0.0,0.0,0.0,0.0,0.0,0.0,0.0,0.0,0.0,0.0,0.0,0.0,0.0,0.0,0.0,0.0,0.0,0.0,0.0,0.0,0.0,0.0,0.0,0.0,0.0,0.0,0.0,0.0,0.0,17,0.0,4.4222222222222225,0.7916666666666666,0.0,40.323066392881586,0.3375,0.0,1.0,0.0,1.0,0.0,17.0,0.0,0.0,0.0,0.0,0.0,0.0,0.0,0.0,0.0,0.0,0.0,0.0,,10
00-0024243,2022,veteran,TE,7.307870172727763,1.634072353975003,11.941588615692968,8.18012106015494,84.3514304632026,0.6463456992325005,0.0,0.0,0.0,0.12380723776782422,0.6850111256893477,10.311758205398112,0.054125604225145486,0.0012243255207143103,2.2727083675584122e-05,1.1177106659687747e-05,0.009359703508647786,16.15566329625708,16.16502299976573,veteran,Marcedes Lewis,TE,6.0,23.6,7.0,6.0,66.0,2.0,0.0,0.0,0.0,0.0,0.0,0.0,0.0,0.0,0.0,0.0,0.0,0.0,0.0,0.0,0.0,0.0,0.0,0.0,0.0,0.0,0.0,0.0,0.0,17,32.9,2.6633267031327703,0.740930397519525,0.7647058823529411,38.286105407255306,0.7393382352941176,1.0,0.7647058823529411,0.0,0.23529411764705882,0.0,4.0,13.0,28.0,23.0,214.0,0.0,0.0,0.0,0.0,0.0,0.0,0.0,0.0,,10
00-0025418,2022,veteran,TE,0.5589932175127701,3.218291989825428,1.7990033942880912,1.1838339865929894,12.695179583636934,0.09331625363377616,0.0,0.0,0.0,0.010150776194720178,0.6580498904847597,10.723783678632996,0.05187108258386785,0.009025903214190646,0.00036081540006993444,7.975078395737703e-05,0.005437119015426158,2.4010309210734047,2.4064680400888308,veteran,,,0.0,0.0,0.0,0.0,0.0,0.0,0.0,0.0,0.0,0.0,0.0,0.0,0.0,0.0,0.0,0.0,0.0,0.0,0.0,0.0,0.0,0.0,0.0,0.0,0.0,0.0,0.0,0.0,0.0,17,0.0,5.069444444444444,0.7604166666666666,0.0,37.4757015742642,0.3375,0.0,0.875,0.0,1.0,0.0,17.0,0.0,0.0,0.0,0.0,0.0,0.0,0.0,0.0,0.0,0.0,0.0,0.0,,10
00-0027061,2022,veteran,TE,10.254292128952748,4.118767544335781,42.23504561086844,26.772054728490073,320.91560296438473,2.5956659730400777,0.0,0.0,0.0,0.19762048801100274,0.6338824628047935,11.986962010161863,0.061457633950610185,0.023535926198660247,0.0013790038337915813,0.00020692050424308425,0.2667989716004591,60.65634252290197,60.92314149450243,veteran,,,0.0,0.0,0.0,0.0,0.0,0.0,0.0,0.0,0.0,0.0,0.0,0.0,0.0,0.0,0.0,0.0,0.0,0.0,0.0,0.0,0.0,0.0,0.0,0.0,0.0,0.0,0.0,0.0,0.0,17,108.4,7.437193675889329,0.9307268658451523,0.9411764705882353,35.403148528405204,0.9301470588235294,1.0,0.9411764705882353,0.0,0.058823529411764705,0.0,1.0,16.0,83.0,48.0,564.0,4.0,0.0,0.0,0.0,0.0,0.0,0.0,0.0,,10
00-0027656,2022,veteran,TE,7.87278609302944,4.903333251322962,38.60289383050424,24.627126276754417,317.54219653445745,2.347278031747573,0.0,0.0,0.0,0.13448906103944724,0.6379606250475945,12.894001231243372,0.060805753114103064,0.049817747229022026,0.004015573163488549,0.0004429933843284785,0.44660027471717345,57.8824728602295,58.32907313494667,veteran,,,0.0,0.0,0.0,0.0,0.0,0.0,0.0,0.0,0.0,0.0,0.0,0.0,0.0,0.0,0.0,0.0,0.0,0.0,0.0,0.0,0.0,0.0,0.0,0.0,0.0,0.0,0.0,0.0,0.0,17,146.7,10.377884615384616,0.8340874811463047,0.7058823529411765,33.30047912388775,0.6882352941176471,1.0,1.0,0.29411764705882354,0.0,5.0,5.0,12.0,89.0,55.0,802.0,6.0,0.0,0.0,0.0,0.0,0.0,0.0,0.0,,10
00-0027696,2022,veteran,TE,7.4622616796769385,3.126998559035361,23.33448151949458,15.278523527071918,160.47537275995822,1.5028120735905663,0.0,0.0,0.0,0.125208310434034,0.6547616459490482,10.503329884959953,0.06440306258080153,0.007668192195412552,0.0002876635964730178,6.788713444331389e-05,0.06145517144492168,32.45325486020711,32.51471003165203,veteran,,,0.0,0.0,0.0,0.0,0.0,0.0,0.0,0.0,0.0,0.0,0.0,0.0,0.0,0.0,0.0,0.0,0.0,0.0,0.0,0.0,0.0,0.0,0.0,0.0,0.0,0.0,0.0,0.0,0.0,17,43.7,5.464210766423356,0.8441391155002147,0.6470588235294118,35.7700205338809,0.8058823529411766,1.0,1.0,0.0,0.35294117647058826,0.0,6.0,11.0,23.0,14.0,167.0,3.0,0.0,0.0,0.0,0.0,0.0,0.0,0.0,,10
00-0027981,2022,veteran,TE,9.962674673273453,2.5225637752590138,25.131482235490044,17.097530009084434,179.36591628527864,1.33804176746865,0.0,0.0,0.0,0.19441014519166827,0.6803231838406942,10.490750195494678,0.05324165741323054,0.004516340964601612,0.0001380601606188395,4.02883891674697e-05,0.04786076867105341,34.12478694749865,34.1726477161697,veteran,Kyle Rudolph,TE,5.0,10.3,5.0,3.0,28.0,1.0,0.0,0.0,0.0,0.0,0.0,0.0,0.0,0.0,0.0,0.0,0.0,0.0,0.0,0.0,0.0,0.0,0.0,0.0,0.0,0.0,0.0,0.0,0.0,17,46.699999999999996,3.946035860877079,0.8564699210857383,0.8823529411764706,32.8104038329911,0.8509191176470589,1.0,0.9375,0.058823529411764705,0.058823529411764705,1.0,2.0,15.0,39.0,26.0,257.0,1.0,0.0,0.0,0.0,0.0,0.0,0.0,0.0,,10
00-0029738,2022,veteran,TE,2.3089816332355326,2.794389132908781,6.452193183999341,4.3654165680796835,49.01535877585926,0.3978771530658805,0.0,0.0,0.0,0.0410203384802823,0.6765787141813094,11.228105728617964,0.06166541232097137,0.00737723056587323,0.00027261732300483925,6.534358650650443e-05,0.018279846750511593,9.389466403060487,9.407746249810998,veteran,,,0.0,0.0,0.0,0.0,0.0,0.0,0.0,0.0,0.0,0.0,0.0,0.0,0.0,0.0,0.0,0.0,0.0,0.0,0.0,0.0,0.0,0.0,0.0,0.0,0.0,0.0,0.0,0.0,0.0,17,6.300000000000001,4.989392133492253,0.6866761901423264,0.17647058823529413,36.36139630390144,0.46268382352941173,1.0,0.9375,0.0,0.8235294117647058,0.0,14.0,3.0,5.0,4.0,43.0,0.0,0.0,0.0,0.0,0.0,0.0,0.0,0.0,,10
00-0030061,2022,veteran,TE,11.414503875941572,5.637136342094619,64.34511462605012,41.377173050482774,420.4930976591161,3.1563380913238515,0.674585260652822,2.661110222893006,0.07131355960524895,0.20478779997783503,0.6430507318380194,10.162441429869746,0.049053267053253614,0.03817796232902742,0.0027394878468520764,0.00033730376320916097,0.49038765117425787,81.96034161906121,82.45072927023547,veteran,Zach Ertz,TE,10.0,92.1,69.0,47.0,406.0,4.0,0.0,0.0,0.0,0.0,0.0,0.0,0.0,0.0,0.0,0.0,0.0,0.0,0.0,0.0,0.0,0.0,0.0,0.0,0.0,0.0,0.0,0.0,0.0,17,143.70000000000002,8.231768805083007,0.918336236933798,1.0,31.808350444900753,0.8968750000000001,1.0,1.0,0.0,0.0,1.0,0.0,17.0,112.0,74.0,763.0,5.0,1.0,4.0,0.0,0.0,0.0,0.0,0.0,10.0,10
00-0030108,2022,veteran,TE,9.014181347005826,2.326612351601693,20.97250566152134,14.055380238827489,143.23002102247318,1.1632107742987594,0.0,0.0,0.0,0.15212426523602932,0.6701812585329356,10.190405281730147,0.05546360521112766,0.0031193581316839424,8.272911551804809e-05,2.7996776493366524e-05,0.029741798801077548,28.02570833698156,28.055450135782635,veteran,Ryan Griffin,TE,10.0,4.6,8.0,4.0,26.0,0.0,0.0,0.0,0.0,0.0,0.0,0.0,0.0,0.0,0.0,0.0,0.0,0.0,0.0,0.0,0.0,0.0,0.0,0.0,0.0,0.0,0.0,0.0,0.0,17,51.6,3.520569086086328,0.7729356090157309,0.8235294117647058,32.63791923340178,0.7623161764705881,1.0,0.8235294117647058,0.0,0.17647058823529413,0.0,3.0,14.0,42.0,27.0,261.0,2.0,0.0,0.0,0.0,0.0,0.0,0.0,0.0,,10
00-0030181,2022,veteran,TE,10.302774689451143,2.9872125095234137,30.776577435129656,20.378321036736615,215.16735451813915,1.7973149386333342,0.0,0.0,0.0,0.2001764486712299,0.6621373373855391,10.558639945373834,0.05839879182217984,0.007026376517684145,0.0002547842736855445,6.227571419668242e-05,0.07761187689823264,42.08943270463977,42.167044581538,veteran,,,0.0,0.0,0.0,0.0,0.0,0.0,0.0,0.0,0.0,0.0,0.0,0.0,0.0,0.0,0.0,0.0,0.0,0.0,0.0,0.0,0.0,0.0,0.0,0.0,0.0,0.0,0.0,0.0,0.0,17,64.7,4.466269343370975,0.8830587128201343,0.8823529411764706,32.32580424366872,0.8790441176470589,1.0,1.0,0.0,0.11764705882352941,0.0,2.0,15.0,43.0,29.0,302.0,3.0,0.0,0.0,0.0,0.0,0.0,0.0,0.0,,10
00-0030470,2022,veteran,TE,1.5582575060462553,2.2657064150142827,3.530554027693158,2.366412640716014,23.22898624341397,0.189163059644436,0.05288492208110658,0.20851998095280241,0.005631890595885531,0.02838651106008907,0.6702666556450386,9.816118222046638,0.05357885990716136,0.002584245043426509,6.377612388918806e-05,2.3270104110418155e-05,0.0042485103008105575,4.638953622116436,4.6432021324172466,veteran,,,0.0,0.0,0.0,0.0,0.0,0.0,0.0,0.0,0.0,0.0,0.0,0.0,0.0,0.0,0.0,0.0,0.0,0.0,0.0,0.0,0.0,0.0,0.0,0.0,0.0,0.0,0.0,0.0,0.0,17,0.0,2.9205882352941175,0.7279411764705883,0.0,32.219028062970565,0.31875,0.0,0.875,0.0,1.0,0.0,17.0,0.0,0.0,0.0,0.0,0.0,0.0,0.0,0.0,0.0,0.0,0.0,0.0,,10
00-0030472,2022,veteran,TE,0.7234449739723816,3.3570727634609736,2.4286574179854155,1.5762252567926862,16.38979960929881,0.14000599848358466,0.0,0.0,0.0,0.013480025022999373,0.6490109494735464,10.398132842160443,0.057647487639372545,0.008960031894733447,0.0003571584236063743,7.917534378154315e-05,0.006984224749624629,3.2401685301817333,3.247152754931358,veteran,,,0.0,0.0,0.0,0.0,0.0,0.0,0.0,0.0,0.0,0.0,0.0,0.0,0.0,0.0,0.0,0.0,0.0,0.0,0.0,0.0,0.0,0.0,0.0,0.0,0.0,0.0,0.0,0.0,0.0,17,0.0,6.010000000000001,0.625,0.0,32.16427104722793,0.1875,0.0,0.625,0.0,1.0,0.0,17.0,0.0,0.0,0.0,0.0,0.0,0.0,0.0,0.0,0.0,0.0,0.0,0.0,,10
00-0030506,2022,veteran,TE,11.000345028403704,7.866958985566686,86.53926316553434,59.446926209516356,726.7817022637471,5.142565013211128,1.4622035002535625,5.413820498758667,0.17326291233759436,0.28384407667875705,0.6869358951647748,12.225723828045508,0.05942464524309975,0.19405561233208873,0.03192959049362688,0.001969821661633612,2.704870894264217,134.27029478094357,136.9751656752078,veteran,Travis Kelce,TE,17.0,267.3,152.0,110.0,1338.0,12.0,2.0,5.0,0.0,0.0,0.0,0.0,0.0,0.0,0.0,1.0,6.0,0.0,0.0,6.0,6.0,0.0,0.0,0.0,0.0,0.0,0.0,0.0,0.0,17,222.3,14.923308795040683,0.9493854980969528,0.9411764705882353,32.90622861054072,0.9488970588235295,1.0,1.0,0.0,0.058823529411764705,0.0,1.0,16.0,134.0,92.0,1125.0,9.0,2.0,3.0,1.0,0.0,0.0,0.0,0.0,3.3,10
00-0030549,2022,veteran,TE,2.731537494715385,3.43411039434216,9.380401303137447,6.138681337700729,63.79094407504848,0.49751267869569354,0.0,0.0,0.0,0.048829063027545326,0.6544156416471792,10.391636341061755,0.05303746211042073,0.009811314618581174,0.0004052299667804254,8.661142528873114e-05,0.028933489736761974,12.335853022474282,12.364786512211044,veteran,,,0.0,0.0,0.0,0.0,0.0,0.0,0.0,0.0,0.0,0.0,0.0,0.0,0.0,0.0,0.0,0.0,0.0,0.0,0.0,0.0,0.0,0.0,0.0,0.0,0.0,0.0,0.0,0.0,0.0,17,0.0,4.671739130434783,0.9592391304347826,0.0,31.980835044490075,0.43125,0.0,1.0,0.0,1.0,0.0,17.0,0.0,0.0,0.0,0.0,0.0,0.0,0.0,0.0,0.0,0.0,0.0,0.0,,10
00-0030710,2022,veteran,TE,1.8346565914263981,2.9875401126489947,5.481110159822242,3.5666090862188438,36.1879899788723,0.3011127075284941,0.36095419739676043,1.3817042201616345,0.042513431967178786,0.03352841302224449,0.6507092509037462,10.146329217491328,0.05493644512670395,0.005925675767674624,0.0002011472721917353,5.264414006282143e-05,0.011618302196113402,7.534973973942364,7.546592276138478,veteran,,,0.0,0.0,0.0,0.0,0.0,0.0,0.0,0.0,0.0,0.0,0.0,0.0,0.0,0.0,0.0,0.0,0.0,0.0,0.0,0.0,0.0,0.0,0.0,0.0,0.0,0.0,0.0,0.0,0.0,17,0.0,4.812499999999999,0.6875,0.0,30.84188911704312,0.3,0.0,0.75,0.0,1.0,0.0,17.0,0.0,0.0,0.0,0.0,0.0,0.0,0.0,0.0,0.0,0.0,0.0,0.0,,10
00-0031260,2022,veteran,TE,5.338303705289336,4.3342470180243655,23.137526915958727,15.359691834292581,156.26619720367376,1.3571750857665614,0.7998544494623485,3.013689906903586,0.08401394101699912,0.12208970240469018,0.6638432832550694,10.17378466244931,0.05865687766441764,0.01928133428283891,0.0010416391903116514,0.0001694812640580862,0.11307998268862098,32.01078938409601,32.123869366784625,veteran,Logan Thomas,TE,13.0,57.800000000000004,61.0,39.0,323.0,1.0,0.0,0.0,0.0,0.0,0.0,0.0,0.0,0.0,0.0,0.0,0.0,0.0,0.0,0.0,0.0,0.0,0.0,0.0,0.0,0.0,0.0,0.0,0.0,17,44.6,7.290552334452242,0.7958532283832056,0.29411764705882354,31.170431211498972,0.602389705882353,1.0,1.0,0.0,0.7058823529411765,0.0,12.0,5.0,25.0,18.0,196.0,3.0,0.0,0.0,0.0,0.0,0.0,0.0,0.0,,10
00-0031273,2022,veteran,TE,11.168603471964289,2.8709637236803274,32.064655412179626,20.61997242364014,198.89700195853652,1.8624357116516475,0.0,0.0,0.0,0.1846546996909141,0.6430748173831218,9.645842286894014,0.058083758821378416,0.004372471786720814,0.0001320078290290094,3.9024987380345174e-05,0.05191762744376474,41.00499127820178,41.05690890564554,veteran,Cameron Brate,TE,9.0,27.4,38.0,20.0,174.0,0.0,0.0,0.0,0.0,0.0,0.0,0.0,0.0,0.0,0.0,0.0,0.0,0.0,0.0,0.0,0.0,0.0,0.0,0.0,0.0,0.0,0.0,0.0,0.0,17,63.5,4.207681219110379,0.8963092959589107,0.9411764705882353,31.16495550992471,0.8926470588235295,1.0,0.9411764705882353,0.0,0.058823529411764705,0.0,1.0,16.0,57.0,30.0,245.0,4.0,0.0,0.0,0.0,0.0,0.0,0.0,0.0,,10
00-0031384,2022,veteran,TE,1.1455087623696996,2.731829175151121,3.129334257432798,2.1198234817353474,23.88171143182605,0.17366087920992423,0.0,0.0,0.0,0.021356030984544253,0.677403980319565,11.265896258624236,0.055494512546061435,0.006990010474413043,0.0002529556297972498,6.195767661272771e-05,0.008583708706043261,4.447336097340735,4.455919806046778,veteran,Richard Rodgers,TE,3.0,0.9,4.0,1.0,4.0,0.0,0.0,0.0,0.0,0.0,0.0,0.0,0.0,0.0,0.0,0.0,0.0,0.0,0.0,0.0,0.0,0.0,0.0,0.0,0.0,0.0,0.0,0.0,0.0,17,2.1,6.387701612903226,0.42172675521821634,0.058823529411764705,30.60917180013689,0.18235294117647058,1.0,0.5,0.0,0.9411764705882353,0.0,16.0,1.0,2.0,2.0,11.0,0.0,0.0,0.0,0.0,0.0,0.0,0.0,0.0,,10
00-0031387,2022,veteran,TE,7.140063249039198,3.4481623301989752,24.620097130575065,15.987533424680445,161.69410957476603,1.3622699504480509,0.5268512331597575,2.0120238783566013,0.061571851764164916,0.14429873187874595,0.649369226282456,10.113762096982008,0.055331623722811515,0.008949184306050646,0.00035655722501028744,7.908058020289301e-05,0.06884578436906234,32.61883340716829,32.68767919153735,veteran,,,0.0,0.0,0.0,0.0,0.0,0.0,0.0,0.0,0.0,0.0,0.0,0.0,0.0,0.0,0.0,0.0,0.0,0.0,0.0,0.0,0.0,0.0,0.0,0.0,0.0,0.0,0.0,0.0,0.0,17,26.5,5.6852243498142325,0.7095315047996906,0.47058823529411764,29.39356605065024,0.6431985294117647,1.0,0.9375,0.17647058823529413,0.35294117647058826,3.0,9.0,8.0,18.0,12.0,84.0,1.0,1.0,1.0,1.0,0.0,0.0,0.0,0.0,,10
00-0031558,2022,veteran,TE,4.701621889065978,2.0888986469833872,9.8212116026974,6.8389996055108595,76.84411075796518,0.5517478824478697,0.0,0.0,0.0,0.08439666241511716,0.6963498886056508,11.236162478506984,0.05617920728806331,0.0033906905919821283,9.284515557857273e-05,3.0388922536811982e-05,0.0168822837767246,14.245604848408933,14.262487132185656,veteran,Maxx Williams,TE,3.0,3.3000000000000003,3.0,3.0,18.0,0.0,0.0,0.0,0.0,0.0,0.0,0.0,0.0,0.0,0.0,0.0,0.0,0.0,0.0,0.0,0.0,0.0,0.0,0.0,0.0,0.0,0.0,0.0,0.0,17,33.3,4.473271461716937,0.47657124334652645,0.29411764705882354,28.38877481177276,0.396139705882353,1.0,0.8125,0.0,0.7058823529411765,0.0,12.0,5.0,17.0,16.0,193.0,1.0,0.0,0.0,0.0,0.0,0.0,0.0,0.0,,10
00-0031585,2022,veteran,TE,6.4167467021832385,1.834258383020777,11.769971430200531,7.937148627868071,85.20301471895651,0.7539428939948811,0.0,0.0,0.0,0.11300922091383359,0.6743558108817637,10.734713272194597,0.06405647613216303,0.0018403656899227323,3.989825945428274e-05,1.6673522412769075e-05,0.012407165548698881,16.78651470797131,16.79892187352001,veteran,MyCole Pruitt,TE,10.0,47.0,21.0,16.0,150.0,4.0,0.0,0.0,0.0,0.0,0.0,0.0,0.0,0.0,0.0,0.0,0.0,0.0,0.0,0.0,0.0,0.0,0.0,0.0,0.0,0.0,0.0,0.0,0.0,17,41.5,3.962183950164895,0.532376921087233,0.5882352941176471,30.439425051334702,0.5016544117647059,1.0,0.5882352941176471,0.0,0.4117647058823529,0.0,7.0,10.0,18.0,14.0,145.0,3.0,0.0,0.0,0.0,0.0,0.0,0.0,0.0,,10
00-0031598,2022,veteran,TE,3.3342206833036805,2.213881952062656,7.381570994960035,4.968197679580355,51.26514055944131,0.4164337367891575,0.0,0.0,0.0,0.06013330216060256,0.6730542431919335,10.318659575512601,0.05641532636798979,0.002830883499038156,7.234104165881942e-05,2.5450282537110253e-05,0.009970305527404279,9.988948712148048,9.998919017675451,veteran,Nick Boyle,TE,3.0,0.0,0.0,0.0,0.0,0.0,0.0,0.0,0.0,0.0,0.0,0.0,0.0,0.0,0.0,0.0,0.0,0.0,0.0,0.0,0.0,0.0,0.0,0.0,0.0,0.0,0.0,0.0,0.0,17,0.7,3.0729238329238324,0.6265229801994507,0.11764705882352941,29.53593429158111,0.3740808823529412,1.0,0.9375,0.0,0.8823529411764706,0.0,15.0,2.0,2.0,1.0,2.0,0.0,0.0,0.0,0.0,0.0,0.0,0.0,0.0,,10
00-0031610,2022,veteran,TE,9.14926308283022,7.144925655612417,65.3708045304612,43.826623642588366,500.6487200275381,3.1785701550023737,0.3075078553783001,1.2064993934998907,0.032657601061906204,0.2197726944004008,0.6704311497675729,11.423392413488008,0.04862369643196356,0.11839602497272694,0.0145323864999795,0.001112641612115191,1.303037023053632,90.92665491098286,92.2296919340365,veteran,Darren Waller,TE,8.0,70.8,43.0,28.0,388.0,3.0,0.0,0.0,0.0,0.0,0.0,0.0,0.0,0.0,0.0,0.0,0.0,0.0,0.0,0.0,0.0,0.0,0.0,0.0,0.0,0.0,0.0,0.0,0.0,17,108.0,11.911313868613137,0.8441391155002147,0.6470588235294118,29.965776865160848,0.8058823529411766,1.0,1.0,0.23529411764705882,0.11764705882352941,4.0,6.0,11.0,93.0,55.0,665.0,2.0,0.0,0.0,0.0,0.0,0.0,0.0,0.0,5.5,10
00-0031951,2022,veteran,TE,5.771191273622111,2.6941598375466347,15.548511744192302,10.53559331554423,108.8213227285622,0.7473601847615283,0.0,0.0,0.0,0.10087009518137625,0.6775949678579042,10.328922109019437,0.04806634853915733,0.005181959035605806,0.00016702347626537125,4.6128063590606064e-05,0.031884391165750973,20.43234984883475,20.4642342400005,veteran,,,0.0,0.0,0.0,0.0,0.0,0.0,0.0,0.0,0.0,0.0,0.0,0.0,0.0,0.0,0.0,0.0,0.0,0.0,0.0,0.0,0.0,0.0,0.0,0.0,0.0,0.0,0.0,0.0,0.0,17,38.4,4.179018892940007,0.6699889352492737,0.4117647058823529,30.63107460643395,0.5545955882352941,1.0,0.9375,0.11764705882352941,0.47058823529411764,2.0,10.0,7.0,34.0,24.0,244.0,0.0,0.0,0.0,0.0,0.0,0.0,0.0,0.0,,10
00-0032062,2022,veteran,TE,7.8704172562480155,1.2483743205735207,9.825226794898729,6.534271747833382,68.57040595075054,0.5041766731948368,2.794323116371556,9.957171683587465,0.28494743478132994,0.13438267648792107,0.6650504750919323,10.493962999547264,0.051314507412348595,0.0005475509954657624,7.487048652867309e-06,5.0771351721967464e-06,0.004477762443306481,15.585872932231648,15.590350694674955,veteran,Blake Bell,TE,2.0,9.0,2.0,2.0,20.0,1.0,0.0,0.0,0.0,0.0,0.0,0.0,0.0,0.0,0.0,0.0,0.0,0.0,0.0,0.0,0.0,0.0,0.0,0.0,0.0,0.0,0.0,0.0,0.0,17,14.2,1.2588282078472959,0.702235122575011,0.6470588235294118,31.069130732375086,0.6933823529411766,1.0,0.875,0.058823529411764705,0.29411764705882354,1.0,6.0,11.0,13.0,9.0,87.0,0.0,4.0,10.0,0.0,0.0,0.0,0.0,0.0,,10
00-0032134,2022,veteran,TE,10.791542676926992,3.776369556752086,40.752853235538005,28.347343462041337,290.2811085843947,2.4207345926690906,0.0,0.0,0.0,0.18416886413201525,0.695591626387558,10.240152096548206,0.059400370783317814,0.014974584249919256,0.0007309144525769231,0.00013173614959502986,0.17627367932538993,57.35785241721065,57.53412609653604,veteran,C.J. Uzomah,TE,14.0,45.7,27.0,21.0,232.0,2.0,0.0,0.0,0.0,0.0,0.0,0.0,0.0,0.0,0.0,0.0,0.0,0.0,0.0,0.0,0.0,0.0,0.0,0.0,0.0,0.0,0.0,0.0,0.0,17,103.8,6.082190680235672,0.8839322284886102,0.9411764705882353,29.6290212183436,0.6863970588235294,1.0,0.9411764705882353,0.0,0.058823529411764705,0.0,1.0,16.0,63.0,49.0,493.0,5.0,0.0,0.0,0.0,0.0,0.0,0.0,0.0,,10
00-0032135,2022,veteran,TE,5.808743220859387,1.783402724612288,10.359328486653789,6.913906144905834,71.3068709844676,0.5905461073828023,0.0,0.0,0.0,0.10204155610454618,0.6674087180277382,10.313543384878965,0.05700621504025278,0.001463869585409881,2.9085929026396062e-05,1.3318983305915022e-05,0.008911404678027547,13.926833702987397,13.935745107665424,veteran,,,0.0,0.0,0.0,0.0,0.0,0.0,0.0,0.0,0.0,0.0,0.0,0.0,0.0,0.0,0.0,0.0,0.0,0.0,0.0,0.0,0.0,0.0,0.0,0.0,0.0,0.0,0.0,0.0,0.0,17,15.700000000000001,2.491878703380969,0.6534980932073073,0.29411764705882354,28.243668720054757,0.5273897058823529,1.0,0.8125,0.058823529411764705,0.6470588235294118,1.0,12.0,5.0,8.0,7.0,62.0,1.0,0.0,0.0,0.0,0.0,0.0,0.0,0.0,,10
00-0032141,2022,veteran,TE,10.943946909412928,2.444954796652117,26.757455490475245,18.44903215789304,167.4629979393603,1.5312004421802519,0.0,0.0,0.0,0.18622253346039835,0.6894912770932301,9.077061414721134,0.05722518879739173,0.0027911349673729225,7.094052380182712e-05,2.509911902979591e-05,0.0322599537415252,34.78557345904326,34.817833412784786,veteran,Geoff Swaim,TE,12.0,17.8,16.0,12.0,58.0,1.0,0.0,0.0,0.0,0.0,0.0,0.0,0.0,0.0,0.0,0.0,0.0,0.0,0.0,0.0,0.0,0.0,0.0,0.0,0.0,0.0,0.0,0.0,0.0,17,54.5,3.1732533889468204,0.8022622370115929,0.9411764705882353,28.958247775496236,0.7051470588235295,1.0,0.9411764705882353,0.058823529411764705,0.0,1.0,1.0,16.0,40.0,31.0,210.0,3.0,0.0,0.0,0.0,0.0,0.0,0.0,0.0,,10
00-0032214,2022,veteran,TE,6.212853835163303,2.0174395459913788,12.534057020522651,8.260678429776096,88.38099414787014,0.7225859171740756,0.0,0.0,0.0,0.10936265079571368,0.6590586285231084,10.698999470708811,0.05764980293219895,0.002252087933708012,5.273338664497073e-05,2.0328925239532626e-05,0.01473593167352871,17.085228831128088,17.099964762801616,veteran,Tyler Kroft,TE,6.0,7.699999999999999,5.0,4.0,57.0,0.0,0.0,0.0,0.0,0.0,0.0,0.0,0.0,0.0,0.0,0.0,0.0,0.0,0.0,0.0,0.0,0.0,0.0,0.0,0.0,0.0,0.0,0.0,0.0,17,31.3,3.6241204207471887,0.5111174230301478,0.5294117647058824,29.87816563997262,0.5068014705882353,1.0,0.5625,0.11764705882352941,0.35294117647058826,2.0,8.0,9.0,25.0,16.0,173.0,1.0,0.0,0.0,0.0,0.0,0.0,0.0,0.0,,10
00-0032392,2022,veteran,TE,11.834900468981452,4.605373486539259,54.50413683567822,36.187074917049465,356.4658743970313,2.995252131310573,0.0,0.0,0.0,0.196971103860868,0.6639326300340845,9.850640738831398,0.054954583362008064,0.02099576724948341,0.0011741232321735684,0.00018454757847268316,0.2736944675002076,71.31769547836957,71.59138994586978,veteran,Austin Hooper,TE,17.0,76.9,60.0,41.0,444.0,2.0,0.0,0.0,0.0,0.0,0.0,0.0,0.0,0.0,0.0,0.0,0.0,0.0,0.0,0.0,0.0,0.0,0.0,0.0,0.0,0.0,0.0,0.0,0.0,17,73.5,6.509656513285806,0.8523383591933208,0.8823529411764706,27.84120465434634,0.8509191176470589,1.0,0.8823529411764706,0.0,0.11764705882352941,0.0,2.0,15.0,61.0,38.0,345.0,3.0,0.0,0.0,0.0,0.0,0.0,0.0,0.0,,10
00-0032394,2022,veteran,TE,6.128953967943522,1.880445274826789,11.525162528650295,7.622915736784796,82.01263699314144,0.6297007285502169,0.0,0.0,0.0,0.10696127940529103,0.6614150314874138,10.758696517840935,0.05463703674328667,0.0018824038507717317,4.1162553146099715e-05,1.7047315381925346e-05,0.012124556063118453,15.577003380197262,15.58912793626038,veteran,Nick Vannett,TE,5.0,8.5,9.0,6.0,55.0,0.0,0.0,0.0,0.0,0.0,0.0,0.0,0.0,0.0,0.0,0.0,0.0,0.0,0.0,0.0,0.0,0.0,0.0,0.0,0.0,0.0,0.0,0.0,0.0,17,23.8,2.530606258148631,0.6204104034051691,0.4117647058823529,29.489390828199863,0.5639705882352941,1.0,0.875,0.0,0.5882352941176471,0.0,10.0,7.0,15.0,9.0,133.0,1.0,0.0,0.0,0.0,0.0,0.0,0.0,0.0,,10
00-0032725,2022,veteran,TE,9.197259166450543,1.631481419553243,15.005157440879808,10.26045593763878,110.7500926502683,0.8139712569560463,0.0,0.0,0.0,0.1596250295066223,0.6837952869248383,10.793876346566625,0.05424609906047878,0.001384199767805897,2.6923254655828694e-05,1.2607352914138591e-05,0.01333418041297098,20.76981471656925,20.783148896982222,veteran,Stephen Anderson,TE,9.0,2.4,7.0,3.0,9.0,0.0,0.0,0.0,0.0,0.0,0.0,0.0,0.0,0.0,0.0,0.0,0.0,0.0,0.0,0.0,0.0,0.0,0.0,0.0,0.0,0.0,0.0,0.0,0.0,17,30.5,2.1577092511013216,0.736800336874838,0.8235294117647058,29.585215605749486,0.5841911764705883,1.0,0.8235294117647058,0.0,0.17647058823529413,0.0,3.0,14.0,19.0,16.0,165.0,1.0,0.0,0.0,0.0,0.0,0.0,0.0,0.0,,10
00-0033090,2022,veteran,TE,12.576146391988209,5.295644067870844,66.59879503740768,44.29829095554494,490.3605406944822,4.296084926227437,0.0,0.0,0.0,0.22584344999294023,0.6651515381121109,11.069513746852628,0.06450694676704559,0.04511840159177351,0.0034809553789318364,0.0004000864346752547,0.6431442211786451,96.51002220459942,97.15316642577807,veteran,Hunter Henry,TE,16.0,83.4,59.0,41.0,509.0,2.0,0.0,0.0,0.0,0.0,0.0,0.0,0.0,0.0,0.0,0.0,0.0,0.0,0.0,0.0,0.0,0.0,0.0,0.0,0.0,0.0,0.0,0.0,0.0,17,139.3,8.769789950576607,0.8976221048551215,0.9411764705882353,27.734428473648187,0.8926470588235296,1.0,0.9411764705882353,0.0,0.058823529411764705,0.0,1.0,16.0,75.0,50.0,603.0,9.0,0.0,0.0,0.0,0.0,0.0,0.0,0.0,,10
00-0033110,2022,veteran,TE,11.373002637041566,4.805849483135958,54.656938844930096,37.99020846801487,384.51058803932943,3.0983278394911737,0.3686953518820525,1.4338339625050367,0.03915576628223227,0.1879455619143897,0.6950665234984852,10.121307661763971,0.05668681607437974,0.02961576246852434,0.0019083698281467407,0.00026074576707516256,0.3753069118775556,76.03855694500254,76.4138638568801,veteran,Tyler Higbee,TE,16.0,116.0,108.0,72.0,620.0,3.0,0.0,0.0,0.0,0.0,0.0,0.0,0.0,0.0,0.0,0.0,0.0,0.0,0.0,0.0,0.0,0.0,0.0,0.0,0.0,0.0,0.0,0.0,0.0,17,116.5,7.772583947583947,0.8985538011273305,0.8823529411764706,29.66461327857632,0.8977941176470589,1.0,0.9375,0.0,0.11764705882352941,0.0,2.0,15.0,85.0,61.0,560.0,5.0,0.0,0.0,0.0,0.0,0.0,0.0,0.0,,10
00-0033217,2022,veteran,TE,12.551314179169086,3.111363073258368,39.05169545793086,25.396838890131146,295.9341670932027,2.284116336200041,0.0,0.0,0.0,0.24269781370573076,0.6503389569216104,11.652401638386522,0.058489556200207654,0.010096022735341902,0.00042169158558814826,8.909823012879942e-05,0.13689412843576246,55.51113854417463,55.64803267261039,veteran,Mo Alie-Cox,TE,14.0,44.4,28.0,19.0,189.0,3.0,0.0,0.0,0.0,0.0,0.0,0.0,0.0,0.0,0.0,1.0,0.0,0.0,0.0,0.0,0.0,0.0,0.0,0.0,0.0,0.0,0.0,0.0,0.0,17,67.6,3.914340770791075,0.925,1.0,28.95003422313484,0.90625,1.0,1.0,0.0,0.0,0.0,0.0,17.0,45.0,24.0,316.0,4.0,0.0,0.0,0.0,0.0,0.0,0.0,0.0,,10
00-0033288,2022,veteran,TE,10.232886874276453,6.725762615744774,68.82396799015396,49.07287362922904,596.0041539677901,3.7638694722062462,4.246667600047464,18.49770868920858,0.4290360698971146,0.22840926491544178,0.7130201158446643,12.145287404012855,0.05468835323102426,0.14008590103642102,0.018882483919174006,0.0013441230505586153,1.750825179005108,110.68723780310367,112.43806298210878,veteran,George Kittle,TE,15.0,171.5,86.0,60.0,765.0,11.0,0.0,0.0,0.0,0.0,0.0,0.0,0.0,0.0,0.0,1.0,1.0,0.0,0.0,1.0,1.0,0.0,0.0,0.0,0.0,0.0,0.0,0.0,0.0,17,168.5,12.433199799699551,0.7666315649945508,0.8235294117647058,28.895277207392198,0.7341911764705882,1.0,0.875,0.058823529411764705,0.11764705882352941,1.0,3.0,14.0,94.0,71.0,910.0,6.0,3.0,20.0,0.0,0.0,0.0,0.0,0.0,4.8,10
00-0033387,2022,veteran,TE,6.424584510284482,2.77698608895999,17.840981812407836,11.774021959799382,112.88371094866574,1.0146322982078486,0.0,0.0,0.0,0.11212056453052735,0.6599424899144801,9.58752339124983,0.05687087789654065,0.004201302632427647,0.00012490739568928378,3.7521220118088946e-05,0.0286774574938154,23.0389347349523,23.067612192446116,veteran,,,0.0,0.0,0.0,0.0,0.0,0.0,0.0,0.0,0.0,0.0,0.0,0.0,0.0,0.0,0.0,0.0,0.0,0.0,0.0,0.0,0.0,0.0,0.0,0.0,0.0,0.0,0.0,0.0,0.0,17,16.0,3.9133637548891786,0.6204104034051691,0.4117647058823529,28.78576317590691,0.5639705882352941,1.0,0.8125,0.0,0.5882352941176471,0.0,10.0,7.0,14.0,9.0,55.0,1.0,0.0,0.0,0.0,0.0,0.0,0.0,0.0,,10
00-0033439,2022,veteran,TE,9.635658746980987,2.3642229416629608,22.780845467647826,15.363346244111023,152.5379198162747,1.1784320826179777,0.0,0.0,0.0,0.21725041071667234,0.6743975444602901,9.928691145312468,0.05172907582782763,0.003085362812843588,8.148488299491207e-05,2.7696865273241604e-05,0.03144099904781928,29.5715567779575,29.60299777700532,veteran,Pharaoh Brown,TE,8.0,17.7,20.0,12.0,117.0,0.0,0.0,0.0,0.0,0.0,0.0,0.0,0.0,0.0,0.0,0.0,0.0,0.0,0.0,0.0,0.0,0.0,0.0,0.0,0.0,0.0,0.0,0.0,0.0,17,26.599999999999998,2.311296043656207,0.6939521306476204,0.7647058823529411,28.32854209445585,0.6737132352941178,1.0,0.7647058823529411,0.058823529411764705,0.17647058823529413,1.0,4.0,13.0,34.0,23.0,171.0,0.0,0.0,0.0,0.0,0.0,0.0,0.0,0.0,,10
00-0033455,2022,veteran,TE,12.073804341560688,3.4426275305532608,41.56561122477031,28.802779367002422,286.69618417713957,2.141654540431315,0.0,0.0,0.0,0.26410202098066005,0.6929473311783734,9.953768020928903,0.05152467333753613,0.010311880295849899,0.00043429751427161444,9.09836452601486e-05,0.13456609736800507,55.39273130184175,55.52729739920976,veteran,Anthony Firkser,TE,8.0,14.5,13.0,9.0,100.0,0.0,0.0,0.0,0.0,0.0,0.0,0.0,0.0,0.0,0.0,0.0,0.0,0.0,0.0,0.0,0.0,0.0,0.0,0.0,0.0,0.0,0.0,0.0,0.0,17,62.1,4.120384615384615,0.8723369155354448,0.8823529411764706,27.531827515400412,0.8602941176470589,1.0,0.9375,0.058823529411764705,0.058823529411764705,1.0,2.0,15.0,43.0,34.0,291.0,2.0,0.0,0.0,0.0,0.0,0.0,0.0,0.0,,10
00-0033611,2022,veteran,TE,8.07565105699385,3.400332252891775,27.459896752195746,17.81089720833416,184.66936961191792,1.5202152713782453,0.0,0.0,0.0,0.15561061204602933,0.6486148643989336,10.368336162509912,0.055361288685715326,0.009213281882651822,0.0003712763297204794,8.138764027465575e-05,0.08021521306725597,36.182455969536285,36.26267118260354,veteran,,,0.0,0.0,0.0,0.0,0.0,0.0,0.0,0.0,0.0,0.0,0.0,0.0,0.0,0.0,0.0,0.0,0.0,0.0,0.0,0.0,0.0,0.0,0.0,0.0,0.0,0.0,0.0,0.0,0.0,17,54.1,4.873247897476972,0.60763651676129,0.6470588235294118,27.46611909650924,0.4590073529411765,1.0,0.6470588235294118,0.17647058823529413,0.17647058823529413,3.0,6.0,11.0,49.0,30.0,271.0,2.0,0.0,0.0,0.0,0.0,0.0,0.0,0.0,,10
00-0033658,2022,veteran,TE,6.423228274236088,2.441234718551729,15.680607868248243,10.47312358974251,110.7781398738846,0.9229568505454815,0.0,0.0,0.0,0.11476234927930636,0.6679029077022964,10.577373495561716,0.05885976221715118,0.00397558669274776,0.00011571517014982205,3.553712202519337e-05,0.027107524374485114,21.622592186973993,21.64969971134848,veteran,,,0.0,0.0,0.0,0.0,0.0,0.0,0.0,0.0,0.0,0.0,0.0,0.0,0.0,0.0,0.0,0.0,0.0,0.0,0.0,0.0,0.0,0.0,0.0,0.0,0.0,0.0,0.0,0.0,0.0,17,27.1,3.741978021978022,0.6092970265029088,0.47058823529411764,28.128678986995208,0.4181985294117647,1.0,0.9375,0.058823529411764705,0.47058823529411764,1.0,9.0,8.0,17.0,11.0,96.0,2.0,0.0,0.0,0.0,0.0,0.0,0.0,0.0,,10
00-0033757,2022,veteran,TE,7.467226318296576,3.7834304234484,28.25173123141785,19.468079501715295,212.29687005160508,1.9000990597941858,0.0,0.0,0.0,0.12901855014351507,0.6890933282016171,10.904869688502146,0.06725602209046737,0.017670986895144628,0.0009216483553699095,0.0001553521193051646,0.1445965925646046,42.10628401449623,42.250880607060836,veteran,Robert Tonyan,TE,17.0,85.5,67.0,53.0,470.0,2.0,0.0,0.0,0.0,0.0,0.0,0.0,0.0,0.0,0.0,0.0,0.0,0.0,0.0,0.0,0.0,0.0,0.0,0.0,0.0,0.0,0.0,0.0,0.0,17,41.4,6.982219605534296,0.6933031307901436,0.47058823529411764,28.33949349760438,0.6244485294117647,1.0,0.9375,0.0,0.5294117647058824,0.0,9.0,8.0,29.0,18.0,204.0,2.0,0.0,0.0,0.0,0.0,0.0,0.0,0.0,,10
00-0033858,2022,veteran,TE,13.103881630200167,3.8620183508598998,50.60743132332898,33.27069110916595,358.8567900069332,2.9259346325469773,8.923440733771915,39.056683875190366,0.9020325616267743,0.21573703928213686,0.6574269872857359,10.785973421155338,0.05781630397032583,0.01579940440286343,0.0007878596123894775,0.0001389551595983044,0.2261612577022999,78.96302202927357,79.18918328697588,veteran,Jonnu Smith,TE,12.0,38.5,38.0,27.0,245.0,0.0,1.0,5.0,0.0,0.0,0.0,0.0,0.0,0.0,0.0,0.0,0.0,0.0,0.0,0.0,0.0,0.0,0.0,0.0,0.0,0.0,0.0,0.0,0.0,17,53.4,5.201637053304053,0.9217489401430367,0.9411764705882353,27.028062970568104,0.9207720588235295,1.0,0.9411764705882353,0.0,0.058823529411764705,0.0,1.0,16.0,45.0,28.0,294.0,1.0,9.0,40.0,0.0,0.0,0.0,0.0,0.0,,10
00-0033879,2022,veteran,TE,7.862525495500849,2.5584285571007057,20.115709758621747,13.222121207592759,145.63560072082677,1.103578513532503,0.0,0.0,0.0,0.1497989506573513,0.6573032404151514,11.014541345846688,0.05486152498593795,0.004914320049552979,0.00015519162883830242,4.378099798873558e-05,0.04115772231611529,27.496493855759372,27.537651578075486,veteran,O.J. Howard,TE,11.0,31.5,23.0,10.0,145.0,2.0,0.0,0.0,0.0,0.0,0.0,0.0,0.0,0.0,0.0,0.0,0.0,0.0,0.0,0.0,0.0,0.0,0.0,0.0,0.0,0.0,0.0,0.0,0.0,17,26.5,3.9382720333102013,0.6113962934236846,0.5882352941176471,27.786447638603697,0.5297794117647059,1.0,0.875,0.0,0.4117647058823529,0.0,7.0,10.0,21.0,14.0,135.0,1.0,0.0,0.0,0.0,0.0,0.0,0.0,0.0,,10
00-0033881,2022,veteran,TE,11.901542588343878,5.1687415030196675,61.51599712632912,39.26454755144226,388.1669000177113,2.8899404800223634,4.061966332940888,14.395156728254607,0.4362773549588835,0.29444427854442345,0.6382819004105335,9.885938441265782,0.04697868221314186,0.026614301579870787,0.0016403828634012395,0.00023412222381272448,0.35160870471196876,79.25689790311635,79.60850660782832,veteran,Evan Engram,TE,17.0,143.9,98.0,73.0,766.0,4.0,2.0,13.0,0.0,0.0,0.0,0.0,0.0,0.0,0.0,0.0,3.5,0.0,0.0,3.5,2.0,1.0,0.0,0.0,0.0,0.0,0.0,0.0,0.0,17,79.5,6.372307692307692,0.8900452488687782,0.8823529411764706,27.99726214921287,0.8602941176470589,1.0,1.0,0.11764705882352941,0.0,2.0,2.0,15.0,73.0,46.0,408.0,3.0,1.0,-3.0,0.0,0.0,0.0,0.0,0.0,,10
00-0033885,2022,veteran,TE,11.950788856807499,3.717614983329033,44.4284317166692,29.508517252334347,341.38621081204633,2.6140563072768552,0.816819003772706,3.1193992467846954,0.08634975311478629,0.2029587416631504,0.6641809335183664,11.569073698036796,0.058837465250795286,0.01792389526628247,0.0009402004108137273,0.00015756978079354533,0.23482505906890525,65.00133851107381,65.23616357014272,veteran,David Njoku,TE,14.0,113.0,80.0,58.0,628.0,4.0,2.0,-8.0,0.0,0.0,0.0,0.0,0.0,0.0,0.0,1.0,0.0,0.0,0.0,0.0,0.0,0.0,0.0,0.0,0.0,0.0,0.0,0.0,0.0,17,90.60000000000001,5.352183908045977,0.7993548568852827,0.8823529411764706,26.143737166324435,0.7196691176470589,1.0,0.8823529411764706,0.0,0.11764705882352941,0.0,2.0,15.0,53.0,36.0,475.0,4.0,1.0,1.0,0.0,0.0,0.0,0.0,0.0,,10
00-0033895,2022,veteran,TE,11.8813193913,4.266866240668987,50.69600060534377,34.62140705671715,355.01625106325145,2.667092797431268,2.8579355777464706,11.721956526762446,0.31082618838055354,0.3553090144313718,0.6829218605671978,10.254240981068738,0.05260953064510842,0.02050104129870774,0.0011354027305921714,0.0001801972904999874,0.2680965063678124,71.14142017336816,71.40951667973597,veteran,Gerald Everett,TE,15.0,110.5,87.0,58.0,555.0,4.0,1.0,0.0,0.0,0.0,0.0,0.0,0.0,0.0,0.0,0.0,0.0,0.0,0.0,0.0,0.0,0.0,0.0,0.0,0.0,0.0,0.0,0.0,0.0,17,93.8,5.767649519029694,0.8830587128201342,0.8823529411764706,28.186173853524984,0.8790441176470589,1.0,0.9375,0.0,0.11764705882352941,0.0,2.0,15.0,63.0,48.0,478.0,4.0,3.0,20.0,0.0,0.0,0.0,0.0,0.0,,10
00-0033896,2022,veteran,TE,6.291406277514524,1.9359889041163636,12.180092744556154,8.077527827155535,85.34178214435376,0.6703463315493817,0.0,0.0,0.0,0.119865564705646,0.6631745748213416,10.565334341213465,0.05503622555328985,0.00195899972768829,4.349399684329508e-05,1.772803634446792e-05,0.012958389349879688,16.35528898789814,16.368247377248018,veteran,,,0.0,0.0,0.0,0.0,0.0,0.0,0.0,0.0,0.0,0.0,0.0,0.0,0.0,0.0,0.0,0.0,0.0,0.0,0.0,0.0,0.0,0.0,0.0,0.0,0.0,0.0,0.0,0.0,0.0,17,17.0,2.599279588336192,0.5972063868429017,0.4117647058823529,28.6652977412731,0.5358455882352942,1.0,0.8125,0.11764705882352941,0.47058823529411764,2.0,10.0,7.0,16.0,12.0,110.0,0.0,0.0,0.0,0.0,0.0,0.0,0.0,0.0,,10
00-0034011,2022,veteran,TE,9.432102588323678,3.675234704859231,34.66519077239976,23.09875148321519,268.30074485382585,1.7699562121218053,0.0,0.0,0.0,0.2403524786817637,0.6663385075499509,11.615378651473339,0.051058602958303494,0.01769886646331341,0.000923688031680381,0.00015559656135937427,0.1829412100489018,48.51848254235748,48.701423752406384,veteran,Dan Arnold,TE,11.0,18.0,13.0,9.0,135.0,0.0,0.0,0.0,0.0,0.0,0.0,0.0,0.0,0.0,0.0,0.0,0.0,0.0,0.0,0.0,0.0,0.0,0.0,0.0,0.0,0.0,0.0,0.0,0.0,17,58.3,5.3794947594732605,0.7435550610999573,0.6470588235294118,27.46611909650924,0.6840073529411765,1.0,0.9375,0.0,0.35294117647058826,0.0,6.0,11.0,52.0,35.0,408.0,0.0,0.0,0.0,0.0,0.0,0.0,0.0,0.0,,10
00-0034073,2022,veteran,TE,5.017914549827568,2.2171230344117907,11.125333933132772,7.527206506800507,82.01028144655035,0.640296561751043,0.0,0.0,0.0,0.08960749279022633,0.6765825234587748,10.895181548753524,0.05755301958569997,0.003390278449470683,9.282954468557689e-05,3.0385291007686405e-05,0.018015785231659653,15.627195782981094,15.645211568212753,veteran,Ross Dwelley,TE,5.0,18.0,5.0,3.0,105.0,1.0,0.0,0.0,0.0,0.0,0.0,0.0,0.0,0.0,0.0,0.0,0.0,0.0,0.0,0.0,0.0,0.0,0.0,0.0,0.0,0.0,0.0,0.0,0.0,17,13.1,3.3579623287671234,0.5512187751813054,0.23529411764705882,27.59753593429158,0.4294117647058823,1.0,0.75,0.0,0.7647058823529411,0.0,13.0,4.0,5.0,4.0,51.0,1.0,0.0,0.0,0.0,0.0,0.0,0.0,0.0,,10
00-0034159,2022,veteran,TE,11.344810490880628,2.8222163860300915,32.01751006376939,22.43359190838728,241.18443170972094,1.810892283896299,0.14626678507293378,0.585165792877954,0.015576434623072991,0.1916414494839595,0.7006663498724983,10.751039454343864,0.056559435143130686,0.0074097759253976565,0.0002742888361412052,6.562812007718806e-05,0.09021921312250221,45.969285116601846,46.05950432972435,veteran,Will Dissly,TE,15.0,69.9,38.0,34.0,349.0,3.0,0.0,0.0,0.0,0.0,0.0,0.0,0.0,0.0,0.0,0.0,0.0,0.0,0.0,0.0,0.0,0.0,0.0,0.0,0.0,0.0,0.0,0.0,0.0,17,39.6,3.6760911736178468,0.7998962315284988,0.7647058823529411,26.1492128678987,0.7580882352941177,1.0,0.9375,0.0,0.23529411764705882,0.0,4.0,13.0,26.0,21.0,231.0,1.0,0.0,0.0,0.0,0.0,0.0,0.0,0.0,,10
00-0034270,2022,veteran,TE,12.781237804341306,4.251865950767878,54.344109828945996,36.993979305015436,370.5384339375233,2.726297793055179,0.0,0.0,0.0,0.21414651099952658,0.6807357673436554,10.016182116620467,0.050167309790085775,0.01873214056006475,0.0010002239823138374,0.00016466031877436195,0.26280521932825984,71.48032678259207,71.74313200192033,veteran,Tyler Conklin,TE,17.0,102.5,87.0,58.0,552.0,3.0,2.0,3.0,0.0,0.0,0.0,0.0,0.0,0.0,0.0,0.0,0.0,0.0,0.0,0.0,0.0,0.0,0.0,0.0,0.0,0.0,0.0,0.0,0.0,17,107.8,5.271778439002061,0.8621108949416344,1.0,27.091033538672143,0.803125,1.0,1.0,0.0,0.0,0.0,0.0,17.0,87.0,61.0,593.0,3.0,0.0,0.0,0.0,0.0,0.0,0.0,0.0,,10
00-0034351,2022,veteran,TE,11.812560436747134,5.492051276266857,64.87518762261648,44.61737290842958,549.2936232652892,3.516963791286927,0.0,0.0,0.0,0.2311791262848888,0.6877417167249207,12.311204973735935,0.05421123113732406,0.07513685151215654,0.00732047967293254,0.0006802320141902287,1.0333395759152508,97.87747327589551,98.91081285181076,veteran,Dallas Goedert,TE,12.0,114.7,69.0,55.0,702.0,3.0,0.0,0.0,0.0,0.0,0.0,0.0,0.0,0.0,0.0,1.0,1.0,0.0,0.0,1.0,1.0,0.0,0.0,0.0,0.0,0.0,0.0,0.0,0.0,17,139.0,8.834437817539209,0.8433784547616262,0.8823529411764706,27.66050650239562,0.8321691176470589,1.0,0.9375,0.0,0.11764705882352941,0.0,2.0,15.0,76.0,56.0,830.0,4.0,0.0,0.0,0.0,0.0,0.0,0.0,0.0,6.5,10
00-0034364,2022,veteran,TE,9.150986961155448,3.1144065833308625,28.49989403579741,19.440865913585093,201.37235002408883,1.3591822899110397,0.9530631981922337,3.7050709382160782,0.10019861457580519,0.25162436357611295,0.6821381823092504,10.358198596667021,0.04769078397989246,0.008213832937506244,0.0003164909483278045,7.26558076469135e-05,0.08083872962129422,38.48121175279188,38.56205048241317,veteran,Jordan Akins,TE,15.0,98.0,54.0,37.0,495.0,5.0,0.0,0.0,0.0,0.0,0.0,0.0,0.0,0.0,0.0,1.0,0.0,0.0,0.0,0.0,0.0,0.0,0.0,0.0,0.0,0.0,0.0,0.0,0.0,17,29.7,3.6528913963328624,0.7955332697253795,0.7058823529411765,30.368240930869266,0.7819852941176472,1.0,1.0,0.0,0.29411764705882354,0.0,5.0,12.0,33.0,24.0,214.0,0.0,1.0,3.0,0.0,0.0,0.0,0.0,0.0,,10
00-0034365,2022,veteran,TE,11.8236439619556,2.5432020414813445,30.069915461794054,19.467993155711483,196.67842398638152,1.4863285207344574,0.0,0.0,0.0,0.19867340212745493,0.6474242729563686,10.102655287233876,0.04942908877222959,0.003571923369307531,9.978013559382475e-05,3.198526482783217e-05,0.044759162141392944,37.92246329664573,37.96722245878713,veteran,Ian Thomas,TE,13.0,30.2,30.0,21.0,197.0,0.0,0.0,0.0,0.0,0.0,0.0,0.0,0.0,0.0,0.0,0.0,0.0,0.0,0.0,0.0,0.0,0.0,0.0,0.0,0.0,0.0,0.0,0.0,0.0,17,27.8,2.188697674418605,0.7965817373461013,0.8235294117647058,26.236824093086927,0.7904411764705882,1.0,0.8235294117647058,0.0,0.17647058823529413,0.0,3.0,14.0,30.0,18.0,188.0,0.0,0.0,0.0,0.0,0.0,0.0,0.0,0.0,,10
00-0034383,2022,veteran,TE,13.979775135403486,5.617328307533582,78.52898660105612,54.85748692193319,558.2186298160377,4.613275618387071,0.0,0.0,0.0,0.2703191724011783,0.6985635406276263,10.175796616611871,0.05874614990033537,0.04837471234358781,0.0038486726663958383,0.00042978271730348107,0.7689894999621371,110.38962180809042,111.15861130805256,veteran,Dalton Schultz,TE,15.0,114.2,89.0,57.0,577.0,5.0,0.0,0.0,0.0,0.0,0.0,0.0,0.0,0.0,0.0,1.0,0.0,0.0,0.0,0.0,0.0,0.0,0.0,0.0,0.0,0.0,0.0,0.0,0.0,17,169.8,8.452515212981744,0.9612068965517241,1.0,26.140999315537304,0.9062500000000001,1.0,1.0,0.0,0.0,0.0,0.0,17.0,104.0,78.0,808.0,8.0,0.0,0.0,0.0,0.0,0.0,0.0,0.0,8.0,10
00-0034393,2022,veteran,TE,2.0232369606165195,1.9666147355131223,3.9789276201832298,2.6108946363144168,27.767383870824833,0.2231019769460547,0.0,0.0,0.0,0.03769918354233956,0.6561804801551492,10.635198940858734,0.056070880961584524,0.0020271889943086468,4.559920969730215e-05,1.8333680301994285e-05,0.004314057468314257,5.34539919983134,5.349713257299655,veteran,,,0.0,0.0,0.0,0.0,0.0,0.0,0.0,0.0,0.0,0.0,0.0,0.0,0.0,0.0,0.0,0.0,0.0,0.0,0.0,0.0,0.0,0.0,0.0,0.0,0.0,0.0,0.0,0.0,0.0,17,0.0,2.44,0.41875,0.0,27.537303216974674,0.1875,0.0,0.4375,0.0,1.0,0.0,17.0,0.0,0.0,0.0,0.0,0.0,0.0,0.0,0.0,0.0,0.0,0.0,0.0,,10
00-0034439,2022,veteran,TE,3.0687044517546123,2.333545323592709,7.160960922880103,4.739180995247425,54.3092539630646,0.38647902887810526,0.0,0.0,0.0,0.06650418768119234,0.6618079677135495,11.459628576652241,0.0539702748053351,0.004292205506238242,0.0001286645089634665,3.831991396975951e-05,0.013998945153177176,9.986381691836419,10.000380636989597,veteran,,,0.0,0.0,0.0,0.0,0.0,0.0,0.0,0.0,0.0,0.0,0.0,0.0,0.0,0.0,0.0,0.0,0.0,0.0,0.0,0.0,0.0,0.0,0.0,0.0,0.0,0.0,0.0,0.0,0.0,17,0.0,2.6615384615384614,0.5673076923076923,0.0,26.69678302532512,0.24375,0.0,0.625,0.0,1.0,0.0,17.0,0.0,0.0,0.0,0.0,0.0,0.0,0.0,0.0,0.0,0.0,0.0,0.0,,10
00-0034753,2022,veteran,TE,13.746150557272642,8.114414965913946,111.54196980563945,75.4294675884465,915.5141634558013,6.733473190855214,0.788439734928949,2.9779451276234936,0.08334964801571533,0.24453083595592695,0.6762429220129557,12.13735417636741,0.060367171232390916,0.19798061541127338,0.033008259655839436,0.0020183864642073857,3.4575661955984445,169.97582001387943,173.43338620947787,veteran,Mark Andrews,TE,15.0,157.0,113.0,73.0,847.0,5.0,3.0,8.0,0.0,0.0,0.0,0.0,0.0,0.0,0.0,0.0,3.0,0.0,0.0,3.0,3.0,0.0,0.0,0.0,0.0,0.0,0.0,0.0,0.0,17,252.6,13.092960462873675,0.9563524590163935,1.0,26.986995208761122,0.953125,1.0,1.0,0.0,0.0,0.0,0.0,17.0,153.0,107.0,1361.0,9.0,1.0,0.0,0.0,0.0,0.0,0.0,0.0,3.0,10
00-0034766,2022,veteran,TE,6.329926839865442,2.7295304831962968,17.277728265815128,11.441553216836292,118.61355183558523,0.9982773590204381,0.0,0.0,0.0,0.1522629785567279,0.6622139809591746,10.366909945499787,0.05777827638345147,0.005086548145113235,0.00016277748002470555,4.5291500832100974e-05,0.03431641570909092,23.26726998898584,23.301586404694934,veteran,,,0.0,0.0,0.0,0.0,0.0,0.0,0.0,0.0,0.0,0.0,0.0,0.0,0.0,0.0,0.0,0.0,0.0,0.0,0.0,0.0,0.0,0.0,0.0,0.0,0.0,0.0,0.0,0.0,0.0,17,12.0,3.4790218790218788,0.5550808161102279,0.35294117647058826,26.521560574948666,0.42849264705882356,1.0,0.75,0.0,0.6470588235294118,0.0,11.0,6.0,7.0,4.0,40.0,1.0,0.0,0.0,0.0,0.0,0.0,0.0,0.0,,10
00-0034798,2022,veteran,TE,12.770985408905103,2.734298077067426,34.91968084582538,24.738676233468944,251.90815286927764,1.7259732695010694,1.5696495088548663,5.822442859822646,0.16426437567187196,0.2117462679707868,0.7084450840972228,10.182766066054546,0.049426948577263645,0.005926006669399476,0.00020116284828515133,5.2647037553972606e-05,0.08087922550521795,49.06033102474058,49.1412102502458,veteran,Durham Smythe,TE,13.0,32.5,20.0,15.0,129.0,1.0,2.0,1.0,1.0,0.0,0.0,0.0,0.0,0.0,0.0,0.0,0.0,0.0,0.0,0.0,0.0,0.0,0.0,0.0,0.0,0.0,0.0,0.0,0.0,17,53.0,3.052082456878418,0.880674787794798,0.9411764705882353,27.06365503080082,0.8738970588235295,1.0,0.9411764705882353,0.0,0.058823529411764705,0.0,1.0,16.0,41.0,34.0,357.0,0.0,2.0,3.0,0.0,0.0,0.0,0.0,0.0,,10
00-0034829,2022,veteran,TE,13.90919101692875,5.900167057252619,82.06655063111707,53.17209966556481,588.6065625144628,3.9815305731310437,0.0,0.0,0.0,0.2467353501907262,0.6479143969943293,11.069838622446854,0.04851587574367201,0.057288781751755176,0.004917571789547449,0.0005119035714421969,0.9136801056675934,108.84241882263349,109.75609892830109,veteran,Mike Gesicki,TE,17.0,82.19999999999999,52.0,32.0,362.0,5.0,0.0,0.0,0.0,0.0,0.0,0.0,0.0,0.0,0.0,0.0,0.0,0.0,0.0,0.0,0.0,0.0,0.0,0.0,0.0,0.0,0.0,0.0,0.0,17,129.5,7.958218271231321,0.9728697749196141,1.0,26.913073237508556,0.971875,1.0,1.0,0.0,0.0,0.0,0.0,17.0,112.0,73.0,780.0,2.0,0.0,0.0,0.0,1.0,0.0,0.0,0.0,,10
00-0034830,2022,veteran,TE,10.117994161953476,3.758996997026638,38.03350967071617,26.029166415424395,261.7464812264979,2.2720969275090255,0.0,0.0,0.0,0.2222968330518433,0.684374559192088,10.055891804179785,0.05973934425668905,0.013324556789928233,0.0006208789377962859,0.00011730578615344966,0.14661466053189337,52.37721922931246,52.523833889844354,veteran,Hayden Hurst,TE,13.0,79.4,68.0,52.0,414.0,2.0,0.0,0.0,0.0,0.0,0.0,0.0,0.0,0.0,0.0,0.0,0.0,0.0,0.0,0.0,0.0,0.0,0.0,0.0,0.0,0.0,0.0,0.0,0.0,17,51.1,5.373399122807018,0.8637770897832817,0.7058823529411765,29.021218343600275,0.8382352941176471,1.0,1.0,0.058823529411764705,0.23529411764705882,1.0,5.0,12.0,31.0,26.0,221.0,3.0,0.0,0.0,0.0,0.0,0.0,0.0,0.0,,10
00-0034970,2022,veteran,TE,5.79240262077459,4.297567835898404,24.893243195614495,16.775399235970614,180.44472143591466,1.4655177979188947,0.0,0.0,0.0,0.10452187523596974,0.6738936788648728,10.756508318979167,0.05887211185793094,0.023215150519401484,0.001352580891586802,0.0002040917172034261,0.1485879011573283,35.0162347986182,35.16482269977553,veteran,Irv Smith,TE,8.0,42.7,36.0,25.0,182.0,2.0,0.0,0.0,0.0,0.0,0.0,0.0,0.0,0.0,0.0,0.0,0.0,0.0,0.0,0.0,0.0,0.0,0.0,0.0,0.0,0.0,0.0,0.0,0.0,17,0.0,5.702500000000001,0.834375,0.0,24.06297056810404,0.375,0.0,0.875,0.0,1.0,0.0,17.0,0.0,0.0,0.0,0.0,0.0,0.0,0.0,0.0,0.0,0.0,0.0,0.0,,10
00-0034981,2022,veteran,TE,12.420708477005256,3.253833766731381,40.4149206492064,27.284365166121837,312.7284198961175,2.4880329985851044,0.0,0.0,0.0,0.21032493498843055,0.6751062411564478,11.461817711061235,0.06156223886174969,0.01228718002394593,0.0005544646951467944,0.00010823942768581689,0.16563456834473658,59.42257269420643,59.588207262551165,veteran,Foster Moreau,TE,14.0,68.7,54.0,33.0,420.0,2.0,0.0,2.0,0.0,0.0,0.0,0.0,0.0,0.0,0.0,1.0,0.0,0.0,0.0,0.0,0.0,0.0,0.0,0.0,0.0,0.0,0.0,0.0,0.0,17,70.3,4.564276823500124,0.7774705662698238,0.8823529411764706,25.322381930184804,0.7384191176470589,1.0,0.8823529411764706,0.0,0.11764705882352941,0.0,2.0,15.0,44.0,30.0,373.0,3.0,0.0,0.0,0.0,0.0,0.0,0.0,0.0,,10
00-0034988,2022,veteran,TE,6.702158230183846,2.3793004810451315,15.946448301117012,10.929492983891123,108.8028393587709,0.8543925195423396,0.0,0.0,0.0,0.11876201625603772,0.685387289853474,9.954975909599318,0.05357885990716136,0.003323545588821437,9.031159026615926e-05,2.979720553672862e-05,0.02358226344613474,21.23386151256461,21.257443776010742,veteran,,,0.0,0.0,0.0,0.0,0.0,0.0,0.0,0.0,0.0,0.0,0.0,0.0,0.0,0.0,0.0,0.0,0.0,0.0,0.0,0.0,0.0,0.0,0.0,0.0,0.0,0.0,0.0,0.0,0.0,17,4.8,2.3081821690467006,0.6778114854587146,0.23529411764705882,25.35523613963039,0.4762867647058823,1.0,0.9375,0.11764705882352941,0.6470588235294118,2.0,13.0,4.0,3.0,3.0,33.0,0.0,0.0,0.0,0.0,0.0,0.0,0.0,0.0,,10
00-0035222,2022,veteran,TE,7.8019235083810505,2.3925404298785047,18.66641742462121,12.63130652959289,129.30090373907206,0.957858015297718,0.0,0.0,0.0,0.14107905851674626,0.6766861707984768,10.236542311449982,0.051314507412348595,0.0035330512399165126,9.828094021222843e-05,3.164296217392526e-05,0.029208518032739945,24.710733613456465,24.739942131489205,veteran,Zach Gentry,TE,14.0,22.7,23.0,19.0,132.0,0.0,0.0,0.0,0.0,0.0,0.0,0.0,0.0,0.0,0.0,0.0,0.0,0.0,0.0,0.0,0.0,0.0,0.0,0.0,0.0,0.0,0.0,0.0,0.0,17,26.2,2.5011278195488726,0.5628593542680231,0.5882352941176471,25.973990417522245,0.3422794117647059,1.0,0.5882352941176471,0.0,0.4117647058823529,0.0,7.0,10.0,25.0,19.0,167.0,0.0,0.0,0.0,0.0,0.0,0.0,0.0,0.0,,10
00-0035229,2022,veteran,TE,11.738194181807478,6.035856292034367,70.85005320938386,47.74086675303184,485.5684398225437,3.801251291833437,0.3890296744612422,1.5039560484999155,0.04131528898398029,0.23106933226311796,0.6738296527730584,10.170917975461917,0.05365205980296955,0.053626798825361824,0.004467581348032133,0.0004780175753144374,0.7193659102828711,95.17093378399855,95.89029969428142,veteran,T.J. Hockenson,TE,17.0,175.9,129.0,86.0,914.0,6.0,0.0,0.0,0.0,0.0,0.0,0.0,0.0,0.0,0.0,1.0,3.5,0.0,0.0,3.5,2.0,1.0,0.0,0.0,0.0,0.0,0.0,0.0,0.0,17,114.8,8.727984389348025,0.8222735375141792,0.7058823529411765,25.163586584531142,0.8007352941176471,1.0,1.0,0.058823529411764705,0.23529411764705882,1.0,5.0,12.0,84.0,61.0,583.0,4.0,0.0,0.0,0.0,0.0,0.0,0.0,0.0,8.7,10
00-0035249,2022,veteran,TE,8.790194518901327,1.8589686947187314,16.340696431125746,10.711693698903112,109.9446524048,0.8600534578711833,0.0,0.0,0.0,0.15778875819431465,0.6555224707864645,10.26398396885251,0.052632607275718925,0.0015457842932506355,3.1356936835428416e-05,1.4049967771201088e-05,0.014248198882772279,21.195055320770027,21.2093035196528,veteran,Josh Oliver,TE,12.0,33.9,25.0,14.0,149.0,2.0,0.0,0.0,0.0,0.0,0.0,0.0,0.0,0.0,0.0,0.0,0.0,0.0,0.0,0.0,0.0,0.0,0.0,0.0,0.0,0.0,0.0,0.0,0.0,17,11.1,1.0084250837721398,0.6134003745107426,0.6470588235294118,25.44832306639288,0.38400735294117655,1.0,0.6470588235294118,0.0,0.35294117647058826,0.0,6.0,11.0,15.0,9.0,66.0,0.0,0.0,0.0,0.0,0.0,0.0,0.0,0.0,,10
00-0035329,2022,veteran,TE,11.20226497783129,2.8397622898119237,31.811769644526102,21.136158794483375,227.56239040245816,1.9846888176292428,0.0,0.0,0.0,0.19316817497227037,0.6644131725667863,10.76649700710296,0.06238850714080759,0.006469183753890731,0.00022718339429374706,5.740156859197837e-05,0.07757301863654881,44.84611499331842,44.92368801195497,veteran,Donald Parham,TE,6.0,24.0,12.0,10.0,130.0,1.0,0.0,0.0,0.0,0.0,0.0,0.0,0.0,0.0,0.0,0.0,0.0,0.0,0.0,0.0,0.0,0.0,0.0,0.0,0.0,0.0,0.0,0.0,0.0,17,49.0,3.6926099706744866,0.7393026565464895,0.7647058823529411,25.04312114989733,0.6268382352941176,1.0,0.7647058823529411,0.058823529411764705,0.17647058823529413,1.0,4.0,13.0,27.0,20.0,190.0,3.0,0.0,0.0,0.0,0.0,0.0,0.0,0.0,,10
00-0035624,2022,veteran,TE,10.049692077888835,3.4064132890836323,34.23340464531903,21.697974734614295,238.13598206038606,1.7451025059738685,2.158645178009149,8.741415748113964,0.2248638463554695,0.25833012491193746,0.6338246212849651,10.975032691898798,0.05097659797657574,0.010247773883040106,0.00043054256049678794,9.042370524128066e-05,0.11129466303594539,46.8398650123093,46.95115967534525,veteran,N'Keal Harry,TE,6.0,21.1,9.0,7.0,116.0,1.0,0.0,0.0,0.0,0.0,0.0,0.0,0.0,0.0,0.0,0.0,0.0,0.0,0.0,0.0,0.0,0.0,0.0,0.0,0.0,0.0,0.0,0.0,0.0,17,22.4,3.3402846354923033,0.6589766533973449,0.5882352941176471,24.706365503080082,0.6329044117647059,1.0,0.8125,0.0,0.4117647058823529,0.0,7.0,10.0,22.0,12.0,184.0,0.0,0.0,0.0,0.0,0.0,0.0,0.0,0.0,,10
00-0035631,2022,veteran,TE,9.549417930869625,2.6583484140521154,25.385680011648102,17.328583019333962,168.41924876724912,1.2684448352886741,0.0,0.0,0.0,0.19202383456084968,0.6826125205778543,9.719158720556624,0.04996694335966789,0.004248316360339792,0.00012684662242322292,3.793431887193998e-05,0.043110416873055515,32.732837729002235,32.77594814587529,veteran,Drew Sample,TE,2.0,0.7999999999999999,2.0,2.0,-2.0,0.0,0.0,0.0,0.0,0.0,0.0,0.0,0.0,0.0,0.0,0.0,0.0,0.0,0.0,0.0,0.0,0.0,0.0,0.0,0.0,0.0,0.0,0.0,0.0,17,13.6,2.380559363860707,0.753216785754609,0.5882352941176471,26.376454483230663,0.6704044117647059,1.0,1.0,0.0,0.4117647058823529,0.0,7.0,10.0,15.0,11.0,81.0,0.0,0.0,0.0,0.0,0.0,0.0,0.0,0.0,,10
00-0035644,2022,veteran,TE,14.368871141149155,5.969771476897458,85.77887709364725,58.889758714752446,616.1503759588074,4.331288816253577,0.71757494982312,2.636952625785501,0.0759976227557366,0.256573890497386,0.686529839396951,10.462776370731774,0.05049365255183961,0.05952554977499693,0.005199765944315075,0.0005327069825057569,0.9826959005252209,117.25418306889662,118.23687896942184,veteran,Noah Fant,TE,17.0,97.6,63.0,50.0,486.0,4.0,0.0,0.0,0.0,0.0,0.0,0.0,0.0,0.0,0.0,0.0,0.0,0.0,0.0,0.0,0.0,0.0,0.0,0.0,0.0,0.0,0.0,0.0,0.0,17,125.0,7.6698814229249015,0.9319867472680772,0.9411764705882353,24.78028747433265,0.9301470588235295,1.0,1.0,0.0,0.058823529411764705,0.0,1.0,16.0,90.0,68.0,670.0,4.0,0.0,0.0,0.0,0.0,0.0,0.0,0.0,,10
00-0035671,2022,veteran,TE,2.739781987483238,2.043769546897636,5.599482991156922,3.742528304828888,39.92942612143136,0.31141854730204127,0.0,0.0,0.0,0.051134317807634576,0.6683703318215877,10.66910464509018,0.05561558947385933,0.002418030101907131,5.8177304557268045e-05,2.179908598171318e-05,0.006983414501289502,7.630449412754558,7.637432827255847,veteran,,,0.0,0.0,0.0,0.0,0.0,0.0,0.0,0.0,0.0,0.0,0.0,0.0,0.0,0.0,0.0,0.0,0.0,0.0,0.0,0.0,0.0,0.0,0.0,0.0,0.0,0.0,0.0,0.0,0.0,17,0.0,2.463157894736842,0.4506578947368422,0.0,26.182067077344286,0.17812499999999998,0.0,0.5,0.0,1.0,0.0,17.0,0.0,0.0,0.0,0.0,0.0,0.0,0.0,0.0,0.0,0.0,0.0,0.0,,10
00-0035689,2022,veteran,TE,12.751872135356203,4.686604608423869,59.7629827155923,39.110282980510014,449.40582533996354,4.008983320616546,0.16996297358035306,0.7126980328710174,0.018099920258706416,0.28628475703446443,0.6544232098761371,11.490733154856429,0.06708137945013566,0.03349448037076296,0.002272984873908884,0.00029531060836665763,0.4781260758809066,88.15692375872104,88.63504983460194,veteran,Dawson Knox,TE,15.0,111.7,65.0,48.0,517.0,6.0,0.0,0.0,0.0,0.0,0.0,0.0,0.0,0.0,0.0,0.0,0.0,0.0,0.0,0.0,0.0,0.0,0.0,0.0,0.0,0.0,0.0,0.0,0.0,17,140.6,7.441108902142699,0.8433784547616262,0.8823529411764706,25.796030116358658,0.8321691176470589,1.0,0.9375,0.11764705882352941,0.0,2.0,2.0,15.0,71.0,49.0,587.0,9.0,0.0,4.0,0.0,0.0,0.0,0.0,0.0,26.9,10
00-0036040,2022,veteran,TE,10.048099689360466,2.6136554383794013,26.262270398475355,16.967945581024985,186.53527748993298,1.640550131832547,0.0,0.0,0.0,0.17642430798365452,0.6460959133986395,10.993392016681899,0.062467947627551215,0.004947119270298866,0.00015662840606118887,4.4068700663452305e-05,0.0529554877554458,36.62795271453376,36.68090820228921,veteran,Juwan Johnson,TE,16.0,113.8,65.0,42.0,508.0,7.0,0.0,0.0,0.0,0.0,0.0,0.0,0.0,0.0,0.0,0.0,0.0,0.0,0.0,0.0,0.0,0.0,0.0,0.0,0.0,0.0,0.0,0.0,0.0,17,46.4,3.1337383845603997,0.6822809359626623,0.7647058823529411,25.965776865160848,0.5143382352941177,1.0,0.7647058823529411,0.0,0.23529411764705882,0.0,4.0,13.0,22.0,13.0,159.0,4.0,0.0,0.0,0.0,0.0,0.0,0.0,0.0,,10
00-0036232,2022,veteran,TE,13.005140546852166,3.356364168207548,43.64998773395773,29.312562879893036,312.6400230343297,2.6426002534105195,0.0,0.0,0.0,0.2976822829876031,0.6715365662540422,10.665734835788967,0.060540687193703265,0.01069905940046252,0.0004571748442972669,9.436551298144389e-05,0.1505156793971907,61.1805206978674,61.33103637726459,veteran,Harrison Bryant,TE,14.0,46.199999999999996,42.0,31.0,239.0,1.0,1.0,8.0,0.0,0.0,0.0,0.0,0.0,0.0,0.0,0.0,0.0,0.0,0.0,0.0,0.0,0.0,0.0,0.0,0.0,0.0,0.0,0.0,0.0,17,51.8,3.6740165631469974,0.8404274753379612,0.8823529411764706,24.358658453114305,0.7102941176470589,1.0,0.8823529411764706,0.058823529411764705,0.058823529411764705,1.0,2.0,15.0,28.0,21.0,233.0,3.0,0.0,0.0,0.0,0.0,0.0,0.0,0.0,,10
00-0036290,2022,veteran,TE,15.207170405353343,5.152250045364309,78.35114441084454,51.29810028023643,518.7968430733451,3.3849248874926983,1.5763038559040294,5.680399084847244,0.1657219193980734,0.29746948072239726,0.654720497906809,10.11337340445766,0.04320198400349329,0.03041885562740698,0.001982198558946819,0.0002678872956739286,0.5159477834660299,98.8057162358373,99.32166401930333,veteran,Cole Kmet,TE,17.0,122.3,69.0,50.0,544.0,7.0,2.0,9.0,0.0,0.0,0.0,0.0,0.0,0.0,0.0,0.0,0.0,0.0,0.0,0.0,0.0,0.0,0.0,0.0,0.0,0.0,0.0,0.0,0.0,17,91.2,4.632286598850067,0.9788533834586466,1.0,23.479808350444902,0.83125,1.0,1.0,0.0,0.0,0.0,0.0,17.0,93.0,60.0,612.0,0.0,1.0,0.0,0.0,0.0,0.0,0.0,0.0,11.7,10
00-0036332,2022,veteran,TE,10.757126695497236,3.0625569663240877,32.94431329892588,22.34627805943048,233.4412214098473,1.8337246031117227,0.0,0.0,0.0,0.1901283079472484,0.6783045637244794,10.44653703802506,0.05566133937815331,0.007878988041487487,0.0002987070339222849,6.972957779964485e-05,0.09107529651332448,45.13935217347581,45.23042746998913,veteran,Josiah Deguara,TE,9.0,17.9,15.0,13.0,114.0,0.0,0.0,0.0,0.0,0.0,0.0,0.0,0.0,0.0,0.0,0.0,0.0,0.0,0.0,0.0,0.0,0.0,0.0,0.0,0.0,0.0,0.0,0.0,0.0,17,49.0,3.428448947778644,0.793278047774059,0.8235294117647058,25.544147843942504,0.4716911764705882,1.0,0.8235294117647058,0.058823529411764705,0.11764705882352941,1.0,3.0,14.0,33.0,25.0,245.0,2.0,0.0,0.0,0.0,0.0,0.0,0.0,0.0,,10
00-0036422,2022,veteran,TE,9.504867722968346,3.4086711040744073,32.398967955331706,21.613035261375334,226.07847978276,1.7649501277552,0.0,0.0,0.0,0.2190707416342774,0.6670902385277555,10.460283669031206,0.05447550459596515,0.01036423709152097,0.0004373712263553459,9.144095849005466e-05,0.10648470451271781,43.56592489222632,43.67240959673904,veteran,Adam Trautman,TE,12.0,35.7,22.0,18.0,207.0,1.0,0.0,0.0,0.0,0.0,0.0,0.0,0.0,0.0,0.0,0.0,0.0,0.0,0.0,0.0,0.0,0.0,0.0,0.0,0.0,0.0,0.0,0.0,0.0,17,49.800000000000004,4.020974289580515,0.6394471861816445,0.6470588235294118,25.568788501026695,0.5433823529411765,1.0,0.6470588235294118,0.0,0.35294117647058826,0.0,6.0,11.0,43.0,27.0,263.0,2.0,0.0,0.0,0.0,0.0,0.0,0.0,0.0,,10
00-0036423,2022,veteran,TE,11.551003872492531,3.6719136969308734,42.414289332706886,29.58055314528008,309.0004079565383,2.3327575082116017,0.0,0.0,0.0,0.2666454627360223,0.6974195161739905,10.446065914958824,0.05499933029439549,0.014729509874579104,0.0007142398462381567,0.00012959196466390735,0.18550974101721174,59.15357149209143,59.339081233108644,veteran,Albert Okwuegbunam,TE,6.0,20.5,18.0,10.0,95.0,1.0,0.0,0.0,0.0,0.0,0.0,0.0,0.0,0.0,0.0,0.0,0.0,0.0,0.0,0.0,0.0,0.0,0.0,0.0,0.0,0.0,0.0,0.0,0.0,17,59.5,4.484401114206128,0.7420530886449287,0.8235294117647058,24.35318275154004,0.5279411764705882,1.0,0.8235294117647058,0.058823529411764705,0.11764705882352941,1.0,3.0,14.0,40.0,33.0,330.0,2.0,0.0,0.0,0.0,0.0,0.0,0.0,0.0,,10
00-0036556,2022,veteran,TE,8.710295585837523,4.056165486970484,35.33040033658552,23.69120930507059,243.1989306997476,2.1023254406249685,0.0,0.0,0.0,0.15986254339392195,0.6705615866044333,10.265365839627956,0.05950471606878333,0.016740933201831013,0.0008543843371878354,0.00014720087375120632,0.15954571299366652,48.459725279472025,48.619270992465694,veteran,Brevin Jordan,TE,9.0,19.8,28.0,14.0,128.0,0.0,0.0,0.0,0.0,0.0,0.0,0.0,0.0,0.0,0.0,0.0,0.0,0.0,0.0,0.0,0.0,0.0,0.0,0.0,0.0,0.0,0.0,0.0,0.0,17,45.8,5.725,0.47058823529411764,0.47058823529411764,22.127310061601644,0.25882352941176473,1.0,0.47058823529411764,0.0,0.5294117647058824,0.0,9.0,8.0,28.0,20.0,178.0,3.0,0.0,0.0,0.0,0.0,0.0,0.0,0.0,,10
00-0036628,2022,veteran,TE,9.786991692380338,3.0195740276600778,29.552545923236618,20.14799342505953,225.35340013869708,1.603110333641242,0.0,0.0,0.0,0.17549887881810947,0.6817684499127209,11.184905384096892,0.05424609906047878,0.009405382691440962,0.0003820895508900853,8.306568095609489e-05,0.09928558941412886,41.8770009706107,41.97628656002483,veteran,John Bates,TE,9.0,23.8,22.0,14.0,108.0,1.0,0.0,0.0,0.0,0.0,0.0,0.0,0.0,0.0,0.0,0.0,0.0,0.0,0.0,0.0,0.0,0.0,0.0,0.0,0.0,0.0,0.0,0.0,0.0,17,40.9,3.408333333333333,0.7058823529411764,0.7058823529411765,24.8186173853525,0.3882352941176471,1.0,0.7058823529411765,0.0,0.29411764705882354,0.0,5.0,12.0,25.0,20.0,249.0,1.0,0.0,0.0,0.0,0.0,0.0,0.0,0.0,,10
00-0036754,2022,veteran,TE,7.672145566188455,2.882342675245408,22.113752576119825,14.74745634171088,156.3444177853385,1.2938311229788604,0.0,0.0,0.0,0.1408090794867505,0.6668907183865459,10.601449779725247,0.05850798585745421,0.006530372999547492,0.000230170242326262,5.793697161276003e-05,0.05363982341998747,30.489538528288954,30.543178351708942,veteran,Brock Wright,TE,14.0,54.6,24.0,18.0,216.0,4.0,0.0,0.0,0.0,0.0,0.0,0.0,0.0,0.0,0.0,0.0,0.0,0.0,0.0,0.0,0.0,0.0,0.0,0.0,0.0,0.0,0.0,0.0,0.0,17,29.700000000000003,3.7125000000000004,0.47058823529411764,0.47058823529411764,23.761806981519506,0.25882352941176473,1.0,0.47058823529411764,0.0,0.5294117647058824,0.0,9.0,8.0,17.0,12.0,117.0,2.0,0.0,0.0,0.0,0.0,0.0,0.0,0.0,,10
00-0036876,2022,veteran,TE,8.641299605017979,2.340143015639701,20.22187691673293,13.525617880735513,143.36569332279095,1.0695500181976354,0.0,0.0,0.0,0.1567519432022958,0.6688606570215802,10.599567028060592,0.05289073920297766,0.003544296820645638,9.87139996982554e-05,3.1741994296516994e-05,0.032455440751768996,27.203174495428073,27.23562993617984,veteran,Kylen Granson,TE,13.0,45.7,40.0,31.0,302.0,0.0,1.0,0.0,0.0,0.0,0.0,0.0,0.0,0.0,0.0,0.0,0.0,0.0,0.0,0.0,0.0,0.0,0.0,0.0,0.0,0.0,0.0,0.0,0.0,17,16.1,1.6100000000000003,0.5882352941176471,0.5882352941176471,24.432580424366872,0.3235294117647059,1.0,0.5882352941176471,0.0,0.4117647058823529,0.0,7.0,10.0,15.0,11.0,106.0,0.0,0.0,0.0,0.0,0.0,0.0,0.0,0.0,,10
00-0036894,2022,veteran,TE,13.090883385424375,5.527208512527561,72.35604208442322,50.301455172394384,468.77603851913904,4.470168386504056,0.0,0.0,0.0,0.3025066203963121,0.6951935695114985,9.319333544378354,0.06178016731883116,0.0351138136361058,0.0024310991215189502,0.0003097972705935037,0.5155197320600282,98.24432851634279,98.75984824840282,veteran,Pat Freiermuth,TE,15.0,116.7,98.0,63.0,732.0,2.0,0.0,0.0,0.0,0.0,0.0,0.0,0.0,0.0,0.0,0.0,0.0,0.0,0.0,0.0,0.0,0.0,0.0,0.0,0.0,0.0,0.0,0.0,0.0,17,121.7,7.60625,0.9411764705882353,0.9411764705882353,23.852156057494867,0.5176470588235295,1.0,0.9411764705882353,0.058823529411764705,0.0,1.0,1.0,16.0,79.0,60.0,497.0,7.0,0.0,0.0,0.0,0.0,0.0,0.0,0.0,10.9,10
00-0036970,2022,veteran,TE,15.01772867885704,7.337660118406959,110.19498879590574,71.04119848019967,935.2272257770492,4.812522850512308,0.0,0.0,0.0,0.2618227235487725,0.6446862897892429,13.164575567200096,0.043672792230376956,0.16696793217430472,0.02497386310414097,0.0016463570609278,3.1195042410039426,157.39481347378106,160.514317714785,veteran,Kyle Pitts,TE,10.0,61.6,59.0,28.0,356.0,2.0,0.0,0.0,0.0,0.0,0.0,0.0,0.0,0.0,0.0,0.0,0.0,0.0,0.0,0.0,0.0,0.0,0.0,0.0,0.0,0.0,0.0,0.0,0.0,17,147.1,8.652941176470588,1.0,1.0,21.90280629705681,0.55,1.0,1.0,0.0,0.0,0.0,0.0,17.0,110.0,68.0,1026.0,1.0,0.0,0.0,0.0,0.0,0.0,0.0,0.0,3.4,10
00-0037005,2022,veteran,TE,13.4198568091873,3.595761218139707,48.25460066746377,31.165780137518375,320.7354071065203,2.5437858240800333,4.482604525248521,17.248009992579064,0.5140217626161774,0.2365862310567422,0.6458613211264697,10.291268362007362,0.05271592322584923,0.010514202842888122,0.0004462098304556409,9.275084813028877e-05,0.15257061086333662,67.2549048367329,67.40747544759624,veteran,Tommy Tremble,TE,15.0,42.9,32.0,19.0,174.0,3.0,0.0,0.0,0.0,0.0,0.0,0.0,0.0,0.0,0.0,1.0,0.0,0.0,0.0,0.0,0.0,0.0,0.0,0.0,0.0,0.0,0.0,0.0,0.0,17,43.1,2.8733333333333335,0.8823529411764706,0.8823529411764706,22.247775496235455,0.4852941176470589,1.0,0.8823529411764706,0.0,0.11764705882352941,0.0,2.0,15.0,35.0,20.0,180.0,1.0,3.0,11.0,1.0,0.0,0.0,0.0,0.0,,10
00-0037252,2022,rookie,TE,9.459587522016244,2.654728673277817,25.11263823207758,16.162541573062253,184.14347806952813,1.4044034651114476,0.22921723038345812,0.7820352566023865,0.013483366493144595,0.14822715490338845,0.6436018957345971,11.393225331369662,0.055924170616113746,0.005697458001078671,0.00019048657507530117,5.06454489930395e-05,0.05755665937193924,34.78468879896495,34.84224545833689,rookie,Greg Dulcich,TE,10.0,69.6,55.0,33.0,411.0,2.0,0.0,0.0,0.0,0.0,0.0,0.0,0.0,0.0,0.0,0.0,0.0,0.0,0.0,0.0,0.0,0.0,0.0,0.0,0.0,0.0,0.0,0.0,0.0,17,0.0,,,0.0,22.43394934976044,0.0,0.0,0.0,0.0,1.0,0.0,17.0,0.0,0.0,0.0,0.0,0.0,0.0,0.0,0.0,0.0,0.0,0.0,0.0,,10
00-0037744,2022,rookie,TE,10.485961515809201,3.026928003160902,31.74025055227041,20.42808542653233,232.74178035295157,1.775047187283369,0.2489541132657949,0.8493728570244766,0.014644359603870288,0.16430993828191057,0.6436018957345971,11.393225331369662,0.055924170616113746,0.00842759408230276,0.00032799639967071335,7.452362870395727e-05,0.09509336745951101,43.98268743902339,44.0777808064829,rookie,Trey McBride,TE,12.0,47.0,39.0,29.0,265.0,1.0,0.0,0.0,0.0,0.0,0.0,0.0,0.0,0.0,0.0,0.0,0.0,0.0,0.0,0.0,0.0,0.0,0.0,0.0,0.0,0.0,0.0,0.0,0.0,17,0.0,,,0.0,22.77618069815195,0.0,0.0,0.0,0.0,1.0,0.0,17.0,0.0,0.0,0.0,0.0,0.0,0.0,0.0,0.0,0.0,0.0,0.0,0.0,,10
00-0037755,2022,rookie,TE,9.111252236845262,2.5768451709854117,23.478286328144744,15.11066958939363,172.1592635398367,1.3130036903891373,0.14418634006699863,0.4919298661109365,0.008481549415705801,0.14276890969415654,0.6436018957345971,11.393225331369662,0.055924170616113746,0.005214145220130483,0.00016846276368890142,4.641023724530025e-05,0.05065546315470588,32.46382775473233,32.51448321788703,rookie,Jelani Woods,TE,12.0,61.7,40.0,25.0,312.0,3.0,0.0,0.0,0.0,0.0,0.0,0.0,0.0,0.0,0.0,0.0,0.0,0.0,0.0,0.0,0.0,0.0,0.0,0.0,0.0,0.0,0.0,0.0,0.0,17,0.0,,,0.0,23.89596167008898,0.0,0.0,0.0,0.0,1.0,0.0,17.0,0.0,0.0,0.0,0.0,0.0,0.0,0.0,0.0,0.0,0.0,0.0,0.0,,10
00-0037805,2022,rookie,TE,8.892778105715871,2.4433883335659607,21.728510276496966,13.984510405442123,159.3286781980858,1.2151489159367972,0.2270080538913544,0.774498066217562,0.013353414934785552,0.13934552587304072,0.6436018957345971,11.393225331369662,0.055924170616113746,0.004451718533253172,0.0001353321796328337,3.972095837799581e-05,0.042099823009383676,30.094895762634813,30.136995585644197,rookie,Jeremy Ruckert,TE,2.0,1.3,2.0,1.0,8.0,0.0,0.0,0.0,0.0,0.0,0.0,0.0,0.0,0.0,0.0,0.0,0.0,0.0,0.0,0.0,0.0,0.0,0.0,0.0,0.0,0.0,0.0,0.0,0.0,17,0.0,,,0.0,22.05612594113621,0.0,0.0,0.0,0.0,1.0,0.0,17.0,0.0,0.0,0.0,0.0,0.0,0.0,0.0,0.0,0.0,0.0,0.0,0.0,,10
00-0037809,2022,rookie,TE,7.3999702288612,1.9457214329641201,14.398280677591641,9.2667607394168,105.57829319606533,0.8052119051923288,0.13696584496385583,0.46729523575903753,0.008056814409638579,0.11595394945509004,0.6436018957345971,11.393225331369662,0.055924170616113746,0.002271614349113871,5.33662134903822e-05,2.0502004560904556e-05,0.017705669588245716,19.885643631592462,19.903349301180707,rookie,Chig Okonkwo,TE,16.0,81.2,46.0,32.0,450.0,3.0,3.0,2.0,0.0,0.0,0.0,0.0,0.0,0.0,0.0,0.0,0.0,0.0,0.0,0.0,0.0,0.0,0.0,0.0,0.0,0.0,0.0,0.0,0.0,17,0.0,,,0.0,22.981519507186857,0.0,0.0,0.0,0.0,1.0,0.0,17.0,0.0,0.0,0.0,0.0,0.0,0.0,0.0,0.0,0.0,0.0,0.0,0.0,,10
00-0037838,2022,rookie,TE,7.754340679911877,2.0518641519266585,15.910853662937772,10.24025558022251,116.66953927629062,0.8898012948941503,0.1729071775797253,0.5899186058602393,0.010171010445866194,0.12150676279064196,0.6436018957345971,11.393225331369662,0.055924170616113746,0.002655677682679767,6.622570899894827e-05,2.3901844057925553e-05,0.021734020634964213,22.002893884785156,22.024627905420118,rookie,Isaiah Likely,TE,14.0,74.3,60.0,36.0,373.0,3.0,0.0,0.0,0.0,0.0,0.0,0.0,0.0,0.0,0.0,0.0,1.0,0.0,0.0,1.0,1.0,0.0,0.0,0.0,0.0,0.0,0.0,0.0,0.0,17,0.0,,,0.0,22.3709787816564,0.0,0.0,0.0,0.0,1.0,0.0,17.0,0.0,0.0,0.0,0.0,0.0,0.0,0.0,0.0,0.0,0.0,0.0,0.0,,10
00-0038041,2022,rookie,TE,7.445812689582905,1.9814546980723438,14.75354053474072,9.49540665695635,108.1833076556912,0.8250795180565901,0.11246958652689387,0.3837197657976379,0.006615858030993757,0.11667227861169795,0.6436018957345971,11.393225331369662,0.055924170616113746,0.00239637605068145,5.745853032047381e-05,2.160733370688853e-05,0.018806473707459564,20.361233769929164,20.380040243636625,rookie,Jake Ferguson,TE,11.0,38.9,22.0,19.0,174.0,2.0,0.0,0.0,0.0,0.0,0.0,0.0,0.0,0.0,0.0,0.0,0.0,0.0,0.0,0.0,0.0,0.0,0.0,0.0,0.0,0.0,0.0,0.0,0.0,17,0.0,,,0.0,23.619438740588638,0.0,0.0,0.0,0.0,1.0,0.0,17.0,0.0,0.0,0.0,0.0,0.0,0.0,0.0,0.0,0.0,0.0,0.0,0.0,,10
00-0038046,2022,rookie,TE,7.497591840099027,1.9977691368837838,14.978457579101534,9.640163693089992,109.83255718666301,0.8376578172198962,0.11633418364876409,0.39690486186048923,0.006843187273456711,0.11748363282206453,0.6436018957345971,11.393225331369662,0.055924170616113746,0.002454853395050591,5.940528280153652e-05,2.2125105264612757e-05,0.019405353646144652,20.675066812713332,20.69447216635948,rookie,Charlie Kolar,TE,1.0,6.9,6.0,4.0,49.0,0.0,0.0,0.0,0.0,0.0,0.0,0.0,0.0,0.0,0.0,0.0,0.0,0.0,0.0,0.0,0.0,0.0,0.0,0.0,0.0,0.0,0.0,0.0,0.0,17,0.0,,,0.0,23.5564681724846,0.0,0.0,0.0,0.0,1.0,0.0,17.0,0.0,0.0,0.0,0.0,0.0,0.0,0.0,0.0,0.0,0.0,0.0,0.0,,10
00-0038115,2022,rookie,TE,8.618540800646374,2.3432175026781854,20.195115651620643,12.99761471796248,148.08475325207326,1.129395093313382,0.2222372838927026,0.7582213215162794,0.013072781405453093,0.1350483601240885,0.6436018957345971,11.393225331369662,0.055924170616113746,0.0039317527275313175,0.00011395306218044235,3.5151653579583896e-05,0.03596504689509409,27.967815344405025,28.00378039130012,rookie,Daniel Bellinger,TE,11.0,60.0,35.0,30.0,268.0,2.0,1.0,2.0,1.0,0.0,0.0,0.0,0.0,0.0,0.0,1.0,0.0,0.0,0.0,0.0,0.0,0.0,0.0,0.0,0.0,0.0,0.0,0.0,0.0,17,0.0,,,0.0,21.94113620807666,0.0,0.0,0.0,0.0,1.0,0.0,17.0,0.0,0.0,0.0,0.0,0.0,0.0,0.0,0.0,0.0,0.0,0.0,0.0,,10
00-0038129,2022,rookie,TE,8.165229521100395,2.2276680642721676,18.189421041607673,11.706745864693469,133.37759353353266,1.017228285739197,0.14173811904402922,0.48357711203257026,0.00833753641435466,0.12794519192607456,0.6436018957345971,11.393225331369662,0.055924170616113746,0.0033849591913674114,9.262813079242834e-05,3.0338420664003085e-05,0.0292689039751779,25.136994545972414,25.166263449947593,rookie,Cade Otton,TE,16.0,72.10000000000001,65.0,42.0,391.0,2.0,0.0,0.0,0.0,0.0,0.0,0.0,0.0,0.0,0.0,0.0,0.0,0.0,0.0,0.0,0.0,0.0,0.0,0.0,0.0,0.0,0.0,0.0,0.0,17,0.0,,,0.0,23.381245722108144,0.0,0.0,0.0,0.0,1.0,0.0,17.0,0.0,0.0,0.0,0.0,0.0,0.0,0.0,0.0,0.0,0.0,0.0,0.0,,10
00-0024243,2023,veteran,TE,2.5970594825193025,1.47884402176072,3.8406458898806597,2.6267668198785374,27.547920609211236,0.22545034883117138,0.0,0.0,0.0,0.04385909975194259,0.6839388204987987,10.487387156232261,0.05870115477846795,0.0008384394219902119,2.5616374127907027e-05,8.277480744322349e-06,0.002320262142119474,5.333159364343536,5.335479626485656,veteran,Marcedes Lewis,TE,6.0,10.899999999999999,5.0,4.0,29.0,1.0,0.0,0.0,0.0,0.0,0.0,0.0,0.0,0.0,0.0,0.0,0.0,0.0,0.0,0.0,0.0,0.0,0.0,0.0,0.0,0.0,0.0,0.0,0.0,17,23.6,3.152076788830716,0.5978172158915922,0.35294117647058826,39.285420944558524,0.5266544117647058,1.0,0.7647058823529411,0.0,0.6470588235294118,0.0,11.0,6.0,7.0,6.0,66.0,2.0,0.0,0.0,0.0,0.0,0.0,0.0,0.0,,11
00-0027061,2023,veteran,TE,1.1988762834237758,4.092342764238003,4.906212683685839,3.152631393892783,35.58207409692861,0.2787709741988982,0.0,0.0,0.0,0.022526194634084035,0.6425794389990322,11.286468239153336,0.056819993785811346,0.018881279933943826,0.0012591126688923737,0.0001604575819177011,0.02528533676774403,6.762096562564473,6.787381899332217,veteran,,,0.0,0.0,0.0,0.0,0.0,0.0,0.0,0.0,0.0,0.0,0.0,0.0,0.0,0.0,0.0,0.0,0.0,0.0,0.0,0.0,0.0,0.0,0.0,0.0,0.0,0.0,0.0,0.0,0.0,17,0.0,6.936245110821383,0.9399541759337373,0.0,36.40246406570842,0.4229779411764706,0.0,0.9411764705882353,0.0,1.0,0.0,17.0,0.0,0.0,0.0,0.0,0.0,0.0,0.0,0.0,0.0,0.0,0.0,0.0,,11
00-0027656,2023,veteran,TE,1.1649811472337068,4.941454818467167,5.756701703421409,3.723427963734496,45.71376640311717,0.3354402581331692,0.0,0.0,0.0,0.020275117809734386,0.6467988364798427,12.277333373536658,0.058269522274153156,0.04409800288621098,0.0037259352339480863,0.00036695071985503615,0.05873928978932828,8.405181935358511,8.463921225147839,veteran,,,0.0,0.0,0.0,0.0,0.0,0.0,0.0,0.0,0.0,0.0,0.0,0.0,0.0,0.0,0.0,0.0,0.0,0.0,0.0,0.0,0.0,0.0,0.0,0.0,0.0,0.0,0.0,0.0,0.0,17,0.0,10.46798780487805,0.8278335724533715,0.0,34.299794661190965,0.36176470588235293,0.0,1.0,0.0,1.0,0.0,17.0,0.0,0.0,0.0,0.0,0.0,0.0,0.0,0.0,0.0,0.0,0.0,0.0,,11
00-0027696,2023,veteran,TE,0.40984226357546505,3.045890992819669,1.2483348591013337,0.824017610685867,8.679584966591579,0.07523851287109648,0.0,0.0,0.0,0.007155891056951987,0.6600934073723381,10.53325178252825,0.06027109819336463,0.006716929641686179,0.0003431930894563609,5.9641124369975534e-05,0.0030127511043931323,1.7170865971147662,1.7200993482191593,veteran,Jimmy Graham,TE,6.0,30.9,7.0,6.0,39.0,4.0,0.0,0.0,0.0,0.0,0.0,0.0,0.0,0.0,0.0,0.0,0.0,0.0,0.0,0.0,0.0,0.0,0.0,0.0,0.0,0.0,0.0,0.0,0.0,17,0.0,5.4721153846153845,0.8009049773755657,0.0,36.76933607118412,0.34411764705882353,0.0,1.0,0.0,1.0,0.0,17.0,0.0,0.0,0.0,0.0,0.0,0.0,0.0,0.0,0.0,0.0,0.0,0.0,,11
00-0027981,2023,veteran,TE,3.621747942694919,1.7322847621888804,6.273898773619335,4.192304033505524,44.44598027045579,0.343599528577046,0.0,0.0,0.0,0.06662976682972949,0.6682135279474768,10.601802711644202,0.05476650819133756,0.0012908041365755497,4.383470719213978e-05,1.2457295381999342e-05,0.005003338984794836,8.46908768160116,8.474091020585954,veteran,,,0.0,0.0,0.0,0.0,0.0,0.0,0.0,0.0,0.0,0.0,0.0,0.0,0.0,0.0,0.0,0.0,0.0,0.0,0.0,0.0,0.0,0.0,0.0,0.0,0.0,0.0,0.0,0.0,0.0,17,10.3,3.041405184174624,0.6781759088355669,0.29411764705882354,33.80971937029432,0.5389705882352942,1.0,0.8823529411764706,0.0,0.7058823529411765,0.0,12.0,5.0,5.0,3.0,28.0,1.0,0.0,0.0,0.0,0.0,0.0,0.0,0.0,,11
00-0030061,2023,veteran,TE,7.061226214767843,5.007084293962197,35.3561548760782,23.23501272153249,224.39796382088582,1.8661771975654977,0.21007615717139452,0.7733220779652381,0.020516235716949188,0.11519894970229062,0.6571702381938933,9.657750848267467,0.052782244112980284,0.023266608857720604,0.0016410732561973566,0.0001963470101208659,0.18444567395052272,45.224397650941455,45.408843324891976,veteran,Zach Ertz,TE,7.0,38.2,43.0,27.0,187.0,1.0,0.0,0.0,0.0,0.0,0.0,0.0,0.0,0.0,0.0,0.0,0.0,0.0,0.0,0.0,0.0,0.0,0.0,0.0,0.0,0.0,0.0,0.0,0.0,17,92.1,8.358031874525675,0.7723201663665719,0.5882352941176471,32.80766598220397,0.7266544117647059,1.0,1.0,0.11764705882352941,0.29411764705882354,2.0,7.0,10.0,69.0,47.0,406.0,4.0,0.0,0.0,0.0,0.0,0.0,0.0,0.0,,11
00-0030108,2023,veteran,TE,6.282440247925874,1.4426119687507795,9.06312349461948,5.948392091241983,60.91102496688725,0.4824396072007795,0.0,0.0,0.0,0.10357796879993876,0.6563291446677709,10.239914254571179,0.05323105301248408,0.0006442122620429833,1.8453476978372436e-05,6.449299681675334e-06,0.004302159022773044,11.752780247914515,11.757082406937288,veteran,,,0.0,0.0,0.0,0.0,0.0,0.0,0.0,0.0,0.0,0.0,0.0,0.0,0.0,0.0,0.0,0.0,0.0,0.0,0.0,0.0,0.0,0.0,0.0,0.0,0.0,0.0,0.0,0.0,0.0,17,4.6,1.779551743220808,0.6809262996842346,0.5882352941176471,33.637234770705,0.6643382352941176,1.0,0.8235294117647058,0.11764705882352941,0.29411764705882354,2.0,7.0,10.0,8.0,4.0,26.0,0.0,0.0,0.0,0.0,0.0,0.0,0.0,0.0,,11
00-0030181,2023,veteran,TE,1.652184540575935,2.7167266272822923,4.488533734566803,2.996402397203102,31.90326603921048,0.25554220450363413,0.0,0.0,0.0,0.031243886186642315,0.6675682025351405,10.647190133404505,0.056932223219281874,0.005066690281021725,0.00024120926868328148,4.5602485582184645e-05,0.009119578134715096,6.15929325717112,6.168412835305835,veteran,,,0.0,0.0,0.0,0.0,0.0,0.0,0.0,0.0,0.0,0.0,0.0,0.0,0.0,0.0,0.0,0.0,0.0,0.0,0.0,0.0,0.0,0.0,0.0,0.0,0.0,0.0,0.0,0.0,0.0,17,0.0,4.229101283880171,0.8603308299068557,0.0,33.32511978097194,0.3865808823529412,0.0,0.8823529411764706,0.0,1.0,0.0,17.0,0.0,0.0,0.0,0.0,0.0,0.0,0.0,0.0,0.0,0.0,0.0,0.0,,11
00-0030506,2023,veteran,TE,11.19229578568806,8.174220844774752,91.48829751225594,63.66515851448284,762.8158094990648,5.757324955235349,1.9077920968835325,6.4273012946955514,0.1896482762407078,0.2818003887171198,0.6958830828167301,11.981683974375654,0.06292963266109622,0.20899382825217075,0.03173545970545543,0.001910930541356955,2.914685120748492,143.8751289480396,146.78981406878808,veteran,Travis Kelce,TE,15.0,176.4,121.0,93.0,984.0,5.0,0.0,0.0,0.0,0.0,0.0,0.0,0.0,0.0,0.0,1.0,3.5,0.0,0.0,3.5,2.0,1.0,0.0,0.0,0.0,0.0,0.0,0.0,0.0,17,267.3,15.49997354997166,0.9738965726097732,1.0,33.90554414784394,0.9729779411764706,1.0,1.0,0.0,0.0,0.0,0.0,17.0,152.0,110.0,1338.0,12.0,2.0,5.0,0.0,0.0,0.0,0.0,0.0,2.9,11
00-0031260,2023,veteran,TE,8.148611715331786,4.036559270040625,32.89235415748416,21.728089706603377,207.7655032739285,1.7120616557687904,0.4871824977376063,1.7480205288373927,0.047508051753579764,0.15916077434511772,0.6605817754050748,9.562069472254919,0.052050444537100324,0.011857209876829046,0.0007000948993766702,0.00010262137958647071,0.1068494451137177,42.05449393002227,42.161343375135985,veteran,Logan Thomas,TE,16.0,99.3,78.0,55.0,496.0,4.0,1.0,2.0,0.0,0.0,0.0,0.0,0.0,0.0,0.0,2.0,0.0,0.0,0.0,0.0,0.0,0.0,0.0,0.0,0.0,0.0,0.0,0.0,0.0,17,57.800000000000004,6.048275669642857,0.7552521008403361,0.7647058823529411,32.16974674880219,0.6588235294117647,1.0,1.0,0.11764705882352941,0.11764705882352941,2.0,4.0,13.0,61.0,39.0,323.0,1.0,0.0,0.0,0.0,0.0,0.0,0.0,0.0,,11
00-0031273,2023,veteran,TE,6.666116724821021,2.5434453304227804,16.954903455799222,10.67201044377736,103.90111192898497,0.8755305509267227,0.0,0.0,0.0,0.10935241901516386,0.6294350464217552,9.735851785037156,0.05163878126520726,0.0026443274434630785,0.00010712570928479121,2.4588454441344953e-05,0.019026383135032826,20.760594882317186,20.779621265452217,veteran,,,0.0,0.0,0.0,0.0,0.0,0.0,0.0,0.0,0.0,0.0,0.0,0.0,0.0,0.0,0.0,0.0,0.0,0.0,0.0,0.0,0.0,0.0,0.0,0.0,0.0,0.0,0.0,0.0,0.0,17,27.4,3.6168649220195617,0.7462127396557355,0.5294117647058824,32.16427104722793,0.6954044117647058,1.0,0.9411764705882353,0.23529411764705882,0.23529411764705882,4.0,8.0,9.0,38.0,20.0,174.0,0.0,0.0,0.0,0.0,0.0,0.0,0.0,0.0,,11
00-0031387,2023,veteran,TE,1.837327548189881,3.1860353767052394,5.853790567128061,3.852786722737648,39.42532496541571,0.3233426446696479,0.1623177757100395,0.5854463276591746,0.016357935775047548,0.035432211190656204,0.6581695533101163,10.232937300355294,0.05523645592744252,0.006992270239112936,0.00036089488278655567,6.196845555954172e-05,0.014069426600963842,7.894809550963172,7.908878977564136,veteran,,,0.0,0.0,0.0,0.0,0.0,0.0,0.0,0.0,0.0,0.0,0.0,0.0,0.0,0.0,0.0,0.0,0.0,0.0,0.0,0.0,0.0,0.0,0.0,0.0,0.0,0.0,0.0,0.0,0.0,17,0.0,5.445401174168298,0.7035872568205365,0.0,30.392881587953458,0.2818014705882353,0.0,0.9375,0.0,1.0,0.0,17.0,0.0,0.0,0.0,0.0,0.0,0.0,0.0,0.0,0.0,0.0,0.0,0.0,,11
00-0031558,2023,veteran,TE,2.043831692048931,1.405416194860527,2.872434159574761,1.978231002931411,21.259864429055998,0.158679122587424,0.0,0.0,0.0,0.03633301154485887,0.6886949858667155,10.7469069070055,0.055242039946675425,0.0007915946305908011,2.3847244939946412e-05,7.838789950013773e-06,0.001723038160376025,3.994510656806132,3.996233694966508,veteran,,,0.0,0.0,0.0,0.0,0.0,0.0,0.0,0.0,0.0,0.0,0.0,0.0,0.0,0.0,0.0,0.0,0.0,0.0,0.0,0.0,0.0,0.0,0.0,0.0,0.0,0.0,0.0,0.0,0.0,17,3.3000000000000003,3.658904109589041,0.2656795594950309,0.17647058823529413,29.388090349075977,0.24154411764705883,1.0,0.375,0.0,0.8235294117647058,0.0,14.0,3.0,3.0,3.0,18.0,0.0,0.0,0.0,0.0,0.0,0.0,0.0,0.0,,11
00-0031585,2023,veteran,TE,6.201293877617727,2.099641451567232,13.020493678796273,8.873965617375962,92.00490999185135,0.8634401886901363,0.0,0.0,0.0,0.10429474425507962,0.6815383376612759,10.3679588088214,0.06631393632149593,0.002278779355734853,8.899007855836102e-05,2.135175005949045e-05,0.01522397786499992,18.609525451503774,18.624749429368773,veteran,MyCole Pruitt,TE,10.0,21.5,12.0,9.0,110.0,1.0,0.0,0.0,0.0,0.0,0.0,0.0,0.0,0.0,0.0,0.0,0.0,0.0,0.0,0.0,0.0,0.0,0.0,0.0,0.0,0.0,0.0,0.0,0.0,17,47.0,4.55509243697479,0.5646008403361346,0.5882352941176471,31.43874058863792,0.546875,1.0,0.5882352941176471,0.0,0.4117647058823529,0.0,7.0,10.0,21.0,16.0,150.0,4.0,0.0,0.0,0.0,0.0,0.0,0.0,0.0,,11
00-0031610,2023,veteran,TE,6.062948796472755,5.68026153921573,34.439134862838486,22.729315066408134,265.18618450865563,1.8452937346305038,0.0,0.0,0.0,0.11958716012221199,0.6599850767718959,11.66714367475933,0.05358130342065202,0.060958733080116796,0.005687008223730452,0.0005069190922566781,0.4274565858616072,48.71586407160823,49.143320657469836,veteran,Darren Waller,TE,12.0,87.2,74.0,52.0,552.0,1.0,0.0,0.0,0.0,0.0,0.0,0.0,0.0,0.0,0.0,0.0,0.0,0.0,0.0,0.0,0.0,0.0,0.0,0.0,0.0,0.0,0.0,0.0,0.0,17,70.8,10.615518292682925,0.6591104734576757,0.47058823529411764,30.965092402464066,0.6029411764705883,1.0,1.0,0.058823529411764705,0.47058823529411764,1.0,9.0,8.0,43.0,28.0,388.0,3.0,0.0,0.0,0.0,0.0,0.0,0.0,0.0,10.4,11
00-0031951,2023,veteran,TE,1.2473684680681958,2.67012299100108,3.330627224838686,2.2421546690519647,23.47090496778571,0.17035442605338513,0.0,0.0,0.0,0.02210135843511464,0.6731929206399134,10.468013331885688,0.05114785130648657,0.004682381978700356,0.00021856851395400458,4.230683301489298e-05,0.006355153263282921,4.446091670754635,4.452446824017918,veteran,,,0.0,0.0,0.0,0.0,0.0,0.0,0.0,0.0,0.0,0.0,0.0,0.0,0.0,0.0,0.0,0.0,0.0,0.0,0.0,0.0,0.0,0.0,0.0,0.0,0.0,0.0,0.0,0.0,0.0,17,0.0,3.992066805845511,0.6916446641286995,0.0,31.630390143737166,0.2641544117647059,0.0,0.9375,0.0,1.0,0.0,17.0,0.0,0.0,0.0,0.0,0.0,0.0,0.0,0.0,0.0,0.0,0.0,0.0,,11
00-0032134,2023,veteran,TE,9.806958121078836,2.7797026685655575,27.260427659673503,19.029680807522084,200.38423284502144,1.5963841469856257,0.0,0.0,0.0,0.15912227001153936,0.6980697825101545,10.530089015776515,0.05856049534201422,0.006020703928261041,0.0002992760559157262,5.373843074163429e-05,0.06450129398393303,38.81332403015386,38.87782532413779,veteran,C.J. Uzomah,TE,8.0,15.8,12.0,8.0,58.0,1.0,0.0,0.0,0.0,0.0,0.0,0.0,0.0,0.0,0.0,0.0,0.0,0.0,0.0,0.0,0.0,0.0,0.0,0.0,0.0,0.0,0.0,0.0,0.0,17,45.7,4.622549975621648,0.8502129520750279,0.8235294117647058,30.628336755646817,0.7540441176470589,1.0,0.9411764705882353,0.058823529411764705,0.11764705882352941,1.0,3.0,14.0,27.0,21.0,232.0,2.0,0.0,0.0,0.0,0.0,0.0,0.0,0.0,,11
00-0032141,2023,veteran,TE,8.989240687368802,1.8298211838081415,16.448703036097495,11.283949922978016,101.80772506567268,0.934669702620593,0.0,0.0,0.0,0.1463616120742117,0.6860084894362083,9.022348181318762,0.05682330701511323,0.0010172389107212922,3.25855683296918e-05,9.940792243820288e-06,0.009762305028211673,21.13804245963141,21.14780476465962,veteran,Geoff Swaim,TE,8.0,14.4,11.0,10.0,94.0,0.0,0.0,0.0,0.0,0.0,0.0,0.0,0.0,0.0,0.0,0.0,0.0,0.0,0.0,0.0,0.0,0.0,0.0,0.0,0.0,0.0,0.0,0.0,0.0,17,17.8,2.3279900124843946,0.7721992729676139,0.7058823529411765,29.95756331279945,0.7362132352941178,1.0,0.9411764705882353,0.0,0.29411764705882354,0.0,5.0,12.0,16.0,12.0,58.0,1.0,0.0,0.0,0.0,0.0,0.0,0.0,0.0,,11
00-0032214,2023,veteran,TE,3.8736403221939533,1.3917294724663436,5.391059402131348,3.6056569213938094,39.23202250223448,0.299226773579374,0.0,0.0,0.0,0.06666474263080725,0.6688215900511721,10.88068647614673,0.055504262012226226,0.0007319459660614431,2.1631665956793854e-05,7.278220402466893e-06,0.003017371764082134,7.388061867134982,7.3910792388990645,veteran,Tyler Kroft,TE,1.0,0.0,0.0,0.0,0.0,0.0,0.0,0.0,0.0,0.0,0.0,0.0,0.0,0.0,0.0,0.0,0.0,0.0,0.0,0.0,0.0,0.0,0.0,0.0,0.0,0.0,0.0,0.0,0.0,17,7.699999999999999,2.718884497145367,0.4331599240486709,0.35294117647058826,30.87748117727584,0.41856617647058825,1.0,0.5294117647058824,0.17647058823529413,0.47058823529411764,3.0,11.0,6.0,5.0,4.0,57.0,0.0,0.0,0.0,0.0,0.0,0.0,0.0,0.0,,11
00-0032392,2023,veteran,TE,12.85293101876298,3.9683097450189484,51.00441141381346,33.83190120474817,345.87675973168166,2.6604571144851312,0.0,0.0,0.0,0.202546224855343,0.6633132363838145,10.223391160859126,0.05216131390871424,0.013988792772343666,0.0008620869003455652,0.00012024467430491251,0.19950849674061374,67.06127681274236,67.26078530948298,veteran,Austin Hooper,TE,16.0,35.9,31.0,25.0,234.0,0.0,0.0,0.0,0.0,0.0,0.0,0.0,0.0,0.0,0.0,0.0,0.0,0.0,0.0,0.0,0.0,0.0,0.0,0.0,0.0,0.0,0.0,0.0,0.0,17,76.9,4.947183513248283,0.9423504877907984,1.0,28.840520191649556,0.9365808823529411,1.0,1.0,0.0,0.0,0.0,0.0,17.0,60.0,41.0,444.0,2.0,0.0,0.0,0.0,0.0,0.0,0.0,0.0,,11
00-0032394,2023,veteran,TE,3.49222564454334,1.4832996917283099,5.180017221996835,3.427983873960709,36.524545104134496,0.2801790736071822,0.0,0.0,0.0,0.06045343209551142,0.6617707484453618,10.654818239250893,0.05408844442010881,0.0008043760749758085,2.4327460984287976e-05,7.958616081933217e-06,0.0029920847979143764,6.926614024845875,6.92960610964379,veteran,Nick Vannett,TE,1.0,0.8,1.0,1.0,3.0,0.0,0.0,0.0,0.0,0.0,0.0,0.0,0.0,0.0,0.0,0.0,0.0,0.0,0.0,0.0,0.0,0.0,0.0,0.0,0.0,0.0,0.0,0.0,0.0,17,8.5,2.3323710364410792,0.43597582194259626,0.29411764705882354,30.48870636550308,0.38841911764705883,1.0,0.6875,0.0,0.7058823529411765,0.0,12.0,5.0,9.0,6.0,55.0,0.0,0.0,0.0,0.0,0.0,0.0,0.0,0.0,,11
00-0032725,2023,veteran,TE,6.574946399575431,1.1284195402166892,7.419297993158284,4.94776805644209,51.563334198361375,0.3986603889903167,0.0,0.0,0.0,0.10950586486290068,0.6668781953501102,10.421534237286025,0.05373289890201768,0.00034901635077377787,8.607139452432919e-06,3.6097852885361953e-06,0.0024271193093153356,9.80316805227328,9.805595171582596,veteran,Stephen Anderson,TE,1.0,0.0,0.0,0.0,0.0,0.0,0.0,0.0,0.0,0.0,0.0,0.0,0.0,0.0,0.0,0.0,0.0,0.0,0.0,0.0,0.0,0.0,0.0,0.0,0.0,0.0,0.0,0.0,0.0,17,2.4,1.2465753424657533,0.6397562449637388,0.5294117647058824,30.584531143052704,0.6038602941176471,1.0,0.8235294117647058,0.0,0.47058823529411764,0.0,8.0,9.0,7.0,3.0,9.0,0.0,0.0,0.0,0.0,0.0,0.0,0.0,0.0,,11
00-0033090,2023,veteran,TE,12.44413924953722,4.331612422373804,53.903188159044845,36.10748094320626,409.57113923772874,3.08881138644111,0.0,0.0,0.0,0.19629189276634537,0.6698579838481687,11.343110306751845,0.05730294425864704,0.025891937774837316,0.0018802977116034408,0.00021780262242477398,0.36272164126583406,77.15113892848997,77.5138605697558,veteran,Hunter Henry,TE,13.0,98.9,61.0,42.0,419.0,6.0,0.0,0.0,0.0,0.0,0.0,0.0,0.0,0.0,0.0,0.0,0.0,0.0,0.0,0.0,0.0,0.0,0.0,0.0,0.0,0.0,0.0,0.0,0.0,17,83.4,6.697887879984209,0.9318495854717725,0.9411764705882353,28.733744010951405,0.93125,1.0,0.9411764705882353,0.0,0.058823529411764705,0.0,1.0,16.0,59.0,41.0,509.0,2.0,0.0,0.0,0.0,0.0,0.0,0.0,0.0,,11
00-0033110,2023,veteran,TE,11.558411745322555,5.317951984187606,61.467078675095415,41.59513305798824,388.7572588748208,3.133213876552605,0.13589946553598586,0.49611213685230715,0.01329181492466637,0.18258278674572095,0.676705871737505,9.346219865022428,0.05097385371304604,0.027659078733483694,0.0020454912285341065,0.00023224099691201703,0.3605276393920701,78.23677220553361,78.59729984492569,veteran,Tyler Higbee,TE,15.0,85.0,70.0,47.0,495.0,2.0,0.0,0.0,0.0,0.0,0.0,0.0,0.0,0.0,0.0,0.0,0.0,0.0,0.0,0.0,0.0,0.0,0.0,0.0,0.0,0.0,0.0,0.0,0.0,17,116.0,7.372276438956383,0.9237460020853591,0.9411764705882353,30.663928815879533,0.9229779411764707,1.0,0.9411764705882353,0.0,0.058823529411764705,0.0,1.0,16.0,108.0,72.0,620.0,3.0,0.0,0.0,0.0,0.0,0.0,0.0,0.0,18.7,11
00-0033217,2023,veteran,TE,10.778791994610245,2.77270759896976,29.886438471170244,19.664800453540334,216.64766432399782,1.8055339616490904,0.0,0.0,0.0,0.24421823764858944,0.6579840710196986,11.017028361708794,0.060413152386517614,0.005725716542868355,0.00028105045214544714,5.122907198433924e-05,0.06736475920316949,41.84193395376731,41.90929871297048,veteran,Mo Alie-Cox,TE,14.0,42.6,22.0,13.0,161.0,3.0,0.0,0.0,0.0,0.0,0.0,0.0,0.0,0.0,0.0,0.0,0.0,0.0,0.0,0.0,0.0,0.0,0.0,0.0,0.0,0.0,0.0,0.0,0.0,17,44.4,3.6725363825363826,0.8910450042802984,0.8235294117647058,29.949349760438057,0.8841911764705882,1.0,1.0,0.0,0.17647058823529413,0.0,3.0,14.0,28.0,19.0,189.0,3.0,0.0,0.0,0.0,0.0,0.0,0.0,0.0,,11
00-0033246,2023,veteran,TE,8.66447135245797,1.6788382300233509,14.546245749448566,10.142431820096842,100.33180589888606,0.7942839818722366,0.0,0.0,0.0,0.1464013944292777,0.6972542602947108,9.892283002591391,0.05460405355122968,0.0010863352711794573,3.5363812966992e-05,1.0579368917284562e-05,0.010055463230670135,19.57729760231189,19.587353065542562,veteran,Johnny Mundt,TE,10.0,31.700000000000003,23.0,17.0,172.0,1.0,0.0,0.0,0.0,0.0,0.0,0.0,0.0,0.0,0.0,0.0,0.0,0.0,0.0,0.0,0.0,0.0,0.0,0.0,0.0,0.0,0.0,0.0,0.0,17,29.5,2.0129636170964322,0.6641321399630145,0.7647058823529411,28.772073921971252,0.5204044117647059,1.0,0.7647058823529411,0.0,0.23529411764705882,0.0,4.0,13.0,21.0,19.0,140.0,1.0,0.0,0.0,0.0,0.0,0.0,0.0,0.0,,11
00-0033288,2023,veteran,TE,10.702368743877301,6.228066323616634,66.65506235666948,46.3144201167369,561.1459773754536,4.449664869949074,1.512441257150422,5.966202177957192,0.14639656823818495,0.2612482315851631,0.6948372483534658,12.116010002091535,0.06675659301223116,0.10318143092673628,0.011520096756340944,0.0008709628722483596,1.3078669381181522,106.92230017966277,108.23016711778092,veteran,George Kittle,TE,16.0,173.70000000000002,90.0,65.0,1020.0,6.0,1.0,2.0,0.0,0.0,0.0,0.0,0.0,0.0,0.0,0.0,3.0,0.0,0.0,3.0,3.0,0.0,0.0,0.0,0.0,0.0,0.0,0.0,0.0,17,171.5,11.770173041894354,0.8288331726133076,0.8823529411764706,29.894592744695416,0.8073529411764706,1.0,0.8823529411764706,0.0,0.11764705882352941,0.0,2.0,15.0,86.0,60.0,765.0,11.0,0.0,0.0,0.0,0.0,0.0,0.0,0.0,6.2,11
00-0033439,2023,veteran,TE,6.525653827810806,2.2458128545393583,14.655397250771475,9.730073024068602,98.1160084591282,0.7436651430769028,0.0,0.0,0.0,0.12911484224060726,0.6639242087795608,10.08378952721377,0.05074343126644046,0.002372155125004631,9.355824900912945e-05,2.2180802500013698e-05,0.016685144767778305,18.880398531927323,18.8970836766951,veteran,Pharaoh Brown,TE,11.0,31.299999999999997,15.0,13.0,208.0,1.0,0.0,0.0,0.0,0.0,0.0,0.0,0.0,0.0,0.0,1.0,0.0,0.0,0.0,0.0,0.0,0.0,0.0,0.0,0.0,0.0,0.0,0.0,0.0,17,17.7,2.359159823120657,0.6113996135409312,0.47058823529411764,29.32785763175907,0.5819852941176471,1.0,0.7647058823529411,0.0,0.5294117647058824,0.0,9.0,8.0,20.0,12.0,117.0,0.0,0.0,0.0,0.0,0.0,0.0,0.0,0.0,,11
00-0033455,2023,veteran,TE,7.569524586147091,2.686955317194466,20.338974335382165,13.961262763567392,141.86310148327897,1.0524518595119334,0.0,0.0,0.0,0.1476986738487829,0.6864290466840329,10.161194147385991,0.05174557193285126,0.0046257774696836,0.00021527258331094313,4.1820427306486164e-05,0.038092324460357915,27.186255339485626,27.224347663945984,veteran,,,0.0,0.0,0.0,0.0,0.0,0.0,0.0,0.0,0.0,0.0,0.0,0.0,0.0,0.0,0.0,0.0,0.0,0.0,0.0,0.0,0.0,0.0,0.0,0.0,0.0,0.0,0.0,0.0,0.0,17,14.5,3.276722944921118,0.7335632357011446,0.47058823529411764,28.531143052703626,0.6641544117647059,1.0,0.9375,0.0,0.5294117647058824,0.0,9.0,8.0,13.0,9.0,100.0,0.0,0.0,0.0,0.0,0.0,0.0,0.0,0.0,,11
00-0033576,2023,veteran,TE,9.733871880343385,1.6615536972334863,16.173350811181617,10.67485843455523,108.85536441219489,0.8852507152192927,0.0,0.0,0.0,0.15983680290806995,0.6600276318235213,10.19735906378138,0.0547351458305885,0.0009798927251245776,3.110296682496156e-05,9.594720855434118e-06,0.010179066251171202,21.21479634399672,21.224975410247893,veteran,Eric Saubert,TE,3.0,2.7,3.0,3.0,12.0,0.0,0.0,0.0,0.0,0.0,0.0,0.0,0.0,0.0,0.0,0.0,0.0,0.0,0.0,0.0,0.0,0.0,0.0,0.0,0.0,0.0,0.0,0.0,0.0,17,28.299999999999997,1.7560589812332437,0.7261748935499133,0.8235294117647058,29.31416837782341,0.6856617647058824,1.0,0.8235294117647058,0.0,0.17647058823529413,0.0,3.0,14.0,24.0,15.0,148.0,1.0,0.0,0.0,0.0,0.0,0.0,0.0,0.0,,11
00-0033611,2023,veteran,TE,2.113086229617302,3.389097070152003,7.161454349774541,4.695793042688914,48.52755581544579,0.3882916297044766,0.0,0.0,0.0,0.0378141338040924,0.6557038296050506,10.334262045683735,0.05421966136203898,0.008606700691784487,0.00046818966988909215,7.554656219248114e-05,0.019989961231212793,9.454773613507712,9.474763574738924,veteran,,,0.0,0.0,0.0,0.0,0.0,0.0,0.0,0.0,0.0,0.0,0.0,0.0,0.0,0.0,0.0,0.0,0.0,0.0,0.0,0.0,0.0,0.0,0.0,0.0,0.0,0.0,0.0,0.0,0.0,17,0.0,4.69159891598916,0.6201279292204687,0.0,28.465434633812457,0.20349264705882353,0.0,0.6470588235294118,0.0,1.0,0.0,17.0,0.0,0.0,0.0,0.0,0.0,0.0,0.0,0.0,0.0,0.0,0.0,0.0,,11
00-0033658,2023,veteran,TE,1.1252107487821188,1.9017627095212473,2.139883842386314,1.4212552577321673,15.02078353238865,0.12158684898730301,0.0,0.0,0.0,0.02033919596961164,0.6641740217764529,10.568674029995593,0.05681936868672001,0.0016593769334232425,5.993549231077148e-05,1.5805557814257623e-05,0.0020038780191275847,2.9015486840895437,2.903552562108671,veteran,,,0.0,0.0,0.0,0.0,0.0,0.0,0.0,0.0,0.0,0.0,0.0,0.0,0.0,0.0,0.0,0.0,0.0,0.0,0.0,0.0,0.0,0.0,0.0,0.0,0.0,0.0,0.0,0.0,0.0,17,0.0,3.2824175824175827,0.44517614738202976,0.0,29.127994524298426,0.1505514705882353,0.0,0.47058823529411764,0.0,1.0,0.0,17.0,0.0,0.0,0.0,0.0,0.0,0.0,0.0,0.0,0.0,0.0,0.0,0.0,,11
00-0033757,2023,veteran,TE,12.046419492403384,4.056434583750315,48.86551263934901,34.693709730514385,343.8370820378824,2.7614450083646616,0.0,0.0,0.0,0.19316669834034356,0.7099835416967925,9.910646186546753,0.05651112326899043,0.016754025963232947,0.0010824451839082723,0.00014300420941735869,0.22483078547569993,67.91289972255272,68.13773050802843,veteran,Robert Tonyan,TE,12.0,16.7,17.0,11.0,112.0,0.0,0.0,0.0,0.0,0.0,0.0,0.0,0.0,0.0,0.0,0.0,0.0,0.0,0.0,0.0,0.0,0.0,0.0,0.0,0.0,0.0,0.0,0.0,0.0,17,85.5,5.901215469613259,0.8995799480013,1.0,29.338809034907598,0.8318014705882353,1.0,1.0,0.0,0.0,0.0,0.0,17.0,67.0,53.0,470.0,2.0,0.0,0.0,0.0,0.0,0.0,0.0,0.0,,11
00-0033858,2023,veteran,TE,10.269382345127376,3.184635144517477,32.70423592877995,21.756732916829666,221.67793744785325,1.6817137181048734,4.456845828292605,16.197290634234754,0.42832786720298227,0.16547952721162354,0.6652573374351055,10.18893499751412,0.05142189292442554,0.007120937092949006,0.0003692293761884038,6.305474983430845e-05,0.0801103287882403,46.995179724047524,47.07529005283576,veteran,Jonnu Smith,TE,17.0,100.2,70.0,50.0,582.0,3.0,1.0,0.0,0.0,1.0,0.0,0.0,0.0,0.0,0.0,1.0,1.0,0.0,0.0,1.0,1.0,0.0,0.0,0.0,0.0,0.0,0.0,0.0,0.0,17,38.5,4.128175149014214,0.816419208673841,0.7058823529411765,28.027378507871322,0.8018382352941177,1.0,0.9411764705882353,0.11764705882352941,0.17647058823529413,2.0,5.0,12.0,38.0,27.0,245.0,0.0,1.0,5.0,0.0,0.0,0.0,0.0,0.0,,11
00-0033879,2023,veteran,TE,7.912267239144206,2.0252309752405484,16.02416869709586,10.167656904360086,113.70366271721034,0.9211326981371858,0.0,0.0,0.0,0.13252323278529407,0.6345200862870859,11.182877607568763,0.05748396160508016,0.002070142653734539,7.895258246979302e-05,1.9493163099015926e-05,0.017625033028632477,21.7159444471536,21.733569480182233,veteran,,,0.0,0.0,0.0,0.0,0.0,0.0,0.0,0.0,0.0,0.0,0.0,0.0,0.0,0.0,0.0,0.0,0.0,0.0,0.0,0.0,0.0,0.0,0.0,0.0,0.0,0.0,0.0,0.0,0.0,17,31.5,3.137129032258064,0.6027134724857686,0.6470588235294118,28.78576317590691,0.5698529411764707,1.0,0.6470588235294118,0.0,0.35294117647058826,0.0,6.0,11.0,23.0,10.0,145.0,2.0,0.0,0.0,0.0,0.0,0.0,0.0,0.0,,11
00-0033881,2023,veteran,TE,12.974118307183026,5.292917819428551,68.67094197946322,46.50270509520487,470.42593944287876,3.37464890836599,3.1070951642607927,11.404621372682971,0.3022841361661326,0.2591846828303877,0.6771816980333836,10.116098374917694,0.04914231276127266,0.03474626315681484,0.002739462208233702,0.00029018762454315614,0.5116451462547585,92.97763753069057,93.48928267694534,veteran,Evan Engram,TE,17.0,173.3,143.0,114.0,963.0,4.0,0.0,0.0,0.0,0.0,0.0,0.0,0.0,0.0,0.0,2.0,0.0,0.0,0.0,0.0,0.0,0.0,0.0,0.0,0.0,0.0,0.0,0.0,0.0,17,143.9,7.354020579268293,0.9677187948350072,1.0,28.996577686516083,0.9647058823529412,1.0,1.0,0.0,0.0,0.0,0.0,17.0,98.0,73.0,766.0,4.0,2.0,13.0,0.0,0.0,0.0,0.0,0.0,13.0,11
00-0033885,2023,veteran,TE,11.629371832749797,4.506789405556193,52.41112976911039,35.85983397637164,395.81553079630584,2.9207765888912025,1.8712973962530393,5.338825689021067,0.18077431160379778,0.24922739631548835,0.684202651886096,11.037851738441182,0.055728174564415214,0.028676389963759978,0.0021420586933527633,0.00024055323104416843,0.3764495631971234,76.15620324705753,76.53265281025466,veteran,David Njoku,TE,16.0,162.7,123.0,81.0,882.0,6.0,0.0,0.0,0.0,0.0,0.0,0.0,0.0,0.0,0.0,2.0,2.0,0.0,0.0,2.0,2.0,0.0,0.0,0.0,0.0,0.0,0.0,0.0,0.0,17,113.0,6.891019036954088,0.8254092286410645,0.8235294117647058,27.143052703627653,0.8207720588235294,1.0,0.8823529411764706,0.17647058823529413,0.0,3.0,3.0,14.0,80.0,58.0,628.0,4.0,2.0,-8.0,0.0,0.0,0.0,0.0,0.0,12.9,11
00-0033895,2023,veteran,TE,11.545415258648205,4.497170555909696,51.92170155694323,35.14322228671586,348.1121714468359,2.746306562048518,2.0022434224881924,7.241491070636512,0.1961370951903144,0.2668988194761766,0.6768503579986456,9.905527973694726,0.05289323114799322,0.019814811292176274,0.001338478271482869,0.00016810589336644909,0.2558318605210312,70.22784169958582,70.48367356010685,veteran,Gerald Everett,TE,15.0,85.60000000000001,70.0,51.0,411.0,3.0,3.0,10.0,0.0,0.0,0.0,0.0,0.0,0.0,0.0,0.0,0.0,0.0,0.0,0.0,0.0,0.0,0.0,0.0,0.0,0.0,0.0,0.0,0.0,17,110.5,6.634716202270382,0.8910603715170279,0.8823529411764706,29.1854893908282,0.890625,1.0,0.9375,0.0,0.11764705882352941,0.0,2.0,15.0,87.0,58.0,555.0,4.0,1.0,0.0,0.0,0.0,0.0,0.0,0.0,16.7,11
00-0033896,2023,veteran,TE,1.7410374580346404,1.879097509772549,3.2715791518136217,2.175038028561184,23.206759180067504,0.18086233068769722,0.0,0.0,0.0,0.03095026577231972,0.6648281846873358,10.669587784365811,0.05528288398201675,0.001651933048811395,5.9600739621234116e-05,1.5738338432471986e-05,0.0030865300699330312,4.431468384868887,4.43455491493882,veteran,,,0.0,0.0,0.0,0.0,0.0,0.0,0.0,0.0,0.0,0.0,0.0,0.0,0.0,0.0,0.0,0.0,0.0,0.0,0.0,0.0,0.0,0.0,0.0,0.0,0.0,0.0,0.0,0.0,0.0,17,0.0,2.7123595505617977,0.6107815598149372,0.0,29.66461327857632,0.24540441176470587,0.0,0.8125,0.0,1.0,0.0,17.0,0.0,0.0,0.0,0.0,0.0,0.0,0.0,0.0,0.0,0.0,0.0,0.0,,11
00-0034011,2023,veteran,TE,8.870683928212978,2.5151602330829506,22.311191456489336,14.929984614502736,173.29046720627326,1.132517942394645,0.0,0.0,0.0,0.18561052380496967,0.6691702074099797,11.606875136223637,0.050760083548350605,0.005249236259520951,0.0002521197822905195,4.716401998966857e-05,0.05075578230207344,31.217925634636625,31.268681416938698,veteran,,,0.0,0.0,0.0,0.0,0.0,0.0,0.0,0.0,0.0,0.0,0.0,0.0,0.0,0.0,0.0,0.0,0.0,0.0,0.0,0.0,0.0,0.0,0.0,0.0,0.0,0.0,0.0,0.0,0.0,17,18.0,3.4365451157838702,0.7061984295980837,0.6470588235294118,28.465434633812457,0.690625,1.0,0.9375,0.0,0.35294117647058826,0.0,6.0,11.0,13.0,9.0,135.0,0.0,0.0,0.0,0.0,0.0,0.0,0.0,0.0,,11
00-0034159,2023,veteran,TE,12.277537620030055,2.81977492132822,34.61989267662451,25.004177838778705,262.3760132422219,1.974319796804168,0.0,0.0,0.0,0.19610731892117078,0.722248854793869,10.4932869592419,0.0570284782580287,0.006905387284987005,0.0003552893262301938,6.123447823069526e-05,0.09282788649572521,50.19339438659421,50.28622227308993,veteran,Will Dissly,TE,13.0,31.7,22.0,17.0,172.0,1.0,0.0,0.0,0.0,0.0,0.0,0.0,0.0,0.0,0.0,0.0,0.0,0.0,0.0,0.0,0.0,0.0,0.0,0.0,0.0,0.0,0.0,0.0,0.0,17,69.9,3.9991618310767247,0.85986507755907,0.8823529411764706,27.148528405201915,0.8553308823529412,1.0,0.9375,0.0,0.11764705882352941,0.0,2.0,15.0,38.0,34.0,349.0,3.0,0.0,0.0,0.0,0.0,0.0,0.0,0.0,,11
00-0034270,2023,veteran,TE,13.239819929525739,4.672429067894482,61.86211949240474,41.63428023471339,408.72331175591466,3.0699811437819244,1.4950754117054803,5.117937074154411,0.14485879911346605,0.20864311343266412,0.6730173582207304,9.816989976810833,0.049626187543717254,0.021295225286829512,0.0014665325684553518,0.0001802243130315368,0.31584216374992646,81.07301843087062,81.38886059462054,veteran,Tyler Conklin,TE,17.0,92.6,87.0,61.0,621.0,0.0,1.0,0.0,0.0,0.0,0.0,0.0,0.0,0.0,0.0,0.0,0.0,0.0,0.0,0.0,0.0,0.0,0.0,0.0,0.0,0.0,0.0,0.0,0.0,17,102.5,5.935215423962227,0.9604933110367894,1.0,28.09034907597536,0.9343750000000001,1.0,1.0,0.0,0.0,0.0,0.0,17.0,87.0,58.0,552.0,3.0,2.0,3.0,0.0,0.0,0.0,0.0,0.0,,11
00-0034351,2023,veteran,TE,9.633566665859787,5.3501843292316575,51.541357410291496,36.64839919550245,451.7533776664266,2.73411397471988,0.0,0.0,0.0,0.20875301014159975,0.7110483898156842,12.326687865860906,0.05304699200983689,0.07481045252146262,0.007459978564858204,0.0006239560648600839,0.8405126276091126,79.48671519242997,80.32722782003908,veteran,Dallas Goedert,TE,14.0,107.8,83.0,59.0,592.0,3.0,1.0,1.0,0.0,0.0,0.0,0.0,0.0,0.0,0.0,0.0,1.0,0.0,0.0,1.0,1.0,0.0,0.0,0.0,0.0,0.0,0.0,0.0,0.0,17,114.7,9.323024556284949,0.7651590723816878,0.7058823529411765,28.659822039698838,0.7560661764705884,1.0,0.8823529411764706,0.0,0.29411764705882354,0.0,5.0,12.0,69.0,55.0,702.0,3.0,0.0,0.0,0.0,0.0,0.0,0.0,0.0,8.2,11
00-0034364,2023,veteran,TE,10.159920675596137,3.5340017117997733,35.90517705930666,24.395611934059602,276.08289382896794,2.0256504355648763,0.4760169327214558,1.7373460131626939,0.04641923135648303,0.2774188773613356,0.6794455265814163,11.316907916686384,0.056416667496695314,0.014412540759431162,0.0008951342879749626,0.00012373894612839994,0.16258636664365728,51.85741019804835,52.01999656469201,veteran,Jordan Akins,TE,13.0,20.7,23.0,15.0,132.0,0.0,0.0,0.0,0.0,0.0,0.0,0.0,0.0,0.0,0.0,0.0,0.0,0.0,0.0,0.0,0.0,0.0,0.0,0.0,0.0,0.0,0.0,0.0,0.0,17,98.0,5.258002244668912,0.8263245197068726,0.8823529411764706,31.367556468172484,0.8189338235294118,1.0,0.8823529411764706,0.0,0.11764705882352941,0.0,2.0,15.0,54.0,37.0,495.0,5.0,0.0,0.0,0.0,0.0,0.0,0.0,0.0,,11
00-0034365,2023,veteran,TE,10.94498096667325,2.418836466320347,26.474119085371377,17.578060506328722,177.60759028886577,1.2885765064449979,0.0,0.0,0.0,0.17671307107007375,0.6639714979616341,10.103935540836304,0.048673064523496,0.0029869579988150213,0.00012470476916362456,2.7602466835177897e-05,0.035343752380995214,33.927822178580776,33.96316593096177,veteran,Ian Thomas,TE,8.0,8.1,9.0,5.0,56.0,0.0,0.0,0.0,0.0,0.0,0.0,0.0,0.0,0.0,0.0,0.0,0.0,0.0,0.0,0.0,0.0,0.0,0.0,0.0,0.0,0.0,0.0,0.0,0.0,17,30.2,2.221071012805588,0.7904908238033281,0.7647058823529411,27.236139630390145,0.7895220588235293,1.0,0.8235294117647058,0.0,0.23529411764705882,0.0,4.0,13.0,30.0,21.0,197.0,0.0,0.0,0.0,0.0,0.0,0.0,0.0,0.0,,11
00-0034383,2023,veteran,TE,12.845115065433186,5.594024958195801,71.85589426693014,48.613356457726816,492.81458252990217,4.098653623431976,0.0,0.0,0.0,0.288602725320959,0.6765395790237891,10.137431735626889,0.05703990835054262,0.04120904915570404,0.003413051302294553,0.0003431857372363989,0.603913053762645,97.60285277180357,98.20676582556621,veteran,Dalton Schultz,TE,15.0,122.0,88.0,59.0,635.0,5.0,0.0,0.0,0.0,0.0,0.0,0.0,0.0,0.0,0.0,1.0,1.0,0.0,0.0,1.0,1.0,0.0,0.0,0.0,0.0,0.0,0.0,0.0,0.0,17,114.2,8.306800314465407,0.9389567147613761,0.8823529411764706,27.140314852840522,0.9352941176470589,1.0,1.0,0.0,0.11764705882352941,0.0,2.0,15.0,89.0,57.0,577.0,5.0,0.0,0.0,0.0,0.0,0.0,0.0,0.0,14.6,11
00-0034613,2023,veteran,TE,3.661183016373502,1.915287954855413,7.012219731781376,4.6429176230564,51.6567496395719,0.3700533662342255,0.0,0.0,0.0,0.06519222419058034,0.6621181024909096,11.125924221237124,0.052772642670770614,0.0019590855111408924,7.370970755358737e-05,1.8500101466907592e-05,0.007712832209751672,9.577069524509582,9.584782356719334,veteran,Tanner Hudson,TE,12.0,60.699999999999996,50.0,39.0,352.0,1.0,0.0,0.0,0.0,0.0,0.0,0.0,0.0,0.0,1.0,0.0,0.0,0.0,0.0,0.0,0.0,0.0,0.0,0.0,0.0,0.0,0.0,0.0,0.0,17,18.2,2.7688888888888887,0.33627450980392154,0.35294117647058826,28.802190280629706,0.23161764705882357,1.0,0.35294117647058826,0.0,0.6470588235294118,0.0,11.0,6.0,15.0,10.0,132.0,0.0,0.0,0.0,0.0,0.0,0.0,0.0,0.0,,11
00-0034753,2023,veteran,TE,12.2920266473261,7.623697069813664,93.71068753329146,62.48030262537515,728.6937081306737,5.110880866594818,2.536735047898026,8.47326370407565,0.24373080072303455,0.19435775164862254,0.6667361457910393,11.662774946847472,0.05453893255002677,0.14509498923374944,0.018550147239017985,0.0012578137506796237,2.1564619905969438,136.69580299677236,138.8522649873693,veteran,Mark Andrews,TE,10.0,112.9,61.0,45.0,544.0,6.0,1.0,0.0,0.0,0.0,0.0,0.0,0.0,0.0,0.0,0.0,0.0,0.0,0.0,0.0,0.0,0.0,0.0,0.0,0.0,0.0,0.0,0.0,0.0,17,157.0,11.848716405936623,0.9198078148226799,0.8823529411764706,27.98631074606434,0.9165441176470589,1.0,1.0,0.058823529411764705,0.058823529411764705,1.0,2.0,15.0,113.0,73.0,847.0,5.0,3.0,8.0,0.0,0.0,0.0,0.0,0.0,5.7,11
00-0034798,2023,veteran,TE,10.803196715785868,2.3453689733357383,25.33748239004672,17.75898854855111,178.6245995186616,1.3242027426930896,2.1232104739431827,6.780064085559775,0.21652845258387332,0.17340064663570973,0.7008979138166996,10.058264243502478,0.052262601402469015,0.0031614494503508376,0.00013385691586052505,2.913092229973947e-05,0.03695229837810039,36.31754651308805,36.35449881146615,veteran,Durham Smythe,TE,13.0,54.1,43.0,35.0,366.0,0.0,0.0,0.0,0.0,0.0,0.0,0.0,0.0,0.0,0.0,0.0,0.0,0.0,0.0,0.0,0.0,0.0,0.0,0.0,0.0,0.0,0.0,0.0,0.0,17,32.5,2.929306886561177,0.8321777619003919,0.7647058823529411,28.06297056810404,0.8248161764705881,1.0,0.9411764705882353,0.0,0.23529411764705882,0.0,4.0,13.0,20.0,15.0,129.0,1.0,2.0,1.0,1.0,0.0,0.0,0.0,0.0,,11
00-0034829,2023,veteran,TE,13.658290753693587,4.554567967048364,62.207613551405665,40.43171276656092,444.8042627332451,3.4554015066702584,0.0,0.0,0.0,0.21340256667333599,0.6499479799711319,11.001370763128314,0.05554627977835647,0.025070873995437566,0.001804671299215021,0.00021109358563315244,0.3851647295958236,85.00188656327985,85.38705129287568,veteran,Mike Gesicki,TE,15.0,50.9,45.0,29.0,244.0,2.0,0.0,0.0,0.0,0.0,0.0,0.0,0.0,0.0,0.0,0.0,0.0,0.0,0.0,0.0,0.0,0.0,0.0,0.0,0.0,0.0,0.0,0.0,0.0,17,82.19999999999999,6.257747262943032,0.9911277602523659,1.0,27.912388774811774,0.9906250000000001,1.0,1.0,0.0,0.0,0.0,0.0,17.0,52.0,32.0,362.0,5.0,0.0,0.0,0.0,0.0,0.0,0.0,0.0,26.1,11
00-0034830,2023,veteran,TE,9.633732690464786,4.045416251399233,38.9724587876423,27.27229400228655,249.49063139279633,2.090947602443894,0.0,0.0,0.0,0.18421364761951614,0.6997837665539919,9.14813515034264,0.05365192927234318,0.012437389591270187,0.0007434623044593579,0.0001074265152815933,0.13263179901354566,50.76246845984724,50.895100258860786,veteran,Hayden Hurst,TE,9.0,33.4,32.0,18.0,184.0,1.0,0.0,0.0,0.0,0.0,0.0,0.0,0.0,0.0,0.0,0.0,0.0,0.0,0.0,0.0,0.0,0.0,0.0,0.0,0.0,0.0,0.0,0.0,0.0,17,79.4,5.887241541353383,0.7938965059708093,0.7647058823529411,30.02053388090349,0.7823529411764706,1.0,1.0,0.11764705882352941,0.11764705882352941,2.0,4.0,13.0,68.0,52.0,414.0,2.0,0.0,0.0,0.0,0.0,0.0,0.0,0.0,,11
00-0034970,2023,veteran,TE,7.698546958124615,3.640216603609347,28.024378460631453,18.836567892721874,184.86683834506843,1.5973608906794226,0.0,0.0,0.0,0.13348229124250666,0.6721493545051648,9.814252755487257,0.056998976549056724,0.009867143440321054,0.0005557674791356428,8.608059877355732e-05,0.08370596123543277,37.2221685424593,37.30587450369473,veteran,Irv Smith,TE,10.0,24.5,26.0,18.0,115.0,1.0,0.0,0.0,0.0,0.0,0.0,0.0,0.0,0.0,0.0,1.0,0.0,0.0,0.0,0.0,0.0,0.0,0.0,0.0,0.0,0.0,0.0,0.0,0.0,17,42.7,5.68503138580396,0.5800462266026642,0.47058823529411764,25.062286105407257,0.38069852941176474,1.0,0.8125,0.0,0.5294117647058824,0.0,9.0,8.0,36.0,25.0,182.0,2.0,0.0,0.0,0.0,0.0,0.0,0.0,0.0,,11
00-0034981,2023,veteran,TE,11.89796030689151,3.501135595678357,41.65637234642605,27.296320003294856,320.1607067607928,2.2753491702087394,0.0,0.0,0.0,0.2561361714715941,0.6552735743835545,11.729079477458763,0.054621875166812384,0.01398645483203102,0.0008619053197911769,0.00012022538784883178,0.1846535311354092,58.80405335603595,58.98870688717136,veteran,Foster Moreau,TE,13.0,35.8,25.0,21.0,193.0,1.0,0.0,0.0,0.0,0.0,0.0,0.0,0.0,0.0,0.0,0.0,0.0,0.0,0.0,0.0,0.0,0.0,0.0,0.0,0.0,0.0,0.0,0.0,0.0,17,68.7,4.718112244897958,0.8125613881916403,0.8235294117647058,26.321697467488022,0.7926470588235294,1.0,0.8823529411764706,0.058823529411764705,0.11764705882352941,1.0,3.0,14.0,54.0,33.0,420.0,2.0,0.0,2.0,0.0,0.0,0.0,0.0,0.0,,11
00-0035222,2023,veteran,TE,10.677007223565797,2.1343126174110596,22.788071233445507,15.762153429497356,151.043033428533,1.1431544391853468,0.0,0.0,0.0,0.17692331680798645,0.6916844022482965,9.582639460029013,0.050164598288053724,0.001974670215102073,7.444109624061453e-05,1.8639623753019656e-05,0.022673811129152933,29.490460059098087,29.51313387022724,veteran,,,0.0,0.0,0.0,0.0,0.0,0.0,0.0,0.0,0.0,0.0,0.0,0.0,0.0,0.0,0.0,0.0,0.0,0.0,0.0,0.0,0.0,0.0,0.0,0.0,0.0,0.0,0.0,0.0,0.0,17,22.7,1.9014018691588785,0.7575590984057174,0.8235294117647058,26.973305954825463,0.6294117647058823,1.0,0.8235294117647058,0.0,0.17647058823529413,0.0,3.0,14.0,23.0,19.0,132.0,0.0,0.0,0.0,0.0,0.0,0.0,0.0,0.0,,11
00-0035229,2023,veteran,TE,14.04616437089973,6.627740322746335,93.09432998093504,62.70259293552434,644.8903292124421,4.920785061458172,0.1693976040560754,0.6162925957822613,0.01656814169882845,0.31683376119588247,0.6735382589720053,10.284906875790101,0.052858053357985484,0.07032057815192222,0.006869878338007125,0.000585790357191799,1.1489337751822053,124.89241034513486,126.04134412031706,veteran,T.J. Hockenson,TE,15.0,172.5,127.0,95.0,960.0,5.0,0.0,0.0,0.0,0.0,0.0,0.0,0.0,0.0,0.0,1.0,1.0,0.0,0.0,1.0,1.0,0.0,0.0,0.0,0.0,0.0,0.0,0.0,0.0,17,175.9,9.921572580645162,0.9316888045540798,1.0,26.16290212183436,0.911764705882353,1.0,1.0,0.0,0.0,0.0,0.0,17.0,129.0,86.0,914.0,6.0,0.0,0.0,0.0,0.0,0.0,0.0,0.0,6.7,11
00-0035249,2023,veteran,TE,9.743644540696947,2.205317438214803,21.48782921736544,13.912553285727315,145.63824137756868,1.196281255502778,0.0,0.0,0.0,0.16277913136853125,0.647462018847574,10.468117417884525,0.055672503881220366,0.0023303481951311377,9.150731348681523e-05,2.1809814682587075e-05,0.02446852073617817,28.37223005090013,28.396698571636307,veteran,Josh Oliver,TE,13.0,42.3,28.0,22.0,213.0,2.0,0.0,0.0,0.0,0.0,0.0,0.0,0.0,0.0,0.0,1.0,0.0,0.0,0.0,0.0,0.0,0.0,0.0,0.0,0.0,0.0,0.0,0.0,0.0,17,33.9,2.2196969696969697,0.6862745098039216,0.7058823529411765,26.4476386036961,0.5823529411764706,1.0,0.7058823529411765,0.0,0.29411764705882354,0.0,5.0,12.0,25.0,14.0,149.0,2.0,0.0,0.0,0.0,0.0,0.0,0.0,0.0,,11
00-0035329,2023,veteran,TE,7.043360108764508,2.4608925122758976,17.33295215292133,11.736018665517937,128.94977674197062,1.0316088549793858,0.0,0.0,0.0,0.11894815489535472,0.6770928900037335,10.9875231470825,0.059517204332991624,0.004307791890186031,0.00019694959024568927,3.908289752912398e-05,0.03297265973003968,24.714743827041637,24.747716486771676,veteran,Donald Parham,TE,14.0,66.0,41.0,27.0,285.0,4.0,0.0,0.0,0.0,0.0,0.0,0.0,0.0,0.0,0.0,0.0,0.0,0.0,0.0,0.0,0.0,0.0,0.0,0.0,0.0,0.0,0.0,0.0,0.0,17,24.0,3.80869109947644,0.5978172158915922,0.35294117647058826,26.04243668720055,0.5266544117647058,1.0,0.7647058823529411,0.23529411764705882,0.4117647058823529,4.0,11.0,6.0,12.0,10.0,130.0,1.0,0.0,0.0,0.0,0.0,0.0,0.0,0.0,,11
00-0035624,2023,veteran,TE,6.954160933168774,2.658639721906888,18.488608489455576,12.116119269547475,138.6676620063681,0.9994301676100674,0.31271918479448996,1.1201615543087082,0.030540450638677104,0.1506835761989017,0.6553288894866015,11.444890803847887,0.05405653801258556,0.005588417709338424,0.00027264846395876795,5.005926239942088e-05,0.04240305839117821,25.91529854793608,25.957701606327255,veteran,,,0.0,0.0,0.0,0.0,0.0,0.0,0.0,0.0,0.0,0.0,0.0,0.0,0.0,0.0,0.0,0.0,0.0,0.0,0.0,0.0,0.0,0.0,0.0,0.0,0.0,0.0,0.0,0.0,0.0,17,21.1,3.281597611048899,0.5509889005994335,0.35294117647058826,25.7056810403833,0.4924632352941177,1.0,0.8125,0.058823529411764705,0.5882352941176471,1.0,11.0,6.0,9.0,7.0,116.0,1.0,0.0,0.0,0.0,0.0,0.0,0.0,0.0,,11
00-0035631,2023,veteran,TE,4.285384244074674,2.2515933538330914,9.648942682579582,6.554297640088787,64.46800682699242,0.5058253001283116,0.0,0.0,0.0,0.08099584075954452,0.6792762539591062,9.835990119319499,0.052422873341505076,0.0023760880972378603,9.37516557796733e-05,2.221568645642628e-05,0.010975498802661028,12.596909621994417,12.607885120797079,veteran,Drew Sample,TE,14.0,39.3,27.0,22.0,163.0,2.0,0.0,0.0,0.0,0.0,0.0,0.0,0.0,0.0,0.0,0.0,0.0,0.0,0.0,0.0,0.0,0.0,0.0,0.0,0.0,0.0,0.0,0.0,0.0,17,0.7999999999999999,2.091306390977443,0.6682883679787703,0.11764705882352941,27.37577002053388,0.39117647058823535,1.0,1.0,0.11764705882352941,0.7647058823529411,2.0,15.0,2.0,2.0,2.0,-2.0,0.0,0.0,0.0,0.0,0.0,0.0,0.0,0.0,,11
00-0035644,2023,veteran,TE,14.576750554193985,4.986577588634526,72.68809762865963,51.51168185359126,516.1560669997559,3.9268411295171646,0.0,0.0,0.0,0.22872763511278443,0.7086673545474812,10.020175005483166,0.054023165519864705,0.032338240402048524,0.0024982158896968386,0.00027048556505250435,0.5338958697047322,100.47503913364865,101.00893500335339,veteran,Noah Fant,TE,15.0,57.4,43.0,32.0,414.0,0.0,0.0,0.0,0.0,0.0,0.0,0.0,0.0,0.0,0.0,0.0,0.0,0.0,0.0,0.0,0.0,0.0,0.0,0.0,0.0,0.0,0.0,0.0,0.0,17,97.6,6.717073636016788,0.9657377067576364,1.0,25.779603011635867,0.9636029411764706,1.0,1.0,0.0,0.0,0.0,0.0,17.0,63.0,50.0,486.0,4.0,0.0,0.0,0.0,0.0,0.0,0.0,0.0,,11
00-0035689,2023,veteran,TE,12.446498757315481,4.683224667899641,58.2897500092421,39.70728539784672,434.486239496495,3.8449394585658125,0.0,0.0,0.0,0.2350651067499989,0.6812052786562123,10.942229748096976,0.06596253128476585,0.0309690056518161,0.002363501920738161,0.0002592901999067321,0.436036186241542,85.90177318646774,86.33780937270927,veteran,Dawson Knox,TE,10.0,43.6,36.0,22.0,186.0,2.0,0.0,0.0,0.0,0.0,0.0,0.0,0.0,0.0,0.0,0.0,0.0,0.0,0.0,0.0,0.0,0.0,0.0,0.0,0.0,0.0,0.0,0.0,0.0,17,111.7,7.746520146520147,0.8587992889463477,0.8823529411764706,26.795345653661876,0.853125,1.0,0.8823529411764706,0.058823529411764705,0.058823529411764705,1.0,2.0,15.0,65.0,48.0,517.0,6.0,0.0,0.0,0.0,0.0,0.0,0.0,0.0,12.8,11
00-0035771,2023,veteran,TE,6.7865325432938315,2.146028073353387,14.564089358634924,10.097469734870035,101.08652131554977,0.7992852172016731,0.0,0.0,0.0,0.11792154292593397,0.6933128111359281,10.011074454272762,0.05488054882935635,0.0023060798224925697,9.032095417280254e-05,2.1594311546813945e-05,0.016862835901156656,19.717255216348164,19.734118052249322,veteran,Mitchell Wilcox,TE,12.0,10.1,12.0,9.0,56.0,0.0,0.0,0.0,0.0,0.0,0.0,0.0,0.0,0.0,0.0,0.0,0.0,0.0,0.0,0.0,0.0,0.0,0.0,0.0,0.0,0.0,0.0,0.0,0.0,17,28.4,2.691056910569105,0.47202295552367285,0.5294117647058824,26.8145106091718,0.361764705882353,1.0,0.5294117647058824,0.0,0.47058823529411764,0.0,8.0,9.0,18.0,17.0,139.0,1.0,0.0,0.0,0.0,0.0,0.0,0.0,0.0,,11
00-0036040,2023,veteran,TE,12.482841442822922,4.023447087579662,50.22405204784459,32.77615662971644,370.3577431437584,3.3048803194110365,0.0,0.0,0.0,0.20124571666276395,0.652598810595631,11.299608655395986,0.06580274160799952,0.018861485119533037,0.0012574416448526823,0.0001602953414201183,0.2629914777996836,72.85064311237475,73.11363459017444,veteran,Juwan Johnson,TE,13.0,79.3,59.0,37.0,368.0,4.0,0.0,0.0,0.0,0.0,0.0,0.0,0.0,0.0,0.0,0.0,0.0,0.0,0.0,0.0,0.0,0.0,0.0,0.0,0.0,0.0,0.0,0.0,0.0,17,113.8,5.738388515860153,0.8530663075603013,0.9411764705882353,26.965092402464066,0.7939338235294118,1.0,0.9411764705882353,0.058823529411764705,0.0,1.0,1.0,16.0,65.0,42.0,508.0,7.0,0.0,0.0,0.0,0.0,0.0,0.0,0.0,,11
00-0036145,2023,veteran,TE,4.954051541385185,2.611523885769701,12.937623931661618,8.58621003840141,89.90906510934799,0.7101953379222014,0.0,0.0,0.0,0.08850650866387631,0.6636620513747347,10.471333068633779,0.05489379979458012,0.0041946964311681345,0.00019051363949804592,3.810709379636085e-05,0.022574032918105866,17.368170540340962,17.390744573259067,veteran,Lawrence Cager,TE,5.0,11.6,5.0,4.0,36.0,1.0,0.0,0.0,0.0,0.0,0.0,0.0,0.0,0.0,0.0,0.0,0.0,0.0,0.0,0.0,0.0,0.0,0.0,0.0,0.0,0.0,0.0,0.0,0.0,17,24.3,3.8914507772020728,0.3328634562633344,0.35294117647058826,26.031485284052017,0.21286764705882355,1.0,0.35294117647058826,0.0,0.6470588235294118,0.0,11.0,6.0,19.0,13.0,118.0,1.0,0.0,0.0,0.0,0.0,0.0,0.0,0.0,,11
00-0036232,2023,veteran,TE,12.647998211427584,3.227858810494043,40.82595246186943,27.899979946324038,270.4298143039668,2.2278014811388234,0.7240377185297021,2.788023474352148,0.0705353172232458,0.23981592463005275,0.6833883415795878,9.692831852361143,0.054568267163381985,0.006916087542702978,0.0003559787111424621,6.13248927138369e-05,0.0957795642896593,54.58216269190623,54.677942256195884,veteran,Harrison Bryant,TE,14.0,31.4,20.0,13.0,81.0,3.0,5.0,8.0,0.0,0.0,0.0,0.0,0.0,0.0,0.0,1.0,0.0,0.0,0.0,0.0,0.0,0.0,0.0,0.0,0.0,0.0,0.0,0.0,0.0,17,46.199999999999996,3.4640832595217006,0.8323216797790861,0.8235294117647058,25.357973990417523,0.8301470588235293,1.0,0.8823529411764706,0.0,0.17647058823529413,0.0,3.0,14.0,42.0,31.0,239.0,1.0,1.0,8.0,0.0,0.0,0.0,0.0,0.0,,11
00-0036244,2023,veteran,TE,11.520752532486577,2.933968566991439,33.801525798402636,22.90179462031638,255.9138424535636,1.854696188966871,0.0,0.0,0.0,0.19355878610520794,0.6775373028101191,11.174401250919447,0.05487019136439452,0.007772822576163983,0.00041204672796085116,6.85468113614503e-05,0.09824881965706933,47.78334111710536,47.88158993676243,veteran,Colby Parkinson,TE,15.0,49.2,34.0,25.0,247.0,2.0,0.0,0.0,0.0,0.0,0.0,0.0,0.0,0.0,0.0,0.0,0.0,0.0,0.0,0.0,0.0,0.0,0.0,0.0,0.0,0.0,0.0,0.0,0.0,17,56.7,3.5621368948247074,0.7257230187567515,0.8235294117647058,24.646132785763175,0.5505514705882353,1.0,0.8235294117647058,0.0,0.17647058823529413,0.0,3.0,14.0,34.0,25.0,322.0,2.0,0.0,0.0,0.0,0.0,0.0,0.0,0.0,,11
00-0036290,2023,veteran,TE,15.507840256219838,5.379855319432787,83.42993689533822,56.30096057189438,585.4360128962478,4.6460553542626215,2.3856915037298294,8.327415590673013,0.23012542935297783,0.2643520257424735,0.6748292359674587,10.39833080909279,0.05568810821577197,0.03925011793649732,0.003204968577254233,0.0003270994477221901,0.6933829820467305,116.25520378484792,116.94858676689465,veteran,Cole Kmet,TE,16.0,145.6,90.0,73.0,719.0,6.0,3.0,2.0,0.0,0.0,0.0,0.0,0.0,0.0,0.0,0.0,1.0,0.0,0.0,1.0,1.0,0.0,0.0,0.0,0.0,0.0,0.0,0.0,0.0,17,122.3,6.073111894600111,0.9911277602523659,1.0,24.479123887748116,0.9906250000000001,1.0,1.0,0.0,0.0,0.0,0.0,17.0,69.0,50.0,544.0,7.0,2.0,9.0,0.0,0.0,0.0,0.0,0.0,14.8,11
00-0036332,2023,veteran,TE,8.233446707432556,2.3646567220482897,19.46927510235675,13.432852879352534,137.31721298816808,1.0380410829579243,0.0,0.0,0.0,0.13840050898833028,0.6899513622737034,10.222490651947554,0.05331688403911195,0.0032453574589103302,0.00013830362623233904,2.9864471793570358e-05,0.02892032606246587,26.399593218263963,26.428513544326428,veteran,Josiah Deguara,TE,9.0,10.5,8.0,8.0,65.0,0.0,0.0,0.0,0.0,0.0,0.0,0.0,0.0,0.0,0.0,0.0,0.0,0.0,0.0,0.0,0.0,0.0,0.0,0.0,0.0,0.0,0.0,0.0,0.0,17,17.9,2.6656931856327626,0.6541118713346366,0.5294117647058824,26.543463381245722,0.5476102941176471,1.0,0.8235294117647058,0.0,0.47058823529411764,0.0,8.0,9.0,15.0,13.0,114.0,0.0,0.0,0.0,0.0,0.0,0.0,0.0,0.0,,11
00-0036422,2023,veteran,TE,10.08282352308319,2.7774758570374303,28.004798906132645,19.136923154833553,204.4676481196769,1.5204958339071395,0.0,0.0,0.0,0.19623721115064152,0.6833444231818013,10.684457813064531,0.05429411719768403,0.005883152656718644,0.0002907483580950698,5.256898991215334e-05,0.06477622426964225,38.74572697052602,38.810503194795665,veteran,Adam Trautman,TE,16.0,49.4,35.0,22.0,204.0,3.0,0.0,0.0,0.0,0.0,0.0,0.0,0.0,0.0,0.0,0.0,0.0,0.0,0.0,0.0,0.0,0.0,0.0,0.0,0.0,0.0,0.0,0.0,0.0,17,35.7,3.4324632952691685,0.6777780443335573,0.7058823529411765,26.56810403832991,0.6761029411764706,1.0,0.7058823529411765,0.058823529411764705,0.23529411764705882,1.0,5.0,12.0,22.0,18.0,207.0,1.0,0.0,0.0,0.0,0.0,0.0,0.0,0.0,,11
00-0036423,2023,veteran,TE,7.182977370792498,3.041503117407018,21.84704806552945,14.727746568382946,152.95794042831193,1.203449265635583,0.0,0.0,0.0,0.14467955431905088,0.6741298194706942,10.385698838454834,0.05508521160505893,0.006830667799008714,0.00035048308824617427,6.060295973144922e-05,0.0537114197419653,29.591003812198064,29.64471523194003,veteran,Albert Okwuegbunam,TE,1.0,0.0,1.0,0.0,0.0,0.0,0.0,0.0,0.0,0.0,0.0,0.0,0.0,0.0,0.0,0.0,0.0,0.0,0.0,0.0,0.0,0.0,0.0,0.0,0.0,0.0,0.0,0.0,0.0,17,20.5,4.041321044546851,0.5877609108159394,0.35294117647058826,25.352498288843258,0.47867647058823526,1.0,0.8235294117647058,0.0,0.6470588235294118,0.0,11.0,6.0,18.0,10.0,95.0,1.0,0.0,0.0,0.0,0.0,0.0,0.0,0.0,,11
00-0036534,2023,veteran,TE,6.035390681744661,2.3604607816077903,14.246303005939378,9.479911609082075,93.97089232760923,0.8992924041955683,0.0,0.0,0.0,0.10583531096611672,0.6654295928655902,9.912633809536995,0.06312461582634087,0.0026358932779339626,0.0001066998339060776,2.4514033092817216e-05,0.017170512036467432,19.321128840543135,19.338299352579604,veteran,,,0.0,0.0,0.0,0.0,0.0,0.0,0.0,0.0,0.0,0.0,0.0,0.0,0.0,0.0,0.0,0.0,0.0,0.0,0.0,0.0,0.0,0.0,0.0,0.0,0.0,0.0,0.0,0.0,0.0,17,35.5,3.9613207547169815,0.42064372918978915,0.47058823529411764,26.78986995208761,0.31176470588235294,1.0,0.47058823529411764,0.0,0.5294117647058824,0.0,9.0,8.0,15.0,11.0,60.0,4.0,0.0,0.0,0.0,0.0,0.0,0.0,0.0,,11
00-0036556,2023,veteran,TE,9.331851214542093,3.1696997845396155,29.57916678408982,19.07097563230628,193.83336270988642,1.579014391188765,0.0,0.0,0.0,0.16009051013220404,0.6447435038151332,10.163788494466546,0.05338265282165056,0.00633042139897202,0.0003186598230952343,5.636755419771409e-05,0.06458710696452725,38.07272941400996,38.13731652097449,veteran,Brevin Jordan,TE,10.0,42.4,21.0,17.0,219.0,2.0,0.0,0.0,0.0,0.0,0.0,0.0,0.0,0.0,0.0,0.0,0.0,0.0,0.0,0.0,0.0,0.0,0.0,0.0,0.0,0.0,0.0,0.0,0.0,17,19.8,3.3510204081632655,0.5102040816326531,0.5294117647058824,23.12662559890486,0.4323529411764706,1.0,0.5294117647058824,0.17647058823529413,0.29411764705882354,3.0,8.0,9.0,28.0,14.0,128.0,0.0,0.0,0.0,0.0,0.0,0.0,0.0,0.0,,11
00-0036628,2023,veteran,TE,8.294100748323082,2.6357487982661962,21.861166080091323,14.676093846105061,152.58771622812458,1.1844525544272761,0.0,0.0,0.0,0.14050802810873136,0.6713317026336664,10.397025109553953,0.054180666762599715,0.004371943192750103,0.00020061937858332235,3.96358864457127e-05,0.03941476138452837,29.42251781621118,29.461932577595707,veteran,John Bates,TE,15.0,24.6,28.0,19.0,151.0,0.0,0.0,0.0,0.0,0.0,0.0,0.0,0.0,0.0,0.0,0.0,0.0,0.0,0.0,0.0,0.0,0.0,0.0,0.0,0.0,0.0,0.0,0.0,0.0,17,23.8,2.966081871345029,0.6037151702786379,0.5294117647058824,25.817932922655714,0.5029411764705882,1.0,0.7058823529411765,0.0,0.47058823529411764,0.0,8.0,9.0,22.0,14.0,108.0,1.0,0.0,0.0,0.0,0.0,0.0,0.0,0.0,,11
00-0036637,2023,veteran,TE,13.902996784832569,2.9382729146013475,40.850798884663156,28.36521238978599,295.2170228749918,2.1922138723619504,1.008509397224044,3.5646032853198415,0.10400121162441779,0.22864097426691768,0.6943612649992826,10.40771416826395,0.053663916795149515,0.006771560561242131,0.00034669069046013457,6.010319645068333e-05,0.10304627313747033,57.38077736630854,57.483823639446015,veteran,Noah Gray,TE,16.0,56.6,41.0,28.0,305.0,2.0,1.0,1.0,0.0,0.0,0.0,0.0,0.0,0.0,0.0,0.0,0.0,0.0,0.0,0.0,0.0,0.0,0.0,0.0,0.0,0.0,0.0,0.0,0.0,17,56.0,3.033187772925764,0.8921140508605189,1.0,24.33949349760438,0.6735294117647059,1.0,1.0,0.0,0.0,0.0,0.0,17.0,34.0,28.0,299.0,1.0,1.0,1.0,1.0,0.0,0.0,0.0,0.0,,11
00-0036754,2023,veteran,TE,11.686177570535794,2.8406430411064396,33.19625899287666,22.50802628425016,245.24026368062061,2.1079353508675305,0.0,0.0,0.0,0.19483238902028996,0.6780289998665209,10.895680526738403,0.06349918378814483,0.0065321708635342115,0.0003314189770533555,5.8077281851464246e-05,0.08350304301353773,48.03598683735174,48.11948988036528,veteran,Brock Wright,TE,9.0,21.6,14.0,13.0,91.0,1.0,0.0,0.0,0.0,0.0,0.0,0.0,0.0,0.0,0.0,0.0,0.0,0.0,0.0,0.0,0.0,0.0,0.0,0.0,0.0,0.0,0.0,0.0,0.0,17,54.6,3.8554455445544553,0.7396622015142691,0.8235294117647058,24.761122518822724,0.5941176470588235,1.0,0.8235294117647058,0.0,0.17647058823529413,0.0,3.0,14.0,24.0,18.0,216.0,4.0,0.0,0.0,0.0,0.0,0.0,0.0,0.0,,11
00-0036876,2023,veteran,TE,10.83922461099435,2.9583649716518807,32.06638240903267,22.123195883423698,226.74888156724336,1.5641660932332628,0.8402795163386669,2.9320416000103493,0.08185952295620912,0.1806196798974566,0.6899186693785542,10.249372774262694,0.048779000801557774,0.006469390661532842,0.0003274375666481125,5.754548626068624e-05,0.07669442937494522,43.544604595779134,43.62129902515408,veteran,Kylen Granson,TE,15.0,58.0,50.0,30.0,368.0,1.0,1.0,2.0,0.0,0.0,0.0,0.0,0.0,0.0,0.0,0.0,0.0,0.0,0.0,0.0,0.0,0.0,0.0,0.0,0.0,0.0,0.0,0.0,0.0,17,45.7,2.9522167487684734,0.7125470878006376,0.7647058823529411,25.43189596167009,0.5970588235294118,1.0,0.7647058823529411,0.17647058823529413,0.058823529411764705,3.0,4.0,13.0,40.0,31.0,302.0,0.0,1.0,0.0,0.0,0.0,0.0,0.0,0.0,,11
00-0036894,2023,veteran,TE,13.244359131112194,5.907957467427404,78.24711042994461,52.548912961938534,547.0374383049596,4.021803039116942,0.0,0.0,0.0,0.25350842274426716,0.6715764029265474,10.410061930323502,0.05139874197294098,0.05141391607753224,0.0045492146381559675,0.0004273923076712584,0.7826425919414215,104.60200170067833,105.38464429261975,veteran,Pat Freiermuth,TE,11.0,61.800000000000004,47.0,32.0,308.0,2.0,0.0,0.0,0.0,0.0,0.0,0.0,0.0,0.0,0.0,0.0,1.0,0.0,0.0,1.0,1.0,0.0,0.0,0.0,0.0,0.0,0.0,0.0,0.0,17,116.7,7.716091954022989,0.9039891818796484,0.8823529411764706,24.851471594798085,0.7676470588235295,1.0,0.9411764705882353,0.058823529411764705,0.058823529411764705,1.0,2.0,15.0,98.0,63.0,732.0,2.0,0.0,0.0,0.0,0.0,0.0,0.0,0.0,10.3,11
00-0036970,2023,veteran,TE,11.450509925787962,6.174202714678681,70.69776946825522,43.33894535141194,543.1480699836425,3.3294135823489284,0.0,0.0,0.0,0.18993335299118422,0.6130171528377856,12.532563161829394,0.047093615645736955,0.0773537246396986,0.0078006936594996286,0.0006456786538016339,1.0345091717161852,95.58089446218143,96.61540363389761,veteran,Kyle Pitts,TE,17.0,110.8,90.0,53.0,667.0,3.0,1.0,-4.0,0.0,0.0,0.0,0.0,0.0,0.0,0.0,0.0,0.0,0.0,0.0,0.0,0.0,0.0,0.0,0.0,0.0,0.0,0.0,0.0,0.0,17,61.6,7.359433962264151,0.7863485016648168,0.5882352941176471,22.902121834360027,0.6235294117647059,1.0,1.0,0.058823529411764705,0.35294117647058826,1.0,7.0,10.0,59.0,28.0,356.0,2.0,0.0,0.0,0.0,0.0,0.0,0.0,0.0,10.7,11
00-0037005,2023,veteran,TE,14.081746234094311,3.318181121874924,46.725784517005046,30.118512836557215,304.180680054696,2.6619045728090613,1.5669123157293245,5.688243287417592,0.15698448873028756,0.3051421157269758,0.6445801423750542,10.09945881808241,0.056968643765420504,0.007135844538421981,0.0003701975529656784,6.318055793525248e-05,0.11008407911956967,62.34919889027211,62.45928296939168,veteran,Tommy Tremble,TE,15.0,48.9,32.0,23.0,194.0,3.0,0.0,0.0,0.0,0.0,0.0,0.0,0.0,0.0,0.0,0.0,0.0,0.0,0.0,0.0,0.0,0.0,0.0,0.0,0.0,0.0,0.0,0.0,0.0,17,42.9,2.864705882352941,0.8823529411764706,0.8823529411764706,23.247091033538673,0.75,1.0,0.8823529411764706,0.0,0.11764705882352941,0.0,2.0,15.0,32.0,19.0,174.0,3.0,0.0,0.0,0.0,0.0,0.0,0.0,0.0,,11
00-0037011,2023,veteran,TE,10.899821022332302,1.9749632767052625,21.526746241766308,14.108325871172152,142.13417378540305,1.1197927134449204,0.0,0.0,0.0,0.18388526910631015,0.6553858958860723,10.074488999139783,0.05201867021000566,0.0015470230596750785,5.492316892303095e-05,1.4789324102070695e-05,0.018082655506247474,27.61856605658328,27.636648712089528,veteran,Tre' McKitty,TE,1.0,0.0,0.0,0.0,0.0,0.0,0.0,0.0,0.0,0.0,0.0,0.0,0.0,0.0,0.0,0.0,0.0,0.0,0.0,0.0,0.0,0.0,0.0,0.0,0.0,0.0,0.0,0.0,0.0,17,12.2,1.0011173184357542,0.6818928688793954,0.7647058823529411,24.635181382614647,0.5264705882352941,1.0,0.7647058823529411,0.0,0.23529411764705882,0.0,4.0,13.0,18.0,10.0,72.0,0.0,0.0,0.0,0.0,0.0,0.0,0.0,0.0,,11
00-0037252,2023,veteran,TE,9.251197787854814,5.068329417020041,46.888117890855284,30.354926963202878,343.75474362445425,2.4737352050282424,0.0,0.0,0.0,0.16187615313286974,0.6473906040302607,11.324512295521702,0.05275825339772705,0.03741787547903565,0.0030133921633127693,0.0003120718664468209,0.39375047435169774,64.07159676795057,64.46534724230226,veteran,Greg Dulcich,TE,2.0,4.0,4.0,3.0,25.0,0.0,0.0,0.0,0.0,0.0,0.0,0.0,0.0,0.0,0.0,0.0,0.0,0.0,0.0,0.0,0.0,0.0,0.0,0.0,0.0,0.0,0.0,0.0,0.0,17,69.6,6.959999999999999,0.5882352941176471,0.5882352941176471,23.433264887063654,0.3235294117647059,1.0,0.5882352941176471,0.058823529411764705,0.35294117647058826,1.0,7.0,10.0,55.0,33.0,411.0,2.0,0.0,0.0,0.0,0.0,0.0,0.0,0.0,16.3,11
00-0037569,2023,veteran,TE,10.091862543215258,2.561137116397345,25.846643733008705,17.2363300979224,181.19731529406323,1.5058023621926815,1.2572167825698863,4.5004445681517025,0.12964883522327095,0.1745125091712739,0.6668691794559738,10.512522924813561,0.05825910620146103,0.004059950998882941,0.0001829027792295507,3.694292403103408e-05,0.04448685779558242,36.65162320133587,36.696110059131456,veteran,Peyton Hendershot,TE,8.0,5.8,7.0,4.0,38.0,0.0,1.0,0.0,0.0,0.0,0.0,0.0,0.0,0.0,0.0,0.0,0.0,0.0,0.0,0.0,0.0,0.0,0.0,0.0,0.0,0.0,0.0,0.0,0.0,17,34.0,2.8333333333333335,0.7058823529411764,0.7058823529411765,24.358658453114305,0.3882352941176471,1.0,0.7058823529411765,0.0,0.29411764705882354,0.0,5.0,12.0,16.0,11.0,103.0,2.0,1.0,2.0,1.0,0.0,0.0,0.0,0.0,,11
00-0037744,2023,veteran,TE,10.444973665799065,3.5937157839575753,37.536266725803316,25.564912212311945,258.9005345720626,1.9656000957375037,0.0,0.0,0.0,0.18061864743410763,0.6810723186474488,10.127182617407046,0.052365359349556835,0.01087424400033529,0.0006279238881858679,9.446359093917729e-05,0.12539250437278995,50.104872842919036,50.23026534729183,veteran,Trey McBride,TE,17.0,143.0,106.0,81.0,825.0,3.0,0.0,0.0,0.0,0.0,0.0,0.0,0.0,0.0,0.0,0.0,2.0,0.0,0.0,2.0,2.0,0.0,0.0,0.0,0.0,0.0,0.0,0.0,0.0,17,47.0,3.9166666666666665,0.7058823529411764,0.7058823529411765,23.77549623545517,0.3882352941176471,1.0,0.7058823529411765,0.0,0.29411764705882354,0.0,5.0,12.0,39.0,29.0,265.0,1.0,0.0,0.0,0.0,0.0,0.0,0.0,0.0,,11
00-0037755,2023,veteran,TE,9.77636184367213,3.8358010619827296,37.50017914228499,24.613260145935328,276.4881050251643,2.145209315646567,0.0,0.0,0.0,0.1690567453331527,0.6563504684216709,11.233298774149754,0.05720530847351716,0.01628864397862144,0.0010446010817497745,0.00013918028287497193,0.17728362832775088,52.488582978697195,52.665866607024945,veteran,,,0.0,0.0,0.0,0.0,0.0,0.0,0.0,0.0,0.0,0.0,0.0,0.0,0.0,0.0,0.0,0.0,0.0,0.0,0.0,0.0,0.0,0.0,0.0,0.0,0.0,0.0,0.0,0.0,0.0,17,61.7,5.141666666666667,0.7058823529411764,0.7058823529411765,24.895277207392198,0.3882352941176471,1.0,0.7058823529411765,0.11764705882352941,0.17647058823529413,2.0,5.0,12.0,40.0,25.0,312.0,3.0,0.0,0.0,0.0,0.0,0.0,0.0,0.0,,11
00-0037809,2023,veteran,TE,13.131360750624857,4.401621429094326,57.799278873118524,38.843362060890165,462.63973973124854,3.2572889545712864,4.0503263320253815,12.891780390534194,0.39031157197869853,0.22187730173520603,0.6720388700031958,11.910393827548262,0.05635518328389036,0.0318479451504076,0.002449769552521244,0.0002664761971796603,0.4734584587144371,88.41668159845287,88.8901400571673,veteran,Chig Okonkwo,TE,17.0,86.4,77.0,54.0,528.0,1.0,2.0,6.0,0.0,0.0,0.0,0.0,0.0,0.0,0.0,0.0,0.0,0.0,0.0,0.0,0.0,0.0,0.0,0.0,0.0,0.0,0.0,0.0,0.0,17,81.2,5.075,0.9411764705882353,0.9411764705882353,23.980835044490075,0.5176470588235295,1.0,0.9411764705882353,0.0,0.058823529411764705,0.0,1.0,16.0,46.0,32.0,450.0,3.0,3.0,2.0,0.0,0.0,0.0,0.0,0.0,,11
00-0037838,2023,veteran,TE,12.102580987903691,4.988113203470799,60.36904402183706,39.01553799488972,410.25081743383544,3.2891840739854703,0.0,0.0,0.0,0.20685843150479902,0.6462838467472961,10.515062421734909,0.05448461421379617,0.02832407388259418,0.00210849569243986,0.0002376744483832329,0.38682470641268984,79.85423832173163,80.24106302814432,veteran,Isaiah Likely,TE,14.0,86.1,40.0,30.0,411.0,5.0,0.0,0.0,0.0,0.0,0.0,0.0,0.0,0.0,0.0,0.0,0.0,0.0,0.0,0.0,0.0,0.0,0.0,0.0,0.0,0.0,0.0,0.0,0.0,17,74.3,5.307142857142857,0.8235294117647058,0.8235294117647058,23.370294318959616,0.45294117647058824,1.0,0.8235294117647058,0.0,0.17647058823529413,0.0,3.0,14.0,60.0,36.0,373.0,3.0,0.0,0.0,0.0,0.0,0.0,0.0,0.0,,11
00-0038041,2023,veteran,TE,9.234828042079707,2.897942791000911,26.762003350677944,18.47323377686346,190.44671947011435,1.534093580208384,0.0,0.0,0.0,0.1606349586087356,0.6902784344952819,10.309333047505556,0.05732357029129218,0.006193163092257289,0.00031003866942256057,5.520307512411569e-05,0.06250710870364994,37.164580399475994,37.22708750817964,veteran,Jake Ferguson,TE,17.0,141.6,102.0,71.0,761.0,5.0,0.0,0.0,0.0,0.0,0.0,0.0,0.0,0.0,0.0,0.0,0.0,0.0,0.0,0.0,0.0,0.0,0.0,0.0,0.0,0.0,0.0,0.0,0.0,17,38.9,3.536363636363636,0.6470588235294118,0.6470588235294118,24.618754277891856,0.35588235294117654,1.0,0.6470588235294118,0.058823529411764705,0.29411764705882354,1.0,6.0,11.0,22.0,19.0,174.0,2.0,0.0,0.0,0.0,0.0,0.0,0.0,0.0,,11
00-0038115,2023,veteran,TE,10.266198189004555,4.048665970374338,41.5644072529414,29.14835903964984,292.61196048584094,2.303281090813513,1.3916169976813881,4.981555484298223,0.14350868150001653,0.2387258102458164,0.7012817207344414,10.03871127317348,0.055414746487224734,0.016681859771490625,0.0010765573175521193,0.0001424113863123499,0.1907615517835317,58.53681813022837,58.7275796820119,veteran,Daniel Bellinger,TE,14.0,38.0,28.0,25.0,255.0,0.0,0.0,0.0,0.0,0.0,0.0,0.0,0.0,0.0,0.0,0.0,0.0,0.0,0.0,0.0,0.0,0.0,0.0,0.0,0.0,0.0,0.0,0.0,0.0,17,60.0,5.454545454545454,0.6470588235294118,0.6470588235294118,22.940451745379878,0.35588235294117654,1.0,0.6470588235294118,0.23529411764705882,0.11764705882352941,4.0,6.0,11.0,35.0,30.0,268.0,2.0,1.0,2.0,1.0,0.0,0.0,0.0,0.0,,11
00-0038129,2023,veteran,TE,12.890747302047004,4.310204064306858,55.56175141323566,36.6258656941326,366.9718163893225,2.8637619206793854,0.0,0.0,0.0,0.217811716778284,0.6591920658103617,10.019471470079429,0.05154196633184593,0.016619899321696434,0.001071507780854743,0.00014190235755619083,0.23862018125985776,71.7570625765183,71.99568275777816,veteran,Cade Otton,TE,17.0,93.0,67.0,47.0,455.0,4.0,0.0,0.0,0.0,0.0,0.0,0.0,0.0,0.0,0.0,1.0,0.0,0.0,0.0,0.0,0.0,0.0,0.0,0.0,0.0,0.0,0.0,0.0,0.0,17,72.10000000000001,4.5062500000000005,0.9411764705882353,0.9411764705882353,24.380561259411362,0.5176470588235295,1.0,0.9411764705882353,0.058823529411764705,0.0,1.0,1.0,16.0,65.0,42.0,391.0,2.0,0.0,0.0,0.0,0.0,0.0,0.0,0.0,,11
00-0038547,2023,rookie,TE,9.713843176684202,2.8097352778326745,27.293327856863815,17.707646984553982,200.00066417047827,1.496730882473177,0.09077139556980375,0.26799173930132536,0.008644894816171785,0.14444376470905876,0.6487903225806452,11.294592914853947,0.054838709677419356,0.006162556302635345,0.0003081229152919004,5.494326633874003e-05,0.06541911255437761,37.62405621757292,37.6894753301273,rookie,Luke Schoonmaker,TE,12.0,22.5,15.0,8.0,65.0,2.0,0.0,0.0,0.0,0.0,0.0,0.0,0.0,0.0,0.0,0.0,0.0,0.0,0.0,0.0,0.0,0.0,0.0,0.0,0.0,0.0,0.0,0.0,0.0,17,0.0,,,0.0,24.92539356605065,0.0,0.0,0.0,0.0,1.0,0.0,17.0,0.0,0.0,0.0,0.0,0.0,0.0,0.0,0.0,0.0,0.0,0.0,0.0,,11
00-0038558,2023,rookie,TE,9.415782841578537,2.7720801928753165,26.101305115555125,16.934274165696852,191.2657330100739,1.4313618934336683,0.2957613365475759,0.8732001364737956,0.028167746337864372,0.1400116407669671,0.6487903225806452,11.294592914853947,0.054838709677419356,0.005913771476034695,0.0002926422383689102,5.28294052908153e-05,0.06081083205893285,36.158184954598454,36.21899578665739,rookie,Darnell Washington,TE,8.0,9.6,10.0,7.0,61.0,0.0,0.0,0.0,0.0,0.0,0.0,0.0,0.0,0.0,0.0,0.0,0.0,0.0,0.0,0.0,0.0,0.0,0.0,0.0,0.0,0.0,0.0,0.0,0.0,17,0.0,,,0.0,22.039698836413415,0.0,0.0,0.0,0.0,1.0,0.0,17.0,0.0,0.0,0.0,0.0,0.0,0.0,0.0,0.0,0.0,0.0,0.0,0.0,,11
00-0038564,2023,rookie,TE,8.629337036094926,2.484000091417591,21.435273986532998,13.906998324327256,157.07388474083234,1.1754827670034225,0.1758966992796003,0.5193140645397724,0.01675206659805717,0.12831727934713644,0.6487903225806452,11.294592914853947,0.054838709677419356,0.004232580950614141,0.00019266471607509687,3.8434098285888066e-05,0.03968154228594245,29.609593485615445,29.64927502790139,rookie,,,0.0,0.0,0.0,0.0,0.0,0.0,0.0,0.0,0.0,0.0,0.0,0.0,0.0,0.0,0.0,0.0,0.0,0.0,0.0,0.0,0.0,0.0,0.0,0.0,0.0,0.0,0.0,0.0,0.0,17,0.0,,,0.0,23.51813826146475,0.0,0.0,0.0,0.0,1.0,0.0,17.0,0.0,0.0,0.0,0.0,0.0,0.0,0.0,0.0,0.0,0.0,0.0,0.0,,11
00-0038933,2023,rookie,TE,12.54043613991122,3.7567202524458208,47.11091042130797,30.565102769308275,345.220393180012,2.583501539233018,0.20737462751293403,0.6122489002762814,0.019749964525041335,0.18647488683882854,0.6487903225806452,11.294592914853947,0.054838709677419356,0.014996942167821763,0.0009411488316472307,0.00012855373745588802,0.20899606065187173,65.11237484155367,65.32137090220554,rookie,Dalton Kincaid,TE,16.0,113.8,91.0,73.0,673.0,2.0,0.0,0.0,0.0,0.0,0.0,0.0,0.0,0.0,0.0,1.0,0.0,0.0,0.0,0.0,0.0,0.0,0.0,0.0,0.0,0.0,0.0,0.0,0.0,17,0.0,,,0.0,23.871321013004792,0.0,0.0,0.0,0.0,1.0,0.0,17.0,0.0,0.0,0.0,0.0,0.0,0.0,0.0,0.0,0.0,0.0,0.0,0.0,20.0,11
00-0038935,2023,rookie,TE,10.400348871402674,3.0810748137393076,32.04425296178081,20.790001215929568,234.81460043324304,1.7572654850008833,0.27312683400735244,0.8063744623074215,0.02601207942927166,0.15465202782754905,0.6487903225806452,11.294592914853947,0.054838709677419356,0.008169582716711463,0.0004385732537956023,7.188065608202655e-05,0.09330365045600836,44.34745942844566,44.44076307890167,rookie,Brenton Strange,TE,7.0,11.999999999999998,9.0,5.0,35.0,1.0,0.0,0.0,0.0,0.0,0.0,0.0,0.0,0.0,0.0,0.0,0.0,0.0,0.0,0.0,0.0,0.0,0.0,0.0,0.0,0.0,0.0,0.0,0.0,17,0.0,,,0.0,22.677618069815196,0.0,0.0,0.0,0.0,1.0,0.0,17.0,0.0,0.0,0.0,0.0,0.0,0.0,0.0,0.0,0.0,0.0,0.0,0.0,,11
00-0038996,2023,rookie,TE,9.633939878035328,2.8271706267919567,27.236791843461166,17.670966966181055,199.5863782948467,1.4936305204478704,0.2443362546548115,0.7213737042189674,0.023270119490934427,0.14325561156929856,0.6487903225806452,11.294592914853947,0.054838709677419356,0.006280128919088857,0.0003154953314349799,5.59410029566124e-05,0.06613944353348318,37.68115129949133,37.74729074302481,rookie,Tucker Kraft,TE,14.0,63.0,40.0,31.0,355.0,2.0,0.0,0.0,0.0,0.0,0.0,0.0,0.0,0.0,0.0,0.0,0.0,0.0,0.0,0.0,0.0,0.0,0.0,0.0,0.0,0.0,0.0,0.0,0.0,17,0.0,,,0.0,22.82546201232033,0.0,0.0,0.0,0.0,1.0,0.0,17.0,0.0,0.0,0.0,0.0,0.0,0.0,0.0,0.0,0.0,0.0,0.0,0.0,,11
00-0039065,2023,rookie,TE,12.108645598980182,3.641086930093472,44.088631231580585,28.604277278876275,323.0736674885137,2.4177636481834517,0.3159090335725783,0.9326838134047551,0.030086574625959837,0.18005420965026292,0.6487903225806452,11.294592914853947,0.054838709677419356,0.013627068802507978,0.0008340921284760841,0.00011725966756564706,0.18299464716862557,61.02976668718592,61.212761334354546,rookie,Sam LaPorta,TE,17.0,197.29999999999998,120.0,86.0,889.0,10.0,1.0,4.0,0.0,0.0,0.0,0.0,0.0,0.0,0.0,0.0,1.0,0.0,0.0,1.0,1.0,0.0,0.0,0.0,0.0,0.0,0.0,0.0,0.0,17,0.0,,,0.0,22.633812457221083,0.0,0.0,0.0,0.0,1.0,0.0,17.0,0.0,0.0,0.0,0.0,0.0,0.0,0.0,0.0,0.0,0.0,0.0,0.0,22.0,11
00-0039066,2023,rookie,TE,12.202181516074967,3.6816447964754277,44.924098084306046,29.146320087761463,329.1958203572959,2.46357957236517,0.36253966408719396,1.0703551987336204,0.03452758705592323,0.18144507830594747,0.6487903225806452,11.294592914853947,0.054838709677419356,0.014097541377240124,0.0008705422210515364,0.00012114168517146003,0.19091091577672906,62.225530399398345,62.41644131517507,rookie,Michael Mayer,TE,13.0,57.9,40.0,27.0,304.0,2.0,0.0,0.0,0.0,0.0,0.0,0.0,0.0,0.0,0.0,0.0,0.0,0.0,0.0,0.0,0.0,0.0,0.0,0.0,0.0,0.0,0.0,0.0,0.0,17,0.0,,,0.0,22.154688569472963,0.0,0.0,0.0,0.0,1.0,0.0,17.0,0.0,0.0,0.0,0.0,0.0,0.0,0.0,0.0,0.0,0.0,0.0,0.0,,11
00-0039144,2023,rookie,TE,11.363091387568923,3.389575697256047,38.516058413003115,24.988845962307263,282.2388425562523,2.1121709452292032,0.26768709080392433,0.7903142680877766,0.025494008647992793,0.16896790167388734,0.6487903225806452,11.294592914853947,0.054838709677419356,0.010943108026551225,0.0006329250829250272,9.50358430123174e-05,0.1372953168463704,53.28539258350304,53.42268790034941,rookie,Luke Musgrave,TE,11.0,58.2,46.0,34.0,352.0,1.0,0.0,0.0,0.0,0.0,0.0,0.0,0.0,0.0,0.0,0.0,0.0,0.0,0.0,0.0,0.0,0.0,0.0,0.0,0.0,0.0,0.0,0.0,0.0,17,0.0,,,0.0,22.99520876112252,0.0,0.0,0.0,0.0,1.0,0.0,17.0,0.0,0.0,0.0,0.0,0.0,0.0,0.0,0.0,0.0,0.0,0.0,0.0,,11
00-0030061,2024,veteran,TE,4.36882940910513,4.41072149398949,19.2696897783134,12.79017391933754,117.66873499262111,0.97733826875716,0.04641962909353072,0.15496803358977465,0.003939229754577347,0.07199182771088604,0.6637457097898861,9.199932364853698,0.05071894150870459,0.013659763144128978,0.0007422828836636641,0.00010783142445847076,0.06548373008031853,23.921138597938512,23.986622328018832,veteran,Zach Ertz,TE,17.0,144.4,91.0,66.0,654.0,7.0,0.0,0.0,0.0,0.0,0.0,0.0,0.0,0.0,0.0,0.0,0.0,0.0,0.0,0.0,0.0,0.0,0.0,0.0,0.0,0.0,0.0,0.0,0.0,17,38.2,7.467553191489361,0.6276595744680851,0.4117647058823529,33.80971937029432,0.5529411764705883,1.0,1.0,0.0,0.5882352941176471,0.0,10.0,7.0,43.0,27.0,187.0,1.0,0.0,0.0,0.0,0.0,0.0,0.0,0.0,,12
00-0030506,2024,veteran,TE,9.874691752205893,7.358593287542787,72.6638404443364,52.071939974944264,575.3728843938138,4.049592141825229,0.8690306293591428,2.7144758606106985,0.07332885221193848,0.259319361175613,0.7166142011835115,11.04957650263595,0.055730499751487673,0.13556072739706193,0.017289299133688416,0.0011080323222459093,1.6165931013533974,108.06359325478637,109.68018635613977,veteran,Travis Kelce,TE,16.0,147.9,133.0,97.0,823.0,3.0,1.0,1.0,0.0,0.0,0.0,0.0,0.0,0.0,0.0,1.0,1.0,0.0,0.0,1.0,1.0,0.0,0.0,0.0,0.0,0.0,0.0,0.0,0.0,17,176.4,13.368571428571428,0.9294117647058824,0.8823529411764706,34.90759753593429,0.9264705882352942,1.0,1.0,0.0,0.11764705882352941,0.0,2.0,15.0,121.0,93.0,984.0,5.0,0.0,0.0,0.0,0.0,0.0,0.0,0.0,5.1,12
00-0031260,2024,veteran,TE,9.913779727846277,3.8986966172201285,38.65081948881977,26.231642844245847,247.10324174821093,2.0013566916141494,0.5771321449499444,1.8447321576091646,0.049089531305154255,0.29484921333201547,0.6786827081851052,9.420044456057212,0.05178044652308256,0.010768724693386758,0.0005423961411834899,8.557473344012221e-05,0.11652129647863474,49.72359772355673,49.84011902003537,veteran,,,0.0,0.0,0.0,0.0,0.0,0.0,0.0,0.0,0.0,0.0,0.0,0.0,0.0,0.0,0.0,0.0,0.0,0.0,0.0,0.0,0.0,0.0,0.0,0.0,0.0,0.0,0.0,0.0,0.0,17,99.3,5.847211895910781,0.8539252132079599,0.9411764705882353,33.17180013689254,0.7911764705882353,1.0,0.9411764705882353,0.058823529411764705,0.0,1.0,1.0,16.0,78.0,55.0,496.0,4.0,1.0,2.0,0.0,0.0,0.0,0.0,0.0,,12
00-0031273,2024,veteran,TE,0.8705103818148046,2.653319680427982,2.309742328086098,1.478957252126599,14.9001992155265,0.11958184950136698,0.0,0.0,0.0,0.01512056775691545,0.640312659183977,10.074800467762973,0.051772809480638074,0.0034137146746662673,0.00012013225726488308,2.819053623915494e-05,0.003177618939490647,2.9167485091103202,2.919926128049811,veteran,,,0.0,0.0,0.0,0.0,0.0,0.0,0.0,0.0,0.0,0.0,0.0,0.0,0.0,0.0,0.0,0.0,0.0,0.0,0.0,0.0,0.0,0.0,0.0,0.0,0.0,0.0,0.0,0.0,0.0,17,0.0,3.479411764705882,0.7231833910034602,0.0,33.16632443531827,0.3,0.0,0.9411764705882353,0.0,1.0,0.0,17.0,0.0,0.0,0.0,0.0,0.0,0.0,0.0,0.0,0.0,0.0,0.0,0.0,,12
00-0031585,2024,veteran,TE,6.040118531133669,1.5404855261976793,9.304715173729804,6.376307007695358,67.84950580837915,0.5720285422215332,0.0,0.0,0.0,0.09882193209426925,0.6852769685737097,10.640878133140983,0.06147727593387848,0.0009640230563771599,2.3024951893039708e-05,8.35018180902872e-06,0.006132295860941317,13.207631473826256,13.213763769687198,veteran,MyCole Pruitt,TE,7.0,13.0,10.0,6.0,40.0,1.0,0.0,0.0,0.0,0.0,0.0,0.0,0.0,0.0,0.0,0.0,0.0,0.0,0.0,0.0,0.0,0.0,0.0,0.0,0.0,0.0,0.0,0.0,0.0,17,21.5,3.215,0.5882352941176472,0.5882352941176471,32.440793976728266,0.5882352941176471,1.0,0.5882352941176471,0.0,0.4117647058823529,0.0,7.0,10.0,12.0,9.0,110.0,1.0,0.0,0.0,0.0,0.0,0.0,0.0,0.0,,12
00-0031610,2024,veteran,TE,7.340693018764466,4.759507370925238,34.938082530508915,23.426268069808753,258.8633890474993,1.6178209116822428,0.0,0.0,0.0,0.11917830035914578,0.6705081210267415,11.050133477347021,0.04630537208988261,0.031143761145313066,0.0022223643335728157,0.0002420469349931513,0.2566409160322165,47.068041809029474,47.32468272506169,veteran,,,0.0,0.0,0.0,0.0,0.0,0.0,0.0,0.0,0.0,0.0,0.0,0.0,0.0,0.0,0.0,0.0,0.0,0.0,0.0,0.0,0.0,0.0,0.0,0.0,0.0,0.0,0.0,0.0,0.0,17,87.2,8.018779342723004,0.6437448218724109,0.7058823529411765,31.967145790554415,0.6264705882352942,1.0,0.7058823529411765,0.058823529411764705,0.23529411764705882,1.0,5.0,12.0,74.0,52.0,552.0,1.0,0.0,0.0,0.0,0.0,0.0,0.0,0.0,,12
00-0032134,2024,veteran,TE,6.14173720593702,2.009442748631857,12.341469292472627,8.501441943484194,87.03673563768898,0.7065166872857965,0.0,0.0,0.0,0.09930198727106451,0.6888516871058,10.237879199351237,0.057247372297617664,0.0019287689643523256,5.695153237846519e-05,1.6268968298724904e-05,0.012570503583840188,16.99489068468365,17.00746118826749,veteran,C.J. Uzomah,TE,2.0,0.0,0.0,0.0,0.0,0.0,0.0,0.0,0.0,0.0,0.0,0.0,0.0,0.0,0.0,0.0,0.0,0.0,0.0,0.0,0.0,0.0,0.0,0.0,0.0,0.0,0.0,0.0,0.0,17,15.8,3.4518181818181826,0.7080213903743316,0.47058823529411764,31.630390143737166,0.6470588235294117,1.0,0.9411764705882353,0.0,0.5294117647058824,0.0,9.0,8.0,12.0,8.0,58.0,1.0,0.0,0.0,0.0,0.0,0.0,0.0,0.0,,12
00-0032141,2024,veteran,TE,6.093880376665435,1.425458979673733,8.686576503975294,6.050252427776971,57.92524518784942,0.46401172259266454,0.0,0.0,0.0,0.09922908823279908,0.6965059739021644,9.574021229579134,0.053417099634167256,0.0005900948527595546,1.2134174835952523e-05,5.209759630118447e-06,0.0037703790624367324,11.403262891763818,11.407033270826254,veteran,Geoff Swaim,TE,3.0,1.2,1.0,1.0,7.0,0.0,0.0,0.0,0.0,0.0,0.0,0.0,0.0,0.0,0.0,0.0,0.0,0.0,0.0,0.0,0.0,0.0,0.0,0.0,0.0,0.0,0.0,0.0,0.0,17,14.4,2.0610576923076924,0.660633484162896,0.47058823529411764,30.9596167008898,0.611764705882353,1.0,0.9411764705882353,0.0,0.5294117647058824,0.0,9.0,8.0,11.0,10.0,94.0,0.0,0.0,0.0,0.0,0.0,0.0,0.0,0.0,,12
00-0032392,2024,veteran,TE,12.153251472484643,2.781885380861425,33.808952601237614,23.269979967153077,235.7117073033911,1.6244614592175861,0.0,0.0,0.0,0.1852184468563917,0.6882786415069615,10.12943318542224,0.04804826338092831,0.0049947575298210254,0.00019772881937869092,4.0691284844952706e-05,0.06529617923681964,44.58249257550838,44.6477887547452,veteran,Austin Hooper,TE,17.0,86.1,59.0,45.0,476.0,3.0,0.0,0.0,0.0,0.0,0.0,0.0,0.0,0.0,0.0,1.0,0.0,0.0,0.0,0.0,0.0,0.0,0.0,0.0,0.0,0.0,0.0,0.0,0.0,17,35.9,3.33374613003096,0.9515570934256055,0.9411764705882353,29.842573579739906,0.95,1.0,1.0,0.0,0.058823529411764705,0.0,1.0,16.0,31.0,25.0,234.0,0.0,0.0,0.0,0.0,0.0,0.0,0.0,0.0,,12
00-0033090,2024,veteran,TE,10.225762091742013,4.093170886702833,41.855791688267864,28.378847223896027,305.3934723653168,2.5933122446711616,0.0,0.0,0.0,0.15904252171826908,0.6780148237370598,10.761306474357575,0.06195826527390866,0.018750816386501553,0.0011291226638897593,0.0001468978068571269,0.2120648810437378,59.97055927307013,60.18262415411387,veteran,Hunter Henry,TE,16.0,113.4,97.0,66.0,674.0,2.0,0.0,0.0,0.0,0.0,0.0,0.0,0.0,0.0,0.0,0.0,1.0,0.0,0.0,1.0,1.0,0.0,0.0,0.0,0.0,0.0,0.0,0.0,0.0,17,98.9,6.990243902439026,0.8532486165197788,0.7647058823529411,29.73579739904175,0.8441176470588234,1.0,0.9411764705882353,0.058823529411764705,0.17647058823529413,1.0,4.0,13.0,61.0,42.0,419.0,6.0,0.0,0.0,0.0,0.0,0.0,0.0,0.0,,12
00-0033110,2024,veteran,TE,10.653724291692479,4.69584720137393,50.028261399353575,33.728103982163056,328.32261333075195,2.3652715493245386,0.0,0.0,0.0,0.16392369756806227,0.6741810136659849,9.734392822803908,0.04727870773768486,0.02064283081407052,0.0012829528811400192,0.00016140228804408638,0.2438644384592486,63.560095224967824,63.80395966342707,veteran,Tyler Higbee,TE,3.0,22.6,12.0,8.0,66.0,2.0,0.0,0.0,0.0,0.0,0.0,0.0,0.0,0.0,0.0,0.0,0.0,0.0,0.0,0.0,0.0,0.0,0.0,0.0,0.0,0.0,0.0,0.0,0.0,17,85.0,6.472222222222221,0.9008073817762399,0.8823529411764706,31.665982203969882,0.9,1.0,0.9411764705882353,0.11764705882352941,0.0,2.0,2.0,15.0,70.0,47.0,495.0,2.0,0.0,0.0,0.0,0.0,0.0,0.0,0.0,,12
00-0033217,2024,veteran,TE,10.157869804206591,2.2579650912147926,22.936115419003322,14.970428945585189,164.21669037049284,1.4352853650522144,0.0,0.0,0.0,0.19164169522588828,0.6527011515289856,10.969404481821524,0.06257752626510736,0.002870644399349775,9.577095423838912e-05,2.3856692748811037e-05,0.031103541746839884,32.13531230970339,32.166415851450225,veteran,Mo Alie-Cox,TE,12.0,26.7,22.0,12.0,147.0,1.0,0.0,0.0,0.0,0.0,0.0,0.0,0.0,0.0,0.0,0.0,0.0,0.0,0.0,0.0,0.0,0.0,0.0,0.0,0.0,0.0,0.0,0.0,0.0,17,42.6,3.2449826989619384,0.8546712802768166,0.8235294117647058,30.951403148528406,0.85,1.0,1.0,0.0,0.17647058823529413,0.0,3.0,14.0,22.0,13.0,161.0,3.0,0.0,0.0,0.0,0.0,0.0,0.0,0.0,,12
00-0033246,2024,veteran,TE,7.17006204617362,1.8558379025072256,13.306472908617517,9.252449670444033,93.22011330749689,0.7093119658400131,0.0,0.0,0.0,0.11751858155878822,0.6953344987800619,10.075181884563893,0.053305783637123676,0.0014894167519895912,4.063160718026929e-05,1.2687032631178339e-05,0.011298140863447938,17.96907079789421,17.98036893875766,veteran,Johnny Mundt,TE,14.0,35.7,27.0,19.0,142.0,2.0,0.0,0.0,0.0,0.0,0.0,0.0,0.0,0.0,0.0,0.0,0.0,0.0,0.0,0.0,0.0,0.0,0.0,0.0,0.0,0.0,0.0,0.0,0.0,17,31.700000000000003,2.689847715736041,0.6392953120334428,0.5882352941176471,29.7741273100616,0.5794117647058824,1.0,0.7647058823529411,0.0,0.4117647058823529,0.0,7.0,10.0,23.0,17.0,172.0,1.0,0.0,0.0,0.0,0.0,0.0,0.0,0.0,,12
00-0033288,2024,veteran,TE,11.391663675993886,6.0778799856699575,69.2371646598067,48.34965261177937,642.1219167924879,4.432900205617859,1.1458127421427768,3.8035696236919088,0.09771269567930185,0.2314304034312627,0.6983193614201699,13.28079690558208,0.0640248662318668,0.12370879727047147,0.015108220723197228,0.0010017495408876133,1.6902338538136832,115.4881915484281,117.17842540224179,veteran,George Kittle,TE,15.0,203.1,94.0,78.0,1106.0,8.0,0.0,0.0,0.0,0.0,0.0,0.0,0.0,0.0,0.0,0.0,5.5,0.0,0.0,5.5,4.0,1.0,0.0,0.0,0.0,0.0,0.0,0.0,0.0,17,173.70000000000002,11.185714285714287,0.9079449961802902,0.9411764705882353,30.89664613278576,0.9058823529411766,1.0,0.9411764705882353,0.0,0.058823529411764705,0.0,1.0,16.0,90.0,65.0,1020.0,6.0,1.0,2.0,0.0,0.0,0.0,0.0,0.0,7.0,12
00-0033357,2024,veteran,TE,10.364411371205259,3.217742350946878,33.35000541176257,23.486292511589347,231.0089182871668,1.8502779506651996,94.75381134316065,506.532944646138,8.979557961658308,0.2219539984879133,0.7042365427414808,9.835903992644862,0.05548058921791375,0.007642952848572405,0.00034549078586847083,6.138102988875908e-05,0.08585827684619289,150.03244002609034,150.11829830293652,veteran,Taysom Hill,TE,8.0,91.84,31.0,23.0,187.0,0.0,39.0,278.0,6.0,4.0,2.0,21.0,0.0,1.0,0.0,1.0,0.0,1.0,0.0,1.0,0.0,0.0,0.0,1.0,0.0,0.0,0.0,0.0,0.0,17,127.02,8.484350649350649,0.9136745607333843,0.9411764705882353,34.026009582477755,0.9058823529411765,1.0,0.9411764705882353,0.0,0.058823529411764705,0.0,1.0,16.0,40.0,33.0,291.0,2.0,81.0,401.0,4.0,11.0,83.0,1.0,0.0,,12
00-0033439,2024,veteran,TE,7.4526347146392755,1.9202911680514436,14.311228621235392,9.775363982904265,108.89267222033831,0.7395413639186814,0.0,0.0,0.0,0.1818718497654185,0.6830555392287783,11.139500525072648,0.05167560266777722,0.002114717719359855,6.422942317900324e-05,1.777568053224176e-05,0.01674318763791354,19.850453697467216,19.86719688510513,veteran,Pharaoh Brown,TE,10.0,8.5,12.0,8.0,65.0,0.0,0.0,0.0,0.0,0.0,0.0,0.0,0.0,0.0,0.0,1.0,0.0,0.0,0.0,0.0,0.0,0.0,0.0,0.0,0.0,0.0,0.0,0.0,0.0,17,31.299999999999997,2.5495192307692305,0.628393665158371,0.6470588235294118,30.32991101984942,0.611764705882353,1.0,0.7647058823529411,0.0,0.35294117647058826,0.0,6.0,11.0,15.0,13.0,208.0,1.0,0.0,0.0,0.0,0.0,0.0,0.0,0.0,,12
00-0033576,2024,veteran,TE,3.4384564709947494,1.4381693041729662,4.945082550319552,3.3253461349905518,33.66628072409197,0.2650832126565583,0.0,0.0,0.0,0.058084033438591,0.6724551311637189,10.124143279354474,0.053605417090444446,0.0006434055071916314,1.3583893369068658e-05,5.661285650219926e-06,0.0023213154373172853,6.50363234896664,6.5059536644039575,veteran,Eric Saubert,TE,12.0,21.2,14.0,11.0,97.0,1.0,0.0,0.0,0.0,0.0,0.0,0.0,0.0,0.0,0.0,0.0,0.0,0.0,0.0,0.0,0.0,0.0,0.0,0.0,0.0,0.0,0.0,0.0,0.0,17,2.7,1.6571428571428568,0.6302521008403361,0.17647058823529413,30.316221765913756,0.4323529411764706,1.0,0.8235294117647058,0.0,0.8235294117647058,0.0,14.0,3.0,3.0,3.0,12.0,0.0,0.0,0.0,0.0,0.0,0.0,0.0,0.0,,12
00-0033757,2024,veteran,TE,9.024471006168552,2.618578319027991,23.631284117449688,16.27268279536184,162.96258576927883,1.1753809737896166,0.0,0.0,0.0,0.14271284172306914,0.6886076403840387,10.014487950058712,0.049738345489304066,0.004017274825330496,0.00014865968536261775,3.2980568237370155e-05,0.03886140707916774,31.199460133900363,31.23832154097953,veteran,,,0.0,0.0,0.0,0.0,0.0,0.0,0.0,0.0,0.0,0.0,0.0,0.0,0.0,0.0,0.0,0.0,0.0,0.0,0.0,0.0,0.0,0.0,0.0,0.0,0.0,0.0,0.0,0.0,0.0,17,16.7,3.1817829457364346,0.8002735978112175,0.7058823529411765,30.340862422997947,0.7588235294117647,1.0,1.0,0.0,0.29411764705882354,0.0,5.0,12.0,17.0,11.0,112.0,0.0,0.0,0.0,0.0,0.0,0.0,0.0,0.0,,12
00-0033858,2024,veteran,TE,12.61208432203754,3.6368753124451203,45.868578109294475,31.398427009265856,337.0133051995538,2.2335384197160506,2.9321685915543068,9.177635624147717,0.2517639405442591,0.2702372446703505,0.684530201360297,10.733445503499244,0.048694302543977545,0.013332170422868689,0.000718859012746466,0.00010531327728050353,0.18440236316220107,64.68964725922424,64.87404962238645,veteran,Jonnu Smith,TE,17.0,180.3,111.0,88.0,884.0,8.0,2.0,-1.0,0.0,0.0,0.0,0.0,0.0,0.0,0.0,1.0,2.0,0.0,0.0,2.0,2.0,0.0,0.0,0.0,0.0,0.0,0.0,0.0,0.0,17,100.2,4.864495114006514,0.9218241042345278,1.0,29.02943189596167,0.9029411764705884,1.0,1.0,0.0,0.0,0.0,0.0,17.0,70.0,50.0,582.0,3.0,1.0,0.0,0.0,1.0,0.0,0.0,0.0,,12
00-0033879,2024,veteran,TE,1.761931146932299,1.923635703074341,3.3893136605976926,2.206860691443198,24.0757762231754,0.1878667461629207,0.0,0.0,0.0,0.030719845221237985,0.6511231808076525,10.909513371879768,0.05542914140610731,0.0017288194691343717,4.93642371904984e-05,1.4642963272695e-05,0.003228125236813645,4.5767687545741875,4.579996879811001,veteran,,,0.0,0.0,0.0,0.0,0.0,0.0,0.0,0.0,0.0,0.0,0.0,0.0,0.0,0.0,0.0,0.0,0.0,0.0,0.0,0.0,0.0,0.0,0.0,0.0,0.0,0.0,0.0,0.0,0.0,17,0.0,2.7968750000000004,0.6286764705882353,0.0,29.78781656399726,0.2823529411764706,0.0,0.6470588235294118,0.0,1.0,0.0,17.0,0.0,0.0,0.0,0.0,0.0,0.0,0.0,0.0,0.0,0.0,0.0,0.0,,12
00-0033881,2024,veteran,TE,12.730575904403901,6.2270314212134075,79.27369616686538,58.05237446982173,524.7227891402172,3.5957582738171934,0.8759146195041775,2.9505057902615492,0.07458913631593832,0.3654029582488288,0.7323031128462295,9.038782546491564,0.04535878163481091,0.04987414341443077,0.004204306475493197,0.0003876003182386042,0.7250801830158167,103.08479527225987,103.80987545527569,veteran,Evan Engram,TE,9.0,67.0,64.0,47.0,365.0,1.0,0.0,0.0,0.0,0.0,0.0,0.0,0.0,0.0,0.0,1.0,1.0,0.0,0.0,1.0,1.0,0.0,0.0,0.0,0.0,0.0,0.0,0.0,0.0,17,173.3,9.006586826347307,0.9841493483620993,1.0,29.998631074606433,0.9823529411764707,1.0,1.0,0.0,0.0,0.0,0.0,17.0,143.0,114.0,963.0,4.0,0.0,0.0,0.0,0.0,0.0,0.0,0.0,9.4,12
00-0033885,2024,veteran,TE,12.541196541711242,5.795899790479105,72.68751840846146,49.01383987761574,528.824239496,3.8530152410698437,0.9268266816591713,2.5155393329322915,0.07892458940650778,0.38637985000147385,0.6743088903130046,10.789284022970627,0.05300793486191323,0.05338621082935763,0.004614795361566891,0.00041524074005318127,0.766754777538254,100.45977710455624,101.22653188209449,veteran,David Njoku,TE,11.0,116.5,97.0,64.0,505.0,5.0,0.0,0.0,0.0,0.0,0.0,0.0,0.0,0.0,0.0,0.0,0.0,0.0,0.0,0.0,0.0,0.0,0.0,0.0,0.0,0.0,0.0,0.0,0.0,17,162.7,8.981967213114753,0.9000964320154291,0.9411764705882353,28.145106091718002,0.8970588235294118,1.0,0.9411764705882353,0.0,0.058823529411764705,0.0,1.0,16.0,123.0,81.0,882.0,6.0,0.0,0.0,0.0,0.0,0.0,0.0,0.0,9.0,12
00-0033895,2024,veteran,TE,11.094881620858922,4.246419723638571,47.113524146250406,32.560247803162525,300.8015507762575,2.4442674736340284,2.881841112947156,9.067555111580413,0.2477222754087873,0.2080333005730802,0.6911019371441751,9.238306556961803,0.051880378679516774,0.013938708870559714,0.0007623769592820168,0.00010997502560963636,0.1697763678178124,63.002906383475775,63.172682751293586,veteran,Gerald Everett,TE,10.0,7.6000000000000005,13.0,8.0,36.0,0.0,0.0,0.0,0.0,0.0,0.0,0.0,0.0,0.0,0.0,0.0,0.0,0.0,0.0,0.0,0.0,0.0,0.0,0.0,0.0,0.0,0.0,0.0,0.0,17,85.60000000000001,6.286666666666667,0.8823529411764706,0.8823529411764706,30.187542778918548,0.8823529411764706,1.0,0.8823529411764706,0.058823529411764705,0.058823529411764705,1.0,2.0,15.0,70.0,51.0,411.0,3.0,3.0,10.0,0.0,0.0,0.0,0.0,0.0,,12
00-0034159,2024,veteran,TE,10.61082157000067,2.2844295597848987,24.23967444811274,17.265033342892018,179.89685584719658,1.3287016198203065,0.0,0.0,0.0,0.16645239787574695,0.7122634167323251,10.419722468781664,0.05481515944714996,0.003316215121653611,0.00011566319027561629,2.7414273157711123e-05,0.0376104650768474,34.261507179336014,34.29911764441286,veteran,Will Dissly,TE,15.0,85.1,64.0,50.0,481.0,2.0,0.0,0.0,0.0,0.0,0.0,0.0,0.0,0.0,0.0,0.0,0.0,0.0,0.0,0.0,0.0,0.0,0.0,0.0,0.0,0.0,0.0,0.0,0.0,17,31.7,3.260661764705882,0.8036332179930795,0.7647058823529411,28.150581793292265,0.8,1.0,0.8823529411764706,0.058823529411764705,0.17647058823529413,1.0,4.0,13.0,22.0,17.0,172.0,1.0,0.0,0.0,0.0,0.0,0.0,0.0,0.0,,12
00-0034270,2024,veteran,TE,13.2564001193393,4.703588068491923,62.35264543247924,42.52100869069357,423.36195842835184,2.5809479503087127,1.4240613520976309,4.110408520375227,0.12154561041428205,0.2001255640016053,0.6819439399205434,9.956536109196573,0.041392757795715066,0.023021546515827194,0.0014834332374304455,0.00017964100644767242,0.3394430949169664,79.82245127655425,80.16189437147122,veteran,Tyler Conklin,TE,16.0,96.4,72.0,51.0,449.0,4.0,1.0,0.0,0.0,0.0,0.0,0.0,0.0,0.0,0.0,0.0,0.0,0.0,0.0,0.0,0.0,0.0,0.0,0.0,0.0,0.0,0.0,0.0,0.0,17,92.6,5.7558823529411764,1.0,1.0,29.09240246406571,1.0,1.0,1.0,0.0,0.0,0.0,0.0,17.0,87.0,61.0,621.0,0.0,1.0,0.0,0.0,0.0,0.0,0.0,0.0,,12
00-0034351,2024,veteran,TE,10.293022263707845,5.2429375190053165,53.9656726103509,38.06097161077102,422.9956494809507,2.695277321300945,0.5870807191369942,1.8391034614308122,0.04993573411723153,0.19617462513255268,0.7052811494740959,11.113632458117426,0.0499442921940711,0.0494330452237865,0.004153578656180704,0.00038413753518796995,0.580852623828537,77.59289018186762,78.17374280569615,veteran,Dallas Goedert,TE,10.0,85.1,52.0,42.0,496.0,2.0,0.0,0.0,0.0,0.0,0.0,0.0,0.0,0.0,0.0,0.0,2.5,0.0,0.0,2.5,1.0,1.0,0.0,0.0,0.0,0.0,0.0,0.0,0.0,17,107.8,8.453874538745389,0.80204037334491,0.8235294117647058,29.661875427789184,0.7970588235294117,1.0,0.8823529411764706,0.17647058823529413,0.0,3.0,3.0,14.0,83.0,59.0,592.0,3.0,1.0,1.0,0.0,0.0,0.0,0.0,0.0,10.8,12
00-0034364,2024,veteran,TE,8.802587825979113,2.531207659566192,22.281177729122447,14.996899108403639,161.04628157938436,1.1725711226252473,0.06530152836674917,0.21684572194026444,0.005541572144908089,0.19759320607604308,0.6730747939235749,10.738638728931683,0.052626083633480786,0.004180346026783413,0.00015660931525770527,3.427063767551461e-05,0.03946905451760948,30.29825204080313,30.33772109532074,veteran,Jordan Akins,TE,16.0,71.0,58.0,40.0,390.0,2.0,0.0,0.0,0.0,0.0,0.0,0.0,0.0,0.0,0.0,0.0,0.0,0.0,0.0,0.0,0.0,0.0,0.0,0.0,0.0,0.0,0.0,0.0,0.0,17,20.7,3.3635687732342014,0.7961950579488302,0.7647058823529411,32.369609856262834,0.7911764705882353,1.0,0.8823529411764706,0.0,0.23529411764705882,0.0,4.0,13.0,23.0,15.0,132.0,0.0,0.0,0.0,0.0,0.0,0.0,0.0,0.0,,12
00-0034365,2024,veteran,TE,7.260975675248398,1.7537686201959453,12.734071291256704,8.451018862043219,88.33165297268081,0.6245526075778117,0.0,0.0,0.0,0.1182333671488458,0.6636541188398829,10.452189779082413,0.04904579166339626,0.001221422472209956,3.1359607982106496e-05,1.0483603711135246e-05,0.00936251326910435,16.56952363945887,16.57888615272797,veteran,Ian Thomas,TE,3.0,2.2,6.0,3.0,7.0,0.0,0.0,0.0,0.0,0.0,0.0,0.0,0.0,0.0,0.0,0.0,0.0,0.0,0.0,0.0,0.0,0.0,0.0,0.0,0.0,0.0,0.0,0.0,0.0,17,8.1,1.7004807692307693,0.6521493212669685,0.47058823529411764,28.238193018480494,0.6117647058823529,1.0,0.8235294117647058,0.058823529411764705,0.47058823529411764,1.0,9.0,8.0,9.0,5.0,56.0,0.0,0.0,0.0,0.0,0.0,0.0,0.0,0.0,,12
00-0034383,2024,veteran,TE,12.161083577591175,5.413405013051253,65.83287080306734,44.34645720427974,460.41254921580486,3.6920285736621845,0.0,0.0,0.0,0.3008639031476982,0.6736218041734482,10.382172066078187,0.05608184070700077,0.03862391568376902,0.002970227622061738,0.0002998403760812529,0.5311832140056146,89.76492715939807,90.29611037340368,veteran,Dalton Schultz,TE,17.0,91.7,85.0,53.0,532.0,2.0,0.0,0.0,0.0,0.0,0.0,0.0,0.0,0.0,0.0,0.0,0.0,0.0,0.0,0.0,0.0,0.0,0.0,0.0,0.0,0.0,0.0,0.0,0.0,17,122.0,8.289542483660131,0.9019607843137255,0.8823529411764706,28.142368240930868,0.9,1.0,1.0,0.11764705882352941,0.0,2.0,2.0,15.0,88.0,59.0,635.0,5.0,0.0,0.0,0.0,0.0,0.0,0.0,0.0,18.2,12
00-0034613,2024,veteran,TE,7.540552658366125,3.2136800439918236,24.23292359886071,16.919970075450863,170.10451589200215,1.1746973185860918,0.0,0.0,0.0,0.12576169980490035,0.6982224000510752,10.053476166533315,0.04847526192181447,0.007930198099694225,0.0003626500809023271,6.361246837359775e-05,0.06485929574442591,32.2670971388324,32.331956434576824,veteran,Tanner Hudson,TE,9.0,29.0,23.0,19.0,154.0,1.0,1.0,1.0,0.0,0.0,0.0,0.0,0.0,0.0,0.0,1.0,0.0,0.0,0.0,0.0,0.0,0.0,0.0,0.0,0.0,0.0,0.0,0.0,0.0,17,60.699999999999996,4.624404761904762,0.6302521008403361,0.7058823529411765,29.804243668720055,0.4941176470588236,1.0,0.7058823529411765,0.0,0.29411764705882354,0.0,5.0,12.0,50.0,39.0,352.0,1.0,0.0,0.0,0.0,0.0,0.0,0.0,0.0,,12
00-0034753,2024,veteran,TE,8.65153659519669,6.676121503277766,57.758709499587134,39.48963169641571,455.8297508675508,3.3934867289735497,1.7486463762439721,4.978705688057224,0.14963330307677222,0.13737061758912736,0.6837000348267473,11.543023606090618,0.058752814222724395,0.10232439157828487,0.011472970372569823,0.0008158802306183654,1.048268688216595,86.80964046089233,87.85790914910892,veteran,Mark Andrews,TE,17.0,161.3,69.0,55.0,673.0,11.0,4.0,5.0,0.0,0.0,0.0,0.0,0.0,0.0,0.0,0.0,0.0,0.0,0.0,0.0,0.0,0.0,0.0,0.0,0.0,0.0,0.0,0.0,0.0,17,112.9,11.7199203187251,0.7773611436606516,0.5882352941176471,28.98836413415469,0.7382352941176471,1.0,1.0,0.058823529411764705,0.35294117647058826,1.0,7.0,10.0,61.0,45.0,544.0,6.0,1.0,0.0,0.0,0.0,0.0,0.0,0.0,6.1,12
00-0034798,2024,veteran,TE,10.115131307394845,2.6069881024434842,26.37002697303197,18.827994997406027,194.1136406380592,1.2236675971107525,1.0229816274125871,3.055441211376463,0.08545063790776698,0.15895001668972591,0.7139922540337555,10.309841311557744,0.04640372944487958,0.0048357253438386545,0.00018952098996714994,3.944019380810841e-05,0.05258742684627908,36.667715060378235,36.720302487224515,veteran,Durham Smythe,TE,14.0,9.8,17.0,9.0,53.0,0.0,0.0,0.0,0.0,0.0,0.0,0.0,0.0,0.0,0.0,0.0,0.0,0.0,0.0,0.0,0.0,0.0,0.0,0.0,0.0,0.0,0.0,0.0,0.0,17,54.1,3.5282527881040906,0.7961950579488302,0.7647058823529411,29.065023956194388,0.7911764705882351,1.0,0.9411764705882353,0.0,0.23529411764705882,0.0,4.0,13.0,43.0,35.0,366.0,0.0,0.0,0.0,0.0,0.0,0.0,0.0,0.0,,12
00-0034829,2024,veteran,TE,12.06261617792118,3.534685580796234,42.63755547077737,28.009646012946074,282.1394023287423,2.2731883594325506,0.0,0.0,0.0,0.18435286454014196,0.6569242937049505,10.07293709454012,0.053314228133705566,0.008860240522026382,0.0004195655435343495,7.082464976439988e-05,0.11617792896305916,55.489187666862286,55.60536559582535,veteran,Mike Gesicki,TE,16.0,110.0,83.0,65.0,665.0,2.0,0.0,0.0,0.0,0.0,0.0,0.0,0.0,0.0,0.0,1.0,1.0,0.0,0.0,1.0,1.0,0.0,0.0,0.0,0.0,0.0,0.0,0.0,0.0,17,50.9,4.533333333333333,0.9389567147613761,0.8823529411764706,28.914442162902123,0.9352941176470589,1.0,1.0,0.0,0.11764705882352941,0.0,2.0,15.0,45.0,29.0,244.0,2.0,0.0,0.0,0.0,0.0,0.0,0.0,0.0,,12
00-0034830,2024,veteran,TE,6.492782620163892,3.223209864335807,20.927600988300345,14.175780275161223,136.04538570141494,1.0657074979720067,0.0,0.0,0.0,0.11667892658455872,0.6773724462295629,9.597029797350444,0.05092353865919914,0.006325600469569064,0.00026951138901527437,5.111868436715339e-05,0.04435937209556987,26.85331584238503,26.8976752144806,veteran,Hayden Hurst,TE,7.0,11.3,13.0,8.0,73.0,0.0,0.0,0.0,0.0,0.0,0.0,0.0,0.0,0.0,0.0,0.0,0.0,0.0,0.0,0.0,0.0,0.0,0.0,0.0,0.0,0.0,0.0,0.0,0.0,17,33.4,4.681220657276996,0.6454018227009115,0.5294117647058824,31.02258726899384,0.626470588235294,1.0,0.7647058823529411,0.29411764705882354,0.17647058823529413,5.0,8.0,9.0,32.0,18.0,184.0,1.0,0.0,0.0,0.0,0.0,0.0,0.0,0.0,,12
00-0034970,2024,veteran,TE,8.24277067500375,2.583754865687113,21.29729883828399,14.39626974217019,131.97253913100113,1.1328063444593959,0.0,0.0,0.0,0.19239627523366498,0.675966931369319,9.167134368455276,0.05319014176685472,0.0027876939255735643,9.216837520473558e-05,2.3192407957113336e-05,0.02450024531143761,26.807434300474252,26.83193454578569,veteran,,,0.0,0.0,0.0,0.0,0.0,0.0,0.0,0.0,0.0,0.0,0.0,0.0,0.0,0.0,0.0,0.0,0.0,0.0,0.0,0.0,0.0,0.0,0.0,0.0,0.0,0.0,0.0,0.0,0.0,17,24.5,3.327215189873418,0.5524944154877142,0.5882352941176471,26.064339493497606,0.4647058823529412,1.0,0.5882352941176471,0.11764705882352941,0.29411764705882354,2.0,7.0,10.0,26.0,18.0,115.0,1.0,0.0,0.0,0.0,0.0,0.0,0.0,0.0,,12
00-0034981,2024,veteran,TE,11.025267991516031,2.8026065102728133,30.899487850525293,21.115588203413257,227.52463523600164,1.6193717155462288,0.0,0.0,0.0,0.21001140881774827,0.6833636953971162,10.77519759545335,0.05240772026319198,0.006037666202368346,0.0002535334841203536,4.8868434228582474e-05,0.07183737500269617,42.60646510094867,42.67830247595136,veteran,Foster Moreau,TE,16.0,87.3,43.0,32.0,413.0,5.0,0.0,0.0,0.0,0.0,0.0,0.0,0.0,0.0,0.0,0.0,0.0,0.0,0.0,0.0,0.0,0.0,0.0,0.0,0.0,0.0,0.0,0.0,0.0,17,35.8,3.7386029411764707,0.8023356401384083,0.7647058823529411,27.32375085557837,0.7999999999999999,1.0,0.8823529411764706,0.058823529411764705,0.17647058823529413,1.0,4.0,13.0,25.0,21.0,193.0,1.0,0.0,0.0,0.0,0.0,0.0,0.0,0.0,,12
00-0035222,2024,veteran,TE,3.23399999479357,2.06781766894737,6.687322330609847,4.588971309475217,45.777573495891005,0.34202848640065553,0.0,0.0,0.0,0.05575429736863024,0.6862195483639455,9.975563238185948,0.05114580537490922,0.0019221201788185555,5.6695173346100723e-05,1.6215000956374055e-05,0.006596043559767973,8.81290532799338,8.819501371553148,veteran,,,0.0,0.0,0.0,0.0,0.0,0.0,0.0,0.0,0.0,0.0,0.0,0.0,0.0,0.0,0.0,0.0,0.0,0.0,0.0,0.0,0.0,0.0,0.0,0.0,0.0,0.0,0.0,0.0,0.0,17,0.0,1.8842105263157898,0.7616099071207431,0.0,27.975359342915812,0.3352941176470588,0.0,0.8235294117647058,0.0,1.0,0.0,17.0,0.0,0.0,0.0,0.0,0.0,0.0,0.0,0.0,0.0,0.0,0.0,0.0,,12
00-0035229,2024,veteran,TE,12.615193500771365,6.982596528002853,88.0868063385703,61.83510185353635,623.7685300575189,4.346951217068691,0.0,0.0,0.0,0.312613614946347,0.7019791546973227,10.087612235765171,0.04934849380690176,0.08528550498883773,0.008851571290488174,0.0006727825330435164,1.260364138844827,118.75088400503952,120.01124814388434,veteran,T.J. Hockenson,TE,10.0,67.0,62.0,41.0,455.0,0.0,0.0,0.0,0.0,0.0,0.0,0.0,0.0,0.0,0.0,0.0,1.0,0.0,0.0,1.0,1.0,0.0,0.0,0.0,0.0,0.0,0.0,0.0,0.0,17,172.5,10.882178217821783,0.900990099009901,0.8823529411764706,27.16495550992471,0.8911764705882353,1.0,1.0,0.0,0.11764705882352941,0.0,2.0,15.0,127.0,95.0,960.0,5.0,0.0,0.0,0.0,0.0,0.0,0.0,0.0,10.0,12
00-0035249,2024,veteran,TE,10.430953892559605,2.2133660248271863,23.087518952330317,15.655777780569858,160.45386886773667,1.291686143511686,0.0,0.0,0.0,0.23102445079104653,0.6781056818142712,10.248859629757487,0.055947377722945446,0.0024697748789176176,7.867370228797486e-05,2.0639963644942576e-05,0.027423659546924894,31.161343736546616,31.188767396093542,veteran,Josh Oliver,TE,12.0,54.8,28.0,22.0,258.0,3.0,0.0,0.0,0.0,0.0,0.0,0.0,0.0,0.0,0.0,0.0,0.0,0.0,0.0,0.0,0.0,0.0,0.0,0.0,0.0,0.0,0.0,0.0,0.0,17,42.3,2.830645161290323,0.7319734345351043,0.7647058823529411,27.449691991786448,0.7294117647058823,1.0,0.7647058823529411,0.0,0.23529411764705882,0.0,4.0,13.0,28.0,22.0,213.0,2.0,0.0,0.0,0.0,0.0,0.0,0.0,0.0,,12
00-0035329,2024,veteran,TE,10.809524523975593,2.9020311899947426,31.369577317590245,21.208052420700454,225.24911153558335,1.9033256225300414,0.0,0.0,0.0,0.17385086936232416,0.6760707103569484,10.620923933388877,0.0606742514653765,0.0062197013178166664,0.0002636074305621275,5.029140059046876e-05,0.07259347266084334,44.20118936036417,44.27378283302501,veteran,,,0.0,0.0,0.0,0.0,0.0,0.0,0.0,0.0,0.0,0.0,0.0,0.0,0.0,0.0,0.0,0.0,0.0,0.0,0.0,0.0,0.0,0.0,0.0,0.0,0.0,0.0,0.0,0.0,0.0,17,66.0,4.4410480349344965,0.7395324942203956,0.8235294117647058,27.044490075290895,0.6735294117647059,1.0,0.8235294117647058,0.0,0.17647058823529413,0.0,3.0,14.0,41.0,27.0,285.0,4.0,0.0,0.0,0.0,0.0,0.0,0.0,0.0,,12
00-0035631,2024,veteran,TE,9.702946282604131,2.0552956656507497,19.942423438678325,13.892148584402461,131.3302022411111,1.0971036328925192,0.0,0.0,0.0,0.15912781669441065,0.696612857866544,9.453555829986104,0.05501355621427068,0.0016801877950879199,4.755825572377503e-05,1.4246486307592264e-05,0.017271420504015218,26.343460680278632,26.36073210078265,veteran,Drew Sample,TE,11.0,26.5,22.0,20.0,109.0,1.0,1.0,-4.0,0.0,0.0,0.0,0.0,0.0,0.0,0.0,0.0,0.0,0.0,0.0,0.0,0.0,0.0,0.0,0.0,0.0,0.0,0.0,0.0,0.0,17,39.3,2.4382653061224495,0.7442977190876352,0.8235294117647058,28.37782340862423,0.5764705882352941,1.0,0.8235294117647058,0.0,0.17647058823529413,0.0,3.0,14.0,27.0,22.0,163.0,2.0,0.0,0.0,0.0,0.0,0.0,0.0,0.0,,12
00-0035644,2024,veteran,TE,13.064508564440299,3.794783439813467,49.57698074963926,35.22881533742909,379.8805633435327,2.420393839383588,0.0,0.0,0.0,0.20000131118020512,0.7105881561310171,10.783234114032954,0.04882092057211854,0.017276055042639647,0.001012857416314629,0.00013558983589625408,0.24909472479394204,69.72482441700893,69.97391914180288,veteran,Noah Fant,TE,14.0,80.0,64.0,48.0,500.0,1.0,0.0,0.0,0.0,0.0,0.0,0.0,0.0,0.0,0.0,0.0,0.0,0.0,0.0,0.0,0.0,0.0,0.0,0.0,0.0,0.0,0.0,0.0,0.0,17,57.4,5.053968253968254,0.9294117647058824,0.8823529411764706,26.781656399726216,0.9264705882352942,1.0,1.0,0.0,0.11764705882352941,0.0,2.0,15.0,43.0,32.0,414.0,0.0,0.0,0.0,0.0,0.0,0.0,0.0,0.0,,12
00-0035689,2024,veteran,TE,9.06558244660096,3.923418595292448,35.56807474815101,23.955556313551032,246.51458061497326,2.1708560258086607,0.0,0.0,0.0,0.1444472245867298,0.6735128758915001,10.290497009895212,0.061033835572489384,0.014066267285814947,0.000771610811295713,0.00011095509266178564,0.14002330301600757,49.365477923951346,49.505501226967354,veteran,Dawson Knox,TE,14.0,48.1,33.0,22.0,311.0,1.0,0.0,0.0,0.0,0.0,0.0,0.0,0.0,0.0,0.0,0.0,0.0,0.0,0.0,0.0,0.0,0.0,0.0,0.0,0.0,0.0,0.0,0.0,0.0,17,43.6,6.414693877551021,0.7503001200480193,0.5882352941176471,27.797399041752225,0.7205882352941176,1.0,0.8823529411764706,0.058823529411764705,0.35294117647058826,1.0,7.0,10.0,36.0,22.0,186.0,2.0,0.0,0.0,0.0,0.0,0.0,0.0,0.0,,12
00-0035771,2024,veteran,TE,8.86959448262507,1.6529121564861917,14.660660543433833,10.144784651639855,98.78775479133216,0.765016279624945,0.0,0.0,0.0,0.14528764198638455,0.6919732314642171,9.737787265436296,0.052181569674742787,0.0009400148871031273,2.2279346762522344e-05,8.150177531833864e-06,0.0087785415522549,19.250690198730045,19.259468740282298,veteran,,,0.0,0.0,0.0,0.0,0.0,0.0,0.0,0.0,0.0,0.0,0.0,0.0,0.0,0.0,0.0,0.0,0.0,0.0,0.0,0.0,0.0,0.0,0.0,0.0,0.0,0.0,0.0,0.0,0.0,17,10.1,1.4686868686868684,0.6292335115864528,0.7058823529411765,27.81656399726215,0.5823529411764706,1.0,0.7058823529411765,0.0,0.29411764705882354,0.0,5.0,12.0,12.0,9.0,56.0,0.0,0.0,0.0,0.0,0.0,0.0,0.0,0.0,,12
00-0036040,2024,veteran,TE,10.846622621783524,4.083716237526944,44.29452892290445,28.977740197529766,308.5384093916501,2.7650427198100194,0.0,0.0,0.0,0.16956760318308078,0.6542058557156376,10.647428242798302,0.062424023622028674,0.016150996891981063,0.0009264036573063086,0.00012695991270295824,0.1930104670746467,61.59383215042384,61.78684261749849,veteran,Juwan Johnson,TE,15.0,97.8,66.0,50.0,548.0,3.0,0.0,0.0,0.0,0.0,0.0,0.0,0.0,0.0,0.0,0.0,0.0,0.0,0.0,0.0,0.0,0.0,0.0,0.0,0.0,0.0,0.0,0.0,0.0,17,79.3,6.0946043165467625,0.825645366060093,0.7647058823529411,27.967145790554415,0.8176470588235294,1.0,0.9411764705882353,0.17647058823529413,0.058823529411764705,3.0,4.0,13.0,59.0,37.0,368.0,4.0,0.0,0.0,0.0,0.0,0.0,0.0,0.0,,12
00-0036145,2024,veteran,TE,4.118866684011992,1.798709341854579,7.408643982385962,5.00166902860258,51.98185025715874,0.41843939498440863,0.0,0.0,0.0,0.07204025583064297,0.6751126171663855,10.392900841678042,0.05647988970441117,0.0013627878220552122,3.618036651102715e-05,1.1647905531291338e-05,0.0059326268570596054,10.065575398262329,10.071508025119389,veteran,,,0.0,0.0,0.0,0.0,0.0,0.0,0.0,0.0,0.0,0.0,0.0,0.0,0.0,0.0,0.0,0.0,0.0,0.0,0.0,0.0,0.0,0.0,0.0,0.0,0.0,0.0,0.0,0.0,0.0,17,11.6,3.0043956043956044,0.31738849385908213,0.29411764705882354,27.033538672142367,0.2676470588235294,1.0,0.35294117647058826,0.058823529411764705,0.6470588235294118,1.0,12.0,5.0,5.0,4.0,36.0,1.0,0.0,0.0,0.0,0.0,0.0,0.0,0.0,,12
00-0036232,2024,veteran,TE,12.182070856906929,2.456080750641,29.92014973459382,20.334511134605176,191.39773265760113,1.7556648255963012,4.286617934888987,11.515709133035148,0.3698245491041171,0.2645304372825206,0.6796259816539059,9.412458032093102,0.058678343563447914,0.0026329480042595016,8.553670618040292e-05,2.195134470189158e-05,0.03417260614690075,42.68247512000369,42.71664772615059,veteran,Harrison Bryant,TE,6.0,13.1,12.0,9.0,86.0,0.0,0.0,0.0,0.0,0.0,0.0,0.0,0.0,0.0,0.0,0.0,0.0,0.0,0.0,0.0,0.0,0.0,0.0,0.0,0.0,0.0,0.0,0.0,0.0,17,31.4,2.7491166077738516,0.8328829765121596,0.8235294117647058,26.360027378507873,0.8323529411764705,1.0,0.8823529411764706,0.0,0.17647058823529413,0.0,3.0,14.0,20.0,13.0,81.0,3.0,5.0,8.0,0.0,0.0,0.0,0.0,0.0,,12
00-0036244,2024,veteran,TE,12.72360871552519,2.7891759543197123,35.488383481515584,24.400685925889064,259.4659956093649,1.9366479863075041,0.0,0.0,0.0,0.20051576054834558,0.6875682556405637,10.633553351632305,0.0545713215513528,0.0058218570849426455,0.0002417149213370896,4.7179907064349585e-05,0.0798888580196572,49.36579892062936,49.44568777864902,veteran,Colby Parkinson,TE,16.0,50.4,49.0,30.0,294.0,1.0,0.0,0.0,0.0,0.0,0.0,0.0,0.0,0.0,0.0,0.0,0.0,0.0,0.0,0.0,0.0,0.0,0.0,0.0,0.0,0.0,0.0,0.0,0.0,17,49.2,3.404545454545455,0.8302139037433155,0.8823529411764706,25.648186173853524,0.7764705882352941,1.0,0.8823529411764706,0.0,0.11764705882352941,0.0,2.0,15.0,34.0,25.0,247.0,2.0,0.0,0.0,0.0,0.0,0.0,0.0,0.0,,12
00-0036290,2024,veteran,TE,14.50180240449708,5.789329979867018,83.95571942246256,60.437646854890964,610.5621970187633,4.811684783725218,3.453613032875719,9.14047791409058,0.2968716335684756,0.22027115864253208,0.7198752779518285,10.10234892971107,0.05731217380811151,0.05314306893359798,0.004586002627665639,0.0004133231364996086,0.882416101652421,122.39988710720797,123.2823032088604,veteran,Cole Kmet,TE,16.0,96.9,55.0,47.0,474.0,4.0,0.0,0.0,0.0,0.0,0.0,0.0,0.0,0.0,0.0,0.0,0.0,0.0,0.0,0.0,0.0,0.0,0.0,0.0,0.0,0.0,0.0,0.0,0.0,17,145.6,7.930091185410334,0.9685320936885392,0.9411764705882353,25.481177275838466,0.9676470588235294,1.0,1.0,0.0,0.058823529411764705,0.0,1.0,16.0,90.0,73.0,719.0,6.0,3.0,2.0,0.0,0.0,0.0,0.0,0.0,,12
00-0036332,2024,veteran,TE,7.65914160889284,1.70140434133919,13.031296784301906,9.131557092272761,92.33782034912348,0.6759467101920692,0.0,0.0,0.0,0.1256844532528596,0.7007404745223093,10.111946890991998,0.05187102414905825,0.0011890281240356667,3.0278153601402214e-05,1.0216113892854161e-05,0.009611285104074689,17.603871935695427,17.613483220799502,veteran,Josiah Deguara,TE,7.0,2.9,3.0,3.0,14.0,0.0,0.0,0.0,0.0,0.0,0.0,0.0,0.0,0.0,0.0,0.0,0.0,0.0,0.0,0.0,0.0,0.0,0.0,0.0,0.0,0.0,0.0,0.0,0.0,17,10.5,1.896923076923077,0.5927601809954751,0.5294117647058824,27.54551676933607,0.5735294117647058,1.0,0.8235294117647058,0.058823529411764705,0.4117647058823529,1.0,8.0,9.0,8.0,8.0,65.0,0.0,0.0,0.0,0.0,0.0,0.0,0.0,0.0,,12
00-0036422,2024,veteran,TE,12.349021191712023,2.7661022008901703,34.15865469723398,22.867127724368977,234.7195102088557,1.9350953703327036,0.0,0.0,0.0,0.21337832878992807,0.6694387682141552,10.264494650927254,0.05665022195646948,0.004696181367365741,0.0001823885405581426,3.83413938623885e-05,0.062318680525092394,46.08933044748642,46.15164912801151,veteran,Adam Trautman,TE,13.0,37.3,22.0,13.0,188.0,2.0,0.0,0.0,0.0,0.0,0.0,0.0,0.0,0.0,0.0,0.0,0.0,0.0,0.0,0.0,0.0,0.0,0.0,0.0,0.0,0.0,0.0,0.0,0.0,17,49.4,3.227758007117438,0.8463470797571697,0.9411764705882353,27.57015742642026,0.8264705882352942,1.0,0.9411764705882353,0.0,0.058823529411764705,0.0,1.0,16.0,35.0,22.0,204.0,3.0,0.0,0.0,0.0,0.0,0.0,0.0,0.0,,12
00-0036423,2024,veteran,TE,3.5059661390597237,2.6222103619941546,9.193380738643047,6.153836213720492,64.42784309465564,0.496785111762668,0.0,0.0,0.0,0.06792829208979437,0.669376847175896,10.4695414140221,0.05403726070807702,0.004237195180692053,0.00015940379276034402,3.4720000053513156e-05,0.015937213566948112,12.364556502722229,12.380493716289177,veteran,,,0.0,0.0,0.0,0.0,0.0,0.0,0.0,0.0,0.0,0.0,0.0,0.0,0.0,0.0,0.0,0.0,0.0,0.0,0.0,0.0,0.0,0.0,0.0,0.0,0.0,0.0,0.0,0.0,0.0,17,0.0,3.387640449438202,0.5386649041639127,0.058823529411764705,26.354551676933607,0.26176470588235295,1.0,0.8235294117647058,0.0,0.9411764705882353,0.0,16.0,1.0,1.0,0.0,0.0,0.0,0.0,0.0,0.0,0.0,0.0,0.0,0.0,,12
00-0036438,2024,veteran,TE,7.348093411286957,1.788046058789865,13.138729463671417,8.380175461613094,90.44875257567895,0.6557728056826297,0.0,0.0,0.0,0.12307288485052736,0.6378223621077119,10.793181239461607,0.049911432265641924,0.0012649618268226683,3.282701871625393e-05,1.08427066880155e-05,0.009816228108266257,16.923454052769163,16.93327028087743,veteran,Stephen Sullivan,TE,1.0,0.0,1.0,0.0,0.0,0.0,0.0,0.0,0.0,0.0,0.0,0.0,0.0,0.0,0.0,0.0,0.0,0.0,0.0,0.0,0.0,0.0,0.0,0.0,0.0,0.0,0.0,0.0,0.0,17,18.5,1.4726708074534163,0.5432955791012057,0.5882352941176471,27.759069130732374,0.4735294117647059,1.0,0.5882352941176471,0.11764705882352941,0.29411764705882354,2.0,7.0,10.0,24.0,12.0,125.0,0.0,0.0,0.0,0.0,0.0,0.0,0.0,0.0,,12
00-0036534,2024,veteran,TE,1.5718672676706706,2.239498254657894,3.5201940025023397,2.3595472289945203,24.06578119684159,0.20905343613261212,0.0,0.0,0.0,0.028093979793105,0.6702889747886706,10.19932167541177,0.05938690764884149,0.0024349345676696415,7.72261304431365e-05,2.0359577632608855e-05,0.0040734828931469885,4.784484391390882,4.788557874284029,veteran,Shane Zylstra,TE,2.0,2.7,1.0,1.0,22.0,0.0,0.0,0.0,0.0,0.0,0.0,0.0,0.0,0.0,0.0,0.0,0.0,0.0,0.0,0.0,0.0,0.0,0.0,0.0,0.0,0.0,0.0,0.0,0.0,17,0.0,3.9947368421052634,0.4241486068111456,0.0,27.79192334017796,0.1676470588235294,0.0,0.47058823529411764,0.0,1.0,0.0,17.0,0.0,0.0,0.0,0.0,0.0,0.0,0.0,0.0,0.0,0.0,0.0,0.0,,12
00-0036556,2024,veteran,TE,9.823755956359085,2.7751092616555084,27.26199613873556,18.371214670401134,198.28810671807253,1.5123479196485188,0.0,0.0,0.0,0.16188092508488586,0.6738763580227405,10.793412971083796,0.05547458491125232,0.0056422753023706,0.0002319854072489464,4.577348545050945e-05,0.05974612274913179,37.76474367472916,37.82448979747829,veteran,Brevin Jordan,TE,2.0,1.7000000000000002,3.0,2.0,7.0,0.0,0.0,0.0,0.0,0.0,0.0,0.0,0.0,0.0,0.0,0.0,0.0,0.0,0.0,0.0,0.0,0.0,0.0,0.0,0.0,0.0,0.0,0.0,0.0,17,42.4,3.8436170212765957,0.5563204005006258,0.5882352941176471,24.128678986995208,0.5529411764705883,1.0,0.5882352941176471,0.17647058823529413,0.23529411764705882,3.0,7.0,10.0,21.0,17.0,219.0,2.0,0.0,0.0,0.0,0.0,0.0,0.0,0.0,,12
00-0036628,2024,veteran,TE,11.806577848473644,2.3358915925519046,27.57888593305914,18.591352586856406,183.13758727023438,1.365150171769814,0.0,0.0,0.0,0.18703314125304663,0.674115431347817,9.850686571331437,0.04949983023546981,0.0025329169098839473,8.131327978100452e-05,2.1147765691954844e-05,0.03184449351596054,35.42626976856443,35.45811426208039,veteran,John Bates,TE,13.0,10.4,13.0,8.0,84.0,0.0,0.0,0.0,0.0,0.0,0.0,0.0,0.0,0.0,0.0,1.0,0.0,0.0,0.0,0.0,0.0,0.0,0.0,0.0,0.0,0.0,0.0,0.0,0.0,17,24.6,2.1023529411764708,0.7826989619377164,0.8823529411764706,26.819986310746064,0.75,1.0,0.8823529411764706,0.0,0.11764705882352941,0.0,2.0,15.0,28.0,19.0,151.0,0.0,0.0,0.0,0.0,0.0,0.0,0.0,0.0,,12
00-0036637,2024,veteran,TE,14.050021403270556,2.966699737946202,41.68219481522129,28.66136220066852,301.79183340401573,2.198795868946821,1.2217457908465073,3.692141324607617,0.10202337966161291,0.21703783280166855,0.6876164349724241,10.529570482067893,0.052751441681374134,0.006824794099346622,0.00029776084485321126,5.501345669019896e-05,0.10370970302153033,58.24991839924386,58.35362810226539,veteran,Noah Gray,TE,16.0,93.3,49.0,40.0,437.0,5.0,1.0,-4.0,0.0,0.0,0.0,0.0,0.0,0.0,0.0,0.0,0.0,0.0,0.0,0.0,0.0,0.0,0.0,0.0,0.0,0.0,0.0,0.0,0.0,17,56.6,3.3374581939799333,0.9240605941373204,0.9411764705882353,25.34154688569473,0.8794117647058823,1.0,1.0,0.0,0.058823529411764705,0.0,1.0,16.0,41.0,28.0,305.0,2.0,1.0,1.0,0.0,0.0,0.0,0.0,0.0,,12
00-0036754,2024,veteran,TE,8.93645997827195,2.27151458495962,20.299299178552666,14.178340825815745,143.89495358234473,1.219586478844505,0.0,0.0,0.0,0.14560221340724963,0.6984645480173004,10.148927533209147,0.0600802258303117,0.0028361209358835253,9.426760307669368e-05,2.3580302192267335e-05,0.02702995808390957,28.504980217394877,28.532010175478785,veteran,Brock Wright,TE,11.0,28.5,16.0,13.0,100.0,2.0,0.0,0.0,0.0,0.0,0.0,0.0,0.0,0.0,0.0,0.0,0.0,0.0,0.0,0.0,0.0,0.0,0.0,0.0,0.0,0.0,0.0,0.0,0.0,17,21.6,3.1608695652173915,0.6419437340153453,0.5294117647058824,25.763175906913073,0.6088235294117647,1.0,0.8235294117647058,0.17647058823529413,0.29411764705882354,3.0,8.0,9.0,14.0,13.0,91.0,1.0,0.0,0.0,0.0,0.0,0.0,0.0,0.0,,12
00-0036876,2024,veteran,TE,12.358574509860459,3.2438423515273236,40.08926739959139,26.695930230498853,289.7154431626311,1.8554301687733088,1.1584728248402938,3.5340169700064146,0.09870730524030022,0.193758308771433,0.6659121496136632,10.852419850560022,0.046282466333925076,0.008921830527478615,0.00042340556144094133,7.13016304063282e-05,0.11987251413073015,54.01021935505197,54.130091869182706,veteran,Kylen Granson,TE,16.0,25.2,31.0,14.0,182.0,0.0,0.0,0.0,0.0,0.0,0.0,0.0,0.0,0.0,0.0,0.0,0.0,0.0,0.0,0.0,0.0,0.0,0.0,0.0,0.0,0.0,0.0,0.0,0.0,17,58.0,3.5183150183150182,0.8164188752424046,0.8823529411764706,26.43394934976044,0.8029411764705883,1.0,0.8823529411764706,0.11764705882352941,0.0,2.0,2.0,15.0,50.0,30.0,368.0,1.0,1.0,2.0,0.0,0.0,0.0,0.0,0.0,,12
00-0036887,2024,veteran,TE,7.68658911956665,1.7158452764968448,13.188997633180477,9.13215633124119,98.31136427563695,0.6728953559347968,0.0,0.0,0.0,0.1289772477117209,0.6924071552084283,10.765405311702,0.051019446257382535,0.0014182060756966202,3.811345387085917e-05,1.2103091291147812e-05,0.011526674060165552,18.17663223336963,18.188158907429795,veteran,Luke Farrell,TE,12.0,12.700000000000001,17.0,12.0,67.0,0.0,0.0,0.0,0.0,0.0,0.0,0.0,0.0,0.0,0.0,0.0,0.0,0.0,0.0,0.0,0.0,0.0,0.0,0.0,0.0,0.0,0.0,0.0,0.0,17,22.0,1.9322784810126585,0.5167535368577811,0.5882352941176471,26.882956878850102,0.4647058823529412,1.0,0.5882352941176471,0.0,0.4117647058823529,0.0,7.0,10.0,15.0,13.0,155.0,0.0,0.0,0.0,0.0,0.0,0.0,0.0,0.0,,12
00-0036894,2024,veteran,TE,10.799014659807698,4.937664122878868,53.321907248175414,35.960478824905735,367.3057335678151,2.692658000910555,0.0,0.0,0.0,0.1889523076283565,0.6744034615554049,10.214150244112549,0.050498156196442004,0.027901183858616924,0.001917735028424628,0.0002170997814638434,0.3370586939889087,70.48885615944099,70.8259148534299,veteran,Pat Freiermuth,TE,17.0,135.8,78.0,65.0,653.0,7.0,0.0,0.0,0.0,0.0,0.0,0.0,0.0,0.0,0.0,2.0,0.0,0.0,0.0,0.0,0.0,0.0,0.0,0.0,0.0,0.0,0.0,0.0,0.0,17,61.800000000000004,6.737837837837838,0.7833295480354305,0.6470588235294118,25.853524982888434,0.7617647058823529,1.0,0.9411764705882353,0.11764705882352941,0.23529411764705882,2.0,6.0,11.0,47.0,32.0,308.0,2.0,0.0,0.0,0.0,0.0,0.0,0.0,0.0,7.7,12
00-0036970,2024,veteran,TE,15.306832396686422,5.753717095449691,88.07118323799783,54.40633605789351,661.0797264188888,4.045113929596158,0.8160112240949111,2.296141396721205,0.06940803571777941,0.236586367428856,0.6177541172674991,12.150785631207313,0.04593005090739959,0.05733084315121567,0.005089592022891008,0.0004464381001819075,1.0080790117191922,117.75471386753368,118.76279287925287,veteran,Kyle Pitts,TE,17.0,107.7,74.0,47.0,602.0,4.0,0.0,0.0,0.0,0.0,0.0,0.0,0.0,0.0,0.0,0.0,0.0,0.0,0.0,0.0,0.0,0.0,0.0,0.0,0.0,0.0,0.0,0.0,0.0,17,110.8,6.811073825503355,0.9170943545203316,1.0,23.904175222450377,0.8764705882352942,1.0,1.0,0.0,0.0,0.0,0.0,17.0,90.0,53.0,667.0,3.0,1.0,-4.0,0.0,0.0,0.0,0.0,0.0,6.0,12
00-0037005,2024,veteran,TE,14.211023174990617,2.962463390394836,42.09963589596229,28.066264145263435,273.82519510980853,2.4750157429001254,0.5863948479140969,1.9409616323060752,0.049350026075641464,0.26646215404909934,0.6666628712566901,9.756382028351297,0.05878948095932346,0.004896025547372135,0.0001926232984759427,3.9914712935971006e-05,0.07481805157819102,56.22301805259958,56.29783610417777,veteran,Tommy Tremble,TE,10.0,44.9,32.0,23.0,234.0,2.0,0.0,0.0,0.0,0.0,0.0,0.0,0.0,0.0,0.0,1.0,0.0,0.0,0.0,0.0,0.0,0.0,0.0,0.0,0.0,0.0,0.0,0.0,0.0,17,48.9,3.082,0.8823529411764706,0.8823529411764706,24.249144421629023,0.8823529411764706,1.0,0.8823529411764706,0.058823529411764705,0.058823529411764705,1.0,2.0,15.0,32.0,23.0,194.0,3.0,0.0,0.0,0.0,0.0,0.0,0.0,0.0,,12
00-0037011,2024,veteran,TE,4.402902072336566,1.6807847069806652,7.400330469516779,4.911286150336089,50.589310322512915,0.38713907499202876,0.0,0.0,0.0,0.07623843755045638,0.6636576799599035,10.300623660270944,0.05231375498522945,0.0010307962045765099,2.5128400250772217e-05,8.905474820428014e-06,0.004782871440678531,9.684931682270596,9.689714553711275,veteran,,,0.0,0.0,0.0,0.0,0.0,0.0,0.0,0.0,0.0,0.0,0.0,0.0,0.0,0.0,0.0,0.0,0.0,0.0,0.0,0.0,0.0,0.0,0.0,0.0,0.0,0.0,0.0,0.0,0.0,17,0.0,0.894392523364486,0.622869708631116,0.058823529411764705,25.637234770704996,0.3147058823529411,1.0,0.7647058823529411,0.0,0.9411764705882353,0.0,16.0,1.0,0.0,0.0,0.0,0.0,0.0,0.0,0.0,0.0,0.0,0.0,0.0,,12
00-0037078,2024,veteran,TE,7.724459104862307,1.9393130730410242,14.980144524230239,9.919121051706709,106.13375308155683,0.7649085304927528,0.0,0.0,0.0,0.13185549762028617,0.6621512252877552,10.699915096135982,0.051061492047391174,0.0017576632846864726,5.044282108030801e-05,1.4877925094791657e-05,0.014391311273451545,19.89867602172498,19.913067332998434,veteran,,,0.0,0.0,0.0,0.0,0.0,0.0,0.0,0.0,0.0,0.0,0.0,0.0,0.0,0.0,0.0,0.0,0.0,0.0,0.0,0.0,0.0,0.0,0.0,0.0,0.0,0.0,0.0,0.0,0.0,17,17.5,1.633076923076923,0.4515837104072398,0.47058823529411764,24.462696783025326,0.3823529411764706,1.0,0.47058823529411764,0.0,0.5294117647058824,0.0,9.0,8.0,15.0,11.0,120.0,0.0,0.0,0.0,0.0,0.0,0.0,0.0,0.0,,12
00-0037252,2024,veteran,TE,4.722698365629307,4.042955668879468,19.093660129728807,12.598042725346946,137.92239198069066,0.9950329738362864,0.0,0.0,0.0,0.0830727559763319,0.659802397222511,10.947922227886579,0.052113265192513886,0.017508105773559646,0.0010309336130515758,0.00013736938700382371,0.09128619361518256,25.895312891807595,25.986599085422778,veteran,Greg Dulcich,TE,4.0,5.300000000000001,12.0,5.0,28.0,0.0,0.0,0.0,0.0,0.0,0.0,0.0,0.0,0.0,0.0,0.0,0.0,0.0,0.0,0.0,0.0,0.0,0.0,0.0,0.0,0.0,0.0,0.0,0.0,17,4.0,5.629268292682926,0.4619799139167862,0.11764705882352941,24.435318275154003,0.24117647058823533,1.0,0.5882352941176471,0.29411764705882354,0.5882352941176471,5.0,15.0,2.0,4.0,3.0,25.0,0.0,0.0,0.0,0.0,0.0,0.0,0.0,0.0,,12
00-0037292,2024,veteran,TE,8.402049554683854,2.5821594437100437,21.69543160414668,13.84903418672421,158.0900963694103,1.2339188115270123,0.0,0.0,0.0,0.14422287641426762,0.6383387267611318,11.415243419714905,0.05687459157489965,0.0045533707954371555,0.00017515782743433113,3.7215842418663414e-05,0.04109055288754607,29.848593846636675,29.88968439952422,veteran,Andrew Ogletree,TE,12.0,21.4,14.0,9.0,109.0,1.0,0.0,0.0,0.0,0.0,0.0,0.0,0.0,0.0,0.0,0.0,0.0,0.0,0.0,0.0,0.0,0.0,0.0,0.0,0.0,0.0,0.0,0.0,0.0,17,31.2,2.836363636363637,0.6470588235294118,0.6470588235294118,26.09719370294319,0.35588235294117654,1.0,0.6470588235294118,0.11764705882352941,0.23529411764705882,2.0,6.0,11.0,21.0,9.0,147.0,2.0,0.0,0.0,0.0,0.0,0.0,0.0,0.0,,12
00-0037475,2024,veteran,TE,9.285497895296485,2.2112947354565833,20.532972611962304,13.415093890512283,147.28468329236864,1.097363855418547,0.0,0.0,0.0,0.1565676630734785,0.6533439723528771,10.979027392162685,0.053443983789236336,0.002709941292749493,8.882159162080329e-05,2.2569135389436404e-05,0.02681941454159478,27.70706308085733,27.733882495398927,veteran,Stone Smartt,TE,9.0,26.8,19.0,16.0,208.0,0.0,0.0,0.0,0.0,0.0,0.0,0.0,0.0,0.0,0.0,1.0,0.0,0.0,0.0,0.0,0.0,0.0,0.0,0.0,0.0,0.0,0.0,0.0,0.0,17,27.0,2.128,0.6423529411764706,0.7058823529411765,25.911019849418206,0.44117647058823534,1.0,0.7058823529411765,0.0,0.29411764705882354,0.0,5.0,12.0,21.0,11.0,155.0,1.0,0.0,0.0,0.0,0.0,0.0,0.0,0.0,,12
00-0037569,2024,veteran,TE,7.946845708444945,1.798839943146005,14.295103482369178,9.527618516638453,99.7832492857107,0.7867157687429811,1.277775315035413,3.8249683730659534,0.10670219374995416,0.1331822238355576,0.6664952463190849,10.473052537888172,0.055033933102567226,0.0013422346361198706,3.5469499411440244e-05,1.1478916601075142e-05,0.011271779874800802,20.21877435148339,20.23004613135819,veteran,Peyton Hendershot,TE,5.0,7.6,5.0,5.0,51.0,0.0,0.0,0.0,0.0,0.0,0.0,0.0,0.0,0.0,0.0,0.0,0.0,0.0,0.0,0.0,0.0,0.0,0.0,0.0,0.0,0.0,0.0,0.0,0.0,17,5.8,1.6737499999999998,0.5764705882352942,0.47058823529411764,25.360711841204655,0.47058823529411764,1.0,0.7058823529411765,0.058823529411764705,0.47058823529411764,1.0,9.0,8.0,7.0,4.0,38.0,0.0,1.0,0.0,0.0,0.0,0.0,0.0,0.0,,12
00-0037744,2024,veteran,TE,14.234594067392226,5.666734492920769,80.66366519441688,57.64230261924932,579.8111551051182,3.7634626886434788,0.0,0.0,0.0,0.22497567293683876,0.7146005885093233,10.058778514366523,0.04665623214086193,0.048137056294683594,0.00400561567016992,0.0003739744975121281,0.7813856758635941,108.93309160612368,109.71447728198727,veteran,Trey McBride,TE,16.0,197.3,147.0,111.0,1146.0,2.0,1.0,2.0,1.0,0.0,0.0,0.0,0.0,0.0,0.0,0.0,3.0,0.0,0.0,3.0,3.0,0.0,0.0,0.0,0.0,0.0,0.0,0.0,0.0,17,143.0,7.162162162162161,0.9182375652963889,1.0,24.777549623545518,0.761764705882353,1.0,1.0,0.0,0.0,0.0,0.0,17.0,106.0,81.0,825.0,3.0,0.0,0.0,0.0,0.0,0.0,0.0,0.0,7.7,12
00-0037755,2024,veteran,TE,3.6169282727771024,3.7074782734540506,13.409682987962793,8.902869004166442,97.8488084718525,0.7462398042469576,0.0,0.0,0.0,0.06402775519231116,0.6639134580704187,10.990705178977738,0.05564932481377972,0.013846279625684115,0.0007557037120437066,0.00010926479815901654,0.05497139530917592,18.58569866436559,18.64067005967477,veteran,,,0.0,0.0,0.0,0.0,0.0,0.0,0.0,0.0,0.0,0.0,0.0,0.0,0.0,0.0,0.0,0.0,0.0,0.0,0.0,0.0,0.0,0.0,0.0,0.0,0.0,0.0,0.0,0.0,0.0,17,0.0,5.141666666666667,0.7058823529411765,0.0,25.897330595482547,0.21176470588235294,0.0,0.7058823529411765,0.0,1.0,0.0,17.0,0.0,0.0,0.0,0.0,0.0,0.0,0.0,0.0,0.0,0.0,0.0,0.0,,12
00-0037805,2024,veteran,TE,8.937657085202272,2.3982942604889352,21.435131689658874,14.504225034787314,150.0956949480527,1.0840925551598828,0.0,0.0,0.0,0.15332157453485246,0.6766566795474696,10.348411899847061,0.05057550244409697,0.0032218458405407395,0.00011137639352864259,2.666221202584771e-05,0.030765514739696697,28.45959419408852,28.490359708828215,veteran,Jeremy Ruckert,TE,14.0,19.5,28.0,18.0,105.0,0.0,0.0,0.0,0.0,0.0,0.0,0.0,0.0,0.0,0.0,0.0,0.0,0.0,0.0,0.0,0.0,0.0,0.0,0.0,0.0,0.0,0.0,0.0,0.0,17,23.1,2.1467213114754102,0.5419479267116684,0.5882352941176471,24.057494866529773,0.3588235294117647,1.0,0.5882352941176471,0.11764705882352941,0.29411764705882354,2.0,7.0,10.0,22.0,16.0,151.0,0.0,0.0,0.0,0.0,0.0,0.0,0.0,0.0,,12
00-0037809,2024,veteran,TE,14.61335662815711,4.762074826299642,69.58989772668599,47.55203013825303,505.4453047893611,3.2908668947362023,3.3500580671144693,9.486380070130433,0.28731964581222014,0.22780213609784247,0.6833180057975284,10.629310742776422,0.04728943427480045,0.029362501786969745,0.0020534926598638177,0.000228335996370191,0.480770851657735,96.28269852617052,96.76346937782826,veteran,Chig Okonkwo,TE,16.0,87.6,70.0,52.0,479.0,2.0,1.0,17.0,0.0,0.0,0.0,0.0,0.0,0.0,0.0,1.0,0.0,0.0,0.0,0.0,0.0,0.0,0.0,0.0,0.0,0.0,0.0,0.0,0.0,17,86.4,5.0798586572438165,0.9800457285387654,1.0,24.982888432580424,0.8323529411764706,1.0,1.0,0.0,0.0,0.0,0.0,17.0,77.0,54.0,528.0,1.0,2.0,6.0,0.0,0.0,0.0,0.0,0.0,,12
00-0037838,2024,veteran,TE,12.725450480701868,4.240872759994803,53.96701630227132,36.411048547276174,415.27381618387085,3.298343306793316,0.0,0.0,0.0,0.20359048064190005,0.6746907841511286,11.405159498350578,0.06111776290019758,0.024590894154354514,0.0016198219368025728,0.0001916798112065378,0.34872807549524115,79.11578477150127,79.46451284699651,veteran,Isaiah Likely,TE,15.0,103.7,58.0,42.0,477.0,6.0,0.0,0.0,0.0,0.0,0.0,0.0,0.0,0.0,0.0,1.0,1.0,0.0,0.0,1.0,1.0,0.0,0.0,0.0,0.0,0.0,0.0,0.0,0.0,17,86.1,5.85252100840336,0.8235294117647058,0.8235294117647058,24.372347707049965,0.7,1.0,0.8235294117647058,0.0,0.17647058823529413,0.0,3.0,14.0,40.0,30.0,411.0,5.0,0.0,0.0,0.0,0.0,0.0,0.0,0.0,12.0,12
00-0038041,2024,veteran,TE,13.619045110301979,5.233259558437222,71.27199800027554,49.213980475235516,513.3024030574041,3.8449528733731886,0.0,0.0,0.0,0.2159951373277113,0.6905093424635752,10.430011921423386,0.05394759486549435,0.03810375435344021,0.0029162709826569023,0.0002958086893941255,0.5865692522811271,98.57495750894188,99.161526761223,veteran,Jake Ferguson,TE,14.0,74.9,86.0,59.0,494.0,0.0,0.0,0.0,0.0,0.0,0.0,0.0,0.0,0.0,0.0,2.0,0.0,0.0,0.0,0.0,0.0,0.0,0.0,0.0,0.0,0.0,0.0,0.0,0.0,17,141.6,7.079051383399209,0.9079283887468031,1.0,25.620807665982205,0.7441176470588236,1.0,1.0,0.0,0.0,0.0,0.0,17.0,102.0,71.0,761.0,5.0,0.0,0.0,0.0,0.0,0.0,0.0,0.0,7.7,12
00-0038115,2024,veteran,TE,12.601727287069354,3.1500957794347784,39.69664794058525,28.70860239055699,291.46824006669937,1.993367404493028,0.4113641970125202,1.3420732170284,0.03423933632019363,0.24731607795665275,0.7231996624381413,10.152644705636067,0.0502150057475014,0.008561302333425247,0.0004010505648599423,6.850847455533565e-05,0.11719474222440956,55.306340812617286,55.4235355548417,veteran,Daniel Bellinger,TE,12.0,19.5,17.0,14.0,125.0,0.0,0.0,0.0,0.0,0.0,0.0,0.0,0.0,0.0,0.0,0.0,0.0,0.0,0.0,0.0,0.0,0.0,0.0,0.0,0.0,0.0,0.0,0.0,0.0,17,38.0,3.536363636363636,0.7705882352941176,0.8235294117647058,23.942505133470227,0.6470588235294118,1.0,0.8235294117647058,0.0,0.17647058823529413,0.0,3.0,14.0,28.0,25.0,255.0,0.0,0.0,0.0,0.0,0.0,0.0,0.0,0.0,,12
00-0038129,2024,veteran,TE,14.373939624889402,4.426744189336327,63.62975371235035,43.000783315068546,424.79842278665734,3.376753146945455,0.0,0.0,0.0,0.31212628617151,0.6757967901221378,9.878853128654459,0.05306877600392215,0.01815763674263703,0.0010819658004232388,0.00014234993148159268,0.28841719954800343,83.6165002455297,83.90491744507771,veteran,Cade Otton,TE,14.0,112.1,87.0,59.0,600.0,4.0,1.0,-4.0,0.0,0.0,0.0,0.0,0.0,0.0,0.0,1.0,1.0,0.0,0.0,1.0,1.0,0.0,0.0,0.0,0.0,0.0,0.0,0.0,0.0,17,93.0,5.1434628975265015,0.9800457285387654,1.0,25.38261464750171,0.8323529411764706,1.0,1.0,0.0,0.0,0.0,0.0,17.0,67.0,47.0,455.0,4.0,0.0,0.0,0.0,0.0,0.0,0.0,0.0,,12
00-0038394,2024,veteran,TE,8.926319126403804,2.8190335847485333,25.163593405515513,16.949433942652345,183.58009498677725,1.2616952523137,0.0,0.0,0.0,0.15322206942756952,0.6735696952938869,10.831045780520597,0.05013970906226587,0.0059748084182845084,0.00025007708453446306,4.837680123639225e-05,0.05754510198716567,34.09645384503096,34.153998947018124,veteran,Will Mallory,TE,7.0,4.9,8.0,4.0,29.0,0.0,0.0,0.0,0.0,0.0,0.0,0.0,0.0,0.0,0.0,0.0,0.0,0.0,0.0,0.0,0.0,0.0,0.0,0.0,0.0,0.0,0.0,0.0,0.0,17,29.7,2.6999999999999997,0.6470588235294118,0.6470588235294118,25.196440793976727,0.35588235294117654,1.0,0.6470588235294118,0.0,0.35294117647058826,0.0,6.0,11.0,26.0,18.0,207.0,0.0,0.0,0.0,0.0,0.0,0.0,0.0,0.0,,12
00-0038547,2024,veteran,TE,9.219044449574195,2.1466290109219965,19.789868268435377,12.995408479903292,134.60388815773157,1.146412898147153,0.0,0.0,0.0,0.15717380454264496,0.6566697819121325,10.35780355545494,0.05792928394453585,0.002110069977480696,6.404502098784733e-05,1.7738079905539862e-05,0.02066553605119641,26.522222835522435,26.542888371573632,veteran,Luke Schoonmaker,TE,12.0,43.6,36.0,27.0,241.0,1.0,0.0,0.0,0.0,0.0,0.0,0.0,0.0,0.0,0.0,0.0,0.0,0.0,0.0,0.0,0.0,0.0,0.0,0.0,0.0,0.0,0.0,0.0,0.0,17,22.5,1.875,0.7058823529411764,0.7058823529411765,25.927446954141,0.3882352941176471,1.0,0.7058823529411765,0.0,0.29411764705882354,0.0,5.0,12.0,15.0,8.0,65.0,2.0,0.0,0.0,0.0,0.0,0.0,0.0,0.0,,12
00-0038589,2024,veteran,TE,7.614035200909025,2.2997511817512084,17.51038645118583,11.61201349189794,123.43220644863734,0.9609736866478955,0.0,0.0,0.0,0.1325031867225416,0.6631500409353648,10.629698848934321,0.05488021005857451,0.002894756400811587,9.682426815070926e-05,2.4049663308672375e-05,0.023512842178843255,23.650063137254996,23.67357597943384,veteran,Josh Whyle,TE,15.0,46.8,37.0,28.0,248.0,1.0,0.0,0.0,0.0,0.0,0.0,0.0,0.0,0.0,0.0,0.0,0.0,0.0,0.0,0.0,0.0,0.0,0.0,0.0,0.0,0.0,0.0,0.0,0.0,17,19.9,2.211111111111111,0.5294117647058824,0.5294117647058824,24.982888432580424,0.2911764705882353,1.0,0.5294117647058824,0.17647058823529413,0.29411764705882354,3.0,8.0,9.0,15.0,9.0,94.0,1.0,0.0,0.0,0.0,0.0,0.0,0.0,0.0,,12
00-0038933,2024,veteran,TE,12.723852594905285,5.995443152282752,76.28513491078002,55.18054222682751,532.7427597974025,3.586812181713624,0.0,0.0,0.0,0.2938305318969965,0.7233459348451625,9.654540138577964,0.047018494309653026,0.052270354797132136,0.004483112895016441,0.00040644525627241124,0.7609870900432895,101.79775911964177,102.55874620968505,veteran,Dalton Kincaid,TE,13.0,78.8,75.0,44.0,448.0,2.0,0.0,0.0,0.0,0.0,0.0,0.0,0.0,0.0,0.0,0.0,0.0,0.0,0.0,0.0,0.0,0.0,0.0,0.0,0.0,0.0,0.0,0.0,0.0,17,113.8,7.1125,0.9411764705882353,0.9411764705882353,24.87337440109514,0.5176470588235295,1.0,0.9411764705882353,0.0,0.058823529411764705,0.0,1.0,16.0,91.0,73.0,673.0,2.0,0.0,0.0,0.0,0.0,0.0,0.0,0.0,7.7,12
00-0038996,2024,veteran,TE,11.941089494663201,3.8018622617302693,45.39837751370379,31.49323036037202,342.72288974927113,2.441845115842418,0.0,0.0,0.0,0.20085423128017177,0.6937082795715681,10.882430472439559,0.05378705692962995,0.01660005715362905,0.0009606731061652088,0.0001304049574617068,0.21854434792695676,64.26826638760728,64.48681073553423,veteran,Tucker Kraft,TE,17.0,138.3,70.0,50.0,707.0,7.0,3.0,6.0,0.0,0.0,0.0,0.0,0.0,0.0,0.0,1.0,0.0,0.0,0.0,0.0,0.0,0.0,0.0,0.0,0.0,0.0,0.0,0.0,0.0,17,63.0,4.5,0.8235294117647058,0.8235294117647058,23.82751540041068,0.45294117647058824,1.0,0.8235294117647058,0.0,0.17647058823529413,0.0,3.0,14.0,40.0,31.0,355.0,2.0,0.0,0.0,0.0,0.0,0.0,0.0,0.0,,12
00-0039041,2024,veteran,TE,9.76729594177441,2.615925952984938,25.55052294457214,17.323796438851375,187.67949334865668,1.3851423590464815,0.0,0.0,0.0,0.16765760620000444,0.6780212082716521,10.833623796672853,0.05421189859993594,0.004854721478612702,0.0001904969914076579,3.958969880669714e-05,0.05098183074212473,35.40538649617023,35.456368326912354,veteran,Elijah Higgins,TE,15.0,39.2,24.0,20.0,172.0,2.0,0.0,0.0,0.0,0.0,0.0,0.0,0.0,0.0,0.0,0.0,0.0,0.0,0.0,0.0,0.0,0.0,0.0,0.0,0.0,0.0,0.0,0.0,0.0,17,29.3,2.6636363636363636,0.6470588235294118,0.6470588235294118,23.8466803559206,0.35588235294117654,1.0,0.6470588235294118,0.0,0.35294117647058826,0.0,6.0,11.0,19.0,14.0,163.0,1.0,0.0,0.0,0.0,0.0,0.0,0.0,0.0,,12
00-0039065,2024,veteran,TE,14.227390995535982,7.779821797572213,110.68656658965347,76.64973425587226,789.7543956656742,6.871262044099396,1.2505033007565751,4.156526922129449,0.10636493126719321,0.2345867294431119,0.6924935574163629,10.303419879178119,0.06207855438838496,0.1185325350216698,0.014192987009572045,0.0009560808379195861,2.0165075566238184,159.11254778002981,161.12905533665364,veteran,Sam LaPorta,TE,16.0,145.6,83.0,60.0,726.0,7.0,0.0,0.0,0.0,0.0,0.0,0.0,0.0,0.0,0.0,0.0,1.0,0.0,0.0,1.0,1.0,0.0,0.0,0.0,0.0,0.0,0.0,0.0,0.0,17,197.29999999999998,11.605882352941176,1.0,1.0,23.63586584531143,0.55,1.0,1.0,0.0,0.0,0.0,0.0,17.0,120.0,86.0,889.0,10.0,1.0,4.0,0.0,0.0,0.0,0.0,0.0,4.2,12
00-0039066,2024,veteran,TE,11.663733903725548,3.8672744910423873,45.106860596184056,30.279401077161246,327.0692655368,2.426165278803834,0.0,0.0,0.0,0.19751252422098992,0.6712815007950879,10.801708551081532,0.05378705692962995,0.015457782710954234,0.0008741357854929449,0.00012164031591078505,0.1984265556322473,62.00859371664164,62.20702027227389,veteran,Michael Mayer,TE,11.0,26.1,32.0,21.0,156.0,0.0,0.0,0.0,0.0,0.0,0.0,0.0,0.0,0.0,0.0,0.0,0.0,0.0,0.0,0.0,0.0,0.0,0.0,0.0,0.0,0.0,0.0,0.0,0.0,17,57.9,4.453846153846154,0.7647058823529411,0.7647058823529411,23.156741957563312,0.42058823529411765,1.0,0.7647058823529411,0.17647058823529413,0.058823529411764705,3.0,4.0,13.0,40.0,27.0,304.0,2.0,0.0,0.0,0.0,0.0,0.0,0.0,0.0,,12
00-0039144,2024,veteran,TE,9.670183554893116,4.2512807518262825,41.11066521354416,28.26243545807357,295.9309781239868,2.0602970041319497,0.0,0.0,0.0,0.16599065247873443,0.6874721027078476,10.470823668504828,0.05011587609760137,0.02020475394789537,0.0012468806253465947,0.0001580439449627188,0.21652665404986962,55.75411626126969,55.97064291531956,veteran,Luke Musgrave,TE,7.0,8.0,10.0,7.0,45.0,0.0,0.0,0.0,0.0,0.0,0.0,0.0,0.0,0.0,0.0,0.0,0.0,0.0,0.0,0.0,0.0,0.0,0.0,0.0,0.0,0.0,0.0,0.0,0.0,17,58.2,5.290909090909091,0.6470588235294118,0.6470588235294118,23.99726214921287,0.35588235294117654,1.0,0.6470588235294118,0.11764705882352941,0.23529411764705882,2.0,6.0,11.0,46.0,34.0,352.0,1.0,0.0,0.0,0.0,0.0,0.0,0.0,0.0,11.3,12
00-0039338,2024,rookie,TE,15.623040599114463,4.910506810562173,76.7170472636409,50.588582551962425,562.5827103265311,4.197775998992626,0.4831016489133354,1.449304946740006,0.043918331719394126,0.2244193677220862,0.6594177481585408,11.120744680851065,0.05471764293230445,0.03318728488873765,0.002420570738268354,0.0002577988649698073,0.5832665158342766,106.69882005213627,107.28208656797055,rookie,Brock Bowers,TE,17.0,208.7,153.0,112.0,1194.0,5.0,5.0,13.0,0.0,0.0,0.0,0.0,0.0,0.0,0.0,0.0,2.0,0.0,0.0,2.0,2.0,0.0,0.0,0.0,0.0,0.0,0.0,0.0,0.0,17,0.0,,,0.0,21.71937029431896,0.0,0.0,0.0,0.0,1.0,0.0,17.0,0.0,0.0,0.0,0.0,0.0,0.0,0.0,0.0,0.0,0.0,0.0,0.0,6.0,12
00-0039356,2024,rookie,TE,9.210849882416847,2.7155031148141107,25.01209154578813,16.493417083858887,183.4190803043818,1.368602694192546,0.32375071723550336,0.97125215170651,0.02943188338504576,0.13231055079714807,0.6594177481585408,11.120744680851065,0.05471764293230445,0.005413802249746231,0.00021974828151930252,4.3982307103038305e-05,0.053712051321410076,34.809328151409524,34.863040202730936,rookie,Ja'Tavion Sanders,TE,15.0,56.699999999999996,43.0,33.0,342.0,1.0,0.0,0.0,0.0,0.0,0.0,0.0,0.0,0.0,0.0,0.0,0.0,0.0,0.0,0.0,0.0,0.0,0.0,0.0,0.0,0.0,0.0,0.0,0.0,17,0.0,,,0.0,21.43463381245722,0.0,0.0,0.0,0.0,1.0,0.0,17.0,0.0,0.0,0.0,0.0,0.0,0.0,0.0,0.0,0.0,0.0,0.0,0.0,,12
00-0039359,2024,rookie,TE,7.765313644703907,2.1951594575256697,17.04610168782491,11.240501989867003,125.00275271390927,0.9327225055421556,0.10453159844511457,0.31359479533534373,0.009502872585919506,0.11154594185762519,0.6594177481585408,11.120744680851065,0.05471764293230445,0.0028337586681579296,9.416494298718081e-05,2.3561385998143527e-05,0.02346777843095046,23.582146130911166,23.605613909342118,rookie,Cade Stover,TE,14.0,26.8,22.0,15.0,133.0,1.0,0.0,0.0,0.0,0.0,0.0,0.0,0.0,0.0,0.0,0.0,0.0,0.0,0.0,0.0,0.0,0.0,0.0,0.0,0.0,0.0,0.0,0.0,0.0,17,0.0,,,0.0,24.2217659137577,0.0,0.0,0.0,0.0,1.0,0.0,17.0,0.0,0.0,0.0,0.0,0.0,0.0,0.0,0.0,0.0,0.0,0.0,0.0,,12
00-0039737,2024,rookie,TE,9.422705501259315,2.7744891489238435,26.143194166748977,17.23928622710911,191.71370061179263,1.4304939635260752,0.21669256889816163,0.650077706694485,0.019699324445287422,0.13535378068107304,0.6594177481585408,11.120744680851065,0.05471764293230445,0.005781315585210819,0.00023951001191761781,4.686250913122976e-05,0.05874402587482374,36.2864731118693,36.34521713774412,rookie,Tip Reiman,TE,8.0,6.7,7.0,6.0,37.0,0.0,0.0,0.0,0.0,0.0,0.0,0.0,0.0,0.0,0.0,0.0,0.0,0.0,0.0,0.0,0.0,0.0,0.0,0.0,0.0,0.0,0.0,0.0,0.0,17,0.0,,,0.0,22.95687885010267,0.0,0.0,0.0,0.0,1.0,0.0,17.0,0.0,0.0,0.0,0.0,0.0,0.0,0.0,0.0,0.0,0.0,0.0,0.0,,12
00-0039793,2024,rookie,TE,8.373819104029332,2.4206056471982302,20.269713811829824,13.366209037614896,148.64219805819928,1.109110962695704,0.23676918722326476,0.7103075616697943,0.02152447156575134,0.12028690425677493,0.6594177481585408,11.120744680851065,0.05471764293230445,0.00381297273196089,0.0001388420527965817,3.136195788993538e-05,0.03419833998150002,28.16159387784954,28.19579221783104,rookie,AJ Barner,TE,15.0,63.5,38.0,30.0,245.0,4.0,0.0,0.0,0.0,0.0,0.0,0.0,0.0,0.0,0.0,0.0,0.0,0.0,0.0,0.0,0.0,0.0,0.0,0.0,0.0,0.0,0.0,0.0,0.0,17,0.0,,,0.0,22.33264887063655,0.0,0.0,0.0,0.0,1.0,0.0,17.0,0.0,0.0,0.0,0.0,0.0,0.0,0.0,0.0,0.0,0.0,0.0,0.0,,12
00-0039814,2024,rookie,TE,8.053420676028603,2.2961761025879714,18.492072100384743,12.194000543221085,135.60636667932087,1.0118425982672816,0.12398070674283922,0.37194212022851764,0.011270973340258112,0.11568449589875342,0.6594177481585408,11.120744680851065,0.05471764293230445,0.0032479625246351796,0.00011255890256165823,2.6870417214287737e-05,0.027949732387738853,25.602143589413213,25.630093321800953,rookie,Erick All,TE,8.0,25.8,22.0,20.0,158.0,0.0,0.0,0.0,0.0,0.0,0.0,0.0,0.0,0.0,0.0,0.0,0.0,0.0,0.0,0.0,0.0,0.0,0.0,0.0,0.0,0.0,0.0,0.0,0.0,17,0.0,,,0.0,23.967145790554415,0.0,0.0,0.0,0.0,1.0,0.0,17.0,0.0,0.0,0.0,0.0,0.0,0.0,0.0,0.0,0.0,0.0,0.0,0.0,,12
00-0039824,2024,rookie,TE,7.680998856557117,2.1697665292613055,16.66597423025199,10.989839197781038,122.215195802132,0.911922827049916,0.12747319803398147,0.38241959410194437,0.01158847254854377,0.11033479020468787,0.6594177481585408,11.120744680851065,0.05471764293230445,0.002735657727218591,8.992527617001781e-05,2.2775347743158092e-05,0.02239853262979965,23.075079355695298,23.0974778883251,rookie,Jared Wiley,TE,1.0,1.2,1.0,1.0,7.0,0.0,0.0,0.0,0.0,0.0,0.0,0.0,0.0,0.0,0.0,0.0,0.0,0.0,0.0,0.0,0.0,0.0,0.0,0.0,0.0,0.0,0.0,0.0,0.0,17,0.0,,,0.0,23.83025325119781,0.0,0.0,0.0,0.0,1.0,0.0,17.0,0.0,0.0,0.0,0.0,0.0,0.0,0.0,0.0,0.0,0.0,0.0,0.0,,12
00-0039847,2024,rookie,TE,8.415781093056932,2.424428700815331,20.403461221786245,13.454404453510396,149.6229967603946,1.11642930571682,0.15899459532964025,0.47698378598892077,0.014454054120876386,0.12088967315993383,0.6594177481585408,11.120744680851065,0.05471764293230445,0.0038313256292280776,0.00013971741014458226,3.1507472530831516e-05,0.034537664483030556,28.28072109409986,28.31525875858289,rookie,Theo Johnson,TE,11.0,53.6,43.0,29.0,331.0,1.0,0.0,0.0,0.0,0.0,0.0,0.0,0.0,0.0,0.0,0.0,0.0,0.0,0.0,0.0,0.0,0.0,0.0,0.0,0.0,0.0,0.0,0.0,0.0,17,0.0,,,0.0,23.512662559890487,0.0,0.0,0.0,0.0,1.0,0.0,17.0,0.0,0.0,0.0,0.0,0.0,0.0,0.0,0.0,0.0,0.0,0.0,0.0,,12
00-0039912,2024,rookie,TE,11.023333754765128,3.329661823712594,36.703973573283854,24.20325160216543,269.1581815140812,2.0083549201796846,0.3127960358321346,0.9383881074964038,0.028436003257466785,0.15834623073143278,0.6594177481585408,11.120744680851065,0.05471764293230445,0.010109282687934682,0.000499079112318675,8.048459307096751e-05,0.12146468759112959,51.01533584240052,51.136800529991646,rookie,Ben Sinnott,TE,7.0,11.299999999999999,5.0,5.0,28.0,1.0,0.0,0.0,0.0,0.0,0.0,0.0,0.0,0.0,0.0,0.0,0.0,0.0,0.0,0.0,0.0,0.0,0.0,0.0,0.0,0.0,0.0,0.0,0.0,17,0.0,,,0.0,22.217659137577,0.0,0.0,0.0,0.0,1.0,0.0,17.0,0.0,0.0,0.0,0.0,0.0,0.0,0.0,0.0,0.0,0.0,0.0,0.0,,12
