projection_source,sleeper_player_id,mfl_id,player_name,position,query_position,team,season,season_type,company,gp,pass_att,pass_cmp,pass_yd,pass_td,pass_int,pass_2pt,cmp_pct,rush_att,rush_yd,rush_td,rush_2pt,rec,rec_yd,rec_td,rec_2pt,fum_lost,pts_std,pts_half_ppr,pts_ppr,source_last_modified,source_updated_at,as_of_date,retrieved_at,ingested_at
sleeper_rotowire,10211,16182,Camerun Peoples,RB,RB,,2026,regular,rotowire,18.0,,,,,,,,,,,,,,,,,,,,1785311418164,1785311418164,2026-07-29,2026-07-29T21:50:39.065275+00:00,2026-07-29T21:50:39.065275+00:00
sleeper_rotowire,10216,16170,Kenny McIntosh,RB,RB,,2026,regular,rotowire,18.0,,,,,,,,4.0,16.0,,,2.0,16.0,,,,3.2,4.2,5.2,1785311420717,1785311420717,2026-07-29,2026-07-29T21:50:39.065275+00:00,2026-07-29T21:50:39.065275+00:00
sleeper_rotowire,10219,16174,Chris Rodriguez,RB,RB,JAX,2026,regular,rotowire,18.0,,,,,,,,171.0,728.0,6.0,,15.0,107.0,,,1.0,117.5,125.0,132.5,1785311410548,1785311410548,2026-07-29,2026-07-29T21:50:39.065275+00:00,2026-07-29T21:50:39.065275+00:00
sleeper_rotowire,10223,16173,Eric Gray,RB,RB,NYG,2026,regular,rotowire,18.0,,,,,,,,,,,,,,,,,,,,1785311409346,1785311409346,2026-07-29,2026-07-29T21:50:39.065275+00:00,2026-07-29T21:50:39.065275+00:00
sleeper_rotowire,10235,16175,Roschon Johnson,RB,RB,CHI,2026,regular,rotowire,18.0,,,,,,,,,,,,,,,,,,,,1785311419423,1785311419423,2026-07-29,2026-07-29T21:50:39.065275+00:00,2026-07-29T21:50:39.065275+00:00
sleeper_rotowire,1034,10932,Brandon Bolden,RB,RB,,2026,regular,rotowire,18.0,,,,,,,,,,,,,,,,,,,,1785311415646,1785311415646,2026-07-29,2026-07-29T21:50:39.065275+00:00,2026-07-29T21:50:39.065275+00:00
sleeper_rotowire,1048,10708,Lamar Miller,RB,RB,,2026,regular,rotowire,18.0,,,,,,,,,,,,,,,,,,,,1785311419427,1785311419427,2026-07-29,2026-07-29T21:50:39.065275+00:00,2026-07-29T21:50:39.065275+00:00
sleeper_rotowire,10651,16172,Mohamed Ibrahim,RB,RB,,2026,regular,rotowire,18.0,,,,,,,,,,,,,,,,,,,,1785311409356,1785311409356,2026-07-29,2026-07-29T21:50:39.065275+00:00,2026-07-29T21:50:39.065275+00:00
sleeper_rotowire,10861,16386,Xazavian Valladay,RB,RB,,2026,regular,rotowire,18.0,,,,,,,,,,,,,,,,,,,,1785311416918,1785311416918,2026-07-29,2026-07-29T21:50:39.065275+00:00,2026-07-29T21:50:39.065275+00:00
sleeper_rotowire,10865,16177,Travis Dye,RB,RB,,2026,regular,rotowire,18.0,,,,,,,,,,,,,,,,,,,,1785311416919,1785311416919,2026-07-29,2026-07-29T21:50:39.065275+00:00,2026-07-29T21:50:39.065275+00:00
sleeper_rotowire,10870,16380,Deneric Prince,RB,RB,,2026,regular,rotowire,18.0,,,,,,,,,,,,,,,,,,,,1785311414348,1785311414348,2026-07-29,2026-07-29T21:50:39.065275+00:00,2026-07-29T21:50:39.065275+00:00
sleeper_rotowire,11104,16402,SaRodorick Thompson,RB,RB,,2026,regular,rotowire,18.0,,,,,,,,,,,,,,,,,,,,1785311414385,1785311414385,2026-07-29,2026-07-29T21:50:39.065275+00:00,2026-07-29T21:50:39.065275+00:00
sleeper_rotowire,11114,16409,Elijah Dotson,RB,RB,,2026,regular,rotowire,18.0,,,,,,,,,,,,,,,,,,,,1785311415679,1785311415679,2026-07-29,2026-07-29T21:50:39.065275+00:00,2026-07-29T21:50:39.065275+00:00
sleeper_rotowire,11176,16388,Khalan Laborn,RB,RB,,2026,regular,rotowire,18.0,,,,,,,,,,,,,,,,,,,,1785311414392,1785311414392,2026-07-29,2026-07-29T21:50:39.065275+00:00,2026-07-29T21:50:39.065275+00:00
sleeper_rotowire,11186,16864,Carlos Washington,RB,RB,MIA,2026,regular,rotowire,18.0,,,,,,,,,,,,,,,,,,,,1785311411862,1785311411862,2026-07-29,2026-07-29T21:50:39.065275+00:00,2026-07-29T21:50:39.065275+00:00
sleeper_rotowire,11199,16385,Emari Demercado,RB,RB,KC,2026,regular,rotowire,18.0,,,,,,,,29.0,120.0,1.0,,12.0,83.0,,,,26.3,32.3,38.3,1785311413158,1785311413158,2026-07-29,2026-07-29T21:50:39.065275+00:00,2026-07-29T21:50:39.065275+00:00
sleeper_rotowire,11209,16544,Henry Pearson,FB,RB,,2026,regular,rotowire,18.0,,,,,,,,,,,,,,,,,,,,1785311414397,1785311414397,2026-07-29,2026-07-29T21:50:39.065275+00:00,2026-07-29T21:50:39.065275+00:00
sleeper_rotowire,11237,16850,Jacob Saylors,RB,RB,DET,2026,regular,rotowire,18.0,,,,,,,,,,,,,,,,,,,,1785311411870,1785311411870,2026-07-29,2026-07-29T21:50:39.065275+00:00,2026-07-29T21:50:39.065275+00:00
sleeper_rotowire,11270,16396,Hassan Hall,RB,RB,,2026,regular,rotowire,18.0,,,,,,,,,,,,,,,,,,,,1785311420799,1785311420799,2026-07-29,2026-07-29T21:50:39.065275+00:00,2026-07-29T21:50:39.065275+00:00
sleeper_rotowire,11299,17337,Zavier Scott,RB,RB,MIN,2026,regular,rotowire,18.0,,,,,,,,10.0,42.0,,,4.0,29.0,,,,7.1,9.1,11.1,1785311420801,1785311420801,2026-07-29,2026-07-29T21:50:39.065275+00:00,2026-07-29T21:50:39.065275+00:00
sleeper_rotowire,11370,16387,Chris Brooks,RB,RB,GB,2026,regular,rotowire,18.0,,,,,,,,50.0,203.0,2.0,,14.0,100.0,,,,42.3,49.3,56.3,1785311416972,1785311416972,2026-07-29,2026-07-29T21:50:39.065275+00:00,2026-07-29T21:50:39.065275+00:00
sleeper_rotowire,11378,16424,Jordan Mims,RB,RB,MIN,2026,regular,rotowire,18.0,,,,,,,,,,,,,,,,,,,,1785311414415,1785311414415,2026-07-29,2026-07-29T21:50:39.065275+00:00,2026-07-29T21:50:39.065275+00:00
sleeper_rotowire,11384,16523,Owen Wright,RB,RB,,2026,regular,rotowire,18.0,,,,,,,,,,,,,,,,,,,,1785311420816,1785311420816,2026-07-29,2026-07-29T21:50:39.065275+00:00,2026-07-29T21:50:39.065275+00:00
sleeper_rotowire,11435,16432,Emanuel Wilson,RB,RB,SEA,2026,regular,rotowire,18.0,,,,,,,,61.0,249.0,2.0,,11.0,86.0,,,,45.5,51.0,56.5,1785311413196,1785311413196,2026-07-29,2026-07-29T21:50:39.065275+00:00,2026-07-29T21:50:39.065275+00:00
sleeper_rotowire,11439,16390,Jaleel McLaughlin,RB,RB,DEN,2026,regular,rotowire,18.0,,,,,,,,10.0,40.0,,,2.0,15.0,,,,5.5,6.5,7.5,1785311410647,1785311410647,2026-07-29,2026-07-29T21:50:39.065275+00:00,2026-07-29T21:50:39.065275+00:00
sleeper_rotowire,11472,16392,Alfonzo Graham,RB,RB,,2026,regular,rotowire,18.0,,,,,,,,,,,,,,,,,,,,1785311416997,1785311416997,2026-07-29,2026-07-29T21:50:39.065275+00:00,2026-07-29T21:50:39.065275+00:00
sleeper_rotowire,11483,16438,Ellis Merriweather,RB,RB,,2026,regular,rotowire,18.0,,,,,,,,,,,,,,,,,,,,1785311413207,1785311413207,2026-07-29,2026-07-29T21:50:39.065275+00:00,2026-07-29T21:50:39.065275+00:00
sleeper_rotowire,11510,16391,Hunter Luepke,FB,RB,DAL,2026,regular,rotowire,18.0,,,,,,,,2.0,7.0,,,5.0,33.0,,,,4.0,6.5,9.0,1785311419524,1785311419524,2026-07-29,2026-07-29T21:50:39.065275+00:00,2026-07-29T21:50:39.065275+00:00
sleeper_rotowire,11568,16803,Blake Watson,RB,RB,,2026,regular,rotowire,18.0,,,,,,,,,,,,,,,,,,,,1785311411918,1785311411918,2026-07-29,2026-07-29T21:50:39.065275+00:00,2026-07-29T21:50:39.065275+00:00
sleeper_rotowire,11569,17064,Jarquez Hunter,RB,RB,LAR,2026,regular,rotowire,18.0,,,,,,,,15.0,63.0,,,2.0,13.0,,,,7.6,8.6,9.6,1785311410664,1785311410664,2026-07-29,2026-07-29T21:50:39.065275+00:00,2026-07-29T21:50:39.065275+00:00
sleeper_rotowire,11570,16746,Rasheen Ali,RB,RB,BAL,2026,regular,rotowire,18.0,,,,,,,,29.0,120.0,1.0,,12.0,87.0,,,,26.7,32.7,38.7,1785311418255,1785311418255,2026-07-29,2026-07-29T21:50:39.065275+00:00,2026-07-29T21:50:39.065275+00:00
sleeper_rotowire,11571,16752,Isaiah Davis,RB,RB,NYJ,2026,regular,rotowire,18.0,,,,,,,,62.0,261.0,2.0,,13.0,94.0,,,,47.5,54.0,60.5,1785311414449,1785311414449,2026-07-29,2026-07-29T21:50:39.065275+00:00,2026-07-29T21:50:39.065275+00:00
sleeper_rotowire,11573,16599,Frank Gore,RB,RB,BUF,2026,regular,rotowire,18.0,,,,,,,,,,,,,,,,,,,,1785311414451,1785311414451,2026-07-29,2026-07-29T21:50:39.065275+00:00,2026-07-29T21:50:39.065275+00:00
sleeper_rotowire,11574,16613,Dylan Laube,RB,RB,LV,2026,regular,rotowire,18.0,,,,,,,,5.0,21.0,,,2.0,10.0,,,,3.1,4.1,5.1,1785311409450,1785311409450,2026-07-29,2026-07-29T21:50:39.065275+00:00,2026-07-29T21:50:39.065275+00:00
sleeper_rotowire,11575,16603,Ray Davis,RB,RB,BUF,2026,regular,rotowire,18.0,,,,,,,,73.0,313.0,3.0,,9.0,68.0,,,,56.1,60.6,65.1,1785311414452,1785311414452,2026-07-29,2026-07-29T21:50:39.065275+00:00,2026-07-29T21:50:39.065275+00:00
sleeper_rotowire,11576,16596,Braelon Allen,RB,RB,NYJ,2026,regular,rotowire,18.0,,,,,,,,57.0,233.0,2.0,,10.0,69.0,,,,42.2,47.2,52.2,1785311419528,1785311419528,2026-07-29,2026-07-29T21:50:39.065275+00:00,2026-07-29T21:50:39.065275+00:00
sleeper_rotowire,11577,16601,Will Shipley,RB,RB,PHI,2026,regular,rotowire,18.0,,,,,,,,25.0,105.0,1.0,,10.0,73.0,,,,23.8,28.8,33.8,1785311414453,1785311414453,2026-07-29,2026-07-29T21:50:39.065275+00:00,2026-07-29T21:50:39.065275+00:00
sleeper_rotowire,11579,16595,Audric Estime,RB,RB,NO,2026,regular,rotowire,18.0,,,,,,,,30.0,119.0,1.0,,3.0,17.0,,,,19.6,21.1,22.6,1785311413219,1785311413219,2026-07-29,2026-07-29T21:50:39.065275+00:00,2026-07-29T21:50:39.065275+00:00
sleeper_rotowire,11580,16609,Dillon Johnson,RB,RB,,2026,regular,rotowire,18.0,,,,,,,,,,,,,,,,,,,,1785311414454,1785311414454,2026-07-29,2026-07-29T21:50:39.065275+00:00,2026-07-29T21:50:39.065275+00:00
sleeper_rotowire,11581,16604,MarShawn Lloyd,RB,RB,GB,2026,regular,rotowire,18.0,,,,,,,,68.0,281.0,2.0,,7.0,47.0,,,,44.8,48.3,51.8,1785311414455,1785311414455,2026-07-29,2026-07-29T21:50:39.065275+00:00,2026-07-29T21:50:39.065275+00:00
sleeper_rotowire,11582,16612,Carson Steele,RB,RB,PHI,2026,regular,rotowire,18.0,,,,,,,,,,,,,,,,,,,,1785311414457,1785311414457,2026-07-29,2026-07-29T21:50:39.065275+00:00,2026-07-29T21:50:39.065275+00:00
sleeper_rotowire,11583,16597,Jonathon Brooks,RB,RB,CAR,2026,regular,rotowire,18.0,,,,,,,,122.0,524.0,4.0,,23.0,166.0,1.0,,1.0,97.0,108.5,120.0,1785311419529,1785311419529,2026-07-29,2026-07-29T21:50:39.065275+00:00,2026-07-29T21:50:39.065275+00:00
sleeper_rotowire,11584,16598,Bucky Irving,RB,RB,TB,2026,regular,rotowire,18.0,,,,,,,,211.0,902.0,6.0,,36.0,271.0,2.0,,2.0,161.3,179.3,197.3,1785311413221,1785311413221,2026-07-29,2026-07-29T21:50:39.065275+00:00,2026-07-29T21:50:39.065275+00:00
sleeper_rotowire,11586,16593,Blake Corum,RB,RB,LAR,2026,regular,rotowire,18.0,,,,,,,,172.0,757.0,6.0,,15.0,106.0,,,1.0,120.3,127.8,135.3,1785311417012,1785311417012,2026-07-29,2026-07-29T21:50:39.065275+00:00,2026-07-29T21:50:39.065275+00:00
sleeper_rotowire,11588,16773,Jawhar Jordan,RB,RB,HOU,2026,regular,rotowire,18.0,,,,,,,,31.0,127.0,1.0,,5.0,33.0,,,,22.0,24.5,27.0,1785311415735,1785311415735,2026-07-29,2026-07-29T21:50:39.065275+00:00,2026-07-29T21:50:39.065275+00:00
sleeper_rotowire,11589,16594,Trey Benson,RB,RB,ARI,2026,regular,rotowire,18.0,,,,,,,,30.0,120.0,1.0,,3.0,22.0,1.0,,1.0,24.2,25.7,27.2,1785311409451,1785311409451,2026-07-29,2026-07-29T21:50:39.065275+00:00,2026-07-29T21:50:39.065275+00:00
sleeper_rotowire,11590,16605,Jase McClellan,RB,RB,,2026,regular,rotowire,18.0,,,,,,,,,,,,,,,,,,,,1785311418257,1785311418257,2026-07-29,2026-07-29T21:50:39.065275+00:00,2026-07-29T21:50:39.065275+00:00
sleeper_rotowire,11643,16610,Jaylen Wright,RB,RB,MIA,2026,regular,rotowire,18.0,,,,,,,,53.0,223.0,2.0,,6.0,38.0,,,,38.1,41.1,44.1,1785311410669,1785311410669,2026-07-29,2026-07-29T21:50:39.065275+00:00,2026-07-29T21:50:39.065275+00:00
sleeper_rotowire,11644,16600,Cody Schrader,RB,RB,DEN,2026,regular,rotowire,18.0,,,,,,,,,,,,,,,,,,,,1785311418265,1785311418265,2026-07-29,2026-07-29T21:50:39.065275+00:00,2026-07-29T21:50:39.065275+00:00
sleeper_rotowire,11647,16757,Kimani Vidal,RB,RB,LAC,2026,regular,rotowire,18.0,,,,,,,,60.0,243.0,2.0,,14.0,97.0,,,,46.0,53.0,60.0,1785311417022,1785311417022,2026-07-29,2026-07-29T21:50:39.065275+00:00,2026-07-29T21:50:39.065275+00:00
sleeper_rotowire,11649,16606,Kendall Milton,RB,RB,CIN,2026,regular,rotowire,18.0,,,,,,,,,,,,,,,,,,,,1785311419539,1785311419539,2026-07-29,2026-07-29T21:50:39.065275+00:00,2026-07-29T21:50:39.065275+00:00
sleeper_rotowire,11651,16688,Isaac Guerendo,RB,RB,SF,2026,regular,rotowire,18.0,,,,,,,,28.0,116.0,1.0,,2.0,16.0,,,,19.2,20.2,21.2,1785311409457,1785311409457,2026-07-29,2026-07-29T21:50:39.065275+00:00,2026-07-29T21:50:39.065275+00:00
sleeper_rotowire,11652,16683,Louis Rees-Zammit,RB,RB,,2026,regular,rotowire,18.0,,,,,,,,,,,,,,,,,,,,1785311420851,1785311420851,2026-07-29,2026-07-29T21:50:39.065275+00:00,2026-07-29T21:50:39.065275+00:00
sleeper_rotowire,11654,16687,Dante Miller,RB,RB,NYG,2026,regular,rotowire,18.0,,,,,,,,,,,,,,,,,,,,1785311420853,1785311420853,2026-07-29,2026-07-29T21:50:39.065275+00:00,2026-07-29T21:50:39.065275+00:00
sleeper_rotowire,11655,16747,Tyrone Tracy,RB,RB,NYG,2026,regular,rotowire,18.0,,,,,,,,124.0,528.0,3.0,,21.0,155.0,1.0,,1.0,90.3,100.8,111.3,1785311419541,1785311419541,2026-07-29,2026-07-29T21:50:39.065275+00:00,2026-07-29T21:50:39.065275+00:00
sleeper_rotowire,1170,10870,Alfred Morris,RB,RB,,2026,regular,rotowire,18.0,,,,,,,,,,,,,,,,,,,,1785311419548,1785311419548,2026-07-29,2026-07-29T21:50:39.065275+00:00,2026-07-29T21:50:39.065275+00:00
sleeper_rotowire,11729,16678,Sione Vaki,RB,RB,DET,2026,regular,rotowire,18.0,,,,,,,,1.0,4.0,,,2.0,16.0,,,,2.0,3.0,4.0,1785311413233,1785311413233,2026-07-29,2026-07-29T21:50:39.065275+00:00,2026-07-29T21:50:39.065275+00:00
sleeper_rotowire,11773,16748,Keilan Robinson,RB,RB,,2026,regular,rotowire,18.0,,,,,,,,,,,,,,,,,,,,1785311417041,1785311417041,2026-07-29,2026-07-29T21:50:39.065275+00:00,2026-07-29T21:50:39.065275+00:00
sleeper_rotowire,11857,16813,Daijun Edwards,RB,RB,,2026,regular,rotowire,18.0,,,,,,,,,,,,,,,,,,,,1785311419582,1785311419582,2026-07-29,2026-07-29T21:50:39.065275+00:00,2026-07-29T21:50:39.065275+00:00
sleeper_rotowire,11900,17014,Jacob Kibodi,RB,RB,,2026,regular,rotowire,18.0,,,,,,,,,,,,,,,,,,,,1785311417062,1785311417062,2026-07-29,2026-07-29T21:50:39.065275+00:00,2026-07-29T21:50:39.065275+00:00
sleeper_rotowire,11943,16811,Michael Wiley,RB,RB,,2026,regular,rotowire,18.0,,,,,,,,,,,,,,,,,,,,1785311409495,1785311409495,2026-07-29,2026-07-29T21:50:39.065275+00:00,2026-07-29T21:50:39.065275+00:00
sleeper_rotowire,11947,16826,Austin Jones,RB,RB,,2026,regular,rotowire,18.0,,,,,,,,,,,,,,,,,,,,1785311414505,1785311414505,2026-07-29,2026-07-29T21:50:39.065275+00:00,2026-07-29T21:50:39.065275+00:00
sleeper_rotowire,11963,16810,Chris Collier,RB,RB,LV,2026,regular,rotowire,18.0,,,,,,,,,,,,,,,,,,,,1785311417067,1785311417067,2026-07-29,2026-07-29T21:50:39.065275+00:00,2026-07-29T21:50:39.065275+00:00
sleeper_rotowire,11989,16860,D.J. Williams,RB,RB,,2026,regular,rotowire,18.0,,,,,,,,,,,,,,,,,,,,1785311409498,1785311409498,2026-07-29,2026-07-29T21:50:39.065275+00:00,2026-07-29T21:50:39.065275+00:00
sleeper_rotowire,11998,16611,Emani Bailey,RB,RB,,2026,regular,rotowire,18.0,,,,,,,,,,,,,,,,,,,,1785311413271,1785311413271,2026-07-29,2026-07-29T21:50:39.065275+00:00,2026-07-29T21:50:39.065275+00:00
sleeper_rotowire,12007,16808,Nathaniel Peat,RB,RB,,2026,regular,rotowire,18.0,,,,,,,,,,,,,,,,,,,,1785311413274,1785311413274,2026-07-29,2026-07-29T21:50:39.065275+00:00,2026-07-29T21:50:39.065275+00:00
sleeper_rotowire,12013,16805,Jaden Shirden,RB,RB,,2026,regular,rotowire,18.0,,,,,,,,,,,,,,,,,,,,1785311413275,1785311413275,2026-07-29,2026-07-29T21:50:39.065275+00:00,2026-07-29T21:50:39.065275+00:00
sleeper_rotowire,12036,16871,Ian Wheeler,RB,RB,BUF,2026,regular,rotowire,18.0,,,,,,,,,,,,,,,,,,,,1785311414521,1785311414521,2026-07-29,2026-07-29T21:50:39.065275+00:00,2026-07-29T21:50:39.065275+00:00
sleeper_rotowire,12048,16608,George Holani,RB,RB,SEA,2026,regular,rotowire,18.0,,,,,,,,30.0,123.0,1.0,,4.0,29.0,,,,21.2,23.2,25.2,1785311413287,1785311413287,2026-07-29,2026-07-29T21:50:39.065275+00:00,2026-07-29T21:50:39.065275+00:00
sleeper_rotowire,12080,16825,Aidan Robbins,RB,RB,,2026,regular,rotowire,18.0,,,,,,,,,,,,,,,,,,,,1785311420915,1785311420915,2026-07-29,2026-07-29T21:50:39.065275+00:00,2026-07-29T21:50:39.065275+00:00
sleeper_rotowire,12171,16816,British Brooks,RB,RB,HOU,2026,regular,rotowire,18.0,,,,,,,,,,,,,,,,,,,,1785311413307,1785311413307,2026-07-29,2026-07-29T21:50:39.065275+00:00,2026-07-29T21:50:39.065275+00:00
sleeper_rotowire,12188,16818,Justin Strong,RB,RB,,2026,regular,rotowire,18.0,,,,,,,,,,,,,,,,,,,,1785311420930,1785311420930,2026-07-29,2026-07-29T21:50:39.065275+00:00,2026-07-29T21:50:39.065275+00:00
sleeper_rotowire,1232,10714,Robert Turbin,RB,RB,,2026,regular,rotowire,18.0,,,,,,,,,,,,,,,,,,,,1785311413335,1785311413335,2026-07-29,2026-07-29T21:50:39.065275+00:00,2026-07-29T21:50:39.065275+00:00
sleeper_rotowire,12356,16607,Jabari Small,RB,RB,DET,2026,regular,rotowire,18.0,,,,,,,,,,,,,,,,,,,,1785311419632,1785311419632,2026-07-29,2026-07-29T21:50:39.065275+00:00,2026-07-29T21:50:39.065275+00:00
sleeper_rotowire,12402,16829,Ramon Jefferson,RB,RB,,2026,regular,rotowire,18.0,,,,,,,,,,,,,,,,,,,,1785311412047,1785311412047,2026-07-29,2026-07-29T21:50:39.065275+00:00,2026-07-29T21:50:39.065275+00:00
sleeper_rotowire,12412,16957,Terrell Jennings,RB,RB,NE,2026,regular,rotowire,18.0,,,,,,,,,,,,,,,,,,,,1785311419637,1785311419637,2026-07-29,2026-07-29T21:50:39.065275+00:00,2026-07-29T21:50:39.065275+00:00
sleeper_rotowire,12455,17049,Brashard Smith,RB,RB,KC,2026,regular,rotowire,18.0,,,,,,,,16.0,67.0,1.0,,4.0,32.0,,,,15.9,17.9,19.9,1785311420972,1785311420972,2026-07-29,2026-07-29T21:50:39.065275+00:00,2026-07-29T21:50:39.065275+00:00
sleeper_rotowire,12457,17069,Jaydon Blue,RB,RB,DAL,2026,regular,rotowire,18.0,,,,,,,,50.0,210.0,2.0,,7.0,49.0,,,,37.9,41.4,44.9,1785311419646,1785311419646,2026-07-29,2026-07-29T21:50:39.065275+00:00,2026-07-29T21:50:39.065275+00:00
sleeper_rotowire,12462,17054,Damien Martinez,RB,RB,GB,2026,regular,rotowire,18.0,,,,,,,,10.0,41.0,,,2.0,14.0,,,,5.5,6.5,7.5,1785311415840,1785311415840,2026-07-29,2026-07-29T21:50:39.065275+00:00,2026-07-29T21:50:39.065275+00:00
sleeper_rotowire,12467,17055,Jordan James,RB,RB,SF,2026,regular,rotowire,18.0,,,,,,,,68.0,287.0,2.0,,11.0,80.0,,,,48.7,54.2,59.7,1785311418372,1785311418372,2026-07-29,2026-07-29T21:50:39.065275+00:00,2026-07-29T21:50:39.065275+00:00
sleeper_rotowire,12469,17047,Dylan Sampson,RB,RB,CLE,2026,regular,rotowire,18.0,,,,,,,,78.0,321.0,2.0,,23.0,176.0,1.0,,1.0,65.7,77.2,88.7,1785311419647,1785311419647,2026-07-29,2026-07-29T21:50:39.065275+00:00,2026-07-29T21:50:39.065275+00:00
sleeper_rotowire,12471,17060,DJ Giddens,RB,RB,IND,2026,regular,rotowire,18.0,,,,,,,,33.0,137.0,1.0,,6.0,43.0,,,,24.0,27.0,30.0,1785311415841,1785311415841,2026-07-29,2026-07-29T21:50:39.065275+00:00,2026-07-29T21:50:39.065275+00:00
sleeper_rotowire,12472,17062,Raheim Sanders,RB,RB,CLE,2026,regular,rotowire,18.0,,,,,,,,5.0,20.0,,,2.0,7.0,,,,2.7,3.7,4.7,1785311410775,1785311410775,2026-07-29,2026-07-29T21:50:39.065275+00:00,2026-07-29T21:50:39.065275+00:00
sleeper_rotowire,12474,17053,Woody Marks,RB,RB,HOU,2026,regular,rotowire,18.0,,,,,,,,86.0,351.0,2.0,,19.0,137.0,1.0,,1.0,64.8,74.3,83.8,1785311419650,1785311419650,2026-07-29,2026-07-29T21:50:39.065275+00:00,2026-07-29T21:50:39.065275+00:00
sleeper_rotowire,12476,17046,Devin Neal,RB,RB,NO,2026,regular,rotowire,18.0,,,,,,,,39.0,160.0,1.0,,7.0,49.0,,,1.0,24.9,28.4,31.9,1785311419651,1785311419651,2026-07-29,2026-07-29T21:50:39.065275+00:00,2026-07-29T21:50:39.065275+00:00
sleeper_rotowire,12479,17329,Ja'Quinden Jackson,RB,RB,,2026,regular,rotowire,18.0,,,,,,,,,,,,,,,,,,,,1785311410777,1785311410777,2026-07-29,2026-07-29T21:50:39.065275+00:00,2026-07-29T21:50:39.065275+00:00
sleeper_rotowire,12481,17045,Cam Skattebo,RB,RB,NYG,2026,regular,rotowire,18.0,,,,,,,,225.0,938.0,6.0,,44.0,317.0,1.0,,1.0,165.5,187.5,209.5,1785311418373,1785311418373,2026-07-29,2026-07-29T21:50:39.065275+00:00,2026-07-29T21:50:39.065275+00:00
sleeper_rotowire,12489,17068,RJ Harvey,RB,RB,DEN,2026,regular,rotowire,18.0,,,,,,,,124.0,515.0,3.0,,37.0,276.0,2.0,,1.0,107.1,125.6,144.1,1785311419654,1785311419654,2026-07-29,2026-07-29T21:50:39.065275+00:00,2026-07-29T21:50:39.065275+00:00
sleeper_rotowire,12490,17052,Bhayshul Tuten,RB,RB,JAX,2026,regular,rotowire,18.0,,,,,,,,184.0,794.0,6.0,,32.0,234.0,1.0,,1.0,142.8,158.8,174.8,1785311414593,1785311414593,2026-07-29,2026-07-29T21:50:39.065275+00:00,2026-07-29T21:50:39.065275+00:00
sleeper_rotowire,12491,17274,Corey Kiner,RB,RB,ARI,2026,regular,rotowire,18.0,,,,,,,,,,,,,,,,,,,,1785311418374,1785311418374,2026-07-29,2026-07-29T21:50:39.065275+00:00,2026-07-29T21:50:39.065275+00:00
sleeper_rotowire,12495,17059,Ollie Gordon,RB,RB,MIA,2026,regular,rotowire,18.0,,,,,,,,30.0,120.0,1.0,,3.0,22.0,,,,20.2,21.7,23.2,1785311409557,1785311409557,2026-07-29,2026-07-29T21:50:39.065275+00:00,2026-07-29T21:50:39.065275+00:00
sleeper_rotowire,12504,17048,Kaleb Johnson,RB,RB,PIT,2026,regular,rotowire,18.0,,,,,,,,42.0,174.0,1.0,,5.0,36.0,,,,27.0,29.5,32.0,1785311409559,1785311409559,2026-07-29,2026-07-29T21:50:39.065275+00:00,2026-07-29T21:50:39.065275+00:00
sleeper_rotowire,12507,17044,Omarion Hampton,RB,RB,LAC,2026,regular,rotowire,18.0,,,,,,,,232.0,1025.0,8.0,,48.0,364.0,2.0,,2.0,194.9,218.9,242.9,1785311417120,1785311417120,2026-07-29,2026-07-29T21:50:39.065275+00:00,2026-07-29T21:50:39.065275+00:00
sleeper_rotowire,12512,17051,Quinshon Judkins,RB,RB,CLE,2026,regular,rotowire,18.0,,,,,,,,244.0,1012.0,6.0,,32.0,228.0,1.0,,1.0,164.0,180.0,196.0,1785311418376,1785311418376,2026-07-29,2026-07-29T21:50:39.065275+00:00,2026-07-29T21:50:39.065275+00:00
sleeper_rotowire,12515,17057,Donovan Edwards,RB,RB,MIA,2026,regular,rotowire,18.0,,,,,,,,5.0,21.0,,,,,,,,2.1,2.1,2.1,1785311415853,1785311415853,2026-07-29,2026-07-29T21:50:39.065275+00:00,2026-07-29T21:50:39.065275+00:00
sleeper_rotowire,12516,17050,Kalel Mullings,RB,RB,TEN,2026,regular,rotowire,18.0,,,,,,,,5.0,20.0,,,2.0,16.0,,,,3.6,4.6,5.6,1785311418377,1785311418377,2026-07-29,2026-07-29T21:50:39.065275+00:00,2026-07-29T21:50:39.065275+00:00
sleeper_rotowire,12527,17042,Ashton Jeanty,RB,RB,LV,2026,regular,rotowire,18.0,,,,,,,,281.0,1152.0,8.0,,50.0,383.0,2.0,,2.0,209.5,234.5,259.5,1785311413359,1785311413359,2026-07-29,2026-07-29T21:50:39.065275+00:00,2026-07-29T21:50:39.065275+00:00
sleeper_rotowire,12529,17043,TreVeyon Henderson,RB,RB,NE,2026,regular,rotowire,18.0,,,,,,,,176.0,785.0,6.0,,35.0,260.0,1.0,,1.0,144.5,162.0,179.5,1785311410784,1785311410784,2026-07-29,2026-07-29T21:50:39.065275+00:00,2026-07-29T21:50:39.065275+00:00
sleeper_rotowire,12531,17056,Trevor Etienne,RB,RB,CAR,2026,regular,rotowire,18.0,,,,,,,,40.0,164.0,1.0,,5.0,37.0,,,,26.1,28.6,31.1,1785311413360,1785311413360,2026-07-29,2026-07-29T21:50:39.065275+00:00,2026-07-29T21:50:39.065275+00:00
sleeper_rotowire,12533,17256,Jacory Croskey-Merritt,RB,RB,WAS,2026,regular,rotowire,18.0,,,,,,,,141.0,614.0,5.0,,19.0,135.0,1.0,,1.0,108.9,118.4,127.9,1785311417124,1785311417124,2026-07-29,2026-07-29T21:50:39.065275+00:00,2026-07-29T21:50:39.065275+00:00
sleeper_rotowire,12534,17066,Kyle Monangai,RB,RB,CHI,2026,regular,rotowire,18.0,,,,,,,,166.0,751.0,6.0,,23.0,165.0,1.0,,1.0,131.6,143.1,154.6,1785311419658,1785311419658,2026-07-29,2026-07-29T21:50:39.065275+00:00,2026-07-29T21:50:39.065275+00:00
sleeper_rotowire,12543,17058,Tahj Brooks,RB,RB,CIN,2026,regular,rotowire,18.0,,,,,,,,33.0,132.0,1.0,,3.0,22.0,,,,21.4,22.9,24.4,1785311415855,1785311415855,2026-07-29,2026-07-29T21:50:39.065275+00:00,2026-07-29T21:50:39.065275+00:00
sleeper_rotowire,12544,17061,LeQuint Allen,RB,RB,JAX,2026,regular,rotowire,18.0,,,,,,,,33.0,135.0,1.0,,18.0,127.0,1.0,,,38.2,47.2,56.2,1785311417127,1785311417127,2026-07-29,2026-07-29T21:50:39.065275+00:00,2026-07-29T21:50:39.065275+00:00
sleeper_rotowire,12546,17271,Marcus Yarns,RB,RB,,2026,regular,rotowire,18.0,,,,,,,,,,,,,,,,,,,,1785311414598,1785311414598,2026-07-29,2026-07-29T21:50:39.065275+00:00,2026-07-29T21:50:39.065275+00:00
sleeper_rotowire,12656,17215,Robbie Ouzts,RB,RB,SEA,2026,regular,rotowire,18.0,,,,,,,,,,,,,,,,,,,,1785311417147,1785311417147,2026-07-29,2026-07-29T21:50:39.065275+00:00,2026-07-29T21:50:39.065275+00:00
sleeper_rotowire,12738,17063,Phil Mafah,RB,RB,DAL,2026,regular,rotowire,18.0,5.0,,,,,,,8.0,32.0,,,2.0,15.0,,,,4.7,5.7,6.7,1785311418426,1785311418426,2026-07-29,2026-07-29T21:50:39.065275+00:00,2026-07-29T21:50:39.065275+00:00
sleeper_rotowire,12787,17359,Josh Williams,RB,RB,TB,2026,regular,rotowire,18.0,,,,,,,,,,,,,,,,,,,,1785311415905,1785311415905,2026-07-29,2026-07-29T21:50:39.065275+00:00,2026-07-29T21:50:39.065275+00:00
sleeper_rotowire,12797,17336,Ahmani Marshall,RB,RB,CLE,2026,regular,rotowire,18.0,,,,,,,,,,,,,,,,,,,,1785311409597,1785311409597,2026-07-29,2026-07-29T21:50:39.065275+00:00,2026-07-29T21:50:39.065275+00:00
sleeper_rotowire,12826,17307,Ulysses Bentley,RB,RB,IND,2026,regular,rotowire,18.0,,,,,,,,,,,,,,,,,,,,1785311418438,1785311418438,2026-07-29,2026-07-29T21:50:39.065275+00:00,2026-07-29T21:50:39.065275+00:00
sleeper_rotowire,12859,17291,Nate Noel,RB,RB,,2026,regular,rotowire,18.0,,,,,,,,,,,,,,,,,,,,1785311415918,1785311415918,2026-07-29,2026-07-29T21:50:39.065275+00:00,2026-07-29T21:50:39.065275+00:00
sleeper_rotowire,12868,17266,Montrell Johnson,RB,RB,,2026,regular,rotowire,18.0,,,,,,,,,,,,,,,,,,,,1785311418448,1785311418448,2026-07-29,2026-07-29T21:50:39.065275+00:00,2026-07-29T21:50:39.065275+00:00
sleeper_rotowire,12897,17348,Nathan Carter,RB,RB,ATL,2026,regular,rotowire,18.0,,,,,,,,,,,,,,,,,,,,1785311418456,1785311418456,2026-07-29,2026-07-29T21:50:39.065275+00:00,2026-07-29T21:50:39.065275+00:00
sleeper_rotowire,12928,17272,Amar Johnson,RB,RB,LAC,2026,regular,rotowire,18.0,,,,,,,,,,,,,,,,,,,,1785311419713,1785311419713,2026-07-29,2026-07-29T21:50:39.065275+00:00,2026-07-29T21:50:39.065275+00:00
sleeper_rotowire,12940,17280,Tre Stewart,RB,RB,,2026,regular,rotowire,18.0,,,,,,,,,,,,,,,,,,,,1785311414648,1785311414648,2026-07-29,2026-07-29T21:50:39.065275+00:00,2026-07-29T21:50:39.065275+00:00
sleeper_rotowire,12969,17267,Lan Larison,RB,RB,NE,2026,regular,rotowire,18.0,,,,,,,,,,,,,,,,,,,,1785311414654,1785311414654,2026-07-29,2026-07-29T21:50:39.065275+00:00,2026-07-29T21:50:39.065275+00:00
sleeper_rotowire,13022,17279,Sone Ntoh,RB,RB,,2026,regular,rotowire,18.0,,,,,,,,,,,,,,,,,,,,1785311417198,1785311417198,2026-07-29,2026-07-29T21:50:39.065275+00:00,2026-07-29T21:50:39.065275+00:00
sleeper_rotowire,1303,11101,James Develin,FB,RB,,2026,regular,rotowire,18.0,,,,,,,,,,,,,,,,,,,,1785311413411,1785311413411,2026-07-29,2026-07-29T21:50:39.065275+00:00,2026-07-29T21:50:39.065275+00:00
sleeper_rotowire,1305,11100,Patrick DiMarco,FB,RB,,2026,regular,rotowire,18.0,,,,,,,,,,,,,,,,,,,,1785311421052,1785311421052,2026-07-29,2026-07-29T21:50:39.065275+00:00,2026-07-29T21:50:39.065275+00:00
sleeper_rotowire,1308,10985,Jamize Olawale,FB,RB,,2026,regular,rotowire,18.0,,,,,,,,,,,,,,,,,,,,1785311419735,1785311419735,2026-07-29,2026-07-29T21:50:39.065275+00:00,2026-07-29T21:50:39.065275+00:00
sleeper_rotowire,13088,17328,Quali Conley,RB,RB,,2026,regular,rotowire,18.0,,,,,,,,,,,,,,,,,,,,1785311409638,1785311409638,2026-07-29,2026-07-29T21:50:39.065275+00:00,2026-07-29T21:50:39.065275+00:00
sleeper_rotowire,13145,17345,ShunDerrick Powell,RB,RB,,2026,regular,rotowire,18.0,,,,,,,,,,,,,,,,,,,,1785311419742,1785311419742,2026-07-29,2026-07-29T21:50:39.065275+00:00,2026-07-29T21:50:39.065275+00:00
sleeper_rotowire,13240,17324,Toa Taua,RB,RB,,2026,regular,rotowire,18.0,,,,,,,,,,,,,,,,,,,,1785311409660,1785311409660,2026-07-29,2026-07-29T21:50:39.065275+00:00,2026-07-29T21:50:39.065275+00:00
sleeper_rotowire,13277,17492,CJ Donaldson,RB,RB,NO,2026,regular,rotowire,18.0,,,,,,,,,,,,,,,,,,,,1785311421085,1785311421085,2026-07-29,2026-07-29T21:50:39.065275+00:00,2026-07-29T21:50:39.065275+00:00
sleeper_rotowire,13286,17473,Jadarian Price,RB,RB,SEA,2026,regular,rotowire,18.0,,,,,,,,212.0,912.0,7.0,,19.0,138.0,1.0,,1.0,151.0,160.5,170.0,1785311421086,1785311421086,2026-07-29,2026-07-29T21:50:39.065275+00:00,2026-07-29T21:50:39.065275+00:00
sleeper_rotowire,13287,17472,Jeremiyah Love,RB,RB,ARI,2026,regular,rotowire,18.0,,,,,,,,230.0,1003.0,6.0,,53.0,392.0,2.0,,1.0,185.5,212.0,238.5,1785311421088,1785311421088,2026-07-29,2026-07-29T21:50:39.065275+00:00,2026-07-29T21:50:39.065275+00:00
sleeper_rotowire,13288,17476,Nicholas Singleton,RB,RB,TEN,2026,regular,rotowire,18.0,,,,,,,,65.0,270.0,2.0,,12.0,87.0,1.0,,1.0,51.7,57.7,63.7,1785311419759,1785311419759,2026-07-29,2026-07-29T21:50:39.065275+00:00,2026-07-29T21:50:39.065275+00:00
sleeper_rotowire,13291,17708,Kejon Owens,RB,RB,MIN,2026,regular,rotowire,18.0,,,,,,,,,,,,,,,,,,,,1785311421089,1785311421089,2026-07-29,2026-07-29T21:50:39.065275+00:00,2026-07-29T21:50:39.065275+00:00
sleeper_rotowire,13302,17652,Adam Randall,RB,RB,BAL,2026,regular,rotowire,18.0,,,,,,,,25.0,103.0,1.0,,8.0,58.0,,,,22.1,26.1,30.1,1785311419761,1785311419761,2026-07-29,2026-07-29T21:50:39.065275+00:00,2026-07-29T21:50:39.065275+00:00
sleeper_rotowire,13305,17482,Mike Washington,RB,RB,LV,2026,regular,rotowire,18.0,,,,,,,,66.0,281.0,2.0,,9.0,69.0,1.0,,,53.0,57.5,62.0,1785311412193,1785311412193,2026-07-29,2026-07-29T21:50:39.065275+00:00,2026-07-29T21:50:39.065275+00:00
sleeper_rotowire,13315,17491,Dean Connors,RB,RB,LAR,2026,regular,rotowire,18.0,,,,,,,,11.0,46.0,,,2.0,18.0,,,,6.4,7.4,8.4,1785311419762,1785311419762,2026-07-29,2026-07-29T21:50:39.065275+00:00,2026-07-29T21:50:39.065275+00:00
sleeper_rotowire,13327,17484,Desmond Reid,RB,RB,,2026,regular,rotowire,18.0,,,,,,,,29.0,122.0,1.0,,4.0,31.0,,,,21.3,23.3,25.3,1785311418504,1785311418504,2026-07-29,2026-07-29T21:50:39.065275+00:00,2026-07-29T21:50:39.065275+00:00
sleeper_rotowire,13337,17474,Emmett Johnson,RB,RB,KC,2026,regular,rotowire,18.0,,,,,,,,67.0,286.0,2.0,,12.0,86.0,1.0,,1.0,53.2,59.2,65.2,1785311417237,1785311417237,2026-07-29,2026-07-29T21:50:39.065275+00:00,2026-07-29T21:50:39.065275+00:00
sleeper_rotowire,13345,17477,Jonah Coleman,RB,RB,DEN,2026,regular,rotowire,18.0,,,,,,,,72.0,304.0,2.0,,10.0,75.0,1.0,,1.0,53.9,58.9,63.9,1785311414726,1785311414726,2026-07-29,2026-07-29T21:50:39.065275+00:00,2026-07-29T21:50:39.065275+00:00
sleeper_rotowire,13347,17481,Demond Claiborne,RB,RB,MIN,2026,regular,rotowire,18.0,,,,,,,,29.0,138.0,1.0,,9.0,67.0,,,1.0,24.5,29.0,33.5,1785311414727,1785311414727,2026-07-29,2026-07-29T21:50:39.065275+00:00,2026-07-29T21:50:39.065275+00:00
sleeper_rotowire,13348,17487,J'Mari Taylor,RB,RB,JAX,2026,regular,rotowire,18.0,,,,,,,,38.0,160.0,1.0,,5.0,37.0,,,,25.7,28.2,30.7,1785311415997,1785311415997,2026-07-29,2026-07-29T21:50:39.065275+00:00,2026-07-29T21:50:39.065275+00:00
sleeper_rotowire,13403,17486,Jam Miller,RB,RB,NE,2026,regular,rotowire,18.0,,,,,,,,22.0,92.0,1.0,,3.0,22.0,,,,17.4,18.9,20.4,1785311412212,1785311412212,2026-07-29,2026-07-29T21:50:39.065275+00:00,2026-07-29T21:50:39.065275+00:00
sleeper_rotowire,13405,17478,Kaytron Allen,RB,RB,WAS,2026,regular,rotowire,18.0,,,,,,,,53.0,220.0,2.0,,8.0,59.0,,,1.0,37.9,41.9,45.9,1785311419781,1785311419781,2026-07-29,2026-07-29T21:50:39.065275+00:00,2026-07-29T21:50:39.065275+00:00
sleeper_rotowire,13414,17485,Kaelon Black,RB,RB,SF,2026,regular,rotowire,18.0,,,,,,,,49.0,200.0,2.0,,6.0,43.0,,,,36.3,39.3,42.3,1785311413472,1785311413472,2026-07-29,2026-07-29T21:50:39.065275+00:00,2026-07-29T21:50:39.065275+00:00
sleeper_rotowire,13416,17483,Roman Hemby,RB,RB,LV,2026,regular,rotowire,18.0,,,,,,,,,,,,,,,,,,,,1785311412215,1785311412215,2026-07-29,2026-07-29T21:50:39.065275+00:00,2026-07-29T21:50:39.065275+00:00
sleeper_rotowire,13418,17709,Robert Henry,RB,RB,WAS,2026,regular,rotowire,18.0,,,,,,,,,,,,,,,,,,,,1785311409674,1785311409674,2026-07-29,2026-07-29T21:50:39.065275+00:00,2026-07-29T21:50:39.065275+00:00
sleeper_rotowire,13419,17480,Jaydn Ott,RB,RB,KC,2026,regular,rotowire,18.0,,,,,,,,15.0,63.0,,,3.0,19.0,,,,8.2,9.7,11.2,1785311417249,1785311417249,2026-07-29,2026-07-29T21:50:39.065275+00:00,2026-07-29T21:50:39.065275+00:00
sleeper_rotowire,13423,17685,Eli Heidenreich,RB,RB,PIT,2026,regular,rotowire,18.0,,,,,,,,,,,,,,,,,,,,1785311412218,1785311412218,2026-07-29,2026-07-29T21:50:39.065275+00:00,2026-07-29T21:50:39.065275+00:00
sleeper_rotowire,13424,17475,Seth McGowan,RB,RB,IND,2026,regular,rotowire,18.0,,,,,,,,44.0,184.0,1.0,,7.0,49.0,,,,29.3,32.8,36.3,1785311412219,1785311412219,2026-07-29,2026-07-29T21:50:39.065275+00:00,2026-07-29T21:50:39.065275+00:00
sleeper_rotowire,13437,17490,Noah Whittington,RB,RB,HOU,2026,regular,rotowire,18.0,,,,,,,,,,,,,,,,,,,,1785311421102,1785311421102,2026-07-29,2026-07-29T21:50:39.065275+00:00,2026-07-29T21:50:39.065275+00:00
sleeper_rotowire,13595,17493,Cash Jones,RB,RB,ATL,2026,regular,rotowire,18.0,,,,,,,,,,,,,,,,,,,,1785311414759,1785311414759,2026-07-29,2026-07-29T21:50:39.065275+00:00,2026-07-29T21:50:39.065275+00:00
sleeper_rotowire,13725,17738,Dominic Richardson,RB,RB,DAL,2026,regular,rotowire,18.0,,,,,,,,,,,,,,,,,,,,1785311421140,1785311421140,2026-07-29,2026-07-29T21:50:39.065275+00:00,2026-07-29T21:50:39.065275+00:00
sleeper_rotowire,13778,17732,EJ Smith,RB,RB,KC,2026,regular,rotowire,18.0,,,,,,,,,,,,,,,,,,,,1785311419836,1785311419836,2026-07-29,2026-07-29T21:50:39.065275+00:00,2026-07-29T21:50:39.065275+00:00
sleeper_rotowire,13780,17488,Terion Stewart,RB,RB,KC,2026,regular,rotowire,18.0,,,,,,,,,,,,,,,,,,,,1785311409717,1785311409717,2026-07-29,2026-07-29T21:50:39.065275+00:00,2026-07-29T21:50:39.065275+00:00
sleeper_rotowire,1379,11367,Kyle Juszczyk,FB,RB,SF,2026,regular,rotowire,18.0,,,,,,,,3.0,9.0,,,11.0,80.0,,,,8.9,14.4,19.9,1785311410945,1785311410945,2026-07-29,2026-07-29T21:50:39.065275+00:00,2026-07-29T21:50:39.065275+00:00
sleeper_rotowire,13844,17739,Coleman Bennett,RB,RB,CHI,2026,regular,rotowire,18.0,,,,,,,,,,,,,,,,,,,,1785311418576,1785311418576,2026-07-29,2026-07-29T21:50:39.065275+00:00,2026-07-29T21:50:39.065275+00:00
sleeper_rotowire,1386,11193,Giovani Bernard,RB,RB,,2026,regular,rotowire,18.0,,,,,,,,,,,,,,,,,,,,1785311410954,1785311410954,2026-07-29,2026-07-29T21:50:39.065275+00:00,2026-07-29T21:50:39.065275+00:00
sleeper_rotowire,1387,11182,Rex Burkhead,RB,RB,,2026,regular,rotowire,18.0,,,,,,,,,,,,,,,,,,,,1785311409729,1785311409729,2026-07-29,2026-07-29T21:50:39.065275+00:00,2026-07-29T21:50:39.065275+00:00
sleeper_rotowire,13964,17718,Myles Montgomery,RB,RB,NE,2026,regular,rotowire,18.0,,,,,,,,,,,,,,,,,,,,1785311418593,1785311418593,2026-07-29,2026-07-29T21:50:39.065275+00:00,2026-07-29T21:50:39.065275+00:00
sleeper_rotowire,1408,11192,Le'Veon Bell,RB,RB,TB,2026,regular,rotowire,18.0,,,,,,,,,,,,,,,,,,,,1785311417340,1785311417340,2026-07-29,2026-07-29T21:50:39.065275+00:00,2026-07-29T21:50:39.065275+00:00
sleeper_rotowire,1451,11454,C.J. Anderson,RB,RB,,2026,regular,rotowire,18.0,,,,,,,,,,,,,,,,,,,,1785311414831,1785311414831,2026-07-29,2026-07-29T21:50:39.065275+00:00,2026-07-29T21:50:39.065275+00:00
sleeper_rotowire,1476,11390,Latavius Murray,RB,RB,,2026,regular,rotowire,18.0,,,,,,,,,,,,,,,,,,,,1785311412307,1785311412307,2026-07-29,2026-07-29T21:50:39.065275+00:00,2026-07-29T21:50:39.065275+00:00
sleeper_rotowire,1502,11186,Chris Thompson,RB,RB,,2026,regular,rotowire,18.0,,,,,,,,,,,,,,,,,,,,1785311419887,1785311419887,2026-07-29,2026-07-29T21:50:39.065275+00:00,2026-07-29T21:50:39.065275+00:00
sleeper_rotowire,1517,11188,Theo Riddick,RB,RB,,2026,regular,rotowire,18.0,,,,,,,,,,,,,,,,,,,,1785311413574,1785311413574,2026-07-29,2026-07-29T21:50:39.065275+00:00,2026-07-29T21:50:39.065275+00:00
sleeper_rotowire,1535,11225,Cordarrelle Patterson,RB,RB,,2026,regular,rotowire,18.0,,,,,,,,,,,,,,,,,,,,1785311418610,1785311418610,2026-07-29,2026-07-29T21:50:39.065275+00:00,2026-07-29T21:50:39.065275+00:00
sleeper_rotowire,1546,11177,Kenjon Barner,RB,RB,,2026,regular,rotowire,18.0,,,,,,,,,,,,,,,,,,,,1785311416091,1785311416091,2026-07-29,2026-07-29T21:50:39.065275+00:00,2026-07-29T21:50:39.065275+00:00
sleeper_rotowire,1601,11199,Spencer Ware,RB,RB,,2026,regular,rotowire,18.0,,,,,,,,,,,,,,,,,,,,1785311416093,1785311416093,2026-07-29,2026-07-29T21:50:39.065275+00:00,2026-07-29T21:50:39.065275+00:00
sleeper_rotowire,1693,11474,Zach Line,FB,RB,,2026,regular,rotowire,18.0,,,,,,,,,,,,,,,,,,,,1785311419893,1785311419893,2026-07-29,2026-07-29T21:50:39.065275+00:00,2026-07-29T21:50:39.065275+00:00
sleeper_rotowire,1794,11894,David Fluellen,RB,RB,,2026,regular,rotowire,18.0,,,,,,,,,,,,,,,,,,,,1785311417365,1785311417365,2026-07-29,2026-07-29T21:50:39.065275+00:00,2026-07-29T21:50:39.065275+00:00
sleeper_rotowire,1833,11886,Damien Williams,RB,RB,,2026,regular,rotowire,18.0,,,,,,,,,,,,,,,,,,,,1785311421217,1785311421217,2026-07-29,2026-07-29T21:50:39.065275+00:00,2026-07-29T21:50:39.065275+00:00
sleeper_rotowire,184,8658,Adrian Peterson,RB,RB,,2026,regular,rotowire,18.0,,,,,,,,,,,,,,,,,,,,1785311414849,1785311414849,2026-07-29,2026-07-29T21:50:39.065275+00:00,2026-07-29T21:50:39.065275+00:00
sleeper_rotowire,1841,11908,Stephen Houston,RB,RB,,2026,regular,rotowire,18.0,,,,,,,,,,,,,,,,,,,,1785311417372,1785311417372,2026-07-29,2026-07-29T21:50:39.065275+00:00,2026-07-29T21:50:39.065275+00:00
sleeper_rotowire,1848,11747,James White,RB,RB,,2026,regular,rotowire,18.0,,,,,,,,,,,,,,,,,,,,1785311414852,1785311414852,2026-07-29,2026-07-29T21:50:39.065275+00:00,2026-07-29T21:50:39.065275+00:00
sleeper_rotowire,2073,12040,Keith Smith,FB,RB,,2026,regular,rotowire,18.0,,,,,,,,,,,,,,,,,,,,1785311409794,1785311409794,2026-07-29,2026-07-29T21:50:39.065275+00:00,2026-07-29T21:50:39.065275+00:00
sleeper_rotowire,2114,11964,Senorise Perry,RB,RB,,2026,regular,rotowire,18.0,,,,,,,,,,,,,,,,,,,,1785311412336,1785311412336,2026-07-29,2026-07-29T21:50:39.065275+00:00,2026-07-29T21:50:39.065275+00:00
sleeper_rotowire,2142,11669,Rajion Neal,RB,RB,,2026,regular,rotowire,18.0,,,,,,,,,,,,,,,,,,,,1785311412339,1785311412339,2026-07-29,2026-07-29T21:50:39.065275+00:00,2026-07-29T21:50:39.065275+00:00
sleeper_rotowire,2161,11761,Jerick McKinnon,RB,RB,,2026,regular,rotowire,18.0,,,,,,,,,,,,,,,,,,,,1785311416125,1785311416125,2026-07-29,2026-07-29T21:50:39.065275+00:00,2026-07-29T21:50:39.065275+00:00
sleeper_rotowire,2168,11660,Devonta Freeman,RB,RB,,2026,regular,rotowire,18.0,,,,,,,,,,,,,,,,,,,,1785311419919,1785311419919,2026-07-29,2026-07-29T21:50:39.065275+00:00,2026-07-29T21:50:39.065275+00:00
sleeper_rotowire,2174,4397,Roosevelt Nix,FB,RB,,2026,regular,rotowire,18.0,,,,,,,,,,,,,,,,,,,,1785311421236,1785311421236,2026-07-29,2026-07-29T21:50:39.065275+00:00,2026-07-29T21:50:39.065275+00:00
sleeper_rotowire,2200,11893,Timothy Flanders,RB,RB,,2026,regular,rotowire,18.0,,,,,,,,,,,,,,,,,,,,1785311414878,1785311414878,2026-07-29,2026-07-29T21:50:39.065275+00:00,2026-07-29T21:50:39.065275+00:00
sleeper_rotowire,2257,11657,Carlos Hyde,RB,RB,,2026,regular,rotowire,18.0,,,,,,,,,,,,,,,,,,,,1785311418659,1785311418659,2026-07-29,2026-07-29T21:50:39.065275+00:00,2026-07-29T21:50:39.065275+00:00
sleeper_rotowire,2262,11879,Trey Millard,RB,RB,,2026,regular,rotowire,18.0,,,,,,,,,,,,,,,,,,,,1785311413605,1785311413605,2026-07-29,2026-07-29T21:50:39.065275+00:00,2026-07-29T21:50:39.065275+00:00
sleeper_rotowire,2315,12150,Todd Gurley,RB,RB,,2026,regular,rotowire,18.0,,,,,,,,,,,,,,,,,,,,1785311414888,1785311414888,2026-07-29,2026-07-29T21:50:39.065275+00:00,2026-07-29T21:50:39.065275+00:00
sleeper_rotowire,232,7877,Frank Gore,RB,RB,,2026,regular,rotowire,18.0,,,,,,,,,,,,,,,,,,,,1785311411033,1785311411033,2026-07-29,2026-07-29T21:50:39.065275+00:00,2026-07-29T21:50:39.065275+00:00
sleeper_rotowire,2320,12151,Melvin Gordon,RB,RB,,2026,regular,rotowire,18.0,,,,,,,,,,,,,,,,,,,,1785311409804,1785311409804,2026-07-29,2026-07-29T21:50:39.065275+00:00,2026-07-29T21:50:39.065275+00:00
sleeper_rotowire,2341,12153,T.J. Yeldon,RB,RB,,2026,regular,rotowire,18.0,,,,,,,,,,,,,,,,,,,,1785311409808,1785311409808,2026-07-29,2026-07-29T21:50:39.065275+00:00,2026-07-29T21:50:39.065275+00:00
sleeper_rotowire,2359,12155,Ameer Abdullah,RB,RB,JAX,2026,regular,rotowire,18.0,,,,,,,,3.0,13.0,,,2.0,15.0,,,,2.8,3.8,4.8,1785311417419,1785311417419,2026-07-29,2026-07-29T21:50:39.065275+00:00,2026-07-29T21:50:39.065275+00:00
sleeper_rotowire,2378,12152,Tevin Coleman,RB,RB,,2026,regular,rotowire,18.0,,,,,,,,,,,,,,,,,,,,1785311419929,1785311419929,2026-07-29,2026-07-29T21:50:39.065275+00:00,2026-07-29T21:50:39.065275+00:00
sleeper_rotowire,2382,12157,Duke Johnson,RB,RB,,2026,regular,rotowire,18.0,,,,,,,,,,,,,,,,,,,,1785311421251,1785311421251,2026-07-29,2026-07-29T21:50:39.065275+00:00,2026-07-29T21:50:39.065275+00:00
sleeper_rotowire,2391,12171,David Johnson,RB,RB,,2026,regular,rotowire,18.0,,,,,,,,,,,,,,,,,,,,1785311416144,1785311416144,2026-07-29,2026-07-29T21:50:39.065275+00:00,2026-07-29T21:50:39.065275+00:00
sleeper_rotowire,2399,12261,Ty Montgomery,RB,RB,,2026,regular,rotowire,18.0,,,,,,,,,,,,,,,,,,,,1785311419933,1785311419933,2026-07-29,2026-07-29T21:50:39.065275+00:00,2026-07-29T21:50:39.065275+00:00
sleeper_rotowire,2430,12159,Javorius Allen,RB,RB,,2026,regular,rotowire,18.0,,,,,,,,,,,,,,,,,,,,1785311412356,1785311412356,2026-07-29,2026-07-29T21:50:39.065275+00:00,2026-07-29T21:50:39.065275+00:00
sleeper_rotowire,2431,12164,Mike Davis,RB,RB,,2026,regular,rotowire,18.0,,,,,,,,,,,,,,,,,,,,1785311412357,1785311412357,2026-07-29,2026-07-29T21:50:39.065275+00:00,2026-07-29T21:50:39.065275+00:00
sleeper_rotowire,2452,12154,Jay Ajayi,RB,RB,,2026,regular,rotowire,18.0,,,,,,,,,,,,,,,,,,,,1785311416154,1785311416154,2026-07-29,2026-07-29T21:50:39.065275+00:00,2026-07-29T21:50:39.065275+00:00
sleeper_rotowire,246,7942,Darren Sproles,RB,RB,,2026,regular,rotowire,18.0,,,,,,,,,,,,,,,,,,,,1785311414898,1785311414898,2026-07-29,2026-07-29T21:50:39.065275+00:00,2026-07-29T21:50:39.065275+00:00
sleeper_rotowire,2471,12325,Michael Burton,FB,RB,CLE,2026,regular,rotowire,18.0,,,,,,,,,,,,,,,,,,,,1785311413622,1785311413622,2026-07-29,2026-07-29T21:50:39.065275+00:00,2026-07-29T21:50:39.065275+00:00
sleeper_rotowire,2496,12345,Malcolm Johnson,FB,RB,,2026,regular,rotowire,18.0,,,,,,,,,,,,,,,,,,,,1785311416159,1785311416159,2026-07-29,2026-07-29T21:50:39.065275+00:00,2026-07-29T21:50:39.065275+00:00
sleeper_rotowire,2560,12264,Zach Zenner,RB,RB,,2026,regular,rotowire,18.0,,,,,,,,,,,,,,,,,,,,1785311419947,1785311419947,2026-07-29,2026-07-29T21:50:39.065275+00:00,2026-07-29T21:50:39.065275+00:00
sleeper_rotowire,2581,12408,Jahwan Edwards,RB,RB,,2026,regular,rotowire,18.0,,,,,,,,,,,,,,,,,,,,1785311412365,1785311412365,2026-07-29,2026-07-29T21:50:39.065275+00:00,2026-07-29T21:50:39.065275+00:00
sleeper_rotowire,2588,12386,Malcolm Brown,RB,RB,,2026,regular,rotowire,18.0,,,,,,,,,,,,,,,,,,,,1785311409820,1785311409820,2026-07-29,2026-07-29T21:50:39.065275+00:00,2026-07-29T21:50:39.065275+00:00
sleeper_rotowire,2597,12165,Michael Dyer,RB,RB,,2026,regular,rotowire,18.0,,,,,,,,,,,,,,,,,,,,1785311418679,1785311418679,2026-07-29,2026-07-29T21:50:39.065275+00:00,2026-07-29T21:50:39.065275+00:00
sleeper_rotowire,2749,12447,Raheem Mostert,RB,RB,,2026,regular,rotowire,18.0,,,,,,,,10.0,42.0,,,5.0,33.0,,,,7.5,10.0,12.5,1785311411055,1785311411055,2026-07-29,2026-07-29T21:50:39.065275+00:00,2026-07-29T21:50:39.065275+00:00
sleeper_rotowire,2785,12406,Gus Johnson,RB,RB,,2026,regular,rotowire,18.0,,,,,,,,,,,,,,,,,,,,1785311413645,1785311413645,2026-07-29,2026-07-29T21:50:39.065275+00:00,2026-07-29T21:50:39.065275+00:00
sleeper_rotowire,2820,12174,Dominique Brown,RB,RB,,2026,regular,rotowire,18.0,,,,,,,,,,,,,,,,,,,,1785311413648,1785311413648,2026-07-29,2026-07-29T21:50:39.065275+00:00,2026-07-29T21:50:39.065275+00:00
sleeper_rotowire,2892,12444,Rodney Smith,RB,RB,,2026,regular,rotowire,18.0,,,,,,,,,,,,,,,,,,,,1785311411068,1785311411068,2026-07-29,2026-07-29T21:50:39.065275+00:00,2026-07-29T21:50:39.065275+00:00
sleeper_rotowire,2927,12436,Keshawn Hill,RB,RB,,2026,regular,rotowire,18.0,,,,,,,,,,,,,,,,,,,,1785311417451,1785311417451,2026-07-29,2026-07-29T21:50:39.065275+00:00,2026-07-29T21:50:39.065275+00:00
sleeper_rotowire,2936,12395,Rasheed Williams,RB,RB,,2026,regular,rotowire,18.0,,,,,,,,,,,,,,,,,,,,1785311418699,1785311418699,2026-07-29,2026-07-29T21:50:39.065275+00:00,2026-07-29T21:50:39.065275+00:00
sleeper_rotowire,2949,12387,Synjyn Days,RB,RB,,2026,regular,rotowire,18.0,,,,,,,,,,,,,,,,,,,,1785311418701,1785311418701,2026-07-29,2026-07-29T21:50:39.065275+00:00,2026-07-29T21:50:39.065275+00:00
sleeper_rotowire,2981,12407,Ross Scheuerman,RB,RB,,2026,regular,rotowire,18.0,,,,,,,,,,,,,,,,,,,,1785311419983,1785311419983,2026-07-29,2026-07-29T21:50:39.065275+00:00,2026-07-29T21:50:39.065275+00:00
sleeper_rotowire,3164,12625,Ezekiel Elliott,RB,RB,,2026,regular,rotowire,18.0,,,,,,,,,,,,,,,,,,,,1785311418714,1785311418714,2026-07-29,2026-07-29T21:50:39.065275+00:00,2026-07-29T21:50:39.065275+00:00
sleeper_rotowire,3198,12626,Derrick Henry,RB,RB,BAL,2026,regular,rotowire,18.0,,,,,,,,281.0,1406.0,12.0,1.0,17.0,133.0,1.0,,2.0,229.9,238.4,246.9,1785311412403,1785311412403,2026-07-29,2026-07-29T21:50:39.065275+00:00,2026-07-29T21:50:39.065275+00:00
sleeper_rotowire,3204,12627,C.J. Prosise,RB,RB,,2026,regular,rotowire,18.0,,,,,,,,,,,,,,,,,,,,1785311411093,1785311411093,2026-07-29,2026-07-29T21:50:39.065275+00:00,2026-07-29T21:50:39.065275+00:00
sleeper_rotowire,3208,12632,Kenneth Dixon,RB,RB,,2026,regular,rotowire,18.0,,,,,,,,,,,,,,,,,,,,1785311411095,1785311411095,2026-07-29,2026-07-29T21:50:39.065275+00:00,2026-07-29T21:50:39.065275+00:00
sleeper_rotowire,3209,12629,Devontae Booker,RB,RB,,2026,regular,rotowire,18.0,,,,,,,,,,,,,,,,,,,,1785311418715,1785311418715,2026-07-29,2026-07-29T21:50:39.065275+00:00,2026-07-29T21:50:39.065275+00:00
sleeper_rotowire,3211,12631,Paul Perkins,RB,RB,,2026,regular,rotowire,18.0,,,,,,,,,,,,,,,,,,,,1785311412408,1785311412408,2026-07-29,2026-07-29T21:50:39.065275+00:00,2026-07-29T21:50:39.065275+00:00
sleeper_rotowire,3242,12630,Kenyan Drake,RB,RB,,2026,regular,rotowire,18.0,,,,,,,,,,,,,,,,,,,,1785311416218,1785311416218,2026-07-29,2026-07-29T21:50:39.065275+00:00,2026-07-29T21:50:39.065275+00:00
sleeper_rotowire,3280,12639,Tyler Ervin,RB,RB,,2026,regular,rotowire,18.0,,,,,,,,,,,,,,,,,,,,1785311409870,1785311409870,2026-07-29,2026-07-29T21:50:39.065275+00:00,2026-07-29T21:50:39.065275+00:00
sleeper_rotowire,3300,12857,DeAndre Washington,RB,RB,,2026,regular,rotowire,18.0,,,,,,,,,,,,,,,,,,,,1785311416229,1785311416229,2026-07-29,2026-07-29T21:50:39.065275+00:00,2026-07-29T21:50:39.065275+00:00
sleeper_rotowire,3306,12634,Jordan Howard,RB,RB,,2026,regular,rotowire,18.0,,,,,,,,,,,,,,,,,,,,1785311413678,1785311413678,2026-07-29,2026-07-29T21:50:39.065275+00:00,2026-07-29T21:50:39.065275+00:00
sleeper_rotowire,3309,12636,Wendell Smallwood,RB,RB,WAS,2026,regular,rotowire,18.0,,,,,,,,,,,,,,,,,,,,1785311416234,1785311416234,2026-07-29,2026-07-29T21:50:39.065275+00:00,2026-07-29T21:50:39.065275+00:00
sleeper_rotowire,3312,12635,Jonathan Williams,RB,RB,,2026,regular,rotowire,18.0,,,,,,,,,,,,,,,,,,,,1785311412417,1785311412417,2026-07-29,2026-07-29T21:50:39.065275+00:00,2026-07-29T21:50:39.065275+00:00
sleeper_rotowire,3332,12806,Andy Janovich,FB,RB,,2026,regular,rotowire,18.0,,,,,,,,,,,,,,,,,,,,1785311420013,1785311420013,2026-07-29,2026-07-29T21:50:39.065275+00:00,2026-07-29T21:50:39.065275+00:00
sleeper_rotowire,3353,12822,Dan Vitale,FB,RB,,2026,regular,rotowire,18.0,,,,,,,,,,,,,,,,,,,,1785311409878,1785311409878,2026-07-29,2026-07-29T21:50:39.065275+00:00,2026-07-29T21:50:39.065275+00:00
sleeper_rotowire,3354,12823,Derek Watt,FB,RB,,2026,regular,rotowire,18.0,,,,,,,,,,,,,,,,,,,,1785311412423,1785311412423,2026-07-29,2026-07-29T21:50:39.065275+00:00,2026-07-29T21:50:39.065275+00:00
sleeper_rotowire,3371,12832,Darius Jackson,RB,RB,,2026,regular,rotowire,18.0,,,,,,,,,,,,,,,,,,,,1785311409879,1785311409879,2026-07-29,2026-07-29T21:50:39.065275+00:00,2026-07-29T21:50:39.065275+00:00
sleeper_rotowire,3391,12845,Dwayne Washington,RB,RB,,2026,regular,rotowire,18.0,,,,,,,,,,,,,,,,,,,,1785311414956,1785311414956,2026-07-29,2026-07-29T21:50:39.065275+00:00,2026-07-29T21:50:39.065275+00:00
sleeper_rotowire,3397,12643,Keith Marshall,RB,RB,,2026,regular,rotowire,18.0,,,,,,,,,,,,,,,,,,,,1785311421321,1785311421321,2026-07-29,2026-07-29T21:50:39.065275+00:00,2026-07-29T21:50:39.065275+00:00
sleeper_rotowire,3402,12852,Zac Brooks,RB,RB,,2026,regular,rotowire,18.0,,,,,,,,,,,,,,,,,,,,1785311413685,1785311413685,2026-07-29,2026-07-29T21:50:39.065275+00:00,2026-07-29T21:50:39.065275+00:00
sleeper_rotowire,3412,12869,Devon Johnson,RB,RB,,2026,regular,rotowire,18.0,,,,,,,,,,,,,,,,,,,,1785311412434,1785311412434,2026-07-29,2026-07-29T21:50:39.065275+00:00,2026-07-29T21:50:39.065275+00:00
sleeper_rotowire,3453,12640,Josh Ferguson,RB,RB,,2026,regular,rotowire,18.0,,,,,,,,,,,,,,,,,,,,1785311411116,1785311411116,2026-07-29,2026-07-29T21:50:39.065275+00:00,2026-07-29T21:50:39.065275+00:00
sleeper_rotowire,3488,12871,D.J. Foster,RB,RB,,2026,regular,rotowire,18.0,,,,,,,,,,,,,,,,,,,,1785311414963,1785311414963,2026-07-29,2026-07-29T21:50:39.065275+00:00,2026-07-29T21:50:39.065275+00:00
sleeper_rotowire,3531,12858,Marshaun Coprich,RB,RB,,2026,regular,rotowire,18.0,,,,,,,,,,,,,,,,,,,,1785311411121,1785311411121,2026-07-29,2026-07-29T21:50:39.065275+00:00,2026-07-29T21:50:39.065275+00:00
sleeper_rotowire,3570,12909,Brandon Ross,RB,RB,,2026,regular,rotowire,18.0,,,,,,,,,,,,,,,,,,,,1785311417497,1785311417497,2026-07-29,2026-07-29T21:50:39.065275+00:00,2026-07-29T21:50:39.065275+00:00
sleeper_rotowire,3594,12637,Peyton Barber,RB,RB,,2026,regular,rotowire,18.0,,,,,,,,,,,,,,,,,,,,1785311416267,1785311416267,2026-07-29,2026-07-29T21:50:39.065275+00:00,2026-07-29T21:50:39.065275+00:00
sleeper_rotowire,3664,13108,J.D. McKissic,RB,RB,,2026,regular,rotowire,18.0,,,,,,,,,,,,,,,,,,,,1785311420049,1785311420049,2026-07-29,2026-07-29T21:50:39.065275+00:00,2026-07-29T21:50:39.065275+00:00
sleeper_rotowire,3688,13057,Tra Carson,RB,RB,,2026,regular,rotowire,18.0,,,,,,,,,,,,,,,,,,,,1785311421347,1785311421347,2026-07-29,2026-07-29T21:50:39.065275+00:00,2026-07-29T21:50:39.065275+00:00
sleeper_rotowire,3780,12901,Cedric O'Neal,RB,RB,,2026,regular,rotowire,18.0,,,,,,,,,,,,,,,,,,,,1785311420057,1785311420057,2026-07-29,2026-07-29T21:50:39.065275+00:00,2026-07-29T21:50:39.065275+00:00
sleeper_rotowire,3803,13239,Elijhaa Penny,RB,RB,,2026,regular,rotowire,18.0,,,,,,,,,,,,,,,,,,,,1785311409928,1785311409928,2026-07-29,2026-07-29T21:50:39.065275+00:00,2026-07-29T21:50:39.065275+00:00
sleeper_rotowire,3832,12923,C.J. Ham,FB,RB,,2026,regular,rotowire,18.0,,,,,,,,,,,,,,,,,,,,1785311411143,1785311411143,2026-07-29,2026-07-29T21:50:39.065275+00:00,2026-07-29T21:50:39.065275+00:00
sleeper_rotowire,3868,12912,Jalen Richard,RB,RB,LV,2026,regular,rotowire,18.0,,,,,,,,,,,,,,,,,,,,1785311417518,1785311417518,2026-07-29,2026-07-29T21:50:39.065275+00:00,2026-07-29T21:50:39.065275+00:00
sleeper_rotowire,3934,12929,Troymaine Pope,RB,RB,,2026,regular,rotowire,18.0,,,,,,,,,,,,,,,,,,,,1785311413725,1785311413725,2026-07-29,2026-07-29T21:50:39.065275+00:00,2026-07-29T21:50:39.065275+00:00
sleeper_rotowire,3969,13129,Leonard Fournette,RB,RB,,2026,regular,rotowire,18.0,,,,,,,,,,,,,,,,,,,,1785311409939,1785311409939,2026-07-29,2026-07-29T21:50:39.065275+00:00,2026-07-29T21:50:39.065275+00:00
sleeper_rotowire,4018,13131,Joe Mixon,RB,RB,,2026,regular,rotowire,18.0,,,,,,,,,,,,,,,,,,,,1785311417525,1785311417525,2026-07-29,2026-07-29T21:50:39.065275+00:00,2026-07-29T21:50:39.065275+00:00
sleeper_rotowire,4029,13128,Dalvin Cook,RB,RB,,2026,regular,rotowire,18.0,,,,,,,,,,,,,,,,,,,,1785311411149,1785311411149,2026-07-29,2026-07-29T21:50:39.065275+00:00,2026-07-29T21:50:39.065275+00:00
sleeper_rotowire,4034,13130,Christian McCaffrey,RB,RB,SF,2026,regular,rotowire,18.0,,,,,,,,240.0,984.0,7.0,,70.0,606.0,4.0,,2.0,221.0,256.0,291.0,1785311417528,1785311417528,2026-07-29,2026-07-29T21:50:39.065275+00:00,2026-07-29T21:50:39.065275+00:00
sleeper_rotowire,4035,13132,Alvin Kamara,RB,RB,NO,2026,regular,rotowire,18.0,,,,,,,,45.0,185.0,1.0,,20.0,145.0,1.0,,1.0,43.0,53.0,63.0,1785311416286,1785311416286,2026-07-29,2026-07-29T21:50:39.065275+00:00,2026-07-29T21:50:39.065275+00:00
sleeper_rotowire,4042,13237,Joe Williams,RB,RB,,2026,regular,rotowire,18.0,,,,,,,,,,,,,,,,,,,,1785311415003,1785311415003,2026-07-29,2026-07-29T21:50:39.065275+00:00,2026-07-29T21:50:39.065275+00:00
sleeper_rotowire,4098,13138,Kareem Hunt,RB,RB,,2026,regular,rotowire,18.0,,,,,,,,35.0,130.0,1.0,,3.0,22.0,,,,21.2,22.7,24.2,1785311415012,1785311415012,2026-07-29,2026-07-29T21:50:39.065275+00:00,2026-07-29T21:50:39.065275+00:00
sleeper_rotowire,4111,13134,D'Onta Foreman,RB,RB,,2026,regular,rotowire,18.0,,,,,,,,,,,,,,,,,,,,1785311417537,1785311417537,2026-07-29,2026-07-29T21:50:39.065275+00:00,2026-07-29T21:50:39.065275+00:00
sleeper_rotowire,4137,13146,James Conner,RB,RB,ARI,2026,regular,rotowire,18.0,,,,,,,,53.0,220.0,2.0,,11.0,82.0,1.0,,1.0,46.2,51.7,57.2,1785311421371,1785311421371,2026-07-29,2026-07-29T21:50:39.065275+00:00,2026-07-29T21:50:39.065275+00:00
sleeper_rotowire,4147,13133,Samaje Perine,RB,RB,CIN,2026,regular,rotowire,18.0,,,,,,,,60.0,251.0,2.0,,12.0,85.0,,,,45.6,51.6,57.6,1785311412486,1785311412486,2026-07-29,2026-07-29T21:50:39.065275+00:00,2026-07-29T21:50:39.065275+00:00
sleeper_rotowire,4149,13139,Jamaal Williams,RB,RB,,2026,regular,rotowire,18.0,,,,,,,,,,,,,,,,,,,,1785311411170,1785311411170,2026-07-29,2026-07-29T21:50:39.065275+00:00,2026-07-29T21:50:39.065275+00:00
sleeper_rotowire,4150,13135,Wayne Gallman,RB,RB,,2026,regular,rotowire,18.0,,,,,,,,,,,,,,,,,,,,1785311409957,1785311409957,2026-07-29,2026-07-29T21:50:39.065275+00:00,2026-07-29T21:50:39.065275+00:00
sleeper_rotowire,4152,13234,Marlon Mack,RB,RB,,2026,regular,rotowire,18.0,,,,,,,,,,,,,,,,,,,,1785311415022,1785311415022,2026-07-29,2026-07-29T21:50:39.065275+00:00,2026-07-29T21:50:39.065275+00:00
sleeper_rotowire,4157,13290,Tarik Cohen,RB,RB,,2026,regular,rotowire,18.0,,,,,,,,,,,,,,,,,,,,1785311416300,1785311416300,2026-07-29,2026-07-29T21:50:39.065275+00:00,2026-07-29T21:50:39.065275+00:00
sleeper_rotowire,4186,13142,T.J. Logan,RB,RB,,2026,regular,rotowire,18.0,,,,,,,,,,,,,,,,,,,,1785311416306,1785311416306,2026-07-29,2026-07-29T21:50:39.065275+00:00,2026-07-29T21:50:39.065275+00:00
sleeper_rotowire,4187,13240,Brian Hill,RB,RB,,2026,regular,rotowire,18.0,,,,,,,,,,,,,,,,,,,,1785311409961,1785311409961,2026-07-29,2026-07-29T21:50:39.065275+00:00,2026-07-29T21:50:39.065275+00:00
sleeper_rotowire,4199,13319,Aaron Jones,RB,RB,MIN,2026,regular,rotowire,18.0,,,,,,,,131.0,563.0,3.0,,34.0,248.0,1.0,,1.0,103.1,120.1,137.1,1785311412494,1785311412494,2026-07-29,2026-07-29T21:50:39.065275+00:00,2026-07-29T21:50:39.065275+00:00
sleeper_rotowire,4219,13143,Jeremy McNichols,RB,RB,WAS,2026,regular,rotowire,18.0,,,,,,,,10.0,42.0,,,3.0,22.0,,,,6.4,7.9,9.4,1785311420104,1785311420104,2026-07-29,2026-07-29T21:50:39.065275+00:00,2026-07-29T21:50:39.065275+00:00
sleeper_rotowire,4226,13326,Alex Armah,FB,RB,,2026,regular,rotowire,18.0,,,,,,,,,,,,,,,,,,,,1785311415028,1785311415028,2026-07-29,2026-07-29T21:50:39.065275+00:00,2026-07-29T21:50:39.065275+00:00
sleeper_rotowire,4263,13144,Elijah McGuire,RB,RB,KC,2026,regular,rotowire,18.0,,,,,,,,,,,,,,,,,,,,1785311418821,1785311418821,2026-07-29,2026-07-29T21:50:39.065275+00:00,2026-07-29T21:50:39.065275+00:00
sleeper_rotowire,4273,13364,Chris Carson,RB,RB,,2026,regular,rotowire,18.0,,,,,,,,,,,,,,,,,,,,1785311411180,1785311411180,2026-07-29,2026-07-29T21:50:39.065275+00:00,2026-07-29T21:50:39.065275+00:00
sleeper_rotowire,4283,13359,Khalfani Muhammad,RB,RB,,2026,regular,rotowire,18.0,,,,,,,,,,,,,,,,,,,,1785311421378,1785311421378,2026-07-29,2026-07-29T21:50:39.065275+00:00,2026-07-29T21:50:39.065275+00:00
sleeper_rotowire,4349,13384,Taquan Mizzell,RB,RB,NYG,2026,regular,rotowire,18.0,,,,,,,,,,,,,,,,,,,,1785311411185,1785311411185,2026-07-29,2026-07-29T21:50:39.065275+00:00,2026-07-29T21:50:39.065275+00:00
sleeper_rotowire,4350,13924,Ricky Ortiz,FB,RB,,2026,regular,rotowire,18.0,,,,,,,,,,,,,,,,,,,,1785311416326,1785311416326,2026-07-29,2026-07-29T21:50:39.065275+00:00,2026-07-29T21:50:39.065275+00:00
sleeper_rotowire,4353,13455,Patrick Ricard,FB,RB,NYG,2026,regular,rotowire,18.0,,,,,,,,,,,,,,,,,,,,1785311411187,1785311411187,2026-07-29,2026-07-29T21:50:39.065275+00:00,2026-07-29T21:50:39.065275+00:00
sleeper_rotowire,4373,13425,Stanley Williams,RB,RB,,2026,regular,rotowire,18.0,,,,,,,,,,,,,,,,,,,,1785311420115,1785311420115,2026-07-29,2026-07-29T21:50:39.065275+00:00,2026-07-29T21:50:39.065275+00:00
sleeper_rotowire,4455,13378,Matt Breida,RB,RB,,2026,regular,rotowire,18.0,,,,,,,,,,,,,,,,,,,,1785311412517,1785311412517,2026-07-29,2026-07-29T21:50:39.065275+00:00,2026-07-29T21:50:39.065275+00:00
sleeper_rotowire,4519,13433,Devine Redding,RB,RB,,2026,regular,rotowire,18.0,,,,,,,,,,,,,,,,,,,,1785311417585,1785311417585,2026-07-29,2026-07-29T21:50:39.065275+00:00,2026-07-29T21:50:39.065275+00:00
sleeper_rotowire,4548,13859,Joel Bouagnon,RB,RB,,2026,regular,rotowire,18.0,,,,,,,,,,,,,,,,,,,,1785311415055,1785311415055,2026-07-29,2026-07-29T21:50:39.065275+00:00,2026-07-29T21:50:39.065275+00:00
sleeper_rotowire,4651,13136,Corey Clement,RB,RB,,2026,regular,rotowire,18.0,,,,,,,,,,,,,,,,,,,,1785311413804,1785311413804,2026-07-29,2026-07-29T21:50:39.065275+00:00,2026-07-29T21:50:39.065275+00:00
sleeper_rotowire,4663,13404,Austin Ekeler,RB,RB,,2026,regular,rotowire,18.0,,,,,,,,28.0,118.0,1.0,,9.0,63.0,,,,24.1,28.6,33.1,1785311415065,1785311415065,2026-07-29,2026-07-29T21:50:39.065275+00:00,2026-07-29T21:50:39.065275+00:00
sleeper_rotowire,4696,13452,Trey Edmunds,RB,RB,,2026,regular,rotowire,18.0,,,,,,,,,,,,,,,,,,,,1785311418862,1785311418862,2026-07-29,2026-07-29T21:50:39.065275+00:00,2026-07-29T21:50:39.065275+00:00
sleeper_rotowire,4718,13148,Dare Ogunbowale,RB,RB,,2026,regular,rotowire,18.0,,,,,,,,2.0,8.0,,,4.0,27.0,,,,3.5,5.5,7.5,1785311410020,1785311410020,2026-07-29,2026-07-29T21:50:39.065275+00:00,2026-07-29T21:50:39.065275+00:00
sleeper_rotowire,4806,13152,Brandon Radcliff,RB,RB,,2026,regular,rotowire,18.0,,,,,,,,,,,,,,,,,,,,1785311413821,1785311413821,2026-07-29,2026-07-29T21:50:39.065275+00:00,2026-07-29T21:50:39.065275+00:00
sleeper_rotowire,4866,13604,Saquon Barkley,RB,RB,PHI,2026,regular,rotowire,18.0,,,,,,,,271.0,1220.0,8.0,1.0,37.0,277.0,2.0,,1.0,209.7,228.2,246.7,1785311416396,1785311416396,2026-07-29,2026-07-29T21:50:39.065275+00:00,2026-07-29T21:50:39.065275+00:00
sleeper_rotowire,4923,13151,Rushel Shell,RB,RB,,2026,regular,rotowire,18.0,,,,,,,,,,,,,,,,,,,,1785311418886,1785311418886,2026-07-29,2026-07-29T21:50:39.065275+00:00,2026-07-29T21:50:39.065275+00:00
sleeper_rotowire,4949,13605,Derrius Guice,RB,RB,,2026,regular,rotowire,18.0,,,,,,,,,,,,,,,,,,,,1785311418894,1785311418894,2026-07-29,2026-07-29T21:50:39.065275+00:00,2026-07-29T21:50:39.065275+00:00
sleeper_rotowire,4962,13607,Sony Michel,RB,RB,,2026,regular,rotowire,18.0,,,,,,,,,,,,,,,,,,,,1785311411256,1785311411256,2026-07-29,2026-07-29T21:50:39.065275+00:00,2026-07-29T21:50:39.065275+00:00
sleeper_rotowire,4985,13608,Rashaad Penny,RB,RB,,2026,regular,rotowire,18.0,,,,,,,,,,,,,,,,,,,,1785311417638,1785311417638,2026-07-29,2026-07-29T21:50:39.065275+00:00,2026-07-29T21:50:39.065275+00:00
sleeper_rotowire,4988,13610,Nick Chubb,RB,RB,,2026,regular,rotowire,18.0,,,,,,,,35.0,138.0,1.0,,5.0,31.0,,,,22.9,25.4,27.9,1785311421447,1785311421447,2026-07-29,2026-07-29T21:50:39.065275+00:00,2026-07-29T21:50:39.065275+00:00
sleeper_rotowire,4994,13621,Kalen Ballage,RB,RB,,2026,regular,rotowire,18.0,,,,,,,,,,,,,,,,,,,,1785311412585,1785311412585,2026-07-29,2026-07-29T21:50:39.065275+00:00,2026-07-29T21:50:39.065275+00:00
sleeper_rotowire,4997,13616,Mark Walton,RB,RB,,2026,regular,rotowire,18.0,,,,,,,,,,,,,,,,,,,,1785311416413,1785311416413,2026-07-29,2026-07-29T21:50:39.065275+00:00,2026-07-29T21:50:39.065275+00:00
sleeper_rotowire,5000,13726,Chase Edmonds,RB,RB,,2026,regular,rotowire,18.0,,,,,,,,,,,,,,,,,,,,1785311416415,1785311416415,2026-07-29,2026-07-29T21:50:39.065275+00:00,2026-07-29T21:50:39.065275+00:00
sleeper_rotowire,5004,13768,Ito Smith,RB,RB,DAL,2026,regular,rotowire,18.0,,,,,,,,,,,,,,,,,,,,1785311418903,1785311418903,2026-07-29,2026-07-29T21:50:39.065275+00:00,2026-07-29T21:50:39.065275+00:00
sleeper_rotowire,5046,13617,Royce Freeman,RB,RB,,2026,regular,rotowire,18.0,,,,,,,,,,,,,,,,,,,,1785311412590,1785311412590,2026-07-29,2026-07-29T21:50:39.065275+00:00,2026-07-29T21:50:39.065275+00:00
sleeper_rotowire,5052,13606,Ronald Jones,RB,RB,,2026,regular,rotowire,18.0,,,,,,,,,,,,,,,,,,,,1785311416420,1785311416420,2026-07-29,2026-07-29T21:50:39.065275+00:00,2026-07-29T21:50:39.065275+00:00
sleeper_rotowire,5068,13612,Kerryon Johnson,RB,RB,,2026,regular,rotowire,18.0,,,,,,,,,,,,,,,,,,,,1785311421461,1785311421461,2026-07-29,2026-07-29T21:50:39.065275+00:00,2026-07-29T21:50:39.065275+00:00
sleeper_rotowire,5076,13619,John Kelly,RB,RB,,2026,regular,rotowire,18.0,,,,,,,,,,,,,,,,,,,,1785311412598,1785311412598,2026-07-29,2026-07-29T21:50:39.065275+00:00,2026-07-29T21:50:39.065275+00:00
sleeper_rotowire,5100,13789,Jordan Wilkins,RB,RB,,2026,regular,rotowire,18.0,,,,,,,,,,,,,,,,,,,,1785311410058,1785311410058,2026-07-29,2026-07-29T21:50:39.065275+00:00,2026-07-29T21:50:39.065275+00:00
sleeper_rotowire,5107,13613,Jaylen Samuels,RB,RB,,2026,regular,rotowire,18.0,,,,,,,,,,,,,,,,,,,,1785311412605,1785311412605,2026-07-29,2026-07-29T21:50:39.065275+00:00,2026-07-29T21:50:39.065275+00:00
sleeper_rotowire,5112,13615,Bo Scarbrough,RB,RB,,2026,regular,rotowire,18.0,,,,,,,,,,,,,,,,,,,,1785311410061,1785311410061,2026-07-29,2026-07-29T21:50:39.065275+00:00,2026-07-29T21:50:39.065275+00:00
sleeper_rotowire,5116,13838,Nick Bawden,FB,RB,,2026,regular,rotowire,18.0,,,,,,,,,,,,,,,,,,,,1785311418917,1785311418917,2026-07-29,2026-07-29T21:50:39.065275+00:00,2026-07-29T21:50:39.065275+00:00
sleeper_rotowire,5122,13814,Boston Scott,RB,RB,,2026,regular,rotowire,18.0,,,,,,,,,,,,,,,,,,,,1785311410063,1785311410063,2026-07-29,2026-07-29T21:50:39.065275+00:00,2026-07-29T21:50:39.065275+00:00
sleeper_rotowire,5123,13816,Trenton Cannon,RB,RB,,2026,regular,rotowire,18.0,,,,,,,,,,,,,,,,,,,,1785311420200,1785311420200,2026-07-29,2026-07-29T21:50:39.065275+00:00,2026-07-29T21:50:39.065275+00:00
sleeper_rotowire,5131,13620,Justin Jackson,RB,RB,,2026,regular,rotowire,18.0,,,,,,,,,,,,,,,,,,,,1785311421470,1785311421470,2026-07-29,2026-07-29T21:50:39.065275+00:00,2026-07-29T21:50:39.065275+00:00
sleeper_rotowire,5136,13611,Josh Adams,RB,RB,,2026,regular,rotowire,18.0,,,,,,,,,,,,,,,,,,,,1785311413852,1785311413852,2026-07-29,2026-07-29T21:50:39.065275+00:00,2026-07-29T21:50:39.065275+00:00
sleeper_rotowire,5138,13865,Martez Carter,RB,RB,,2026,regular,rotowire,18.0,,,,,,,,,,,,,,,,,,,,1785311413853,1785311413853,2026-07-29,2026-07-29T21:50:39.065275+00:00,2026-07-29T21:50:39.065275+00:00
sleeper_rotowire,5143,13626,Demario Richard,RB,RB,,2026,regular,rotowire,18.0,,,,,,,,,,,,,,,,,,,,1785311410067,1785311410067,2026-07-29,2026-07-29T21:50:39.065275+00:00,2026-07-29T21:50:39.065275+00:00
sleeper_rotowire,5162,14435,Reggie Bonnafon,RB,RB,,2026,regular,rotowire,18.0,,,,,,,,,,,,,,,,,,,,1785311420205,1785311420205,2026-07-29,2026-07-29T21:50:39.065275+00:00,2026-07-29T21:50:39.065275+00:00
sleeper_rotowire,5163,13849,Ryan Nall,RB,RB,,2026,regular,rotowire,18.0,,,,,,,,,,,,,,,,,,,,1785311412614,1785311412614,2026-07-29,2026-07-29T21:50:39.065275+00:00,2026-07-29T21:50:39.065275+00:00
sleeper_rotowire,5168,14350,Jordan Chunn,RB,RB,,2026,regular,rotowire,18.0,,,,,,,,,,,,,,,,,,,,1785311421473,1785311421473,2026-07-29,2026-07-29T21:50:39.065275+00:00,2026-07-29T21:50:39.065275+00:00
sleeper_rotowire,5170,13614,Phillip Lindsay,RB,RB,,2026,regular,rotowire,18.0,,,,,,,,,,,,,,,,,,,,1785311411293,1785311411293,2026-07-29,2026-07-29T21:50:39.065275+00:00,2026-07-29T21:50:39.065275+00:00
sleeper_rotowire,5195,13609,Akrum Wadley,RB,RB,,2026,regular,rotowire,18.0,,,,,,,,,,,,,,,,,,,,1785311415110,1785311415110,2026-07-29,2026-07-29T21:50:39.065275+00:00,2026-07-29T21:50:39.065275+00:00
sleeper_rotowire,5201,13856,Terry Swanson,RB,RB,,2026,regular,rotowire,18.0,,,,,,,,,,,,,,,,,,,,1785311415114,1785311415114,2026-07-29,2026-07-29T21:50:39.065275+00:00,2026-07-29T21:50:39.065275+00:00
sleeper_rotowire,5209,13868,Mike Boone,RB,RB,,2026,regular,rotowire,18.0,,,,,,,,,,,,,,,,,,,,1785311421478,1785311421478,2026-07-29,2026-07-29T21:50:39.065275+00:00,2026-07-29T21:50:39.065275+00:00
sleeper_rotowire,5220,14011,Godwin Igwebuike,RB,RB,,2026,regular,rotowire,18.0,,,,,,,,,,,,,,,,,,,,1785311413862,1785311413862,2026-07-29,2026-07-29T21:50:39.065275+00:00,2026-07-29T21:50:39.065275+00:00
sleeper_rotowire,5248,13850,Gus Edwards,RB,RB,,2026,regular,rotowire,18.0,,,,,,,,,,,,,,,,,,,,1785311420217,1785311420217,2026-07-29,2026-07-29T21:50:39.065275+00:00,2026-07-29T21:50:39.065275+00:00
sleeper_rotowire,5271,13916,Buddy Howell,RB,RB,,2026,regular,rotowire,18.0,,,,,,,,,,,,,,,,,,,,1785311413864,1785311413864,2026-07-29,2026-07-29T21:50:39.065275+00:00,2026-07-29T21:50:39.065275+00:00
sleeper_rotowire,5273,13618,Kamryn Pettway,RB,RB,,2026,regular,rotowire,18.0,,,,,,,,,,,,,,,,,,,,1785311417666,1785311417666,2026-07-29,2026-07-29T21:50:39.065275+00:00,2026-07-29T21:50:39.065275+00:00
sleeper_rotowire,5278,13624,Jarvion Franklin,RB,RB,,2026,regular,rotowire,18.0,,,,,,,,,,,,,,,,,,,,1785311413866,1785311413866,2026-07-29,2026-07-29T21:50:39.065275+00:00,2026-07-29T21:50:39.065275+00:00
sleeper_rotowire,5284,14017,Jeff Wilson,RB,RB,,2026,regular,rotowire,18.0,,,,,,,,,,,,,,,,,,,,1785311417667,1785311417667,2026-07-29,2026-07-29T21:50:39.065275+00:00,2026-07-29T21:50:39.065275+00:00
sleeper_rotowire,5347,13622,Nyheim Miller-Hines,RB,RB,,2026,regular,rotowire,18.0,,,,,,,,,,,,,,,,,,,,1785311411323,1785311411323,2026-07-29,2026-07-29T21:50:39.065275+00:00,2026-07-29T21:50:39.065275+00:00
sleeper_rotowire,5395,13874,Shaun Wilson,RB,RB,,2026,regular,rotowire,18.0,,,,,,,,,,,,,,,,,,,,1785311417684,1785311417684,2026-07-29,2026-07-29T21:50:39.065275+00:00,2026-07-29T21:50:39.065275+00:00
sleeper_rotowire,5463,13875,Mark Thompson,RB,RB,,2026,regular,rotowire,18.0,,,,,,,,,,,,,,,,,,,,1785311413890,1785311413890,2026-07-29,2026-07-29T21:50:39.065275+00:00,2026-07-29T21:50:39.065275+00:00
sleeper_rotowire,5464,13958,De'Lance Turner,RB,RB,,2026,regular,rotowire,18.0,,,,,,,,,,,,,,,,,,,,1785311421520,1785311421520,2026-07-29,2026-07-29T21:50:39.065275+00:00,2026-07-29T21:50:39.065275+00:00
sleeper_rotowire,5536,13871,Dontrell Hilliard,RB,RB,,2026,regular,rotowire,18.0,,,,,,,,,,,,,,,,,,,,1785311417705,1785311417705,2026-07-29,2026-07-29T21:50:39.065275+00:00,2026-07-29T21:50:39.065275+00:00
sleeper_rotowire,5549,13623,Darrel Williams,RB,RB,,2026,regular,rotowire,18.0,,,,,,,,,,,,,,,,,,,,1785311412664,1785311412664,2026-07-29,2026-07-29T21:50:39.065275+00:00,2026-07-29T21:50:39.065275+00:00
sleeper_rotowire,5565,13906,Jason Cabinda,FB,RB,,2026,regular,rotowire,18.0,,,,,,,,,,,,,,,,,,,,1785311416477,1785311416477,2026-07-29,2026-07-29T21:50:39.065275+00:00,2026-07-29T21:50:39.065275+00:00
sleeper_rotowire,5569,15615,Johnny Stanton,FB,RB,,2026,regular,rotowire,18.0,,,,,,,,,,,,,,,,,,,,1785311415159,1785311415159,2026-07-29,2026-07-29T21:50:39.065275+00:00,2026-07-29T21:50:39.065275+00:00
sleeper_rotowire,5587,13725,Chris Warren,RB,RB,,2026,regular,rotowire,18.0,,,,,,,,,,,,,,,,,,,,1785311420255,1785311420255,2026-07-29,2026-07-29T21:50:39.065275+00:00,2026-07-29T21:50:39.065275+00:00
sleeper_rotowire,5619,13961,Dalyn Dawkins,RB,RB,,2026,regular,rotowire,18.0,,,,,,,,,,,,,,,,,,,,1785311418967,1785311418967,2026-07-29,2026-07-29T21:50:39.065275+00:00,2026-07-29T21:50:39.065275+00:00
sleeper_rotowire,5700,13896,Robert Martin,RB,RB,,2026,regular,rotowire,18.0,,,,,,,,,,,,,,,,,,,,1785311415177,1785311415177,2026-07-29,2026-07-29T21:50:39.065275+00:00,2026-07-29T21:50:39.065275+00:00
sleeper_rotowire,5850,14073,Josh Jacobs,RB,RB,GB,2026,regular,rotowire,18.0,,,,,,,,217.0,918.0,8.0,1.0,33.0,258.0,1.0,,2.0,169.6,186.1,202.6,1785311417752,1785311417752,2026-07-29,2026-07-29T21:50:39.065275+00:00,2026-07-29T21:50:39.065275+00:00
sleeper_rotowire,5889,14082,Bryce Love,RB,RB,,2026,regular,rotowire,18.0,,,,,,,,,,,,,,,,,,,,1785311411377,1785311411377,2026-07-29,2026-07-29T21:50:39.065275+00:00,2026-07-29T21:50:39.065275+00:00
sleeper_rotowire,5890,14075,Damien Harris,RB,RB,,2026,regular,rotowire,18.0,,,,,,,,,,,,,,,,,,,,1785311410158,1785311410158,2026-07-29,2026-07-29T21:50:39.065275+00:00,2026-07-29T21:50:39.065275+00:00
sleeper_rotowire,5892,14071,David Montgomery,RB,RB,HOU,2026,regular,rotowire,18.0,,,,,,,,236.0,986.0,7.0,,33.0,245.0,1.0,,1.0,169.1,185.6,202.1,1785311413942,1785311413942,2026-07-29,2026-07-29T21:50:39.065275+00:00,2026-07-29T21:50:39.065275+00:00
sleeper_rotowire,5916,14087,Darrell Henderson,RB,RB,,2026,regular,rotowire,18.0,,,,,,,,,,,,,,,,,,,,1785311421578,1785311421578,2026-07-29,2026-07-29T21:50:39.065275+00:00,2026-07-29T21:50:39.065275+00:00
sleeper_rotowire,5918,14088,Rodney Anderson,RB,RB,,2026,regular,rotowire,18.0,,,,,,,,,,,,,,,,,,,,1785311417757,1785311417757,2026-07-29,2026-07-29T21:50:39.065275+00:00,2026-07-29T21:50:39.065275+00:00
sleeper_rotowire,5919,14084,Elijah Holyfield,RB,RB,,2026,regular,rotowire,18.0,,,,,,,,,,,,,,,,,,,,1785311421579,1785311421579,2026-07-29,2026-07-29T21:50:39.065275+00:00,2026-07-29T21:50:39.065275+00:00
sleeper_rotowire,5961,14092,Jalin Moore,RB,RB,,2026,regular,rotowire,18.0,,,,,,,,,,,,,,,,,,,,1785311412726,1785311412726,2026-07-29,2026-07-29T21:50:39.065275+00:00,2026-07-29T21:50:39.065275+00:00
sleeper_rotowire,5967,14085,Tony Pollard,RB,RB,TEN,2026,regular,rotowire,18.0,,,,,,,,189.0,794.0,5.0,,28.0,187.0,1.0,,1.0,132.1,146.1,160.1,1785311410170,1785311410170,2026-07-29,2026-07-29T21:50:39.065275+00:00,2026-07-29T21:50:39.065275+00:00
sleeper_rotowire,5976,14078,Karan Higdon,RB,RB,,2026,regular,rotowire,18.0,,,,,,,,,,,,,,,,,,,,1785311413951,1785311413951,2026-07-29,2026-07-29T21:50:39.065275+00:00,2026-07-29T21:50:39.065275+00:00
sleeper_rotowire,5980,14081,Myles Gaskin,RB,RB,,2026,regular,rotowire,18.0,,,,,,,,,,,,,,,,,,,,1785311417762,1785311417762,2026-07-29,2026-07-29T21:50:39.065275+00:00,2026-07-29T21:50:39.065275+00:00
sleeper_rotowire,5987,14223,Alexander Mattison,RB,RB,,2026,regular,rotowire,18.0,,,,,,,,,,,,,,,,,,,,1785311420321,1785311420321,2026-07-29,2026-07-29T21:50:39.065275+00:00,2026-07-29T21:50:39.065275+00:00
sleeper_rotowire,5995,14086,Justice Hill,RB,RB,BAL,2026,regular,rotowire,18.0,,,,,,,,33.0,141.0,1.0,,24.0,176.0,1.0,,,43.7,55.7,67.7,1785311421587,1785311421587,2026-07-29,2026-07-29T21:50:39.065275+00:00,2026-07-29T21:50:39.065275+00:00
sleeper_rotowire,6002,14097,Qadree Ollison,RB,RB,,2026,regular,rotowire,18.0,,,,,,,,,,,,,,,,,,,,1785311413963,1785311413963,2026-07-29,2026-07-29T21:50:39.065275+00:00,2026-07-29T21:50:39.065275+00:00
sleeper_rotowire,6007,14093,Ryquell Armstead,RB,RB,,2026,regular,rotowire,18.0,,,,,,,,,,,,,,,,,,,,1785311411386,1785311411386,2026-07-29,2026-07-29T21:50:39.065275+00:00,2026-07-29T21:50:39.065275+00:00
sleeper_rotowire,6012,14083,Travis Homer,RB,RB,PIT,2026,regular,rotowire,18.0,,,,,,,,,,,,,,,,,,,,1785311419024,1785311419024,2026-07-29,2026-07-29T21:50:39.065275+00:00,2026-07-29T21:50:39.065275+00:00
sleeper_rotowire,6021,14089,Nick Brossette,RB,RB,,2026,regular,rotowire,18.0,,,,,,,,,,,,,,,,,,,,1785311412734,1785311412734,2026-07-29,2026-07-29T21:50:39.065275+00:00,2026-07-29T21:50:39.065275+00:00
sleeper_rotowire,6031,14191,Alex Barnes,RB,RB,,2026,regular,rotowire,18.0,,,,,,,,,,,,,,,,,,,,1785311412735,1785311412735,2026-07-29,2026-07-29T21:50:39.065275+00:00,2026-07-29T21:50:39.065275+00:00
sleeper_rotowire,6039,14095,Ty Johnson,RB,RB,BUF,2026,regular,rotowire,18.0,,,,,,,,32.0,137.0,1.0,,17.0,131.0,1.0,,,38.8,47.3,55.8,1785311411390,1785311411390,2026-07-29,2026-07-29T21:50:39.065275+00:00,2026-07-29T21:50:39.065275+00:00
sleeper_rotowire,6068,14096,Devine Ozigbo,RB,RB,,2026,regular,rotowire,18.0,,,,,,,,,,,,,,,,,,,,1785311415227,1785311415227,2026-07-29,2026-07-29T21:50:39.065275+00:00,2026-07-29T21:50:39.065275+00:00
sleeper_rotowire,6072,14314,Bruce Anderson,RB,RB,,2026,regular,rotowire,18.0,,,,,,,,,,,,,,,,,,,,1785311413975,1785311413975,2026-07-29,2026-07-29T21:50:39.065275+00:00,2026-07-29T21:50:39.065275+00:00
sleeper_rotowire,6108,14917,Jacques Patrick,RB,RB,,2026,regular,rotowire,18.0,,,,,,,,,,,,,,,,,,,,1785311415231,1785311415231,2026-07-29,2026-07-29T21:50:39.065275+00:00,2026-07-29T21:50:39.065275+00:00
sleeper_rotowire,6109,14420,Alec Ingold,FB,RB,LAC,2026,regular,rotowire,18.0,,,,,,,,,,,,,,,,,,,,1785311410188,1785311410188,2026-07-29,2026-07-29T21:50:39.065275+00:00,2026-07-29T21:50:39.065275+00:00
sleeper_rotowire,6115,14333,Wes Hills,RB,RB,,2026,regular,rotowire,18.0,,,,,,,,,,,,,,,,,,,,1785311420343,1785311420343,2026-07-29,2026-07-29T21:50:39.065275+00:00,2026-07-29T21:50:39.065275+00:00
sleeper_rotowire,6130,14080,Devin Singletary,RB,RB,NYG,2026,regular,rotowire,18.0,,,,,,,,10.0,41.0,,,5.0,32.0,,,,7.3,9.8,12.3,1785311421606,1785311421606,2026-07-29,2026-07-29T21:50:39.065275+00:00,2026-07-29T21:50:39.065275+00:00
sleeper_rotowire,6144,14076,Trayveon Williams,RB,RB,,2026,regular,rotowire,18.0,,,,,,,,,,,,,,,,,,,,1785311411404,1785311411404,2026-07-29,2026-07-29T21:50:39.065275+00:00,2026-07-29T21:50:39.065275+00:00
sleeper_rotowire,6151,14079,Miles Sanders,RB,RB,,2026,regular,rotowire,18.0,,,,,,,,,,,,,,,,,,,,1785311415237,1785311415237,2026-07-29,2026-07-29T21:50:39.065275+00:00,2026-07-29T21:50:39.065275+00:00
sleeper_rotowire,6153,14074,Dexter Williams,RB,RB,,2026,regular,rotowire,18.0,,,,,,,,,,,,,,,,,,,,1785311411407,1785311411407,2026-07-29,2026-07-29T21:50:39.065275+00:00,2026-07-29T21:50:39.065275+00:00
sleeper_rotowire,6156,14072,Benny Snell,RB,RB,,2026,regular,rotowire,18.0,,,,,,,,,,,,,,,,,,,,1785311413983,1785311413983,2026-07-29,2026-07-29T21:50:39.065275+00:00,2026-07-29T21:50:39.065275+00:00
sleeper_rotowire,6159,14077,Mike Weber,RB,RB,,2026,regular,rotowire,18.0,,,,,,,,,,,,,,,,,,,,1785311416534,1785311416534,2026-07-29,2026-07-29T21:50:39.065275+00:00,2026-07-29T21:50:39.065275+00:00
sleeper_rotowire,6161,14090,L.J. Scott,RB,RB,,2026,regular,rotowire,18.0,,,,,,,,,,,,,,,,,,,,1785311421608,1785311421608,2026-07-29,2026-07-29T21:50:39.065275+00:00,2026-07-29T21:50:39.065275+00:00
sleeper_rotowire,6167,14094,Jordan Scarlett,RB,RB,MIA,2026,regular,rotowire,18.0,,,,,,,,,,,,,,,,,,,,1785311410196,1785311410196,2026-07-29,2026-07-29T21:50:39.065275+00:00,2026-07-29T21:50:39.065275+00:00
sleeper_rotowire,6175,14289,Kerrith Whyte,RB,RB,GB,2026,regular,rotowire,18.0,,,,,,,,,,,,,,,,,,,,1785311415243,1785311415243,2026-07-29,2026-07-29T21:50:39.065275+00:00,2026-07-29T21:50:39.065275+00:00
sleeper_rotowire,6178,14284,Darwin Thompson,RB,RB,,2026,regular,rotowire,18.0,,,,,,,,,,,,,,,,,,,,1785311410199,1785311410199,2026-07-29,2026-07-29T21:50:39.065275+00:00,2026-07-29T21:50:39.065275+00:00
sleeper_rotowire,6188,14261,Sutton Smith,FB,RB,,2026,regular,rotowire,18.0,,,,,,,,,,,,,,,,,,,,1785311420355,1785311420355,2026-07-29,2026-07-29T21:50:39.065275+00:00,2026-07-29T21:50:39.065275+00:00
sleeper_rotowire,6196,14194,Christian Wade,RB,RB,,2026,regular,rotowire,18.0,,,,,,,,,,,,,,,,,,,,1785311411411,1785311411411,2026-07-29,2026-07-29T21:50:39.065275+00:00,2026-07-29T21:50:39.065275+00:00
sleeper_rotowire,6202,14359,Jakob Johnson,FB,RB,,2026,regular,rotowire,18.0,,,,,,,,,,,,,,,,,,,,1785311413988,1785311413988,2026-07-29,2026-07-29T21:50:39.065275+00:00,2026-07-29T21:50:39.065275+00:00
sleeper_rotowire,6231,14591,John Lovett,QB,RB,,2026,regular,rotowire,18.0,,,,,,,,,,,,,,,,,,,,1785311410203,1785311410203,2026-07-29,2026-07-29T21:50:39.065275+00:00,2026-07-29T21:50:39.065275+00:00
sleeper_rotowire,6246,14458,Jeremy Cox,RB,RB,,2026,regular,rotowire,18.0,,,,,,,,,,,,,,,,,,,,1785311420364,1785311420364,2026-07-29,2026-07-29T21:50:39.065275+00:00,2026-07-29T21:50:39.065275+00:00
sleeper_rotowire,6293,14287,Cullen Gillaspia,RB,RB,,2026,regular,rotowire,18.0,,,,,,,,,,,,,,,,,,,,1785311414004,1785311414004,2026-07-29,2026-07-29T21:50:39.065275+00:00,2026-07-29T21:50:39.065275+00:00
sleeper_rotowire,6298,14295,Chandler Cox,FB,RB,,2026,regular,rotowire,18.0,,,,,,,,,,,,,,,,,,,,1785311411419,1785311411419,2026-07-29,2026-07-29T21:50:39.065275+00:00,2026-07-29T21:50:39.065275+00:00
sleeper_rotowire,6311,14612,Patrick Laird,RB,RB,,2026,regular,rotowire,18.0,,,,,,,,,,,,,,,,,,,,1785311420372,1785311420372,2026-07-29,2026-07-29T21:50:39.065275+00:00,2026-07-29T21:50:39.065275+00:00
sleeper_rotowire,6318,14480,Jordan Ellis,RB,RB,,2026,regular,rotowire,18.0,,,,,,,,,,,,,,,,,,,,1785311415273,1785311415273,2026-07-29,2026-07-29T21:50:39.065275+00:00,2026-07-29T21:50:39.065275+00:00
sleeper_rotowire,6323,14319,Andrew Beck,RB,RB,NYJ,2026,regular,rotowire,18.0,,,,,,,,,,,,,,,,,,,,1785311416553,1785311416553,2026-07-29,2026-07-29T21:50:39.065275+00:00,2026-07-29T21:50:39.065275+00:00
sleeper_rotowire,6334,14098,Damarea Crockett,RB,RB,,2026,regular,rotowire,18.0,,,,,,,,,,,,,,,,,,,,1785311416554,1785311416554,2026-07-29,2026-07-29T21:50:39.065275+00:00,2026-07-29T21:50:39.065275+00:00
sleeper_rotowire,6372,14512,Xavier Turner,RB,RB,,2026,regular,rotowire,18.0,,,,,,,,,,,,,,,,,,,,1785311421638,1785311421638,2026-07-29,2026-07-29T21:50:39.065275+00:00,2026-07-29T21:50:39.065275+00:00
sleeper_rotowire,6379,14552,Khari Blasingame,FB,RB,,2026,regular,rotowire,18.0,,,,,,,,,,,,,,,,,,,,1785311412772,1785311412772,2026-07-29,2026-07-29T21:50:39.065275+00:00,2026-07-29T21:50:39.065275+00:00
sleeper_rotowire,6446,14338,Jon Hilliman,RB,RB,,2026,regular,rotowire,18.0,,,,,,,,,,,,,,,,,,,,1785311417824,1785311417824,2026-07-29,2026-07-29T21:50:39.065275+00:00,2026-07-29T21:50:39.065275+00:00
sleeper_rotowire,6448,14099,Darrin Hall,RB,RB,,2026,regular,rotowire,18.0,,,,,,,,,,,,,,,,,,,,1785311420393,1785311420393,2026-07-29,2026-07-29T21:50:39.065275+00:00,2026-07-29T21:50:39.065275+00:00
sleeper_rotowire,6539,14496,Devontae Jackson,RB,RB,,2026,regular,rotowire,18.0,,,,,,,,,,,,,,,,,,,,1785311412789,1785311412789,2026-07-29,2026-07-29T21:50:39.065275+00:00,2026-07-29T21:50:39.065275+00:00
sleeper_rotowire,6553,14368,Austin Walter,RB,RB,,2026,regular,rotowire,18.0,,,,,,,,,,,,,,,,,,,,1785311412790,1785311412790,2026-07-29,2026-07-29T21:50:39.065275+00:00,2026-07-29T21:50:39.065275+00:00
sleeper_rotowire,6585,14465,Tony Brooks-James,RB,RB,,2026,regular,rotowire,18.0,,,,,,,,,,,,,,,,,,,,1785311411454,1785311411454,2026-07-29,2026-07-29T21:50:39.065275+00:00,2026-07-29T21:50:39.065275+00:00
sleeper_rotowire,6637,14100,Nico Evans,RB,RB,,2026,regular,rotowire,18.0,,,,,,,,,,,,,,,,,,,,1785311417849,1785311417849,2026-07-29,2026-07-29T21:50:39.065275+00:00,2026-07-29T21:50:39.065275+00:00
sleeper_rotowire,6659,14727,Craig Reynolds,RB,RB,,2026,regular,rotowire,18.0,,,,,,,,2.0,8.0,,,2.0,16.0,,,,2.4,3.4,4.4,1785311416593,1785311416593,2026-07-29,2026-07-29T21:50:39.065275+00:00,2026-07-29T21:50:39.065275+00:00
sleeper_rotowire,6694,14331,D'Ernest Johnson,RB,RB,,2026,regular,rotowire,18.0,,,,,,,,,,,,,,,,,,,,1785311412808,1785311412808,2026-07-29,2026-07-29T21:50:39.065275+00:00,2026-07-29T21:50:39.065275+00:00
sleeper_rotowire,6710,14445,Josh Caldwell,RB,RB,,2026,regular,rotowire,18.0,,,,,,,,,,,,,,,,,,,,1785311419096,1785311419096,2026-07-29,2026-07-29T21:50:39.065275+00:00,2026-07-29T21:50:39.065275+00:00
sleeper_rotowire,6753,15533,Derrick Gore,RB,RB,,2026,regular,rotowire,18.0,,,,,,,,,,,,,,,,,,,,1785311420420,1785311420420,2026-07-29,2026-07-29T21:50:39.065275+00:00,2026-07-29T21:50:39.065275+00:00
sleeper_rotowire,676,9448,LeSean McCoy,RB,RB,,2026,regular,rotowire,18.0,,,,,,,,,,,,,,,,,,,,1785311410274,1785311410274,2026-07-29,2026-07-29T21:50:39.065275+00:00,2026-07-29T21:50:39.065275+00:00
sleeper_rotowire,6790,14797,D'Andre Swift,RB,RB,CHI,2026,regular,rotowire,18.0,,,,,,,,209.0,940.0,7.0,,37.0,287.0,1.0,,1.0,168.7,187.2,205.7,1785311417874,1785311417874,2026-07-29,2026-07-29T21:50:39.065275+00:00,2026-07-29T21:50:39.065275+00:00
sleeper_rotowire,6806,14800,J.K. Dobbins,RB,RB,DEN,2026,regular,rotowire,18.0,,,,,,,,171.0,732.0,6.0,,26.0,190.0,1.0,,,134.2,147.2,160.2,1785311416613,1785311416613,2026-07-29,2026-07-29T21:50:39.065275+00:00,2026-07-29T21:50:39.065275+00:00
sleeper_rotowire,6813,14802,Jonathan Taylor,RB,RB,IND,2026,regular,rotowire,18.0,,,,,,,,287.0,1385.0,11.0,1.0,36.0,278.0,1.0,,2.0,236.3,254.3,272.3,1785311411489,1785311411489,2026-07-29,2026-07-29T21:50:39.065275+00:00,2026-07-29T21:50:39.065275+00:00
sleeper_rotowire,6820,14803,Clyde Edwards-Helaire,RB,RB,,2026,regular,rotowire,18.0,,,,,,,,2.0,8.0,,,,,,,,0.8,0.8,0.8,1785311419114,1785311419114,2026-07-29,2026-07-29T21:50:39.065275+00:00,2026-07-29T21:50:39.065275+00:00
sleeper_rotowire,6828,14805,AJ Dillon,RB,RB,CAR,2026,regular,rotowire,18.0,,,,,,,,,,,,,,,,,,,,1785311417881,1785311417881,2026-07-29,2026-07-29T21:50:39.065275+00:00,2026-07-29T21:50:39.065275+00:00
sleeper_rotowire,6845,14798,Zack Moss,RB,RB,,2026,regular,rotowire,18.0,,,,,,,,,,,,,,,,,,,,1785311415354,1785311415354,2026-07-29,2026-07-29T21:50:39.065275+00:00,2026-07-29T21:50:39.065275+00:00
sleeper_rotowire,6878,14804,Anthony McFarland,RB,RB,,2026,regular,rotowire,18.0,,,,,,,,,,,,,,,,,,,,1785311414059,1785311414059,2026-07-29,2026-07-29T21:50:39.065275+00:00,2026-07-29T21:50:39.065275+00:00
sleeper_rotowire,6885,14810,Ke'Shawn Vaughn,RB,RB,,2026,regular,rotowire,18.0,,,,,,,,,,,,,,,,,,,,1785311412828,1785311412828,2026-07-29,2026-07-29T21:50:39.065275+00:00,2026-07-29T21:50:39.065275+00:00
sleeper_rotowire,6908,14806,La'Mical Perine,RB,RB,,2026,regular,rotowire,18.0,,,,,,,,,,,,,,,,,,,,1785311414066,1785311414066,2026-07-29,2026-07-29T21:50:39.065275+00:00,2026-07-29T21:50:39.065275+00:00
sleeper_rotowire,6918,14811,Salvon Ahmed,RB,RB,CHI,2026,regular,rotowire,18.0,,,,,,,,,,,,,,,,,,,,1785311417887,1785311417887,2026-07-29,2026-07-29T21:50:39.065275+00:00,2026-07-29T21:50:39.065275+00:00
sleeper_rotowire,6931,14815,DeeJay Dallas,RB,RB,JAX,2026,regular,rotowire,18.0,,,,,,,,,,,,,,,,,,,,1785311415358,1785311415358,2026-07-29,2026-07-29T21:50:39.065275+00:00,2026-07-29T21:50:39.065275+00:00
sleeper_rotowire,6938,14799,Cam Akers,RB,RB,,2026,regular,rotowire,18.0,,,,,,,,4.0,16.0,,,2.0,15.0,,,,3.1,4.1,5.1,1785311421705,1785311421705,2026-07-29,2026-07-29T21:50:39.065275+00:00,2026-07-29T21:50:39.065275+00:00
sleeper_rotowire,6945,14852,Antonio Gibson,RB,RB,,2026,regular,rotowire,18.0,,,,,,,,1.0,4.0,,,2.0,15.0,,,,1.9,2.9,3.9,1785311412840,1785311412840,2026-07-29,2026-07-29T21:50:39.065275+00:00,2026-07-29T21:50:39.065275+00:00
sleeper_rotowire,6951,14801,Eno Benjamin,RB,RB,,2026,regular,rotowire,18.0,,,,,,,,,,,,,,,,,,,,1785311415362,1785311415362,2026-07-29,2026-07-29T21:50:39.065275+00:00,2026-07-29T21:50:39.065275+00:00
sleeper_rotowire,6955,14813,James Robinson,RB,RB,,2026,regular,rotowire,18.0,,,,,,,,,,,,,,,,,,,,1785311412843,1785311412843,2026-07-29,2026-07-29T21:50:39.065275+00:00,2026-07-29T21:50:39.065275+00:00
sleeper_rotowire,6959,14830,LeVante Bellamy,RB,RB,,2026,regular,rotowire,18.0,,,,,,,,,,,,,,,,,,,,1785311412845,1785311412845,2026-07-29,2026-07-29T21:50:39.065275+00:00,2026-07-29T21:50:39.065275+00:00
sleeper_rotowire,6963,14817,Patrick Taylor,RB,RB,SF,2026,regular,rotowire,18.0,,,,,,,,,,,,,,,,,,,,1785311417895,1785311417895,2026-07-29,2026-07-29T21:50:39.065275+00:00,2026-07-29T21:50:39.065275+00:00
sleeper_rotowire,6966,14820,Javon Leake,RB,RB,,2026,regular,rotowire,18.0,,,,,,,,,,,,,,,,,,,,1785311421707,1785311421707,2026-07-29,2026-07-29T21:50:39.065275+00:00,2026-07-29T21:50:39.065275+00:00
sleeper_rotowire,6973,14827,J.J. Taylor,RB,RB,,2026,regular,rotowire,18.0,,,,,,,,,,,,,,,,,,,,1785311415367,1785311415367,2026-07-29,2026-07-29T21:50:39.065275+00:00,2026-07-29T21:50:39.065275+00:00
sleeper_rotowire,6984,14828,Tony Jones,RB,RB,,2026,regular,rotowire,18.0,,,,,,,,,,,,,,,,,,,,1785311416642,1785311416642,2026-07-29,2026-07-29T21:50:39.065275+00:00,2026-07-29T21:50:39.065275+00:00
sleeper_rotowire,6988,15021,Raymond Calais,RB,RB,,2026,regular,rotowire,18.0,,,,,,,,,,,,,,,,,,,,1785311412850,1785311412850,2026-07-29,2026-07-29T21:50:39.065275+00:00,2026-07-29T21:50:39.065275+00:00
sleeper_rotowire,6992,14816,Michael Warren,RB,RB,DET,2026,regular,rotowire,18.0,,,,,,,,,,,,,,,,,,,,1785311417899,1785311417899,2026-07-29,2026-07-29T21:50:39.065275+00:00,2026-07-29T21:50:39.065275+00:00
sleeper_rotowire,6996,14821,JaMycal Hasty,RB,RB,,2026,regular,rotowire,18.0,,,,,,,,,,,,,,,,,,,,1785311415371,1785311415371,2026-07-29,2026-07-29T21:50:39.065275+00:00,2026-07-29T21:50:39.065275+00:00
sleeper_rotowire,7001,14814,Brian Herrien,RB,RB,,2026,regular,rotowire,18.0,,,,,,,,,,,,,,,,,,,,1785311417900,1785311417900,2026-07-29,2026-07-29T21:50:39.065275+00:00,2026-07-29T21:50:39.065275+00:00
sleeper_rotowire,7005,14824,Scottie Phillips,RB,RB,,2026,regular,rotowire,18.0,,,,,,,,,,,,,,,,,,,,1785311414075,1785311414075,2026-07-29,2026-07-29T21:50:39.065275+00:00,2026-07-29T21:50:39.065275+00:00
sleeper_rotowire,7021,14823,Rico Dowdle,RB,RB,PIT,2026,regular,rotowire,18.0,,,,,,,,159.0,678.0,4.0,,38.0,273.0,1.0,,1.0,123.1,142.1,161.1,1785311420447,1785311420447,2026-07-29,2026-07-29T21:50:39.065275+00:00,2026-07-29T21:50:39.065275+00:00
sleeper_rotowire,7038,14812,Darius Anderson,RB,RB,,2026,regular,rotowire,18.0,,,,,,,,,,,,,,,,,,,,1785311411532,1785311411532,2026-07-29,2026-07-29T21:50:39.065275+00:00,2026-07-29T21:50:39.065275+00:00
sleeper_rotowire,7045,14807,Joshua Kelley,RB,RB,,2026,regular,rotowire,18.0,,,,,,,,,,,,,,,,,,,,1785311412854,1785311412854,2026-07-29,2026-07-29T21:50:39.065275+00:00,2026-07-29T21:50:39.065275+00:00
sleeper_rotowire,7048,14829,Benny LeMay,RB,RB,CLE,2026,regular,rotowire,18.0,,,,,,,,,,,,,,,,,,,,1785311421717,1785311421717,2026-07-29,2026-07-29T21:50:39.065275+00:00,2026-07-29T21:50:39.065275+00:00
sleeper_rotowire,7055,15172,Sewo Olonilua,FB,RB,,2026,regular,rotowire,18.0,,,,,,,,,,,,,,,,,,,,1785311410308,1785311410308,2026-07-29,2026-07-29T21:50:39.065275+00:00,2026-07-29T21:50:39.065275+00:00
sleeper_rotowire,7064,14808,Darrynton Evans,RB,RB,,2026,regular,rotowire,18.0,,,,,,,,,,,,,,,,,,,,1785311417904,1785311417904,2026-07-29,2026-07-29T21:50:39.065275+00:00,2026-07-29T21:50:39.065275+00:00
sleeper_rotowire,7087,15042,Jonathan Ward,RB,RB,,2026,regular,rotowire,18.0,,,,,,,,,,,,,,,,,,,,1785311417909,1785311417909,2026-07-29,2026-07-29T21:50:39.065275+00:00,2026-07-29T21:50:39.065275+00:00
sleeper_rotowire,7088,14818,Xavier Jones,RB,RB,,2026,regular,rotowire,18.0,,,,,,,,,,,,,,,,,,,,1785311412856,1785311412856,2026-07-29,2026-07-29T21:50:39.065275+00:00,2026-07-29T21:50:39.065275+00:00
sleeper_rotowire,7093,14831,Adrian Killins,RB,RB,DEN,2026,regular,rotowire,18.0,,,,,,,,,,,,,,,,,,,,1785311417913,1785311417913,2026-07-29,2026-07-29T21:50:39.065275+00:00,2026-07-29T21:50:39.065275+00:00
sleeper_rotowire,7098,15040,Ty'Son Williams,RB,RB,,2026,regular,rotowire,18.0,,,,,,,,,,,,,,,,,,,,1785311415380,1785311415380,2026-07-29,2026-07-29T21:50:39.065275+00:00,2026-07-29T21:50:39.065275+00:00
sleeper_rotowire,7101,14809,Rodney Smith,RB,RB,,2026,regular,rotowire,18.0,,,,,,,,,,,,,,,,,,,,1785311415381,1785311415381,2026-07-29,2026-07-29T21:50:39.065275+00:00,2026-07-29T21:50:39.065275+00:00
sleeper_rotowire,7103,14819,Tavien Feaster,RB,RB,ARI,2026,regular,rotowire,18.0,,,,,,,,,,,,,,,,,,,,1785311412859,1785311412859,2026-07-29,2026-07-29T21:50:39.065275+00:00,2026-07-29T21:50:39.065275+00:00
sleeper_rotowire,7107,14973,Jason Huntley,RB,RB,,2026,regular,rotowire,18.0,,,,,,,,,,,,,,,,,,,,1785311419166,1785311419166,2026-07-29,2026-07-29T21:50:39.065275+00:00,2026-07-29T21:50:39.065275+00:00
sleeper_rotowire,7204,15103,Reggie Gilliam,RB,RB,NE,2026,regular,rotowire,18.0,,,,,,,,,,,,,,,,,,,,1785311411551,1785311411551,2026-07-29,2026-07-29T21:50:39.065275+00:00,2026-07-29T21:50:39.065275+00:00
sleeper_rotowire,7227,14826,Artavis Pierce,RB,RB,,2026,regular,rotowire,18.0,,,,,,,,,,,,,,,,,,,,1785311419180,1785311419180,2026-07-29,2026-07-29T21:50:39.065275+00:00,2026-07-29T21:50:39.065275+00:00
sleeper_rotowire,7316,15098,Darius Bradwell,RB,RB,,2026,regular,rotowire,18.0,,,,,,,,,,,,,,,,,,,,1785311420488,1785311420488,2026-07-29,2026-07-29T21:50:39.065275+00:00,2026-07-29T21:50:39.065275+00:00
sleeper_rotowire,7318,15096,Gabe Nabers,FB,RB,,2026,regular,rotowire,18.0,,,,,,,,,,,,,,,,,,,,1785311411566,1785311411566,2026-07-29,2026-07-29T21:50:39.065275+00:00,2026-07-29T21:50:39.065275+00:00
sleeper_rotowire,7412,15532,Sandro Platzgummer,RB,RB,,2026,regular,rotowire,18.0,,,,,,,,,,,,,,,,,,,,1785311417970,1785311417970,2026-07-29,2026-07-29T21:50:39.065275+00:00,2026-07-29T21:50:39.065275+00:00
sleeper_rotowire,7435,15044,Cameron Scarlett,RB,RB,,2026,regular,rotowire,18.0,,,,,,,,,,,,,,,,,,,,1785311416696,1785311416696,2026-07-29,2026-07-29T21:50:39.065275+00:00,2026-07-29T21:50:39.065275+00:00
sleeper_rotowire,745,8670,Marshawn Lynch,RB,RB,,2026,regular,rotowire,18.0,,,,,,,,,,,,,,,,,,,,1785311419213,1785311419213,2026-07-29,2026-07-29T21:50:39.065275+00:00,2026-07-29T21:50:39.065275+00:00
sleeper_rotowire,7466,15087,Nathan Cottrell,RB,RB,,2026,regular,rotowire,18.0,,,,,,,,,,,,,,,,,,,,1785311410361,1785311410361,2026-07-29,2026-07-29T21:50:39.065275+00:00,2026-07-29T21:50:39.065275+00:00
sleeper_rotowire,7528,15254,Najee Harris,RB,RB,,2026,regular,rotowire,18.0,,,,,,,,30.0,117.0,1.0,,5.0,36.0,,,,21.3,23.8,26.3,1785311411597,1785311411597,2026-07-29,2026-07-29T21:50:39.065275+00:00,2026-07-29T21:50:39.065275+00:00
sleeper_rotowire,7529,15462,Gary Brightwell,RB,RB,CIN,2026,regular,rotowire,18.0,,,,,,,,,,,,,,,,,,,,1785311416705,1785311416705,2026-07-29,2026-07-29T21:50:39.065275+00:00,2026-07-29T21:50:39.065275+00:00
sleeper_rotowire,7532,15264,Rakeem Boyd,RB,RB,,2026,regular,rotowire,18.0,,,,,,,,,,,,,,,,,,,,1785311417987,1785311417987,2026-07-29,2026-07-29T21:50:39.065275+00:00,2026-07-29T21:50:39.065275+00:00
sleeper_rotowire,7537,15260,Jaret Patterson,RB,RB,LAC,2026,regular,rotowire,18.0,,,,,,,,,,,,,,,,,,,,1785311411599,1785311411599,2026-07-29,2026-07-29T21:50:39.065275+00:00,2026-07-29T21:50:39.065275+00:00
sleeper_rotowire,7539,15488,Gerrid Doaks,RB,RB,,2026,regular,rotowire,18.0,,,,,,,,,,,,,,,,,,,,1785311415448,1785311415448,2026-07-29,2026-07-29T21:50:39.065275+00:00,2026-07-29T21:50:39.065275+00:00
sleeper_rotowire,7543,15253,Travis Etienne,RB,RB,NO,2026,regular,rotowire,18.0,,,,,,,,226.0,950.0,6.0,1.0,36.0,287.0,2.0,,1.0,171.7,189.7,207.7,1785311411600,1785311411600,2026-07-29,2026-07-29T21:50:39.065275+00:00,2026-07-29T21:50:39.065275+00:00
sleeper_rotowire,7549,15279,CJ Marable,RB,RB,,2026,regular,rotowire,18.0,,,,,,,,,,,,,,,,,,,,1785311411602,1785311411602,2026-07-29,2026-07-29T21:50:39.065275+00:00,2026-07-29T21:50:39.065275+00:00
sleeper_rotowire,7551,15277,Deon Jackson,RB,RB,,2026,regular,rotowire,18.0,,,,,,,,,,,,,,,,,,,,1785311420514,1785311420514,2026-07-29,2026-07-29T21:50:39.065275+00:00,2026-07-29T21:50:39.065275+00:00
sleeper_rotowire,7560,15266,Pooka Williams,RB,RB,,2026,regular,rotowire,18.0,,,,,,,,,,,,,,,,,,,,1785311410368,1785311410368,2026-07-29,2026-07-29T21:50:39.065275+00:00,2026-07-29T21:50:39.065275+00:00
sleeper_rotowire,7561,15263,Elijah Mitchell,RB,RB,PHI,2026,regular,rotowire,18.0,,,,,,,,14.0,59.0,,,2.0,14.0,,,,7.3,8.3,9.3,1785311414138,1785311414138,2026-07-29,2026-07-29T21:50:39.065275+00:00,2026-07-29T21:50:39.065275+00:00
sleeper_rotowire,7563,15268,Javian Hawkins,RB,RB,,2026,regular,rotowire,18.0,,,,,,,,,,,,,,,,,,,,1785311417989,1785311417989,2026-07-29,2026-07-29T21:50:39.065275+00:00,2026-07-29T21:50:39.065275+00:00
sleeper_rotowire,7567,15255,Kenny Gainwell,RB,RB,TB,2026,regular,rotowire,18.0,,,,,,,,99.0,418.0,3.0,,47.0,355.0,2.0,,1.0,105.3,128.8,152.3,1785311420519,1785311420519,2026-07-29,2026-07-29T21:50:39.065275+00:00,2026-07-29T21:50:39.065275+00:00
sleeper_rotowire,7572,15265,Kylin Hill,RB,RB,,2026,regular,rotowire,18.0,,,,,,,,,,,,,,,,,,,,1785311415452,1785311415452,2026-07-29,2026-07-29T21:50:39.065275+00:00,2026-07-29T21:50:39.065275+00:00
sleeper_rotowire,7574,15272,Larry Rountree,RB,RB,,2026,regular,rotowire,18.0,,,,,,,,,,,,,,,,,,,,1785311411605,1785311411605,2026-07-29,2026-07-29T21:50:39.065275+00:00,2026-07-29T21:50:39.065275+00:00
sleeper_rotowire,7588,15256,Javonte Williams,RB,RB,DAL,2026,regular,rotowire,18.0,,,,,,,,239.0,1004.0,7.0,,37.0,239.0,1.0,,1.0,170.3,188.8,207.3,1785311410371,1785311410371,2026-07-29,2026-07-29T21:50:39.065275+00:00,2026-07-29T21:50:39.065275+00:00
sleeper_rotowire,7593,15257,Trey Sermon,RB,RB,,2026,regular,rotowire,18.0,,,,,,,,,,,,,,,,,,,,1785311419228,1785311419228,2026-07-29,2026-07-29T21:50:39.065275+00:00,2026-07-29T21:50:39.065275+00:00
sleeper_rotowire,7594,15261,Chuba Hubbard,RB,RB,CAR,2026,regular,rotowire,18.0,,,,,,,,190.0,806.0,5.0,,29.0,193.0,1.0,,1.0,133.9,148.4,162.9,1785311420522,1785311420522,2026-07-29,2026-07-29T21:50:39.065275+00:00,2026-07-29T21:50:39.065275+00:00
sleeper_rotowire,7599,15262,Jermar Jefferson,RB,RB,,2026,regular,rotowire,18.0,,,,,,,,,,,,,,,,,,,,1785311416715,1785311416715,2026-07-29,2026-07-29T21:50:39.065275+00:00,2026-07-29T21:50:39.065275+00:00
sleeper_rotowire,7607,15258,Michael Carter,RB,RB,TEN,2026,regular,rotowire,18.0,,,,,,,,7.0,29.0,,,3.0,22.0,,,,5.1,6.6,8.1,1785311410372,1785311410372,2026-07-29,2026-07-29T21:50:39.065275+00:00,2026-07-29T21:50:39.065275+00:00
sleeper_rotowire,7608,15271,Khalil Herbert,RB,RB,,2026,regular,rotowire,18.0,,,,,,,,,,,,,,,,,,,,1785311410374,1785311410374,2026-07-29,2026-07-29T21:50:39.065275+00:00,2026-07-29T21:50:39.065275+00:00
sleeper_rotowire,7609,15270,Demetric Felton,RB,RB,,2026,regular,rotowire,18.0,,,,,,,,,,,,,,,,,,,,1785311410375,1785311410375,2026-07-29,2026-07-29T21:50:39.065275+00:00,2026-07-29T21:50:39.065275+00:00
sleeper_rotowire,7611,15259,Rhamondre Stevenson,RB,RB,NE,2026,regular,rotowire,18.0,,,,,,,,177.0,759.0,6.0,,29.0,214.0,1.0,,1.0,137.3,151.8,166.3,1785311420525,1785311420525,2026-07-29,2026-07-29T21:50:39.065275+00:00,2026-07-29T21:50:39.065275+00:00
sleeper_rotowire,7614,15370,Darius Clark,RB,RB,,2026,regular,rotowire,18.0,,,,,,,,,,,,,,,,,,,,1785311421773,1785311421773,2026-07-29,2026-07-29T21:50:39.065275+00:00,2026-07-29T21:50:39.065275+00:00
sleeper_rotowire,7720,15414,Kene Nwangwu,RB,RB,NYJ,2026,regular,rotowire,18.0,,,,,,,,,,,,,,,,,,,,1785311416730,1785311416730,2026-07-29,2026-07-29T21:50:39.065275+00:00,2026-07-29T21:50:39.065275+00:00
sleeper_rotowire,7741,15505,Caleb Huntley,RB,RB,,2026,regular,rotowire,18.0,,,,,,,,,,,,,,,,,,,,1785311421786,1785311421786,2026-07-29,2026-07-29T21:50:39.065275+00:00,2026-07-29T21:50:39.065275+00:00
sleeper_rotowire,7771,15480,Jake Funk,RB,RB,,2026,regular,rotowire,18.0,,,,,,,,,,,,,,,,,,,,1785311412950,1785311412950,2026-07-29,2026-07-29T21:50:39.065275+00:00,2026-07-29T21:50:39.065275+00:00
sleeper_rotowire,7794,15275,Chris Evans,RB,RB,,2026,regular,rotowire,18.0,,,,,,,,,,,,,,,,,,,,1785311416741,1785311416741,2026-07-29,2026-07-29T21:50:39.065275+00:00,2026-07-29T21:50:39.065275+00:00
sleeper_rotowire,7809,15454,Avery Williams,RB,RB,,2026,regular,rotowire,18.0,,,,,,,,,,,,,,,,,,,,1785311418011,1785311418011,2026-07-29,2026-07-29T21:50:39.065275+00:00,2026-07-29T21:50:39.065275+00:00
sleeper_rotowire,7852,15588,Tory Carter,FB,RB,,2026,regular,rotowire,18.0,,,,,,,,,,,,,,,,,,,,1785311420562,1785311420562,2026-07-29,2026-07-29T21:50:39.065275+00:00,2026-07-29T21:50:39.065275+00:00
sleeper_rotowire,7858,15517,Brenden Knox,RB,RB,,2026,regular,rotowire,18.0,,,,,,,,,,,,,,,,,,,,1785311418024,1785311418024,2026-07-29,2026-07-29T21:50:39.065275+00:00,2026-07-29T21:50:39.065275+00:00
sleeper_rotowire,7863,15661,JaQuan Hardy,RB,RB,,2026,regular,rotowire,18.0,,,,,,,,,,,,,,,,,,,,1785311411638,1785311411638,2026-07-29,2026-07-29T21:50:39.065275+00:00,2026-07-29T21:50:39.065275+00:00
sleeper_rotowire,7867,15276,Spencer Brown,RB,RB,,2026,regular,rotowire,18.0,,,,,,,,,,,,,,,,,,,,1785311412957,1785311412957,2026-07-29,2026-07-29T21:50:39.065275+00:00,2026-07-29T21:50:39.065275+00:00
sleeper_rotowire,788,10389,Dion Lewis,RB,RB,,2026,regular,rotowire,18.0,,,,,,,,,,,,,,,,,,,,1785311416757,1785311416757,2026-07-29,2026-07-29T21:50:39.065275+00:00,2026-07-29T21:50:39.065275+00:00
sleeper_rotowire,7893,15531,Dedrick Mills,RB,RB,,2026,regular,rotowire,18.0,,,,,,,,,,,,,,,,,,,,1785311411645,1785311411645,2026-07-29,2026-07-29T21:50:39.065275+00:00,2026-07-29T21:50:39.065275+00:00
sleeper_rotowire,7904,15273,Stevie Scott,RB,RB,,2026,regular,rotowire,18.0,,,,,,,,,,,,,,,,,,,,1785311419276,1785311419276,2026-07-29,2026-07-29T21:50:39.065275+00:00,2026-07-29T21:50:39.065275+00:00
sleeper_rotowire,7918,15267,A.J. Rose,RB,RB,,2026,regular,rotowire,18.0,,,,,,,,,,,,,,,,,,,,1785311421805,1785311421805,2026-07-29,2026-07-29T21:50:39.065275+00:00,2026-07-29T21:50:39.065275+00:00
sleeper_rotowire,7941,15593,Nick Ralston,RB,RB,,2026,regular,rotowire,18.0,,,,,,,,,,,,,,,,,,,,1785311411654,1785311411654,2026-07-29,2026-07-29T21:50:39.065275+00:00,2026-07-29T21:50:39.065275+00:00
sleeper_rotowire,7951,15509,B.J. Emmons,RB,RB,,2026,regular,rotowire,18.0,,,,,,,,,,,,,,,,,,,,1785311416767,1785311416767,2026-07-29,2026-07-29T21:50:39.065275+00:00,2026-07-29T21:50:39.065275+00:00
sleeper_rotowire,7993,15274,Trey Ragas,RB,RB,,2026,regular,rotowire,18.0,,,,,,,,,,,,,,,,,,,,1785311420579,1785311420579,2026-07-29,2026-07-29T21:50:39.065275+00:00,2026-07-29T21:50:39.065275+00:00
sleeper_rotowire,8025,15650,Adam Prentice,FB,RB,DEN,2026,regular,rotowire,18.0,,,,,,,,,,,,,,,,,,,,1785311412982,1785311412982,2026-07-29,2026-07-29T21:50:39.065275+00:00,2026-07-29T21:50:39.065275+00:00
sleeper_rotowire,8051,15502,Josh Johnson,RB,RB,,2026,regular,rotowire,18.0,,,,,,,,,,,,,,,,,,,,1785311412988,1785311412988,2026-07-29,2026-07-29T21:50:39.065275+00:00,2026-07-29T21:50:39.065275+00:00
sleeper_rotowire,8058,15503,Nate McCrary,RB,RB,,2026,regular,rotowire,18.0,,,,,,,,,,,,,,,,,,,,1785311412991,1785311412991,2026-07-29,2026-07-29T21:50:39.065275+00:00,2026-07-29T21:50:39.065275+00:00
sleeper_rotowire,8085,15269,Mekhi Sargent,RB,RB,,2026,regular,rotowire,18.0,,,,,,,,,,,,,,,,,,,,1785311421833,1785311421833,2026-07-29,2026-07-29T21:50:39.065275+00:00,2026-07-29T21:50:39.065275+00:00
sleeper_rotowire,8116,15733,Pierre Strong,RB,RB,GB,2026,regular,rotowire,18.0,,,,,,,,10.0,41.0,,,2.0,14.0,,,,5.5,6.5,7.5,1785311415532,1785311415532,2026-07-29,2026-07-29T21:50:39.065275+00:00,2026-07-29T21:50:39.065275+00:00
sleeper_rotowire,8120,15722,Jerrion Ealy,RB,RB,,2026,regular,rotowire,18.0,,,,,,,,,,,,,,,,,,,,1785311414214,1785311414214,2026-07-29,2026-07-29T21:50:39.065275+00:00,2026-07-29T21:50:39.065275+00:00
sleeper_rotowire,8122,15727,Zonovan Knight,RB,RB,ARI,2026,regular,rotowire,18.0,,,,,,,,,,,,,,,,,,,,1785311414216,1785311414216,2026-07-29,2026-07-29T21:50:39.065275+00:00,2026-07-29T21:50:39.065275+00:00
sleeper_rotowire,8123,15720,Hassan Haskins,RB,RB,,2026,regular,rotowire,18.0,,,,,,,,,,,,,,,,,,,,1785311411692,1785311411692,2026-07-29,2026-07-29T21:50:39.065275+00:00,2026-07-29T21:50:39.065275+00:00
sleeper_rotowire,8129,15717,Dameon Pierce,RB,RB,PHI,2026,regular,rotowire,18.0,,,,,,,,25.0,106.0,1.0,,3.0,22.0,,,,18.8,20.3,21.8,1785311411693,1785311411693,2026-07-29,2026-07-29T21:50:39.065275+00:00,2026-07-29T21:50:39.065275+00:00
sleeper_rotowire,8132,15712,Tyler Allgeier,RB,RB,ARI,2026,regular,rotowire,18.0,,,,,,,,95.0,400.0,3.0,,8.0,54.0,,,1.0,61.4,65.4,69.4,1785311414220,1785311414220,2026-07-29,2026-07-29T21:50:39.065275+00:00,2026-07-29T21:50:39.065275+00:00
sleeper_rotowire,8136,15721,Rachaad White,RB,RB,WAS,2026,regular,rotowire,18.0,,,,,,,,114.0,468.0,3.0,,34.0,253.0,1.0,,1.0,94.1,111.1,128.1,1785311420594,1785311420594,2026-07-29,2026-07-29T21:50:39.065275+00:00,2026-07-29T21:50:39.065275+00:00
sleeper_rotowire,8138,15715,James Cook,RB,RB,BUF,2026,regular,rotowire,18.0,,,,,,,,264.0,1270.0,11.0,1.0,31.0,268.0,2.0,,2.0,229.8,245.3,260.8,1785311420595,1785311420595,2026-07-29,2026-07-29T21:50:39.065275+00:00,2026-07-29T21:50:39.065275+00:00
sleeper_rotowire,8139,15714,Zamir White,RB,RB,,2026,regular,rotowire,18.0,,,,,,,,5.0,21.0,,,2.0,10.0,,,,3.1,4.1,5.1,1785311410445,1785311410445,2026-07-29,2026-07-29T21:50:39.065275+00:00,2026-07-29T21:50:39.065275+00:00
sleeper_rotowire,8143,15713,Jerome Ford,RB,RB,WAS,2026,regular,rotowire,18.0,,,,,,,,30.0,124.0,1.0,,12.0,88.0,,,,27.2,33.2,39.2,1785311416790,1785311416790,2026-07-29,2026-07-29T21:50:39.065275+00:00,2026-07-29T21:50:39.065275+00:00
sleeper_rotowire,8149,15731,Master Teague,RB,RB,,2026,regular,rotowire,18.0,,,,,,,,,,,,,,,,,,,,1785311420599,1785311420599,2026-07-29,2026-07-29T21:50:39.065275+00:00,2026-07-29T21:50:39.065275+00:00
sleeper_rotowire,8150,15710,Kyren Williams,RB,RB,LAR,2026,regular,rotowire,18.0,,,,,,,,228.0,981.0,8.0,,32.0,219.0,2.0,,2.0,176.0,192.0,208.0,1785311414223,1785311414223,2026-07-29,2026-07-29T21:50:39.065275+00:00,2026-07-29T21:50:39.065275+00:00
sleeper_rotowire,8151,15711,Kenneth Walker,RB,RB,KC,2026,regular,rotowire,18.0,,,,,,,,259.0,1158.0,9.0,,37.0,272.0,2.0,,1.0,207.0,225.5,244.0,1785311416791,1785311416791,2026-07-29,2026-07-29T21:50:39.065275+00:00,2026-07-29T21:50:39.065275+00:00
sleeper_rotowire,8152,15736,Kennedy Brooks,RB,RB,,2026,regular,rotowire,18.0,,,,,,,,,,,,,,,,,,,,1785311419300,1785311419300,2026-07-29,2026-07-29T21:50:39.065275+00:00,2026-07-29T21:50:39.065275+00:00
sleeper_rotowire,8153,15709,Isaiah Spiller,RB,RB,,2026,regular,rotowire,18.0,,,,,,,,,,,,,,,,,,,,1785311411696,1785311411696,2026-07-29,2026-07-29T21:50:39.065275+00:00,2026-07-29T21:50:39.065275+00:00
sleeper_rotowire,8154,15716,Brian Robinson,RB,RB,ATL,2026,regular,rotowire,18.0,,,,,,,,87.0,358.0,2.0,,13.0,91.0,,,,56.9,63.4,69.9,1785311411697,1785311411697,2026-07-29,2026-07-29T21:50:39.065275+00:00,2026-07-29T21:50:39.065275+00:00
sleeper_rotowire,8155,15708,Breece Hall,RB,RB,NYJ,2026,regular,rotowire,18.0,,,,,,,,224.0,1006.0,6.0,,38.0,320.0,2.0,,2.0,176.6,195.6,214.6,1785311418061,1785311418061,2026-07-29,2026-07-29T21:50:39.065275+00:00,2026-07-29T21:50:39.065275+00:00
sleeper_rotowire,8173,15739,ZaQuandre White,RB,RB,,2026,regular,rotowire,18.0,,,,,,,,,,,,,,,,,,,,1785311420602,1785311420602,2026-07-29,2026-07-29T21:50:39.065275+00:00,2026-07-29T21:50:39.065275+00:00
sleeper_rotowire,8174,15719,Kevin Harris,RB,RB,,2026,regular,rotowire,18.0,,,,,,,,,,,,,,,,,,,,1785311414225,1785311414225,2026-07-29,2026-07-29T21:50:39.065275+00:00,2026-07-29T21:50:39.065275+00:00
sleeper_rotowire,8179,15725,Snoop Conner,RB,RB,,2026,regular,rotowire,18.0,,,,,,,,,,,,,,,,,,,,1785311421839,1785311421839,2026-07-29,2026-07-29T21:50:39.065275+00:00,2026-07-29T21:50:39.065275+00:00
sleeper_rotowire,818,10369,Bilal Powell,RB,RB,,2026,regular,rotowire,18.0,,,,,,,,,,,,,,,,,,,,1785311421841,1785311421841,2026-07-29,2026-07-29T21:50:39.065275+00:00,2026-07-29T21:50:39.065275+00:00
sleeper_rotowire,8184,15744,D'Vonte Price,RB,RB,,2026,regular,rotowire,18.0,,,,,,,,,,,,,,,,,,,,1785311414227,1785311414227,2026-07-29,2026-07-29T21:50:39.065275+00:00,2026-07-29T21:50:39.065275+00:00
sleeper_rotowire,8187,15750,CJ Verdell,RB,RB,,2026,regular,rotowire,18.0,,,,,,,,,,,,,,,,,,,,1785311410453,1785311410453,2026-07-29,2026-07-29T21:50:39.065275+00:00,2026-07-29T21:50:39.065275+00:00
sleeper_rotowire,8189,15748,Trestan Ebner,RB,RB,,2026,regular,rotowire,18.0,,,,,,,,,,,,,,,,,,,,1785311414228,1785311414228,2026-07-29,2026-07-29T21:50:39.065275+00:00,2026-07-29T21:50:39.065275+00:00
sleeper_rotowire,8190,15728,Abram Smith,RB,RB,,2026,regular,rotowire,18.0,,,,,,,,,,,,,,,,,,,,1785311420604,1785311420604,2026-07-29,2026-07-29T21:50:39.065275+00:00,2026-07-29T21:50:39.065275+00:00
sleeper_rotowire,8194,15729,Jashaun Corbin,RB,RB,,2026,regular,rotowire,18.0,,,,,,,,,,,,,,,,,,,,1785311420605,1785311420605,2026-07-29,2026-07-29T21:50:39.065275+00:00,2026-07-29T21:50:39.065275+00:00
sleeper_rotowire,8195,15726,Ronnie Rivers,RB,RB,LAR,2026,regular,rotowire,18.0,,,,,,,,5.0,21.0,,,3.0,20.0,,,,4.1,5.6,7.1,1785311411704,1785311411704,2026-07-29,2026-07-29T21:50:39.065275+00:00,2026-07-29T21:50:39.065275+00:00
sleeper_rotowire,8205,15749,Isiah Pacheco,RB,RB,DET,2026,regular,rotowire,18.0,,,,,,,,67.0,263.0,2.0,,10.0,73.0,,,1.0,43.6,48.6,53.6,1785311411706,1785311411706,2026-07-29,2026-07-29T21:50:39.065275+00:00,2026-07-29T21:50:39.065275+00:00
sleeper_rotowire,8207,15730,Tyler Goodson,RB,RB,ATL,2026,regular,rotowire,18.0,,,,,,,,3.0,13.0,,,2.0,15.0,,,,2.8,3.8,4.8,1785311414233,1785311414233,2026-07-29,2026-07-29T21:50:39.065275+00:00,2026-07-29T21:50:39.065275+00:00
sleeper_rotowire,8208,15718,Tyler Badie,RB,RB,DEN,2026,regular,rotowire,18.0,,,,,,,,4.0,16.0,,,4.0,28.0,,,,4.4,6.4,8.4,1785311420606,1785311420606,2026-07-29,2026-07-29T21:50:39.065275+00:00,2026-07-29T21:50:39.065275+00:00
sleeper_rotowire,8211,15746,Tyrion Davis-Price,RB,RB,,2026,regular,rotowire,18.0,,,,,,,,,,,,,,,,,,,,1785311419307,1785311419307,2026-07-29,2026-07-29T21:50:39.065275+00:00,2026-07-29T21:50:39.065275+00:00
sleeper_rotowire,8217,15724,Leddie Brown,RB,RB,,2026,regular,rotowire,18.0,,,,,,,,,,,,,,,,,,,,1785311418067,1785311418067,2026-07-29,2026-07-29T21:50:39.065275+00:00,2026-07-29T21:50:39.065275+00:00
sleeper_rotowire,8218,15735,Max Borghi,RB,RB,,2026,regular,rotowire,18.0,,,,,,,,,,,,,,,,,,,,1785311419308,1785311419308,2026-07-29,2026-07-29T21:50:39.065275+00:00,2026-07-29T21:50:39.065275+00:00
sleeper_rotowire,8220,15743,Sincere McCormick,RB,RB,SF,2026,regular,rotowire,18.0,,,,,,,,,,,,,,,,,,,,1785311419309,1785311419309,2026-07-29,2026-07-29T21:50:39.065275+00:00,2026-07-29T21:50:39.065275+00:00
sleeper_rotowire,8221,15734,Keaontay Ingram,RB,RB,,2026,regular,rotowire,18.0,,,,,,,,,,,,,,,,,,,,1785311418070,1785311418070,2026-07-29,2026-07-29T21:50:39.065275+00:00,2026-07-29T21:50:39.065275+00:00
sleeper_rotowire,8223,15767,Velus Jones,WR,RB,SEA,2026,regular,rotowire,18.0,,,,,,,,,,,,,,,,,,,,1785311419311,1785311419311,2026-07-29,2026-07-29T21:50:39.065275+00:00,2026-07-29T21:50:39.065275+00:00
sleeper_rotowire,8226,15747,Greg Bell,RB,RB,,2026,regular,rotowire,18.0,,,,,,,,,,,,,,,,,,,,1785311414238,1785311414238,2026-07-29,2026-07-29T21:50:39.065275+00:00,2026-07-29T21:50:39.065275+00:00
sleeper_rotowire,8228,15742,Jaylen Warren,RB,RB,PIT,2026,regular,rotowire,18.0,,,,,,,,172.0,759.0,5.0,,36.0,267.0,1.0,,2.0,134.6,152.6,170.6,1785311411709,1785311411709,2026-07-29,2026-07-29T21:50:39.065275+00:00,2026-07-29T21:50:39.065275+00:00
sleeper_rotowire,8230,15723,Ty Chandler,RB,RB,NO,2026,regular,rotowire,18.0,,,,,,,,5.0,21.0,,,6.0,39.0,,,,6.0,9.0,12.0,1785311419316,1785311419316,2026-07-29,2026-07-29T21:50:39.065275+00:00,2026-07-29T21:50:39.065275+00:00
sleeper_rotowire,8233,15966,Mataeo Durant,RB,RB,,2026,regular,rotowire,18.0,,,,,,,,,,,,,,,,,,,,1785311410457,1785311410457,2026-07-29,2026-07-29T21:50:39.065275+00:00,2026-07-29T21:50:39.065275+00:00
sleeper_rotowire,8239,15740,Ricky Person,RB,RB,,2026,regular,rotowire,18.0,,,,,,,,,,,,,,,,,,,,1785311418072,1785311418072,2026-07-29,2026-07-29T21:50:39.065275+00:00,2026-07-29T21:50:39.065275+00:00
sleeper_rotowire,8240,15992,BJ Baylor,RB,RB,,2026,regular,rotowire,18.0,,,,,,,,,,,,,,,,,,,,1785311419317,1785311419317,2026-07-29,2026-07-29T21:50:39.065275+00:00,2026-07-29T21:50:39.065275+00:00
sleeper_rotowire,8246,15976,Bryant Koback,RB,RB,,2026,regular,rotowire,18.0,,,,,,,,,,,,,,,,,,,,1785311419319,1785311419319,2026-07-29,2026-07-29T21:50:39.065275+00:00,2026-07-29T21:50:39.065275+00:00
sleeper_rotowire,8254,15965,Julius Chestnut,RB,RB,TEN,2026,regular,rotowire,18.0,,,,,,,,5.0,20.0,,,2.0,16.0,,,,3.6,4.6,5.6,1785311415543,1785311415543,2026-07-29,2026-07-29T21:50:39.065275+00:00,2026-07-29T21:50:39.065275+00:00
sleeper_rotowire,8255,15973,Raheem Blackshear,RB,RB,,2026,regular,rotowire,18.0,,,,,,,,,,,,,,,,,,,,1785311413013,1785311413013,2026-07-29,2026-07-29T21:50:39.065275+00:00,2026-07-29T21:50:39.065275+00:00
sleeper_rotowire,8407,15745,T.J. Pledger,RB,RB,,2026,regular,rotowire,18.0,,,,,,,,,,,,,,,,,,,,1785311415567,1785311415567,2026-07-29,2026-07-29T21:50:39.065275+00:00,2026-07-29T21:50:39.065275+00:00
sleeper_rotowire,8408,15972,Jordan Mason,RB,RB,MIN,2026,regular,rotowire,18.0,,,,,,,,190.0,797.0,6.0,,20.0,140.0,1.0,,1.0,133.7,143.7,153.7,1785311410482,1785311410482,2026-07-29,2026-07-29T21:50:39.065275+00:00,2026-07-29T21:50:39.065275+00:00
sleeper_rotowire,8423,15953,Brittain Brown,RB,RB,CHI,2026,regular,rotowire,18.0,,,,,,,,,,,,,,,,,,,,1785311419339,1785311419339,2026-07-29,2026-07-29T21:50:39.065275+00:00,2026-07-29T21:50:39.065275+00:00
sleeper_rotowire,8428,15960,Zander Horvath,RB,RB,,2026,regular,rotowire,18.0,,,,,,,,,,,,,,,,,,,,1785311421874,1785311421874,2026-07-29,2026-07-29T21:50:39.065275+00:00,2026-07-29T21:50:39.065275+00:00
sleeper_rotowire,8749,16856,Tyreik McAllister,RB,RB,,2026,regular,rotowire,18.0,,,,,,,,,,,,,,,,,,,,1785311415605,1785311415605,2026-07-29,2026-07-29T21:50:39.065275+00:00,2026-07-29T21:50:39.065275+00:00
sleeper_rotowire,8800,15738,Malik Davis,RB,RB,DAL,2026,regular,rotowire,18.0,,,,,,,,44.0,178.0,1.0,,6.0,39.0,,,,27.7,30.7,33.7,1785311420685,1785311420685,2026-07-29,2026-07-29T21:50:39.065275+00:00,2026-07-29T21:50:39.065275+00:00
sleeper_rotowire,8809,16932,Aaron Shampklin,RB,RB,,2026,regular,rotowire,18.0,,,,,,,,,,,,,,,,,,,,1785311420686,1785311420686,2026-07-29,2026-07-29T21:50:39.065275+00:00,2026-07-29T21:50:39.065275+00:00
sleeper_rotowire,8820,16025,Troy Hairston,RB,RB,,2026,regular,rotowire,18.0,,,,,,,,,,,,,,,,,,,,1785311411782,1785311411782,2026-07-29,2026-07-29T21:50:39.065275+00:00,2026-07-29T21:50:39.065275+00:00
sleeper_rotowire,886,10368,Taiwan Jones,RB,RB,,2026,regular,rotowire,18.0,,,,,,,,,,,,,,,,,,,,1785311411793,1785311411793,2026-07-29,2026-07-29T21:50:39.065275+00:00,2026-07-29T21:50:39.065275+00:00
sleeper_rotowire,9220,16180,Evan Hull,RB,RB,HOU,2026,regular,rotowire,18.0,,,,,,,,,,,,,,,,,,,,1785311419405,1785311419405,2026-07-29,2026-07-29T21:50:39.065275+00:00,2026-07-29T21:50:39.065275+00:00
sleeper_rotowire,9221,16162,Jahmyr Gibbs,RB,RB,DET,2026,regular,rotowire,18.0,,,,,,,,255.0,1251.0,12.0,1.0,63.0,533.0,3.0,,1.0,268.4,299.9,331.4,1785311410537,1785311410537,2026-07-29,2026-07-29T21:50:39.065275+00:00,2026-07-29T21:50:39.065275+00:00
sleeper_rotowire,9222,16163,Zach Evans,RB,RB,,2026,regular,rotowire,18.0,,,,,,,,,,,,,,,,,,,,1785311418148,1785311418148,2026-07-29,2026-07-29T21:50:39.065275+00:00,2026-07-29T21:50:39.065275+00:00
sleeper_rotowire,9223,16377,Tiyon Evans,RB,RB,,2026,regular,rotowire,18.0,,,,,,,,,,,,,,,,,,,,1785311411807,1785311411807,2026-07-29,2026-07-29T21:50:39.065275+00:00,2026-07-29T21:50:39.065275+00:00
sleeper_rotowire,9224,16181,Chase Brown,RB,RB,CIN,2026,regular,rotowire,18.0,,,,,,,,220.0,945.0,8.0,,57.0,417.0,3.0,,2.0,198.2,226.7,255.2,1785311410538,1785311410538,2026-07-29,2026-07-29T21:50:39.065275+00:00,2026-07-29T21:50:39.065275+00:00
sleeper_rotowire,9225,16164,Tank Bigsby,RB,RB,PHI,2026,regular,rotowire,18.0,,,,,,,,82.0,353.0,3.0,,8.0,59.0,,,1.0,57.2,61.2,65.2,1785311419406,1785311419406,2026-07-29,2026-07-29T21:50:39.065275+00:00,2026-07-29T21:50:39.065275+00:00
sleeper_rotowire,9226,16167,De'Von Achane,RB,RB,MIA,2026,regular,rotowire,18.0,,,,,,,,212.0,1040.0,6.0,,55.0,424.0,2.0,,2.0,190.4,217.9,245.4,1785311419407,1785311419407,2026-07-29,2026-07-29T21:50:39.065275+00:00,2026-07-29T21:50:39.065275+00:00
sleeper_rotowire,9227,16168,Israel Abanikanda,RB,RB,DAL,2026,regular,rotowire,18.0,,,,,,,,,,,,,,,,,,,,1785311420710,1785311420710,2026-07-29,2026-07-29T21:50:39.065275+00:00,2026-07-29T21:50:39.065275+00:00
sleeper_rotowire,9505,16176,Deuce Vaughn,RB,RB,,2026,regular,rotowire,18.0,,,,,,,,,,,,,,,,,,,,1785311419417,1785311419417,2026-07-29,2026-07-29T21:50:39.065275+00:00,2026-07-29T21:50:39.065275+00:00
sleeper_rotowire,9506,16166,Sean Tucker,RB,RB,TB,2026,regular,rotowire,18.0,,,,,,,,66.0,288.0,2.0,,8.0,57.0,,,1.0,44.5,48.5,52.5,1785311418155,1785311418155,2026-07-29,2026-07-29T21:50:39.065275+00:00,2026-07-29T21:50:39.065275+00:00
sleeper_rotowire,9508,16165,Tyjae Spears,RB,RB,TEN,2026,regular,rotowire,18.0,,,,,,,,92.0,388.0,2.0,,35.0,248.0,1.0,,1.0,79.6,97.1,114.6,1785311415637,1785311415637,2026-07-29,2026-07-29T21:50:39.065275+00:00,2026-07-29T21:50:39.065275+00:00
sleeper_rotowire,9509,16161,Bijan Robinson,RB,RB,ATL,2026,regular,rotowire,18.0,,,,,,,,280.0,1372.0,9.0,1.0,64.0,537.0,3.0,,2.0,260.9,292.9,324.9,1785311416903,1785311416903,2026-07-29,2026-07-29T21:50:39.065275+00:00,2026-07-29T21:50:39.065275+00:00
sleeper_rotowire,9510,16359,Lew Nichols,RB,RB,PIT,2026,regular,rotowire,18.0,,,,,,,,,,,,,,,,,,,,1785311416904,1785311416904,2026-07-29,2026-07-29T21:50:39.065275+00:00,2026-07-29T21:50:39.065275+00:00
sleeper_rotowire,9511,16178,Keaton Mitchell,RB,RB,LAC,2026,regular,rotowire,18.0,,,,,,,,88.0,435.0,3.0,,18.0,134.0,1.0,,1.0,78.9,87.9,96.9,1785311421950,1785311421950,2026-07-29,2026-07-29T21:50:39.065275+00:00,2026-07-29T21:50:39.065275+00:00
sleeper_rotowire,9512,16179,DeWayne McBride,RB,RB,,2026,regular,rotowire,18.0,,,,,,,,,,,,,,,,,,,,1785311416906,1785311416906,2026-07-29,2026-07-29T21:50:39.065275+00:00,2026-07-29T21:50:39.065275+00:00
sleeper_rotowire,956,10276,Mark Ingram,RB,RB,,2026,regular,rotowire,18.0,,,,,,,,,,,,,,,,,,,,1785311410544,1785311410544,2026-07-29,2026-07-29T21:50:39.065275+00:00,2026-07-29T21:50:39.065275+00:00
sleeper_rotowire,973,10378,Anthony Sherman,RB,RB,,2026,regular,rotowire,18.0,,,,,,,,,,,,,,,,,,,,1785311421951,1785311421951,2026-07-29,2026-07-29T21:50:39.065275+00:00,2026-07-29T21:50:39.065275+00:00
sleeper_rotowire,9753,16169,Zach Charbonnet,RB,RB,SEA,2026,regular,rotowire,18.0,,,,,,,,65.0,264.0,3.0,,11.0,78.0,1.0,,1.0,56.2,61.7,67.2,1785311419419,1785311419419,2026-07-29,2026-07-29T21:50:39.065275+00:00,2026-07-29T21:50:39.065275+00:00
sleeper_rotowire,9757,16171,Kendre Miller,RB,RB,NO,2026,regular,rotowire,18.0,,,,,,,,5.0,20.0,,,2.0,16.0,,,,3.6,4.6,5.6,1785311420713,1785311420713,2026-07-29,2026-07-29T21:50:39.065275+00:00,2026-07-29T21:50:39.065275+00:00
sleeper_rotowire,982,10437,Bruce Miller,FB,RB,,2026,regular,rotowire,18.0,,,,,,,,,,,,,,,,,,,,1785311420714,1785311420714,2026-07-29,2026-07-29T21:50:39.065275+00:00,2026-07-29T21:50:39.065275+00:00
