record_type,sigma,player,position,consensus_rank,positional_rank,tier,pick,value,note
player_available,5.0,Ja'Marr Chase,WR,1,1,T1,3,0.5142,
player_available,5.0,Ja'Marr Chase,WR,1,1,T1,18,0.0,
player_available,5.0,Ja'Marr Chase,WR,1,1,T1,23,0.0,
player_available,5.0,Ja'Marr Chase,WR,1,1,T1,38,0.0,
player_available,5.0,Ja'Marr Chase,WR,1,1,T1,43,0.0,
player_available,5.0,Ja'Marr Chase,WR,1,1,T1,58,0.0,
player_available,5.0,Ja'Marr Chase,WR,1,1,T1,63,0.0,
player_available,5.0,Ja'Marr Chase,WR,1,1,T1,78,0.0,
player_available,5.0,Ja'Marr Chase,WR,1,1,T1,83,0.0,
player_available,5.0,Ja'Marr Chase,WR,1,1,T1,98,0.0,
player_available,5.0,Ja'Marr Chase,WR,1,1,T1,103,0.0,
player_available,5.0,Ja'Marr Chase,WR,1,1,T1,118,0.0,
player_available,5.0,Ja'Marr Chase,WR,1,1,T1,123,0.0,
player_available,5.0,Ja'Marr Chase,WR,1,1,T1,138,0.0,
player_available,5.0,Ja'Marr Chase,WR,1,1,T1,143,0.0,
player_available,5.0,Ja'Marr Chase,WR,1,1,T1,158,0.0,
player_available,5.0,Bijan Robinson,RB,2,1,T1,3,0.6215,
player_available,5.0,Bijan Robinson,RB,2,1,T1,18,0.0005,
player_available,5.0,Bijan Robinson,RB,2,1,T1,23,0.0,
player_available,5.0,Bijan Robinson,RB,2,1,T1,38,0.0,
player_available,5.0,Bijan Robinson,RB,2,1,T1,43,0.0,
player_available,5.0,Bijan Robinson,RB,2,1,T1,58,0.0,
player_available,5.0,Bijan Robinson,RB,2,1,T1,63,0.0,
player_available,5.0,Bijan Robinson,RB,2,1,T1,78,0.0,
player_available,5.0,Bijan Robinson,RB,2,1,T1,83,0.0,
player_available,5.0,Bijan Robinson,RB,2,1,T1,98,0.0,
player_available,5.0,Bijan Robinson,RB,2,1,T1,103,0.0,
player_available,5.0,Bijan Robinson,RB,2,1,T1,118,0.0,
player_available,5.0,Bijan Robinson,RB,2,1,T1,123,0.0,
player_available,5.0,Bijan Robinson,RB,2,1,T1,138,0.0,
player_available,5.0,Bijan Robinson,RB,2,1,T1,143,0.0,
player_available,5.0,Bijan Robinson,RB,2,1,T1,158,0.0,
player_available,5.0,Puka Nacua,WR,3,2,T1,3,0.694,
player_available,5.0,Puka Nacua,WR,3,2,T1,18,0.0018,
player_available,5.0,Puka Nacua,WR,3,2,T1,23,0.0,
player_available,5.0,Puka Nacua,WR,3,2,T1,38,0.0,
player_available,5.0,Puka Nacua,WR,3,2,T1,43,0.0,
player_available,5.0,Puka Nacua,WR,3,2,T1,58,0.0,
player_available,5.0,Puka Nacua,WR,3,2,T1,63,0.0,
player_available,5.0,Puka Nacua,WR,3,2,T1,78,0.0,
player_available,5.0,Puka Nacua,WR,3,2,T1,83,0.0,
player_available,5.0,Puka Nacua,WR,3,2,T1,98,0.0,
player_available,5.0,Puka Nacua,WR,3,2,T1,103,0.0,
player_available,5.0,Puka Nacua,WR,3,2,T1,118,0.0,
player_available,5.0,Puka Nacua,WR,3,2,T1,123,0.0,
player_available,5.0,Puka Nacua,WR,3,2,T1,138,0.0,
player_available,5.0,Puka Nacua,WR,3,2,T1,143,0.0,
player_available,5.0,Puka Nacua,WR,3,2,T1,158,0.0,
player_available,5.0,Jahmyr Gibbs,RB,4,2,T1,3,0.7582,
player_available,5.0,Jahmyr Gibbs,RB,4,2,T1,18,0.0047,
player_available,5.0,Jahmyr Gibbs,RB,4,2,T1,23,0.0,
player_available,5.0,Jahmyr Gibbs,RB,4,2,T1,38,0.0,
player_available,5.0,Jahmyr Gibbs,RB,4,2,T1,43,0.0,
player_available,5.0,Jahmyr Gibbs,RB,4,2,T1,58,0.0,
player_available,5.0,Jahmyr Gibbs,RB,4,2,T1,63,0.0,
player_available,5.0,Jahmyr Gibbs,RB,4,2,T1,78,0.0,
player_available,5.0,Jahmyr Gibbs,RB,4,2,T1,83,0.0,
player_available,5.0,Jahmyr Gibbs,RB,4,2,T1,98,0.0,
player_available,5.0,Jahmyr Gibbs,RB,4,2,T1,103,0.0,
player_available,5.0,Jahmyr Gibbs,RB,4,2,T1,118,0.0,
player_available,5.0,Jahmyr Gibbs,RB,4,2,T1,123,0.0,
player_available,5.0,Jahmyr Gibbs,RB,4,2,T1,138,0.0,
player_available,5.0,Jahmyr Gibbs,RB,4,2,T1,143,0.0,
player_available,5.0,Jahmyr Gibbs,RB,4,2,T1,158,0.0,
player_available,5.0,Jaxon Smith-Njigba,WR,5,3,T1,3,0.8275,
player_available,5.0,Jaxon Smith-Njigba,WR,5,3,T1,18,0.0083,
player_available,5.0,Jaxon Smith-Njigba,WR,5,3,T1,23,0.0,
player_available,5.0,Jaxon Smith-Njigba,WR,5,3,T1,38,0.0,
player_available,5.0,Jaxon Smith-Njigba,WR,5,3,T1,43,0.0,
player_available,5.0,Jaxon Smith-Njigba,WR,5,3,T1,58,0.0,
player_available,5.0,Jaxon Smith-Njigba,WR,5,3,T1,63,0.0,
player_available,5.0,Jaxon Smith-Njigba,WR,5,3,T1,78,0.0,
player_available,5.0,Jaxon Smith-Njigba,WR,5,3,T1,83,0.0,
player_available,5.0,Jaxon Smith-Njigba,WR,5,3,T1,98,0.0,
player_available,5.0,Jaxon Smith-Njigba,WR,5,3,T1,103,0.0,
player_available,5.0,Jaxon Smith-Njigba,WR,5,3,T1,118,0.0,
player_available,5.0,Jaxon Smith-Njigba,WR,5,3,T1,123,0.0,
player_available,5.0,Jaxon Smith-Njigba,WR,5,3,T1,138,0.0,
player_available,5.0,Jaxon Smith-Njigba,WR,5,3,T1,143,0.0,
player_available,5.0,Jaxon Smith-Njigba,WR,5,3,T1,158,0.0,
player_available,5.0,Amon-Ra St. Brown,WR,6,4,T1,3,0.8702,
player_available,5.0,Amon-Ra St. Brown,WR,6,4,T1,18,0.012,
player_available,5.0,Amon-Ra St. Brown,WR,6,4,T1,23,0.0,
player_available,5.0,Amon-Ra St. Brown,WR,6,4,T1,38,0.0,
player_available,5.0,Amon-Ra St. Brown,WR,6,4,T1,43,0.0,
player_available,5.0,Amon-Ra St. Brown,WR,6,4,T1,58,0.0,
player_available,5.0,Amon-Ra St. Brown,WR,6,4,T1,63,0.0,
player_available,5.0,Amon-Ra St. Brown,WR,6,4,T1,78,0.0,
player_available,5.0,Amon-Ra St. Brown,WR,6,4,T1,83,0.0,
player_available,5.0,Amon-Ra St. Brown,WR,6,4,T1,98,0.0,
player_available,5.0,Amon-Ra St. Brown,WR,6,4,T1,103,0.0,
player_available,5.0,Amon-Ra St. Brown,WR,6,4,T1,118,0.0,
player_available,5.0,Amon-Ra St. Brown,WR,6,4,T1,123,0.0,
player_available,5.0,Amon-Ra St. Brown,WR,6,4,T1,138,0.0,
player_available,5.0,Amon-Ra St. Brown,WR,6,4,T1,143,0.0,
player_available,5.0,Amon-Ra St. Brown,WR,6,4,T1,158,0.0,
player_available,5.0,CeeDee Lamb,WR,7,5,T1,3,0.907,
player_available,5.0,CeeDee Lamb,WR,7,5,T1,18,0.0173,
player_available,5.0,CeeDee Lamb,WR,7,5,T1,23,0.0,
player_available,5.0,CeeDee Lamb,WR,7,5,T1,38,0.0,
player_available,5.0,CeeDee Lamb,WR,7,5,T1,43,0.0,
player_available,5.0,CeeDee Lamb,WR,7,5,T1,58,0.0,
player_available,5.0,CeeDee Lamb,WR,7,5,T1,63,0.0,
player_available,5.0,CeeDee Lamb,WR,7,5,T1,78,0.0,
player_available,5.0,CeeDee Lamb,WR,7,5,T1,83,0.0,
player_available,5.0,CeeDee Lamb,WR,7,5,T1,98,0.0,
player_available,5.0,CeeDee Lamb,WR,7,5,T1,103,0.0,
player_available,5.0,CeeDee Lamb,WR,7,5,T1,118,0.0,
player_available,5.0,CeeDee Lamb,WR,7,5,T1,123,0.0,
player_available,5.0,CeeDee Lamb,WR,7,5,T1,138,0.0,
player_available,5.0,CeeDee Lamb,WR,7,5,T1,143,0.0,
player_available,5.0,CeeDee Lamb,WR,7,5,T1,158,0.0,
player_available,5.0,Christian McCaffrey,RB,8,3,T1,3,0.9327,
player_available,5.0,Christian McCaffrey,RB,8,3,T1,18,0.0262,
player_available,5.0,Christian McCaffrey,RB,8,3,T1,23,0.0,
player_available,5.0,Christian McCaffrey,RB,8,3,T1,38,0.0,
player_available,5.0,Christian McCaffrey,RB,8,3,T1,43,0.0,
player_available,5.0,Christian McCaffrey,RB,8,3,T1,58,0.0,
player_available,5.0,Christian McCaffrey,RB,8,3,T1,63,0.0,
player_available,5.0,Christian McCaffrey,RB,8,3,T1,78,0.0,
player_available,5.0,Christian McCaffrey,RB,8,3,T1,83,0.0,
player_available,5.0,Christian McCaffrey,RB,8,3,T1,98,0.0,
player_available,5.0,Christian McCaffrey,RB,8,3,T1,103,0.0,
player_available,5.0,Christian McCaffrey,RB,8,3,T1,118,0.0,
player_available,5.0,Christian McCaffrey,RB,8,3,T1,123,0.0,
player_available,5.0,Christian McCaffrey,RB,8,3,T1,138,0.0,
player_available,5.0,Christian McCaffrey,RB,8,3,T1,143,0.0,
player_available,5.0,Christian McCaffrey,RB,8,3,T1,158,0.0,
player_available,5.0,Justin Jefferson,WR,9,6,T2,3,0.949,
player_available,5.0,Justin Jefferson,WR,9,6,T2,18,0.0452,
player_available,5.0,Justin Jefferson,WR,9,6,T2,23,0.0,
player_available,5.0,Justin Jefferson,WR,9,6,T2,38,0.0,
player_available,5.0,Justin Jefferson,WR,9,6,T2,43,0.0,
player_available,5.0,Justin Jefferson,WR,9,6,T2,58,0.0,
player_available,5.0,Justin Jefferson,WR,9,6,T2,63,0.0,
player_available,5.0,Justin Jefferson,WR,9,6,T2,78,0.0,
player_available,5.0,Justin Jefferson,WR,9,6,T2,83,0.0,
player_available,5.0,Justin Jefferson,WR,9,6,T2,98,0.0,
player_available,5.0,Justin Jefferson,WR,9,6,T2,103,0.0,
player_available,5.0,Justin Jefferson,WR,9,6,T2,118,0.0,
player_available,5.0,Justin Jefferson,WR,9,6,T2,123,0.0,
player_available,5.0,Justin Jefferson,WR,9,6,T2,138,0.0,
player_available,5.0,Justin Jefferson,WR,9,6,T2,143,0.0,
player_available,5.0,Justin Jefferson,WR,9,6,T2,158,0.0,
player_available,5.0,Jonathan Taylor,RB,10,4,T1,3,0.9725,
player_available,5.0,Jonathan Taylor,RB,10,4,T1,18,0.0607,
player_available,5.0,Jonathan Taylor,RB,10,4,T1,23,0.0,
player_available,5.0,Jonathan Taylor,RB,10,4,T1,38,0.0,
player_available,5.0,Jonathan Taylor,RB,10,4,T1,43,0.0,
player_available,5.0,Jonathan Taylor,RB,10,4,T1,58,0.0,
player_available,5.0,Jonathan Taylor,RB,10,4,T1,63,0.0,
player_available,5.0,Jonathan Taylor,RB,10,4,T1,78,0.0,
player_available,5.0,Jonathan Taylor,RB,10,4,T1,83,0.0,
player_available,5.0,Jonathan Taylor,RB,10,4,T1,98,0.0,
player_available,5.0,Jonathan Taylor,RB,10,4,T1,103,0.0,
player_available,5.0,Jonathan Taylor,RB,10,4,T1,118,0.0,
player_available,5.0,Jonathan Taylor,RB,10,4,T1,123,0.0,
player_available,5.0,Jonathan Taylor,RB,10,4,T1,138,0.0,
player_available,5.0,Jonathan Taylor,RB,10,4,T1,143,0.0,
player_available,5.0,Jonathan Taylor,RB,10,4,T1,158,0.0,
player_available,5.0,Drake London,WR,11,7,T2,3,0.9815,
player_available,5.0,Drake London,WR,11,7,T2,18,0.0927,
player_available,5.0,Drake London,WR,11,7,T2,23,0.0015,
player_available,5.0,Drake London,WR,11,7,T2,38,0.0,
player_available,5.0,Drake London,WR,11,7,T2,43,0.0,
player_available,5.0,Drake London,WR,11,7,T2,58,0.0,
player_available,5.0,Drake London,WR,11,7,T2,63,0.0,
player_available,5.0,Drake London,WR,11,7,T2,78,0.0,
player_available,5.0,Drake London,WR,11,7,T2,83,0.0,
player_available,5.0,Drake London,WR,11,7,T2,98,0.0,
player_available,5.0,Drake London,WR,11,7,T2,103,0.0,
player_available,5.0,Drake London,WR,11,7,T2,118,0.0,
player_available,5.0,Drake London,WR,11,7,T2,123,0.0,
player_available,5.0,Drake London,WR,11,7,T2,138,0.0,
player_available,5.0,Drake London,WR,11,7,T2,143,0.0,
player_available,5.0,Drake London,WR,11,7,T2,158,0.0,
player_available,5.0,A.J. Brown,WR,12,8,T2,3,0.9868,
player_available,5.0,A.J. Brown,WR,12,8,T2,18,0.1278,
player_available,5.0,A.J. Brown,WR,12,8,T2,23,0.0035,
player_available,5.0,A.J. Brown,WR,12,8,T2,38,0.0,
player_available,5.0,A.J. Brown,WR,12,8,T2,43,0.0,
player_available,5.0,A.J. Brown,WR,12,8,T2,58,0.0,
player_available,5.0,A.J. Brown,WR,12,8,T2,63,0.0,
player_available,5.0,A.J. Brown,WR,12,8,T2,78,0.0,
player_available,5.0,A.J. Brown,WR,12,8,T2,83,0.0,
player_available,5.0,A.J. Brown,WR,12,8,T2,98,0.0,
player_available,5.0,A.J. Brown,WR,12,8,T2,103,0.0,
player_available,5.0,A.J. Brown,WR,12,8,T2,118,0.0,
player_available,5.0,A.J. Brown,WR,12,8,T2,123,0.0,
player_available,5.0,A.J. Brown,WR,12,8,T2,138,0.0,
player_available,5.0,A.J. Brown,WR,12,8,T2,143,0.0,
player_available,5.0,A.J. Brown,WR,12,8,T2,158,0.0,
player_available,5.0,Nico Collins,WR,13,9,T2,3,0.993,
player_available,5.0,Nico Collins,WR,13,9,T2,18,0.189,
player_available,5.0,Nico Collins,WR,13,9,T2,23,0.0105,
player_available,5.0,Nico Collins,WR,13,9,T2,38,0.0,
player_available,5.0,Nico Collins,WR,13,9,T2,43,0.0,
player_available,5.0,Nico Collins,WR,13,9,T2,58,0.0,
player_available,5.0,Nico Collins,WR,13,9,T2,63,0.0,
player_available,5.0,Nico Collins,WR,13,9,T2,78,0.0,
player_available,5.0,Nico Collins,WR,13,9,T2,83,0.0,
player_available,5.0,Nico Collins,WR,13,9,T2,98,0.0,
player_available,5.0,Nico Collins,WR,13,9,T2,103,0.0,
player_available,5.0,Nico Collins,WR,13,9,T2,118,0.0,
player_available,5.0,Nico Collins,WR,13,9,T2,123,0.0,
player_available,5.0,Nico Collins,WR,13,9,T2,138,0.0,
player_available,5.0,Nico Collins,WR,13,9,T2,143,0.0,
player_available,5.0,Nico Collins,WR,13,9,T2,158,0.0,
player_available,5.0,Ashton Jeanty,RB,14,5,T2,3,0.9968,
player_available,5.0,Ashton Jeanty,RB,14,5,T2,18,0.2452,
player_available,5.0,Ashton Jeanty,RB,14,5,T2,23,0.0257,
player_available,5.0,Ashton Jeanty,RB,14,5,T2,38,0.0,
player_available,5.0,Ashton Jeanty,RB,14,5,T2,43,0.0,
player_available,5.0,Ashton Jeanty,RB,14,5,T2,58,0.0,
player_available,5.0,Ashton Jeanty,RB,14,5,T2,63,0.0,
player_available,5.0,Ashton Jeanty,RB,14,5,T2,78,0.0,
player_available,5.0,Ashton Jeanty,RB,14,5,T2,83,0.0,
player_available,5.0,Ashton Jeanty,RB,14,5,T2,98,0.0,
player_available,5.0,Ashton Jeanty,RB,14,5,T2,103,0.0,
player_available,5.0,Ashton Jeanty,RB,14,5,T2,118,0.0,
player_available,5.0,Ashton Jeanty,RB,14,5,T2,123,0.0,
player_available,5.0,Ashton Jeanty,RB,14,5,T2,138,0.0,
player_available,5.0,Ashton Jeanty,RB,14,5,T2,143,0.0,
player_available,5.0,Ashton Jeanty,RB,14,5,T2,158,0.0,
player_available,5.0,Trey McBride,TE,15,1,T1,3,0.997,
player_available,5.0,Trey McBride,TE,15,1,T1,18,0.31,
player_available,5.0,Trey McBride,TE,15,1,T1,23,0.0372,
player_available,5.0,Trey McBride,TE,15,1,T1,38,0.0,
player_available,5.0,Trey McBride,TE,15,1,T1,43,0.0,
player_available,5.0,Trey McBride,TE,15,1,T1,58,0.0,
player_available,5.0,Trey McBride,TE,15,1,T1,63,0.0,
player_available,5.0,Trey McBride,TE,15,1,T1,78,0.0,
player_available,5.0,Trey McBride,TE,15,1,T1,83,0.0,
player_available,5.0,Trey McBride,TE,15,1,T1,98,0.0,
player_available,5.0,Trey McBride,TE,15,1,T1,103,0.0,
player_available,5.0,Trey McBride,TE,15,1,T1,118,0.0,
player_available,5.0,Trey McBride,TE,15,1,T1,123,0.0,
player_available,5.0,Trey McBride,TE,15,1,T1,138,0.0,
player_available,5.0,Trey McBride,TE,15,1,T1,143,0.0,
player_available,5.0,Trey McBride,TE,15,1,T1,158,0.0,
player_available,5.0,George Pickens,WR,16,10,T2,3,0.999,
player_available,5.0,George Pickens,WR,16,10,T2,18,0.3708,
player_available,5.0,George Pickens,WR,16,10,T2,23,0.0685,
player_available,5.0,George Pickens,WR,16,10,T2,38,0.0,
player_available,5.0,George Pickens,WR,16,10,T2,43,0.0,
player_available,5.0,George Pickens,WR,16,10,T2,58,0.0,
player_available,5.0,George Pickens,WR,16,10,T2,63,0.0,
player_available,5.0,George Pickens,WR,16,10,T2,78,0.0,
player_available,5.0,George Pickens,WR,16,10,T2,83,0.0,
player_available,5.0,George Pickens,WR,16,10,T2,98,0.0,
player_available,5.0,George Pickens,WR,16,10,T2,103,0.0,
player_available,5.0,George Pickens,WR,16,10,T2,118,0.0,
player_available,5.0,George Pickens,WR,16,10,T2,123,0.0,
player_available,5.0,George Pickens,WR,16,10,T2,138,0.0,
player_available,5.0,George Pickens,WR,16,10,T2,143,0.0,
player_available,5.0,George Pickens,WR,16,10,T2,158,0.0,
player_available,5.0,James Cook III,RB,17,6,T2,3,0.9995,
player_available,5.0,James Cook III,RB,17,6,T2,18,0.4542,
player_available,5.0,James Cook III,RB,17,6,T2,23,0.1105,
player_available,5.0,James Cook III,RB,17,6,T2,38,0.0,
player_available,5.0,James Cook III,RB,17,6,T2,43,0.0,
player_available,5.0,James Cook III,RB,17,6,T2,58,0.0,
player_available,5.0,James Cook III,RB,17,6,T2,63,0.0,
player_available,5.0,James Cook III,RB,17,6,T2,78,0.0,
player_available,5.0,James Cook III,RB,17,6,T2,83,0.0,
player_available,5.0,James Cook III,RB,17,6,T2,98,0.0,
player_available,5.0,James Cook III,RB,17,6,T2,103,0.0,
player_available,5.0,James Cook III,RB,17,6,T2,118,0.0,
player_available,5.0,James Cook III,RB,17,6,T2,123,0.0,
player_available,5.0,James Cook III,RB,17,6,T2,138,0.0,
player_available,5.0,James Cook III,RB,17,6,T2,143,0.0,
player_available,5.0,James Cook III,RB,17,6,T2,158,0.0,
player_available,5.0,De'Von Achane,RB,18,7,T2,3,0.9995,
player_available,5.0,De'Von Achane,RB,18,7,T2,18,0.5445,
player_available,5.0,De'Von Achane,RB,18,7,T2,23,0.1782,
player_available,5.0,De'Von Achane,RB,18,7,T2,38,0.0,
player_available,5.0,De'Von Achane,RB,18,7,T2,43,0.0,
player_available,5.0,De'Von Achane,RB,18,7,T2,58,0.0,
player_available,5.0,De'Von Achane,RB,18,7,T2,63,0.0,
player_available,5.0,De'Von Achane,RB,18,7,T2,78,0.0,
player_available,5.0,De'Von Achane,RB,18,7,T2,83,0.0,
player_available,5.0,De'Von Achane,RB,18,7,T2,98,0.0,
player_available,5.0,De'Von Achane,RB,18,7,T2,103,0.0,
player_available,5.0,De'Von Achane,RB,18,7,T2,118,0.0,
player_available,5.0,De'Von Achane,RB,18,7,T2,123,0.0,
player_available,5.0,De'Von Achane,RB,18,7,T2,138,0.0,
player_available,5.0,De'Von Achane,RB,18,7,T2,143,0.0,
player_available,5.0,De'Von Achane,RB,18,7,T2,158,0.0,
player_available,5.0,Chase Brown,RB,19,8,T2,3,1.0,
player_available,5.0,Chase Brown,RB,19,8,T2,18,0.6242,
player_available,5.0,Chase Brown,RB,19,8,T2,23,0.2577,
player_available,5.0,Chase Brown,RB,19,8,T2,38,0.0,
player_available,5.0,Chase Brown,RB,19,8,T2,43,0.0,
player_available,5.0,Chase Brown,RB,19,8,T2,58,0.0,
player_available,5.0,Chase Brown,RB,19,8,T2,63,0.0,
player_available,5.0,Chase Brown,RB,19,8,T2,78,0.0,
player_available,5.0,Chase Brown,RB,19,8,T2,83,0.0,
player_available,5.0,Chase Brown,RB,19,8,T2,98,0.0,
player_available,5.0,Chase Brown,RB,19,8,T2,103,0.0,
player_available,5.0,Chase Brown,RB,19,8,T2,118,0.0,
player_available,5.0,Chase Brown,RB,19,8,T2,123,0.0,
player_available,5.0,Chase Brown,RB,19,8,T2,138,0.0,
player_available,5.0,Chase Brown,RB,19,8,T2,143,0.0,
player_available,5.0,Chase Brown,RB,19,8,T2,158,0.0,
player_available,5.0,Chris Olave,WR,20,11,T2,3,1.0,
player_available,5.0,Chris Olave,WR,20,11,T2,18,0.7003,
player_available,5.0,Chris Olave,WR,20,11,T2,23,0.3202,
player_available,5.0,Chris Olave,WR,20,11,T2,38,0.0,
player_available,5.0,Chris Olave,WR,20,11,T2,43,0.0,
player_available,5.0,Chris Olave,WR,20,11,T2,58,0.0,
player_available,5.0,Chris Olave,WR,20,11,T2,63,0.0,
player_available,5.0,Chris Olave,WR,20,11,T2,78,0.0,
player_available,5.0,Chris Olave,WR,20,11,T2,83,0.0,
player_available,5.0,Chris Olave,WR,20,11,T2,98,0.0,
player_available,5.0,Chris Olave,WR,20,11,T2,103,0.0,
player_available,5.0,Chris Olave,WR,20,11,T2,118,0.0,
player_available,5.0,Chris Olave,WR,20,11,T2,123,0.0,
player_available,5.0,Chris Olave,WR,20,11,T2,138,0.0,
player_available,5.0,Chris Olave,WR,20,11,T2,143,0.0,
player_available,5.0,Chris Olave,WR,20,11,T2,158,0.0,
player_available,5.0,Brock Bowers,TE,21,2,T1,3,1.0,
player_available,5.0,Brock Bowers,TE,21,2,T1,18,0.758,
player_available,5.0,Brock Bowers,TE,21,2,T1,23,0.386,
player_available,5.0,Brock Bowers,TE,21,2,T1,38,0.0005,
player_available,5.0,Brock Bowers,TE,21,2,T1,43,0.0,
player_available,5.0,Brock Bowers,TE,21,2,T1,58,0.0,
player_available,5.0,Brock Bowers,TE,21,2,T1,63,0.0,
player_available,5.0,Brock Bowers,TE,21,2,T1,78,0.0,
player_available,5.0,Brock Bowers,TE,21,2,T1,83,0.0,
player_available,5.0,Brock Bowers,TE,21,2,T1,98,0.0,
player_available,5.0,Brock Bowers,TE,21,2,T1,103,0.0,
player_available,5.0,Brock Bowers,TE,21,2,T1,118,0.0,
player_available,5.0,Brock Bowers,TE,21,2,T1,123,0.0,
player_available,5.0,Brock Bowers,TE,21,2,T1,138,0.0,
player_available,5.0,Brock Bowers,TE,21,2,T1,143,0.0,
player_available,5.0,Brock Bowers,TE,21,2,T1,158,0.0,
player_available,5.0,Rashee Rice,WR,22,12,T2,3,1.0,
player_available,5.0,Rashee Rice,WR,22,12,T2,18,0.8197,
player_available,5.0,Rashee Rice,WR,22,12,T2,23,0.4788,
player_available,5.0,Rashee Rice,WR,22,12,T2,38,0.001,
player_available,5.0,Rashee Rice,WR,22,12,T2,43,0.0,
player_available,5.0,Rashee Rice,WR,22,12,T2,58,0.0,
player_available,5.0,Rashee Rice,WR,22,12,T2,63,0.0,
player_available,5.0,Rashee Rice,WR,22,12,T2,78,0.0,
player_available,5.0,Rashee Rice,WR,22,12,T2,83,0.0,
player_available,5.0,Rashee Rice,WR,22,12,T2,98,0.0,
player_available,5.0,Rashee Rice,WR,22,12,T2,103,0.0,
player_available,5.0,Rashee Rice,WR,22,12,T2,118,0.0,
player_available,5.0,Rashee Rice,WR,22,12,T2,123,0.0,
player_available,5.0,Rashee Rice,WR,22,12,T2,138,0.0,
player_available,5.0,Rashee Rice,WR,22,12,T2,143,0.0,
player_available,5.0,Rashee Rice,WR,22,12,T2,158,0.0,
player_available,5.0,Omarion Hampton,RB,23,9,T2,3,1.0,
player_available,5.0,Omarion Hampton,RB,23,9,T2,18,0.87,
player_available,5.0,Omarion Hampton,RB,23,9,T2,23,0.554,
player_available,5.0,Omarion Hampton,RB,23,9,T2,38,0.0025,
player_available,5.0,Omarion Hampton,RB,23,9,T2,43,0.0,
player_available,5.0,Omarion Hampton,RB,23,9,T2,58,0.0,
player_available,5.0,Omarion Hampton,RB,23,9,T2,63,0.0,
player_available,5.0,Omarion Hampton,RB,23,9,T2,78,0.0,
player_available,5.0,Omarion Hampton,RB,23,9,T2,83,0.0,
player_available,5.0,Omarion Hampton,RB,23,9,T2,98,0.0,
player_available,5.0,Omarion Hampton,RB,23,9,T2,103,0.0,
player_available,5.0,Omarion Hampton,RB,23,9,T2,118,0.0,
player_available,5.0,Omarion Hampton,RB,23,9,T2,123,0.0,
player_available,5.0,Omarion Hampton,RB,23,9,T2,138,0.0,
player_available,5.0,Omarion Hampton,RB,23,9,T2,143,0.0,
player_available,5.0,Omarion Hampton,RB,23,9,T2,158,0.0,
player_available,5.0,DeVonta Smith,WR,24,13,T3,3,1.0,
player_available,5.0,DeVonta Smith,WR,24,13,T3,18,0.9052,
player_available,5.0,DeVonta Smith,WR,24,13,T3,23,0.6335,
player_available,5.0,DeVonta Smith,WR,24,13,T3,38,0.0018,
player_available,5.0,DeVonta Smith,WR,24,13,T3,43,0.0,
player_available,5.0,DeVonta Smith,WR,24,13,T3,58,0.0,
player_available,5.0,DeVonta Smith,WR,24,13,T3,63,0.0,
player_available,5.0,DeVonta Smith,WR,24,13,T3,78,0.0,
player_available,5.0,DeVonta Smith,WR,24,13,T3,83,0.0,
player_available,5.0,DeVonta Smith,WR,24,13,T3,98,0.0,
player_available,5.0,DeVonta Smith,WR,24,13,T3,103,0.0,
player_available,5.0,DeVonta Smith,WR,24,13,T3,118,0.0,
player_available,5.0,DeVonta Smith,WR,24,13,T3,123,0.0,
player_available,5.0,DeVonta Smith,WR,24,13,T3,138,0.0,
player_available,5.0,DeVonta Smith,WR,24,13,T3,143,0.0,
player_available,5.0,DeVonta Smith,WR,24,13,T3,158,0.0,
player_available,5.0,Josh Allen,QB,25,1,T1,3,1.0,
player_available,5.0,Josh Allen,QB,25,1,T1,18,0.9303,
player_available,5.0,Josh Allen,QB,25,1,T1,23,0.708,
player_available,5.0,Josh Allen,QB,25,1,T1,38,0.0065,
player_available,5.0,Josh Allen,QB,25,1,T1,43,0.0,
player_available,5.0,Josh Allen,QB,25,1,T1,58,0.0,
player_available,5.0,Josh Allen,QB,25,1,T1,63,0.0,
player_available,5.0,Josh Allen,QB,25,1,T1,78,0.0,
player_available,5.0,Josh Allen,QB,25,1,T1,83,0.0,
player_available,5.0,Josh Allen,QB,25,1,T1,98,0.0,
player_available,5.0,Josh Allen,QB,25,1,T1,103,0.0,
player_available,5.0,Josh Allen,QB,25,1,T1,118,0.0,
player_available,5.0,Josh Allen,QB,25,1,T1,123,0.0,
player_available,5.0,Josh Allen,QB,25,1,T1,138,0.0,
player_available,5.0,Josh Allen,QB,25,1,T1,143,0.0,
player_available,5.0,Josh Allen,QB,25,1,T1,158,0.0,
player_available,5.0,Saquon Barkley,RB,26,10,T2,3,1.0,
player_available,5.0,Saquon Barkley,RB,26,10,T2,18,0.9565,
player_available,5.0,Saquon Barkley,RB,26,10,T2,23,0.7682,
player_available,5.0,Saquon Barkley,RB,26,10,T2,38,0.0125,
player_available,5.0,Saquon Barkley,RB,26,10,T2,43,0.0,
player_available,5.0,Saquon Barkley,RB,26,10,T2,58,0.0,
player_available,5.0,Saquon Barkley,RB,26,10,T2,63,0.0,
player_available,5.0,Saquon Barkley,RB,26,10,T2,78,0.0,
player_available,5.0,Saquon Barkley,RB,26,10,T2,83,0.0,
player_available,5.0,Saquon Barkley,RB,26,10,T2,98,0.0,
player_available,5.0,Saquon Barkley,RB,26,10,T2,103,0.0,
player_available,5.0,Saquon Barkley,RB,26,10,T2,118,0.0,
player_available,5.0,Saquon Barkley,RB,26,10,T2,123,0.0,
player_available,5.0,Saquon Barkley,RB,26,10,T2,138,0.0,
player_available,5.0,Saquon Barkley,RB,26,10,T2,143,0.0,
player_available,5.0,Saquon Barkley,RB,26,10,T2,158,0.0,
player_available,5.0,Garrett Wilson,WR,27,14,T3,3,1.0,
player_available,5.0,Garrett Wilson,WR,27,14,T3,18,0.9715,
player_available,5.0,Garrett Wilson,WR,27,14,T3,23,0.8277,
player_available,5.0,Garrett Wilson,WR,27,14,T3,38,0.018,
player_available,5.0,Garrett Wilson,WR,27,14,T3,43,0.0,
player_available,5.0,Garrett Wilson,WR,27,14,T3,58,0.0,
player_available,5.0,Garrett Wilson,WR,27,14,T3,63,0.0,
player_available,5.0,Garrett Wilson,WR,27,14,T3,78,0.0,
player_available,5.0,Garrett Wilson,WR,27,14,T3,83,0.0,
player_available,5.0,Garrett Wilson,WR,27,14,T3,98,0.0,
player_available,5.0,Garrett Wilson,WR,27,14,T3,103,0.0,
player_available,5.0,Garrett Wilson,WR,27,14,T3,118,0.0,
player_available,5.0,Garrett Wilson,WR,27,14,T3,123,0.0,
player_available,5.0,Garrett Wilson,WR,27,14,T3,138,0.0,
player_available,5.0,Garrett Wilson,WR,27,14,T3,143,0.0,
player_available,5.0,Garrett Wilson,WR,27,14,T3,158,0.0,
player_available,5.0,Tetairoa McMillan,WR,28,15,T3,3,1.0,
player_available,5.0,Tetairoa McMillan,WR,28,15,T3,18,0.9812,
player_available,5.0,Tetairoa McMillan,WR,28,15,T3,23,0.8838,
player_available,5.0,Tetairoa McMillan,WR,28,15,T3,38,0.0295,
player_available,5.0,Tetairoa McMillan,WR,28,15,T3,43,0.0003,
player_available,5.0,Tetairoa McMillan,WR,28,15,T3,58,0.0,
player_available,5.0,Tetairoa McMillan,WR,28,15,T3,63,0.0,
player_available,5.0,Tetairoa McMillan,WR,28,15,T3,78,0.0,
player_available,5.0,Tetairoa McMillan,WR,28,15,T3,83,0.0,
player_available,5.0,Tetairoa McMillan,WR,28,15,T3,98,0.0,
player_available,5.0,Tetairoa McMillan,WR,28,15,T3,103,0.0,
player_available,5.0,Tetairoa McMillan,WR,28,15,T3,118,0.0,
player_available,5.0,Tetairoa McMillan,WR,28,15,T3,123,0.0,
player_available,5.0,Tetairoa McMillan,WR,28,15,T3,138,0.0,
player_available,5.0,Tetairoa McMillan,WR,28,15,T3,143,0.0,
player_available,5.0,Tetairoa McMillan,WR,28,15,T3,158,0.0,
player_available,5.0,Zay Flowers,WR,29,16,T3,3,1.0,
player_available,5.0,Zay Flowers,WR,29,16,T3,18,0.991,
player_available,5.0,Zay Flowers,WR,29,16,T3,23,0.914,
player_available,5.0,Zay Flowers,WR,29,16,T3,38,0.0445,
player_available,5.0,Zay Flowers,WR,29,16,T3,43,0.0,
player_available,5.0,Zay Flowers,WR,29,16,T3,58,0.0,
player_available,5.0,Zay Flowers,WR,29,16,T3,63,0.0,
player_available,5.0,Zay Flowers,WR,29,16,T3,78,0.0,
player_available,5.0,Zay Flowers,WR,29,16,T3,83,0.0,
player_available,5.0,Zay Flowers,WR,29,16,T3,98,0.0,
player_available,5.0,Zay Flowers,WR,29,16,T3,103,0.0,
player_available,5.0,Zay Flowers,WR,29,16,T3,118,0.0,
player_available,5.0,Zay Flowers,WR,29,16,T3,123,0.0,
player_available,5.0,Zay Flowers,WR,29,16,T3,138,0.0,
player_available,5.0,Zay Flowers,WR,29,16,T3,143,0.0,
player_available,5.0,Zay Flowers,WR,29,16,T3,158,0.0,
player_available,5.0,Kenneth Walker III,RB,30,11,T3,3,1.0,
player_available,5.0,Kenneth Walker III,RB,30,11,T3,18,0.9918,
player_available,5.0,Kenneth Walker III,RB,30,11,T3,23,0.941,
player_available,5.0,Kenneth Walker III,RB,30,11,T3,38,0.0653,
player_available,5.0,Kenneth Walker III,RB,30,11,T3,43,0.001,
player_available,5.0,Kenneth Walker III,RB,30,11,T3,58,0.0,
player_available,5.0,Kenneth Walker III,RB,30,11,T3,63,0.0,
player_available,5.0,Kenneth Walker III,RB,30,11,T3,78,0.0,
player_available,5.0,Kenneth Walker III,RB,30,11,T3,83,0.0,
player_available,5.0,Kenneth Walker III,RB,30,11,T3,98,0.0,
player_available,5.0,Kenneth Walker III,RB,30,11,T3,103,0.0,
player_available,5.0,Kenneth Walker III,RB,30,11,T3,118,0.0,
player_available,5.0,Kenneth Walker III,RB,30,11,T3,123,0.0,
player_available,5.0,Kenneth Walker III,RB,30,11,T3,138,0.0,
player_available,5.0,Kenneth Walker III,RB,30,11,T3,143,0.0,
player_available,5.0,Kenneth Walker III,RB,30,11,T3,158,0.0,
player_available,5.0,Tee Higgins,WR,31,17,T3,3,1.0,
player_available,5.0,Tee Higgins,WR,31,17,T3,18,0.9952,
player_available,5.0,Tee Higgins,WR,31,17,T3,23,0.9577,
player_available,5.0,Tee Higgins,WR,31,17,T3,38,0.0895,
player_available,5.0,Tee Higgins,WR,31,17,T3,43,0.0013,
player_available,5.0,Tee Higgins,WR,31,17,T3,58,0.0,
player_available,5.0,Tee Higgins,WR,31,17,T3,63,0.0,
player_available,5.0,Tee Higgins,WR,31,17,T3,78,0.0,
player_available,5.0,Tee Higgins,WR,31,17,T3,83,0.0,
player_available,5.0,Tee Higgins,WR,31,17,T3,98,0.0,
player_available,5.0,Tee Higgins,WR,31,17,T3,103,0.0,
player_available,5.0,Tee Higgins,WR,31,17,T3,118,0.0,
player_available,5.0,Tee Higgins,WR,31,17,T3,123,0.0,
player_available,5.0,Tee Higgins,WR,31,17,T3,138,0.0,
player_available,5.0,Tee Higgins,WR,31,17,T3,143,0.0,
player_available,5.0,Tee Higgins,WR,31,17,T3,158,0.0,
player_available,5.0,Lamar Jackson,QB,32,2,T1,3,1.0,
player_available,5.0,Lamar Jackson,QB,32,2,T1,18,0.9978,
player_available,5.0,Lamar Jackson,QB,32,2,T1,23,0.9762,
player_available,5.0,Lamar Jackson,QB,32,2,T1,38,0.143,
player_available,5.0,Lamar Jackson,QB,32,2,T1,43,0.004,
player_available,5.0,Lamar Jackson,QB,32,2,T1,58,0.0,
player_available,5.0,Lamar Jackson,QB,32,2,T1,63,0.0,
player_available,5.0,Lamar Jackson,QB,32,2,T1,78,0.0,
player_available,5.0,Lamar Jackson,QB,32,2,T1,83,0.0,
player_available,5.0,Lamar Jackson,QB,32,2,T1,98,0.0,
player_available,5.0,Lamar Jackson,QB,32,2,T1,103,0.0,
player_available,5.0,Lamar Jackson,QB,32,2,T1,118,0.0,
player_available,5.0,Lamar Jackson,QB,32,2,T1,123,0.0,
player_available,5.0,Lamar Jackson,QB,32,2,T1,138,0.0,
player_available,5.0,Lamar Jackson,QB,32,2,T1,143,0.0,
player_available,5.0,Lamar Jackson,QB,32,2,T1,158,0.0,
player_available,5.0,Drake Maye,QB,33,3,T2,3,1.0,
player_available,5.0,Drake Maye,QB,33,3,T2,18,0.9975,
player_available,5.0,Drake Maye,QB,33,3,T2,23,0.9818,
player_available,5.0,Drake Maye,QB,33,3,T2,38,0.1885,
player_available,5.0,Drake Maye,QB,33,3,T2,43,0.0097,
player_available,5.0,Drake Maye,QB,33,3,T2,58,0.0,
player_available,5.0,Drake Maye,QB,33,3,T2,63,0.0,
player_available,5.0,Drake Maye,QB,33,3,T2,78,0.0,
player_available,5.0,Drake Maye,QB,33,3,T2,83,0.0,
player_available,5.0,Drake Maye,QB,33,3,T2,98,0.0,
player_available,5.0,Drake Maye,QB,33,3,T2,103,0.0,
player_available,5.0,Drake Maye,QB,33,3,T2,118,0.0,
player_available,5.0,Drake Maye,QB,33,3,T2,123,0.0,
player_available,5.0,Drake Maye,QB,33,3,T2,138,0.0,
player_available,5.0,Drake Maye,QB,33,3,T2,143,0.0,
player_available,5.0,Drake Maye,QB,33,3,T2,158,0.0,
player_available,5.0,Ladd McConkey,WR,34,18,T3,3,1.0,
player_available,5.0,Ladd McConkey,WR,34,18,T3,18,0.9995,
player_available,5.0,Ladd McConkey,WR,34,18,T3,23,0.9915,
player_available,5.0,Ladd McConkey,WR,34,18,T3,38,0.2265,
player_available,5.0,Ladd McConkey,WR,34,18,T3,43,0.0255,
player_available,5.0,Ladd McConkey,WR,34,18,T3,58,0.0,
player_available,5.0,Ladd McConkey,WR,34,18,T3,63,0.0,
player_available,5.0,Ladd McConkey,WR,34,18,T3,78,0.0,
player_available,5.0,Ladd McConkey,WR,34,18,T3,83,0.0,
player_available,5.0,Ladd McConkey,WR,34,18,T3,98,0.0,
player_available,5.0,Ladd McConkey,WR,34,18,T3,103,0.0,
player_available,5.0,Ladd McConkey,WR,34,18,T3,118,0.0,
player_available,5.0,Ladd McConkey,WR,34,18,T3,123,0.0,
player_available,5.0,Ladd McConkey,WR,34,18,T3,138,0.0,
player_available,5.0,Ladd McConkey,WR,34,18,T3,143,0.0,
player_available,5.0,Ladd McConkey,WR,34,18,T3,158,0.0,
player_available,5.0,Jaylen Waddle,WR,35,19,T3,3,1.0,
player_available,5.0,Jaylen Waddle,WR,35,19,T3,18,0.9998,
player_available,5.0,Jaylen Waddle,WR,35,19,T3,23,0.994,
player_available,5.0,Jaylen Waddle,WR,35,19,T3,38,0.292,
player_available,5.0,Jaylen Waddle,WR,35,19,T3,43,0.0385,
player_available,5.0,Jaylen Waddle,WR,35,19,T3,58,0.0,
player_available,5.0,Jaylen Waddle,WR,35,19,T3,63,0.0,
player_available,5.0,Jaylen Waddle,WR,35,19,T3,78,0.0,
player_available,5.0,Jaylen Waddle,WR,35,19,T3,83,0.0,
player_available,5.0,Jaylen Waddle,WR,35,19,T3,98,0.0,
player_available,5.0,Jaylen Waddle,WR,35,19,T3,103,0.0,
player_available,5.0,Jaylen Waddle,WR,35,19,T3,118,0.0,
player_available,5.0,Jaylen Waddle,WR,35,19,T3,123,0.0,
player_available,5.0,Jaylen Waddle,WR,35,19,T3,138,0.0,
player_available,5.0,Jaylen Waddle,WR,35,19,T3,143,0.0,
player_available,5.0,Jaylen Waddle,WR,35,19,T3,158,0.0,
player_available,5.0,Emeka Egbuka,WR,36,20,T3,3,1.0,
player_available,5.0,Emeka Egbuka,WR,36,20,T3,18,0.9995,
player_available,5.0,Emeka Egbuka,WR,36,20,T3,23,0.9945,
player_available,5.0,Emeka Egbuka,WR,36,20,T3,38,0.388,
player_available,5.0,Emeka Egbuka,WR,36,20,T3,43,0.0783,
player_available,5.0,Emeka Egbuka,WR,36,20,T3,58,0.0,
player_available,5.0,Emeka Egbuka,WR,36,20,T3,63,0.0,
player_available,5.0,Emeka Egbuka,WR,36,20,T3,78,0.0,
player_available,5.0,Emeka Egbuka,WR,36,20,T3,83,0.0,
player_available,5.0,Emeka Egbuka,WR,36,20,T3,98,0.0,
player_available,5.0,Emeka Egbuka,WR,36,20,T3,103,0.0,
player_available,5.0,Emeka Egbuka,WR,36,20,T3,118,0.0,
player_available,5.0,Emeka Egbuka,WR,36,20,T3,123,0.0,
player_available,5.0,Emeka Egbuka,WR,36,20,T3,138,0.0,
player_available,5.0,Emeka Egbuka,WR,36,20,T3,143,0.0,
player_available,5.0,Emeka Egbuka,WR,36,20,T3,158,0.0,
player_available,5.0,Colston Loveland,TE,37,3,T2,3,1.0,
player_available,5.0,Colston Loveland,TE,37,3,T2,18,1.0,
player_available,5.0,Colston Loveland,TE,37,3,T2,23,0.9972,
player_available,5.0,Colston Loveland,TE,37,3,T2,38,0.4647,
player_available,5.0,Colston Loveland,TE,37,3,T2,43,0.115,
player_available,5.0,Colston Loveland,TE,37,3,T2,58,0.0,
player_available,5.0,Colston Loveland,TE,37,3,T2,63,0.0,
player_available,5.0,Colston Loveland,TE,37,3,T2,78,0.0,
player_available,5.0,Colston Loveland,TE,37,3,T2,83,0.0,
player_available,5.0,Colston Loveland,TE,37,3,T2,98,0.0,
player_available,5.0,Colston Loveland,TE,37,3,T2,103,0.0,
player_available,5.0,Colston Loveland,TE,37,3,T2,118,0.0,
player_available,5.0,Colston Loveland,TE,37,3,T2,123,0.0,
player_available,5.0,Colston Loveland,TE,37,3,T2,138,0.0,
player_available,5.0,Colston Loveland,TE,37,3,T2,143,0.0,
player_available,5.0,Colston Loveland,TE,37,3,T2,158,0.0,
player_available,5.0,Derrick Henry,RB,38,12,T3,3,1.0,
player_available,5.0,Derrick Henry,RB,38,12,T3,18,1.0,
player_available,5.0,Derrick Henry,RB,38,12,T3,23,0.9995,
player_available,5.0,Derrick Henry,RB,38,12,T3,38,0.53,
player_available,5.0,Derrick Henry,RB,38,12,T3,43,0.173,
player_available,5.0,Derrick Henry,RB,38,12,T3,58,0.0,
player_available,5.0,Derrick Henry,RB,38,12,T3,63,0.0,
player_available,5.0,Derrick Henry,RB,38,12,T3,78,0.0,
player_available,5.0,Derrick Henry,RB,38,12,T3,83,0.0,
player_available,5.0,Derrick Henry,RB,38,12,T3,98,0.0,
player_available,5.0,Derrick Henry,RB,38,12,T3,103,0.0,
player_available,5.0,Derrick Henry,RB,38,12,T3,118,0.0,
player_available,5.0,Derrick Henry,RB,38,12,T3,123,0.0,
player_available,5.0,Derrick Henry,RB,38,12,T3,138,0.0,
player_available,5.0,Derrick Henry,RB,38,12,T3,143,0.0,
player_available,5.0,Derrick Henry,RB,38,12,T3,158,0.0,
player_available,5.0,Malik Nabers,WR,39,21,T3,3,1.0,
player_available,5.0,Malik Nabers,WR,39,21,T3,18,1.0,
player_available,5.0,Malik Nabers,WR,39,21,T3,23,0.9998,
player_available,5.0,Malik Nabers,WR,39,21,T3,38,0.6258,
player_available,5.0,Malik Nabers,WR,39,21,T3,43,0.2512,
player_available,5.0,Malik Nabers,WR,39,21,T3,58,0.0,
player_available,5.0,Malik Nabers,WR,39,21,T3,63,0.0,
player_available,5.0,Malik Nabers,WR,39,21,T3,78,0.0,
player_available,5.0,Malik Nabers,WR,39,21,T3,83,0.0,
player_available,5.0,Malik Nabers,WR,39,21,T3,98,0.0,
player_available,5.0,Malik Nabers,WR,39,21,T3,103,0.0,
player_available,5.0,Malik Nabers,WR,39,21,T3,118,0.0,
player_available,5.0,Malik Nabers,WR,39,21,T3,123,0.0,
player_available,5.0,Malik Nabers,WR,39,21,T3,138,0.0,
player_available,5.0,Malik Nabers,WR,39,21,T3,143,0.0,
player_available,5.0,Malik Nabers,WR,39,21,T3,158,0.0,
player_available,5.0,Breece Hall,RB,40,13,T3,3,1.0,
player_available,5.0,Breece Hall,RB,40,13,T3,18,1.0,
player_available,5.0,Breece Hall,RB,40,13,T3,23,0.9995,
player_available,5.0,Breece Hall,RB,40,13,T3,38,0.6957,
player_available,5.0,Breece Hall,RB,40,13,T3,43,0.3217,
player_available,5.0,Breece Hall,RB,40,13,T3,58,0.0,
player_available,5.0,Breece Hall,RB,40,13,T3,63,0.0,
player_available,5.0,Breece Hall,RB,40,13,T3,78,0.0,
player_available,5.0,Breece Hall,RB,40,13,T3,83,0.0,
player_available,5.0,Breece Hall,RB,40,13,T3,98,0.0,
player_available,5.0,Breece Hall,RB,40,13,T3,103,0.0,
player_available,5.0,Breece Hall,RB,40,13,T3,118,0.0,
player_available,5.0,Breece Hall,RB,40,13,T3,123,0.0,
player_available,5.0,Breece Hall,RB,40,13,T3,138,0.0,
player_available,5.0,Breece Hall,RB,40,13,T3,143,0.0,
player_available,5.0,Breece Hall,RB,40,13,T3,158,0.0,
player_available,5.0,Kyren Williams,RB,41,14,T3,3,1.0,
player_available,5.0,Kyren Williams,RB,41,14,T3,18,1.0,
player_available,5.0,Kyren Williams,RB,41,14,T3,23,0.9995,
player_available,5.0,Kyren Williams,RB,41,14,T3,38,0.7632,
player_available,5.0,Kyren Williams,RB,41,14,T3,43,0.395,
player_available,5.0,Kyren Williams,RB,41,14,T3,58,0.0,
player_available,5.0,Kyren Williams,RB,41,14,T3,63,0.0,
player_available,5.0,Kyren Williams,RB,41,14,T3,78,0.0,
player_available,5.0,Kyren Williams,RB,41,14,T3,83,0.0,
player_available,5.0,Kyren Williams,RB,41,14,T3,98,0.0,
player_available,5.0,Kyren Williams,RB,41,14,T3,103,0.0,
player_available,5.0,Kyren Williams,RB,41,14,T3,118,0.0,
player_available,5.0,Kyren Williams,RB,41,14,T3,123,0.0,
player_available,5.0,Kyren Williams,RB,41,14,T3,138,0.0,
player_available,5.0,Kyren Williams,RB,41,14,T3,143,0.0,
player_available,5.0,Kyren Williams,RB,41,14,T3,158,0.0,
player_available,5.0,Terry McLaurin,WR,42,22,T3,3,1.0,
player_available,5.0,Terry McLaurin,WR,42,22,T3,18,1.0,
player_available,5.0,Terry McLaurin,WR,42,22,T3,23,1.0,
player_available,5.0,Terry McLaurin,WR,42,22,T3,38,0.8133,
player_available,5.0,Terry McLaurin,WR,42,22,T3,43,0.4703,
player_available,5.0,Terry McLaurin,WR,42,22,T3,58,0.0018,
player_available,5.0,Terry McLaurin,WR,42,22,T3,63,0.0,
player_available,5.0,Terry McLaurin,WR,42,22,T3,78,0.0,
player_available,5.0,Terry McLaurin,WR,42,22,T3,83,0.0,
player_available,5.0,Terry McLaurin,WR,42,22,T3,98,0.0,
player_available,5.0,Terry McLaurin,WR,42,22,T3,103,0.0,
player_available,5.0,Terry McLaurin,WR,42,22,T3,118,0.0,
player_available,5.0,Terry McLaurin,WR,42,22,T3,123,0.0,
player_available,5.0,Terry McLaurin,WR,42,22,T3,138,0.0,
player_available,5.0,Terry McLaurin,WR,42,22,T3,143,0.0,
player_available,5.0,Terry McLaurin,WR,42,22,T3,158,0.0,
player_available,5.0,Joe Burrow,QB,43,4,T2,3,1.0,
player_available,5.0,Joe Burrow,QB,43,4,T2,18,1.0,
player_available,5.0,Joe Burrow,QB,43,4,T2,23,1.0,
player_available,5.0,Joe Burrow,QB,43,4,T2,38,0.8802,
player_available,5.0,Joe Burrow,QB,43,4,T2,43,0.5733,
player_available,5.0,Joe Burrow,QB,43,4,T2,58,0.0027,
player_available,5.0,Joe Burrow,QB,43,4,T2,63,0.0,
player_available,5.0,Joe Burrow,QB,43,4,T2,78,0.0,
player_available,5.0,Joe Burrow,QB,43,4,T2,83,0.0,
player_available,5.0,Joe Burrow,QB,43,4,T2,98,0.0,
player_available,5.0,Joe Burrow,QB,43,4,T2,103,0.0,
player_available,5.0,Joe Burrow,QB,43,4,T2,118,0.0,
player_available,5.0,Joe Burrow,QB,43,4,T2,123,0.0,
player_available,5.0,Joe Burrow,QB,43,4,T2,138,0.0,
player_available,5.0,Joe Burrow,QB,43,4,T2,143,0.0,
player_available,5.0,Joe Burrow,QB,43,4,T2,158,0.0,
player_available,5.0,Josh Jacobs,RB,44,15,T3,3,1.0,
player_available,5.0,Josh Jacobs,RB,44,15,T3,18,1.0,
player_available,5.0,Josh Jacobs,RB,44,15,T3,23,1.0,
player_available,5.0,Josh Jacobs,RB,44,15,T3,38,0.9097,
player_available,5.0,Josh Jacobs,RB,44,15,T3,43,0.6455,
player_available,5.0,Josh Jacobs,RB,44,15,T3,58,0.0027,
player_available,5.0,Josh Jacobs,RB,44,15,T3,63,0.0,
player_available,5.0,Josh Jacobs,RB,44,15,T3,78,0.0,
player_available,5.0,Josh Jacobs,RB,44,15,T3,83,0.0,
player_available,5.0,Josh Jacobs,RB,44,15,T3,98,0.0,
player_available,5.0,Josh Jacobs,RB,44,15,T3,103,0.0,
player_available,5.0,Josh Jacobs,RB,44,15,T3,118,0.0,
player_available,5.0,Josh Jacobs,RB,44,15,T3,123,0.0,
player_available,5.0,Josh Jacobs,RB,44,15,T3,138,0.0,
player_available,5.0,Josh Jacobs,RB,44,15,T3,143,0.0,
player_available,5.0,Josh Jacobs,RB,44,15,T3,158,0.0,
player_available,5.0,Luther Burden III,WR,45,23,T3,3,1.0,
player_available,5.0,Luther Burden III,WR,45,23,T3,18,1.0,
player_available,5.0,Luther Burden III,WR,45,23,T3,23,1.0,
player_available,5.0,Luther Burden III,WR,45,23,T3,38,0.9223,
player_available,5.0,Luther Burden III,WR,45,23,T3,43,0.6915,
player_available,5.0,Luther Burden III,WR,45,23,T3,58,0.0053,
player_available,5.0,Luther Burden III,WR,45,23,T3,63,0.0,
player_available,5.0,Luther Burden III,WR,45,23,T3,78,0.0,
player_available,5.0,Luther Burden III,WR,45,23,T3,83,0.0,
player_available,5.0,Luther Burden III,WR,45,23,T3,98,0.0,
player_available,5.0,Luther Burden III,WR,45,23,T3,103,0.0,
player_available,5.0,Luther Burden III,WR,45,23,T3,118,0.0,
player_available,5.0,Luther Burden III,WR,45,23,T3,123,0.0,
player_available,5.0,Luther Burden III,WR,45,23,T3,138,0.0,
player_available,5.0,Luther Burden III,WR,45,23,T3,143,0.0,
player_available,5.0,Luther Burden III,WR,45,23,T3,158,0.0,
player_available,5.0,Javonte Williams,RB,46,16,T3,3,1.0,
player_available,5.0,Javonte Williams,RB,46,16,T3,18,1.0,
player_available,5.0,Javonte Williams,RB,46,16,T3,23,1.0,
player_available,5.0,Javonte Williams,RB,46,16,T3,38,0.9623,
player_available,5.0,Javonte Williams,RB,46,16,T3,43,0.7857,
player_available,5.0,Javonte Williams,RB,46,16,T3,58,0.0105,
player_available,5.0,Javonte Williams,RB,46,16,T3,63,0.0,
player_available,5.0,Javonte Williams,RB,46,16,T3,78,0.0,
player_available,5.0,Javonte Williams,RB,46,16,T3,83,0.0,
player_available,5.0,Javonte Williams,RB,46,16,T3,98,0.0,
player_available,5.0,Javonte Williams,RB,46,16,T3,103,0.0,
player_available,5.0,Javonte Williams,RB,46,16,T3,118,0.0,
player_available,5.0,Javonte Williams,RB,46,16,T3,123,0.0,
player_available,5.0,Javonte Williams,RB,46,16,T3,138,0.0,
player_available,5.0,Javonte Williams,RB,46,16,T3,143,0.0,
player_available,5.0,Javonte Williams,RB,46,16,T3,158,0.0,
player_available,5.0,Travis Etienne Jr.,RB,47,17,T3,3,1.0,
player_available,5.0,Travis Etienne Jr.,RB,47,17,T3,18,1.0,
player_available,5.0,Travis Etienne Jr.,RB,47,17,T3,23,1.0,
player_available,5.0,Travis Etienne Jr.,RB,47,17,T3,38,0.9718,
player_available,5.0,Travis Etienne Jr.,RB,47,17,T3,43,0.8425,
player_available,5.0,Travis Etienne Jr.,RB,47,17,T3,58,0.016,
player_available,5.0,Travis Etienne Jr.,RB,47,17,T3,63,0.0,
player_available,5.0,Travis Etienne Jr.,RB,47,17,T3,78,0.0,
player_available,5.0,Travis Etienne Jr.,RB,47,17,T3,83,0.0,
player_available,5.0,Travis Etienne Jr.,RB,47,17,T3,98,0.0,
player_available,5.0,Travis Etienne Jr.,RB,47,17,T3,103,0.0,
player_available,5.0,Travis Etienne Jr.,RB,47,17,T3,118,0.0,
player_available,5.0,Travis Etienne Jr.,RB,47,17,T3,123,0.0,
player_available,5.0,Travis Etienne Jr.,RB,47,17,T3,138,0.0,
player_available,5.0,Travis Etienne Jr.,RB,47,17,T3,143,0.0,
player_available,5.0,Travis Etienne Jr.,RB,47,17,T3,158,0.0,
player_available,5.0,Davante Adams,WR,48,24,T3,3,1.0,
player_available,5.0,Davante Adams,WR,48,24,T3,18,1.0,
player_available,5.0,Davante Adams,WR,48,24,T3,23,1.0,
player_available,5.0,Davante Adams,WR,48,24,T3,38,0.9775,
player_available,5.0,Davante Adams,WR,48,24,T3,43,0.8635,
player_available,5.0,Davante Adams,WR,48,24,T3,58,0.029,
player_available,5.0,Davante Adams,WR,48,24,T3,63,0.0,
player_available,5.0,Davante Adams,WR,48,24,T3,78,0.0,
player_available,5.0,Davante Adams,WR,48,24,T3,83,0.0,
player_available,5.0,Davante Adams,WR,48,24,T3,98,0.0,
player_available,5.0,Davante Adams,WR,48,24,T3,103,0.0,
player_available,5.0,Davante Adams,WR,48,24,T3,118,0.0,
player_available,5.0,Davante Adams,WR,48,24,T3,123,0.0,
player_available,5.0,Davante Adams,WR,48,24,T3,138,0.0,
player_available,5.0,Davante Adams,WR,48,24,T3,143,0.0,
player_available,5.0,Davante Adams,WR,48,24,T3,158,0.0,
player_available,5.0,Mike Evans,WR,49,25,T4,3,1.0,
player_available,5.0,Mike Evans,WR,49,25,T4,18,1.0,
player_available,5.0,Mike Evans,WR,49,25,T4,23,1.0,
player_available,5.0,Mike Evans,WR,49,25,T4,38,0.9882,
player_available,5.0,Mike Evans,WR,49,25,T4,43,0.9022,
player_available,5.0,Mike Evans,WR,49,25,T4,58,0.0398,
player_available,5.0,Mike Evans,WR,49,25,T4,63,0.0003,
player_available,5.0,Mike Evans,WR,49,25,T4,78,0.0,
player_available,5.0,Mike Evans,WR,49,25,T4,83,0.0,
player_available,5.0,Mike Evans,WR,49,25,T4,98,0.0,
player_available,5.0,Mike Evans,WR,49,25,T4,103,0.0,
player_available,5.0,Mike Evans,WR,49,25,T4,118,0.0,
player_available,5.0,Mike Evans,WR,49,25,T4,123,0.0,
player_available,5.0,Mike Evans,WR,49,25,T4,138,0.0,
player_available,5.0,Mike Evans,WR,49,25,T4,143,0.0,
player_available,5.0,Mike Evans,WR,49,25,T4,158,0.0,
player_available,5.0,DJ Moore,WR,50,26,T4,3,1.0,
player_available,5.0,DJ Moore,WR,50,26,T4,18,1.0,
player_available,5.0,DJ Moore,WR,50,26,T4,23,1.0,
player_available,5.0,DJ Moore,WR,50,26,T4,38,0.9935,
player_available,5.0,DJ Moore,WR,50,26,T4,43,0.932,
player_available,5.0,DJ Moore,WR,50,26,T4,58,0.0698,
player_available,5.0,DJ Moore,WR,50,26,T4,63,0.0003,
player_available,5.0,DJ Moore,WR,50,26,T4,78,0.0,
player_available,5.0,DJ Moore,WR,50,26,T4,83,0.0,
player_available,5.0,DJ Moore,WR,50,26,T4,98,0.0,
player_available,5.0,DJ Moore,WR,50,26,T4,103,0.0,
player_available,5.0,DJ Moore,WR,50,26,T4,118,0.0,
player_available,5.0,DJ Moore,WR,50,26,T4,123,0.0,
player_available,5.0,DJ Moore,WR,50,26,T4,138,0.0,
player_available,5.0,DJ Moore,WR,50,26,T4,143,0.0,
player_available,5.0,DJ Moore,WR,50,26,T4,158,0.0,
player_available,5.0,Jameson Williams,WR,51,27,T4,3,1.0,
player_available,5.0,Jameson Williams,WR,51,27,T4,18,1.0,
player_available,5.0,Jameson Williams,WR,51,27,T4,23,1.0,
player_available,5.0,Jameson Williams,WR,51,27,T4,38,0.997,
player_available,5.0,Jameson Williams,WR,51,27,T4,43,0.9527,
player_available,5.0,Jameson Williams,WR,51,27,T4,58,0.085,
player_available,5.0,Jameson Williams,WR,51,27,T4,63,0.0003,
player_available,5.0,Jameson Williams,WR,51,27,T4,78,0.0,
player_available,5.0,Jameson Williams,WR,51,27,T4,83,0.0,
player_available,5.0,Jameson Williams,WR,51,27,T4,98,0.0,
player_available,5.0,Jameson Williams,WR,51,27,T4,103,0.0,
player_available,5.0,Jameson Williams,WR,51,27,T4,118,0.0,
player_available,5.0,Jameson Williams,WR,51,27,T4,123,0.0,
player_available,5.0,Jameson Williams,WR,51,27,T4,138,0.0,
player_available,5.0,Jameson Williams,WR,51,27,T4,143,0.0,
player_available,5.0,Jameson Williams,WR,51,27,T4,158,0.0,
player_available,5.0,Tyler Warren,TE,52,4,T2,3,1.0,
player_available,5.0,Tyler Warren,TE,52,4,T2,18,1.0,
player_available,5.0,Tyler Warren,TE,52,4,T2,23,1.0,
player_available,5.0,Tyler Warren,TE,52,4,T2,38,0.9978,
player_available,5.0,Tyler Warren,TE,52,4,T2,43,0.9675,
player_available,5.0,Tyler Warren,TE,52,4,T2,58,0.1235,
player_available,5.0,Tyler Warren,TE,52,4,T2,63,0.0035,
player_available,5.0,Tyler Warren,TE,52,4,T2,78,0.0,
player_available,5.0,Tyler Warren,TE,52,4,T2,83,0.0,
player_available,5.0,Tyler Warren,TE,52,4,T2,98,0.0,
player_available,5.0,Tyler Warren,TE,52,4,T2,103,0.0,
player_available,5.0,Tyler Warren,TE,52,4,T2,118,0.0,
player_available,5.0,Tyler Warren,TE,52,4,T2,123,0.0,
player_available,5.0,Tyler Warren,TE,52,4,T2,138,0.0,
player_available,5.0,Tyler Warren,TE,52,4,T2,143,0.0,
player_available,5.0,Tyler Warren,TE,52,4,T2,158,0.0,
player_available,5.0,Cam Skattebo,RB,53,18,T3,3,1.0,
player_available,5.0,Cam Skattebo,RB,53,18,T3,18,1.0,
player_available,5.0,Cam Skattebo,RB,53,18,T3,23,1.0,
player_available,5.0,Cam Skattebo,RB,53,18,T3,38,0.9982,
player_available,5.0,Cam Skattebo,RB,53,18,T3,43,0.981,
player_available,5.0,Cam Skattebo,RB,53,18,T3,58,0.1742,
player_available,5.0,Cam Skattebo,RB,53,18,T3,63,0.011,
player_available,5.0,Cam Skattebo,RB,53,18,T3,78,0.0,
player_available,5.0,Cam Skattebo,RB,53,18,T3,83,0.0,
player_available,5.0,Cam Skattebo,RB,53,18,T3,98,0.0,
player_available,5.0,Cam Skattebo,RB,53,18,T3,103,0.0,
player_available,5.0,Cam Skattebo,RB,53,18,T3,118,0.0,
player_available,5.0,Cam Skattebo,RB,53,18,T3,123,0.0,
player_available,5.0,Cam Skattebo,RB,53,18,T3,138,0.0,
player_available,5.0,Cam Skattebo,RB,53,18,T3,143,0.0,
player_available,5.0,Cam Skattebo,RB,53,18,T3,158,0.0,
player_available,5.0,Jayden Daniels,QB,54,5,T2,3,1.0,
player_available,5.0,Jayden Daniels,QB,54,5,T2,18,1.0,
player_available,5.0,Jayden Daniels,QB,54,5,T2,23,1.0,
player_available,5.0,Jayden Daniels,QB,54,5,T2,38,0.9995,
player_available,5.0,Jayden Daniels,QB,54,5,T2,43,0.9922,
player_available,5.0,Jayden Daniels,QB,54,5,T2,58,0.286,
player_available,5.0,Jayden Daniels,QB,54,5,T2,63,0.0372,
player_available,5.0,Jayden Daniels,QB,54,5,T2,78,0.0003,
player_available,5.0,Jayden Daniels,QB,54,5,T2,83,0.0,
player_available,5.0,Jayden Daniels,QB,54,5,T2,98,0.0,
player_available,5.0,Jayden Daniels,QB,54,5,T2,103,0.0,
player_available,5.0,Jayden Daniels,QB,54,5,T2,118,0.0,
player_available,5.0,Jayden Daniels,QB,54,5,T2,123,0.0,
player_available,5.0,Jayden Daniels,QB,54,5,T2,138,0.0,
player_available,5.0,Jayden Daniels,QB,54,5,T2,143,0.0,
player_available,5.0,Jayden Daniels,QB,54,5,T2,158,0.0,
player_available,5.0,Jalen Hurts,QB,55,6,T2,3,1.0,
player_available,5.0,Jalen Hurts,QB,55,6,T2,18,1.0,
player_available,5.0,Jalen Hurts,QB,55,6,T2,23,1.0,
player_available,5.0,Jalen Hurts,QB,55,6,T2,38,0.9998,
player_available,5.0,Jalen Hurts,QB,55,6,T2,43,0.9948,
player_available,5.0,Jalen Hurts,QB,55,6,T2,58,0.3603,
player_available,5.0,Jalen Hurts,QB,55,6,T2,63,0.0685,
player_available,5.0,Jalen Hurts,QB,55,6,T2,78,0.0,
player_available,5.0,Jalen Hurts,QB,55,6,T2,83,0.0,
player_available,5.0,Jalen Hurts,QB,55,6,T2,98,0.0,
player_available,5.0,Jalen Hurts,QB,55,6,T2,103,0.0,
player_available,5.0,Jalen Hurts,QB,55,6,T2,118,0.0,
player_available,5.0,Jalen Hurts,QB,55,6,T2,123,0.0,
player_available,5.0,Jalen Hurts,QB,55,6,T2,138,0.0,
player_available,5.0,Jalen Hurts,QB,55,6,T2,143,0.0,
player_available,5.0,Jalen Hurts,QB,55,6,T2,158,0.0,
player_available,5.0,Bucky Irving,RB,56,19,T3,3,1.0,
player_available,5.0,Bucky Irving,RB,56,19,T3,18,1.0,
player_available,5.0,Bucky Irving,RB,56,19,T3,23,1.0,
player_available,5.0,Bucky Irving,RB,56,19,T3,38,1.0,
player_available,5.0,Bucky Irving,RB,56,19,T3,43,0.9958,
player_available,5.0,Bucky Irving,RB,56,19,T3,58,0.359,
player_available,5.0,Bucky Irving,RB,56,19,T3,63,0.074,
player_available,5.0,Bucky Irving,RB,56,19,T3,78,0.0,
player_available,5.0,Bucky Irving,RB,56,19,T3,83,0.0,
player_available,5.0,Bucky Irving,RB,56,19,T3,98,0.0,
player_available,5.0,Bucky Irving,RB,56,19,T3,103,0.0,
player_available,5.0,Bucky Irving,RB,56,19,T3,118,0.0,
player_available,5.0,Bucky Irving,RB,56,19,T3,123,0.0,
player_available,5.0,Bucky Irving,RB,56,19,T3,138,0.0,
player_available,5.0,Bucky Irving,RB,56,19,T3,143,0.0,
player_available,5.0,Bucky Irving,RB,56,19,T3,158,0.0,
player_available,5.0,Christian Watson,WR,57,28,T4,3,1.0,
player_available,5.0,Christian Watson,WR,57,28,T4,18,1.0,
player_available,5.0,Christian Watson,WR,57,28,T4,23,1.0,
player_available,5.0,Christian Watson,WR,57,28,T4,38,1.0,
player_available,5.0,Christian Watson,WR,57,28,T4,43,0.9972,
player_available,5.0,Christian Watson,WR,57,28,T4,58,0.4505,
player_available,5.0,Christian Watson,WR,57,28,T4,63,0.1105,
player_available,5.0,Christian Watson,WR,57,28,T4,78,0.0,
player_available,5.0,Christian Watson,WR,57,28,T4,83,0.0,
player_available,5.0,Christian Watson,WR,57,28,T4,98,0.0,
player_available,5.0,Christian Watson,WR,57,28,T4,103,0.0,
player_available,5.0,Christian Watson,WR,57,28,T4,118,0.0,
player_available,5.0,Christian Watson,WR,57,28,T4,123,0.0,
player_available,5.0,Christian Watson,WR,57,28,T4,138,0.0,
player_available,5.0,Christian Watson,WR,57,28,T4,143,0.0,
player_available,5.0,Christian Watson,WR,57,28,T4,158,0.0,
player_available,5.0,Rome Odunze,WR,58,29,T4,3,1.0,
player_available,5.0,Rome Odunze,WR,58,29,T4,18,1.0,
player_available,5.0,Rome Odunze,WR,58,29,T4,23,1.0,
player_available,5.0,Rome Odunze,WR,58,29,T4,38,1.0,
player_available,5.0,Rome Odunze,WR,58,29,T4,43,0.9982,
player_available,5.0,Rome Odunze,WR,58,29,T4,58,0.518,
player_available,5.0,Rome Odunze,WR,58,29,T4,63,0.1608,
player_available,5.0,Rome Odunze,WR,58,29,T4,78,0.0,
player_available,5.0,Rome Odunze,WR,58,29,T4,83,0.0,
player_available,5.0,Rome Odunze,WR,58,29,T4,98,0.0,
player_available,5.0,Rome Odunze,WR,58,29,T4,103,0.0,
player_available,5.0,Rome Odunze,WR,58,29,T4,118,0.0,
player_available,5.0,Rome Odunze,WR,58,29,T4,123,0.0,
player_available,5.0,Rome Odunze,WR,58,29,T4,138,0.0,
player_available,5.0,Rome Odunze,WR,58,29,T4,143,0.0,
player_available,5.0,Rome Odunze,WR,58,29,T4,158,0.0,
player_available,5.0,Quinshon Judkins,RB,59,20,T3,3,1.0,
player_available,5.0,Quinshon Judkins,RB,59,20,T3,18,1.0,
player_available,5.0,Quinshon Judkins,RB,59,20,T3,23,1.0,
player_available,5.0,Quinshon Judkins,RB,59,20,T3,38,1.0,
player_available,5.0,Quinshon Judkins,RB,59,20,T3,43,1.0,
player_available,5.0,Quinshon Judkins,RB,59,20,T3,58,0.6068,
player_available,5.0,Quinshon Judkins,RB,59,20,T3,63,0.262,
player_available,5.0,Quinshon Judkins,RB,59,20,T3,78,0.0,
player_available,5.0,Quinshon Judkins,RB,59,20,T3,83,0.0,
player_available,5.0,Quinshon Judkins,RB,59,20,T3,98,0.0,
player_available,5.0,Quinshon Judkins,RB,59,20,T3,103,0.0,
player_available,5.0,Quinshon Judkins,RB,59,20,T3,118,0.0,
player_available,5.0,Quinshon Judkins,RB,59,20,T3,123,0.0,
player_available,5.0,Quinshon Judkins,RB,59,20,T3,138,0.0,
player_available,5.0,Quinshon Judkins,RB,59,20,T3,143,0.0,
player_available,5.0,Quinshon Judkins,RB,59,20,T3,158,0.0,
player_available,5.0,TreVeyon Henderson,RB,60,21,T4,3,1.0,
player_available,5.0,TreVeyon Henderson,RB,60,21,T4,18,1.0,
player_available,5.0,TreVeyon Henderson,RB,60,21,T4,23,1.0,
player_available,5.0,TreVeyon Henderson,RB,60,21,T4,38,1.0,
player_available,5.0,TreVeyon Henderson,RB,60,21,T4,43,0.9995,
player_available,5.0,TreVeyon Henderson,RB,60,21,T4,58,0.6935,
player_available,5.0,TreVeyon Henderson,RB,60,21,T4,63,0.3322,
player_available,5.0,TreVeyon Henderson,RB,60,21,T4,78,0.0,
player_available,5.0,TreVeyon Henderson,RB,60,21,T4,83,0.0,
player_available,5.0,TreVeyon Henderson,RB,60,21,T4,98,0.0,
player_available,5.0,TreVeyon Henderson,RB,60,21,T4,103,0.0,
player_available,5.0,TreVeyon Henderson,RB,60,21,T4,118,0.0,
player_available,5.0,TreVeyon Henderson,RB,60,21,T4,123,0.0,
player_available,5.0,TreVeyon Henderson,RB,60,21,T4,138,0.0,
player_available,5.0,TreVeyon Henderson,RB,60,21,T4,143,0.0,
player_available,5.0,TreVeyon Henderson,RB,60,21,T4,158,0.0,
player_available,5.0,D'Andre Swift,RB,61,22,T4,3,1.0,
player_available,5.0,D'Andre Swift,RB,61,22,T4,18,1.0,
player_available,5.0,D'Andre Swift,RB,61,22,T4,23,1.0,
player_available,5.0,D'Andre Swift,RB,61,22,T4,38,1.0,
player_available,5.0,D'Andre Swift,RB,61,22,T4,43,1.0,
player_available,5.0,D'Andre Swift,RB,61,22,T4,58,0.7522,
player_available,5.0,D'Andre Swift,RB,61,22,T4,63,0.399,
player_available,5.0,D'Andre Swift,RB,61,22,T4,78,0.0005,
player_available,5.0,D'Andre Swift,RB,61,22,T4,83,0.0,
player_available,5.0,D'Andre Swift,RB,61,22,T4,98,0.0,
player_available,5.0,D'Andre Swift,RB,61,22,T4,103,0.0,
player_available,5.0,D'Andre Swift,RB,61,22,T4,118,0.0,
player_available,5.0,D'Andre Swift,RB,61,22,T4,123,0.0,
player_available,5.0,D'Andre Swift,RB,61,22,T4,138,0.0,
player_available,5.0,D'Andre Swift,RB,61,22,T4,143,0.0,
player_available,5.0,D'Andre Swift,RB,61,22,T4,158,0.0,
player_available,5.0,David Montgomery,RB,62,23,T4,3,1.0,
player_available,5.0,David Montgomery,RB,62,23,T4,18,1.0,
player_available,5.0,David Montgomery,RB,62,23,T4,23,1.0,
player_available,5.0,David Montgomery,RB,62,23,T4,38,1.0,
player_available,5.0,David Montgomery,RB,62,23,T4,43,1.0,
player_available,5.0,David Montgomery,RB,62,23,T4,58,0.8153,
player_available,5.0,David Montgomery,RB,62,23,T4,63,0.4893,
player_available,5.0,David Montgomery,RB,62,23,T4,78,0.0013,
player_available,5.0,David Montgomery,RB,62,23,T4,83,0.0,
player_available,5.0,David Montgomery,RB,62,23,T4,98,0.0,
player_available,5.0,David Montgomery,RB,62,23,T4,103,0.0,
player_available,5.0,David Montgomery,RB,62,23,T4,118,0.0,
player_available,5.0,David Montgomery,RB,62,23,T4,123,0.0,
player_available,5.0,David Montgomery,RB,62,23,T4,138,0.0,
player_available,5.0,David Montgomery,RB,62,23,T4,143,0.0,
player_available,5.0,David Montgomery,RB,62,23,T4,158,0.0,
player_available,5.0,Marvin Harrison Jr.,WR,63,30,T4,3,1.0,
player_available,5.0,Marvin Harrison Jr.,WR,63,30,T4,18,1.0,
player_available,5.0,Marvin Harrison Jr.,WR,63,30,T4,23,1.0,
player_available,5.0,Marvin Harrison Jr.,WR,63,30,T4,38,1.0,
player_available,5.0,Marvin Harrison Jr.,WR,63,30,T4,43,1.0,
player_available,5.0,Marvin Harrison Jr.,WR,63,30,T4,58,0.8462,
player_available,5.0,Marvin Harrison Jr.,WR,63,30,T4,63,0.4835,
player_available,5.0,Marvin Harrison Jr.,WR,63,30,T4,78,0.002,
player_available,5.0,Marvin Harrison Jr.,WR,63,30,T4,83,0.0,
player_available,5.0,Marvin Harrison Jr.,WR,63,30,T4,98,0.0,
player_available,5.0,Marvin Harrison Jr.,WR,63,30,T4,103,0.0,
player_available,5.0,Marvin Harrison Jr.,WR,63,30,T4,118,0.0,
player_available,5.0,Marvin Harrison Jr.,WR,63,30,T4,123,0.0,
player_available,5.0,Marvin Harrison Jr.,WR,63,30,T4,138,0.0,
player_available,5.0,Marvin Harrison Jr.,WR,63,30,T4,143,0.0,
player_available,5.0,Marvin Harrison Jr.,WR,63,30,T4,158,0.0,
player_available,5.0,Caleb Williams,QB,64,7,T3,3,1.0,
player_available,5.0,Caleb Williams,QB,64,7,T3,18,1.0,
player_available,5.0,Caleb Williams,QB,64,7,T3,23,1.0,
player_available,5.0,Caleb Williams,QB,64,7,T3,38,1.0,
player_available,5.0,Caleb Williams,QB,64,7,T3,43,1.0,
player_available,5.0,Caleb Williams,QB,64,7,T3,58,0.924,
player_available,5.0,Caleb Williams,QB,64,7,T3,63,0.7007,
player_available,5.0,Caleb Williams,QB,64,7,T3,78,0.07,
player_available,5.0,Caleb Williams,QB,64,7,T3,83,0.0,
player_available,5.0,Caleb Williams,QB,64,7,T3,98,0.0,
player_available,5.0,Caleb Williams,QB,64,7,T3,103,0.0,
player_available,5.0,Caleb Williams,QB,64,7,T3,118,0.0,
player_available,5.0,Caleb Williams,QB,64,7,T3,123,0.0,
player_available,5.0,Caleb Williams,QB,64,7,T3,138,0.0,
player_available,5.0,Caleb Williams,QB,64,7,T3,143,0.0,
player_available,5.0,Caleb Williams,QB,64,7,T3,158,0.0,
player_available,5.0,Justin Herbert,QB,65,8,T3,3,1.0,
player_available,5.0,Justin Herbert,QB,65,8,T3,18,1.0,
player_available,5.0,Justin Herbert,QB,65,8,T3,23,1.0,
player_available,5.0,Justin Herbert,QB,65,8,T3,38,1.0,
player_available,5.0,Justin Herbert,QB,65,8,T3,43,1.0,
player_available,5.0,Justin Herbert,QB,65,8,T3,58,0.9557,
player_available,5.0,Justin Herbert,QB,65,8,T3,63,0.7602,
player_available,5.0,Justin Herbert,QB,65,8,T3,78,0.096,
player_available,5.0,Justin Herbert,QB,65,8,T3,83,0.0005,
player_available,5.0,Justin Herbert,QB,65,8,T3,98,0.0,
player_available,5.0,Justin Herbert,QB,65,8,T3,103,0.0,
player_available,5.0,Justin Herbert,QB,65,8,T3,118,0.0,
player_available,5.0,Justin Herbert,QB,65,8,T3,123,0.0,
player_available,5.0,Justin Herbert,QB,65,8,T3,138,0.0,
player_available,5.0,Justin Herbert,QB,65,8,T3,143,0.0,
player_available,5.0,Justin Herbert,QB,65,8,T3,158,0.0,
player_available,5.0,Bhayshul Tuten,RB,66,24,T4,3,1.0,
player_available,5.0,Bhayshul Tuten,RB,66,24,T4,18,1.0,
player_available,5.0,Bhayshul Tuten,RB,66,24,T4,23,1.0,
player_available,5.0,Bhayshul Tuten,RB,66,24,T4,38,1.0,
player_available,5.0,Bhayshul Tuten,RB,66,24,T4,43,1.0,
player_available,5.0,Bhayshul Tuten,RB,66,24,T4,58,0.955,
player_available,5.0,Bhayshul Tuten,RB,66,24,T4,63,0.7817,
player_available,5.0,Bhayshul Tuten,RB,66,24,T4,78,0.0097,
player_available,5.0,Bhayshul Tuten,RB,66,24,T4,83,0.0003,
player_available,5.0,Bhayshul Tuten,RB,66,24,T4,98,0.0,
player_available,5.0,Bhayshul Tuten,RB,66,24,T4,103,0.0,
player_available,5.0,Bhayshul Tuten,RB,66,24,T4,118,0.0,
player_available,5.0,Bhayshul Tuten,RB,66,24,T4,123,0.0,
player_available,5.0,Bhayshul Tuten,RB,66,24,T4,138,0.0,
player_available,5.0,Bhayshul Tuten,RB,66,24,T4,143,0.0,
player_available,5.0,Bhayshul Tuten,RB,66,24,T4,158,0.0,
player_available,5.0,Tucker Kraft,TE,67,5,T2,3,1.0,
player_available,5.0,Tucker Kraft,TE,67,5,T2,18,1.0,
player_available,5.0,Tucker Kraft,TE,67,5,T2,23,1.0,
player_available,5.0,Tucker Kraft,TE,67,5,T2,38,1.0,
player_available,5.0,Tucker Kraft,TE,67,5,T2,43,1.0,
player_available,5.0,Tucker Kraft,TE,67,5,T2,58,0.9655,
player_available,5.0,Tucker Kraft,TE,67,5,T2,63,0.7893,
player_available,5.0,Tucker Kraft,TE,67,5,T2,78,0.0107,
player_available,5.0,Tucker Kraft,TE,67,5,T2,83,0.0,
player_available,5.0,Tucker Kraft,TE,67,5,T2,98,0.0,
player_available,5.0,Tucker Kraft,TE,67,5,T2,103,0.0,
player_available,5.0,Tucker Kraft,TE,67,5,T2,118,0.0,
player_available,5.0,Tucker Kraft,TE,67,5,T2,123,0.0,
player_available,5.0,Tucker Kraft,TE,67,5,T2,138,0.0,
player_available,5.0,Tucker Kraft,TE,67,5,T2,143,0.0,
player_available,5.0,Tucker Kraft,TE,67,5,T2,158,0.0,
player_available,5.0,Jaylen Warren,RB,68,25,T4,3,1.0,
player_available,5.0,Jaylen Warren,RB,68,25,T4,18,1.0,
player_available,5.0,Jaylen Warren,RB,68,25,T4,23,1.0,
player_available,5.0,Jaylen Warren,RB,68,25,T4,38,1.0,
player_available,5.0,Jaylen Warren,RB,68,25,T4,43,1.0,
player_available,5.0,Jaylen Warren,RB,68,25,T4,58,0.9828,
player_available,5.0,Jaylen Warren,RB,68,25,T4,63,0.8812,
player_available,5.0,Jaylen Warren,RB,68,25,T4,78,0.0232,
player_available,5.0,Jaylen Warren,RB,68,25,T4,83,0.0003,
player_available,5.0,Jaylen Warren,RB,68,25,T4,98,0.0,
player_available,5.0,Jaylen Warren,RB,68,25,T4,103,0.0,
player_available,5.0,Jaylen Warren,RB,68,25,T4,118,0.0,
player_available,5.0,Jaylen Warren,RB,68,25,T4,123,0.0,
player_available,5.0,Jaylen Warren,RB,68,25,T4,138,0.0,
player_available,5.0,Jaylen Warren,RB,68,25,T4,143,0.0,
player_available,5.0,Jaylen Warren,RB,68,25,T4,158,0.0,
player_available,5.0,Harold Fannin Jr.,TE,69,6,T3,3,1.0,
player_available,5.0,Harold Fannin Jr.,TE,69,6,T3,18,1.0,
player_available,5.0,Harold Fannin Jr.,TE,69,6,T3,23,1.0,
player_available,5.0,Harold Fannin Jr.,TE,69,6,T3,38,1.0,
player_available,5.0,Harold Fannin Jr.,TE,69,6,T3,43,1.0,
player_available,5.0,Harold Fannin Jr.,TE,69,6,T3,58,0.9852,
player_available,5.0,Harold Fannin Jr.,TE,69,6,T3,63,0.8792,
player_available,5.0,Harold Fannin Jr.,TE,69,6,T3,78,0.0255,
player_available,5.0,Harold Fannin Jr.,TE,69,6,T3,83,0.0003,
player_available,5.0,Harold Fannin Jr.,TE,69,6,T3,98,0.0,
player_available,5.0,Harold Fannin Jr.,TE,69,6,T3,103,0.0,
player_available,5.0,Harold Fannin Jr.,TE,69,6,T3,118,0.0,
player_available,5.0,Harold Fannin Jr.,TE,69,6,T3,123,0.0,
player_available,5.0,Harold Fannin Jr.,TE,69,6,T3,138,0.0,
player_available,5.0,Harold Fannin Jr.,TE,69,6,T3,143,0.0,
player_available,5.0,Harold Fannin Jr.,TE,69,6,T3,158,0.0,
player_available,5.0,DK Metcalf,WR,70,31,T4,3,1.0,
player_available,5.0,DK Metcalf,WR,70,31,T4,18,1.0,
player_available,5.0,DK Metcalf,WR,70,31,T4,23,1.0,
player_available,5.0,DK Metcalf,WR,70,31,T4,38,1.0,
player_available,5.0,DK Metcalf,WR,70,31,T4,43,1.0,
player_available,5.0,DK Metcalf,WR,70,31,T4,58,0.991,
player_available,5.0,DK Metcalf,WR,70,31,T4,63,0.9093,
player_available,5.0,DK Metcalf,WR,70,31,T4,78,0.0465,
player_available,5.0,DK Metcalf,WR,70,31,T4,83,0.001,
player_available,5.0,DK Metcalf,WR,70,31,T4,98,0.0,
player_available,5.0,DK Metcalf,WR,70,31,T4,103,0.0,
player_available,5.0,DK Metcalf,WR,70,31,T4,118,0.0,
player_available,5.0,DK Metcalf,WR,70,31,T4,123,0.0,
player_available,5.0,DK Metcalf,WR,70,31,T4,138,0.0,
player_available,5.0,DK Metcalf,WR,70,31,T4,143,0.0,
player_available,5.0,DK Metcalf,WR,70,31,T4,158,0.0,
player_available,5.0,Alec Pierce,WR,71,32,T4,3,1.0,
player_available,5.0,Alec Pierce,WR,71,32,T4,18,1.0,
player_available,5.0,Alec Pierce,WR,71,32,T4,23,1.0,
player_available,5.0,Alec Pierce,WR,71,32,T4,38,1.0,
player_available,5.0,Alec Pierce,WR,71,32,T4,43,1.0,
player_available,5.0,Alec Pierce,WR,71,32,T4,58,0.9965,
player_available,5.0,Alec Pierce,WR,71,32,T4,63,0.9507,
player_available,5.0,Alec Pierce,WR,71,32,T4,78,0.0685,
player_available,5.0,Alec Pierce,WR,71,32,T4,83,0.003,
player_available,5.0,Alec Pierce,WR,71,32,T4,98,0.0,
player_available,5.0,Alec Pierce,WR,71,32,T4,103,0.0,
player_available,5.0,Alec Pierce,WR,71,32,T4,118,0.0,
player_available,5.0,Alec Pierce,WR,71,32,T4,123,0.0,
player_available,5.0,Alec Pierce,WR,71,32,T4,138,0.0,
player_available,5.0,Alec Pierce,WR,71,32,T4,143,0.0,
player_available,5.0,Alec Pierce,WR,71,32,T4,158,0.0,
player_available,5.0,Courtland Sutton,WR,72,33,T4,3,1.0,
player_available,5.0,Courtland Sutton,WR,72,33,T4,18,1.0,
player_available,5.0,Courtland Sutton,WR,72,33,T4,23,1.0,
player_available,5.0,Courtland Sutton,WR,72,33,T4,38,1.0,
player_available,5.0,Courtland Sutton,WR,72,33,T4,43,1.0,
player_available,5.0,Courtland Sutton,WR,72,33,T4,58,0.998,
player_available,5.0,Courtland Sutton,WR,72,33,T4,63,0.9623,
player_available,5.0,Courtland Sutton,WR,72,33,T4,78,0.101,
player_available,5.0,Courtland Sutton,WR,72,33,T4,83,0.0043,
player_available,5.0,Courtland Sutton,WR,72,33,T4,98,0.0,
player_available,5.0,Courtland Sutton,WR,72,33,T4,103,0.0,
player_available,5.0,Courtland Sutton,WR,72,33,T4,118,0.0,
player_available,5.0,Courtland Sutton,WR,72,33,T4,123,0.0,
player_available,5.0,Courtland Sutton,WR,72,33,T4,138,0.0,
player_available,5.0,Courtland Sutton,WR,72,33,T4,143,0.0,
player_available,5.0,Courtland Sutton,WR,72,33,T4,158,0.0,
player_available,5.0,Trevor Lawrence,QB,73,9,T3,3,1.0,
player_available,5.0,Trevor Lawrence,QB,73,9,T3,18,1.0,
player_available,5.0,Trevor Lawrence,QB,73,9,T3,23,1.0,
player_available,5.0,Trevor Lawrence,QB,73,9,T3,38,1.0,
player_available,5.0,Trevor Lawrence,QB,73,9,T3,43,1.0,
player_available,5.0,Trevor Lawrence,QB,73,9,T3,58,0.9995,
player_available,5.0,Trevor Lawrence,QB,73,9,T3,63,0.9848,
player_available,5.0,Trevor Lawrence,QB,73,9,T3,78,0.5395,
player_available,5.0,Trevor Lawrence,QB,73,9,T3,83,0.0675,
player_available,5.0,Trevor Lawrence,QB,73,9,T3,98,0.0,
player_available,5.0,Trevor Lawrence,QB,73,9,T3,103,0.0,
player_available,5.0,Trevor Lawrence,QB,73,9,T3,118,0.0,
player_available,5.0,Trevor Lawrence,QB,73,9,T3,123,0.0,
player_available,5.0,Trevor Lawrence,QB,73,9,T3,138,0.0,
player_available,5.0,Trevor Lawrence,QB,73,9,T3,143,0.0,
player_available,5.0,Trevor Lawrence,QB,73,9,T3,158,0.0,
player_available,5.0,Brian Thomas Jr.,WR,74,34,T4,3,1.0,
player_available,5.0,Brian Thomas Jr.,WR,74,34,T4,18,1.0,
player_available,5.0,Brian Thomas Jr.,WR,74,34,T4,23,1.0,
player_available,5.0,Brian Thomas Jr.,WR,74,34,T4,38,1.0,
player_available,5.0,Brian Thomas Jr.,WR,74,34,T4,43,1.0,
player_available,5.0,Brian Thomas Jr.,WR,74,34,T4,58,0.9995,
player_available,5.0,Brian Thomas Jr.,WR,74,34,T4,63,0.9858,
player_available,5.0,Brian Thomas Jr.,WR,74,34,T4,78,0.1797,
player_available,5.0,Brian Thomas Jr.,WR,74,34,T4,83,0.022,
player_available,5.0,Brian Thomas Jr.,WR,74,34,T4,98,0.0,
player_available,5.0,Brian Thomas Jr.,WR,74,34,T4,103,0.0,
player_available,5.0,Brian Thomas Jr.,WR,74,34,T4,118,0.0,
player_available,5.0,Brian Thomas Jr.,WR,74,34,T4,123,0.0,
player_available,5.0,Brian Thomas Jr.,WR,74,34,T4,138,0.0,
player_available,5.0,Brian Thomas Jr.,WR,74,34,T4,143,0.0,
player_available,5.0,Brian Thomas Jr.,WR,74,34,T4,158,0.0,
player_available,5.0,Dak Prescott,QB,75,10,T3,3,1.0,
player_available,5.0,Dak Prescott,QB,75,10,T3,18,1.0,
player_available,5.0,Dak Prescott,QB,75,10,T3,23,1.0,
player_available,5.0,Dak Prescott,QB,75,10,T3,38,1.0,
player_available,5.0,Dak Prescott,QB,75,10,T3,43,1.0,
player_available,5.0,Dak Prescott,QB,75,10,T3,58,0.9995,
player_available,5.0,Dak Prescott,QB,75,10,T3,63,0.9965,
player_available,5.0,Dak Prescott,QB,75,10,T3,78,0.6767,
player_available,5.0,Dak Prescott,QB,75,10,T3,83,0.2018,
player_available,5.0,Dak Prescott,QB,75,10,T3,98,0.0027,
player_available,5.0,Dak Prescott,QB,75,10,T3,103,0.0,
player_available,5.0,Dak Prescott,QB,75,10,T3,118,0.0,
player_available,5.0,Dak Prescott,QB,75,10,T3,123,0.0,
player_available,5.0,Dak Prescott,QB,75,10,T3,138,0.0,
player_available,5.0,Dak Prescott,QB,75,10,T3,143,0.0,
player_available,5.0,Dak Prescott,QB,75,10,T3,158,0.0,
player_available,5.0,Kyle Pitts Sr.,TE,76,7,T3,3,1.0,
player_available,5.0,Kyle Pitts Sr.,TE,76,7,T3,18,1.0,
player_available,5.0,Kyle Pitts Sr.,TE,76,7,T3,23,1.0,
player_available,5.0,Kyle Pitts Sr.,TE,76,7,T3,38,1.0,
player_available,5.0,Kyle Pitts Sr.,TE,76,7,T3,43,1.0,
player_available,5.0,Kyle Pitts Sr.,TE,76,7,T3,58,1.0,
player_available,5.0,Kyle Pitts Sr.,TE,76,7,T3,63,0.9942,
player_available,5.0,Kyle Pitts Sr.,TE,76,7,T3,78,0.2805,
player_available,5.0,Kyle Pitts Sr.,TE,76,7,T3,83,0.0648,
player_available,5.0,Kyle Pitts Sr.,TE,76,7,T3,98,0.0,
player_available,5.0,Kyle Pitts Sr.,TE,76,7,T3,103,0.0,
player_available,5.0,Kyle Pitts Sr.,TE,76,7,T3,118,0.0,
player_available,5.0,Kyle Pitts Sr.,TE,76,7,T3,123,0.0,
player_available,5.0,Kyle Pitts Sr.,TE,76,7,T3,138,0.0,
player_available,5.0,Kyle Pitts Sr.,TE,76,7,T3,143,0.0,
player_available,5.0,Kyle Pitts Sr.,TE,76,7,T3,158,0.0,
player_available,5.0,Chris Godwin Jr.,WR,77,35,T4,3,1.0,
player_available,5.0,Chris Godwin Jr.,WR,77,35,T4,18,1.0,
player_available,5.0,Chris Godwin Jr.,WR,77,35,T4,23,1.0,
player_available,5.0,Chris Godwin Jr.,WR,77,35,T4,38,1.0,
player_available,5.0,Chris Godwin Jr.,WR,77,35,T4,43,1.0,
player_available,5.0,Chris Godwin Jr.,WR,77,35,T4,58,1.0,
player_available,5.0,Chris Godwin Jr.,WR,77,35,T4,63,0.9955,
player_available,5.0,Chris Godwin Jr.,WR,77,35,T4,78,0.3762,
player_available,5.0,Chris Godwin Jr.,WR,77,35,T4,83,0.106,
player_available,5.0,Chris Godwin Jr.,WR,77,35,T4,98,0.0,
player_available,5.0,Chris Godwin Jr.,WR,77,35,T4,103,0.0,
player_available,5.0,Chris Godwin Jr.,WR,77,35,T4,118,0.0,
player_available,5.0,Chris Godwin Jr.,WR,77,35,T4,123,0.0,
player_available,5.0,Chris Godwin Jr.,WR,77,35,T4,138,0.0,
player_available,5.0,Chris Godwin Jr.,WR,77,35,T4,143,0.0,
player_available,5.0,Chris Godwin Jr.,WR,77,35,T4,158,0.0,
player_available,5.0,Tony Pollard,RB,78,26,T4,3,1.0,
player_available,5.0,Tony Pollard,RB,78,26,T4,18,1.0,
player_available,5.0,Tony Pollard,RB,78,26,T4,23,1.0,
player_available,5.0,Tony Pollard,RB,78,26,T4,38,1.0,
player_available,5.0,Tony Pollard,RB,78,26,T4,43,1.0,
player_available,5.0,Tony Pollard,RB,78,26,T4,58,0.9998,
player_available,5.0,Tony Pollard,RB,78,26,T4,63,0.9988,
player_available,5.0,Tony Pollard,RB,78,26,T4,78,0.4622,
player_available,5.0,Tony Pollard,RB,78,26,T4,83,0.228,
player_available,5.0,Tony Pollard,RB,78,26,T4,98,0.0,
player_available,5.0,Tony Pollard,RB,78,26,T4,103,0.0,
player_available,5.0,Tony Pollard,RB,78,26,T4,118,0.0,
player_available,5.0,Tony Pollard,RB,78,26,T4,123,0.0,
player_available,5.0,Tony Pollard,RB,78,26,T4,138,0.0,
player_available,5.0,Tony Pollard,RB,78,26,T4,143,0.0,
player_available,5.0,Tony Pollard,RB,78,26,T4,158,0.0,
player_available,5.0,Rhamondre Stevenson,RB,79,27,T4,3,1.0,
player_available,5.0,Rhamondre Stevenson,RB,79,27,T4,18,1.0,
player_available,5.0,Rhamondre Stevenson,RB,79,27,T4,23,1.0,
player_available,5.0,Rhamondre Stevenson,RB,79,27,T4,38,1.0,
player_available,5.0,Rhamondre Stevenson,RB,79,27,T4,43,1.0,
player_available,5.0,Rhamondre Stevenson,RB,79,27,T4,58,1.0,
player_available,5.0,Rhamondre Stevenson,RB,79,27,T4,63,0.999,
player_available,5.0,Rhamondre Stevenson,RB,79,27,T4,78,0.5545,
player_available,5.0,Rhamondre Stevenson,RB,79,27,T4,83,0.2988,
player_available,5.0,Rhamondre Stevenson,RB,79,27,T4,98,0.0,
player_available,5.0,Rhamondre Stevenson,RB,79,27,T4,103,0.0,
player_available,5.0,Rhamondre Stevenson,RB,79,27,T4,118,0.0,
player_available,5.0,Rhamondre Stevenson,RB,79,27,T4,123,0.0,
player_available,5.0,Rhamondre Stevenson,RB,79,27,T4,138,0.0,
player_available,5.0,Rhamondre Stevenson,RB,79,27,T4,143,0.0,
player_available,5.0,Rhamondre Stevenson,RB,79,27,T4,158,0.0,
player_available,5.0,Chuba Hubbard,RB,80,28,T4,3,1.0,
player_available,5.0,Chuba Hubbard,RB,80,28,T4,18,1.0,
player_available,5.0,Chuba Hubbard,RB,80,28,T4,23,1.0,
player_available,5.0,Chuba Hubbard,RB,80,28,T4,38,1.0,
player_available,5.0,Chuba Hubbard,RB,80,28,T4,43,1.0,
player_available,5.0,Chuba Hubbard,RB,80,28,T4,58,1.0,
player_available,5.0,Chuba Hubbard,RB,80,28,T4,63,0.9998,
player_available,5.0,Chuba Hubbard,RB,80,28,T4,78,0.6215,
player_available,5.0,Chuba Hubbard,RB,80,28,T4,83,0.3703,
player_available,5.0,Chuba Hubbard,RB,80,28,T4,98,0.0003,
player_available,5.0,Chuba Hubbard,RB,80,28,T4,103,0.0,
player_available,5.0,Chuba Hubbard,RB,80,28,T4,118,0.0,
player_available,5.0,Chuba Hubbard,RB,80,28,T4,123,0.0,
player_available,5.0,Chuba Hubbard,RB,80,28,T4,138,0.0,
player_available,5.0,Chuba Hubbard,RB,80,28,T4,143,0.0,
player_available,5.0,Chuba Hubbard,RB,80,28,T4,158,0.0,
tier_available,5.0,,QB,,,T1,3,1.0,P(>=1 of QB T1 on board)
tier_available,5.0,,QB,,,T1,18,1.0,P(>=1 of QB T1 on board)
tier_available,5.0,,QB,,,T1,23,0.9968,P(>=1 of QB T1 on board)
tier_available,5.0,,QB,,,T1,38,0.149,P(>=1 of QB T1 on board)
tier_available,5.0,,QB,,,T1,43,0.004,P(>=1 of QB T1 on board)
tier_available,5.0,,QB,,,T1,58,0.0,P(>=1 of QB T1 on board)
tier_available,5.0,,QB,,,T1,63,0.0,P(>=1 of QB T1 on board)
tier_available,5.0,,QB,,,T1,78,0.0,P(>=1 of QB T1 on board)
tier_available,5.0,,QB,,,T1,83,0.0,P(>=1 of QB T1 on board)
tier_available,5.0,,QB,,,T1,98,0.0,P(>=1 of QB T1 on board)
tier_available,5.0,,QB,,,T1,103,0.0,P(>=1 of QB T1 on board)
tier_available,5.0,,QB,,,T1,118,0.0,P(>=1 of QB T1 on board)
tier_available,5.0,,QB,,,T1,123,0.0,P(>=1 of QB T1 on board)
tier_available,5.0,,QB,,,T1,138,0.0,P(>=1 of QB T1 on board)
tier_available,5.0,,QB,,,T1,143,0.0,P(>=1 of QB T1 on board)
tier_available,5.0,,QB,,,T1,158,0.0,P(>=1 of QB T1 on board)
tier_available,5.0,,QB,,,T2,3,1.0,P(>=1 of QB T2 on board)
tier_available,5.0,,QB,,,T2,18,1.0,P(>=1 of QB T2 on board)
tier_available,5.0,,QB,,,T2,23,1.0,P(>=1 of QB T2 on board)
tier_available,5.0,,QB,,,T2,38,1.0,P(>=1 of QB T2 on board)
tier_available,5.0,,QB,,,T2,43,1.0,P(>=1 of QB T2 on board)
tier_available,5.0,,QB,,,T2,58,0.5643,P(>=1 of QB T2 on board)
tier_available,5.0,,QB,,,T2,63,0.1037,P(>=1 of QB T2 on board)
tier_available,5.0,,QB,,,T2,78,0.0003,P(>=1 of QB T2 on board)
tier_available,5.0,,QB,,,T2,83,0.0,P(>=1 of QB T2 on board)
tier_available,5.0,,QB,,,T2,98,0.0,P(>=1 of QB T2 on board)
tier_available,5.0,,QB,,,T2,103,0.0,P(>=1 of QB T2 on board)
tier_available,5.0,,QB,,,T2,118,0.0,P(>=1 of QB T2 on board)
tier_available,5.0,,QB,,,T2,123,0.0,P(>=1 of QB T2 on board)
tier_available,5.0,,QB,,,T2,138,0.0,P(>=1 of QB T2 on board)
tier_available,5.0,,QB,,,T2,143,0.0,P(>=1 of QB T2 on board)
tier_available,5.0,,QB,,,T2,158,0.0,P(>=1 of QB T2 on board)
tier_available,5.0,,QB,,,T3,3,1.0,P(>=1 of QB T3 on board)
tier_available,5.0,,QB,,,T3,18,1.0,P(>=1 of QB T3 on board)
tier_available,5.0,,QB,,,T3,23,1.0,P(>=1 of QB T3 on board)
tier_available,5.0,,QB,,,T3,38,1.0,P(>=1 of QB T3 on board)
tier_available,5.0,,QB,,,T3,43,1.0,P(>=1 of QB T3 on board)
tier_available,5.0,,QB,,,T3,58,1.0,P(>=1 of QB T3 on board)
tier_available,5.0,,QB,,,T3,63,1.0,P(>=1 of QB T3 on board)
tier_available,5.0,,QB,,,T3,78,1.0,P(>=1 of QB T3 on board)
tier_available,5.0,,QB,,,T3,83,0.9992,P(>=1 of QB T3 on board)
tier_available,5.0,,QB,,,T3,98,0.9615,P(>=1 of QB T3 on board)
tier_available,5.0,,QB,,,T3,103,0.5018,P(>=1 of QB T3 on board)
tier_available,5.0,,QB,,,T3,118,0.0,P(>=1 of QB T3 on board)
tier_available,5.0,,QB,,,T3,123,0.0,P(>=1 of QB T3 on board)
tier_available,5.0,,QB,,,T3,138,0.0,P(>=1 of QB T3 on board)
tier_available,5.0,,QB,,,T3,143,0.0,P(>=1 of QB T3 on board)
tier_available,5.0,,QB,,,T3,158,0.0,P(>=1 of QB T3 on board)
tier_available,5.0,,QB,,,T4,3,1.0,P(>=1 of QB T4 on board)
tier_available,5.0,,QB,,,T4,18,1.0,P(>=1 of QB T4 on board)
tier_available,5.0,,QB,,,T4,23,1.0,P(>=1 of QB T4 on board)
tier_available,5.0,,QB,,,T4,38,1.0,P(>=1 of QB T4 on board)
tier_available,5.0,,QB,,,T4,43,1.0,P(>=1 of QB T4 on board)
tier_available,5.0,,QB,,,T4,58,1.0,P(>=1 of QB T4 on board)
tier_available,5.0,,QB,,,T4,63,1.0,P(>=1 of QB T4 on board)
tier_available,5.0,,QB,,,T4,78,1.0,P(>=1 of QB T4 on board)
tier_available,5.0,,QB,,,T4,83,1.0,P(>=1 of QB T4 on board)
tier_available,5.0,,QB,,,T4,98,1.0,P(>=1 of QB T4 on board)
tier_available,5.0,,QB,,,T4,103,1.0,P(>=1 of QB T4 on board)
tier_available,5.0,,QB,,,T4,118,1.0,P(>=1 of QB T4 on board)
tier_available,5.0,,QB,,,T4,123,0.9985,P(>=1 of QB T4 on board)
tier_available,5.0,,QB,,,T4,138,0.135,P(>=1 of QB T4 on board)
tier_available,5.0,,QB,,,T4,143,0.04,P(>=1 of QB T4 on board)
tier_available,5.0,,QB,,,T4,158,0.0,P(>=1 of QB T4 on board)
tier_available,5.0,,RB,,,T1,3,1.0,P(>=1 of RB T1 on board)
tier_available,5.0,,RB,,,T1,18,0.091,P(>=1 of RB T1 on board)
tier_available,5.0,,RB,,,T1,23,0.0,P(>=1 of RB T1 on board)
tier_available,5.0,,RB,,,T1,38,0.0,P(>=1 of RB T1 on board)
tier_available,5.0,,RB,,,T1,43,0.0,P(>=1 of RB T1 on board)
tier_available,5.0,,RB,,,T1,58,0.0,P(>=1 of RB T1 on board)
tier_available,5.0,,RB,,,T1,63,0.0,P(>=1 of RB T1 on board)
tier_available,5.0,,RB,,,T1,78,0.0,P(>=1 of RB T1 on board)
tier_available,5.0,,RB,,,T1,83,0.0,P(>=1 of RB T1 on board)
tier_available,5.0,,RB,,,T1,98,0.0,P(>=1 of RB T1 on board)
tier_available,5.0,,RB,,,T1,103,0.0,P(>=1 of RB T1 on board)
tier_available,5.0,,RB,,,T1,118,0.0,P(>=1 of RB T1 on board)
tier_available,5.0,,RB,,,T1,123,0.0,P(>=1 of RB T1 on board)
tier_available,5.0,,RB,,,T1,138,0.0,P(>=1 of RB T1 on board)
tier_available,5.0,,RB,,,T1,143,0.0,P(>=1 of RB T1 on board)
tier_available,5.0,,RB,,,T1,158,0.0,P(>=1 of RB T1 on board)
tier_available,5.0,,RB,,,T2,3,1.0,P(>=1 of RB T2 on board)
tier_available,5.0,,RB,,,T2,18,1.0,P(>=1 of RB T2 on board)
tier_available,5.0,,RB,,,T2,23,0.9728,P(>=1 of RB T2 on board)
tier_available,5.0,,RB,,,T2,38,0.015,P(>=1 of RB T2 on board)
tier_available,5.0,,RB,,,T2,43,0.0,P(>=1 of RB T2 on board)
tier_available,5.0,,RB,,,T2,58,0.0,P(>=1 of RB T2 on board)
tier_available,5.0,,RB,,,T2,63,0.0,P(>=1 of RB T2 on board)
tier_available,5.0,,RB,,,T2,78,0.0,P(>=1 of RB T2 on board)
tier_available,5.0,,RB,,,T2,83,0.0,P(>=1 of RB T2 on board)
tier_available,5.0,,RB,,,T2,98,0.0,P(>=1 of RB T2 on board)
tier_available,5.0,,RB,,,T2,103,0.0,P(>=1 of RB T2 on board)
tier_available,5.0,,RB,,,T2,118,0.0,P(>=1 of RB T2 on board)
tier_available,5.0,,RB,,,T2,123,0.0,P(>=1 of RB T2 on board)
tier_available,5.0,,RB,,,T2,138,0.0,P(>=1 of RB T2 on board)
tier_available,5.0,,RB,,,T2,143,0.0,P(>=1 of RB T2 on board)
tier_available,5.0,,RB,,,T2,158,0.0,P(>=1 of RB T2 on board)
tier_available,5.0,,RB,,,T3,3,1.0,P(>=1 of RB T3 on board)
tier_available,5.0,,RB,,,T3,18,1.0,P(>=1 of RB T3 on board)
tier_available,5.0,,RB,,,T3,23,1.0,P(>=1 of RB T3 on board)
tier_available,5.0,,RB,,,T3,38,1.0,P(>=1 of RB T3 on board)
tier_available,5.0,,RB,,,T3,43,1.0,P(>=1 of RB T3 on board)
tier_available,5.0,,RB,,,T3,58,0.8375,P(>=1 of RB T3 on board)
tier_available,5.0,,RB,,,T3,63,0.3305,P(>=1 of RB T3 on board)
tier_available,5.0,,RB,,,T3,78,0.0,P(>=1 of RB T3 on board)
tier_available,5.0,,RB,,,T3,83,0.0,P(>=1 of RB T3 on board)
tier_available,5.0,,RB,,,T3,98,0.0,P(>=1 of RB T3 on board)
tier_available,5.0,,RB,,,T3,103,0.0,P(>=1 of RB T3 on board)
tier_available,5.0,,RB,,,T3,118,0.0,P(>=1 of RB T3 on board)
tier_available,5.0,,RB,,,T3,123,0.0,P(>=1 of RB T3 on board)
tier_available,5.0,,RB,,,T3,138,0.0,P(>=1 of RB T3 on board)
tier_available,5.0,,RB,,,T3,143,0.0,P(>=1 of RB T3 on board)
tier_available,5.0,,RB,,,T3,158,0.0,P(>=1 of RB T3 on board)
tier_available,5.0,,RB,,,T4,3,1.0,P(>=1 of RB T4 on board)
tier_available,5.0,,RB,,,T4,18,1.0,P(>=1 of RB T4 on board)
tier_available,5.0,,RB,,,T4,23,1.0,P(>=1 of RB T4 on board)
tier_available,5.0,,RB,,,T4,38,1.0,P(>=1 of RB T4 on board)
tier_available,5.0,,RB,,,T4,43,1.0,P(>=1 of RB T4 on board)
tier_available,5.0,,RB,,,T4,58,1.0,P(>=1 of RB T4 on board)
tier_available,5.0,,RB,,,T4,63,1.0,P(>=1 of RB T4 on board)
tier_available,5.0,,RB,,,T4,78,1.0,P(>=1 of RB T4 on board)
tier_available,5.0,,RB,,,T4,83,1.0,P(>=1 of RB T4 on board)
tier_available,5.0,,RB,,,T4,98,0.9975,P(>=1 of RB T4 on board)
tier_available,5.0,,RB,,,T4,103,0.9613,P(>=1 of RB T4 on board)
tier_available,5.0,,RB,,,T4,118,0.0095,P(>=1 of RB T4 on board)
tier_available,5.0,,RB,,,T4,123,0.0,P(>=1 of RB T4 on board)
tier_available,5.0,,RB,,,T4,138,0.0,P(>=1 of RB T4 on board)
tier_available,5.0,,RB,,,T4,143,0.0,P(>=1 of RB T4 on board)
tier_available,5.0,,RB,,,T4,158,0.0,P(>=1 of RB T4 on board)
tier_available,5.0,,WR,,,T1,3,1.0,P(>=1 of WR T1 on board)
tier_available,5.0,,WR,,,T1,18,0.039,P(>=1 of WR T1 on board)
tier_available,5.0,,WR,,,T1,23,0.0,P(>=1 of WR T1 on board)
tier_available,5.0,,WR,,,T1,38,0.0,P(>=1 of WR T1 on board)
tier_available,5.0,,WR,,,T1,43,0.0,P(>=1 of WR T1 on board)
tier_available,5.0,,WR,,,T1,58,0.0,P(>=1 of WR T1 on board)
tier_available,5.0,,WR,,,T1,63,0.0,P(>=1 of WR T1 on board)
tier_available,5.0,,WR,,,T1,78,0.0,P(>=1 of WR T1 on board)
tier_available,5.0,,WR,,,T1,83,0.0,P(>=1 of WR T1 on board)
tier_available,5.0,,WR,,,T1,98,0.0,P(>=1 of WR T1 on board)
tier_available,5.0,,WR,,,T1,103,0.0,P(>=1 of WR T1 on board)
tier_available,5.0,,WR,,,T1,118,0.0,P(>=1 of WR T1 on board)
tier_available,5.0,,WR,,,T1,123,0.0,P(>=1 of WR T1 on board)
tier_available,5.0,,WR,,,T1,138,0.0,P(>=1 of WR T1 on board)
tier_available,5.0,,WR,,,T1,143,0.0,P(>=1 of WR T1 on board)
tier_available,5.0,,WR,,,T1,158,0.0,P(>=1 of WR T1 on board)
tier_available,5.0,,WR,,,T2,3,1.0,P(>=1 of WR T2 on board)
tier_available,5.0,,WR,,,T2,18,0.9908,P(>=1 of WR T2 on board)
tier_available,5.0,,WR,,,T2,23,0.7015,P(>=1 of WR T2 on board)
tier_available,5.0,,WR,,,T2,38,0.001,P(>=1 of WR T2 on board)
tier_available,5.0,,WR,,,T2,43,0.0,P(>=1 of WR T2 on board)
tier_available,5.0,,WR,,,T2,58,0.0,P(>=1 of WR T2 on board)
tier_available,5.0,,WR,,,T2,63,0.0,P(>=1 of WR T2 on board)
tier_available,5.0,,WR,,,T2,78,0.0,P(>=1 of WR T2 on board)
tier_available,5.0,,WR,,,T2,83,0.0,P(>=1 of WR T2 on board)
tier_available,5.0,,WR,,,T2,98,0.0,P(>=1 of WR T2 on board)
tier_available,5.0,,WR,,,T2,103,0.0,P(>=1 of WR T2 on board)
tier_available,5.0,,WR,,,T2,118,0.0,P(>=1 of WR T2 on board)
tier_available,5.0,,WR,,,T2,123,0.0,P(>=1 of WR T2 on board)
tier_available,5.0,,WR,,,T2,138,0.0,P(>=1 of WR T2 on board)
tier_available,5.0,,WR,,,T2,143,0.0,P(>=1 of WR T2 on board)
tier_available,5.0,,WR,,,T2,158,0.0,P(>=1 of WR T2 on board)
tier_available,5.0,,WR,,,T3,3,1.0,P(>=1 of WR T3 on board)
tier_available,5.0,,WR,,,T3,18,1.0,P(>=1 of WR T3 on board)
tier_available,5.0,,WR,,,T3,23,1.0,P(>=1 of WR T3 on board)
tier_available,5.0,,WR,,,T3,38,1.0,P(>=1 of WR T3 on board)
tier_available,5.0,,WR,,,T3,43,0.9962,P(>=1 of WR T3 on board)
tier_available,5.0,,WR,,,T3,58,0.0357,P(>=1 of WR T3 on board)
tier_available,5.0,,WR,,,T3,63,0.0,P(>=1 of WR T3 on board)
tier_available,5.0,,WR,,,T3,78,0.0,P(>=1 of WR T3 on board)
tier_available,5.0,,WR,,,T3,83,0.0,P(>=1 of WR T3 on board)
tier_available,5.0,,WR,,,T3,98,0.0,P(>=1 of WR T3 on board)
tier_available,5.0,,WR,,,T3,103,0.0,P(>=1 of WR T3 on board)
tier_available,5.0,,WR,,,T3,118,0.0,P(>=1 of WR T3 on board)
tier_available,5.0,,WR,,,T3,123,0.0,P(>=1 of WR T3 on board)
tier_available,5.0,,WR,,,T3,138,0.0,P(>=1 of WR T3 on board)
tier_available,5.0,,WR,,,T3,143,0.0,P(>=1 of WR T3 on board)
tier_available,5.0,,WR,,,T3,158,0.0,P(>=1 of WR T3 on board)
tier_available,5.0,,WR,,,T4,3,1.0,P(>=1 of WR T4 on board)
tier_available,5.0,,WR,,,T4,18,1.0,P(>=1 of WR T4 on board)
tier_available,5.0,,WR,,,T4,23,1.0,P(>=1 of WR T4 on board)
tier_available,5.0,,WR,,,T4,38,1.0,P(>=1 of WR T4 on board)
tier_available,5.0,,WR,,,T4,43,1.0,P(>=1 of WR T4 on board)
tier_available,5.0,,WR,,,T4,58,1.0,P(>=1 of WR T4 on board)
tier_available,5.0,,WR,,,T4,63,1.0,P(>=1 of WR T4 on board)
tier_available,5.0,,WR,,,T4,78,1.0,P(>=1 of WR T4 on board)
tier_available,5.0,,WR,,,T4,83,1.0,P(>=1 of WR T4 on board)
tier_available,5.0,,WR,,,T4,98,0.988,P(>=1 of WR T4 on board)
tier_available,5.0,,WR,,,T4,103,0.6225,P(>=1 of WR T4 on board)
tier_available,5.0,,WR,,,T4,118,0.079,P(>=1 of WR T4 on board)
tier_available,5.0,,WR,,,T4,123,0.0,P(>=1 of WR T4 on board)
tier_available,5.0,,WR,,,T4,138,0.0,P(>=1 of WR T4 on board)
tier_available,5.0,,WR,,,T4,143,0.0,P(>=1 of WR T4 on board)
tier_available,5.0,,WR,,,T4,158,0.0,P(>=1 of WR T4 on board)
tier_available,5.0,,TE,,,T1,3,1.0,P(>=1 of TE T1 on board)
tier_available,5.0,,TE,,,T1,18,0.8485,P(>=1 of TE T1 on board)
tier_available,5.0,,TE,,,T1,23,0.4093,P(>=1 of TE T1 on board)
tier_available,5.0,,TE,,,T1,38,0.0005,P(>=1 of TE T1 on board)
tier_available,5.0,,TE,,,T1,43,0.0,P(>=1 of TE T1 on board)
tier_available,5.0,,TE,,,T1,58,0.0,P(>=1 of TE T1 on board)
tier_available,5.0,,TE,,,T1,63,0.0,P(>=1 of TE T1 on board)
tier_available,5.0,,TE,,,T1,78,0.0,P(>=1 of TE T1 on board)
tier_available,5.0,,TE,,,T1,83,0.0,P(>=1 of TE T1 on board)
tier_available,5.0,,TE,,,T1,98,0.0,P(>=1 of TE T1 on board)
tier_available,5.0,,TE,,,T1,103,0.0,P(>=1 of TE T1 on board)
tier_available,5.0,,TE,,,T1,118,0.0,P(>=1 of TE T1 on board)
tier_available,5.0,,TE,,,T1,123,0.0,P(>=1 of TE T1 on board)
tier_available,5.0,,TE,,,T1,138,0.0,P(>=1 of TE T1 on board)
tier_available,5.0,,TE,,,T1,143,0.0,P(>=1 of TE T1 on board)
tier_available,5.0,,TE,,,T1,158,0.0,P(>=1 of TE T1 on board)
tier_available,5.0,,TE,,,T2,3,1.0,P(>=1 of TE T2 on board)
tier_available,5.0,,TE,,,T2,18,1.0,P(>=1 of TE T2 on board)
tier_available,5.0,,TE,,,T2,23,1.0,P(>=1 of TE T2 on board)
tier_available,5.0,,TE,,,T2,38,1.0,P(>=1 of TE T2 on board)
tier_available,5.0,,TE,,,T2,43,1.0,P(>=1 of TE T2 on board)
tier_available,5.0,,TE,,,T2,58,0.9705,P(>=1 of TE T2 on board)
tier_available,5.0,,TE,,,T2,63,0.7907,P(>=1 of TE T2 on board)
tier_available,5.0,,TE,,,T2,78,0.0107,P(>=1 of TE T2 on board)
tier_available,5.0,,TE,,,T2,83,0.0,P(>=1 of TE T2 on board)
tier_available,5.0,,TE,,,T2,98,0.0,P(>=1 of TE T2 on board)
tier_available,5.0,,TE,,,T2,103,0.0,P(>=1 of TE T2 on board)
tier_available,5.0,,TE,,,T2,118,0.0,P(>=1 of TE T2 on board)
tier_available,5.0,,TE,,,T2,123,0.0,P(>=1 of TE T2 on board)
tier_available,5.0,,TE,,,T2,138,0.0,P(>=1 of TE T2 on board)
tier_available,5.0,,TE,,,T2,143,0.0,P(>=1 of TE T2 on board)
tier_available,5.0,,TE,,,T2,158,0.0,P(>=1 of TE T2 on board)
tier_available,5.0,,TE,,,T3,3,1.0,P(>=1 of TE T3 on board)
tier_available,5.0,,TE,,,T3,18,1.0,P(>=1 of TE T3 on board)
tier_available,5.0,,TE,,,T3,23,1.0,P(>=1 of TE T3 on board)
tier_available,5.0,,TE,,,T3,38,1.0,P(>=1 of TE T3 on board)
tier_available,5.0,,TE,,,T3,43,1.0,P(>=1 of TE T3 on board)
tier_available,5.0,,TE,,,T3,58,1.0,P(>=1 of TE T3 on board)
tier_available,5.0,,TE,,,T3,63,1.0,P(>=1 of TE T3 on board)
tier_available,5.0,,TE,,,T3,78,1.0,P(>=1 of TE T3 on board)
tier_available,5.0,,TE,,,T3,83,1.0,P(>=1 of TE T3 on board)
tier_available,5.0,,TE,,,T3,98,0.3875,P(>=1 of TE T3 on board)
tier_available,5.0,,TE,,,T3,103,0.059,P(>=1 of TE T3 on board)
tier_available,5.0,,TE,,,T3,118,0.0,P(>=1 of TE T3 on board)
tier_available,5.0,,TE,,,T3,123,0.0,P(>=1 of TE T3 on board)
tier_available,5.0,,TE,,,T3,138,0.0,P(>=1 of TE T3 on board)
tier_available,5.0,,TE,,,T3,143,0.0,P(>=1 of TE T3 on board)
tier_available,5.0,,TE,,,T3,158,0.0,P(>=1 of TE T3 on board)
tier_available,5.0,,TE,,,T4,3,1.0,P(>=1 of TE T4 on board)
tier_available,5.0,,TE,,,T4,18,1.0,P(>=1 of TE T4 on board)
tier_available,5.0,,TE,,,T4,23,1.0,P(>=1 of TE T4 on board)
tier_available,5.0,,TE,,,T4,38,1.0,P(>=1 of TE T4 on board)
tier_available,5.0,,TE,,,T4,43,1.0,P(>=1 of TE T4 on board)
tier_available,5.0,,TE,,,T4,58,1.0,P(>=1 of TE T4 on board)
tier_available,5.0,,TE,,,T4,63,1.0,P(>=1 of TE T4 on board)
tier_available,5.0,,TE,,,T4,78,1.0,P(>=1 of TE T4 on board)
tier_available,5.0,,TE,,,T4,83,1.0,P(>=1 of TE T4 on board)
tier_available,5.0,,TE,,,T4,98,1.0,P(>=1 of TE T4 on board)
tier_available,5.0,,TE,,,T4,103,1.0,P(>=1 of TE T4 on board)
tier_available,5.0,,TE,,,T4,118,1.0,P(>=1 of TE T4 on board)
tier_available,5.0,,TE,,,T4,123,0.9367,P(>=1 of TE T4 on board)
tier_available,5.0,,TE,,,T4,138,0.0005,P(>=1 of TE T4 on board)
tier_available,5.0,,TE,,,T4,143,0.0,P(>=1 of TE T4 on board)
tier_available,5.0,,TE,,,T4,158,0.0,P(>=1 of TE T4 on board)
best_available_dist,5.0,,QB,,,,3,1.0,p10 of best-available QB positional rank
best_available_dist,5.0,,QB,,,,3,1.0,p25 of best-available QB positional rank
best_available_dist,5.0,,QB,,,,3,1.0,median of best-available QB positional rank
best_available_dist,5.0,,QB,,,,3,1.0,p75 of best-available QB positional rank
best_available_dist,5.0,,QB,,,,3,1.0,p90 of best-available QB positional rank
best_available_dist,5.0,,QB,,,,3,1.0,mean of best-available QB positional rank
best_available_dist,5.0,,QB,,,,18,1.0,p10 of best-available QB positional rank
best_available_dist,5.0,,QB,,,,18,1.0,p25 of best-available QB positional rank
best_available_dist,5.0,,QB,,,,18,1.0,median of best-available QB positional rank
best_available_dist,5.0,,QB,,,,18,1.0,p75 of best-available QB positional rank
best_available_dist,5.0,,QB,,,,18,1.0,p90 of best-available QB positional rank
best_available_dist,5.0,,QB,,,,18,1.07,mean of best-available QB positional rank
best_available_dist,5.0,,QB,,,,23,1.0,p10 of best-available QB positional rank
best_available_dist,5.0,,QB,,,,23,1.0,p25 of best-available QB positional rank
best_available_dist,5.0,,QB,,,,23,1.0,median of best-available QB positional rank
best_available_dist,5.0,,QB,,,,23,2.0,p75 of best-available QB positional rank
best_available_dist,5.0,,QB,,,,23,2.0,p90 of best-available QB positional rank
best_available_dist,5.0,,QB,,,,23,1.3,mean of best-available QB positional rank
best_available_dist,5.0,,QB,,,,38,2.0,p10 of best-available QB positional rank
best_available_dist,5.0,,QB,,,,38,3.0,p25 of best-available QB positional rank
best_available_dist,5.0,,QB,,,,38,4.0,median of best-available QB positional rank
best_available_dist,5.0,,QB,,,,38,4.0,p75 of best-available QB positional rank
best_available_dist,5.0,,QB,,,,38,4.0,p90 of best-available QB positional rank
best_available_dist,5.0,,QB,,,,38,3.6,mean of best-available QB positional rank
best_available_dist,5.0,,QB,,,,43,4.0,p10 of best-available QB positional rank
best_available_dist,5.0,,QB,,,,43,4.0,p25 of best-available QB positional rank
best_available_dist,5.0,,QB,,,,43,4.0,median of best-available QB positional rank
best_available_dist,5.0,,QB,,,,43,5.0,p75 of best-available QB positional rank
best_available_dist,5.0,,QB,,,,43,5.0,p90 of best-available QB positional rank
best_available_dist,5.0,,QB,,,,43,4.4,mean of best-available QB positional rank
best_available_dist,5.0,,QB,,,,58,5.0,p10 of best-available QB positional rank
best_available_dist,5.0,,QB,,,,58,5.0,p25 of best-available QB positional rank
best_available_dist,5.0,,QB,,,,58,6.0,median of best-available QB positional rank
best_available_dist,5.0,,QB,,,,58,7.0,p75 of best-available QB positional rank
best_available_dist,5.0,,QB,,,,58,7.0,p90 of best-available QB positional rank
best_available_dist,5.0,,QB,,,,58,6.17,mean of best-available QB positional rank
best_available_dist,5.0,,QB,,,,63,6.0,p10 of best-available QB positional rank
best_available_dist,5.0,,QB,,,,63,7.0,p25 of best-available QB positional rank
best_available_dist,5.0,,QB,,,,63,7.0,median of best-available QB positional rank
best_available_dist,5.0,,QB,,,,63,8.0,p75 of best-available QB positional rank
best_available_dist,5.0,,QB,,,,63,8.0,p90 of best-available QB positional rank
best_available_dist,5.0,,QB,,,,63,7.17,mean of best-available QB positional rank
best_available_dist,5.0,,QB,,,,78,8.0,p10 of best-available QB positional rank
best_available_dist,5.0,,QB,,,,78,9.0,p25 of best-available QB positional rank
best_available_dist,5.0,,QB,,,,78,9.0,median of best-available QB positional rank
best_available_dist,5.0,,QB,,,,78,10.0,p75 of best-available QB positional rank
best_available_dist,5.0,,QB,,,,78,11.0,p90 of best-available QB positional rank
best_available_dist,5.0,,QB,,,,78,9.26,mean of best-available QB positional rank
best_available_dist,5.0,,QB,,,,83,10.0,p10 of best-available QB positional rank
best_available_dist,5.0,,QB,,,,83,10.0,p25 of best-available QB positional rank
best_available_dist,5.0,,QB,,,,83,11.0,median of best-available QB positional rank
best_available_dist,5.0,,QB,,,,83,11.0,p75 of best-available QB positional rank
best_available_dist,5.0,,QB,,,,83,11.0,p90 of best-available QB positional rank
best_available_dist,5.0,,QB,,,,83,10.7,mean of best-available QB positional rank
best_available_dist,5.0,,QB,,,,98,11.0,p10 of best-available QB positional rank
best_available_dist,5.0,,QB,,,,98,11.0,p25 of best-available QB positional rank
best_available_dist,5.0,,QB,,,,98,11.0,median of best-available QB positional rank
best_available_dist,5.0,,QB,,,,98,11.0,p75 of best-available QB positional rank
best_available_dist,5.0,,QB,,,,98,12.0,p90 of best-available QB positional rank
best_available_dist,5.0,,QB,,,,98,11.26,mean of best-available QB positional rank
best_available_dist,5.0,,QB,,,,103,12.0,p10 of best-available QB positional rank
best_available_dist,5.0,,QB,,,,103,12.0,p25 of best-available QB positional rank
best_available_dist,5.0,,QB,,,,103,12.0,median of best-available QB positional rank
best_available_dist,5.0,,QB,,,,103,13.0,p75 of best-available QB positional rank
best_available_dist,5.0,,QB,,,,103,13.0,p90 of best-available QB positional rank
best_available_dist,5.0,,QB,,,,103,12.48,mean of best-available QB positional rank
best_available_dist,5.0,,QB,,,,118,15.0,p10 of best-available QB positional rank
best_available_dist,5.0,,QB,,,,118,16.0,p25 of best-available QB positional rank
best_available_dist,5.0,,QB,,,,118,16.0,median of best-available QB positional rank
best_available_dist,5.0,,QB,,,,118,17.0,p75 of best-available QB positional rank
best_available_dist,5.0,,QB,,,,118,18.0,p90 of best-available QB positional rank
best_available_dist,5.0,,QB,,,,118,16.36,mean of best-available QB positional rank
best_available_dist,5.0,,QB,,,,123,16.0,p10 of best-available QB positional rank
best_available_dist,5.0,,QB,,,,123,17.0,p25 of best-available QB positional rank
best_available_dist,5.0,,QB,,,,123,18.0,median of best-available QB positional rank
best_available_dist,5.0,,QB,,,,123,18.0,p75 of best-available QB positional rank
best_available_dist,5.0,,QB,,,,123,19.0,p90 of best-available QB positional rank
best_available_dist,5.0,,QB,,,,123,17.61,mean of best-available QB positional rank
best_available_dist,5.0,,QB,,,,138,20.0,p10 of best-available QB positional rank
best_available_dist,5.0,,QB,,,,138,21.0,p25 of best-available QB positional rank
best_available_dist,5.0,,QB,,,,138,21.0,median of best-available QB positional rank
best_available_dist,5.0,,QB,,,,138,22.0,p75 of best-available QB positional rank
best_available_dist,5.0,,QB,,,,138,22.0,p90 of best-available QB positional rank
best_available_dist,5.0,,QB,,,,138,21.09,mean of best-available QB positional rank
best_available_dist,5.0,,QB,,,,143,21.0,p10 of best-available QB positional rank
best_available_dist,5.0,,QB,,,,143,21.0,p25 of best-available QB positional rank
best_available_dist,5.0,,QB,,,,143,22.0,median of best-available QB positional rank
best_available_dist,5.0,,QB,,,,143,22.0,p75 of best-available QB positional rank
best_available_dist,5.0,,QB,,,,143,22.0,p90 of best-available QB positional rank
best_available_dist,5.0,,QB,,,,143,21.46,mean of best-available QB positional rank
best_available_dist,5.0,,RB,,,,3,1.0,p10 of best-available RB positional rank
best_available_dist,5.0,,RB,,,,3,1.0,p25 of best-available RB positional rank
best_available_dist,5.0,,RB,,,,3,1.0,median of best-available RB positional rank
best_available_dist,5.0,,RB,,,,3,2.0,p75 of best-available RB positional rank
best_available_dist,5.0,,RB,,,,3,2.0,p90 of best-available RB positional rank
best_available_dist,5.0,,RB,,,,3,1.43,mean of best-available RB positional rank
best_available_dist,5.0,,RB,,,,18,5.0,p10 of best-available RB positional rank
best_available_dist,5.0,,RB,,,,18,5.0,p25 of best-available RB positional rank
best_available_dist,5.0,,RB,,,,18,6.0,median of best-available RB positional rank
best_available_dist,5.0,,RB,,,,18,7.0,p75 of best-available RB positional rank
best_available_dist,5.0,,RB,,,,18,8.0,p90 of best-available RB positional rank
best_available_dist,5.0,,RB,,,,18,6.05,mean of best-available RB positional rank
best_available_dist,5.0,,RB,,,,23,6.0,p10 of best-available RB positional rank
best_available_dist,5.0,,RB,,,,23,7.0,p25 of best-available RB positional rank
best_available_dist,5.0,,RB,,,,23,9.0,median of best-available RB positional rank
best_available_dist,5.0,,RB,,,,23,9.0,p75 of best-available RB positional rank
best_available_dist,5.0,,RB,,,,23,10.0,p90 of best-available RB positional rank
best_available_dist,5.0,,RB,,,,23,8.26,mean of best-available RB positional rank
best_available_dist,5.0,,RB,,,,38,12.0,p10 of best-available RB positional rank
best_available_dist,5.0,,RB,,,,38,12.0,p25 of best-available RB positional rank
best_available_dist,5.0,,RB,,,,38,12.0,median of best-available RB positional rank
best_available_dist,5.0,,RB,,,,38,13.0,p75 of best-available RB positional rank
best_available_dist,5.0,,RB,,,,38,13.0,p90 of best-available RB positional rank
best_available_dist,5.0,,RB,,,,38,12.44,mean of best-available RB positional rank
best_available_dist,5.0,,RB,,,,43,12.0,p10 of best-available RB positional rank
best_available_dist,5.0,,RB,,,,43,13.0,p25 of best-available RB positional rank
best_available_dist,5.0,,RB,,,,43,14.0,median of best-available RB positional rank
best_available_dist,5.0,,RB,,,,43,15.0,p75 of best-available RB positional rank
best_available_dist,5.0,,RB,,,,43,15.0,p90 of best-available RB positional rank
best_available_dist,5.0,,RB,,,,43,13.76,mean of best-available RB positional rank
best_available_dist,5.0,,RB,,,,58,18.0,p10 of best-available RB positional rank
best_available_dist,5.0,,RB,,,,58,19.0,p25 of best-available RB positional rank
best_available_dist,5.0,,RB,,,,58,19.0,median of best-available RB positional rank
best_available_dist,5.0,,RB,,,,58,20.0,p75 of best-available RB positional rank
best_available_dist,5.0,,RB,,,,58,21.0,p90 of best-available RB positional rank
best_available_dist,5.0,,RB,,,,58,19.45,mean of best-available RB positional rank
best_available_dist,5.0,,RB,,,,63,20.0,p10 of best-available RB positional rank
best_available_dist,5.0,,RB,,,,63,20.0,p25 of best-available RB positional rank
best_available_dist,5.0,,RB,,,,63,21.0,median of best-available RB positional rank
best_available_dist,5.0,,RB,,,,63,22.0,p75 of best-available RB positional rank
best_available_dist,5.0,,RB,,,,63,23.0,p90 of best-available RB positional rank
best_available_dist,5.0,,RB,,,,63,21.33,mean of best-available RB positional rank
best_available_dist,5.0,,RB,,,,78,26.0,p10 of best-available RB positional rank
best_available_dist,5.0,,RB,,,,78,26.0,p25 of best-available RB positional rank
best_available_dist,5.0,,RB,,,,78,27.0,median of best-available RB positional rank
best_available_dist,5.0,,RB,,,,78,27.0,p75 of best-available RB positional rank
best_available_dist,5.0,,RB,,,,78,28.0,p90 of best-available RB positional rank
best_available_dist,5.0,,RB,,,,78,26.73,mean of best-available RB positional rank
best_available_dist,5.0,,RB,,,,83,26.0,p10 of best-available RB positional rank
best_available_dist,5.0,,RB,,,,83,27.0,p25 of best-available RB positional rank
best_available_dist,5.0,,RB,,,,83,28.0,median of best-available RB positional rank
best_available_dist,5.0,,RB,,,,83,29.0,p75 of best-available RB positional rank
best_available_dist,5.0,,RB,,,,83,30.0,p90 of best-available RB positional rank
best_available_dist,5.0,,RB,,,,83,27.75,mean of best-available RB positional rank
best_available_dist,5.0,,RB,,,,98,32.0,p10 of best-available RB positional rank
best_available_dist,5.0,,RB,,,,98,33.0,p25 of best-available RB positional rank
best_available_dist,5.0,,RB,,,,98,34.0,median of best-available RB positional rank
best_available_dist,5.0,,RB,,,,98,34.0,p75 of best-available RB positional rank
best_available_dist,5.0,,RB,,,,98,35.0,p90 of best-available RB positional rank
best_available_dist,5.0,,RB,,,,98,33.42,mean of best-available RB positional rank
best_available_dist,5.0,,RB,,,,103,32.0,p10 of best-available RB positional rank
best_available_dist,5.0,,RB,,,,103,33.0,p25 of best-available RB positional rank
best_available_dist,5.0,,RB,,,,103,34.0,median of best-available RB positional rank
best_available_dist,5.0,,RB,,,,103,35.0,p75 of best-available RB positional rank
best_available_dist,5.0,,RB,,,,103,36.0,p90 of best-available RB positional rank
best_available_dist,5.0,,RB,,,,103,34.12,mean of best-available RB positional rank
best_available_dist,5.0,,RB,,,,118,37.0,p10 of best-available RB positional rank
best_available_dist,5.0,,RB,,,,118,37.0,p25 of best-available RB positional rank
best_available_dist,5.0,,RB,,,,118,38.0,median of best-available RB positional rank
best_available_dist,5.0,,RB,,,,118,39.0,p75 of best-available RB positional rank
best_available_dist,5.0,,RB,,,,118,40.0,p90 of best-available RB positional rank
best_available_dist,5.0,,RB,,,,118,38.37,mean of best-available RB positional rank
best_available_dist,5.0,,RB,,,,123,37.0,p10 of best-available RB positional rank
best_available_dist,5.0,,RB,,,,123,38.0,p25 of best-available RB positional rank
best_available_dist,5.0,,RB,,,,123,39.0,median of best-available RB positional rank
best_available_dist,5.0,,RB,,,,123,40.0,p75 of best-available RB positional rank
best_available_dist,5.0,,RB,,,,123,41.0,p90 of best-available RB positional rank
best_available_dist,5.0,,RB,,,,123,39.04,mean of best-available RB positional rank
best_available_dist,5.0,,RB,,,,138,41.0,p10 of best-available RB positional rank
best_available_dist,5.0,,RB,,,,138,42.0,p25 of best-available RB positional rank
best_available_dist,5.0,,RB,,,,138,43.0,median of best-available RB positional rank
best_available_dist,5.0,,RB,,,,138,44.0,p75 of best-available RB positional rank
best_available_dist,5.0,,RB,,,,138,45.0,p90 of best-available RB positional rank
best_available_dist,5.0,,RB,,,,138,43.22,mean of best-available RB positional rank
best_available_dist,5.0,,RB,,,,143,44.0,p10 of best-available RB positional rank
best_available_dist,5.0,,RB,,,,143,46.0,p25 of best-available RB positional rank
best_available_dist,5.0,,RB,,,,143,47.0,median of best-available RB positional rank
best_available_dist,5.0,,RB,,,,143,48.0,p75 of best-available RB positional rank
best_available_dist,5.0,,RB,,,,143,49.0,p90 of best-available RB positional rank
best_available_dist,5.0,,RB,,,,143,46.87,mean of best-available RB positional rank
best_available_dist,5.0,,WR,,,,3,1.0,p10 of best-available WR positional rank
best_available_dist,5.0,,WR,,,,3,1.0,p25 of best-available WR positional rank
best_available_dist,5.0,,WR,,,,3,1.0,median of best-available WR positional rank
best_available_dist,5.0,,WR,,,,3,2.0,p75 of best-available WR positional rank
best_available_dist,5.0,,WR,,,,3,2.0,p90 of best-available WR positional rank
best_available_dist,5.0,,WR,,,,3,1.58,mean of best-available WR positional rank
best_available_dist,5.0,,WR,,,,18,7.0,p10 of best-available WR positional rank
best_available_dist,5.0,,WR,,,,18,8.0,p25 of best-available WR positional rank
best_available_dist,5.0,,WR,,,,18,10.0,median of best-available WR positional rank
best_available_dist,5.0,,WR,,,,18,11.0,p75 of best-available WR positional rank
best_available_dist,5.0,,WR,,,,18,11.0,p90 of best-available WR positional rank
best_available_dist,5.0,,WR,,,,18,9.36,mean of best-available WR positional rank
best_available_dist,5.0,,WR,,,,23,11.0,p10 of best-available WR positional rank
best_available_dist,5.0,,WR,,,,23,11.0,p25 of best-available WR positional rank
best_available_dist,5.0,,WR,,,,23,12.0,median of best-available WR positional rank
best_available_dist,5.0,,WR,,,,23,13.0,p75 of best-available WR positional rank
best_available_dist,5.0,,WR,,,,23,13.0,p90 of best-available WR positional rank
best_available_dist,5.0,,WR,,,,23,11.89,mean of best-available WR positional rank
best_available_dist,5.0,,WR,,,,38,17.0,p10 of best-available WR positional rank
best_available_dist,5.0,,WR,,,,38,18.0,p25 of best-available WR positional rank
best_available_dist,5.0,,WR,,,,38,19.0,median of best-available WR positional rank
best_available_dist,5.0,,WR,,,,38,20.0,p75 of best-available WR positional rank
best_available_dist,5.0,,WR,,,,38,21.0,p90 of best-available WR positional rank
best_available_dist,5.0,,WR,,,,38,18.99,mean of best-available WR positional rank
best_available_dist,5.0,,WR,,,,43,20.0,p10 of best-available WR positional rank
best_available_dist,5.0,,WR,,,,43,21.0,p25 of best-available WR positional rank
best_available_dist,5.0,,WR,,,,43,22.0,median of best-available WR positional rank
best_available_dist,5.0,,WR,,,,43,23.0,p75 of best-available WR positional rank
best_available_dist,5.0,,WR,,,,43,23.0,p90 of best-available WR positional rank
best_available_dist,5.0,,WR,,,,43,21.79,mean of best-available WR positional rank
best_available_dist,5.0,,WR,,,,58,26.0,p10 of best-available WR positional rank
best_available_dist,5.0,,WR,,,,58,28.0,p25 of best-available WR positional rank
best_available_dist,5.0,,WR,,,,58,28.0,median of best-available WR positional rank
best_available_dist,5.0,,WR,,,,58,29.0,p75 of best-available WR positional rank
best_available_dist,5.0,,WR,,,,58,30.0,p90 of best-available WR positional rank
best_available_dist,5.0,,WR,,,,58,28.12,mean of best-available WR positional rank
best_available_dist,5.0,,WR,,,,63,28.0,p10 of best-available WR positional rank
best_available_dist,5.0,,WR,,,,63,29.0,p25 of best-available WR positional rank
best_available_dist,5.0,,WR,,,,63,30.0,median of best-available WR positional rank
best_available_dist,5.0,,WR,,,,63,31.0,p75 of best-available WR positional rank
best_available_dist,5.0,,WR,,,,63,31.0,p90 of best-available WR positional rank
best_available_dist,5.0,,WR,,,,63,30.02,mean of best-available WR positional rank
best_available_dist,5.0,,WR,,,,78,32.0,p10 of best-available WR positional rank
best_available_dist,5.0,,WR,,,,78,34.0,p25 of best-available WR positional rank
best_available_dist,5.0,,WR,,,,78,35.0,median of best-available WR positional rank
best_available_dist,5.0,,WR,,,,78,36.0,p75 of best-available WR positional rank
best_available_dist,5.0,,WR,,,,78,36.0,p90 of best-available WR positional rank
best_available_dist,5.0,,WR,,,,78,34.77,mean of best-available WR positional rank
best_available_dist,5.0,,WR,,,,83,35.0,p10 of best-available WR positional rank
best_available_dist,5.0,,WR,,,,83,36.0,p25 of best-available WR positional rank
best_available_dist,5.0,,WR,,,,83,37.0,median of best-available WR positional rank
best_available_dist,5.0,,WR,,,,83,38.0,p75 of best-available WR positional rank
best_available_dist,5.0,,WR,,,,83,38.0,p90 of best-available WR positional rank
best_available_dist,5.0,,WR,,,,83,36.75,mean of best-available WR positional rank
best_available_dist,5.0,,WR,,,,98,42.0,p10 of best-available WR positional rank
best_available_dist,5.0,,WR,,,,98,43.0,p25 of best-available WR positional rank
best_available_dist,5.0,,WR,,,,98,44.0,median of best-available WR positional rank
best_available_dist,5.0,,WR,,,,98,44.0,p75 of best-available WR positional rank
best_available_dist,5.0,,WR,,,,98,45.0,p90 of best-available WR positional rank
best_available_dist,5.0,,WR,,,,98,43.6,mean of best-available WR positional rank
best_available_dist,5.0,,WR,,,,103,44.0,p10 of best-available WR positional rank
best_available_dist,5.0,,WR,,,,103,45.0,p25 of best-available WR positional rank
best_available_dist,5.0,,WR,,,,103,45.0,median of best-available WR positional rank
best_available_dist,5.0,,WR,,,,103,46.0,p75 of best-available WR positional rank
best_available_dist,5.0,,WR,,,,103,46.0,p90 of best-available WR positional rank
best_available_dist,5.0,,WR,,,,103,45.19,mean of best-available WR positional rank
best_available_dist,5.0,,WR,,,,118,46.0,p10 of best-available WR positional rank
best_available_dist,5.0,,WR,,,,118,47.0,p25 of best-available WR positional rank
best_available_dist,5.0,,WR,,,,118,48.0,median of best-available WR positional rank
best_available_dist,5.0,,WR,,,,118,49.0,p75 of best-available WR positional rank
best_available_dist,5.0,,WR,,,,118,49.0,p90 of best-available WR positional rank
best_available_dist,5.0,,WR,,,,118,47.63,mean of best-available WR positional rank
best_available_dist,5.0,,WR,,,,123,49.0,p10 of best-available WR positional rank
best_available_dist,5.0,,WR,,,,123,49.0,p25 of best-available WR positional rank
best_available_dist,5.0,,WR,,,,123,50.0,median of best-available WR positional rank
best_available_dist,5.0,,WR,,,,123,50.0,p75 of best-available WR positional rank
best_available_dist,5.0,,WR,,,,123,51.0,p90 of best-available WR positional rank
best_available_dist,5.0,,WR,,,,123,49.7,mean of best-available WR positional rank
best_available_dist,5.0,,WR,,,,138,52.0,p10 of best-available WR positional rank
best_available_dist,5.0,,WR,,,,138,52.0,p25 of best-available WR positional rank
best_available_dist,5.0,,WR,,,,138,52.0,median of best-available WR positional rank
best_available_dist,5.0,,WR,,,,138,52.0,p75 of best-available WR positional rank
best_available_dist,5.0,,WR,,,,138,53.0,p90 of best-available WR positional rank
best_available_dist,5.0,,WR,,,,138,52.11,mean of best-available WR positional rank
best_available_dist,5.0,,WR,,,,143,52.0,p10 of best-available WR positional rank
best_available_dist,5.0,,WR,,,,143,52.0,p25 of best-available WR positional rank
best_available_dist,5.0,,WR,,,,143,53.0,median of best-available WR positional rank
best_available_dist,5.0,,WR,,,,143,54.0,p75 of best-available WR positional rank
best_available_dist,5.0,,WR,,,,143,54.0,p90 of best-available WR positional rank
best_available_dist,5.0,,WR,,,,143,52.96,mean of best-available WR positional rank
best_available_dist,5.0,,TE,,,,3,1.0,p10 of best-available TE positional rank
best_available_dist,5.0,,TE,,,,3,1.0,p25 of best-available TE positional rank
best_available_dist,5.0,,TE,,,,3,1.0,median of best-available TE positional rank
best_available_dist,5.0,,TE,,,,3,1.0,p75 of best-available TE positional rank
best_available_dist,5.0,,TE,,,,3,1.0,p90 of best-available TE positional rank
best_available_dist,5.0,,TE,,,,3,1.0,mean of best-available TE positional rank
best_available_dist,5.0,,TE,,,,18,1.0,p10 of best-available TE positional rank
best_available_dist,5.0,,TE,,,,18,1.0,p25 of best-available TE positional rank
best_available_dist,5.0,,TE,,,,18,2.0,median of best-available TE positional rank
best_available_dist,5.0,,TE,,,,18,2.0,p75 of best-available TE positional rank
best_available_dist,5.0,,TE,,,,18,3.0,p90 of best-available TE positional rank
best_available_dist,5.0,,TE,,,,18,1.84,mean of best-available TE positional rank
best_available_dist,5.0,,TE,,,,23,2.0,p10 of best-available TE positional rank
best_available_dist,5.0,,TE,,,,23,2.0,p25 of best-available TE positional rank
best_available_dist,5.0,,TE,,,,23,3.0,median of best-available TE positional rank
best_available_dist,5.0,,TE,,,,23,3.0,p75 of best-available TE positional rank
best_available_dist,5.0,,TE,,,,23,3.0,p90 of best-available TE positional rank
best_available_dist,5.0,,TE,,,,23,2.55,mean of best-available TE positional rank
best_available_dist,5.0,,TE,,,,38,3.0,p10 of best-available TE positional rank
best_available_dist,5.0,,TE,,,,38,3.0,p25 of best-available TE positional rank
best_available_dist,5.0,,TE,,,,38,4.0,median of best-available TE positional rank
best_available_dist,5.0,,TE,,,,38,4.0,p75 of best-available TE positional rank
best_available_dist,5.0,,TE,,,,38,4.0,p90 of best-available TE positional rank
best_available_dist,5.0,,TE,,,,38,3.54,mean of best-available TE positional rank
best_available_dist,5.0,,TE,,,,43,3.0,p10 of best-available TE positional rank
best_available_dist,5.0,,TE,,,,43,4.0,p25 of best-available TE positional rank
best_available_dist,5.0,,TE,,,,43,4.0,median of best-available TE positional rank
best_available_dist,5.0,,TE,,,,43,4.0,p75 of best-available TE positional rank
best_available_dist,5.0,,TE,,,,43,4.0,p90 of best-available TE positional rank
best_available_dist,5.0,,TE,,,,43,3.91,mean of best-available TE positional rank
best_available_dist,5.0,,TE,,,,58,4.0,p10 of best-available TE positional rank
best_available_dist,5.0,,TE,,,,58,5.0,p25 of best-available TE positional rank
best_available_dist,5.0,,TE,,,,58,5.0,median of best-available TE positional rank
best_available_dist,5.0,,TE,,,,58,5.0,p75 of best-available TE positional rank
best_available_dist,5.0,,TE,,,,58,5.0,p90 of best-available TE positional rank
best_available_dist,5.0,,TE,,,,58,4.91,mean of best-available TE positional rank
best_available_dist,5.0,,TE,,,,63,5.0,p10 of best-available TE positional rank
best_available_dist,5.0,,TE,,,,63,5.0,p25 of best-available TE positional rank
best_available_dist,5.0,,TE,,,,63,5.0,median of best-available TE positional rank
best_available_dist,5.0,,TE,,,,63,5.0,p75 of best-available TE positional rank
best_available_dist,5.0,,TE,,,,63,6.0,p90 of best-available TE positional rank
best_available_dist,5.0,,TE,,,,63,5.22,mean of best-available TE positional rank
best_available_dist,5.0,,TE,,,,78,7.0,p10 of best-available TE positional rank
best_available_dist,5.0,,TE,,,,78,7.0,p25 of best-available TE positional rank
best_available_dist,5.0,,TE,,,,78,8.0,median of best-available TE positional rank
best_available_dist,5.0,,TE,,,,78,8.0,p75 of best-available TE positional rank
best_available_dist,5.0,,TE,,,,78,9.0,p90 of best-available TE positional rank
best_available_dist,5.0,,TE,,,,78,7.82,mean of best-available TE positional rank
best_available_dist,5.0,,TE,,,,83,8.0,p10 of best-available TE positional rank
best_available_dist,5.0,,TE,,,,83,8.0,p25 of best-available TE positional rank
best_available_dist,5.0,,TE,,,,83,9.0,median of best-available TE positional rank
best_available_dist,5.0,,TE,,,,83,9.0,p75 of best-available TE positional rank
best_available_dist,5.0,,TE,,,,83,9.0,p90 of best-available TE positional rank
best_available_dist,5.0,,TE,,,,83,8.55,mean of best-available TE positional rank
best_available_dist,5.0,,TE,,,,98,10.0,p10 of best-available TE positional rank
best_available_dist,5.0,,TE,,,,98,10.0,p25 of best-available TE positional rank
best_available_dist,5.0,,TE,,,,98,11.0,median of best-available TE positional rank
best_available_dist,5.0,,TE,,,,98,12.0,p75 of best-available TE positional rank
best_available_dist,5.0,,TE,,,,98,12.0,p90 of best-available TE positional rank
best_available_dist,5.0,,TE,,,,98,10.9,mean of best-available TE positional rank
best_available_dist,5.0,,TE,,,,103,11.0,p10 of best-available TE positional rank
best_available_dist,5.0,,TE,,,,103,12.0,p25 of best-available TE positional rank
best_available_dist,5.0,,TE,,,,103,12.0,median of best-available TE positional rank
best_available_dist,5.0,,TE,,,,103,13.0,p75 of best-available TE positional rank
best_available_dist,5.0,,TE,,,,103,13.0,p90 of best-available TE positional rank
best_available_dist,5.0,,TE,,,,103,12.33,mean of best-available TE positional rank
best_available_dist,5.0,,TE,,,,118,16.0,p10 of best-available TE positional rank
best_available_dist,5.0,,TE,,,,118,16.0,p25 of best-available TE positional rank
best_available_dist,5.0,,TE,,,,118,16.0,median of best-available TE positional rank
best_available_dist,5.0,,TE,,,,118,16.0,p75 of best-available TE positional rank
best_available_dist,5.0,,TE,,,,118,17.0,p90 of best-available TE positional rank
best_available_dist,5.0,,TE,,,,118,16.17,mean of best-available TE positional rank
best_available_dist,5.0,,TE,,,,123,16.0,p10 of best-available TE positional rank
best_available_dist,5.0,,TE,,,,123,16.0,p25 of best-available TE positional rank
best_available_dist,5.0,,TE,,,,123,17.0,median of best-available TE positional rank
best_available_dist,5.0,,TE,,,,123,18.0,p75 of best-available TE positional rank
best_available_dist,5.0,,TE,,,,123,18.0,p90 of best-available TE positional rank
best_available_dist,5.0,,TE,,,,123,17.14,mean of best-available TE positional rank
best_available_dist,5.0,,TE,,,,138,21.0,p10 of best-available TE positional rank
best_available_dist,5.0,,TE,,,,138,21.0,p25 of best-available TE positional rank
best_available_dist,5.0,,TE,,,,138,22.0,median of best-available TE positional rank
best_available_dist,5.0,,TE,,,,138,22.0,p75 of best-available TE positional rank
best_available_dist,5.0,,TE,,,,138,22.0,p90 of best-available TE positional rank
best_available_dist,5.0,,TE,,,,138,21.62,mean of best-available TE positional rank
best_available_dist,5.0,,TE,,,,143,22.0,p10 of best-available TE positional rank
best_available_dist,5.0,,TE,,,,143,22.0,p25 of best-available TE positional rank
best_available_dist,5.0,,TE,,,,143,22.0,median of best-available TE positional rank
best_available_dist,5.0,,TE,,,,143,23.0,p75 of best-available TE positional rank
best_available_dist,5.0,,TE,,,,143,23.0,p90 of best-available TE positional rank
best_available_dist,5.0,,TE,,,,143,22.41,mean of best-available TE positional rank
player_available,10.0,Ja'Marr Chase,WR,1,1,T1,3,0.705,
player_available,10.0,Ja'Marr Chase,WR,1,1,T1,18,0.0,
player_available,10.0,Ja'Marr Chase,WR,1,1,T1,23,0.0,
player_available,10.0,Ja'Marr Chase,WR,1,1,T1,38,0.0,
player_available,10.0,Ja'Marr Chase,WR,1,1,T1,43,0.0,
player_available,10.0,Ja'Marr Chase,WR,1,1,T1,58,0.0,
player_available,10.0,Ja'Marr Chase,WR,1,1,T1,63,0.0,
player_available,10.0,Ja'Marr Chase,WR,1,1,T1,78,0.0,
player_available,10.0,Ja'Marr Chase,WR,1,1,T1,83,0.0,
player_available,10.0,Ja'Marr Chase,WR,1,1,T1,98,0.0,
player_available,10.0,Ja'Marr Chase,WR,1,1,T1,103,0.0,
player_available,10.0,Ja'Marr Chase,WR,1,1,T1,118,0.0,
player_available,10.0,Ja'Marr Chase,WR,1,1,T1,123,0.0,
player_available,10.0,Ja'Marr Chase,WR,1,1,T1,138,0.0,
player_available,10.0,Ja'Marr Chase,WR,1,1,T1,143,0.0,
player_available,10.0,Ja'Marr Chase,WR,1,1,T1,158,0.0,
player_available,10.0,Bijan Robinson,RB,2,1,T1,3,0.7475,
player_available,10.0,Bijan Robinson,RB,2,1,T1,18,0.0435,
player_available,10.0,Bijan Robinson,RB,2,1,T1,23,0.0,
player_available,10.0,Bijan Robinson,RB,2,1,T1,38,0.0,
player_available,10.0,Bijan Robinson,RB,2,1,T1,43,0.0,
player_available,10.0,Bijan Robinson,RB,2,1,T1,58,0.0,
player_available,10.0,Bijan Robinson,RB,2,1,T1,63,0.0,
player_available,10.0,Bijan Robinson,RB,2,1,T1,78,0.0,
player_available,10.0,Bijan Robinson,RB,2,1,T1,83,0.0,
player_available,10.0,Bijan Robinson,RB,2,1,T1,98,0.0,
player_available,10.0,Bijan Robinson,RB,2,1,T1,103,0.0,
player_available,10.0,Bijan Robinson,RB,2,1,T1,118,0.0,
player_available,10.0,Bijan Robinson,RB,2,1,T1,123,0.0,
player_available,10.0,Bijan Robinson,RB,2,1,T1,138,0.0,
player_available,10.0,Bijan Robinson,RB,2,1,T1,143,0.0,
player_available,10.0,Bijan Robinson,RB,2,1,T1,158,0.0,
player_available,10.0,Puka Nacua,WR,3,2,T1,3,0.769,
player_available,10.0,Puka Nacua,WR,3,2,T1,18,0.0695,
player_available,10.0,Puka Nacua,WR,3,2,T1,23,0.001,
player_available,10.0,Puka Nacua,WR,3,2,T1,38,0.0,
player_available,10.0,Puka Nacua,WR,3,2,T1,43,0.0,
player_available,10.0,Puka Nacua,WR,3,2,T1,58,0.0,
player_available,10.0,Puka Nacua,WR,3,2,T1,63,0.0,
player_available,10.0,Puka Nacua,WR,3,2,T1,78,0.0,
player_available,10.0,Puka Nacua,WR,3,2,T1,83,0.0,
player_available,10.0,Puka Nacua,WR,3,2,T1,98,0.0,
player_available,10.0,Puka Nacua,WR,3,2,T1,103,0.0,
player_available,10.0,Puka Nacua,WR,3,2,T1,118,0.0,
player_available,10.0,Puka Nacua,WR,3,2,T1,123,0.0,
player_available,10.0,Puka Nacua,WR,3,2,T1,138,0.0,
player_available,10.0,Puka Nacua,WR,3,2,T1,143,0.0,
player_available,10.0,Puka Nacua,WR,3,2,T1,158,0.0,
player_available,10.0,Jahmyr Gibbs,RB,4,2,T1,3,0.806,
player_available,10.0,Jahmyr Gibbs,RB,4,2,T1,18,0.0927,
player_available,10.0,Jahmyr Gibbs,RB,4,2,T1,23,0.0025,
player_available,10.0,Jahmyr Gibbs,RB,4,2,T1,38,0.0,
player_available,10.0,Jahmyr Gibbs,RB,4,2,T1,43,0.0,
player_available,10.0,Jahmyr Gibbs,RB,4,2,T1,58,0.0,
player_available,10.0,Jahmyr Gibbs,RB,4,2,T1,63,0.0,
player_available,10.0,Jahmyr Gibbs,RB,4,2,T1,78,0.0,
player_available,10.0,Jahmyr Gibbs,RB,4,2,T1,83,0.0,
player_available,10.0,Jahmyr Gibbs,RB,4,2,T1,98,0.0,
player_available,10.0,Jahmyr Gibbs,RB,4,2,T1,103,0.0,
player_available,10.0,Jahmyr Gibbs,RB,4,2,T1,118,0.0,
player_available,10.0,Jahmyr Gibbs,RB,4,2,T1,123,0.0,
player_available,10.0,Jahmyr Gibbs,RB,4,2,T1,138,0.0,
player_available,10.0,Jahmyr Gibbs,RB,4,2,T1,143,0.0,
player_available,10.0,Jahmyr Gibbs,RB,4,2,T1,158,0.0,
player_available,10.0,Jaxon Smith-Njigba,WR,5,3,T1,3,0.827,
player_available,10.0,Jaxon Smith-Njigba,WR,5,3,T1,18,0.1145,
player_available,10.0,Jaxon Smith-Njigba,WR,5,3,T1,23,0.0095,
player_available,10.0,Jaxon Smith-Njigba,WR,5,3,T1,38,0.0,
player_available,10.0,Jaxon Smith-Njigba,WR,5,3,T1,43,0.0,
player_available,10.0,Jaxon Smith-Njigba,WR,5,3,T1,58,0.0,
player_available,10.0,Jaxon Smith-Njigba,WR,5,3,T1,63,0.0,
player_available,10.0,Jaxon Smith-Njigba,WR,5,3,T1,78,0.0,
player_available,10.0,Jaxon Smith-Njigba,WR,5,3,T1,83,0.0,
player_available,10.0,Jaxon Smith-Njigba,WR,5,3,T1,98,0.0,
player_available,10.0,Jaxon Smith-Njigba,WR,5,3,T1,103,0.0,
player_available,10.0,Jaxon Smith-Njigba,WR,5,3,T1,118,0.0,
player_available,10.0,Jaxon Smith-Njigba,WR,5,3,T1,123,0.0,
player_available,10.0,Jaxon Smith-Njigba,WR,5,3,T1,138,0.0,
player_available,10.0,Jaxon Smith-Njigba,WR,5,3,T1,143,0.0,
player_available,10.0,Jaxon Smith-Njigba,WR,5,3,T1,158,0.0,
player_available,10.0,Amon-Ra St. Brown,WR,6,4,T1,3,0.8532,
player_available,10.0,Amon-Ra St. Brown,WR,6,4,T1,18,0.1278,
player_available,10.0,Amon-Ra St. Brown,WR,6,4,T1,23,0.0138,
player_available,10.0,Amon-Ra St. Brown,WR,6,4,T1,38,0.0,
player_available,10.0,Amon-Ra St. Brown,WR,6,4,T1,43,0.0,
player_available,10.0,Amon-Ra St. Brown,WR,6,4,T1,58,0.0,
player_available,10.0,Amon-Ra St. Brown,WR,6,4,T1,63,0.0,
player_available,10.0,Amon-Ra St. Brown,WR,6,4,T1,78,0.0,
player_available,10.0,Amon-Ra St. Brown,WR,6,4,T1,83,0.0,
player_available,10.0,Amon-Ra St. Brown,WR,6,4,T1,98,0.0,
player_available,10.0,Amon-Ra St. Brown,WR,6,4,T1,103,0.0,
player_available,10.0,Amon-Ra St. Brown,WR,6,4,T1,118,0.0,
player_available,10.0,Amon-Ra St. Brown,WR,6,4,T1,123,0.0,
player_available,10.0,Amon-Ra St. Brown,WR,6,4,T1,138,0.0,
player_available,10.0,Amon-Ra St. Brown,WR,6,4,T1,143,0.0,
player_available,10.0,Amon-Ra St. Brown,WR,6,4,T1,158,0.0,
player_available,10.0,CeeDee Lamb,WR,7,5,T1,3,0.8725,
player_available,10.0,CeeDee Lamb,WR,7,5,T1,18,0.1515,
player_available,10.0,CeeDee Lamb,WR,7,5,T1,23,0.0262,
player_available,10.0,CeeDee Lamb,WR,7,5,T1,38,0.0,
player_available,10.0,CeeDee Lamb,WR,7,5,T1,43,0.0,
player_available,10.0,CeeDee Lamb,WR,7,5,T1,58,0.0,
player_available,10.0,CeeDee Lamb,WR,7,5,T1,63,0.0,
player_available,10.0,CeeDee Lamb,WR,7,5,T1,78,0.0,
player_available,10.0,CeeDee Lamb,WR,7,5,T1,83,0.0,
player_available,10.0,CeeDee Lamb,WR,7,5,T1,98,0.0,
player_available,10.0,CeeDee Lamb,WR,7,5,T1,103,0.0,
player_available,10.0,CeeDee Lamb,WR,7,5,T1,118,0.0,
player_available,10.0,CeeDee Lamb,WR,7,5,T1,123,0.0,
player_available,10.0,CeeDee Lamb,WR,7,5,T1,138,0.0,
player_available,10.0,CeeDee Lamb,WR,7,5,T1,143,0.0,
player_available,10.0,CeeDee Lamb,WR,7,5,T1,158,0.0,
player_available,10.0,Christian McCaffrey,RB,8,3,T1,3,0.8978,
player_available,10.0,Christian McCaffrey,RB,8,3,T1,18,0.1665,
player_available,10.0,Christian McCaffrey,RB,8,3,T1,23,0.0357,
player_available,10.0,Christian McCaffrey,RB,8,3,T1,38,0.0,
player_available,10.0,Christian McCaffrey,RB,8,3,T1,43,0.0,
player_available,10.0,Christian McCaffrey,RB,8,3,T1,58,0.0,
player_available,10.0,Christian McCaffrey,RB,8,3,T1,63,0.0,
player_available,10.0,Christian McCaffrey,RB,8,3,T1,78,0.0,
player_available,10.0,Christian McCaffrey,RB,8,3,T1,83,0.0,
player_available,10.0,Christian McCaffrey,RB,8,3,T1,98,0.0,
player_available,10.0,Christian McCaffrey,RB,8,3,T1,103,0.0,
player_available,10.0,Christian McCaffrey,RB,8,3,T1,118,0.0,
player_available,10.0,Christian McCaffrey,RB,8,3,T1,123,0.0,
player_available,10.0,Christian McCaffrey,RB,8,3,T1,138,0.0,
player_available,10.0,Christian McCaffrey,RB,8,3,T1,143,0.0,
player_available,10.0,Christian McCaffrey,RB,8,3,T1,158,0.0,
player_available,10.0,Justin Jefferson,WR,9,6,T2,3,0.9058,
player_available,10.0,Justin Jefferson,WR,9,6,T2,18,0.203,
player_available,10.0,Justin Jefferson,WR,9,6,T2,23,0.054,
player_available,10.0,Justin Jefferson,WR,9,6,T2,38,0.0,
player_available,10.0,Justin Jefferson,WR,9,6,T2,43,0.0,
player_available,10.0,Justin Jefferson,WR,9,6,T2,58,0.0,
player_available,10.0,Justin Jefferson,WR,9,6,T2,63,0.0,
player_available,10.0,Justin Jefferson,WR,9,6,T2,78,0.0,
player_available,10.0,Justin Jefferson,WR,9,6,T2,83,0.0,
player_available,10.0,Justin Jefferson,WR,9,6,T2,98,0.0,
player_available,10.0,Justin Jefferson,WR,9,6,T2,103,0.0,
player_available,10.0,Justin Jefferson,WR,9,6,T2,118,0.0,
player_available,10.0,Justin Jefferson,WR,9,6,T2,123,0.0,
player_available,10.0,Justin Jefferson,WR,9,6,T2,138,0.0,
player_available,10.0,Justin Jefferson,WR,9,6,T2,143,0.0,
player_available,10.0,Justin Jefferson,WR,9,6,T2,158,0.0,
player_available,10.0,Jonathan Taylor,RB,10,4,T1,3,0.9267,
player_available,10.0,Jonathan Taylor,RB,10,4,T1,18,0.231,
player_available,10.0,Jonathan Taylor,RB,10,4,T1,23,0.0727,
player_available,10.0,Jonathan Taylor,RB,10,4,T1,38,0.001,
player_available,10.0,Jonathan Taylor,RB,10,4,T1,43,0.0,
player_available,10.0,Jonathan Taylor,RB,10,4,T1,58,0.0,
player_available,10.0,Jonathan Taylor,RB,10,4,T1,63,0.0,
player_available,10.0,Jonathan Taylor,RB,10,4,T1,78,0.0,
player_available,10.0,Jonathan Taylor,RB,10,4,T1,83,0.0,
player_available,10.0,Jonathan Taylor,RB,10,4,T1,98,0.0,
player_available,10.0,Jonathan Taylor,RB,10,4,T1,103,0.0,
player_available,10.0,Jonathan Taylor,RB,10,4,T1,118,0.0,
player_available,10.0,Jonathan Taylor,RB,10,4,T1,123,0.0,
player_available,10.0,Jonathan Taylor,RB,10,4,T1,138,0.0,
player_available,10.0,Jonathan Taylor,RB,10,4,T1,143,0.0,
player_available,10.0,Jonathan Taylor,RB,10,4,T1,158,0.0,
player_available,10.0,Drake London,WR,11,7,T2,3,0.9333,
player_available,10.0,Drake London,WR,11,7,T2,18,0.264,
player_available,10.0,Drake London,WR,11,7,T2,23,0.0915,
player_available,10.0,Drake London,WR,11,7,T2,38,0.0003,
player_available,10.0,Drake London,WR,11,7,T2,43,0.0,
player_available,10.0,Drake London,WR,11,7,T2,58,0.0,
player_available,10.0,Drake London,WR,11,7,T2,63,0.0,
player_available,10.0,Drake London,WR,11,7,T2,78,0.0,
player_available,10.0,Drake London,WR,11,7,T2,83,0.0,
player_available,10.0,Drake London,WR,11,7,T2,98,0.0,
player_available,10.0,Drake London,WR,11,7,T2,103,0.0,
player_available,10.0,Drake London,WR,11,7,T2,118,0.0,
player_available,10.0,Drake London,WR,11,7,T2,123,0.0,
player_available,10.0,Drake London,WR,11,7,T2,138,0.0,
player_available,10.0,Drake London,WR,11,7,T2,143,0.0,
player_available,10.0,Drake London,WR,11,7,T2,158,0.0,
player_available,10.0,A.J. Brown,WR,12,8,T2,3,0.9517,
player_available,10.0,A.J. Brown,WR,12,8,T2,18,0.2938,
player_available,10.0,A.J. Brown,WR,12,8,T2,23,0.126,
player_available,10.0,A.J. Brown,WR,12,8,T2,38,0.0015,
player_available,10.0,A.J. Brown,WR,12,8,T2,43,0.0,
player_available,10.0,A.J. Brown,WR,12,8,T2,58,0.0,
player_available,10.0,A.J. Brown,WR,12,8,T2,63,0.0,
player_available,10.0,A.J. Brown,WR,12,8,T2,78,0.0,
player_available,10.0,A.J. Brown,WR,12,8,T2,83,0.0,
player_available,10.0,A.J. Brown,WR,12,8,T2,98,0.0,
player_available,10.0,A.J. Brown,WR,12,8,T2,103,0.0,
player_available,10.0,A.J. Brown,WR,12,8,T2,118,0.0,
player_available,10.0,A.J. Brown,WR,12,8,T2,123,0.0,
player_available,10.0,A.J. Brown,WR,12,8,T2,138,0.0,
player_available,10.0,A.J. Brown,WR,12,8,T2,143,0.0,
player_available,10.0,A.J. Brown,WR,12,8,T2,158,0.0,
player_available,10.0,Nico Collins,WR,13,9,T2,3,0.9605,
player_available,10.0,Nico Collins,WR,13,9,T2,18,0.3415,
player_available,10.0,Nico Collins,WR,13,9,T2,23,0.1605,
player_available,10.0,Nico Collins,WR,13,9,T2,38,0.0008,
player_available,10.0,Nico Collins,WR,13,9,T2,43,0.0,
player_available,10.0,Nico Collins,WR,13,9,T2,58,0.0,
player_available,10.0,Nico Collins,WR,13,9,T2,63,0.0,
player_available,10.0,Nico Collins,WR,13,9,T2,78,0.0,
player_available,10.0,Nico Collins,WR,13,9,T2,83,0.0,
player_available,10.0,Nico Collins,WR,13,9,T2,98,0.0,
player_available,10.0,Nico Collins,WR,13,9,T2,103,0.0,
player_available,10.0,Nico Collins,WR,13,9,T2,118,0.0,
player_available,10.0,Nico Collins,WR,13,9,T2,123,0.0,
player_available,10.0,Nico Collins,WR,13,9,T2,138,0.0,
player_available,10.0,Nico Collins,WR,13,9,T2,143,0.0,
player_available,10.0,Nico Collins,WR,13,9,T2,158,0.0,
player_available,10.0,Ashton Jeanty,RB,14,5,T2,3,0.972,
player_available,10.0,Ashton Jeanty,RB,14,5,T2,18,0.3762,
player_available,10.0,Ashton Jeanty,RB,14,5,T2,23,0.1953,
player_available,10.0,Ashton Jeanty,RB,14,5,T2,38,0.006,
player_available,10.0,Ashton Jeanty,RB,14,5,T2,43,0.0,
player_available,10.0,Ashton Jeanty,RB,14,5,T2,58,0.0,
player_available,10.0,Ashton Jeanty,RB,14,5,T2,63,0.0,
player_available,10.0,Ashton Jeanty,RB,14,5,T2,78,0.0,
player_available,10.0,Ashton Jeanty,RB,14,5,T2,83,0.0,
player_available,10.0,Ashton Jeanty,RB,14,5,T2,98,0.0,
player_available,10.0,Ashton Jeanty,RB,14,5,T2,103,0.0,
player_available,10.0,Ashton Jeanty,RB,14,5,T2,118,0.0,
player_available,10.0,Ashton Jeanty,RB,14,5,T2,123,0.0,
player_available,10.0,Ashton Jeanty,RB,14,5,T2,138,0.0,
player_available,10.0,Ashton Jeanty,RB,14,5,T2,143,0.0,
player_available,10.0,Ashton Jeanty,RB,14,5,T2,158,0.0,
player_available,10.0,Trey McBride,TE,15,1,T1,3,0.97,
player_available,10.0,Trey McBride,TE,15,1,T1,18,0.4042,
player_available,10.0,Trey McBride,TE,15,1,T1,23,0.225,
player_available,10.0,Trey McBride,TE,15,1,T1,38,0.0083,
player_available,10.0,Trey McBride,TE,15,1,T1,43,0.0,
player_available,10.0,Trey McBride,TE,15,1,T1,58,0.0,
player_available,10.0,Trey McBride,TE,15,1,T1,63,0.0,
player_available,10.0,Trey McBride,TE,15,1,T1,78,0.0,
player_available,10.0,Trey McBride,TE,15,1,T1,83,0.0,
player_available,10.0,Trey McBride,TE,15,1,T1,98,0.0,
player_available,10.0,Trey McBride,TE,15,1,T1,103,0.0,
player_available,10.0,Trey McBride,TE,15,1,T1,118,0.0,
player_available,10.0,Trey McBride,TE,15,1,T1,123,0.0,
player_available,10.0,Trey McBride,TE,15,1,T1,138,0.0,
player_available,10.0,Trey McBride,TE,15,1,T1,143,0.0,
player_available,10.0,Trey McBride,TE,15,1,T1,158,0.0,
player_available,10.0,George Pickens,WR,16,10,T2,3,0.977,
player_available,10.0,George Pickens,WR,16,10,T2,18,0.456,
player_available,10.0,George Pickens,WR,16,10,T2,23,0.2727,
player_available,10.0,George Pickens,WR,16,10,T2,38,0.0103,
player_available,10.0,George Pickens,WR,16,10,T2,43,0.0,
player_available,10.0,George Pickens,WR,16,10,T2,58,0.0,
player_available,10.0,George Pickens,WR,16,10,T2,63,0.0,
player_available,10.0,George Pickens,WR,16,10,T2,78,0.0,
player_available,10.0,George Pickens,WR,16,10,T2,83,0.0,
player_available,10.0,George Pickens,WR,16,10,T2,98,0.0,
player_available,10.0,George Pickens,WR,16,10,T2,103,0.0,
player_available,10.0,George Pickens,WR,16,10,T2,118,0.0,
player_available,10.0,George Pickens,WR,16,10,T2,123,0.0,
player_available,10.0,George Pickens,WR,16,10,T2,138,0.0,
player_available,10.0,George Pickens,WR,16,10,T2,143,0.0,
player_available,10.0,George Pickens,WR,16,10,T2,158,0.0,
player_available,10.0,James Cook III,RB,17,6,T2,3,0.9835,
player_available,10.0,James Cook III,RB,17,6,T2,18,0.4915,
player_available,10.0,James Cook III,RB,17,6,T2,23,0.2995,
player_available,10.0,James Cook III,RB,17,6,T2,38,0.0145,
player_available,10.0,James Cook III,RB,17,6,T2,43,0.0,
player_available,10.0,James Cook III,RB,17,6,T2,58,0.0,
player_available,10.0,James Cook III,RB,17,6,T2,63,0.0,
player_available,10.0,James Cook III,RB,17,6,T2,78,0.0,
player_available,10.0,James Cook III,RB,17,6,T2,83,0.0,
player_available,10.0,James Cook III,RB,17,6,T2,98,0.0,
player_available,10.0,James Cook III,RB,17,6,T2,103,0.0,
player_available,10.0,James Cook III,RB,17,6,T2,118,0.0,
player_available,10.0,James Cook III,RB,17,6,T2,123,0.0,
player_available,10.0,James Cook III,RB,17,6,T2,138,0.0,
player_available,10.0,James Cook III,RB,17,6,T2,143,0.0,
player_available,10.0,James Cook III,RB,17,6,T2,158,0.0,
player_available,10.0,De'Von Achane,RB,18,7,T2,3,0.9872,
player_available,10.0,De'Von Achane,RB,18,7,T2,18,0.54,
player_available,10.0,De'Von Achane,RB,18,7,T2,23,0.355,
player_available,10.0,De'Von Achane,RB,18,7,T2,38,0.0238,
player_available,10.0,De'Von Achane,RB,18,7,T2,43,0.0,
player_available,10.0,De'Von Achane,RB,18,7,T2,58,0.0,
player_available,10.0,De'Von Achane,RB,18,7,T2,63,0.0,
player_available,10.0,De'Von Achane,RB,18,7,T2,78,0.0,
player_available,10.0,De'Von Achane,RB,18,7,T2,83,0.0,
player_available,10.0,De'Von Achane,RB,18,7,T2,98,0.0,
player_available,10.0,De'Von Achane,RB,18,7,T2,103,0.0,
player_available,10.0,De'Von Achane,RB,18,7,T2,118,0.0,
player_available,10.0,De'Von Achane,RB,18,7,T2,123,0.0,
player_available,10.0,De'Von Achane,RB,18,7,T2,138,0.0,
player_available,10.0,De'Von Achane,RB,18,7,T2,143,0.0,
player_available,10.0,De'Von Achane,RB,18,7,T2,158,0.0,
player_available,10.0,Chase Brown,RB,19,8,T2,3,0.9902,
player_available,10.0,Chase Brown,RB,19,8,T2,18,0.5653,
player_available,10.0,Chase Brown,RB,19,8,T2,23,0.3855,
player_available,10.0,Chase Brown,RB,19,8,T2,38,0.0318,
player_available,10.0,Chase Brown,RB,19,8,T2,43,0.0003,
player_available,10.0,Chase Brown,RB,19,8,T2,58,0.0,
player_available,10.0,Chase Brown,RB,19,8,T2,63,0.0,
player_available,10.0,Chase Brown,RB,19,8,T2,78,0.0,
player_available,10.0,Chase Brown,RB,19,8,T2,83,0.0,
player_available,10.0,Chase Brown,RB,19,8,T2,98,0.0,
player_available,10.0,Chase Brown,RB,19,8,T2,103,0.0,
player_available,10.0,Chase Brown,RB,19,8,T2,118,0.0,
player_available,10.0,Chase Brown,RB,19,8,T2,123,0.0,
player_available,10.0,Chase Brown,RB,19,8,T2,138,0.0,
player_available,10.0,Chase Brown,RB,19,8,T2,143,0.0,
player_available,10.0,Chase Brown,RB,19,8,T2,158,0.0,
player_available,10.0,Chris Olave,WR,20,11,T2,3,0.9908,
player_available,10.0,Chris Olave,WR,20,11,T2,18,0.6218,
player_available,10.0,Chris Olave,WR,20,11,T2,23,0.4348,
player_available,10.0,Chris Olave,WR,20,11,T2,38,0.0415,
player_available,10.0,Chris Olave,WR,20,11,T2,43,0.0013,
player_available,10.0,Chris Olave,WR,20,11,T2,58,0.0,
player_available,10.0,Chris Olave,WR,20,11,T2,63,0.0,
player_available,10.0,Chris Olave,WR,20,11,T2,78,0.0,
player_available,10.0,Chris Olave,WR,20,11,T2,83,0.0,
player_available,10.0,Chris Olave,WR,20,11,T2,98,0.0,
player_available,10.0,Chris Olave,WR,20,11,T2,103,0.0,
player_available,10.0,Chris Olave,WR,20,11,T2,118,0.0,
player_available,10.0,Chris Olave,WR,20,11,T2,123,0.0,
player_available,10.0,Chris Olave,WR,20,11,T2,138,0.0,
player_available,10.0,Chris Olave,WR,20,11,T2,143,0.0,
player_available,10.0,Chris Olave,WR,20,11,T2,158,0.0,
player_available,10.0,Brock Bowers,TE,21,2,T1,3,0.9922,
player_available,10.0,Brock Bowers,TE,21,2,T1,18,0.6415,
player_available,10.0,Brock Bowers,TE,21,2,T1,23,0.4642,
player_available,10.0,Brock Bowers,TE,21,2,T1,38,0.0508,
player_available,10.0,Brock Bowers,TE,21,2,T1,43,0.0027,
player_available,10.0,Brock Bowers,TE,21,2,T1,58,0.0,
player_available,10.0,Brock Bowers,TE,21,2,T1,63,0.0,
player_available,10.0,Brock Bowers,TE,21,2,T1,78,0.0,
player_available,10.0,Brock Bowers,TE,21,2,T1,83,0.0,
player_available,10.0,Brock Bowers,TE,21,2,T1,98,0.0,
player_available,10.0,Brock Bowers,TE,21,2,T1,103,0.0,
player_available,10.0,Brock Bowers,TE,21,2,T1,118,0.0,
player_available,10.0,Brock Bowers,TE,21,2,T1,123,0.0,
player_available,10.0,Brock Bowers,TE,21,2,T1,138,0.0,
player_available,10.0,Brock Bowers,TE,21,2,T1,143,0.0,
player_available,10.0,Brock Bowers,TE,21,2,T1,158,0.0,
player_available,10.0,Rashee Rice,WR,22,12,T2,3,0.996,
player_available,10.0,Rashee Rice,WR,22,12,T2,18,0.6855,
player_available,10.0,Rashee Rice,WR,22,12,T2,23,0.501,
player_available,10.0,Rashee Rice,WR,22,12,T2,38,0.0615,
player_available,10.0,Rashee Rice,WR,22,12,T2,43,0.0027,
player_available,10.0,Rashee Rice,WR,22,12,T2,58,0.0,
player_available,10.0,Rashee Rice,WR,22,12,T2,63,0.0,
player_available,10.0,Rashee Rice,WR,22,12,T2,78,0.0,
player_available,10.0,Rashee Rice,WR,22,12,T2,83,0.0,
player_available,10.0,Rashee Rice,WR,22,12,T2,98,0.0,
player_available,10.0,Rashee Rice,WR,22,12,T2,103,0.0,
player_available,10.0,Rashee Rice,WR,22,12,T2,118,0.0,
player_available,10.0,Rashee Rice,WR,22,12,T2,123,0.0,
player_available,10.0,Rashee Rice,WR,22,12,T2,138,0.0,
player_available,10.0,Rashee Rice,WR,22,12,T2,143,0.0,
player_available,10.0,Rashee Rice,WR,22,12,T2,158,0.0,
player_available,10.0,Omarion Hampton,RB,23,9,T2,3,0.996,
player_available,10.0,Omarion Hampton,RB,23,9,T2,18,0.7145,
player_available,10.0,Omarion Hampton,RB,23,9,T2,23,0.5383,
player_available,10.0,Omarion Hampton,RB,23,9,T2,38,0.0772,
player_available,10.0,Omarion Hampton,RB,23,9,T2,43,0.0073,
player_available,10.0,Omarion Hampton,RB,23,9,T2,58,0.0,
player_available,10.0,Omarion Hampton,RB,23,9,T2,63,0.0,
player_available,10.0,Omarion Hampton,RB,23,9,T2,78,0.0,
player_available,10.0,Omarion Hampton,RB,23,9,T2,83,0.0,
player_available,10.0,Omarion Hampton,RB,23,9,T2,98,0.0,
player_available,10.0,Omarion Hampton,RB,23,9,T2,103,0.0,
player_available,10.0,Omarion Hampton,RB,23,9,T2,118,0.0,
player_available,10.0,Omarion Hampton,RB,23,9,T2,123,0.0,
player_available,10.0,Omarion Hampton,RB,23,9,T2,138,0.0,
player_available,10.0,Omarion Hampton,RB,23,9,T2,143,0.0,
player_available,10.0,Omarion Hampton,RB,23,9,T2,158,0.0,
player_available,10.0,DeVonta Smith,WR,24,13,T3,3,0.9968,
player_available,10.0,DeVonta Smith,WR,24,13,T3,18,0.767,
player_available,10.0,DeVonta Smith,WR,24,13,T3,23,0.5927,
player_available,10.0,DeVonta Smith,WR,24,13,T3,38,0.0965,
player_available,10.0,DeVonta Smith,WR,24,13,T3,43,0.013,
player_available,10.0,DeVonta Smith,WR,24,13,T3,58,0.0,
player_available,10.0,DeVonta Smith,WR,24,13,T3,63,0.0,
player_available,10.0,DeVonta Smith,WR,24,13,T3,78,0.0,
player_available,10.0,DeVonta Smith,WR,24,13,T3,83,0.0,
player_available,10.0,DeVonta Smith,WR,24,13,T3,98,0.0,
player_available,10.0,DeVonta Smith,WR,24,13,T3,103,0.0,
player_available,10.0,DeVonta Smith,WR,24,13,T3,118,0.0,
player_available,10.0,DeVonta Smith,WR,24,13,T3,123,0.0,
player_available,10.0,DeVonta Smith,WR,24,13,T3,138,0.0,
player_available,10.0,DeVonta Smith,WR,24,13,T3,143,0.0,
player_available,10.0,DeVonta Smith,WR,24,13,T3,158,0.0,
player_available,10.0,Josh Allen,QB,25,1,T1,3,0.9982,
player_available,10.0,Josh Allen,QB,25,1,T1,18,0.7875,
player_available,10.0,Josh Allen,QB,25,1,T1,23,0.6312,
player_available,10.0,Josh Allen,QB,25,1,T1,38,0.1098,
player_available,10.0,Josh Allen,QB,25,1,T1,43,0.0175,
player_available,10.0,Josh Allen,QB,25,1,T1,58,0.0,
player_available,10.0,Josh Allen,QB,25,1,T1,63,0.0,
player_available,10.0,Josh Allen,QB,25,1,T1,78,0.0,
player_available,10.0,Josh Allen,QB,25,1,T1,83,0.0,
player_available,10.0,Josh Allen,QB,25,1,T1,98,0.0,
player_available,10.0,Josh Allen,QB,25,1,T1,103,0.0,
player_available,10.0,Josh Allen,QB,25,1,T1,118,0.0,
player_available,10.0,Josh Allen,QB,25,1,T1,123,0.0,
player_available,10.0,Josh Allen,QB,25,1,T1,138,0.0,
player_available,10.0,Josh Allen,QB,25,1,T1,143,0.0,
player_available,10.0,Josh Allen,QB,25,1,T1,158,0.0,
player_available,10.0,Saquon Barkley,RB,26,10,T2,3,0.9988,
player_available,10.0,Saquon Barkley,RB,26,10,T2,18,0.8075,
player_available,10.0,Saquon Barkley,RB,26,10,T2,23,0.6508,
player_available,10.0,Saquon Barkley,RB,26,10,T2,38,0.1217,
player_available,10.0,Saquon Barkley,RB,26,10,T2,43,0.0238,
player_available,10.0,Saquon Barkley,RB,26,10,T2,58,0.0,
player_available,10.0,Saquon Barkley,RB,26,10,T2,63,0.0,
player_available,10.0,Saquon Barkley,RB,26,10,T2,78,0.0,
player_available,10.0,Saquon Barkley,RB,26,10,T2,83,0.0,
player_available,10.0,Saquon Barkley,RB,26,10,T2,98,0.0,
player_available,10.0,Saquon Barkley,RB,26,10,T2,103,0.0,
player_available,10.0,Saquon Barkley,RB,26,10,T2,118,0.0,
player_available,10.0,Saquon Barkley,RB,26,10,T2,123,0.0,
player_available,10.0,Saquon Barkley,RB,26,10,T2,138,0.0,
player_available,10.0,Saquon Barkley,RB,26,10,T2,143,0.0,
player_available,10.0,Saquon Barkley,RB,26,10,T2,158,0.0,
player_available,10.0,Garrett Wilson,WR,27,14,T3,3,0.9988,
player_available,10.0,Garrett Wilson,WR,27,14,T3,18,0.8323,
player_available,10.0,Garrett Wilson,WR,27,14,T3,23,0.686,
player_available,10.0,Garrett Wilson,WR,27,14,T3,38,0.141,
player_available,10.0,Garrett Wilson,WR,27,14,T3,43,0.0275,
player_available,10.0,Garrett Wilson,WR,27,14,T3,58,0.0,
player_available,10.0,Garrett Wilson,WR,27,14,T3,63,0.0,
player_available,10.0,Garrett Wilson,WR,27,14,T3,78,0.0,
player_available,10.0,Garrett Wilson,WR,27,14,T3,83,0.0,
player_available,10.0,Garrett Wilson,WR,27,14,T3,98,0.0,
player_available,10.0,Garrett Wilson,WR,27,14,T3,103,0.0,
player_available,10.0,Garrett Wilson,WR,27,14,T3,118,0.0,
player_available,10.0,Garrett Wilson,WR,27,14,T3,123,0.0,
player_available,10.0,Garrett Wilson,WR,27,14,T3,138,0.0,
player_available,10.0,Garrett Wilson,WR,27,14,T3,143,0.0,
player_available,10.0,Garrett Wilson,WR,27,14,T3,158,0.0,
player_available,10.0,Tetairoa McMillan,WR,28,15,T3,3,0.9988,
player_available,10.0,Tetairoa McMillan,WR,28,15,T3,18,0.8545,
player_available,10.0,Tetairoa McMillan,WR,28,15,T3,23,0.7245,
player_available,10.0,Tetairoa McMillan,WR,28,15,T3,38,0.165,
player_available,10.0,Tetairoa McMillan,WR,28,15,T3,43,0.0413,
player_available,10.0,Tetairoa McMillan,WR,28,15,T3,58,0.0003,
player_available,10.0,Tetairoa McMillan,WR,28,15,T3,63,0.0,
player_available,10.0,Tetairoa McMillan,WR,28,15,T3,78,0.0,
player_available,10.0,Tetairoa McMillan,WR,28,15,T3,83,0.0,
player_available,10.0,Tetairoa McMillan,WR,28,15,T3,98,0.0,
player_available,10.0,Tetairoa McMillan,WR,28,15,T3,103,0.0,
player_available,10.0,Tetairoa McMillan,WR,28,15,T3,118,0.0,
player_available,10.0,Tetairoa McMillan,WR,28,15,T3,123,0.0,
player_available,10.0,Tetairoa McMillan,WR,28,15,T3,138,0.0,
player_available,10.0,Tetairoa McMillan,WR,28,15,T3,143,0.0,
player_available,10.0,Tetairoa McMillan,WR,28,15,T3,158,0.0,
player_available,10.0,Zay Flowers,WR,29,16,T3,3,0.9998,
player_available,10.0,Zay Flowers,WR,29,16,T3,18,0.8828,
player_available,10.0,Zay Flowers,WR,29,16,T3,23,0.7628,
player_available,10.0,Zay Flowers,WR,29,16,T3,38,0.1935,
player_available,10.0,Zay Flowers,WR,29,16,T3,43,0.0575,
player_available,10.0,Zay Flowers,WR,29,16,T3,58,0.0005,
player_available,10.0,Zay Flowers,WR,29,16,T3,63,0.0,
player_available,10.0,Zay Flowers,WR,29,16,T3,78,0.0,
player_available,10.0,Zay Flowers,WR,29,16,T3,83,0.0,
player_available,10.0,Zay Flowers,WR,29,16,T3,98,0.0,
player_available,10.0,Zay Flowers,WR,29,16,T3,103,0.0,
player_available,10.0,Zay Flowers,WR,29,16,T3,118,0.0,
player_available,10.0,Zay Flowers,WR,29,16,T3,123,0.0,
player_available,10.0,Zay Flowers,WR,29,16,T3,138,0.0,
player_available,10.0,Zay Flowers,WR,29,16,T3,143,0.0,
player_available,10.0,Zay Flowers,WR,29,16,T3,158,0.0,
player_available,10.0,Kenneth Walker III,RB,30,11,T3,3,0.9995,
player_available,10.0,Kenneth Walker III,RB,30,11,T3,18,0.908,
player_available,10.0,Kenneth Walker III,RB,30,11,T3,23,0.7933,
player_available,10.0,Kenneth Walker III,RB,30,11,T3,38,0.2233,
player_available,10.0,Kenneth Walker III,RB,30,11,T3,43,0.0783,
player_available,10.0,Kenneth Walker III,RB,30,11,T3,58,0.0005,
player_available,10.0,Kenneth Walker III,RB,30,11,T3,63,0.0,
player_available,10.0,Kenneth Walker III,RB,30,11,T3,78,0.0,
player_available,10.0,Kenneth Walker III,RB,30,11,T3,83,0.0,
player_available,10.0,Kenneth Walker III,RB,30,11,T3,98,0.0,
player_available,10.0,Kenneth Walker III,RB,30,11,T3,103,0.0,
player_available,10.0,Kenneth Walker III,RB,30,11,T3,118,0.0,
player_available,10.0,Kenneth Walker III,RB,30,11,T3,123,0.0,
player_available,10.0,Kenneth Walker III,RB,30,11,T3,138,0.0,
player_available,10.0,Kenneth Walker III,RB,30,11,T3,143,0.0,
player_available,10.0,Kenneth Walker III,RB,30,11,T3,158,0.0,
player_available,10.0,Tee Higgins,WR,31,17,T3,3,0.9995,
player_available,10.0,Tee Higgins,WR,31,17,T3,18,0.9133,
player_available,10.0,Tee Higgins,WR,31,17,T3,23,0.812,
player_available,10.0,Tee Higgins,WR,31,17,T3,38,0.2657,
player_available,10.0,Tee Higgins,WR,31,17,T3,43,0.1,
player_available,10.0,Tee Higgins,WR,31,17,T3,58,0.0003,
player_available,10.0,Tee Higgins,WR,31,17,T3,63,0.0,
player_available,10.0,Tee Higgins,WR,31,17,T3,78,0.0,
player_available,10.0,Tee Higgins,WR,31,17,T3,83,0.0,
player_available,10.0,Tee Higgins,WR,31,17,T3,98,0.0,
player_available,10.0,Tee Higgins,WR,31,17,T3,103,0.0,
player_available,10.0,Tee Higgins,WR,31,17,T3,118,0.0,
player_available,10.0,Tee Higgins,WR,31,17,T3,123,0.0,
player_available,10.0,Tee Higgins,WR,31,17,T3,138,0.0,
player_available,10.0,Tee Higgins,WR,31,17,T3,143,0.0,
player_available,10.0,Tee Higgins,WR,31,17,T3,158,0.0,
player_available,10.0,Lamar Jackson,QB,32,2,T1,3,0.9998,
player_available,10.0,Lamar Jackson,QB,32,2,T1,18,0.9343,
player_available,10.0,Lamar Jackson,QB,32,2,T1,23,0.8455,
player_available,10.0,Lamar Jackson,QB,32,2,T1,38,0.2833,
player_available,10.0,Lamar Jackson,QB,32,2,T1,43,0.1398,
player_available,10.0,Lamar Jackson,QB,32,2,T1,58,0.0022,
player_available,10.0,Lamar Jackson,QB,32,2,T1,63,0.0,
player_available,10.0,Lamar Jackson,QB,32,2,T1,78,0.0,
player_available,10.0,Lamar Jackson,QB,32,2,T1,83,0.0,
player_available,10.0,Lamar Jackson,QB,32,2,T1,98,0.0,
player_available,10.0,Lamar Jackson,QB,32,2,T1,103,0.0,
player_available,10.0,Lamar Jackson,QB,32,2,T1,118,0.0,
player_available,10.0,Lamar Jackson,QB,32,2,T1,123,0.0,
player_available,10.0,Lamar Jackson,QB,32,2,T1,138,0.0,
player_available,10.0,Lamar Jackson,QB,32,2,T1,143,0.0,
player_available,10.0,Lamar Jackson,QB,32,2,T1,158,0.0,
player_available,10.0,Drake Maye,QB,33,3,T2,3,0.9995,
player_available,10.0,Drake Maye,QB,33,3,T2,18,0.9393,
player_available,10.0,Drake Maye,QB,33,3,T2,23,0.8618,
player_available,10.0,Drake Maye,QB,33,3,T2,38,0.3382,
player_available,10.0,Drake Maye,QB,33,3,T2,43,0.178,
player_available,10.0,Drake Maye,QB,33,3,T2,58,0.0025,
player_available,10.0,Drake Maye,QB,33,3,T2,63,0.0,
player_available,10.0,Drake Maye,QB,33,3,T2,78,0.0,
player_available,10.0,Drake Maye,QB,33,3,T2,83,0.0,
player_available,10.0,Drake Maye,QB,33,3,T2,98,0.0,
player_available,10.0,Drake Maye,QB,33,3,T2,103,0.0,
player_available,10.0,Drake Maye,QB,33,3,T2,118,0.0,
player_available,10.0,Drake Maye,QB,33,3,T2,123,0.0,
player_available,10.0,Drake Maye,QB,33,3,T2,138,0.0,
player_available,10.0,Drake Maye,QB,33,3,T2,143,0.0,
player_available,10.0,Drake Maye,QB,33,3,T2,158,0.0,
player_available,10.0,Ladd McConkey,WR,34,18,T3,3,1.0,
player_available,10.0,Ladd McConkey,WR,34,18,T3,18,0.9507,
player_available,10.0,Ladd McConkey,WR,34,18,T3,23,0.882,
player_available,10.0,Ladd McConkey,WR,34,18,T3,38,0.3503,
player_available,10.0,Ladd McConkey,WR,34,18,T3,43,0.1842,
player_available,10.0,Ladd McConkey,WR,34,18,T3,58,0.0047,
player_available,10.0,Ladd McConkey,WR,34,18,T3,63,0.0,
player_available,10.0,Ladd McConkey,WR,34,18,T3,78,0.0,
player_available,10.0,Ladd McConkey,WR,34,18,T3,83,0.0,
player_available,10.0,Ladd McConkey,WR,34,18,T3,98,0.0,
player_available,10.0,Ladd McConkey,WR,34,18,T3,103,0.0,
player_available,10.0,Ladd McConkey,WR,34,18,T3,118,0.0,
player_available,10.0,Ladd McConkey,WR,34,18,T3,123,0.0,
player_available,10.0,Ladd McConkey,WR,34,18,T3,138,0.0,
player_available,10.0,Ladd McConkey,WR,34,18,T3,143,0.0,
player_available,10.0,Ladd McConkey,WR,34,18,T3,158,0.0,
player_available,10.0,Jaylen Waddle,WR,35,19,T3,3,1.0,
player_available,10.0,Jaylen Waddle,WR,35,19,T3,18,0.9585,
player_available,10.0,Jaylen Waddle,WR,35,19,T3,23,0.8992,
player_available,10.0,Jaylen Waddle,WR,35,19,T3,38,0.3915,
player_available,10.0,Jaylen Waddle,WR,35,19,T3,43,0.231,
player_available,10.0,Jaylen Waddle,WR,35,19,T3,58,0.01,
player_available,10.0,Jaylen Waddle,WR,35,19,T3,63,0.0003,
player_available,10.0,Jaylen Waddle,WR,35,19,T3,78,0.0,
player_available,10.0,Jaylen Waddle,WR,35,19,T3,83,0.0,
player_available,10.0,Jaylen Waddle,WR,35,19,T3,98,0.0,
player_available,10.0,Jaylen Waddle,WR,35,19,T3,103,0.0,
player_available,10.0,Jaylen Waddle,WR,35,19,T3,118,0.0,
player_available,10.0,Jaylen Waddle,WR,35,19,T3,123,0.0,
player_available,10.0,Jaylen Waddle,WR,35,19,T3,138,0.0,
player_available,10.0,Jaylen Waddle,WR,35,19,T3,143,0.0,
player_available,10.0,Jaylen Waddle,WR,35,19,T3,158,0.0,
player_available,10.0,Emeka Egbuka,WR,36,20,T3,3,1.0,
player_available,10.0,Emeka Egbuka,WR,36,20,T3,18,0.9702,
player_available,10.0,Emeka Egbuka,WR,36,20,T3,23,0.9153,
player_available,10.0,Emeka Egbuka,WR,36,20,T3,38,0.4432,
player_available,10.0,Emeka Egbuka,WR,36,20,T3,43,0.255,
player_available,10.0,Emeka Egbuka,WR,36,20,T3,58,0.0073,
player_available,10.0,Emeka Egbuka,WR,36,20,T3,63,0.0,
player_available,10.0,Emeka Egbuka,WR,36,20,T3,78,0.0,
player_available,10.0,Emeka Egbuka,WR,36,20,T3,83,0.0,
player_available,10.0,Emeka Egbuka,WR,36,20,T3,98,0.0,
player_available,10.0,Emeka Egbuka,WR,36,20,T3,103,0.0,
player_available,10.0,Emeka Egbuka,WR,36,20,T3,118,0.0,
player_available,10.0,Emeka Egbuka,WR,36,20,T3,123,0.0,
player_available,10.0,Emeka Egbuka,WR,36,20,T3,138,0.0,
player_available,10.0,Emeka Egbuka,WR,36,20,T3,143,0.0,
player_available,10.0,Emeka Egbuka,WR,36,20,T3,158,0.0,
player_available,10.0,Colston Loveland,TE,37,3,T2,3,1.0,
player_available,10.0,Colston Loveland,TE,37,3,T2,18,0.978,
player_available,10.0,Colston Loveland,TE,37,3,T2,23,0.9345,
player_available,10.0,Colston Loveland,TE,37,3,T2,38,0.471,
player_available,10.0,Colston Loveland,TE,37,3,T2,43,0.2955,
player_available,10.0,Colston Loveland,TE,37,3,T2,58,0.0155,
player_available,10.0,Colston Loveland,TE,37,3,T2,63,0.0,
player_available,10.0,Colston Loveland,TE,37,3,T2,78,0.0,
player_available,10.0,Colston Loveland,TE,37,3,T2,83,0.0,
player_available,10.0,Colston Loveland,TE,37,3,T2,98,0.0,
player_available,10.0,Colston Loveland,TE,37,3,T2,103,0.0,
player_available,10.0,Colston Loveland,TE,37,3,T2,118,0.0,
player_available,10.0,Colston Loveland,TE,37,3,T2,123,0.0,
player_available,10.0,Colston Loveland,TE,37,3,T2,138,0.0,
player_available,10.0,Colston Loveland,TE,37,3,T2,143,0.0,
player_available,10.0,Colston Loveland,TE,37,3,T2,158,0.0,
player_available,10.0,Derrick Henry,RB,38,12,T3,3,1.0,
player_available,10.0,Derrick Henry,RB,38,12,T3,18,0.979,
player_available,10.0,Derrick Henry,RB,38,12,T3,23,0.9443,
player_available,10.0,Derrick Henry,RB,38,12,T3,38,0.5355,
player_available,10.0,Derrick Henry,RB,38,12,T3,43,0.3595,
player_available,10.0,Derrick Henry,RB,38,12,T3,58,0.0215,
player_available,10.0,Derrick Henry,RB,38,12,T3,63,0.0005,
player_available,10.0,Derrick Henry,RB,38,12,T3,78,0.0,
player_available,10.0,Derrick Henry,RB,38,12,T3,83,0.0,
player_available,10.0,Derrick Henry,RB,38,12,T3,98,0.0,
player_available,10.0,Derrick Henry,RB,38,12,T3,103,0.0,
player_available,10.0,Derrick Henry,RB,38,12,T3,118,0.0,
player_available,10.0,Derrick Henry,RB,38,12,T3,123,0.0,
player_available,10.0,Derrick Henry,RB,38,12,T3,138,0.0,
player_available,10.0,Derrick Henry,RB,38,12,T3,143,0.0,
player_available,10.0,Derrick Henry,RB,38,12,T3,158,0.0,
player_available,10.0,Malik Nabers,WR,39,21,T3,3,0.9998,
player_available,10.0,Malik Nabers,WR,39,21,T3,18,0.9852,
player_available,10.0,Malik Nabers,WR,39,21,T3,23,0.9593,
player_available,10.0,Malik Nabers,WR,39,21,T3,38,0.5657,
player_available,10.0,Malik Nabers,WR,39,21,T3,43,0.3815,
player_available,10.0,Malik Nabers,WR,39,21,T3,58,0.0323,
player_available,10.0,Malik Nabers,WR,39,21,T3,63,0.0005,
player_available,10.0,Malik Nabers,WR,39,21,T3,78,0.0,
player_available,10.0,Malik Nabers,WR,39,21,T3,83,0.0,
player_available,10.0,Malik Nabers,WR,39,21,T3,98,0.0,
player_available,10.0,Malik Nabers,WR,39,21,T3,103,0.0,
player_available,10.0,Malik Nabers,WR,39,21,T3,118,0.0,
player_available,10.0,Malik Nabers,WR,39,21,T3,123,0.0,
player_available,10.0,Malik Nabers,WR,39,21,T3,138,0.0,
player_available,10.0,Malik Nabers,WR,39,21,T3,143,0.0,
player_available,10.0,Malik Nabers,WR,39,21,T3,158,0.0,
player_available,10.0,Breece Hall,RB,40,13,T3,3,1.0,
player_available,10.0,Breece Hall,RB,40,13,T3,18,0.987,
player_available,10.0,Breece Hall,RB,40,13,T3,23,0.9633,
player_available,10.0,Breece Hall,RB,40,13,T3,38,0.588,
player_available,10.0,Breece Hall,RB,40,13,T3,43,0.4052,
player_available,10.0,Breece Hall,RB,40,13,T3,58,0.039,
player_available,10.0,Breece Hall,RB,40,13,T3,63,0.0008,
player_available,10.0,Breece Hall,RB,40,13,T3,78,0.0,
player_available,10.0,Breece Hall,RB,40,13,T3,83,0.0,
player_available,10.0,Breece Hall,RB,40,13,T3,98,0.0,
player_available,10.0,Breece Hall,RB,40,13,T3,103,0.0,
player_available,10.0,Breece Hall,RB,40,13,T3,118,0.0,
player_available,10.0,Breece Hall,RB,40,13,T3,123,0.0,
player_available,10.0,Breece Hall,RB,40,13,T3,138,0.0,
player_available,10.0,Breece Hall,RB,40,13,T3,143,0.0,
player_available,10.0,Breece Hall,RB,40,13,T3,158,0.0,
player_available,10.0,Kyren Williams,RB,41,14,T3,3,1.0,
player_available,10.0,Kyren Williams,RB,41,14,T3,18,0.9918,
player_available,10.0,Kyren Williams,RB,41,14,T3,23,0.975,
player_available,10.0,Kyren Williams,RB,41,14,T3,38,0.645,
player_available,10.0,Kyren Williams,RB,41,14,T3,43,0.4507,
player_available,10.0,Kyren Williams,RB,41,14,T3,58,0.0493,
player_available,10.0,Kyren Williams,RB,41,14,T3,63,0.0027,
player_available,10.0,Kyren Williams,RB,41,14,T3,78,0.0,
player_available,10.0,Kyren Williams,RB,41,14,T3,83,0.0,
player_available,10.0,Kyren Williams,RB,41,14,T3,98,0.0,
player_available,10.0,Kyren Williams,RB,41,14,T3,103,0.0,
player_available,10.0,Kyren Williams,RB,41,14,T3,118,0.0,
player_available,10.0,Kyren Williams,RB,41,14,T3,123,0.0,
player_available,10.0,Kyren Williams,RB,41,14,T3,138,0.0,
player_available,10.0,Kyren Williams,RB,41,14,T3,143,0.0,
player_available,10.0,Kyren Williams,RB,41,14,T3,158,0.0,
player_available,10.0,Terry McLaurin,WR,42,22,T3,3,1.0,
player_available,10.0,Terry McLaurin,WR,42,22,T3,18,0.995,
player_available,10.0,Terry McLaurin,WR,42,22,T3,23,0.9798,
player_available,10.0,Terry McLaurin,WR,42,22,T3,38,0.6827,
player_available,10.0,Terry McLaurin,WR,42,22,T3,43,0.493,
player_available,10.0,Terry McLaurin,WR,42,22,T3,58,0.059,
player_available,10.0,Terry McLaurin,WR,42,22,T3,63,0.0047,
player_available,10.0,Terry McLaurin,WR,42,22,T3,78,0.0,
player_available,10.0,Terry McLaurin,WR,42,22,T3,83,0.0,
player_available,10.0,Terry McLaurin,WR,42,22,T3,98,0.0,
player_available,10.0,Terry McLaurin,WR,42,22,T3,103,0.0,
player_available,10.0,Terry McLaurin,WR,42,22,T3,118,0.0,
player_available,10.0,Terry McLaurin,WR,42,22,T3,123,0.0,
player_available,10.0,Terry McLaurin,WR,42,22,T3,138,0.0,
player_available,10.0,Terry McLaurin,WR,42,22,T3,143,0.0,
player_available,10.0,Terry McLaurin,WR,42,22,T3,158,0.0,
player_available,10.0,Joe Burrow,QB,43,4,T2,3,1.0,
player_available,10.0,Joe Burrow,QB,43,4,T2,18,0.9965,
player_available,10.0,Joe Burrow,QB,43,4,T2,23,0.986,
player_available,10.0,Joe Burrow,QB,43,4,T2,38,0.728,
player_available,10.0,Joe Burrow,QB,43,4,T2,43,0.5667,
player_available,10.0,Joe Burrow,QB,43,4,T2,58,0.0815,
player_available,10.0,Joe Burrow,QB,43,4,T2,63,0.0092,
player_available,10.0,Joe Burrow,QB,43,4,T2,78,0.0,
player_available,10.0,Joe Burrow,QB,43,4,T2,83,0.0,
player_available,10.0,Joe Burrow,QB,43,4,T2,98,0.0,
player_available,10.0,Joe Burrow,QB,43,4,T2,103,0.0,
player_available,10.0,Joe Burrow,QB,43,4,T2,118,0.0,
player_available,10.0,Joe Burrow,QB,43,4,T2,123,0.0,
player_available,10.0,Joe Burrow,QB,43,4,T2,138,0.0,
player_available,10.0,Joe Burrow,QB,43,4,T2,143,0.0,
player_available,10.0,Joe Burrow,QB,43,4,T2,158,0.0,
player_available,10.0,Josh Jacobs,RB,44,15,T3,3,1.0,
player_available,10.0,Josh Jacobs,RB,44,15,T3,18,0.997,
player_available,10.0,Josh Jacobs,RB,44,15,T3,23,0.985,
player_available,10.0,Josh Jacobs,RB,44,15,T3,38,0.741,
player_available,10.0,Josh Jacobs,RB,44,15,T3,43,0.5713,
player_available,10.0,Josh Jacobs,RB,44,15,T3,58,0.0813,
player_available,10.0,Josh Jacobs,RB,44,15,T3,63,0.0075,
player_available,10.0,Josh Jacobs,RB,44,15,T3,78,0.0,
player_available,10.0,Josh Jacobs,RB,44,15,T3,83,0.0,
player_available,10.0,Josh Jacobs,RB,44,15,T3,98,0.0,
player_available,10.0,Josh Jacobs,RB,44,15,T3,103,0.0,
player_available,10.0,Josh Jacobs,RB,44,15,T3,118,0.0,
player_available,10.0,Josh Jacobs,RB,44,15,T3,123,0.0,
player_available,10.0,Josh Jacobs,RB,44,15,T3,138,0.0,
player_available,10.0,Josh Jacobs,RB,44,15,T3,143,0.0,
player_available,10.0,Josh Jacobs,RB,44,15,T3,158,0.0,
player_available,10.0,Luther Burden III,WR,45,23,T3,3,1.0,
player_available,10.0,Luther Burden III,WR,45,23,T3,18,0.9978,
player_available,10.0,Luther Burden III,WR,45,23,T3,23,0.9875,
player_available,10.0,Luther Burden III,WR,45,23,T3,38,0.783,
player_available,10.0,Luther Burden III,WR,45,23,T3,43,0.619,
player_available,10.0,Luther Burden III,WR,45,23,T3,58,0.096,
player_available,10.0,Luther Burden III,WR,45,23,T3,63,0.0085,
player_available,10.0,Luther Burden III,WR,45,23,T3,78,0.0,
player_available,10.0,Luther Burden III,WR,45,23,T3,83,0.0,
player_available,10.0,Luther Burden III,WR,45,23,T3,98,0.0,
player_available,10.0,Luther Burden III,WR,45,23,T3,103,0.0,
player_available,10.0,Luther Burden III,WR,45,23,T3,118,0.0,
player_available,10.0,Luther Burden III,WR,45,23,T3,123,0.0,
player_available,10.0,Luther Burden III,WR,45,23,T3,138,0.0,
player_available,10.0,Luther Burden III,WR,45,23,T3,143,0.0,
player_available,10.0,Luther Burden III,WR,45,23,T3,158,0.0,
player_available,10.0,Javonte Williams,RB,46,16,T3,3,1.0,
player_available,10.0,Javonte Williams,RB,46,16,T3,18,0.9972,
player_available,10.0,Javonte Williams,RB,46,16,T3,23,0.9908,
player_available,10.0,Javonte Williams,RB,46,16,T3,38,0.803,
player_available,10.0,Javonte Williams,RB,46,16,T3,43,0.6485,
player_available,10.0,Javonte Williams,RB,46,16,T3,58,0.1235,
player_available,10.0,Javonte Williams,RB,46,16,T3,63,0.0195,
player_available,10.0,Javonte Williams,RB,46,16,T3,78,0.0,
player_available,10.0,Javonte Williams,RB,46,16,T3,83,0.0,
player_available,10.0,Javonte Williams,RB,46,16,T3,98,0.0,
player_available,10.0,Javonte Williams,RB,46,16,T3,103,0.0,
player_available,10.0,Javonte Williams,RB,46,16,T3,118,0.0,
player_available,10.0,Javonte Williams,RB,46,16,T3,123,0.0,
player_available,10.0,Javonte Williams,RB,46,16,T3,138,0.0,
player_available,10.0,Javonte Williams,RB,46,16,T3,143,0.0,
player_available,10.0,Javonte Williams,RB,46,16,T3,158,0.0,
player_available,10.0,Travis Etienne Jr.,RB,47,17,T3,3,1.0,
player_available,10.0,Travis Etienne Jr.,RB,47,17,T3,18,0.9982,
player_available,10.0,Travis Etienne Jr.,RB,47,17,T3,23,0.9952,
player_available,10.0,Travis Etienne Jr.,RB,47,17,T3,38,0.837,
player_available,10.0,Travis Etienne Jr.,RB,47,17,T3,43,0.686,
player_available,10.0,Travis Etienne Jr.,RB,47,17,T3,58,0.1472,
player_available,10.0,Travis Etienne Jr.,RB,47,17,T3,63,0.0305,
player_available,10.0,Travis Etienne Jr.,RB,47,17,T3,78,0.0,
player_available,10.0,Travis Etienne Jr.,RB,47,17,T3,83,0.0,
player_available,10.0,Travis Etienne Jr.,RB,47,17,T3,98,0.0,
player_available,10.0,Travis Etienne Jr.,RB,47,17,T3,103,0.0,
player_available,10.0,Travis Etienne Jr.,RB,47,17,T3,118,0.0,
player_available,10.0,Travis Etienne Jr.,RB,47,17,T3,123,0.0,
player_available,10.0,Travis Etienne Jr.,RB,47,17,T3,138,0.0,
player_available,10.0,Travis Etienne Jr.,RB,47,17,T3,143,0.0,
player_available,10.0,Travis Etienne Jr.,RB,47,17,T3,158,0.0,
player_available,10.0,Davante Adams,WR,48,24,T3,3,1.0,
player_available,10.0,Davante Adams,WR,48,24,T3,18,0.9988,
player_available,10.0,Davante Adams,WR,48,24,T3,23,0.9942,
player_available,10.0,Davante Adams,WR,48,24,T3,38,0.8595,
player_available,10.0,Davante Adams,WR,48,24,T3,43,0.7345,
player_available,10.0,Davante Adams,WR,48,24,T3,58,0.1757,
player_available,10.0,Davante Adams,WR,48,24,T3,63,0.0382,
player_available,10.0,Davante Adams,WR,48,24,T3,78,0.0,
player_available,10.0,Davante Adams,WR,48,24,T3,83,0.0,
player_available,10.0,Davante Adams,WR,48,24,T3,98,0.0,
player_available,10.0,Davante Adams,WR,48,24,T3,103,0.0,
player_available,10.0,Davante Adams,WR,48,24,T3,118,0.0,
player_available,10.0,Davante Adams,WR,48,24,T3,123,0.0,
player_available,10.0,Davante Adams,WR,48,24,T3,138,0.0,
player_available,10.0,Davante Adams,WR,48,24,T3,143,0.0,
player_available,10.0,Davante Adams,WR,48,24,T3,158,0.0,
player_available,10.0,Mike Evans,WR,49,25,T4,3,1.0,
player_available,10.0,Mike Evans,WR,49,25,T4,18,0.999,
player_available,10.0,Mike Evans,WR,49,25,T4,23,0.9948,
player_available,10.0,Mike Evans,WR,49,25,T4,38,0.8758,
player_available,10.0,Mike Evans,WR,49,25,T4,43,0.7565,
player_available,10.0,Mike Evans,WR,49,25,T4,58,0.194,
player_available,10.0,Mike Evans,WR,49,25,T4,63,0.061,
player_available,10.0,Mike Evans,WR,49,25,T4,78,0.0,
player_available,10.0,Mike Evans,WR,49,25,T4,83,0.0,
player_available,10.0,Mike Evans,WR,49,25,T4,98,0.0,
player_available,10.0,Mike Evans,WR,49,25,T4,103,0.0,
player_available,10.0,Mike Evans,WR,49,25,T4,118,0.0,
player_available,10.0,Mike Evans,WR,49,25,T4,123,0.0,
player_available,10.0,Mike Evans,WR,49,25,T4,138,0.0,
player_available,10.0,Mike Evans,WR,49,25,T4,143,0.0,
player_available,10.0,Mike Evans,WR,49,25,T4,158,0.0,
player_available,10.0,DJ Moore,WR,50,26,T4,3,1.0,
player_available,10.0,DJ Moore,WR,50,26,T4,18,0.9998,
player_available,10.0,DJ Moore,WR,50,26,T4,23,0.998,
player_available,10.0,DJ Moore,WR,50,26,T4,38,0.8965,
player_available,10.0,DJ Moore,WR,50,26,T4,43,0.7855,
player_available,10.0,DJ Moore,WR,50,26,T4,58,0.2372,
player_available,10.0,DJ Moore,WR,50,26,T4,63,0.0808,
player_available,10.0,DJ Moore,WR,50,26,T4,78,0.0003,
player_available,10.0,DJ Moore,WR,50,26,T4,83,0.0,
player_available,10.0,DJ Moore,WR,50,26,T4,98,0.0,
player_available,10.0,DJ Moore,WR,50,26,T4,103,0.0,
player_available,10.0,DJ Moore,WR,50,26,T4,118,0.0,
player_available,10.0,DJ Moore,WR,50,26,T4,123,0.0,
player_available,10.0,DJ Moore,WR,50,26,T4,138,0.0,
player_available,10.0,DJ Moore,WR,50,26,T4,143,0.0,
player_available,10.0,DJ Moore,WR,50,26,T4,158,0.0,
player_available,10.0,Jameson Williams,WR,51,27,T4,3,1.0,
player_available,10.0,Jameson Williams,WR,51,27,T4,18,0.9998,
player_available,10.0,Jameson Williams,WR,51,27,T4,23,0.9975,
player_available,10.0,Jameson Williams,WR,51,27,T4,38,0.9097,
player_available,10.0,Jameson Williams,WR,51,27,T4,43,0.8117,
player_available,10.0,Jameson Williams,WR,51,27,T4,58,0.2465,
player_available,10.0,Jameson Williams,WR,51,27,T4,63,0.1042,
player_available,10.0,Jameson Williams,WR,51,27,T4,78,0.0005,
player_available,10.0,Jameson Williams,WR,51,27,T4,83,0.0,
player_available,10.0,Jameson Williams,WR,51,27,T4,98,0.0,
player_available,10.0,Jameson Williams,WR,51,27,T4,103,0.0,
player_available,10.0,Jameson Williams,WR,51,27,T4,118,0.0,
player_available,10.0,Jameson Williams,WR,51,27,T4,123,0.0,
player_available,10.0,Jameson Williams,WR,51,27,T4,138,0.0,
player_available,10.0,Jameson Williams,WR,51,27,T4,143,0.0,
player_available,10.0,Jameson Williams,WR,51,27,T4,158,0.0,
player_available,10.0,Tyler Warren,TE,52,4,T2,3,1.0,
player_available,10.0,Tyler Warren,TE,52,4,T2,18,0.9992,
player_available,10.0,Tyler Warren,TE,52,4,T2,23,0.9968,
player_available,10.0,Tyler Warren,TE,52,4,T2,38,0.926,
player_available,10.0,Tyler Warren,TE,52,4,T2,43,0.8395,
player_available,10.0,Tyler Warren,TE,52,4,T2,58,0.2833,
player_available,10.0,Tyler Warren,TE,52,4,T2,63,0.1237,
player_available,10.0,Tyler Warren,TE,52,4,T2,78,0.001,
player_available,10.0,Tyler Warren,TE,52,4,T2,83,0.0,
player_available,10.0,Tyler Warren,TE,52,4,T2,98,0.0,
player_available,10.0,Tyler Warren,TE,52,4,T2,103,0.0,
player_available,10.0,Tyler Warren,TE,52,4,T2,118,0.0,
player_available,10.0,Tyler Warren,TE,52,4,T2,123,0.0,
player_available,10.0,Tyler Warren,TE,52,4,T2,138,0.0,
player_available,10.0,Tyler Warren,TE,52,4,T2,143,0.0,
player_available,10.0,Tyler Warren,TE,52,4,T2,158,0.0,
player_available,10.0,Cam Skattebo,RB,53,18,T3,3,1.0,
player_available,10.0,Cam Skattebo,RB,53,18,T3,18,0.9995,
player_available,10.0,Cam Skattebo,RB,53,18,T3,23,0.9985,
player_available,10.0,Cam Skattebo,RB,53,18,T3,38,0.9347,
player_available,10.0,Cam Skattebo,RB,53,18,T3,43,0.868,
player_available,10.0,Cam Skattebo,RB,53,18,T3,58,0.3302,
player_available,10.0,Cam Skattebo,RB,53,18,T3,63,0.168,
player_available,10.0,Cam Skattebo,RB,53,18,T3,78,0.0035,
player_available,10.0,Cam Skattebo,RB,53,18,T3,83,0.0,
player_available,10.0,Cam Skattebo,RB,53,18,T3,98,0.0,
player_available,10.0,Cam Skattebo,RB,53,18,T3,103,0.0,
player_available,10.0,Cam Skattebo,RB,53,18,T3,118,0.0,
player_available,10.0,Cam Skattebo,RB,53,18,T3,123,0.0,
player_available,10.0,Cam Skattebo,RB,53,18,T3,138,0.0,
player_available,10.0,Cam Skattebo,RB,53,18,T3,143,0.0,
player_available,10.0,Cam Skattebo,RB,53,18,T3,158,0.0,
player_available,10.0,Jayden Daniels,QB,54,5,T2,3,1.0,
player_available,10.0,Jayden Daniels,QB,54,5,T2,18,0.9998,
player_available,10.0,Jayden Daniels,QB,54,5,T2,23,0.9995,
player_available,10.0,Jayden Daniels,QB,54,5,T2,38,0.9527,
player_available,10.0,Jayden Daniels,QB,54,5,T2,43,0.8935,
player_available,10.0,Jayden Daniels,QB,54,5,T2,58,0.3922,
player_available,10.0,Jayden Daniels,QB,54,5,T2,63,0.24,
player_available,10.0,Jayden Daniels,QB,54,5,T2,78,0.0173,
player_available,10.0,Jayden Daniels,QB,54,5,T2,83,0.0,
player_available,10.0,Jayden Daniels,QB,54,5,T2,98,0.0,
player_available,10.0,Jayden Daniels,QB,54,5,T2,103,0.0,
player_available,10.0,Jayden Daniels,QB,54,5,T2,118,0.0,
player_available,10.0,Jayden Daniels,QB,54,5,T2,123,0.0,
player_available,10.0,Jayden Daniels,QB,54,5,T2,138,0.0,
player_available,10.0,Jayden Daniels,QB,54,5,T2,143,0.0,
player_available,10.0,Jayden Daniels,QB,54,5,T2,158,0.0,
player_available,10.0,Jalen Hurts,QB,55,6,T2,3,1.0,
player_available,10.0,Jalen Hurts,QB,55,6,T2,18,1.0,
player_available,10.0,Jalen Hurts,QB,55,6,T2,23,0.9992,
player_available,10.0,Jalen Hurts,QB,55,6,T2,38,0.9635,
player_available,10.0,Jalen Hurts,QB,55,6,T2,43,0.9125,
player_available,10.0,Jalen Hurts,QB,55,6,T2,58,0.4365,
player_available,10.0,Jalen Hurts,QB,55,6,T2,63,0.3025,
player_available,10.0,Jalen Hurts,QB,55,6,T2,78,0.024,
player_available,10.0,Jalen Hurts,QB,55,6,T2,83,0.0003,
player_available,10.0,Jalen Hurts,QB,55,6,T2,98,0.0,
player_available,10.0,Jalen Hurts,QB,55,6,T2,103,0.0,
player_available,10.0,Jalen Hurts,QB,55,6,T2,118,0.0,
player_available,10.0,Jalen Hurts,QB,55,6,T2,123,0.0,
player_available,10.0,Jalen Hurts,QB,55,6,T2,138,0.0,
player_available,10.0,Jalen Hurts,QB,55,6,T2,143,0.0,
player_available,10.0,Jalen Hurts,QB,55,6,T2,158,0.0,
player_available,10.0,Bucky Irving,RB,56,19,T3,3,1.0,
player_available,10.0,Bucky Irving,RB,56,19,T3,18,1.0,
player_available,10.0,Bucky Irving,RB,56,19,T3,23,0.9995,
player_available,10.0,Bucky Irving,RB,56,19,T3,38,0.9633,
player_available,10.0,Bucky Irving,RB,56,19,T3,43,0.905,
player_available,10.0,Bucky Irving,RB,56,19,T3,58,0.431,
player_available,10.0,Bucky Irving,RB,56,19,T3,63,0.2605,
player_available,10.0,Bucky Irving,RB,56,19,T3,78,0.0097,
player_available,10.0,Bucky Irving,RB,56,19,T3,83,0.0003,
player_available,10.0,Bucky Irving,RB,56,19,T3,98,0.0,
player_available,10.0,Bucky Irving,RB,56,19,T3,103,0.0,
player_available,10.0,Bucky Irving,RB,56,19,T3,118,0.0,
player_available,10.0,Bucky Irving,RB,56,19,T3,123,0.0,
player_available,10.0,Bucky Irving,RB,56,19,T3,138,0.0,
player_available,10.0,Bucky Irving,RB,56,19,T3,143,0.0,
player_available,10.0,Bucky Irving,RB,56,19,T3,158,0.0,
player_available,10.0,Christian Watson,WR,57,28,T4,3,1.0,
player_available,10.0,Christian Watson,WR,57,28,T4,18,1.0,
player_available,10.0,Christian Watson,WR,57,28,T4,23,0.9998,
player_available,10.0,Christian Watson,WR,57,28,T4,38,0.9705,
player_available,10.0,Christian Watson,WR,57,28,T4,43,0.9353,
player_available,10.0,Christian Watson,WR,57,28,T4,58,0.4685,
player_available,10.0,Christian Watson,WR,57,28,T4,63,0.2785,
player_available,10.0,Christian Watson,WR,57,28,T4,78,0.0132,
player_available,10.0,Christian Watson,WR,57,28,T4,83,0.0003,
player_available,10.0,Christian Watson,WR,57,28,T4,98,0.0,
player_available,10.0,Christian Watson,WR,57,28,T4,103,0.0,
player_available,10.0,Christian Watson,WR,57,28,T4,118,0.0,
player_available,10.0,Christian Watson,WR,57,28,T4,123,0.0,
player_available,10.0,Christian Watson,WR,57,28,T4,138,0.0,
player_available,10.0,Christian Watson,WR,57,28,T4,143,0.0,
player_available,10.0,Christian Watson,WR,57,28,T4,158,0.0,
player_available,10.0,Rome Odunze,WR,58,29,T4,3,1.0,
player_available,10.0,Rome Odunze,WR,58,29,T4,18,1.0,
player_available,10.0,Rome Odunze,WR,58,29,T4,23,1.0,
player_available,10.0,Rome Odunze,WR,58,29,T4,38,0.9795,
player_available,10.0,Rome Odunze,WR,58,29,T4,43,0.9423,
player_available,10.0,Rome Odunze,WR,58,29,T4,58,0.513,
player_available,10.0,Rome Odunze,WR,58,29,T4,63,0.3335,
player_available,10.0,Rome Odunze,WR,58,29,T4,78,0.0195,
player_available,10.0,Rome Odunze,WR,58,29,T4,83,0.0003,
player_available,10.0,Rome Odunze,WR,58,29,T4,98,0.0,
player_available,10.0,Rome Odunze,WR,58,29,T4,103,0.0,
player_available,10.0,Rome Odunze,WR,58,29,T4,118,0.0,
player_available,10.0,Rome Odunze,WR,58,29,T4,123,0.0,
player_available,10.0,Rome Odunze,WR,58,29,T4,138,0.0,
player_available,10.0,Rome Odunze,WR,58,29,T4,143,0.0,
player_available,10.0,Rome Odunze,WR,58,29,T4,158,0.0,
player_available,10.0,Quinshon Judkins,RB,59,20,T3,3,1.0,
player_available,10.0,Quinshon Judkins,RB,59,20,T3,18,1.0,
player_available,10.0,Quinshon Judkins,RB,59,20,T3,23,1.0,
player_available,10.0,Quinshon Judkins,RB,59,20,T3,38,0.985,
player_available,10.0,Quinshon Judkins,RB,59,20,T3,43,0.9537,
player_available,10.0,Quinshon Judkins,RB,59,20,T3,58,0.554,
player_available,10.0,Quinshon Judkins,RB,59,20,T3,63,0.37,
player_available,10.0,Quinshon Judkins,RB,59,20,T3,78,0.0243,
player_available,10.0,Quinshon Judkins,RB,59,20,T3,83,0.0003,
player_available,10.0,Quinshon Judkins,RB,59,20,T3,98,0.0,
player_available,10.0,Quinshon Judkins,RB,59,20,T3,103,0.0,
player_available,10.0,Quinshon Judkins,RB,59,20,T3,118,0.0,
player_available,10.0,Quinshon Judkins,RB,59,20,T3,123,0.0,
player_available,10.0,Quinshon Judkins,RB,59,20,T3,138,0.0,
player_available,10.0,Quinshon Judkins,RB,59,20,T3,143,0.0,
player_available,10.0,Quinshon Judkins,RB,59,20,T3,158,0.0,
player_available,10.0,TreVeyon Henderson,RB,60,21,T4,3,1.0,
player_available,10.0,TreVeyon Henderson,RB,60,21,T4,18,1.0,
player_available,10.0,TreVeyon Henderson,RB,60,21,T4,23,1.0,
player_available,10.0,TreVeyon Henderson,RB,60,21,T4,38,0.989,
player_available,10.0,TreVeyon Henderson,RB,60,21,T4,43,0.961,
player_available,10.0,TreVeyon Henderson,RB,60,21,T4,58,0.5938,
player_available,10.0,TreVeyon Henderson,RB,60,21,T4,63,0.4007,
player_available,10.0,TreVeyon Henderson,RB,60,21,T4,78,0.028,
player_available,10.0,TreVeyon Henderson,RB,60,21,T4,83,0.0013,
player_available,10.0,TreVeyon Henderson,RB,60,21,T4,98,0.0,
player_available,10.0,TreVeyon Henderson,RB,60,21,T4,103,0.0,
player_available,10.0,TreVeyon Henderson,RB,60,21,T4,118,0.0,
player_available,10.0,TreVeyon Henderson,RB,60,21,T4,123,0.0,
player_available,10.0,TreVeyon Henderson,RB,60,21,T4,138,0.0,
player_available,10.0,TreVeyon Henderson,RB,60,21,T4,143,0.0,
player_available,10.0,TreVeyon Henderson,RB,60,21,T4,158,0.0,
player_available,10.0,D'Andre Swift,RB,61,22,T4,3,1.0,
player_available,10.0,D'Andre Swift,RB,61,22,T4,18,1.0,
player_available,10.0,D'Andre Swift,RB,61,22,T4,23,1.0,
player_available,10.0,D'Andre Swift,RB,61,22,T4,38,0.9885,
player_available,10.0,D'Andre Swift,RB,61,22,T4,43,0.9673,
player_available,10.0,D'Andre Swift,RB,61,22,T4,58,0.6408,
player_available,10.0,D'Andre Swift,RB,61,22,T4,63,0.452,
player_available,10.0,D'Andre Swift,RB,61,22,T4,78,0.0418,
player_available,10.0,D'Andre Swift,RB,61,22,T4,83,0.0015,
player_available,10.0,D'Andre Swift,RB,61,22,T4,98,0.0,
player_available,10.0,D'Andre Swift,RB,61,22,T4,103,0.0,
player_available,10.0,D'Andre Swift,RB,61,22,T4,118,0.0,
player_available,10.0,D'Andre Swift,RB,61,22,T4,123,0.0,
player_available,10.0,D'Andre Swift,RB,61,22,T4,138,0.0,
player_available,10.0,D'Andre Swift,RB,61,22,T4,143,0.0,
player_available,10.0,D'Andre Swift,RB,61,22,T4,158,0.0,
player_available,10.0,David Montgomery,RB,62,23,T4,3,1.0,
player_available,10.0,David Montgomery,RB,62,23,T4,18,1.0,
player_available,10.0,David Montgomery,RB,62,23,T4,23,1.0,
player_available,10.0,David Montgomery,RB,62,23,T4,38,0.9935,
player_available,10.0,David Montgomery,RB,62,23,T4,43,0.9745,
player_available,10.0,David Montgomery,RB,62,23,T4,58,0.68,
player_available,10.0,David Montgomery,RB,62,23,T4,63,0.4845,
player_available,10.0,David Montgomery,RB,62,23,T4,78,0.0488,
player_available,10.0,David Montgomery,RB,62,23,T4,83,0.002,
player_available,10.0,David Montgomery,RB,62,23,T4,98,0.0,
player_available,10.0,David Montgomery,RB,62,23,T4,103,0.0,
player_available,10.0,David Montgomery,RB,62,23,T4,118,0.0,
player_available,10.0,David Montgomery,RB,62,23,T4,123,0.0,
player_available,10.0,David Montgomery,RB,62,23,T4,138,0.0,
player_available,10.0,David Montgomery,RB,62,23,T4,143,0.0,
player_available,10.0,David Montgomery,RB,62,23,T4,158,0.0,
player_available,10.0,Marvin Harrison Jr.,WR,63,30,T4,3,1.0,
player_available,10.0,Marvin Harrison Jr.,WR,63,30,T4,18,1.0,
player_available,10.0,Marvin Harrison Jr.,WR,63,30,T4,23,1.0,
player_available,10.0,Marvin Harrison Jr.,WR,63,30,T4,38,0.9948,
player_available,10.0,Marvin Harrison Jr.,WR,63,30,T4,43,0.9818,
player_available,10.0,Marvin Harrison Jr.,WR,63,30,T4,58,0.6865,
player_available,10.0,Marvin Harrison Jr.,WR,63,30,T4,63,0.503,
player_available,10.0,Marvin Harrison Jr.,WR,63,30,T4,78,0.0585,
player_available,10.0,Marvin Harrison Jr.,WR,63,30,T4,83,0.0043,
player_available,10.0,Marvin Harrison Jr.,WR,63,30,T4,98,0.0,
player_available,10.0,Marvin Harrison Jr.,WR,63,30,T4,103,0.0,
player_available,10.0,Marvin Harrison Jr.,WR,63,30,T4,118,0.0,
player_available,10.0,Marvin Harrison Jr.,WR,63,30,T4,123,0.0,
player_available,10.0,Marvin Harrison Jr.,WR,63,30,T4,138,0.0,
player_available,10.0,Marvin Harrison Jr.,WR,63,30,T4,143,0.0,
player_available,10.0,Marvin Harrison Jr.,WR,63,30,T4,158,0.0,
player_available,10.0,Caleb Williams,QB,64,7,T3,3,1.0,
player_available,10.0,Caleb Williams,QB,64,7,T3,18,1.0,
player_available,10.0,Caleb Williams,QB,64,7,T3,23,1.0,
player_available,10.0,Caleb Williams,QB,64,7,T3,38,0.9958,
player_available,10.0,Caleb Williams,QB,64,7,T3,43,0.9868,
player_available,10.0,Caleb Williams,QB,64,7,T3,58,0.7735,
player_available,10.0,Caleb Williams,QB,64,7,T3,63,0.6432,
player_available,10.0,Caleb Williams,QB,64,7,T3,78,0.1965,
player_available,10.0,Caleb Williams,QB,64,7,T3,83,0.0323,
player_available,10.0,Caleb Williams,QB,64,7,T3,98,0.0003,
player_available,10.0,Caleb Williams,QB,64,7,T3,103,0.0,
player_available,10.0,Caleb Williams,QB,64,7,T3,118,0.0,
player_available,10.0,Caleb Williams,QB,64,7,T3,123,0.0,
player_available,10.0,Caleb Williams,QB,64,7,T3,138,0.0,
player_available,10.0,Caleb Williams,QB,64,7,T3,143,0.0,
player_available,10.0,Caleb Williams,QB,64,7,T3,158,0.0,
player_available,10.0,Justin Herbert,QB,65,8,T3,3,1.0,
player_available,10.0,Justin Herbert,QB,65,8,T3,18,1.0,
player_available,10.0,Justin Herbert,QB,65,8,T3,23,1.0,
player_available,10.0,Justin Herbert,QB,65,8,T3,38,0.9972,
player_available,10.0,Justin Herbert,QB,65,8,T3,43,0.9885,
player_available,10.0,Justin Herbert,QB,65,8,T3,58,0.8095,
player_available,10.0,Justin Herbert,QB,65,8,T3,63,0.685,
player_available,10.0,Justin Herbert,QB,65,8,T3,78,0.2045,
player_available,10.0,Justin Herbert,QB,65,8,T3,83,0.0413,
player_available,10.0,Justin Herbert,QB,65,8,T3,98,0.0015,
player_available,10.0,Justin Herbert,QB,65,8,T3,103,0.0005,
player_available,10.0,Justin Herbert,QB,65,8,T3,118,0.0,
player_available,10.0,Justin Herbert,QB,65,8,T3,123,0.0,
player_available,10.0,Justin Herbert,QB,65,8,T3,138,0.0,
player_available,10.0,Justin Herbert,QB,65,8,T3,143,0.0,
player_available,10.0,Justin Herbert,QB,65,8,T3,158,0.0,
player_available,10.0,Bhayshul Tuten,RB,66,24,T4,3,1.0,
player_available,10.0,Bhayshul Tuten,RB,66,24,T4,18,1.0,
player_available,10.0,Bhayshul Tuten,RB,66,24,T4,23,1.0,
player_available,10.0,Bhayshul Tuten,RB,66,24,T4,38,0.9978,
player_available,10.0,Bhayshul Tuten,RB,66,24,T4,43,0.99,
player_available,10.0,Bhayshul Tuten,RB,66,24,T4,58,0.8033,
player_available,10.0,Bhayshul Tuten,RB,66,24,T4,63,0.6415,
player_available,10.0,Bhayshul Tuten,RB,66,24,T4,78,0.102,
player_available,10.0,Bhayshul Tuten,RB,66,24,T4,83,0.025,
player_available,10.0,Bhayshul Tuten,RB,66,24,T4,98,0.0,
player_available,10.0,Bhayshul Tuten,RB,66,24,T4,103,0.0,
player_available,10.0,Bhayshul Tuten,RB,66,24,T4,118,0.0,
player_available,10.0,Bhayshul Tuten,RB,66,24,T4,123,0.0,
player_available,10.0,Bhayshul Tuten,RB,66,24,T4,138,0.0,
player_available,10.0,Bhayshul Tuten,RB,66,24,T4,143,0.0,
player_available,10.0,Bhayshul Tuten,RB,66,24,T4,158,0.0,
player_available,10.0,Tucker Kraft,TE,67,5,T2,3,1.0,
player_available,10.0,Tucker Kraft,TE,67,5,T2,18,1.0,
player_available,10.0,Tucker Kraft,TE,67,5,T2,23,1.0,
player_available,10.0,Tucker Kraft,TE,67,5,T2,38,0.9992,
player_available,10.0,Tucker Kraft,TE,67,5,T2,43,0.9952,
player_available,10.0,Tucker Kraft,TE,67,5,T2,58,0.822,
player_available,10.0,Tucker Kraft,TE,67,5,T2,63,0.6775,
player_available,10.0,Tucker Kraft,TE,67,5,T2,78,0.1217,
player_available,10.0,Tucker Kraft,TE,67,5,T2,83,0.0243,
player_available,10.0,Tucker Kraft,TE,67,5,T2,98,0.0,
player_available,10.0,Tucker Kraft,TE,67,5,T2,103,0.0,
player_available,10.0,Tucker Kraft,TE,67,5,T2,118,0.0,
player_available,10.0,Tucker Kraft,TE,67,5,T2,123,0.0,
player_available,10.0,Tucker Kraft,TE,67,5,T2,138,0.0,
player_available,10.0,Tucker Kraft,TE,67,5,T2,143,0.0,
player_available,10.0,Tucker Kraft,TE,67,5,T2,158,0.0,
player_available,10.0,Jaylen Warren,RB,68,25,T4,3,1.0,
player_available,10.0,Jaylen Warren,RB,68,25,T4,18,1.0,
player_available,10.0,Jaylen Warren,RB,68,25,T4,23,1.0,
player_available,10.0,Jaylen Warren,RB,68,25,T4,38,0.9982,
player_available,10.0,Jaylen Warren,RB,68,25,T4,43,0.9942,
player_available,10.0,Jaylen Warren,RB,68,25,T4,58,0.8505,
player_available,10.0,Jaylen Warren,RB,68,25,T4,63,0.709,
player_available,10.0,Jaylen Warren,RB,68,25,T4,78,0.1557,
player_available,10.0,Jaylen Warren,RB,68,25,T4,83,0.0408,
player_available,10.0,Jaylen Warren,RB,68,25,T4,98,0.0,
player_available,10.0,Jaylen Warren,RB,68,25,T4,103,0.0,
player_available,10.0,Jaylen Warren,RB,68,25,T4,118,0.0,
player_available,10.0,Jaylen Warren,RB,68,25,T4,123,0.0,
player_available,10.0,Jaylen Warren,RB,68,25,T4,138,0.0,
player_available,10.0,Jaylen Warren,RB,68,25,T4,143,0.0,
player_available,10.0,Jaylen Warren,RB,68,25,T4,158,0.0,
player_available,10.0,Harold Fannin Jr.,TE,69,6,T3,3,1.0,
player_available,10.0,Harold Fannin Jr.,TE,69,6,T3,18,1.0,
player_available,10.0,Harold Fannin Jr.,TE,69,6,T3,23,1.0,
player_available,10.0,Harold Fannin Jr.,TE,69,6,T3,38,0.999,
player_available,10.0,Harold Fannin Jr.,TE,69,6,T3,43,0.996,
player_available,10.0,Harold Fannin Jr.,TE,69,6,T3,58,0.874,
player_available,10.0,Harold Fannin Jr.,TE,69,6,T3,63,0.7378,
player_available,10.0,Harold Fannin Jr.,TE,69,6,T3,78,0.1713,
player_available,10.0,Harold Fannin Jr.,TE,69,6,T3,83,0.0485,
player_available,10.0,Harold Fannin Jr.,TE,69,6,T3,98,0.0,
player_available,10.0,Harold Fannin Jr.,TE,69,6,T3,103,0.0,
player_available,10.0,Harold Fannin Jr.,TE,69,6,T3,118,0.0,
player_available,10.0,Harold Fannin Jr.,TE,69,6,T3,123,0.0,
player_available,10.0,Harold Fannin Jr.,TE,69,6,T3,138,0.0,
player_available,10.0,Harold Fannin Jr.,TE,69,6,T3,143,0.0,
player_available,10.0,Harold Fannin Jr.,TE,69,6,T3,158,0.0,
player_available,10.0,DK Metcalf,WR,70,31,T4,3,1.0,
player_available,10.0,DK Metcalf,WR,70,31,T4,18,1.0,
player_available,10.0,DK Metcalf,WR,70,31,T4,23,1.0,
player_available,10.0,DK Metcalf,WR,70,31,T4,38,1.0,
player_available,10.0,DK Metcalf,WR,70,31,T4,43,0.997,
player_available,10.0,DK Metcalf,WR,70,31,T4,58,0.893,
player_available,10.0,DK Metcalf,WR,70,31,T4,63,0.7772,
player_available,10.0,DK Metcalf,WR,70,31,T4,78,0.2032,
player_available,10.0,DK Metcalf,WR,70,31,T4,83,0.071,
player_available,10.0,DK Metcalf,WR,70,31,T4,98,0.0,
player_available,10.0,DK Metcalf,WR,70,31,T4,103,0.0,
player_available,10.0,DK Metcalf,WR,70,31,T4,118,0.0,
player_available,10.0,DK Metcalf,WR,70,31,T4,123,0.0,
player_available,10.0,DK Metcalf,WR,70,31,T4,138,0.0,
player_available,10.0,DK Metcalf,WR,70,31,T4,143,0.0,
player_available,10.0,DK Metcalf,WR,70,31,T4,158,0.0,
player_available,10.0,Alec Pierce,WR,71,32,T4,3,1.0,
player_available,10.0,Alec Pierce,WR,71,32,T4,18,1.0,
player_available,10.0,Alec Pierce,WR,71,32,T4,23,1.0,
player_available,10.0,Alec Pierce,WR,71,32,T4,38,0.9995,
player_available,10.0,Alec Pierce,WR,71,32,T4,43,0.9972,
player_available,10.0,Alec Pierce,WR,71,32,T4,58,0.9135,
player_available,10.0,Alec Pierce,WR,71,32,T4,63,0.8075,
player_available,10.0,Alec Pierce,WR,71,32,T4,78,0.2395,
player_available,10.0,Alec Pierce,WR,71,32,T4,83,0.0963,
player_available,10.0,Alec Pierce,WR,71,32,T4,98,0.0013,
player_available,10.0,Alec Pierce,WR,71,32,T4,103,0.0,
player_available,10.0,Alec Pierce,WR,71,32,T4,118,0.0,
player_available,10.0,Alec Pierce,WR,71,32,T4,123,0.0,
player_available,10.0,Alec Pierce,WR,71,32,T4,138,0.0,
player_available,10.0,Alec Pierce,WR,71,32,T4,143,0.0,
player_available,10.0,Alec Pierce,WR,71,32,T4,158,0.0,
player_available,10.0,Courtland Sutton,WR,72,33,T4,3,1.0,
player_available,10.0,Courtland Sutton,WR,72,33,T4,18,1.0,
player_available,10.0,Courtland Sutton,WR,72,33,T4,23,1.0,
player_available,10.0,Courtland Sutton,WR,72,33,T4,38,0.9995,
player_available,10.0,Courtland Sutton,WR,72,33,T4,43,0.9975,
player_available,10.0,Courtland Sutton,WR,72,33,T4,58,0.9163,
player_available,10.0,Courtland Sutton,WR,72,33,T4,63,0.817,
player_available,10.0,Courtland Sutton,WR,72,33,T4,78,0.2532,
player_available,10.0,Courtland Sutton,WR,72,33,T4,83,0.1123,
player_available,10.0,Courtland Sutton,WR,72,33,T4,98,0.0005,
player_available,10.0,Courtland Sutton,WR,72,33,T4,103,0.0,
player_available,10.0,Courtland Sutton,WR,72,33,T4,118,0.0,
player_available,10.0,Courtland Sutton,WR,72,33,T4,123,0.0,
player_available,10.0,Courtland Sutton,WR,72,33,T4,138,0.0,
player_available,10.0,Courtland Sutton,WR,72,33,T4,143,0.0,
player_available,10.0,Courtland Sutton,WR,72,33,T4,158,0.0,
player_available,10.0,Trevor Lawrence,QB,73,9,T3,3,1.0,
player_available,10.0,Trevor Lawrence,QB,73,9,T3,18,1.0,
player_available,10.0,Trevor Lawrence,QB,73,9,T3,23,1.0,
player_available,10.0,Trevor Lawrence,QB,73,9,T3,38,1.0,
player_available,10.0,Trevor Lawrence,QB,73,9,T3,43,0.999,
player_available,10.0,Trevor Lawrence,QB,73,9,T3,58,0.9525,
player_available,10.0,Trevor Lawrence,QB,73,9,T3,63,0.9,
player_available,10.0,Trevor Lawrence,QB,73,9,T3,78,0.511,
player_available,10.0,Trevor Lawrence,QB,73,9,T3,83,0.3465,
player_available,10.0,Trevor Lawrence,QB,73,9,T3,98,0.0638,
player_available,10.0,Trevor Lawrence,QB,73,9,T3,103,0.0013,
player_available,10.0,Trevor Lawrence,QB,73,9,T3,118,0.0,
player_available,10.0,Trevor Lawrence,QB,73,9,T3,123,0.0,
player_available,10.0,Trevor Lawrence,QB,73,9,T3,138,0.0,
player_available,10.0,Trevor Lawrence,QB,73,9,T3,143,0.0,
player_available,10.0,Trevor Lawrence,QB,73,9,T3,158,0.0,
player_available,10.0,Brian Thomas Jr.,WR,74,34,T4,3,1.0,
player_available,10.0,Brian Thomas Jr.,WR,74,34,T4,18,1.0,
player_available,10.0,Brian Thomas Jr.,WR,74,34,T4,23,1.0,
player_available,10.0,Brian Thomas Jr.,WR,74,34,T4,38,1.0,
player_available,10.0,Brian Thomas Jr.,WR,74,34,T4,43,0.9992,
player_available,10.0,Brian Thomas Jr.,WR,74,34,T4,58,0.9487,
player_available,10.0,Brian Thomas Jr.,WR,74,34,T4,63,0.8672,
player_available,10.0,Brian Thomas Jr.,WR,74,34,T4,78,0.309,
player_available,10.0,Brian Thomas Jr.,WR,74,34,T4,83,0.159,
player_available,10.0,Brian Thomas Jr.,WR,74,34,T4,98,0.0015,
player_available,10.0,Brian Thomas Jr.,WR,74,34,T4,103,0.0,
player_available,10.0,Brian Thomas Jr.,WR,74,34,T4,118,0.0,
player_available,10.0,Brian Thomas Jr.,WR,74,34,T4,123,0.0,
player_available,10.0,Brian Thomas Jr.,WR,74,34,T4,138,0.0,
player_available,10.0,Brian Thomas Jr.,WR,74,34,T4,143,0.0,
player_available,10.0,Brian Thomas Jr.,WR,74,34,T4,158,0.0,
player_available,10.0,Dak Prescott,QB,75,10,T3,3,1.0,
player_available,10.0,Dak Prescott,QB,75,10,T3,18,1.0,
player_available,10.0,Dak Prescott,QB,75,10,T3,23,1.0,
player_available,10.0,Dak Prescott,QB,75,10,T3,38,1.0,
player_available,10.0,Dak Prescott,QB,75,10,T3,43,1.0,
player_available,10.0,Dak Prescott,QB,75,10,T3,58,0.966,
player_available,10.0,Dak Prescott,QB,75,10,T3,63,0.926,
player_available,10.0,Dak Prescott,QB,75,10,T3,78,0.593,
player_available,10.0,Dak Prescott,QB,75,10,T3,83,0.4502,
player_available,10.0,Dak Prescott,QB,75,10,T3,98,0.1403,
player_available,10.0,Dak Prescott,QB,75,10,T3,103,0.011,
player_available,10.0,Dak Prescott,QB,75,10,T3,118,0.0005,
player_available,10.0,Dak Prescott,QB,75,10,T3,123,0.0003,
player_available,10.0,Dak Prescott,QB,75,10,T3,138,0.0,
player_available,10.0,Dak Prescott,QB,75,10,T3,143,0.0,
player_available,10.0,Dak Prescott,QB,75,10,T3,158,0.0,
player_available,10.0,Kyle Pitts Sr.,TE,76,7,T3,3,1.0,
player_available,10.0,Kyle Pitts Sr.,TE,76,7,T3,18,1.0,
player_available,10.0,Kyle Pitts Sr.,TE,76,7,T3,23,1.0,
player_available,10.0,Kyle Pitts Sr.,TE,76,7,T3,38,0.9995,
player_available,10.0,Kyle Pitts Sr.,TE,76,7,T3,43,0.9995,
player_available,10.0,Kyle Pitts Sr.,TE,76,7,T3,58,0.9657,
player_available,10.0,Kyle Pitts Sr.,TE,76,7,T3,63,0.9038,
player_available,10.0,Kyle Pitts Sr.,TE,76,7,T3,78,0.3887,
player_available,10.0,Kyle Pitts Sr.,TE,76,7,T3,83,0.2067,
player_available,10.0,Kyle Pitts Sr.,TE,76,7,T3,98,0.0043,
player_available,10.0,Kyle Pitts Sr.,TE,76,7,T3,103,0.0003,
player_available,10.0,Kyle Pitts Sr.,TE,76,7,T3,118,0.0,
player_available,10.0,Kyle Pitts Sr.,TE,76,7,T3,123,0.0,
player_available,10.0,Kyle Pitts Sr.,TE,76,7,T3,138,0.0,
player_available,10.0,Kyle Pitts Sr.,TE,76,7,T3,143,0.0,
player_available,10.0,Kyle Pitts Sr.,TE,76,7,T3,158,0.0,
player_available,10.0,Chris Godwin Jr.,WR,77,35,T4,3,1.0,
player_available,10.0,Chris Godwin Jr.,WR,77,35,T4,18,1.0,
player_available,10.0,Chris Godwin Jr.,WR,77,35,T4,23,1.0,
player_available,10.0,Chris Godwin Jr.,WR,77,35,T4,38,1.0,
player_available,10.0,Chris Godwin Jr.,WR,77,35,T4,43,0.9998,
player_available,10.0,Chris Godwin Jr.,WR,77,35,T4,58,0.9702,
player_available,10.0,Chris Godwin Jr.,WR,77,35,T4,63,0.9187,
player_available,10.0,Chris Godwin Jr.,WR,77,35,T4,78,0.4285,
player_available,10.0,Chris Godwin Jr.,WR,77,35,T4,83,0.2637,
player_available,10.0,Chris Godwin Jr.,WR,77,35,T4,98,0.008,
player_available,10.0,Chris Godwin Jr.,WR,77,35,T4,103,0.0005,
player_available,10.0,Chris Godwin Jr.,WR,77,35,T4,118,0.0,
player_available,10.0,Chris Godwin Jr.,WR,77,35,T4,123,0.0,
player_available,10.0,Chris Godwin Jr.,WR,77,35,T4,138,0.0,
player_available,10.0,Chris Godwin Jr.,WR,77,35,T4,143,0.0,
player_available,10.0,Chris Godwin Jr.,WR,77,35,T4,158,0.0,
player_available,10.0,Tony Pollard,RB,78,26,T4,3,1.0,
player_available,10.0,Tony Pollard,RB,78,26,T4,18,1.0,
player_available,10.0,Tony Pollard,RB,78,26,T4,23,1.0,
player_available,10.0,Tony Pollard,RB,78,26,T4,38,1.0,
player_available,10.0,Tony Pollard,RB,78,26,T4,43,1.0,
player_available,10.0,Tony Pollard,RB,78,26,T4,58,0.981,
player_available,10.0,Tony Pollard,RB,78,26,T4,63,0.942,
player_available,10.0,Tony Pollard,RB,78,26,T4,78,0.5022,
player_available,10.0,Tony Pollard,RB,78,26,T4,83,0.3113,
player_available,10.0,Tony Pollard,RB,78,26,T4,98,0.0088,
player_available,10.0,Tony Pollard,RB,78,26,T4,103,0.001,
player_available,10.0,Tony Pollard,RB,78,26,T4,118,0.0,
player_available,10.0,Tony Pollard,RB,78,26,T4,123,0.0,
player_available,10.0,Tony Pollard,RB,78,26,T4,138,0.0,
player_available,10.0,Tony Pollard,RB,78,26,T4,143,0.0,
player_available,10.0,Tony Pollard,RB,78,26,T4,158,0.0,
player_available,10.0,Rhamondre Stevenson,RB,79,27,T4,3,1.0,
player_available,10.0,Rhamondre Stevenson,RB,79,27,T4,18,1.0,
player_available,10.0,Rhamondre Stevenson,RB,79,27,T4,23,1.0,
player_available,10.0,Rhamondre Stevenson,RB,79,27,T4,38,1.0,
player_available,10.0,Rhamondre Stevenson,RB,79,27,T4,43,0.9998,
player_available,10.0,Rhamondre Stevenson,RB,79,27,T4,58,0.9815,
player_available,10.0,Rhamondre Stevenson,RB,79,27,T4,63,0.9523,
player_available,10.0,Rhamondre Stevenson,RB,79,27,T4,78,0.5317,
player_available,10.0,Rhamondre Stevenson,RB,79,27,T4,83,0.3478,
player_available,10.0,Rhamondre Stevenson,RB,79,27,T4,98,0.015,
player_available,10.0,Rhamondre Stevenson,RB,79,27,T4,103,0.0008,
player_available,10.0,Rhamondre Stevenson,RB,79,27,T4,118,0.0,
player_available,10.0,Rhamondre Stevenson,RB,79,27,T4,123,0.0,
player_available,10.0,Rhamondre Stevenson,RB,79,27,T4,138,0.0,
player_available,10.0,Rhamondre Stevenson,RB,79,27,T4,143,0.0,
player_available,10.0,Rhamondre Stevenson,RB,79,27,T4,158,0.0,
player_available,10.0,Chuba Hubbard,RB,80,28,T4,3,1.0,
player_available,10.0,Chuba Hubbard,RB,80,28,T4,18,1.0,
player_available,10.0,Chuba Hubbard,RB,80,28,T4,23,1.0,
player_available,10.0,Chuba Hubbard,RB,80,28,T4,38,1.0,
player_available,10.0,Chuba Hubbard,RB,80,28,T4,43,1.0,
player_available,10.0,Chuba Hubbard,RB,80,28,T4,58,0.985,
player_available,10.0,Chuba Hubbard,RB,80,28,T4,63,0.955,
player_available,10.0,Chuba Hubbard,RB,80,28,T4,78,0.562,
player_available,10.0,Chuba Hubbard,RB,80,28,T4,83,0.372,
player_available,10.0,Chuba Hubbard,RB,80,28,T4,98,0.016,
player_available,10.0,Chuba Hubbard,RB,80,28,T4,103,0.001,
player_available,10.0,Chuba Hubbard,RB,80,28,T4,118,0.0,
player_available,10.0,Chuba Hubbard,RB,80,28,T4,123,0.0,
player_available,10.0,Chuba Hubbard,RB,80,28,T4,138,0.0,
player_available,10.0,Chuba Hubbard,RB,80,28,T4,143,0.0,
player_available,10.0,Chuba Hubbard,RB,80,28,T4,158,0.0,
tier_available,10.0,,QB,,,T1,3,1.0,P(>=1 of QB T1 on board)
tier_available,10.0,,QB,,,T1,18,0.9915,P(>=1 of QB T1 on board)
tier_available,10.0,,QB,,,T1,23,0.9517,P(>=1 of QB T1 on board)
tier_available,10.0,,QB,,,T1,38,0.3658,P(>=1 of QB T1 on board)
tier_available,10.0,,QB,,,T1,43,0.1568,P(>=1 of QB T1 on board)
tier_available,10.0,,QB,,,T1,58,0.0022,P(>=1 of QB T1 on board)
tier_available,10.0,,QB,,,T1,63,0.0,P(>=1 of QB T1 on board)
tier_available,10.0,,QB,,,T1,78,0.0,P(>=1 of QB T1 on board)
tier_available,10.0,,QB,,,T1,83,0.0,P(>=1 of QB T1 on board)
tier_available,10.0,,QB,,,T1,98,0.0,P(>=1 of QB T1 on board)
tier_available,10.0,,QB,,,T1,103,0.0,P(>=1 of QB T1 on board)
tier_available,10.0,,QB,,,T1,118,0.0,P(>=1 of QB T1 on board)
tier_available,10.0,,QB,,,T1,123,0.0,P(>=1 of QB T1 on board)
tier_available,10.0,,QB,,,T1,138,0.0,P(>=1 of QB T1 on board)
tier_available,10.0,,QB,,,T1,143,0.0,P(>=1 of QB T1 on board)
tier_available,10.0,,QB,,,T1,158,0.0,P(>=1 of QB T1 on board)
tier_available,10.0,,QB,,,T2,3,1.0,P(>=1 of QB T2 on board)
tier_available,10.0,,QB,,,T2,18,1.0,P(>=1 of QB T2 on board)
tier_available,10.0,,QB,,,T2,23,1.0,P(>=1 of QB T2 on board)
tier_available,10.0,,QB,,,T2,38,0.9998,P(>=1 of QB T2 on board)
tier_available,10.0,,QB,,,T2,43,0.9985,P(>=1 of QB T2 on board)
tier_available,10.0,,QB,,,T2,58,0.7123,P(>=1 of QB T2 on board)
tier_available,10.0,,QB,,,T2,63,0.4845,P(>=1 of QB T2 on board)
tier_available,10.0,,QB,,,T2,78,0.0408,P(>=1 of QB T2 on board)
tier_available,10.0,,QB,,,T2,83,0.0003,P(>=1 of QB T2 on board)
tier_available,10.0,,QB,,,T2,98,0.0,P(>=1 of QB T2 on board)
tier_available,10.0,,QB,,,T2,103,0.0,P(>=1 of QB T2 on board)
tier_available,10.0,,QB,,,T2,118,0.0,P(>=1 of QB T2 on board)
tier_available,10.0,,QB,,,T2,123,0.0,P(>=1 of QB T2 on board)
tier_available,10.0,,QB,,,T2,138,0.0,P(>=1 of QB T2 on board)
tier_available,10.0,,QB,,,T2,143,0.0,P(>=1 of QB T2 on board)
tier_available,10.0,,QB,,,T2,158,0.0,P(>=1 of QB T2 on board)
tier_available,10.0,,QB,,,T3,3,1.0,P(>=1 of QB T3 on board)
tier_available,10.0,,QB,,,T3,18,1.0,P(>=1 of QB T3 on board)
tier_available,10.0,,QB,,,T3,23,1.0,P(>=1 of QB T3 on board)
tier_available,10.0,,QB,,,T3,38,1.0,P(>=1 of QB T3 on board)
tier_available,10.0,,QB,,,T3,43,1.0,P(>=1 of QB T3 on board)
tier_available,10.0,,QB,,,T3,58,1.0,P(>=1 of QB T3 on board)
tier_available,10.0,,QB,,,T3,63,1.0,P(>=1 of QB T3 on board)
tier_available,10.0,,QB,,,T3,78,1.0,P(>=1 of QB T3 on board)
tier_available,10.0,,QB,,,T3,83,0.9992,P(>=1 of QB T3 on board)
tier_available,10.0,,QB,,,T3,98,0.962,P(>=1 of QB T3 on board)
tier_available,10.0,,QB,,,T3,103,0.6805,P(>=1 of QB T3 on board)
tier_available,10.0,,QB,,,T3,118,0.044,P(>=1 of QB T3 on board)
tier_available,10.0,,QB,,,T3,123,0.0112,P(>=1 of QB T3 on board)
tier_available,10.0,,QB,,,T3,138,0.0008,P(>=1 of QB T3 on board)
tier_available,10.0,,QB,,,T3,143,0.0003,P(>=1 of QB T3 on board)
tier_available,10.0,,QB,,,T3,158,0.0,P(>=1 of QB T3 on board)
tier_available,10.0,,QB,,,T4,3,1.0,P(>=1 of QB T4 on board)
tier_available,10.0,,QB,,,T4,18,1.0,P(>=1 of QB T4 on board)
tier_available,10.0,,QB,,,T4,23,1.0,P(>=1 of QB T4 on board)
tier_available,10.0,,QB,,,T4,38,1.0,P(>=1 of QB T4 on board)
tier_available,10.0,,QB,,,T4,43,1.0,P(>=1 of QB T4 on board)
tier_available,10.0,,QB,,,T4,58,1.0,P(>=1 of QB T4 on board)
tier_available,10.0,,QB,,,T4,63,1.0,P(>=1 of QB T4 on board)
tier_available,10.0,,QB,,,T4,78,1.0,P(>=1 of QB T4 on board)
tier_available,10.0,,QB,,,T4,83,1.0,P(>=1 of QB T4 on board)
tier_available,10.0,,QB,,,T4,98,1.0,P(>=1 of QB T4 on board)
tier_available,10.0,,QB,,,T4,103,1.0,P(>=1 of QB T4 on board)
tier_available,10.0,,QB,,,T4,118,1.0,P(>=1 of QB T4 on board)
tier_available,10.0,,QB,,,T4,123,0.9982,P(>=1 of QB T4 on board)
tier_available,10.0,,QB,,,T4,138,0.5095,P(>=1 of QB T4 on board)
tier_available,10.0,,QB,,,T4,143,0.3565,P(>=1 of QB T4 on board)
tier_available,10.0,,QB,,,T4,158,0.0,P(>=1 of QB T4 on board)
tier_available,10.0,,RB,,,T1,3,1.0,P(>=1 of RB T1 on board)
tier_available,10.0,,RB,,,T1,18,0.4502,P(>=1 of RB T1 on board)
tier_available,10.0,,RB,,,T1,23,0.1085,P(>=1 of RB T1 on board)
tier_available,10.0,,RB,,,T1,38,0.001,P(>=1 of RB T1 on board)
tier_available,10.0,,RB,,,T1,43,0.0,P(>=1 of RB T1 on board)
tier_available,10.0,,RB,,,T1,58,0.0,P(>=1 of RB T1 on board)
tier_available,10.0,,RB,,,T1,63,0.0,P(>=1 of RB T1 on board)
tier_available,10.0,,RB,,,T1,78,0.0,P(>=1 of RB T1 on board)
tier_available,10.0,,RB,,,T1,83,0.0,P(>=1 of RB T1 on board)
tier_available,10.0,,RB,,,T1,98,0.0,P(>=1 of RB T1 on board)
tier_available,10.0,,RB,,,T1,103,0.0,P(>=1 of RB T1 on board)
tier_available,10.0,,RB,,,T1,118,0.0,P(>=1 of RB T1 on board)
tier_available,10.0,,RB,,,T1,123,0.0,P(>=1 of RB T1 on board)
tier_available,10.0,,RB,,,T1,138,0.0,P(>=1 of RB T1 on board)
tier_available,10.0,,RB,,,T1,143,0.0,P(>=1 of RB T1 on board)
tier_available,10.0,,RB,,,T1,158,0.0,P(>=1 of RB T1 on board)
tier_available,10.0,,RB,,,T2,3,1.0,P(>=1 of RB T2 on board)
tier_available,10.0,,RB,,,T2,18,0.9992,P(>=1 of RB T2 on board)
tier_available,10.0,,RB,,,T2,23,0.9788,P(>=1 of RB T2 on board)
tier_available,10.0,,RB,,,T2,38,0.2547,P(>=1 of RB T2 on board)
tier_available,10.0,,RB,,,T2,43,0.031,P(>=1 of RB T2 on board)
tier_available,10.0,,RB,,,T2,58,0.0,P(>=1 of RB T2 on board)
tier_available,10.0,,RB,,,T2,63,0.0,P(>=1 of RB T2 on board)
tier_available,10.0,,RB,,,T2,78,0.0,P(>=1 of RB T2 on board)
tier_available,10.0,,RB,,,T2,83,0.0,P(>=1 of RB T2 on board)
tier_available,10.0,,RB,,,T2,98,0.0,P(>=1 of RB T2 on board)
tier_available,10.0,,RB,,,T2,103,0.0,P(>=1 of RB T2 on board)
tier_available,10.0,,RB,,,T2,118,0.0,P(>=1 of RB T2 on board)
tier_available,10.0,,RB,,,T2,123,0.0,P(>=1 of RB T2 on board)
tier_available,10.0,,RB,,,T2,138,0.0,P(>=1 of RB T2 on board)
tier_available,10.0,,RB,,,T2,143,0.0,P(>=1 of RB T2 on board)
tier_available,10.0,,RB,,,T2,158,0.0,P(>=1 of RB T2 on board)
tier_available,10.0,,RB,,,T3,3,1.0,P(>=1 of RB T3 on board)
tier_available,10.0,,RB,,,T3,18,1.0,P(>=1 of RB T3 on board)
tier_available,10.0,,RB,,,T3,23,1.0,P(>=1 of RB T3 on board)
tier_available,10.0,,RB,,,T3,38,1.0,P(>=1 of RB T3 on board)
tier_available,10.0,,RB,,,T3,43,1.0,P(>=1 of RB T3 on board)
tier_available,10.0,,RB,,,T3,58,0.9195,P(>=1 of RB T3 on board)
tier_available,10.0,,RB,,,T3,63,0.6605,P(>=1 of RB T3 on board)
tier_available,10.0,,RB,,,T3,78,0.0372,P(>=1 of RB T3 on board)
tier_available,10.0,,RB,,,T3,83,0.0005,P(>=1 of RB T3 on board)
tier_available,10.0,,RB,,,T3,98,0.0,P(>=1 of RB T3 on board)
tier_available,10.0,,RB,,,T3,103,0.0,P(>=1 of RB T3 on board)
tier_available,10.0,,RB,,,T3,118,0.0,P(>=1 of RB T3 on board)
tier_available,10.0,,RB,,,T3,123,0.0,P(>=1 of RB T3 on board)
tier_available,10.0,,RB,,,T3,138,0.0,P(>=1 of RB T3 on board)
tier_available,10.0,,RB,,,T3,143,0.0,P(>=1 of RB T3 on board)
tier_available,10.0,,RB,,,T3,158,0.0,P(>=1 of RB T3 on board)
tier_available,10.0,,RB,,,T4,3,1.0,P(>=1 of RB T4 on board)
tier_available,10.0,,RB,,,T4,18,1.0,P(>=1 of RB T4 on board)
tier_available,10.0,,RB,,,T4,23,1.0,P(>=1 of RB T4 on board)
tier_available,10.0,,RB,,,T4,38,1.0,P(>=1 of RB T4 on board)
tier_available,10.0,,RB,,,T4,43,1.0,P(>=1 of RB T4 on board)
tier_available,10.0,,RB,,,T4,58,1.0,P(>=1 of RB T4 on board)
tier_available,10.0,,RB,,,T4,63,1.0,P(>=1 of RB T4 on board)
tier_available,10.0,,RB,,,T4,78,1.0,P(>=1 of RB T4 on board)
tier_available,10.0,,RB,,,T4,83,1.0,P(>=1 of RB T4 on board)
tier_available,10.0,,RB,,,T4,98,0.998,P(>=1 of RB T4 on board)
tier_available,10.0,,RB,,,T4,103,0.9603,P(>=1 of RB T4 on board)
tier_available,10.0,,RB,,,T4,118,0.3553,P(>=1 of RB T4 on board)
tier_available,10.0,,RB,,,T4,123,0.0655,P(>=1 of RB T4 on board)
tier_available,10.0,,RB,,,T4,138,0.0003,P(>=1 of RB T4 on board)
tier_available,10.0,,RB,,,T4,143,0.0,P(>=1 of RB T4 on board)
tier_available,10.0,,RB,,,T4,158,0.0,P(>=1 of RB T4 on board)
tier_available,10.0,,WR,,,T1,3,1.0,P(>=1 of WR T1 on board)
tier_available,10.0,,WR,,,T1,18,0.398,P(>=1 of WR T1 on board)
tier_available,10.0,,WR,,,T1,23,0.049,P(>=1 of WR T1 on board)
tier_available,10.0,,WR,,,T1,38,0.0,P(>=1 of WR T1 on board)
tier_available,10.0,,WR,,,T1,43,0.0,P(>=1 of WR T1 on board)
tier_available,10.0,,WR,,,T1,58,0.0,P(>=1 of WR T1 on board)
tier_available,10.0,,WR,,,T1,63,0.0,P(>=1 of WR T1 on board)
tier_available,10.0,,WR,,,T1,78,0.0,P(>=1 of WR T1 on board)
tier_available,10.0,,WR,,,T1,83,0.0,P(>=1 of WR T1 on board)
tier_available,10.0,,WR,,,T1,98,0.0,P(>=1 of WR T1 on board)
tier_available,10.0,,WR,,,T1,103,0.0,P(>=1 of WR T1 on board)
tier_available,10.0,,WR,,,T1,118,0.0,P(>=1 of WR T1 on board)
tier_available,10.0,,WR,,,T1,123,0.0,P(>=1 of WR T1 on board)
tier_available,10.0,,WR,,,T1,138,0.0,P(>=1 of WR T1 on board)
tier_available,10.0,,WR,,,T1,143,0.0,P(>=1 of WR T1 on board)
tier_available,10.0,,WR,,,T1,158,0.0,P(>=1 of WR T1 on board)
tier_available,10.0,,WR,,,T2,3,1.0,P(>=1 of WR T2 on board)
tier_available,10.0,,WR,,,T2,18,0.9922,P(>=1 of WR T2 on board)
tier_available,10.0,,WR,,,T2,23,0.8935,P(>=1 of WR T2 on board)
tier_available,10.0,,WR,,,T2,38,0.112,P(>=1 of WR T2 on board)
tier_available,10.0,,WR,,,T2,43,0.004,P(>=1 of WR T2 on board)
tier_available,10.0,,WR,,,T2,58,0.0,P(>=1 of WR T2 on board)
tier_available,10.0,,WR,,,T2,63,0.0,P(>=1 of WR T2 on board)
tier_available,10.0,,WR,,,T2,78,0.0,P(>=1 of WR T2 on board)
tier_available,10.0,,WR,,,T2,83,0.0,P(>=1 of WR T2 on board)
tier_available,10.0,,WR,,,T2,98,0.0,P(>=1 of WR T2 on board)
tier_available,10.0,,WR,,,T2,103,0.0,P(>=1 of WR T2 on board)
tier_available,10.0,,WR,,,T2,118,0.0,P(>=1 of WR T2 on board)
tier_available,10.0,,WR,,,T2,123,0.0,P(>=1 of WR T2 on board)
tier_available,10.0,,WR,,,T2,138,0.0,P(>=1 of WR T2 on board)
tier_available,10.0,,WR,,,T2,143,0.0,P(>=1 of WR T2 on board)
tier_available,10.0,,WR,,,T2,158,0.0,P(>=1 of WR T2 on board)
tier_available,10.0,,WR,,,T3,3,1.0,P(>=1 of WR T3 on board)
tier_available,10.0,,WR,,,T3,18,1.0,P(>=1 of WR T3 on board)
tier_available,10.0,,WR,,,T3,23,1.0,P(>=1 of WR T3 on board)
tier_available,10.0,,WR,,,T3,38,1.0,P(>=1 of WR T3 on board)
tier_available,10.0,,WR,,,T3,43,0.9945,P(>=1 of WR T3 on board)
tier_available,10.0,,WR,,,T3,58,0.3453,P(>=1 of WR T3 on board)
tier_available,10.0,,WR,,,T3,63,0.0515,P(>=1 of WR T3 on board)
tier_available,10.0,,WR,,,T3,78,0.0,P(>=1 of WR T3 on board)
tier_available,10.0,,WR,,,T3,83,0.0,P(>=1 of WR T3 on board)
tier_available,10.0,,WR,,,T3,98,0.0,P(>=1 of WR T3 on board)
tier_available,10.0,,WR,,,T3,103,0.0,P(>=1 of WR T3 on board)
tier_available,10.0,,WR,,,T3,118,0.0,P(>=1 of WR T3 on board)
tier_available,10.0,,WR,,,T3,123,0.0,P(>=1 of WR T3 on board)
tier_available,10.0,,WR,,,T3,138,0.0,P(>=1 of WR T3 on board)
tier_available,10.0,,WR,,,T3,143,0.0,P(>=1 of WR T3 on board)
tier_available,10.0,,WR,,,T3,158,0.0,P(>=1 of WR T3 on board)
tier_available,10.0,,WR,,,T4,3,1.0,P(>=1 of WR T4 on board)
tier_available,10.0,,WR,,,T4,18,1.0,P(>=1 of WR T4 on board)
tier_available,10.0,,WR,,,T4,23,1.0,P(>=1 of WR T4 on board)
tier_available,10.0,,WR,,,T4,38,1.0,P(>=1 of WR T4 on board)
tier_available,10.0,,WR,,,T4,43,1.0,P(>=1 of WR T4 on board)
tier_available,10.0,,WR,,,T4,58,1.0,P(>=1 of WR T4 on board)
tier_available,10.0,,WR,,,T4,63,1.0,P(>=1 of WR T4 on board)
tier_available,10.0,,WR,,,T4,78,1.0,P(>=1 of WR T4 on board)
tier_available,10.0,,WR,,,T4,83,1.0,P(>=1 of WR T4 on board)
tier_available,10.0,,WR,,,T4,98,0.982,P(>=1 of WR T4 on board)
tier_available,10.0,,WR,,,T4,103,0.852,P(>=1 of WR T4 on board)
tier_available,10.0,,WR,,,T4,118,0.1725,P(>=1 of WR T4 on board)
tier_available,10.0,,WR,,,T4,123,0.0355,P(>=1 of WR T4 on board)
tier_available,10.0,,WR,,,T4,138,0.0,P(>=1 of WR T4 on board)
tier_available,10.0,,WR,,,T4,143,0.0,P(>=1 of WR T4 on board)
tier_available,10.0,,WR,,,T4,158,0.0,P(>=1 of WR T4 on board)
tier_available,10.0,,TE,,,T1,3,1.0,P(>=1 of TE T1 on board)
tier_available,10.0,,TE,,,T1,18,0.7955,P(>=1 of TE T1 on board)
tier_available,10.0,,TE,,,T1,23,0.596,P(>=1 of TE T1 on board)
tier_available,10.0,,TE,,,T1,38,0.0587,P(>=1 of TE T1 on board)
tier_available,10.0,,TE,,,T1,43,0.0027,P(>=1 of TE T1 on board)
tier_available,10.0,,TE,,,T1,58,0.0,P(>=1 of TE T1 on board)
tier_available,10.0,,TE,,,T1,63,0.0,P(>=1 of TE T1 on board)
tier_available,10.0,,TE,,,T1,78,0.0,P(>=1 of TE T1 on board)
tier_available,10.0,,TE,,,T1,83,0.0,P(>=1 of TE T1 on board)
tier_available,10.0,,TE,,,T1,98,0.0,P(>=1 of TE T1 on board)
tier_available,10.0,,TE,,,T1,103,0.0,P(>=1 of TE T1 on board)
tier_available,10.0,,TE,,,T1,118,0.0,P(>=1 of TE T1 on board)
tier_available,10.0,,TE,,,T1,123,0.0,P(>=1 of TE T1 on board)
tier_available,10.0,,TE,,,T1,138,0.0,P(>=1 of TE T1 on board)
tier_available,10.0,,TE,,,T1,143,0.0,P(>=1 of TE T1 on board)
tier_available,10.0,,TE,,,T1,158,0.0,P(>=1 of TE T1 on board)
tier_available,10.0,,TE,,,T2,3,1.0,P(>=1 of TE T2 on board)
tier_available,10.0,,TE,,,T2,18,1.0,P(>=1 of TE T2 on board)
tier_available,10.0,,TE,,,T2,23,1.0,P(>=1 of TE T2 on board)
tier_available,10.0,,TE,,,T2,38,1.0,P(>=1 of TE T2 on board)
tier_available,10.0,,TE,,,T2,43,0.9995,P(>=1 of TE T2 on board)
tier_available,10.0,,TE,,,T2,58,0.8758,P(>=1 of TE T2 on board)
tier_available,10.0,,TE,,,T2,63,0.718,P(>=1 of TE T2 on board)
tier_available,10.0,,TE,,,T2,78,0.1227,P(>=1 of TE T2 on board)
tier_available,10.0,,TE,,,T2,83,0.0243,P(>=1 of TE T2 on board)
tier_available,10.0,,TE,,,T2,98,0.0,P(>=1 of TE T2 on board)
tier_available,10.0,,TE,,,T2,103,0.0,P(>=1 of TE T2 on board)
tier_available,10.0,,TE,,,T2,118,0.0,P(>=1 of TE T2 on board)
tier_available,10.0,,TE,,,T2,123,0.0,P(>=1 of TE T2 on board)
tier_available,10.0,,TE,,,T2,138,0.0,P(>=1 of TE T2 on board)
tier_available,10.0,,TE,,,T2,143,0.0,P(>=1 of TE T2 on board)
tier_available,10.0,,TE,,,T2,158,0.0,P(>=1 of TE T2 on board)
tier_available,10.0,,TE,,,T3,3,1.0,P(>=1 of TE T3 on board)
tier_available,10.0,,TE,,,T3,18,1.0,P(>=1 of TE T3 on board)
tier_available,10.0,,TE,,,T3,23,1.0,P(>=1 of TE T3 on board)
tier_available,10.0,,TE,,,T3,38,1.0,P(>=1 of TE T3 on board)
tier_available,10.0,,TE,,,T3,43,1.0,P(>=1 of TE T3 on board)
tier_available,10.0,,TE,,,T3,58,1.0,P(>=1 of TE T3 on board)
tier_available,10.0,,TE,,,T3,63,1.0,P(>=1 of TE T3 on board)
tier_available,10.0,,TE,,,T3,78,1.0,P(>=1 of TE T3 on board)
tier_available,10.0,,TE,,,T3,83,0.9985,P(>=1 of TE T3 on board)
tier_available,10.0,,TE,,,T3,98,0.5735,P(>=1 of TE T3 on board)
tier_available,10.0,,TE,,,T3,103,0.2747,P(>=1 of TE T3 on board)
tier_available,10.0,,TE,,,T3,118,0.0018,P(>=1 of TE T3 on board)
tier_available,10.0,,TE,,,T3,123,0.0,P(>=1 of TE T3 on board)
tier_available,10.0,,TE,,,T3,138,0.0,P(>=1 of TE T3 on board)
tier_available,10.0,,TE,,,T3,143,0.0,P(>=1 of TE T3 on board)
tier_available,10.0,,TE,,,T3,158,0.0,P(>=1 of TE T3 on board)
tier_available,10.0,,TE,,,T4,3,1.0,P(>=1 of TE T4 on board)
tier_available,10.0,,TE,,,T4,18,1.0,P(>=1 of TE T4 on board)
tier_available,10.0,,TE,,,T4,23,1.0,P(>=1 of TE T4 on board)
tier_available,10.0,,TE,,,T4,38,1.0,P(>=1 of TE T4 on board)
tier_available,10.0,,TE,,,T4,43,1.0,P(>=1 of TE T4 on board)
tier_available,10.0,,TE,,,T4,58,1.0,P(>=1 of TE T4 on board)
tier_available,10.0,,TE,,,T4,63,1.0,P(>=1 of TE T4 on board)
tier_available,10.0,,TE,,,T4,78,1.0,P(>=1 of TE T4 on board)
tier_available,10.0,,TE,,,T4,83,1.0,P(>=1 of TE T4 on board)
tier_available,10.0,,TE,,,T4,98,1.0,P(>=1 of TE T4 on board)
tier_available,10.0,,TE,,,T4,103,1.0,P(>=1 of TE T4 on board)
tier_available,10.0,,TE,,,T4,118,0.997,P(>=1 of TE T4 on board)
tier_available,10.0,,TE,,,T4,123,0.939,P(>=1 of TE T4 on board)
tier_available,10.0,,TE,,,T4,138,0.0808,P(>=1 of TE T4 on board)
tier_available,10.0,,TE,,,T4,143,0.0222,P(>=1 of TE T4 on board)
tier_available,10.0,,TE,,,T4,158,0.0,P(>=1 of TE T4 on board)
best_available_dist,10.0,,QB,,,,3,1.0,p10 of best-available QB positional rank
best_available_dist,10.0,,QB,,,,3,1.0,p25 of best-available QB positional rank
best_available_dist,10.0,,QB,,,,3,1.0,median of best-available QB positional rank
best_available_dist,10.0,,QB,,,,3,1.0,p75 of best-available QB positional rank
best_available_dist,10.0,,QB,,,,3,1.0,p90 of best-available QB positional rank
best_available_dist,10.0,,QB,,,,3,1.0,mean of best-available QB positional rank
best_available_dist,10.0,,QB,,,,18,1.0,p10 of best-available QB positional rank
best_available_dist,10.0,,QB,,,,18,1.0,p25 of best-available QB positional rank
best_available_dist,10.0,,QB,,,,18,1.0,median of best-available QB positional rank
best_available_dist,10.0,,QB,,,,18,1.0,p75 of best-available QB positional rank
best_available_dist,10.0,,QB,,,,18,2.0,p90 of best-available QB positional rank
best_available_dist,10.0,,QB,,,,18,1.22,mean of best-available QB positional rank
best_available_dist,10.0,,QB,,,,23,1.0,p10 of best-available QB positional rank
best_available_dist,10.0,,QB,,,,23,1.0,p25 of best-available QB positional rank
best_available_dist,10.0,,QB,,,,23,1.0,median of best-available QB positional rank
best_available_dist,10.0,,QB,,,,23,2.0,p75 of best-available QB positional rank
best_available_dist,10.0,,QB,,,,23,2.0,p90 of best-available QB positional rank
best_available_dist,10.0,,QB,,,,23,1.42,mean of best-available QB positional rank
best_available_dist,10.0,,QB,,,,38,1.0,p10 of best-available QB positional rank
best_available_dist,10.0,,QB,,,,38,2.0,p25 of best-available QB positional rank
best_available_dist,10.0,,QB,,,,38,3.0,median of best-available QB positional rank
best_available_dist,10.0,,QB,,,,38,4.0,p75 of best-available QB positional rank
best_available_dist,10.0,,QB,,,,38,4.0,p90 of best-available QB positional rank
best_available_dist,10.0,,QB,,,,38,3.03,mean of best-available QB positional rank
best_available_dist,10.0,,QB,,,,43,2.0,p10 of best-available QB positional rank
best_available_dist,10.0,,QB,,,,43,3.0,p25 of best-available QB positional rank
best_available_dist,10.0,,QB,,,,43,4.0,median of best-available QB positional rank
best_available_dist,10.0,,QB,,,,43,5.0,p75 of best-available QB positional rank
best_available_dist,10.0,,QB,,,,43,5.0,p90 of best-available QB positional rank
best_available_dist,10.0,,QB,,,,43,3.83,mean of best-available QB positional rank
best_available_dist,10.0,,QB,,,,58,5.0,p10 of best-available QB positional rank
best_available_dist,10.0,,QB,,,,58,5.0,p25 of best-available QB positional rank
best_available_dist,10.0,,QB,,,,58,6.0,median of best-available QB positional rank
best_available_dist,10.0,,QB,,,,58,7.0,p75 of best-available QB positional rank
best_available_dist,10.0,,QB,,,,58,7.0,p90 of best-available QB positional rank
best_available_dist,10.0,,QB,,,,58,5.8,mean of best-available QB positional rank
best_available_dist,10.0,,QB,,,,63,5.0,p10 of best-available QB positional rank
best_available_dist,10.0,,QB,,,,63,6.0,p25 of best-available QB positional rank
best_available_dist,10.0,,QB,,,,63,7.0,median of best-available QB positional rank
best_available_dist,10.0,,QB,,,,63,7.0,p75 of best-available QB positional rank
best_available_dist,10.0,,QB,,,,63,8.0,p90 of best-available QB positional rank
best_available_dist,10.0,,QB,,,,63,6.46,mean of best-available QB positional rank
best_available_dist,10.0,,QB,,,,78,7.0,p10 of best-available QB positional rank
best_available_dist,10.0,,QB,,,,78,8.0,p25 of best-available QB positional rank
best_available_dist,10.0,,QB,,,,78,9.0,median of best-available QB positional rank
best_available_dist,10.0,,QB,,,,78,10.0,p75 of best-available QB positional rank
best_available_dist,10.0,,QB,,,,78,10.0,p90 of best-available QB positional rank
best_available_dist,10.0,,QB,,,,78,8.64,mean of best-available QB positional rank
best_available_dist,10.0,,QB,,,,83,9.0,p10 of best-available QB positional rank
best_available_dist,10.0,,QB,,,,83,9.0,p25 of best-available QB positional rank
best_available_dist,10.0,,QB,,,,83,10.0,median of best-available QB positional rank
best_available_dist,10.0,,QB,,,,83,11.0,p75 of best-available QB positional rank
best_available_dist,10.0,,QB,,,,83,11.0,p90 of best-available QB positional rank
best_available_dist,10.0,,QB,,,,83,9.81,mean of best-available QB positional rank
best_available_dist,10.0,,QB,,,,98,10.0,p10 of best-available QB positional rank
best_available_dist,10.0,,QB,,,,98,11.0,p25 of best-available QB positional rank
best_available_dist,10.0,,QB,,,,98,11.0,median of best-available QB positional rank
best_available_dist,10.0,,QB,,,,98,11.0,p75 of best-available QB positional rank
best_available_dist,10.0,,QB,,,,98,12.0,p90 of best-available QB positional rank
best_available_dist,10.0,,QB,,,,98,10.98,mean of best-available QB positional rank
best_available_dist,10.0,,QB,,,,103,11.0,p10 of best-available QB positional rank
best_available_dist,10.0,,QB,,,,103,11.0,p25 of best-available QB positional rank
best_available_dist,10.0,,QB,,,,103,12.0,median of best-available QB positional rank
best_available_dist,10.0,,QB,,,,103,13.0,p75 of best-available QB positional rank
best_available_dist,10.0,,QB,,,,103,13.0,p90 of best-available QB positional rank
best_available_dist,10.0,,QB,,,,103,12.05,mean of best-available QB positional rank
best_available_dist,10.0,,QB,,,,118,13.0,p10 of best-available QB positional rank
best_available_dist,10.0,,QB,,,,118,14.0,p25 of best-available QB positional rank
best_available_dist,10.0,,QB,,,,118,15.0,median of best-available QB positional rank
best_available_dist,10.0,,QB,,,,118,16.0,p75 of best-available QB positional rank
best_available_dist,10.0,,QB,,,,118,17.0,p90 of best-available QB positional rank
best_available_dist,10.0,,QB,,,,118,15.13,mean of best-available QB positional rank
best_available_dist,10.0,,QB,,,,123,14.0,p10 of best-available QB positional rank
best_available_dist,10.0,,QB,,,,123,16.0,p25 of best-available QB positional rank
best_available_dist,10.0,,QB,,,,123,17.0,median of best-available QB positional rank
best_available_dist,10.0,,QB,,,,123,18.0,p75 of best-available QB positional rank
best_available_dist,10.0,,QB,,,,123,18.0,p90 of best-available QB positional rank
best_available_dist,10.0,,QB,,,,123,16.48,mean of best-available QB positional rank
best_available_dist,10.0,,QB,,,,138,17.0,p10 of best-available QB positional rank
best_available_dist,10.0,,QB,,,,138,19.0,p25 of best-available QB positional rank
best_available_dist,10.0,,QB,,,,138,20.0,median of best-available QB positional rank
best_available_dist,10.0,,QB,,,,138,21.0,p75 of best-available QB positional rank
best_available_dist,10.0,,QB,,,,138,22.0,p90 of best-available QB positional rank
best_available_dist,10.0,,QB,,,,138,19.96,mean of best-available QB positional rank
best_available_dist,10.0,,QB,,,,143,18.0,p10 of best-available QB positional rank
best_available_dist,10.0,,QB,,,,143,20.0,p25 of best-available QB positional rank
best_available_dist,10.0,,QB,,,,143,21.0,median of best-available QB positional rank
best_available_dist,10.0,,QB,,,,143,22.0,p75 of best-available QB positional rank
best_available_dist,10.0,,QB,,,,143,22.0,p90 of best-available QB positional rank
best_available_dist,10.0,,QB,,,,143,20.52,mean of best-available QB positional rank
best_available_dist,10.0,,RB,,,,3,1.0,p10 of best-available RB positional rank
best_available_dist,10.0,,RB,,,,3,1.0,p25 of best-available RB positional rank
best_available_dist,10.0,,RB,,,,3,1.0,median of best-available RB positional rank
best_available_dist,10.0,,RB,,,,3,2.0,p75 of best-available RB positional rank
best_available_dist,10.0,,RB,,,,3,2.0,p90 of best-available RB positional rank
best_available_dist,10.0,,RB,,,,3,1.28,mean of best-available RB positional rank
best_available_dist,10.0,,RB,,,,18,2.0,p10 of best-available RB positional rank
best_available_dist,10.0,,RB,,,,18,3.0,p25 of best-available RB positional rank
best_available_dist,10.0,,RB,,,,18,5.0,median of best-available RB positional rank
best_available_dist,10.0,,RB,,,,18,6.0,p75 of best-available RB positional rank
best_available_dist,10.0,,RB,,,,18,7.0,p90 of best-available RB positional rank
best_available_dist,10.0,,RB,,,,18,4.66,mean of best-available RB positional rank
best_available_dist,10.0,,RB,,,,23,4.0,p10 of best-available RB positional rank
best_available_dist,10.0,,RB,,,,23,5.0,p25 of best-available RB positional rank
best_available_dist,10.0,,RB,,,,23,6.0,median of best-available RB positional rank
best_available_dist,10.0,,RB,,,,23,8.0,p75 of best-available RB positional rank
best_available_dist,10.0,,RB,,,,23,9.0,p90 of best-available RB positional rank
best_available_dist,10.0,,RB,,,,23,6.63,mean of best-available RB positional rank
best_available_dist,10.0,,RB,,,,38,9.0,p10 of best-available RB positional rank
best_available_dist,10.0,,RB,,,,38,10.0,p25 of best-available RB positional rank
best_available_dist,10.0,,RB,,,,38,12.0,median of best-available RB positional rank
best_available_dist,10.0,,RB,,,,38,13.0,p75 of best-available RB positional rank
best_available_dist,10.0,,RB,,,,38,13.0,p90 of best-available RB positional rank
best_available_dist,10.0,,RB,,,,38,11.41,mean of best-available RB positional rank
best_available_dist,10.0,,RB,,,,43,11.0,p10 of best-available RB positional rank
best_available_dist,10.0,,RB,,,,43,12.0,p25 of best-available RB positional rank
best_available_dist,10.0,,RB,,,,43,13.0,median of best-available RB positional rank
best_available_dist,10.0,,RB,,,,43,14.0,p75 of best-available RB positional rank
best_available_dist,10.0,,RB,,,,43,15.0,p90 of best-available RB positional rank
best_available_dist,10.0,,RB,,,,43,13.0,mean of best-available RB positional rank
best_available_dist,10.0,,RB,,,,58,14.0,p10 of best-available RB positional rank
best_available_dist,10.0,,RB,,,,58,16.0,p25 of best-available RB positional rank
best_available_dist,10.0,,RB,,,,58,18.0,median of best-available RB positional rank
best_available_dist,10.0,,RB,,,,58,19.0,p75 of best-available RB positional rank
best_available_dist,10.0,,RB,,,,58,20.0,p90 of best-available RB positional rank
best_available_dist,10.0,,RB,,,,58,17.66,mean of best-available RB positional rank
best_available_dist,10.0,,RB,,,,63,18.0,p10 of best-available RB positional rank
best_available_dist,10.0,,RB,,,,63,19.0,p25 of best-available RB positional rank
best_available_dist,10.0,,RB,,,,63,20.0,median of best-available RB positional rank
best_available_dist,10.0,,RB,,,,63,21.0,p75 of best-available RB positional rank
best_available_dist,10.0,,RB,,,,63,22.0,p90 of best-available RB positional rank
best_available_dist,10.0,,RB,,,,63,19.92,mean of best-available RB positional rank
best_available_dist,10.0,,RB,,,,78,22.0,p10 of best-available RB positional rank
best_available_dist,10.0,,RB,,,,78,25.0,p25 of best-available RB positional rank
best_available_dist,10.0,,RB,,,,78,26.0,median of best-available RB positional rank
best_available_dist,10.0,,RB,,,,78,27.0,p75 of best-available RB positional rank
best_available_dist,10.0,,RB,,,,78,28.0,p90 of best-available RB positional rank
best_available_dist,10.0,,RB,,,,78,25.52,mean of best-available RB positional rank
best_available_dist,10.0,,RB,,,,83,26.0,p10 of best-available RB positional rank
best_available_dist,10.0,,RB,,,,83,26.0,p25 of best-available RB positional rank
best_available_dist,10.0,,RB,,,,83,27.0,median of best-available RB positional rank
best_available_dist,10.0,,RB,,,,83,28.0,p75 of best-available RB positional rank
best_available_dist,10.0,,RB,,,,83,30.0,p90 of best-available RB positional rank
best_available_dist,10.0,,RB,,,,83,27.32,mean of best-available RB positional rank
best_available_dist,10.0,,RB,,,,98,30.0,p10 of best-available RB positional rank
best_available_dist,10.0,,RB,,,,98,31.0,p25 of best-available RB positional rank
best_available_dist,10.0,,RB,,,,98,32.0,median of best-available RB positional rank
best_available_dist,10.0,,RB,,,,98,33.0,p75 of best-available RB positional rank
best_available_dist,10.0,,RB,,,,98,34.0,p90 of best-available RB positional rank
best_available_dist,10.0,,RB,,,,98,32.16,mean of best-available RB positional rank
best_available_dist,10.0,,RB,,,,103,31.0,p10 of best-available RB positional rank
best_available_dist,10.0,,RB,,,,103,32.0,p25 of best-available RB positional rank
best_available_dist,10.0,,RB,,,,103,33.0,median of best-available RB positional rank
best_available_dist,10.0,,RB,,,,103,35.0,p75 of best-available RB positional rank
best_available_dist,10.0,,RB,,,,103,36.0,p90 of best-available RB positional rank
best_available_dist,10.0,,RB,,,,103,33.5,mean of best-available RB positional rank
best_available_dist,10.0,,RB,,,,118,34.0,p10 of best-available RB positional rank
best_available_dist,10.0,,RB,,,,118,36.0,p25 of best-available RB positional rank
best_available_dist,10.0,,RB,,,,118,37.0,median of best-available RB positional rank
best_available_dist,10.0,,RB,,,,118,38.0,p75 of best-available RB positional rank
best_available_dist,10.0,,RB,,,,118,39.0,p90 of best-available RB positional rank
best_available_dist,10.0,,RB,,,,118,36.63,mean of best-available RB positional rank
best_available_dist,10.0,,RB,,,,123,37.0,p10 of best-available RB positional rank
best_available_dist,10.0,,RB,,,,123,37.0,p25 of best-available RB positional rank
best_available_dist,10.0,,RB,,,,123,38.0,median of best-available RB positional rank
best_available_dist,10.0,,RB,,,,123,39.0,p75 of best-available RB positional rank
best_available_dist,10.0,,RB,,,,123,40.0,p90 of best-available RB positional rank
best_available_dist,10.0,,RB,,,,123,37.93,mean of best-available RB positional rank
best_available_dist,10.0,,RB,,,,138,39.0,p10 of best-available RB positional rank
best_available_dist,10.0,,RB,,,,138,40.0,p25 of best-available RB positional rank
best_available_dist,10.0,,RB,,,,138,42.0,median of best-available RB positional rank
best_available_dist,10.0,,RB,,,,138,43.0,p75 of best-available RB positional rank
best_available_dist,10.0,,RB,,,,138,44.0,p90 of best-available RB positional rank
best_available_dist,10.0,,RB,,,,138,41.54,mean of best-available RB positional rank
best_available_dist,10.0,,RB,,,,143,42.0,p10 of best-available RB positional rank
best_available_dist,10.0,,RB,,,,143,43.0,p25 of best-available RB positional rank
best_available_dist,10.0,,RB,,,,143,44.0,median of best-available RB positional rank
best_available_dist,10.0,,RB,,,,143,46.0,p75 of best-available RB positional rank
best_available_dist,10.0,,RB,,,,143,48.0,p90 of best-available RB positional rank
best_available_dist,10.0,,RB,,,,143,44.52,mean of best-available RB positional rank
best_available_dist,10.0,,WR,,,,3,1.0,p10 of best-available WR positional rank
best_available_dist,10.0,,WR,,,,3,1.0,p25 of best-available WR positional rank
best_available_dist,10.0,,WR,,,,3,1.0,median of best-available WR positional rank
best_available_dist,10.0,,WR,,,,3,2.0,p75 of best-available WR positional rank
best_available_dist,10.0,,WR,,,,3,2.0,p90 of best-available WR positional rank
best_available_dist,10.0,,WR,,,,3,1.33,mean of best-available WR positional rank
best_available_dist,10.0,,WR,,,,18,3.0,p10 of best-available WR positional rank
best_available_dist,10.0,,WR,,,,18,4.0,p25 of best-available WR positional rank
best_available_dist,10.0,,WR,,,,18,6.0,median of best-available WR positional rank
best_available_dist,10.0,,WR,,,,18,8.0,p75 of best-available WR positional rank
best_available_dist,10.0,,WR,,,,18,10.0,p90 of best-available WR positional rank
best_available_dist,10.0,,WR,,,,18,6.31,mean of best-available WR positional rank
best_available_dist,10.0,,WR,,,,23,6.9,p10 of best-available WR positional rank
best_available_dist,10.0,,WR,,,,23,8.0,p25 of best-available WR positional rank
best_available_dist,10.0,,WR,,,,23,10.0,median of best-available WR positional rank
best_available_dist,10.0,,WR,,,,23,11.0,p75 of best-available WR positional rank
best_available_dist,10.0,,WR,,,,23,12.0,p90 of best-available WR positional rank
best_available_dist,10.0,,WR,,,,23,9.74,mean of best-available WR positional rank
best_available_dist,10.0,,WR,,,,38,12.0,p10 of best-available WR positional rank
best_available_dist,10.0,,WR,,,,38,14.0,p25 of best-available WR positional rank
best_available_dist,10.0,,WR,,,,38,16.0,median of best-available WR positional rank
best_available_dist,10.0,,WR,,,,38,18.0,p75 of best-available WR positional rank
best_available_dist,10.0,,WR,,,,38,20.0,p90 of best-available WR positional rank
best_available_dist,10.0,,WR,,,,38,15.99,mean of best-available WR positional rank
best_available_dist,10.0,,WR,,,,43,16.0,p10 of best-available WR positional rank
best_available_dist,10.0,,WR,,,,43,18.0,p25 of best-available WR positional rank
best_available_dist,10.0,,WR,,,,43,19.0,median of best-available WR positional rank
best_available_dist,10.0,,WR,,,,43,21.0,p75 of best-available WR positional rank
best_available_dist,10.0,,WR,,,,43,22.0,p90 of best-available WR positional rank
best_available_dist,10.0,,WR,,,,43,19.25,mean of best-available WR positional rank
best_available_dist,10.0,,WR,,,,58,22.0,p10 of best-available WR positional rank
best_available_dist,10.0,,WR,,,,58,24.0,p25 of best-available WR positional rank
best_available_dist,10.0,,WR,,,,58,26.0,median of best-available WR positional rank
best_available_dist,10.0,,WR,,,,58,28.0,p75 of best-available WR positional rank
best_available_dist,10.0,,WR,,,,58,29.0,p90 of best-available WR positional rank
best_available_dist,10.0,,WR,,,,58,25.65,mean of best-available WR positional rank
best_available_dist,10.0,,WR,,,,63,25.0,p10 of best-available WR positional rank
best_available_dist,10.0,,WR,,,,63,27.0,p25 of best-available WR positional rank
best_available_dist,10.0,,WR,,,,63,29.0,median of best-available WR positional rank
best_available_dist,10.0,,WR,,,,63,30.0,p75 of best-available WR positional rank
best_available_dist,10.0,,WR,,,,63,31.0,p90 of best-available WR positional rank
best_available_dist,10.0,,WR,,,,63,28.41,mean of best-available WR positional rank
best_available_dist,10.0,,WR,,,,78,31.0,p10 of best-available WR positional rank
best_available_dist,10.0,,WR,,,,78,31.0,p25 of best-available WR positional rank
best_available_dist,10.0,,WR,,,,78,33.0,median of best-available WR positional rank
best_available_dist,10.0,,WR,,,,78,35.0,p75 of best-available WR positional rank
best_available_dist,10.0,,WR,,,,78,36.0,p90 of best-available WR positional rank
best_available_dist,10.0,,WR,,,,78,32.95,mean of best-available WR positional rank
best_available_dist,10.0,,WR,,,,83,32.0,p10 of best-available WR positional rank
best_available_dist,10.0,,WR,,,,83,33.0,p25 of best-available WR positional rank
best_available_dist,10.0,,WR,,,,83,35.0,median of best-available WR positional rank
best_available_dist,10.0,,WR,,,,83,36.0,p75 of best-available WR positional rank
best_available_dist,10.0,,WR,,,,83,38.0,p90 of best-available WR positional rank
best_available_dist,10.0,,WR,,,,83,34.93,mean of best-available WR positional rank
best_available_dist,10.0,,WR,,,,98,38.0,p10 of best-available WR positional rank
best_available_dist,10.0,,WR,,,,98,40.0,p25 of best-available WR positional rank
best_available_dist,10.0,,WR,,,,98,42.0,median of best-available WR positional rank
best_available_dist,10.0,,WR,,,,98,44.0,p75 of best-available WR positional rank
best_available_dist,10.0,,WR,,,,98,45.0,p90 of best-available WR positional rank
best_available_dist,10.0,,WR,,,,98,41.69,mean of best-available WR positional rank
best_available_dist,10.0,,WR,,,,103,41.0,p10 of best-available WR positional rank
best_available_dist,10.0,,WR,,,,103,43.0,p25 of best-available WR positional rank
best_available_dist,10.0,,WR,,,,103,44.0,median of best-available WR positional rank
best_available_dist,10.0,,WR,,,,103,45.0,p75 of best-available WR positional rank
best_available_dist,10.0,,WR,,,,103,46.0,p90 of best-available WR positional rank
best_available_dist,10.0,,WR,,,,103,43.73,mean of best-available WR positional rank
best_available_dist,10.0,,WR,,,,118,45.0,p10 of best-available WR positional rank
best_available_dist,10.0,,WR,,,,118,46.0,p25 of best-available WR positional rank
best_available_dist,10.0,,WR,,,,118,47.0,median of best-available WR positional rank
best_available_dist,10.0,,WR,,,,118,49.0,p75 of best-available WR positional rank
best_available_dist,10.0,,WR,,,,118,50.0,p90 of best-available WR positional rank
best_available_dist,10.0,,WR,,,,118,47.38,mean of best-available WR positional rank
best_available_dist,10.0,,WR,,,,123,47.0,p10 of best-available WR positional rank
best_available_dist,10.0,,WR,,,,123,48.0,p25 of best-available WR positional rank
best_available_dist,10.0,,WR,,,,123,49.0,median of best-available WR positional rank
best_available_dist,10.0,,WR,,,,123,50.0,p75 of best-available WR positional rank
best_available_dist,10.0,,WR,,,,123,51.0,p90 of best-available WR positional rank
best_available_dist,10.0,,WR,,,,123,48.97,mean of best-available WR positional rank
best_available_dist,10.0,,WR,,,,138,50.0,p10 of best-available WR positional rank
best_available_dist,10.0,,WR,,,,138,51.0,p25 of best-available WR positional rank
best_available_dist,10.0,,WR,,,,138,52.0,median of best-available WR positional rank
best_available_dist,10.0,,WR,,,,138,52.0,p75 of best-available WR positional rank
best_available_dist,10.0,,WR,,,,138,53.0,p90 of best-available WR positional rank
best_available_dist,10.0,,WR,,,,138,51.64,mean of best-available WR positional rank
best_available_dist,10.0,,WR,,,,143,52.0,p10 of best-available WR positional rank
best_available_dist,10.0,,WR,,,,143,52.0,p25 of best-available WR positional rank
best_available_dist,10.0,,WR,,,,143,53.0,median of best-available WR positional rank
best_available_dist,10.0,,WR,,,,143,54.0,p75 of best-available WR positional rank
best_available_dist,10.0,,WR,,,,143,54.0,p90 of best-available WR positional rank
best_available_dist,10.0,,WR,,,,143,52.89,mean of best-available WR positional rank
best_available_dist,10.0,,TE,,,,3,1.0,p10 of best-available TE positional rank
best_available_dist,10.0,,TE,,,,3,1.0,p25 of best-available TE positional rank
best_available_dist,10.0,,TE,,,,3,1.0,median of best-available TE positional rank
best_available_dist,10.0,,TE,,,,3,1.0,p75 of best-available TE positional rank
best_available_dist,10.0,,TE,,,,3,1.0,p90 of best-available TE positional rank
best_available_dist,10.0,,TE,,,,3,1.03,mean of best-available TE positional rank
best_available_dist,10.0,,TE,,,,18,1.0,p10 of best-available TE positional rank
best_available_dist,10.0,,TE,,,,18,1.0,p25 of best-available TE positional rank
best_available_dist,10.0,,TE,,,,18,2.0,median of best-available TE positional rank
best_available_dist,10.0,,TE,,,,18,2.0,p75 of best-available TE positional rank
best_available_dist,10.0,,TE,,,,18,3.0,p90 of best-available TE positional rank
best_available_dist,10.0,,TE,,,,18,1.8,mean of best-available TE positional rank
best_available_dist,10.0,,TE,,,,23,1.0,p10 of best-available TE positional rank
best_available_dist,10.0,,TE,,,,23,2.0,p25 of best-available TE positional rank
best_available_dist,10.0,,TE,,,,23,2.0,median of best-available TE positional rank
best_available_dist,10.0,,TE,,,,23,3.0,p75 of best-available TE positional rank
best_available_dist,10.0,,TE,,,,23,3.0,p90 of best-available TE positional rank
best_available_dist,10.0,,TE,,,,23,2.2,mean of best-available TE positional rank
best_available_dist,10.0,,TE,,,,38,3.0,p10 of best-available TE positional rank
best_available_dist,10.0,,TE,,,,38,3.0,p25 of best-available TE positional rank
best_available_dist,10.0,,TE,,,,38,3.0,median of best-available TE positional rank
best_available_dist,10.0,,TE,,,,38,4.0,p75 of best-available TE positional rank
best_available_dist,10.0,,TE,,,,38,4.0,p90 of best-available TE positional rank
best_available_dist,10.0,,TE,,,,38,3.46,mean of best-available TE positional rank
best_available_dist,10.0,,TE,,,,43,3.0,p10 of best-available TE positional rank
best_available_dist,10.0,,TE,,,,43,3.0,p25 of best-available TE positional rank
best_available_dist,10.0,,TE,,,,43,4.0,median of best-available TE positional rank
best_available_dist,10.0,,TE,,,,43,4.0,p75 of best-available TE positional rank
best_available_dist,10.0,,TE,,,,43,5.0,p90 of best-available TE positional rank
best_available_dist,10.0,,TE,,,,43,3.81,mean of best-available TE positional rank
best_available_dist,10.0,,TE,,,,58,4.0,p10 of best-available TE positional rank
best_available_dist,10.0,,TE,,,,58,4.0,p25 of best-available TE positional rank
best_available_dist,10.0,,TE,,,,58,5.0,median of best-available TE positional rank
best_available_dist,10.0,,TE,,,,58,5.0,p75 of best-available TE positional rank
best_available_dist,10.0,,TE,,,,58,6.0,p90 of best-available TE positional rank
best_available_dist,10.0,,TE,,,,58,4.83,mean of best-available TE positional rank
best_available_dist,10.0,,TE,,,,63,4.0,p10 of best-available TE positional rank
best_available_dist,10.0,,TE,,,,63,5.0,p25 of best-available TE positional rank
best_available_dist,10.0,,TE,,,,63,5.0,median of best-available TE positional rank
best_available_dist,10.0,,TE,,,,63,6.0,p75 of best-available TE positional rank
best_available_dist,10.0,,TE,,,,63,6.0,p90 of best-available TE positional rank
best_available_dist,10.0,,TE,,,,63,5.22,mean of best-available TE positional rank
best_available_dist,10.0,,TE,,,,78,5.0,p10 of best-available TE positional rank
best_available_dist,10.0,,TE,,,,78,6.0,p25 of best-available TE positional rank
best_available_dist,10.0,,TE,,,,78,7.0,median of best-available TE positional rank
best_available_dist,10.0,,TE,,,,78,8.0,p75 of best-available TE positional rank
best_available_dist,10.0,,TE,,,,78,9.0,p90 of best-available TE positional rank
best_available_dist,10.0,,TE,,,,78,7.2,mean of best-available TE positional rank
best_available_dist,10.0,,TE,,,,83,7.0,p10 of best-available TE positional rank
best_available_dist,10.0,,TE,,,,83,7.0,p25 of best-available TE positional rank
best_available_dist,10.0,,TE,,,,83,8.0,median of best-available TE positional rank
best_available_dist,10.0,,TE,,,,83,9.0,p75 of best-available TE positional rank
best_available_dist,10.0,,TE,,,,83,9.0,p90 of best-available TE positional rank
best_available_dist,10.0,,TE,,,,83,8.11,mean of best-available TE positional rank
best_available_dist,10.0,,TE,,,,98,9.0,p10 of best-available TE positional rank
best_available_dist,10.0,,TE,,,,98,10.0,p25 of best-available TE positional rank
best_available_dist,10.0,,TE,,,,98,10.0,median of best-available TE positional rank
best_available_dist,10.0,,TE,,,,98,11.0,p75 of best-available TE positional rank
best_available_dist,10.0,,TE,,,,98,12.0,p90 of best-available TE positional rank
best_available_dist,10.0,,TE,,,,98,10.42,mean of best-available TE positional rank
best_available_dist,10.0,,TE,,,,103,10.0,p10 of best-available TE positional rank
best_available_dist,10.0,,TE,,,,103,10.0,p25 of best-available TE positional rank
best_available_dist,10.0,,TE,,,,103,12.0,median of best-available TE positional rank
best_available_dist,10.0,,TE,,,,103,12.0,p75 of best-available TE positional rank
best_available_dist,10.0,,TE,,,,103,13.0,p90 of best-available TE positional rank
best_available_dist,10.0,,TE,,,,103,11.53,mean of best-available TE positional rank
best_available_dist,10.0,,TE,,,,118,14.0,p10 of best-available TE positional rank
best_available_dist,10.0,,TE,,,,118,15.0,p25 of best-available TE positional rank
best_available_dist,10.0,,TE,,,,118,16.0,median of best-available TE positional rank
best_available_dist,10.0,,TE,,,,118,16.0,p75 of best-available TE positional rank
best_available_dist,10.0,,TE,,,,118,17.0,p90 of best-available TE positional rank
best_available_dist,10.0,,TE,,,,118,15.64,mean of best-available TE positional rank
best_available_dist,10.0,,TE,,,,123,16.0,p10 of best-available TE positional rank
best_available_dist,10.0,,TE,,,,123,16.0,p25 of best-available TE positional rank
best_available_dist,10.0,,TE,,,,123,17.0,median of best-available TE positional rank
best_available_dist,10.0,,TE,,,,123,17.0,p75 of best-available TE positional rank
best_available_dist,10.0,,TE,,,,123,18.0,p90 of best-available TE positional rank
best_available_dist,10.0,,TE,,,,123,16.71,mean of best-available TE positional rank
best_available_dist,10.0,,TE,,,,138,19.0,p10 of best-available TE positional rank
best_available_dist,10.0,,TE,,,,138,20.0,p25 of best-available TE positional rank
best_available_dist,10.0,,TE,,,,138,21.0,median of best-available TE positional rank
best_available_dist,10.0,,TE,,,,138,22.0,p75 of best-available TE positional rank
best_available_dist,10.0,,TE,,,,138,23.0,p90 of best-available TE positional rank
best_available_dist,10.0,,TE,,,,138,20.88,mean of best-available TE positional rank
best_available_dist,10.0,,TE,,,,143,20.0,p10 of best-available TE positional rank
best_available_dist,10.0,,TE,,,,143,21.0,p25 of best-available TE positional rank
best_available_dist,10.0,,TE,,,,143,22.0,median of best-available TE positional rank
best_available_dist,10.0,,TE,,,,143,23.0,p75 of best-available TE positional rank
best_available_dist,10.0,,TE,,,,143,23.0,p90 of best-available TE positional rank
best_available_dist,10.0,,TE,,,,143,21.92,mean of best-available TE positional rank
player_available,20.0,Ja'Marr Chase,WR,1,1,T1,3,0.8157,
player_available,20.0,Ja'Marr Chase,WR,1,1,T1,18,0.0,
player_available,20.0,Ja'Marr Chase,WR,1,1,T1,23,0.0,
player_available,20.0,Ja'Marr Chase,WR,1,1,T1,38,0.0,
player_available,20.0,Ja'Marr Chase,WR,1,1,T1,43,0.0,
player_available,20.0,Ja'Marr Chase,WR,1,1,T1,58,0.0,
player_available,20.0,Ja'Marr Chase,WR,1,1,T1,63,0.0,
player_available,20.0,Ja'Marr Chase,WR,1,1,T1,78,0.0,
player_available,20.0,Ja'Marr Chase,WR,1,1,T1,83,0.0,
player_available,20.0,Ja'Marr Chase,WR,1,1,T1,98,0.0,
player_available,20.0,Ja'Marr Chase,WR,1,1,T1,103,0.0,
player_available,20.0,Ja'Marr Chase,WR,1,1,T1,118,0.0,
player_available,20.0,Ja'Marr Chase,WR,1,1,T1,123,0.0,
player_available,20.0,Ja'Marr Chase,WR,1,1,T1,138,0.0,
player_available,20.0,Ja'Marr Chase,WR,1,1,T1,143,0.0,
player_available,20.0,Ja'Marr Chase,WR,1,1,T1,158,0.0,
player_available,20.0,Bijan Robinson,RB,2,1,T1,3,0.8403,
player_available,20.0,Bijan Robinson,RB,2,1,T1,18,0.2172,
player_available,20.0,Bijan Robinson,RB,2,1,T1,23,0.0,
player_available,20.0,Bijan Robinson,RB,2,1,T1,38,0.0,
player_available,20.0,Bijan Robinson,RB,2,1,T1,43,0.0,
player_available,20.0,Bijan Robinson,RB,2,1,T1,58,0.0,
player_available,20.0,Bijan Robinson,RB,2,1,T1,63,0.0,
player_available,20.0,Bijan Robinson,RB,2,1,T1,78,0.0,
player_available,20.0,Bijan Robinson,RB,2,1,T1,83,0.0,
player_available,20.0,Bijan Robinson,RB,2,1,T1,98,0.0,
player_available,20.0,Bijan Robinson,RB,2,1,T1,103,0.0,
player_available,20.0,Bijan Robinson,RB,2,1,T1,118,0.0,
player_available,20.0,Bijan Robinson,RB,2,1,T1,123,0.0,
player_available,20.0,Bijan Robinson,RB,2,1,T1,138,0.0,
player_available,20.0,Bijan Robinson,RB,2,1,T1,143,0.0,
player_available,20.0,Bijan Robinson,RB,2,1,T1,158,0.0,
player_available,20.0,Puka Nacua,WR,3,2,T1,3,0.8525,
player_available,20.0,Puka Nacua,WR,3,2,T1,18,0.267,
player_available,20.0,Puka Nacua,WR,3,2,T1,23,0.0393,
player_available,20.0,Puka Nacua,WR,3,2,T1,38,0.0,
player_available,20.0,Puka Nacua,WR,3,2,T1,43,0.0,
player_available,20.0,Puka Nacua,WR,3,2,T1,58,0.0,
player_available,20.0,Puka Nacua,WR,3,2,T1,63,0.0,
player_available,20.0,Puka Nacua,WR,3,2,T1,78,0.0,
player_available,20.0,Puka Nacua,WR,3,2,T1,83,0.0,
player_available,20.0,Puka Nacua,WR,3,2,T1,98,0.0,
player_available,20.0,Puka Nacua,WR,3,2,T1,103,0.0,
player_available,20.0,Puka Nacua,WR,3,2,T1,118,0.0,
player_available,20.0,Puka Nacua,WR,3,2,T1,123,0.0,
player_available,20.0,Puka Nacua,WR,3,2,T1,138,0.0,
player_available,20.0,Puka Nacua,WR,3,2,T1,143,0.0,
player_available,20.0,Puka Nacua,WR,3,2,T1,158,0.0,
player_available,20.0,Jahmyr Gibbs,RB,4,2,T1,3,0.8662,
player_available,20.0,Jahmyr Gibbs,RB,4,2,T1,18,0.2938,
player_available,20.0,Jahmyr Gibbs,RB,4,2,T1,23,0.0823,
player_available,20.0,Jahmyr Gibbs,RB,4,2,T1,38,0.0015,
player_available,20.0,Jahmyr Gibbs,RB,4,2,T1,43,0.0,
player_available,20.0,Jahmyr Gibbs,RB,4,2,T1,58,0.0,
player_available,20.0,Jahmyr Gibbs,RB,4,2,T1,63,0.0,
player_available,20.0,Jahmyr Gibbs,RB,4,2,T1,78,0.0,
player_available,20.0,Jahmyr Gibbs,RB,4,2,T1,83,0.0,
player_available,20.0,Jahmyr Gibbs,RB,4,2,T1,98,0.0,
player_available,20.0,Jahmyr Gibbs,RB,4,2,T1,103,0.0,
player_available,20.0,Jahmyr Gibbs,RB,4,2,T1,118,0.0,
player_available,20.0,Jahmyr Gibbs,RB,4,2,T1,123,0.0,
player_available,20.0,Jahmyr Gibbs,RB,4,2,T1,138,0.0,
player_available,20.0,Jahmyr Gibbs,RB,4,2,T1,143,0.0,
player_available,20.0,Jahmyr Gibbs,RB,4,2,T1,158,0.0,
player_available,20.0,Jaxon Smith-Njigba,WR,5,3,T1,3,0.8738,
player_available,20.0,Jaxon Smith-Njigba,WR,5,3,T1,18,0.3267,
player_available,20.0,Jaxon Smith-Njigba,WR,5,3,T1,23,0.1318,
player_available,20.0,Jaxon Smith-Njigba,WR,5,3,T1,38,0.004,
player_available,20.0,Jaxon Smith-Njigba,WR,5,3,T1,43,0.0003,
player_available,20.0,Jaxon Smith-Njigba,WR,5,3,T1,58,0.0,
player_available,20.0,Jaxon Smith-Njigba,WR,5,3,T1,63,0.0,
player_available,20.0,Jaxon Smith-Njigba,WR,5,3,T1,78,0.0,
player_available,20.0,Jaxon Smith-Njigba,WR,5,3,T1,83,0.0,
player_available,20.0,Jaxon Smith-Njigba,WR,5,3,T1,98,0.0,
player_available,20.0,Jaxon Smith-Njigba,WR,5,3,T1,103,0.0,
player_available,20.0,Jaxon Smith-Njigba,WR,5,3,T1,118,0.0,
player_available,20.0,Jaxon Smith-Njigba,WR,5,3,T1,123,0.0,
player_available,20.0,Jaxon Smith-Njigba,WR,5,3,T1,138,0.0,
player_available,20.0,Jaxon Smith-Njigba,WR,5,3,T1,143,0.0,
player_available,20.0,Jaxon Smith-Njigba,WR,5,3,T1,158,0.0,
player_available,20.0,Amon-Ra St. Brown,WR,6,4,T1,3,0.8905,
player_available,20.0,Amon-Ra St. Brown,WR,6,4,T1,18,0.3322,
player_available,20.0,Amon-Ra St. Brown,WR,6,4,T1,23,0.1777,
player_available,20.0,Amon-Ra St. Brown,WR,6,4,T1,38,0.0155,
player_available,20.0,Amon-Ra St. Brown,WR,6,4,T1,43,0.0,
player_available,20.0,Amon-Ra St. Brown,WR,6,4,T1,58,0.0,
player_available,20.0,Amon-Ra St. Brown,WR,6,4,T1,63,0.0,
player_available,20.0,Amon-Ra St. Brown,WR,6,4,T1,78,0.0,
player_available,20.0,Amon-Ra St. Brown,WR,6,4,T1,83,0.0,
player_available,20.0,Amon-Ra St. Brown,WR,6,4,T1,98,0.0,
player_available,20.0,Amon-Ra St. Brown,WR,6,4,T1,103,0.0,
player_available,20.0,Amon-Ra St. Brown,WR,6,4,T1,118,0.0,
player_available,20.0,Amon-Ra St. Brown,WR,6,4,T1,123,0.0,
player_available,20.0,Amon-Ra St. Brown,WR,6,4,T1,138,0.0,
player_available,20.0,Amon-Ra St. Brown,WR,6,4,T1,143,0.0,
player_available,20.0,Amon-Ra St. Brown,WR,6,4,T1,158,0.0,
player_available,20.0,CeeDee Lamb,WR,7,5,T1,3,0.8888,
player_available,20.0,CeeDee Lamb,WR,7,5,T1,18,0.3645,
player_available,20.0,CeeDee Lamb,WR,7,5,T1,23,0.2155,
player_available,20.0,CeeDee Lamb,WR,7,5,T1,38,0.0208,
player_available,20.0,CeeDee Lamb,WR,7,5,T1,43,0.001,
player_available,20.0,CeeDee Lamb,WR,7,5,T1,58,0.0,
player_available,20.0,CeeDee Lamb,WR,7,5,T1,63,0.0,
player_available,20.0,CeeDee Lamb,WR,7,5,T1,78,0.0,
player_available,20.0,CeeDee Lamb,WR,7,5,T1,83,0.0,
player_available,20.0,CeeDee Lamb,WR,7,5,T1,98,0.0,
player_available,20.0,CeeDee Lamb,WR,7,5,T1,103,0.0,
player_available,20.0,CeeDee Lamb,WR,7,5,T1,118,0.0,
player_available,20.0,CeeDee Lamb,WR,7,5,T1,123,0.0,
player_available,20.0,CeeDee Lamb,WR,7,5,T1,138,0.0,
player_available,20.0,CeeDee Lamb,WR,7,5,T1,143,0.0,
player_available,20.0,CeeDee Lamb,WR,7,5,T1,158,0.0,
player_available,20.0,Christian McCaffrey,RB,8,3,T1,3,0.8972,
player_available,20.0,Christian McCaffrey,RB,8,3,T1,18,0.3765,
player_available,20.0,Christian McCaffrey,RB,8,3,T1,23,0.2407,
player_available,20.0,Christian McCaffrey,RB,8,3,T1,38,0.0315,
player_available,20.0,Christian McCaffrey,RB,8,3,T1,43,0.0008,
player_available,20.0,Christian McCaffrey,RB,8,3,T1,58,0.0,
player_available,20.0,Christian McCaffrey,RB,8,3,T1,63,0.0,
player_available,20.0,Christian McCaffrey,RB,8,3,T1,78,0.0,
player_available,20.0,Christian McCaffrey,RB,8,3,T1,83,0.0,
player_available,20.0,Christian McCaffrey,RB,8,3,T1,98,0.0,
player_available,20.0,Christian McCaffrey,RB,8,3,T1,103,0.0,
player_available,20.0,Christian McCaffrey,RB,8,3,T1,118,0.0,
player_available,20.0,Christian McCaffrey,RB,8,3,T1,123,0.0,
player_available,20.0,Christian McCaffrey,RB,8,3,T1,138,0.0,
player_available,20.0,Christian McCaffrey,RB,8,3,T1,143,0.0,
player_available,20.0,Christian McCaffrey,RB,8,3,T1,158,0.0,
player_available,20.0,Justin Jefferson,WR,9,6,T2,3,0.91,
player_available,20.0,Justin Jefferson,WR,9,6,T2,18,0.397,
player_available,20.0,Justin Jefferson,WR,9,6,T2,23,0.2805,
player_available,20.0,Justin Jefferson,WR,9,6,T2,38,0.0493,
player_available,20.0,Justin Jefferson,WR,9,6,T2,43,0.0032,
player_available,20.0,Justin Jefferson,WR,9,6,T2,58,0.0,
player_available,20.0,Justin Jefferson,WR,9,6,T2,63,0.0,
player_available,20.0,Justin Jefferson,WR,9,6,T2,78,0.0,
player_available,20.0,Justin Jefferson,WR,9,6,T2,83,0.0,
player_available,20.0,Justin Jefferson,WR,9,6,T2,98,0.0,
player_available,20.0,Justin Jefferson,WR,9,6,T2,103,0.0,
player_available,20.0,Justin Jefferson,WR,9,6,T2,118,0.0,
player_available,20.0,Justin Jefferson,WR,9,6,T2,123,0.0,
player_available,20.0,Justin Jefferson,WR,9,6,T2,138,0.0,
player_available,20.0,Justin Jefferson,WR,9,6,T2,143,0.0,
player_available,20.0,Justin Jefferson,WR,9,6,T2,158,0.0,
player_available,20.0,Jonathan Taylor,RB,10,4,T1,3,0.9193,
player_available,20.0,Jonathan Taylor,RB,10,4,T1,18,0.4235,
player_available,20.0,Jonathan Taylor,RB,10,4,T1,23,0.306,
player_available,20.0,Jonathan Taylor,RB,10,4,T1,38,0.0565,
player_available,20.0,Jonathan Taylor,RB,10,4,T1,43,0.0047,
player_available,20.0,Jonathan Taylor,RB,10,4,T1,58,0.0,
player_available,20.0,Jonathan Taylor,RB,10,4,T1,63,0.0,
player_available,20.0,Jonathan Taylor,RB,10,4,T1,78,0.0,
player_available,20.0,Jonathan Taylor,RB,10,4,T1,83,0.0,
player_available,20.0,Jonathan Taylor,RB,10,4,T1,98,0.0,
player_available,20.0,Jonathan Taylor,RB,10,4,T1,103,0.0,
player_available,20.0,Jonathan Taylor,RB,10,4,T1,118,0.0,
player_available,20.0,Jonathan Taylor,RB,10,4,T1,123,0.0,
player_available,20.0,Jonathan Taylor,RB,10,4,T1,138,0.0,
player_available,20.0,Jonathan Taylor,RB,10,4,T1,143,0.0,
player_available,20.0,Jonathan Taylor,RB,10,4,T1,158,0.0,
player_available,20.0,Drake London,WR,11,7,T2,3,0.9217,
player_available,20.0,Drake London,WR,11,7,T2,18,0.429,
player_available,20.0,Drake London,WR,11,7,T2,23,0.3247,
player_available,20.0,Drake London,WR,11,7,T2,38,0.075,
player_available,20.0,Drake London,WR,11,7,T2,43,0.0063,
player_available,20.0,Drake London,WR,11,7,T2,58,0.0,
player_available,20.0,Drake London,WR,11,7,T2,63,0.0,
player_available,20.0,Drake London,WR,11,7,T2,78,0.0,
player_available,20.0,Drake London,WR,11,7,T2,83,0.0,
player_available,20.0,Drake London,WR,11,7,T2,98,0.0,
player_available,20.0,Drake London,WR,11,7,T2,103,0.0,
player_available,20.0,Drake London,WR,11,7,T2,118,0.0,
player_available,20.0,Drake London,WR,11,7,T2,123,0.0,
player_available,20.0,Drake London,WR,11,7,T2,138,0.0,
player_available,20.0,Drake London,WR,11,7,T2,143,0.0,
player_available,20.0,Drake London,WR,11,7,T2,158,0.0,
player_available,20.0,A.J. Brown,WR,12,8,T2,3,0.93,
player_available,20.0,A.J. Brown,WR,12,8,T2,18,0.4655,
player_available,20.0,A.J. Brown,WR,12,8,T2,23,0.362,
player_available,20.0,A.J. Brown,WR,12,8,T2,38,0.0953,
player_available,20.0,A.J. Brown,WR,12,8,T2,43,0.0165,
player_available,20.0,A.J. Brown,WR,12,8,T2,58,0.0,
player_available,20.0,A.J. Brown,WR,12,8,T2,63,0.0,
player_available,20.0,A.J. Brown,WR,12,8,T2,78,0.0,
player_available,20.0,A.J. Brown,WR,12,8,T2,83,0.0,
player_available,20.0,A.J. Brown,WR,12,8,T2,98,0.0,
player_available,20.0,A.J. Brown,WR,12,8,T2,103,0.0,
player_available,20.0,A.J. Brown,WR,12,8,T2,118,0.0,
player_available,20.0,A.J. Brown,WR,12,8,T2,123,0.0,
player_available,20.0,A.J. Brown,WR,12,8,T2,138,0.0,
player_available,20.0,A.J. Brown,WR,12,8,T2,143,0.0,
player_available,20.0,A.J. Brown,WR,12,8,T2,158,0.0,
player_available,20.0,Nico Collins,WR,13,9,T2,3,0.9345,
player_available,20.0,Nico Collins,WR,13,9,T2,18,0.48,
player_available,20.0,Nico Collins,WR,13,9,T2,23,0.3728,
player_available,20.0,Nico Collins,WR,13,9,T2,38,0.105,
player_available,20.0,Nico Collins,WR,13,9,T2,43,0.0192,
player_available,20.0,Nico Collins,WR,13,9,T2,58,0.0003,
player_available,20.0,Nico Collins,WR,13,9,T2,63,0.0,
player_available,20.0,Nico Collins,WR,13,9,T2,78,0.0,
player_available,20.0,Nico Collins,WR,13,9,T2,83,0.0,
player_available,20.0,Nico Collins,WR,13,9,T2,98,0.0,
player_available,20.0,Nico Collins,WR,13,9,T2,103,0.0,
player_available,20.0,Nico Collins,WR,13,9,T2,118,0.0,
player_available,20.0,Nico Collins,WR,13,9,T2,123,0.0,
player_available,20.0,Nico Collins,WR,13,9,T2,138,0.0,
player_available,20.0,Nico Collins,WR,13,9,T2,143,0.0,
player_available,20.0,Nico Collins,WR,13,9,T2,158,0.0,
player_available,20.0,Ashton Jeanty,RB,14,5,T2,3,0.9445,
player_available,20.0,Ashton Jeanty,RB,14,5,T2,18,0.4928,
player_available,20.0,Ashton Jeanty,RB,14,5,T2,23,0.3832,
player_available,20.0,Ashton Jeanty,RB,14,5,T2,38,0.115,
player_available,20.0,Ashton Jeanty,RB,14,5,T2,43,0.0305,
player_available,20.0,Ashton Jeanty,RB,14,5,T2,58,0.001,
player_available,20.0,Ashton Jeanty,RB,14,5,T2,63,0.0,
player_available,20.0,Ashton Jeanty,RB,14,5,T2,78,0.0,
player_available,20.0,Ashton Jeanty,RB,14,5,T2,83,0.0,
player_available,20.0,Ashton Jeanty,RB,14,5,T2,98,0.0,
player_available,20.0,Ashton Jeanty,RB,14,5,T2,103,0.0,
player_available,20.0,Ashton Jeanty,RB,14,5,T2,118,0.0,
player_available,20.0,Ashton Jeanty,RB,14,5,T2,123,0.0,
player_available,20.0,Ashton Jeanty,RB,14,5,T2,138,0.0,
player_available,20.0,Ashton Jeanty,RB,14,5,T2,143,0.0,
player_available,20.0,Ashton Jeanty,RB,14,5,T2,158,0.0,
player_available,20.0,Trey McBride,TE,15,1,T1,3,0.9477,
player_available,20.0,Trey McBride,TE,15,1,T1,18,0.5152,
player_available,20.0,Trey McBride,TE,15,1,T1,23,0.3987,
player_available,20.0,Trey McBride,TE,15,1,T1,38,0.1242,
player_available,20.0,Trey McBride,TE,15,1,T1,43,0.0365,
player_available,20.0,Trey McBride,TE,15,1,T1,58,0.001,
player_available,20.0,Trey McBride,TE,15,1,T1,63,0.0,
player_available,20.0,Trey McBride,TE,15,1,T1,78,0.0,
player_available,20.0,Trey McBride,TE,15,1,T1,83,0.0,
player_available,20.0,Trey McBride,TE,15,1,T1,98,0.0,
player_available,20.0,Trey McBride,TE,15,1,T1,103,0.0,
player_available,20.0,Trey McBride,TE,15,1,T1,118,0.0,
player_available,20.0,Trey McBride,TE,15,1,T1,123,0.0,
player_available,20.0,Trey McBride,TE,15,1,T1,138,0.0,
player_available,20.0,Trey McBride,TE,15,1,T1,143,0.0,
player_available,20.0,Trey McBride,TE,15,1,T1,158,0.0,
player_available,20.0,George Pickens,WR,16,10,T2,3,0.9543,
player_available,20.0,George Pickens,WR,16,10,T2,18,0.5268,
player_available,20.0,George Pickens,WR,16,10,T2,23,0.4155,
player_available,20.0,George Pickens,WR,16,10,T2,38,0.142,
player_available,20.0,George Pickens,WR,16,10,T2,43,0.0495,
player_available,20.0,George Pickens,WR,16,10,T2,58,0.0013,
player_available,20.0,George Pickens,WR,16,10,T2,63,0.0,
player_available,20.0,George Pickens,WR,16,10,T2,78,0.0,
player_available,20.0,George Pickens,WR,16,10,T2,83,0.0,
player_available,20.0,George Pickens,WR,16,10,T2,98,0.0,
player_available,20.0,George Pickens,WR,16,10,T2,103,0.0,
player_available,20.0,George Pickens,WR,16,10,T2,118,0.0,
player_available,20.0,George Pickens,WR,16,10,T2,123,0.0,
player_available,20.0,George Pickens,WR,16,10,T2,138,0.0,
player_available,20.0,George Pickens,WR,16,10,T2,143,0.0,
player_available,20.0,George Pickens,WR,16,10,T2,158,0.0,
player_available,20.0,James Cook III,RB,17,6,T2,3,0.9583,
player_available,20.0,James Cook III,RB,17,6,T2,18,0.5567,
player_available,20.0,James Cook III,RB,17,6,T2,23,0.4467,
player_available,20.0,James Cook III,RB,17,6,T2,38,0.1608,
player_available,20.0,James Cook III,RB,17,6,T2,43,0.0605,
player_available,20.0,James Cook III,RB,17,6,T2,58,0.0022,
player_available,20.0,James Cook III,RB,17,6,T2,63,0.0,
player_available,20.0,James Cook III,RB,17,6,T2,78,0.0,
player_available,20.0,James Cook III,RB,17,6,T2,83,0.0,
player_available,20.0,James Cook III,RB,17,6,T2,98,0.0,
player_available,20.0,James Cook III,RB,17,6,T2,103,0.0,
player_available,20.0,James Cook III,RB,17,6,T2,118,0.0,
player_available,20.0,James Cook III,RB,17,6,T2,123,0.0,
player_available,20.0,James Cook III,RB,17,6,T2,138,0.0,
player_available,20.0,James Cook III,RB,17,6,T2,143,0.0,
player_available,20.0,James Cook III,RB,17,6,T2,158,0.0,
player_available,20.0,De'Von Achane,RB,18,7,T2,3,0.9635,
player_available,20.0,De'Von Achane,RB,18,7,T2,18,0.5697,
player_available,20.0,De'Von Achane,RB,18,7,T2,23,0.4495,
player_available,20.0,De'Von Achane,RB,18,7,T2,38,0.1708,
player_available,20.0,De'Von Achane,RB,18,7,T2,43,0.0688,
player_available,20.0,De'Von Achane,RB,18,7,T2,58,0.0047,
player_available,20.0,De'Von Achane,RB,18,7,T2,63,0.0,
player_available,20.0,De'Von Achane,RB,18,7,T2,78,0.0,
player_available,20.0,De'Von Achane,RB,18,7,T2,83,0.0,
player_available,20.0,De'Von Achane,RB,18,7,T2,98,0.0,
player_available,20.0,De'Von Achane,RB,18,7,T2,103,0.0,
player_available,20.0,De'Von Achane,RB,18,7,T2,118,0.0,
player_available,20.0,De'Von Achane,RB,18,7,T2,123,0.0,
player_available,20.0,De'Von Achane,RB,18,7,T2,138,0.0,
player_available,20.0,De'Von Achane,RB,18,7,T2,143,0.0,
player_available,20.0,De'Von Achane,RB,18,7,T2,158,0.0,
player_available,20.0,Chase Brown,RB,19,8,T2,3,0.9637,
player_available,20.0,Chase Brown,RB,19,8,T2,18,0.5837,
player_available,20.0,Chase Brown,RB,19,8,T2,23,0.4763,
player_available,20.0,Chase Brown,RB,19,8,T2,38,0.1872,
player_available,20.0,Chase Brown,RB,19,8,T2,43,0.0882,
player_available,20.0,Chase Brown,RB,19,8,T2,58,0.0047,
player_available,20.0,Chase Brown,RB,19,8,T2,63,0.0003,
player_available,20.0,Chase Brown,RB,19,8,T2,78,0.0,
player_available,20.0,Chase Brown,RB,19,8,T2,83,0.0,
player_available,20.0,Chase Brown,RB,19,8,T2,98,0.0,
player_available,20.0,Chase Brown,RB,19,8,T2,103,0.0,
player_available,20.0,Chase Brown,RB,19,8,T2,118,0.0,
player_available,20.0,Chase Brown,RB,19,8,T2,123,0.0,
player_available,20.0,Chase Brown,RB,19,8,T2,138,0.0,
player_available,20.0,Chase Brown,RB,19,8,T2,143,0.0,
player_available,20.0,Chase Brown,RB,19,8,T2,158,0.0,
player_available,20.0,Chris Olave,WR,20,11,T2,3,0.9643,
player_available,20.0,Chris Olave,WR,20,11,T2,18,0.618,
player_available,20.0,Chris Olave,WR,20,11,T2,23,0.5102,
player_available,20.0,Chris Olave,WR,20,11,T2,38,0.197,
player_available,20.0,Chris Olave,WR,20,11,T2,43,0.1032,
player_available,20.0,Chris Olave,WR,20,11,T2,58,0.008,
player_available,20.0,Chris Olave,WR,20,11,T2,63,0.0,
player_available,20.0,Chris Olave,WR,20,11,T2,78,0.0,
player_available,20.0,Chris Olave,WR,20,11,T2,83,0.0,
player_available,20.0,Chris Olave,WR,20,11,T2,98,0.0,
player_available,20.0,Chris Olave,WR,20,11,T2,103,0.0,
player_available,20.0,Chris Olave,WR,20,11,T2,118,0.0,
player_available,20.0,Chris Olave,WR,20,11,T2,123,0.0,
player_available,20.0,Chris Olave,WR,20,11,T2,138,0.0,
player_available,20.0,Chris Olave,WR,20,11,T2,143,0.0,
player_available,20.0,Chris Olave,WR,20,11,T2,158,0.0,
player_available,20.0,Brock Bowers,TE,21,2,T1,3,0.97,
player_available,20.0,Brock Bowers,TE,21,2,T1,18,0.6302,
player_available,20.0,Brock Bowers,TE,21,2,T1,23,0.5202,
player_available,20.0,Brock Bowers,TE,21,2,T1,38,0.2142,
player_available,20.0,Brock Bowers,TE,21,2,T1,43,0.1245,
player_available,20.0,Brock Bowers,TE,21,2,T1,58,0.013,
player_available,20.0,Brock Bowers,TE,21,2,T1,63,0.0005,
player_available,20.0,Brock Bowers,TE,21,2,T1,78,0.0,
player_available,20.0,Brock Bowers,TE,21,2,T1,83,0.0,
player_available,20.0,Brock Bowers,TE,21,2,T1,98,0.0,
player_available,20.0,Brock Bowers,TE,21,2,T1,103,0.0,
player_available,20.0,Brock Bowers,TE,21,2,T1,118,0.0,
player_available,20.0,Brock Bowers,TE,21,2,T1,123,0.0,
player_available,20.0,Brock Bowers,TE,21,2,T1,138,0.0,
player_available,20.0,Brock Bowers,TE,21,2,T1,143,0.0,
player_available,20.0,Brock Bowers,TE,21,2,T1,158,0.0,
player_available,20.0,Rashee Rice,WR,22,12,T2,3,0.9762,
player_available,20.0,Rashee Rice,WR,22,12,T2,18,0.6512,
player_available,20.0,Rashee Rice,WR,22,12,T2,23,0.531,
player_available,20.0,Rashee Rice,WR,22,12,T2,38,0.231,
player_available,20.0,Rashee Rice,WR,22,12,T2,43,0.1462,
player_available,20.0,Rashee Rice,WR,22,12,T2,58,0.014,
player_available,20.0,Rashee Rice,WR,22,12,T2,63,0.0005,
player_available,20.0,Rashee Rice,WR,22,12,T2,78,0.0,
player_available,20.0,Rashee Rice,WR,22,12,T2,83,0.0,
player_available,20.0,Rashee Rice,WR,22,12,T2,98,0.0,
player_available,20.0,Rashee Rice,WR,22,12,T2,103,0.0,
player_available,20.0,Rashee Rice,WR,22,12,T2,118,0.0,
player_available,20.0,Rashee Rice,WR,22,12,T2,123,0.0,
player_available,20.0,Rashee Rice,WR,22,12,T2,138,0.0,
player_available,20.0,Rashee Rice,WR,22,12,T2,143,0.0,
player_available,20.0,Rashee Rice,WR,22,12,T2,158,0.0,
player_available,20.0,Omarion Hampton,RB,23,9,T2,3,0.9775,
player_available,20.0,Omarion Hampton,RB,23,9,T2,18,0.6605,
player_available,20.0,Omarion Hampton,RB,23,9,T2,23,0.5525,
player_available,20.0,Omarion Hampton,RB,23,9,T2,38,0.239,
player_available,20.0,Omarion Hampton,RB,23,9,T2,43,0.1565,
player_available,20.0,Omarion Hampton,RB,23,9,T2,58,0.022,
player_available,20.0,Omarion Hampton,RB,23,9,T2,63,0.001,
player_available,20.0,Omarion Hampton,RB,23,9,T2,78,0.0,
player_available,20.0,Omarion Hampton,RB,23,9,T2,83,0.0,
player_available,20.0,Omarion Hampton,RB,23,9,T2,98,0.0,
player_available,20.0,Omarion Hampton,RB,23,9,T2,103,0.0,
player_available,20.0,Omarion Hampton,RB,23,9,T2,118,0.0,
player_available,20.0,Omarion Hampton,RB,23,9,T2,123,0.0,
player_available,20.0,Omarion Hampton,RB,23,9,T2,138,0.0,
player_available,20.0,Omarion Hampton,RB,23,9,T2,143,0.0,
player_available,20.0,Omarion Hampton,RB,23,9,T2,158,0.0,
player_available,20.0,DeVonta Smith,WR,24,13,T3,3,0.9838,
player_available,20.0,DeVonta Smith,WR,24,13,T3,18,0.6857,
player_available,20.0,DeVonta Smith,WR,24,13,T3,23,0.582,
player_available,20.0,DeVonta Smith,WR,24,13,T3,38,0.2567,
player_available,20.0,DeVonta Smith,WR,24,13,T3,43,0.1735,
player_available,20.0,DeVonta Smith,WR,24,13,T3,58,0.0285,
player_available,20.0,DeVonta Smith,WR,24,13,T3,63,0.003,
player_available,20.0,DeVonta Smith,WR,24,13,T3,78,0.0,
player_available,20.0,DeVonta Smith,WR,24,13,T3,83,0.0,
player_available,20.0,DeVonta Smith,WR,24,13,T3,98,0.0,
player_available,20.0,DeVonta Smith,WR,24,13,T3,103,0.0,
player_available,20.0,DeVonta Smith,WR,24,13,T3,118,0.0,
player_available,20.0,DeVonta Smith,WR,24,13,T3,123,0.0,
player_available,20.0,DeVonta Smith,WR,24,13,T3,138,0.0,
player_available,20.0,DeVonta Smith,WR,24,13,T3,143,0.0,
player_available,20.0,DeVonta Smith,WR,24,13,T3,158,0.0,
player_available,20.0,Josh Allen,QB,25,1,T1,3,0.9835,
player_available,20.0,Josh Allen,QB,25,1,T1,18,0.7097,
player_available,20.0,Josh Allen,QB,25,1,T1,23,0.609,
player_available,20.0,Josh Allen,QB,25,1,T1,38,0.295,
player_available,20.0,Josh Allen,QB,25,1,T1,43,0.213,
player_available,20.0,Josh Allen,QB,25,1,T1,58,0.0387,
player_available,20.0,Josh Allen,QB,25,1,T1,63,0.0037,
player_available,20.0,Josh Allen,QB,25,1,T1,78,0.0,
player_available,20.0,Josh Allen,QB,25,1,T1,83,0.0,
player_available,20.0,Josh Allen,QB,25,1,T1,98,0.0,
player_available,20.0,Josh Allen,QB,25,1,T1,103,0.0,
player_available,20.0,Josh Allen,QB,25,1,T1,118,0.0,
player_available,20.0,Josh Allen,QB,25,1,T1,123,0.0,
player_available,20.0,Josh Allen,QB,25,1,T1,138,0.0,
player_available,20.0,Josh Allen,QB,25,1,T1,143,0.0,
player_available,20.0,Josh Allen,QB,25,1,T1,158,0.0,
player_available,20.0,Saquon Barkley,RB,26,10,T2,3,0.9825,
player_available,20.0,Saquon Barkley,RB,26,10,T2,18,0.7258,
player_available,20.0,Saquon Barkley,RB,26,10,T2,23,0.6288,
player_available,20.0,Saquon Barkley,RB,26,10,T2,38,0.2973,
player_available,20.0,Saquon Barkley,RB,26,10,T2,43,0.2102,
player_available,20.0,Saquon Barkley,RB,26,10,T2,58,0.0385,
player_available,20.0,Saquon Barkley,RB,26,10,T2,63,0.0035,
player_available,20.0,Saquon Barkley,RB,26,10,T2,78,0.0,
player_available,20.0,Saquon Barkley,RB,26,10,T2,83,0.0,
player_available,20.0,Saquon Barkley,RB,26,10,T2,98,0.0,
player_available,20.0,Saquon Barkley,RB,26,10,T2,103,0.0,
player_available,20.0,Saquon Barkley,RB,26,10,T2,118,0.0,
player_available,20.0,Saquon Barkley,RB,26,10,T2,123,0.0,
player_available,20.0,Saquon Barkley,RB,26,10,T2,138,0.0,
player_available,20.0,Saquon Barkley,RB,26,10,T2,143,0.0,
player_available,20.0,Saquon Barkley,RB,26,10,T2,158,0.0,
player_available,20.0,Garrett Wilson,WR,27,14,T3,3,0.9888,
player_available,20.0,Garrett Wilson,WR,27,14,T3,18,0.7455,
player_available,20.0,Garrett Wilson,WR,27,14,T3,23,0.6525,
player_available,20.0,Garrett Wilson,WR,27,14,T3,38,0.3075,
player_available,20.0,Garrett Wilson,WR,27,14,T3,43,0.2243,
player_available,20.0,Garrett Wilson,WR,27,14,T3,58,0.046,
player_available,20.0,Garrett Wilson,WR,27,14,T3,63,0.004,
player_available,20.0,Garrett Wilson,WR,27,14,T3,78,0.0,
player_available,20.0,Garrett Wilson,WR,27,14,T3,83,0.0,
player_available,20.0,Garrett Wilson,WR,27,14,T3,98,0.0,
player_available,20.0,Garrett Wilson,WR,27,14,T3,103,0.0,
player_available,20.0,Garrett Wilson,WR,27,14,T3,118,0.0,
player_available,20.0,Garrett Wilson,WR,27,14,T3,123,0.0,
player_available,20.0,Garrett Wilson,WR,27,14,T3,138,0.0,
player_available,20.0,Garrett Wilson,WR,27,14,T3,143,0.0,
player_available,20.0,Garrett Wilson,WR,27,14,T3,158,0.0,
player_available,20.0,Tetairoa McMillan,WR,28,15,T3,3,0.9845,
player_available,20.0,Tetairoa McMillan,WR,28,15,T3,18,0.7535,
player_available,20.0,Tetairoa McMillan,WR,28,15,T3,23,0.66,
player_available,20.0,Tetairoa McMillan,WR,28,15,T3,38,0.3267,
player_available,20.0,Tetairoa McMillan,WR,28,15,T3,43,0.2495,
player_available,20.0,Tetairoa McMillan,WR,28,15,T3,58,0.0622,
player_available,20.0,Tetairoa McMillan,WR,28,15,T3,63,0.0097,
player_available,20.0,Tetairoa McMillan,WR,28,15,T3,78,0.0,
player_available,20.0,Tetairoa McMillan,WR,28,15,T3,83,0.0,
player_available,20.0,Tetairoa McMillan,WR,28,15,T3,98,0.0,
player_available,20.0,Tetairoa McMillan,WR,28,15,T3,103,0.0,
player_available,20.0,Tetairoa McMillan,WR,28,15,T3,118,0.0,
player_available,20.0,Tetairoa McMillan,WR,28,15,T3,123,0.0,
player_available,20.0,Tetairoa McMillan,WR,28,15,T3,138,0.0,
player_available,20.0,Tetairoa McMillan,WR,28,15,T3,143,0.0,
player_available,20.0,Tetairoa McMillan,WR,28,15,T3,158,0.0,
player_available,20.0,Zay Flowers,WR,29,16,T3,3,0.9895,
player_available,20.0,Zay Flowers,WR,29,16,T3,18,0.774,
player_available,20.0,Zay Flowers,WR,29,16,T3,23,0.6785,
player_available,20.0,Zay Flowers,WR,29,16,T3,38,0.3422,
player_available,20.0,Zay Flowers,WR,29,16,T3,43,0.2537,
player_available,20.0,Zay Flowers,WR,29,16,T3,58,0.0775,
player_available,20.0,Zay Flowers,WR,29,16,T3,63,0.011,
player_available,20.0,Zay Flowers,WR,29,16,T3,78,0.0008,
player_available,20.0,Zay Flowers,WR,29,16,T3,83,0.0,
player_available,20.0,Zay Flowers,WR,29,16,T3,98,0.0,
player_available,20.0,Zay Flowers,WR,29,16,T3,103,0.0,
player_available,20.0,Zay Flowers,WR,29,16,T3,118,0.0,
player_available,20.0,Zay Flowers,WR,29,16,T3,123,0.0,
player_available,20.0,Zay Flowers,WR,29,16,T3,138,0.0,
player_available,20.0,Zay Flowers,WR,29,16,T3,143,0.0,
player_available,20.0,Zay Flowers,WR,29,16,T3,158,0.0,
player_available,20.0,Kenneth Walker III,RB,30,11,T3,3,0.9902,
player_available,20.0,Kenneth Walker III,RB,30,11,T3,18,0.781,
player_available,20.0,Kenneth Walker III,RB,30,11,T3,23,0.7025,
player_available,20.0,Kenneth Walker III,RB,30,11,T3,38,0.3733,
player_available,20.0,Kenneth Walker III,RB,30,11,T3,43,0.2825,
player_available,20.0,Kenneth Walker III,RB,30,11,T3,58,0.0815,
player_available,20.0,Kenneth Walker III,RB,30,11,T3,63,0.0163,
player_available,20.0,Kenneth Walker III,RB,30,11,T3,78,0.0003,
player_available,20.0,Kenneth Walker III,RB,30,11,T3,83,0.0,
player_available,20.0,Kenneth Walker III,RB,30,11,T3,98,0.0,
player_available,20.0,Kenneth Walker III,RB,30,11,T3,103,0.0,
player_available,20.0,Kenneth Walker III,RB,30,11,T3,118,0.0,
player_available,20.0,Kenneth Walker III,RB,30,11,T3,123,0.0,
player_available,20.0,Kenneth Walker III,RB,30,11,T3,138,0.0,
player_available,20.0,Kenneth Walker III,RB,30,11,T3,143,0.0,
player_available,20.0,Kenneth Walker III,RB,30,11,T3,158,0.0,
player_available,20.0,Tee Higgins,WR,31,17,T3,3,0.9915,
player_available,20.0,Tee Higgins,WR,31,17,T3,18,0.797,
player_available,20.0,Tee Higgins,WR,31,17,T3,23,0.705,
player_available,20.0,Tee Higgins,WR,31,17,T3,38,0.3882,
player_available,20.0,Tee Higgins,WR,31,17,T3,43,0.3018,
player_available,20.0,Tee Higgins,WR,31,17,T3,58,0.0902,
player_available,20.0,Tee Higgins,WR,31,17,T3,63,0.0173,
player_available,20.0,Tee Higgins,WR,31,17,T3,78,0.0003,
player_available,20.0,Tee Higgins,WR,31,17,T3,83,0.0,
player_available,20.0,Tee Higgins,WR,31,17,T3,98,0.0,
player_available,20.0,Tee Higgins,WR,31,17,T3,103,0.0,
player_available,20.0,Tee Higgins,WR,31,17,T3,118,0.0,
player_available,20.0,Tee Higgins,WR,31,17,T3,123,0.0,
player_available,20.0,Tee Higgins,WR,31,17,T3,138,0.0,
player_available,20.0,Tee Higgins,WR,31,17,T3,143,0.0,
player_available,20.0,Tee Higgins,WR,31,17,T3,158,0.0,
player_available,20.0,Lamar Jackson,QB,32,2,T1,3,0.99,
player_available,20.0,Lamar Jackson,QB,32,2,T1,18,0.8195,
player_available,20.0,Lamar Jackson,QB,32,2,T1,23,0.7395,
player_available,20.0,Lamar Jackson,QB,32,2,T1,38,0.4103,
player_available,20.0,Lamar Jackson,QB,32,2,T1,43,0.3245,
player_available,20.0,Lamar Jackson,QB,32,2,T1,58,0.1045,
player_available,20.0,Lamar Jackson,QB,32,2,T1,63,0.0352,
player_available,20.0,Lamar Jackson,QB,32,2,T1,78,0.0022,
player_available,20.0,Lamar Jackson,QB,32,2,T1,83,0.0003,
player_available,20.0,Lamar Jackson,QB,32,2,T1,98,0.0,
player_available,20.0,Lamar Jackson,QB,32,2,T1,103,0.0,
player_available,20.0,Lamar Jackson,QB,32,2,T1,118,0.0,
player_available,20.0,Lamar Jackson,QB,32,2,T1,123,0.0,
player_available,20.0,Lamar Jackson,QB,32,2,T1,138,0.0,
player_available,20.0,Lamar Jackson,QB,32,2,T1,143,0.0,
player_available,20.0,Lamar Jackson,QB,32,2,T1,158,0.0,
player_available,20.0,Drake Maye,QB,33,3,T2,3,0.9925,
player_available,20.0,Drake Maye,QB,33,3,T2,18,0.8265,
player_available,20.0,Drake Maye,QB,33,3,T2,23,0.7598,
player_available,20.0,Drake Maye,QB,33,3,T2,38,0.4427,
player_available,20.0,Drake Maye,QB,33,3,T2,43,0.356,
player_available,20.0,Drake Maye,QB,33,3,T2,58,0.1232,
player_available,20.0,Drake Maye,QB,33,3,T2,63,0.04,
player_available,20.0,Drake Maye,QB,33,3,T2,78,0.0025,
player_available,20.0,Drake Maye,QB,33,3,T2,83,0.0,
player_available,20.0,Drake Maye,QB,33,3,T2,98,0.0,
player_available,20.0,Drake Maye,QB,33,3,T2,103,0.0,
player_available,20.0,Drake Maye,QB,33,3,T2,118,0.0,
player_available,20.0,Drake Maye,QB,33,3,T2,123,0.0,
player_available,20.0,Drake Maye,QB,33,3,T2,138,0.0,
player_available,20.0,Drake Maye,QB,33,3,T2,143,0.0,
player_available,20.0,Drake Maye,QB,33,3,T2,158,0.0,
player_available,20.0,Ladd McConkey,WR,34,18,T3,3,0.994,
player_available,20.0,Ladd McConkey,WR,34,18,T3,18,0.8275,
player_available,20.0,Ladd McConkey,WR,34,18,T3,23,0.754,
player_available,20.0,Ladd McConkey,WR,34,18,T3,38,0.448,
player_available,20.0,Ladd McConkey,WR,34,18,T3,43,0.3573,
player_available,20.0,Ladd McConkey,WR,34,18,T3,58,0.1175,
player_available,20.0,Ladd McConkey,WR,34,18,T3,63,0.0408,
player_available,20.0,Ladd McConkey,WR,34,18,T3,78,0.0008,
player_available,20.0,Ladd McConkey,WR,34,18,T3,83,0.0,
player_available,20.0,Ladd McConkey,WR,34,18,T3,98,0.0,
player_available,20.0,Ladd McConkey,WR,34,18,T3,103,0.0,
player_available,20.0,Ladd McConkey,WR,34,18,T3,118,0.0,
player_available,20.0,Ladd McConkey,WR,34,18,T3,123,0.0,
player_available,20.0,Ladd McConkey,WR,34,18,T3,138,0.0,
player_available,20.0,Ladd McConkey,WR,34,18,T3,143,0.0,
player_available,20.0,Ladd McConkey,WR,34,18,T3,158,0.0,
player_available,20.0,Jaylen Waddle,WR,35,19,T3,3,0.9965,
player_available,20.0,Jaylen Waddle,WR,35,19,T3,18,0.846,
player_available,20.0,Jaylen Waddle,WR,35,19,T3,23,0.77,
player_available,20.0,Jaylen Waddle,WR,35,19,T3,38,0.4725,
player_available,20.0,Jaylen Waddle,WR,35,19,T3,43,0.3842,
player_available,20.0,Jaylen Waddle,WR,35,19,T3,58,0.128,
player_available,20.0,Jaylen Waddle,WR,35,19,T3,63,0.0483,
player_available,20.0,Jaylen Waddle,WR,35,19,T3,78,0.002,
player_available,20.0,Jaylen Waddle,WR,35,19,T3,83,0.0,
player_available,20.0,Jaylen Waddle,WR,35,19,T3,98,0.0,
player_available,20.0,Jaylen Waddle,WR,35,19,T3,103,0.0,
player_available,20.0,Jaylen Waddle,WR,35,19,T3,118,0.0,
player_available,20.0,Jaylen Waddle,WR,35,19,T3,123,0.0,
player_available,20.0,Jaylen Waddle,WR,35,19,T3,138,0.0,
player_available,20.0,Jaylen Waddle,WR,35,19,T3,143,0.0,
player_available,20.0,Jaylen Waddle,WR,35,19,T3,158,0.0,
player_available,20.0,Emeka Egbuka,WR,36,20,T3,3,0.9958,
player_available,20.0,Emeka Egbuka,WR,36,20,T3,18,0.8572,
player_available,20.0,Emeka Egbuka,WR,36,20,T3,23,0.793,
player_available,20.0,Emeka Egbuka,WR,36,20,T3,38,0.4915,
player_available,20.0,Emeka Egbuka,WR,36,20,T3,43,0.4012,
player_available,20.0,Emeka Egbuka,WR,36,20,T3,58,0.1417,
player_available,20.0,Emeka Egbuka,WR,36,20,T3,63,0.061,
player_available,20.0,Emeka Egbuka,WR,36,20,T3,78,0.0022,
player_available,20.0,Emeka Egbuka,WR,36,20,T3,83,0.0,
player_available,20.0,Emeka Egbuka,WR,36,20,T3,98,0.0,
player_available,20.0,Emeka Egbuka,WR,36,20,T3,103,0.0,
player_available,20.0,Emeka Egbuka,WR,36,20,T3,118,0.0,
player_available,20.0,Emeka Egbuka,WR,36,20,T3,123,0.0,
player_available,20.0,Emeka Egbuka,WR,36,20,T3,138,0.0,
player_available,20.0,Emeka Egbuka,WR,36,20,T3,143,0.0,
player_available,20.0,Emeka Egbuka,WR,36,20,T3,158,0.0,
player_available,20.0,Colston Loveland,TE,37,3,T2,3,0.9958,
player_available,20.0,Colston Loveland,TE,37,3,T2,18,0.8748,
player_available,20.0,Colston Loveland,TE,37,3,T2,23,0.8053,
player_available,20.0,Colston Loveland,TE,37,3,T2,38,0.5028,
player_available,20.0,Colston Loveland,TE,37,3,T2,43,0.417,
player_available,20.0,Colston Loveland,TE,37,3,T2,58,0.144,
player_available,20.0,Colston Loveland,TE,37,3,T2,63,0.0675,
player_available,20.0,Colston Loveland,TE,37,3,T2,78,0.0047,
player_available,20.0,Colston Loveland,TE,37,3,T2,83,0.0005,
player_available,20.0,Colston Loveland,TE,37,3,T2,98,0.0,
player_available,20.0,Colston Loveland,TE,37,3,T2,103,0.0,
player_available,20.0,Colston Loveland,TE,37,3,T2,118,0.0,
player_available,20.0,Colston Loveland,TE,37,3,T2,123,0.0,
player_available,20.0,Colston Loveland,TE,37,3,T2,138,0.0,
player_available,20.0,Colston Loveland,TE,37,3,T2,143,0.0,
player_available,20.0,Colston Loveland,TE,37,3,T2,158,0.0,
player_available,20.0,Derrick Henry,RB,38,12,T3,3,0.997,
player_available,20.0,Derrick Henry,RB,38,12,T3,18,0.8855,
player_available,20.0,Derrick Henry,RB,38,12,T3,23,0.8223,
player_available,20.0,Derrick Henry,RB,38,12,T3,38,0.5218,
player_available,20.0,Derrick Henry,RB,38,12,T3,43,0.4268,
player_available,20.0,Derrick Henry,RB,38,12,T3,58,0.174,
player_available,20.0,Derrick Henry,RB,38,12,T3,63,0.0885,
player_available,20.0,Derrick Henry,RB,38,12,T3,78,0.007,
player_available,20.0,Derrick Henry,RB,38,12,T3,83,0.0,
player_available,20.0,Derrick Henry,RB,38,12,T3,98,0.0,
player_available,20.0,Derrick Henry,RB,38,12,T3,103,0.0,
player_available,20.0,Derrick Henry,RB,38,12,T3,118,0.0,
player_available,20.0,Derrick Henry,RB,38,12,T3,123,0.0,
player_available,20.0,Derrick Henry,RB,38,12,T3,138,0.0,
player_available,20.0,Derrick Henry,RB,38,12,T3,143,0.0,
player_available,20.0,Derrick Henry,RB,38,12,T3,158,0.0,
player_available,20.0,Malik Nabers,WR,39,21,T3,3,0.9972,
player_available,20.0,Malik Nabers,WR,39,21,T3,18,0.886,
player_available,20.0,Malik Nabers,WR,39,21,T3,23,0.8215,
player_available,20.0,Malik Nabers,WR,39,21,T3,38,0.5387,
player_available,20.0,Malik Nabers,WR,39,21,T3,43,0.4467,
player_available,20.0,Malik Nabers,WR,39,21,T3,58,0.1835,
player_available,20.0,Malik Nabers,WR,39,21,T3,63,0.1017,
player_available,20.0,Malik Nabers,WR,39,21,T3,78,0.005,
player_available,20.0,Malik Nabers,WR,39,21,T3,83,0.0,
player_available,20.0,Malik Nabers,WR,39,21,T3,98,0.0,
player_available,20.0,Malik Nabers,WR,39,21,T3,103,0.0,
player_available,20.0,Malik Nabers,WR,39,21,T3,118,0.0,
player_available,20.0,Malik Nabers,WR,39,21,T3,123,0.0,
player_available,20.0,Malik Nabers,WR,39,21,T3,138,0.0,
player_available,20.0,Malik Nabers,WR,39,21,T3,143,0.0,
player_available,20.0,Malik Nabers,WR,39,21,T3,158,0.0,
player_available,20.0,Breece Hall,RB,40,13,T3,3,0.9992,
player_available,20.0,Breece Hall,RB,40,13,T3,18,0.896,
player_available,20.0,Breece Hall,RB,40,13,T3,23,0.8415,
player_available,20.0,Breece Hall,RB,40,13,T3,38,0.5645,
player_available,20.0,Breece Hall,RB,40,13,T3,43,0.475,
player_available,20.0,Breece Hall,RB,40,13,T3,58,0.185,
player_available,20.0,Breece Hall,RB,40,13,T3,63,0.106,
player_available,20.0,Breece Hall,RB,40,13,T3,78,0.009,
player_available,20.0,Breece Hall,RB,40,13,T3,83,0.0008,
player_available,20.0,Breece Hall,RB,40,13,T3,98,0.0,
player_available,20.0,Breece Hall,RB,40,13,T3,103,0.0,
player_available,20.0,Breece Hall,RB,40,13,T3,118,0.0,
player_available,20.0,Breece Hall,RB,40,13,T3,123,0.0,
player_available,20.0,Breece Hall,RB,40,13,T3,138,0.0,
player_available,20.0,Breece Hall,RB,40,13,T3,143,0.0,
player_available,20.0,Breece Hall,RB,40,13,T3,158,0.0,
player_available,20.0,Kyren Williams,RB,41,14,T3,3,0.9985,
player_available,20.0,Kyren Williams,RB,41,14,T3,18,0.9145,
player_available,20.0,Kyren Williams,RB,41,14,T3,23,0.8592,
player_available,20.0,Kyren Williams,RB,41,14,T3,38,0.5843,
player_available,20.0,Kyren Williams,RB,41,14,T3,43,0.488,
player_available,20.0,Kyren Williams,RB,41,14,T3,58,0.2035,
player_available,20.0,Kyren Williams,RB,41,14,T3,63,0.1232,
player_available,20.0,Kyren Williams,RB,41,14,T3,78,0.0127,
player_available,20.0,Kyren Williams,RB,41,14,T3,83,0.0005,
player_available,20.0,Kyren Williams,RB,41,14,T3,98,0.0,
player_available,20.0,Kyren Williams,RB,41,14,T3,103,0.0,
player_available,20.0,Kyren Williams,RB,41,14,T3,118,0.0,
player_available,20.0,Kyren Williams,RB,41,14,T3,123,0.0,
player_available,20.0,Kyren Williams,RB,41,14,T3,138,0.0,
player_available,20.0,Kyren Williams,RB,41,14,T3,143,0.0,
player_available,20.0,Kyren Williams,RB,41,14,T3,158,0.0,
player_available,20.0,Terry McLaurin,WR,42,22,T3,3,0.9978,
player_available,20.0,Terry McLaurin,WR,42,22,T3,18,0.9207,
player_available,20.0,Terry McLaurin,WR,42,22,T3,23,0.866,
player_available,20.0,Terry McLaurin,WR,42,22,T3,38,0.6118,
player_available,20.0,Terry McLaurin,WR,42,22,T3,43,0.5142,
player_available,20.0,Terry McLaurin,WR,42,22,T3,58,0.224,
player_available,20.0,Terry McLaurin,WR,42,22,T3,63,0.1405,
player_available,20.0,Terry McLaurin,WR,42,22,T3,78,0.015,
player_available,20.0,Terry McLaurin,WR,42,22,T3,83,0.001,
player_available,20.0,Terry McLaurin,WR,42,22,T3,98,0.0,
player_available,20.0,Terry McLaurin,WR,42,22,T3,103,0.0,
player_available,20.0,Terry McLaurin,WR,42,22,T3,118,0.0,
player_available,20.0,Terry McLaurin,WR,42,22,T3,123,0.0,
player_available,20.0,Terry McLaurin,WR,42,22,T3,138,0.0,
player_available,20.0,Terry McLaurin,WR,42,22,T3,143,0.0,
player_available,20.0,Terry McLaurin,WR,42,22,T3,158,0.0,
player_available,20.0,Joe Burrow,QB,43,4,T2,3,0.998,
player_available,20.0,Joe Burrow,QB,43,4,T2,18,0.9385,
player_available,20.0,Joe Burrow,QB,43,4,T2,23,0.888,
player_available,20.0,Joe Burrow,QB,43,4,T2,38,0.6362,
player_available,20.0,Joe Burrow,QB,43,4,T2,43,0.555,
player_available,20.0,Joe Burrow,QB,43,4,T2,58,0.25,
player_available,20.0,Joe Burrow,QB,43,4,T2,63,0.1852,
player_available,20.0,Joe Burrow,QB,43,4,T2,78,0.0485,
player_available,20.0,Joe Burrow,QB,43,4,T2,83,0.0037,
player_available,20.0,Joe Burrow,QB,43,4,T2,98,0.0,
player_available,20.0,Joe Burrow,QB,43,4,T2,103,0.0,
player_available,20.0,Joe Burrow,QB,43,4,T2,118,0.0,
player_available,20.0,Joe Burrow,QB,43,4,T2,123,0.0,
player_available,20.0,Joe Burrow,QB,43,4,T2,138,0.0,
player_available,20.0,Joe Burrow,QB,43,4,T2,143,0.0,
player_available,20.0,Joe Burrow,QB,43,4,T2,158,0.0,
player_available,20.0,Josh Jacobs,RB,44,15,T3,3,1.0,
player_available,20.0,Josh Jacobs,RB,44,15,T3,18,0.9405,
player_available,20.0,Josh Jacobs,RB,44,15,T3,23,0.8988,
player_available,20.0,Josh Jacobs,RB,44,15,T3,38,0.6512,
player_available,20.0,Josh Jacobs,RB,44,15,T3,43,0.558,
player_available,20.0,Josh Jacobs,RB,44,15,T3,58,0.2615,
player_available,20.0,Josh Jacobs,RB,44,15,T3,63,0.182,
player_available,20.0,Josh Jacobs,RB,44,15,T3,78,0.0275,
player_available,20.0,Josh Jacobs,RB,44,15,T3,83,0.0022,
player_available,20.0,Josh Jacobs,RB,44,15,T3,98,0.0,
player_available,20.0,Josh Jacobs,RB,44,15,T3,103,0.0,
player_available,20.0,Josh Jacobs,RB,44,15,T3,118,0.0,
player_available,20.0,Josh Jacobs,RB,44,15,T3,123,0.0,
player_available,20.0,Josh Jacobs,RB,44,15,T3,138,0.0,
player_available,20.0,Josh Jacobs,RB,44,15,T3,143,0.0,
player_available,20.0,Josh Jacobs,RB,44,15,T3,158,0.0,
player_available,20.0,Luther Burden III,WR,45,23,T3,3,0.9982,
player_available,20.0,Luther Burden III,WR,45,23,T3,18,0.9383,
player_available,20.0,Luther Burden III,WR,45,23,T3,23,0.8975,
player_available,20.0,Luther Burden III,WR,45,23,T3,38,0.6545,
player_available,20.0,Luther Burden III,WR,45,23,T3,43,0.5663,
player_available,20.0,Luther Burden III,WR,45,23,T3,58,0.2727,
player_available,20.0,Luther Burden III,WR,45,23,T3,63,0.1975,
player_available,20.0,Luther Burden III,WR,45,23,T3,78,0.0325,
player_available,20.0,Luther Burden III,WR,45,23,T3,83,0.003,
player_available,20.0,Luther Burden III,WR,45,23,T3,98,0.0,
player_available,20.0,Luther Burden III,WR,45,23,T3,103,0.0,
player_available,20.0,Luther Burden III,WR,45,23,T3,118,0.0,
player_available,20.0,Luther Burden III,WR,45,23,T3,123,0.0,
player_available,20.0,Luther Burden III,WR,45,23,T3,138,0.0,
player_available,20.0,Luther Burden III,WR,45,23,T3,143,0.0,
player_available,20.0,Luther Burden III,WR,45,23,T3,158,0.0,
player_available,20.0,Javonte Williams,RB,46,16,T3,3,0.9998,
player_available,20.0,Javonte Williams,RB,46,16,T3,18,0.9423,
player_available,20.0,Javonte Williams,RB,46,16,T3,23,0.9073,
player_available,20.0,Javonte Williams,RB,46,16,T3,38,0.6807,
player_available,20.0,Javonte Williams,RB,46,16,T3,43,0.5952,
player_available,20.0,Javonte Williams,RB,46,16,T3,58,0.29,
player_available,20.0,Javonte Williams,RB,46,16,T3,63,0.2097,
player_available,20.0,Javonte Williams,RB,46,16,T3,78,0.0415,
player_available,20.0,Javonte Williams,RB,46,16,T3,83,0.0047,
player_available,20.0,Javonte Williams,RB,46,16,T3,98,0.0,
player_available,20.0,Javonte Williams,RB,46,16,T3,103,0.0,
player_available,20.0,Javonte Williams,RB,46,16,T3,118,0.0,
player_available,20.0,Javonte Williams,RB,46,16,T3,123,0.0,
player_available,20.0,Javonte Williams,RB,46,16,T3,138,0.0,
player_available,20.0,Javonte Williams,RB,46,16,T3,143,0.0,
player_available,20.0,Javonte Williams,RB,46,16,T3,158,0.0,
player_available,20.0,Travis Etienne Jr.,RB,47,17,T3,3,0.9988,
player_available,20.0,Travis Etienne Jr.,RB,47,17,T3,18,0.946,
player_available,20.0,Travis Etienne Jr.,RB,47,17,T3,23,0.9107,
player_available,20.0,Travis Etienne Jr.,RB,47,17,T3,38,0.6945,
player_available,20.0,Travis Etienne Jr.,RB,47,17,T3,43,0.606,
player_available,20.0,Travis Etienne Jr.,RB,47,17,T3,58,0.3008,
player_available,20.0,Travis Etienne Jr.,RB,47,17,T3,63,0.2205,
player_available,20.0,Travis Etienne Jr.,RB,47,17,T3,78,0.045,
player_available,20.0,Travis Etienne Jr.,RB,47,17,T3,83,0.0037,
player_available,20.0,Travis Etienne Jr.,RB,47,17,T3,98,0.0,
player_available,20.0,Travis Etienne Jr.,RB,47,17,T3,103,0.0,
player_available,20.0,Travis Etienne Jr.,RB,47,17,T3,118,0.0,
player_available,20.0,Travis Etienne Jr.,RB,47,17,T3,123,0.0,
player_available,20.0,Travis Etienne Jr.,RB,47,17,T3,138,0.0,
player_available,20.0,Travis Etienne Jr.,RB,47,17,T3,143,0.0,
player_available,20.0,Travis Etienne Jr.,RB,47,17,T3,158,0.0,
player_available,20.0,Davante Adams,WR,48,24,T3,3,1.0,
player_available,20.0,Davante Adams,WR,48,24,T3,18,0.9603,
player_available,20.0,Davante Adams,WR,48,24,T3,23,0.9255,
player_available,20.0,Davante Adams,WR,48,24,T3,38,0.712,
player_available,20.0,Davante Adams,WR,48,24,T3,43,0.6222,
player_available,20.0,Davante Adams,WR,48,24,T3,58,0.3185,
player_available,20.0,Davante Adams,WR,48,24,T3,63,0.2382,
player_available,20.0,Davante Adams,WR,48,24,T3,78,0.0545,
player_available,20.0,Davante Adams,WR,48,24,T3,83,0.0097,
player_available,20.0,Davante Adams,WR,48,24,T3,98,0.0,
player_available,20.0,Davante Adams,WR,48,24,T3,103,0.0,
player_available,20.0,Davante Adams,WR,48,24,T3,118,0.0,
player_available,20.0,Davante Adams,WR,48,24,T3,123,0.0,
player_available,20.0,Davante Adams,WR,48,24,T3,138,0.0,
player_available,20.0,Davante Adams,WR,48,24,T3,143,0.0,
player_available,20.0,Davante Adams,WR,48,24,T3,158,0.0,
player_available,20.0,Mike Evans,WR,49,25,T4,3,0.9992,
player_available,20.0,Mike Evans,WR,49,25,T4,18,0.9537,
player_available,20.0,Mike Evans,WR,49,25,T4,23,0.917,
player_available,20.0,Mike Evans,WR,49,25,T4,38,0.717,
player_available,20.0,Mike Evans,WR,49,25,T4,43,0.6278,
player_available,20.0,Mike Evans,WR,49,25,T4,58,0.3345,
player_available,20.0,Mike Evans,WR,49,25,T4,63,0.2532,
player_available,20.0,Mike Evans,WR,49,25,T4,78,0.0638,
player_available,20.0,Mike Evans,WR,49,25,T4,83,0.012,
player_available,20.0,Mike Evans,WR,49,25,T4,98,0.0,
player_available,20.0,Mike Evans,WR,49,25,T4,103,0.0,
player_available,20.0,Mike Evans,WR,49,25,T4,118,0.0,
player_available,20.0,Mike Evans,WR,49,25,T4,123,0.0,
player_available,20.0,Mike Evans,WR,49,25,T4,138,0.0,
player_available,20.0,Mike Evans,WR,49,25,T4,143,0.0,
player_available,20.0,Mike Evans,WR,49,25,T4,158,0.0,
player_available,20.0,DJ Moore,WR,50,26,T4,3,0.9992,
player_available,20.0,DJ Moore,WR,50,26,T4,18,0.9597,
player_available,20.0,DJ Moore,WR,50,26,T4,23,0.9285,
player_available,20.0,DJ Moore,WR,50,26,T4,38,0.742,
player_available,20.0,DJ Moore,WR,50,26,T4,43,0.6687,
player_available,20.0,DJ Moore,WR,50,26,T4,58,0.354,
player_available,20.0,DJ Moore,WR,50,26,T4,63,0.2657,
player_available,20.0,DJ Moore,WR,50,26,T4,78,0.0695,
player_available,20.0,DJ Moore,WR,50,26,T4,83,0.0127,
player_available,20.0,DJ Moore,WR,50,26,T4,98,0.0003,
player_available,20.0,DJ Moore,WR,50,26,T4,103,0.0,
player_available,20.0,DJ Moore,WR,50,26,T4,118,0.0,
player_available,20.0,DJ Moore,WR,50,26,T4,123,0.0,
player_available,20.0,DJ Moore,WR,50,26,T4,138,0.0,
player_available,20.0,DJ Moore,WR,50,26,T4,143,0.0,
player_available,20.0,DJ Moore,WR,50,26,T4,158,0.0,
player_available,20.0,Jameson Williams,WR,51,27,T4,3,0.9998,
player_available,20.0,Jameson Williams,WR,51,27,T4,18,0.9677,
player_available,20.0,Jameson Williams,WR,51,27,T4,23,0.9437,
player_available,20.0,Jameson Williams,WR,51,27,T4,38,0.775,
player_available,20.0,Jameson Williams,WR,51,27,T4,43,0.6943,
player_available,20.0,Jameson Williams,WR,51,27,T4,58,0.3857,
player_available,20.0,Jameson Williams,WR,51,27,T4,63,0.2928,
player_available,20.0,Jameson Williams,WR,51,27,T4,78,0.0767,
player_available,20.0,Jameson Williams,WR,51,27,T4,83,0.0163,
player_available,20.0,Jameson Williams,WR,51,27,T4,98,0.0003,
player_available,20.0,Jameson Williams,WR,51,27,T4,103,0.0,
player_available,20.0,Jameson Williams,WR,51,27,T4,118,0.0,
player_available,20.0,Jameson Williams,WR,51,27,T4,123,0.0,
player_available,20.0,Jameson Williams,WR,51,27,T4,138,0.0,
player_available,20.0,Jameson Williams,WR,51,27,T4,143,0.0,
player_available,20.0,Jameson Williams,WR,51,27,T4,158,0.0,
player_available,20.0,Tyler Warren,TE,52,4,T2,3,0.9995,
player_available,20.0,Tyler Warren,TE,52,4,T2,18,0.9698,
player_available,20.0,Tyler Warren,TE,52,4,T2,23,0.945,
player_available,20.0,Tyler Warren,TE,52,4,T2,38,0.7863,
player_available,20.0,Tyler Warren,TE,52,4,T2,43,0.7077,
player_available,20.0,Tyler Warren,TE,52,4,T2,58,0.3962,
player_available,20.0,Tyler Warren,TE,52,4,T2,63,0.31,
player_available,20.0,Tyler Warren,TE,52,4,T2,78,0.0905,
player_available,20.0,Tyler Warren,TE,52,4,T2,83,0.0187,
player_available,20.0,Tyler Warren,TE,52,4,T2,98,0.0,
player_available,20.0,Tyler Warren,TE,52,4,T2,103,0.0,
player_available,20.0,Tyler Warren,TE,52,4,T2,118,0.0,
player_available,20.0,Tyler Warren,TE,52,4,T2,123,0.0,
player_available,20.0,Tyler Warren,TE,52,4,T2,138,0.0,
player_available,20.0,Tyler Warren,TE,52,4,T2,143,0.0,
player_available,20.0,Tyler Warren,TE,52,4,T2,158,0.0,
player_available,20.0,Cam Skattebo,RB,53,18,T3,3,1.0,
player_available,20.0,Cam Skattebo,RB,53,18,T3,18,0.9758,
player_available,20.0,Cam Skattebo,RB,53,18,T3,23,0.956,
player_available,20.0,Cam Skattebo,RB,53,18,T3,38,0.8,
player_available,20.0,Cam Skattebo,RB,53,18,T3,43,0.726,
player_available,20.0,Cam Skattebo,RB,53,18,T3,58,0.4168,
player_available,20.0,Cam Skattebo,RB,53,18,T3,63,0.3245,
player_available,20.0,Cam Skattebo,RB,53,18,T3,78,0.0965,
player_available,20.0,Cam Skattebo,RB,53,18,T3,83,0.0283,
player_available,20.0,Cam Skattebo,RB,53,18,T3,98,0.0005,
player_available,20.0,Cam Skattebo,RB,53,18,T3,103,0.0,
player_available,20.0,Cam Skattebo,RB,53,18,T3,118,0.0,
player_available,20.0,Cam Skattebo,RB,53,18,T3,123,0.0,
player_available,20.0,Cam Skattebo,RB,53,18,T3,138,0.0,
player_available,20.0,Cam Skattebo,RB,53,18,T3,143,0.0,
player_available,20.0,Cam Skattebo,RB,53,18,T3,158,0.0,
player_available,20.0,Jayden Daniels,QB,54,5,T2,3,1.0,
player_available,20.0,Jayden Daniels,QB,54,5,T2,18,0.9748,
player_available,20.0,Jayden Daniels,QB,54,5,T2,23,0.957,
player_available,20.0,Jayden Daniels,QB,54,5,T2,38,0.818,
player_available,20.0,Jayden Daniels,QB,54,5,T2,43,0.7535,
player_available,20.0,Jayden Daniels,QB,54,5,T2,58,0.459,
player_available,20.0,Jayden Daniels,QB,54,5,T2,63,0.3845,
player_available,20.0,Jayden Daniels,QB,54,5,T2,78,0.1878,
player_available,20.0,Jayden Daniels,QB,54,5,T2,83,0.0798,
player_available,20.0,Jayden Daniels,QB,54,5,T2,98,0.0077,
player_available,20.0,Jayden Daniels,QB,54,5,T2,103,0.0,
player_available,20.0,Jayden Daniels,QB,54,5,T2,118,0.0,
player_available,20.0,Jayden Daniels,QB,54,5,T2,123,0.0,
player_available,20.0,Jayden Daniels,QB,54,5,T2,138,0.0,
player_available,20.0,Jayden Daniels,QB,54,5,T2,143,0.0,
player_available,20.0,Jayden Daniels,QB,54,5,T2,158,0.0,
player_available,20.0,Jalen Hurts,QB,55,6,T2,3,0.9992,
player_available,20.0,Jalen Hurts,QB,55,6,T2,18,0.9792,
player_available,20.0,Jalen Hurts,QB,55,6,T2,23,0.9637,
player_available,20.0,Jalen Hurts,QB,55,6,T2,38,0.8255,
player_available,20.0,Jalen Hurts,QB,55,6,T2,43,0.7618,
player_available,20.0,Jalen Hurts,QB,55,6,T2,58,0.4903,
player_available,20.0,Jalen Hurts,QB,55,6,T2,63,0.416,
player_available,20.0,Jalen Hurts,QB,55,6,T2,78,0.2135,
player_available,20.0,Jalen Hurts,QB,55,6,T2,83,0.102,
player_available,20.0,Jalen Hurts,QB,55,6,T2,98,0.0163,
player_available,20.0,Jalen Hurts,QB,55,6,T2,103,0.0003,
player_available,20.0,Jalen Hurts,QB,55,6,T2,118,0.0,
player_available,20.0,Jalen Hurts,QB,55,6,T2,123,0.0,
player_available,20.0,Jalen Hurts,QB,55,6,T2,138,0.0,
player_available,20.0,Jalen Hurts,QB,55,6,T2,143,0.0,
player_available,20.0,Jalen Hurts,QB,55,6,T2,158,0.0,
player_available,20.0,Bucky Irving,RB,56,19,T3,3,1.0,
player_available,20.0,Bucky Irving,RB,56,19,T3,18,0.9765,
player_available,20.0,Bucky Irving,RB,56,19,T3,23,0.9615,
player_available,20.0,Bucky Irving,RB,56,19,T3,38,0.83,
player_available,20.0,Bucky Irving,RB,56,19,T3,43,0.768,
player_available,20.0,Bucky Irving,RB,56,19,T3,58,0.4768,
player_available,20.0,Bucky Irving,RB,56,19,T3,63,0.3857,
player_available,20.0,Bucky Irving,RB,56,19,T3,78,0.121,
player_available,20.0,Bucky Irving,RB,56,19,T3,83,0.0545,
player_available,20.0,Bucky Irving,RB,56,19,T3,98,0.0035,
player_available,20.0,Bucky Irving,RB,56,19,T3,103,0.0003,
player_available,20.0,Bucky Irving,RB,56,19,T3,118,0.0,
player_available,20.0,Bucky Irving,RB,56,19,T3,123,0.0,
player_available,20.0,Bucky Irving,RB,56,19,T3,138,0.0,
player_available,20.0,Bucky Irving,RB,56,19,T3,143,0.0,
player_available,20.0,Bucky Irving,RB,56,19,T3,158,0.0,
player_available,20.0,Christian Watson,WR,57,28,T4,3,1.0,
player_available,20.0,Christian Watson,WR,57,28,T4,18,0.987,
player_available,20.0,Christian Watson,WR,57,28,T4,23,0.9732,
player_available,20.0,Christian Watson,WR,57,28,T4,38,0.8465,
player_available,20.0,Christian Watson,WR,57,28,T4,43,0.7795,
player_available,20.0,Christian Watson,WR,57,28,T4,58,0.4875,
player_available,20.0,Christian Watson,WR,57,28,T4,63,0.3905,
player_available,20.0,Christian Watson,WR,57,28,T4,78,0.1325,
player_available,20.0,Christian Watson,WR,57,28,T4,83,0.0633,
player_available,20.0,Christian Watson,WR,57,28,T4,98,0.0025,
player_available,20.0,Christian Watson,WR,57,28,T4,103,0.0,
player_available,20.0,Christian Watson,WR,57,28,T4,118,0.0,
player_available,20.0,Christian Watson,WR,57,28,T4,123,0.0,
player_available,20.0,Christian Watson,WR,57,28,T4,138,0.0,
player_available,20.0,Christian Watson,WR,57,28,T4,143,0.0,
player_available,20.0,Christian Watson,WR,57,28,T4,158,0.0,
player_available,20.0,Rome Odunze,WR,58,29,T4,3,0.9998,
player_available,20.0,Rome Odunze,WR,58,29,T4,18,0.9852,
player_available,20.0,Rome Odunze,WR,58,29,T4,23,0.971,
player_available,20.0,Rome Odunze,WR,58,29,T4,38,0.8522,
player_available,20.0,Rome Odunze,WR,58,29,T4,43,0.7947,
player_available,20.0,Rome Odunze,WR,58,29,T4,58,0.5168,
player_available,20.0,Rome Odunze,WR,58,29,T4,63,0.4195,
player_available,20.0,Rome Odunze,WR,58,29,T4,78,0.154,
player_available,20.0,Rome Odunze,WR,58,29,T4,83,0.0788,
player_available,20.0,Rome Odunze,WR,58,29,T4,98,0.004,
player_available,20.0,Rome Odunze,WR,58,29,T4,103,0.0,
player_available,20.0,Rome Odunze,WR,58,29,T4,118,0.0,
player_available,20.0,Rome Odunze,WR,58,29,T4,123,0.0,
player_available,20.0,Rome Odunze,WR,58,29,T4,138,0.0,
player_available,20.0,Rome Odunze,WR,58,29,T4,143,0.0,
player_available,20.0,Rome Odunze,WR,58,29,T4,158,0.0,
player_available,20.0,Quinshon Judkins,RB,59,20,T3,3,1.0,
player_available,20.0,Quinshon Judkins,RB,59,20,T3,18,0.987,
player_available,20.0,Quinshon Judkins,RB,59,20,T3,23,0.9752,
player_available,20.0,Quinshon Judkins,RB,59,20,T3,38,0.869,
player_available,20.0,Quinshon Judkins,RB,59,20,T3,43,0.8113,
player_available,20.0,Quinshon Judkins,RB,59,20,T3,58,0.5363,
player_available,20.0,Quinshon Judkins,RB,59,20,T3,63,0.4358,
player_available,20.0,Quinshon Judkins,RB,59,20,T3,78,0.1635,
player_available,20.0,Quinshon Judkins,RB,59,20,T3,83,0.0835,
player_available,20.0,Quinshon Judkins,RB,59,20,T3,98,0.0055,
player_available,20.0,Quinshon Judkins,RB,59,20,T3,103,0.0,
player_available,20.0,Quinshon Judkins,RB,59,20,T3,118,0.0,
player_available,20.0,Quinshon Judkins,RB,59,20,T3,123,0.0,
player_available,20.0,Quinshon Judkins,RB,59,20,T3,138,0.0,
player_available,20.0,Quinshon Judkins,RB,59,20,T3,143,0.0,
player_available,20.0,Quinshon Judkins,RB,59,20,T3,158,0.0,
player_available,20.0,TreVeyon Henderson,RB,60,21,T4,3,0.9998,
player_available,20.0,TreVeyon Henderson,RB,60,21,T4,18,0.988,
player_available,20.0,TreVeyon Henderson,RB,60,21,T4,23,0.9772,
player_available,20.0,TreVeyon Henderson,RB,60,21,T4,38,0.8705,
player_available,20.0,TreVeyon Henderson,RB,60,21,T4,43,0.817,
player_available,20.0,TreVeyon Henderson,RB,60,21,T4,58,0.546,
player_available,20.0,TreVeyon Henderson,RB,60,21,T4,63,0.4615,
player_available,20.0,TreVeyon Henderson,RB,60,21,T4,78,0.1767,
player_available,20.0,TreVeyon Henderson,RB,60,21,T4,83,0.1022,
player_available,20.0,TreVeyon Henderson,RB,60,21,T4,98,0.0085,
player_available,20.0,TreVeyon Henderson,RB,60,21,T4,103,0.0008,
player_available,20.0,TreVeyon Henderson,RB,60,21,T4,118,0.0,
player_available,20.0,TreVeyon Henderson,RB,60,21,T4,123,0.0,
player_available,20.0,TreVeyon Henderson,RB,60,21,T4,138,0.0,
player_available,20.0,TreVeyon Henderson,RB,60,21,T4,143,0.0,
player_available,20.0,TreVeyon Henderson,RB,60,21,T4,158,0.0,
player_available,20.0,D'Andre Swift,RB,61,22,T4,3,1.0,
player_available,20.0,D'Andre Swift,RB,61,22,T4,18,0.991,
player_available,20.0,D'Andre Swift,RB,61,22,T4,23,0.98,
player_available,20.0,D'Andre Swift,RB,61,22,T4,38,0.891,
player_available,20.0,D'Andre Swift,RB,61,22,T4,43,0.8383,
player_available,20.0,D'Andre Swift,RB,61,22,T4,58,0.586,
player_available,20.0,D'Andre Swift,RB,61,22,T4,63,0.4885,
player_available,20.0,D'Andre Swift,RB,61,22,T4,78,0.202,
player_available,20.0,D'Andre Swift,RB,61,22,T4,83,0.1217,
player_available,20.0,D'Andre Swift,RB,61,22,T4,98,0.0118,
player_available,20.0,D'Andre Swift,RB,61,22,T4,103,0.0005,
player_available,20.0,D'Andre Swift,RB,61,22,T4,118,0.0,
player_available,20.0,D'Andre Swift,RB,61,22,T4,123,0.0,
player_available,20.0,D'Andre Swift,RB,61,22,T4,138,0.0,
player_available,20.0,D'Andre Swift,RB,61,22,T4,143,0.0,
player_available,20.0,D'Andre Swift,RB,61,22,T4,158,0.0,
player_available,20.0,David Montgomery,RB,62,23,T4,3,1.0,
player_available,20.0,David Montgomery,RB,62,23,T4,18,0.994,
player_available,20.0,David Montgomery,RB,62,23,T4,23,0.9862,
player_available,20.0,David Montgomery,RB,62,23,T4,38,0.896,
player_available,20.0,David Montgomery,RB,62,23,T4,43,0.8492,
player_available,20.0,David Montgomery,RB,62,23,T4,58,0.593,
player_available,20.0,David Montgomery,RB,62,23,T4,63,0.496,
player_available,20.0,David Montgomery,RB,62,23,T4,78,0.206,
player_available,20.0,David Montgomery,RB,62,23,T4,83,0.1273,
player_available,20.0,David Montgomery,RB,62,23,T4,98,0.0125,
player_available,20.0,David Montgomery,RB,62,23,T4,103,0.0008,
player_available,20.0,David Montgomery,RB,62,23,T4,118,0.0,
player_available,20.0,David Montgomery,RB,62,23,T4,123,0.0,
player_available,20.0,David Montgomery,RB,62,23,T4,138,0.0,
player_available,20.0,David Montgomery,RB,62,23,T4,143,0.0,
player_available,20.0,David Montgomery,RB,62,23,T4,158,0.0,
player_available,20.0,Marvin Harrison Jr.,WR,63,30,T4,3,0.9998,
player_available,20.0,Marvin Harrison Jr.,WR,63,30,T4,18,0.9925,
player_available,20.0,Marvin Harrison Jr.,WR,63,30,T4,23,0.982,
player_available,20.0,Marvin Harrison Jr.,WR,63,30,T4,38,0.9012,
player_available,20.0,Marvin Harrison Jr.,WR,63,30,T4,43,0.8582,
player_available,20.0,Marvin Harrison Jr.,WR,63,30,T4,58,0.6098,
player_available,20.0,Marvin Harrison Jr.,WR,63,30,T4,63,0.5165,
player_available,20.0,Marvin Harrison Jr.,WR,63,30,T4,78,0.2235,
player_available,20.0,Marvin Harrison Jr.,WR,63,30,T4,83,0.1462,
player_available,20.0,Marvin Harrison Jr.,WR,63,30,T4,98,0.0147,
player_available,20.0,Marvin Harrison Jr.,WR,63,30,T4,103,0.0008,
player_available,20.0,Marvin Harrison Jr.,WR,63,30,T4,118,0.0,
player_available,20.0,Marvin Harrison Jr.,WR,63,30,T4,123,0.0,
player_available,20.0,Marvin Harrison Jr.,WR,63,30,T4,138,0.0,
player_available,20.0,Marvin Harrison Jr.,WR,63,30,T4,143,0.0,
player_available,20.0,Marvin Harrison Jr.,WR,63,30,T4,158,0.0,
player_available,20.0,Caleb Williams,QB,64,7,T3,3,1.0,
player_available,20.0,Caleb Williams,QB,64,7,T3,18,0.9912,
player_available,20.0,Caleb Williams,QB,64,7,T3,23,0.9842,
player_available,20.0,Caleb Williams,QB,64,7,T3,38,0.9137,
player_available,20.0,Caleb Williams,QB,64,7,T3,43,0.877,
player_available,20.0,Caleb Williams,QB,64,7,T3,58,0.6635,
player_available,20.0,Caleb Williams,QB,64,7,T3,63,0.6015,
player_available,20.0,Caleb Williams,QB,64,7,T3,78,0.371,
player_available,20.0,Caleb Williams,QB,64,7,T3,83,0.3018,
player_available,20.0,Caleb Williams,QB,64,7,T3,98,0.1338,
player_available,20.0,Caleb Williams,QB,64,7,T3,103,0.012,
player_available,20.0,Caleb Williams,QB,64,7,T3,118,0.0008,
player_available,20.0,Caleb Williams,QB,64,7,T3,123,0.0,
player_available,20.0,Caleb Williams,QB,64,7,T3,138,0.0,
player_available,20.0,Caleb Williams,QB,64,7,T3,143,0.0,
player_available,20.0,Caleb Williams,QB,64,7,T3,158,0.0,
player_available,20.0,Justin Herbert,QB,65,8,T3,3,1.0,
player_available,20.0,Justin Herbert,QB,65,8,T3,18,0.9915,
player_available,20.0,Justin Herbert,QB,65,8,T3,23,0.9835,
player_available,20.0,Justin Herbert,QB,65,8,T3,38,0.9217,
player_available,20.0,Justin Herbert,QB,65,8,T3,43,0.8858,
player_available,20.0,Justin Herbert,QB,65,8,T3,58,0.6803,
player_available,20.0,Justin Herbert,QB,65,8,T3,63,0.6135,
player_available,20.0,Justin Herbert,QB,65,8,T3,78,0.3952,
player_available,20.0,Justin Herbert,QB,65,8,T3,83,0.3265,
player_available,20.0,Justin Herbert,QB,65,8,T3,98,0.1555,
player_available,20.0,Justin Herbert,QB,65,8,T3,103,0.03,
player_available,20.0,Justin Herbert,QB,65,8,T3,118,0.0015,
player_available,20.0,Justin Herbert,QB,65,8,T3,123,0.0008,
player_available,20.0,Justin Herbert,QB,65,8,T3,138,0.0003,
player_available,20.0,Justin Herbert,QB,65,8,T3,143,0.0,
player_available,20.0,Justin Herbert,QB,65,8,T3,158,0.0,
player_available,20.0,Bhayshul Tuten,RB,66,24,T4,3,1.0,
player_available,20.0,Bhayshul Tuten,RB,66,24,T4,18,0.996,
player_available,20.0,Bhayshul Tuten,RB,66,24,T4,23,0.9882,
player_available,20.0,Bhayshul Tuten,RB,66,24,T4,38,0.93,
player_available,20.0,Bhayshul Tuten,RB,66,24,T4,43,0.8992,
player_available,20.0,Bhayshul Tuten,RB,66,24,T4,58,0.6787,
player_available,20.0,Bhayshul Tuten,RB,66,24,T4,63,0.5925,
player_available,20.0,Bhayshul Tuten,RB,66,24,T4,78,0.2655,
player_available,20.0,Bhayshul Tuten,RB,66,24,T4,83,0.1883,
player_available,20.0,Bhayshul Tuten,RB,66,24,T4,98,0.0335,
player_available,20.0,Bhayshul Tuten,RB,66,24,T4,103,0.0057,
player_available,20.0,Bhayshul Tuten,RB,66,24,T4,118,0.0,
player_available,20.0,Bhayshul Tuten,RB,66,24,T4,123,0.0,
player_available,20.0,Bhayshul Tuten,RB,66,24,T4,138,0.0,
player_available,20.0,Bhayshul Tuten,RB,66,24,T4,143,0.0,
player_available,20.0,Bhayshul Tuten,RB,66,24,T4,158,0.0,
player_available,20.0,Tucker Kraft,TE,67,5,T2,3,1.0,
player_available,20.0,Tucker Kraft,TE,67,5,T2,18,0.996,
player_available,20.0,Tucker Kraft,TE,67,5,T2,23,0.9882,
player_available,20.0,Tucker Kraft,TE,67,5,T2,38,0.9325,
player_available,20.0,Tucker Kraft,TE,67,5,T2,43,0.8948,
player_available,20.0,Tucker Kraft,TE,67,5,T2,58,0.6763,
player_available,20.0,Tucker Kraft,TE,67,5,T2,63,0.583,
player_available,20.0,Tucker Kraft,TE,67,5,T2,78,0.2617,
player_available,20.0,Tucker Kraft,TE,67,5,T2,83,0.1795,
player_available,20.0,Tucker Kraft,TE,67,5,T2,98,0.0312,
player_available,20.0,Tucker Kraft,TE,67,5,T2,103,0.0057,
player_available,20.0,Tucker Kraft,TE,67,5,T2,118,0.0,
player_available,20.0,Tucker Kraft,TE,67,5,T2,123,0.0,
player_available,20.0,Tucker Kraft,TE,67,5,T2,138,0.0,
player_available,20.0,Tucker Kraft,TE,67,5,T2,143,0.0,
player_available,20.0,Tucker Kraft,TE,67,5,T2,158,0.0,
player_available,20.0,Jaylen Warren,RB,68,25,T4,3,1.0,
player_available,20.0,Jaylen Warren,RB,68,25,T4,18,0.9972,
player_available,20.0,Jaylen Warren,RB,68,25,T4,23,0.9932,
player_available,20.0,Jaylen Warren,RB,68,25,T4,38,0.9413,
player_available,20.0,Jaylen Warren,RB,68,25,T4,43,0.9097,
player_available,20.0,Jaylen Warren,RB,68,25,T4,58,0.7057,
player_available,20.0,Jaylen Warren,RB,68,25,T4,63,0.6258,
player_available,20.0,Jaylen Warren,RB,68,25,T4,78,0.3035,
player_available,20.0,Jaylen Warren,RB,68,25,T4,83,0.2152,
player_available,20.0,Jaylen Warren,RB,68,25,T4,98,0.0403,
player_available,20.0,Jaylen Warren,RB,68,25,T4,103,0.0088,
player_available,20.0,Jaylen Warren,RB,68,25,T4,118,0.0003,
player_available,20.0,Jaylen Warren,RB,68,25,T4,123,0.0,
player_available,20.0,Jaylen Warren,RB,68,25,T4,138,0.0,
player_available,20.0,Jaylen Warren,RB,68,25,T4,143,0.0,
player_available,20.0,Jaylen Warren,RB,68,25,T4,158,0.0,
player_available,20.0,Harold Fannin Jr.,TE,69,6,T3,3,1.0,
player_available,20.0,Harold Fannin Jr.,TE,69,6,T3,18,0.9965,
player_available,20.0,Harold Fannin Jr.,TE,69,6,T3,23,0.9925,
player_available,20.0,Harold Fannin Jr.,TE,69,6,T3,38,0.944,
player_available,20.0,Harold Fannin Jr.,TE,69,6,T3,43,0.909,
player_available,20.0,Harold Fannin Jr.,TE,69,6,T3,58,0.7113,
player_available,20.0,Harold Fannin Jr.,TE,69,6,T3,63,0.6268,
player_available,20.0,Harold Fannin Jr.,TE,69,6,T3,78,0.3043,
player_available,20.0,Harold Fannin Jr.,TE,69,6,T3,83,0.214,
player_available,20.0,Harold Fannin Jr.,TE,69,6,T3,98,0.0408,
player_available,20.0,Harold Fannin Jr.,TE,69,6,T3,103,0.0065,
player_available,20.0,Harold Fannin Jr.,TE,69,6,T3,118,0.0,
player_available,20.0,Harold Fannin Jr.,TE,69,6,T3,123,0.0,
player_available,20.0,Harold Fannin Jr.,TE,69,6,T3,138,0.0,
player_available,20.0,Harold Fannin Jr.,TE,69,6,T3,143,0.0,
player_available,20.0,Harold Fannin Jr.,TE,69,6,T3,158,0.0,
player_available,20.0,DK Metcalf,WR,70,31,T4,3,1.0,
player_available,20.0,DK Metcalf,WR,70,31,T4,18,0.9982,
player_available,20.0,DK Metcalf,WR,70,31,T4,23,0.9962,
player_available,20.0,DK Metcalf,WR,70,31,T4,38,0.9567,
player_available,20.0,DK Metcalf,WR,70,31,T4,43,0.9243,
player_available,20.0,DK Metcalf,WR,70,31,T4,58,0.7328,
player_available,20.0,DK Metcalf,WR,70,31,T4,63,0.6485,
player_available,20.0,DK Metcalf,WR,70,31,T4,78,0.332,
player_available,20.0,DK Metcalf,WR,70,31,T4,83,0.2522,
player_available,20.0,DK Metcalf,WR,70,31,T4,98,0.0522,
player_available,20.0,DK Metcalf,WR,70,31,T4,103,0.0123,
player_available,20.0,DK Metcalf,WR,70,31,T4,118,0.0008,
player_available,20.0,DK Metcalf,WR,70,31,T4,123,0.0,
player_available,20.0,DK Metcalf,WR,70,31,T4,138,0.0,
player_available,20.0,DK Metcalf,WR,70,31,T4,143,0.0,
player_available,20.0,DK Metcalf,WR,70,31,T4,158,0.0,
player_available,20.0,Alec Pierce,WR,71,32,T4,3,1.0,
player_available,20.0,Alec Pierce,WR,71,32,T4,18,0.998,
player_available,20.0,Alec Pierce,WR,71,32,T4,23,0.9965,
player_available,20.0,Alec Pierce,WR,71,32,T4,38,0.9515,
player_available,20.0,Alec Pierce,WR,71,32,T4,43,0.92,
player_available,20.0,Alec Pierce,WR,71,32,T4,58,0.7485,
player_available,20.0,Alec Pierce,WR,71,32,T4,63,0.6633,
player_available,20.0,Alec Pierce,WR,71,32,T4,78,0.343,
player_available,20.0,Alec Pierce,WR,71,32,T4,83,0.2572,
player_available,20.0,Alec Pierce,WR,71,32,T4,98,0.0638,
player_available,20.0,Alec Pierce,WR,71,32,T4,103,0.0158,
player_available,20.0,Alec Pierce,WR,71,32,T4,118,0.0005,
player_available,20.0,Alec Pierce,WR,71,32,T4,123,0.0003,
player_available,20.0,Alec Pierce,WR,71,32,T4,138,0.0,
player_available,20.0,Alec Pierce,WR,71,32,T4,143,0.0,
player_available,20.0,Alec Pierce,WR,71,32,T4,158,0.0,
player_available,20.0,Courtland Sutton,WR,72,33,T4,3,1.0,
player_available,20.0,Courtland Sutton,WR,72,33,T4,18,0.9978,
player_available,20.0,Courtland Sutton,WR,72,33,T4,23,0.9948,
player_available,20.0,Courtland Sutton,WR,72,33,T4,38,0.9633,
player_available,20.0,Courtland Sutton,WR,72,33,T4,43,0.936,
player_available,20.0,Courtland Sutton,WR,72,33,T4,58,0.7758,
player_available,20.0,Courtland Sutton,WR,72,33,T4,63,0.6953,
player_available,20.0,Courtland Sutton,WR,72,33,T4,78,0.3867,
player_available,20.0,Courtland Sutton,WR,72,33,T4,83,0.2958,
player_available,20.0,Courtland Sutton,WR,72,33,T4,98,0.0668,
player_available,20.0,Courtland Sutton,WR,72,33,T4,103,0.021,
player_available,20.0,Courtland Sutton,WR,72,33,T4,118,0.0003,
player_available,20.0,Courtland Sutton,WR,72,33,T4,123,0.0,
player_available,20.0,Courtland Sutton,WR,72,33,T4,138,0.0,
player_available,20.0,Courtland Sutton,WR,72,33,T4,143,0.0,
player_available,20.0,Courtland Sutton,WR,72,33,T4,158,0.0,
player_available,20.0,Trevor Lawrence,QB,73,9,T3,3,1.0,
player_available,20.0,Trevor Lawrence,QB,73,9,T3,18,0.9978,
player_available,20.0,Trevor Lawrence,QB,73,9,T3,23,0.9958,
player_available,20.0,Trevor Lawrence,QB,73,9,T3,38,0.9655,
player_available,20.0,Trevor Lawrence,QB,73,9,T3,43,0.95,
player_available,20.0,Trevor Lawrence,QB,73,9,T3,58,0.8077,
player_available,20.0,Trevor Lawrence,QB,73,9,T3,63,0.7602,
player_available,20.0,Trevor Lawrence,QB,73,9,T3,78,0.5383,
player_available,20.0,Trevor Lawrence,QB,73,9,T3,83,0.484,
player_available,20.0,Trevor Lawrence,QB,73,9,T3,98,0.3455,
player_available,20.0,Trevor Lawrence,QB,73,9,T3,103,0.1435,
player_available,20.0,Trevor Lawrence,QB,73,9,T3,118,0.011,
player_available,20.0,Trevor Lawrence,QB,73,9,T3,123,0.0018,
player_available,20.0,Trevor Lawrence,QB,73,9,T3,138,0.0003,
player_available,20.0,Trevor Lawrence,QB,73,9,T3,143,0.0003,
player_available,20.0,Trevor Lawrence,QB,73,9,T3,158,0.0,
player_available,20.0,Brian Thomas Jr.,WR,74,34,T4,3,1.0,
player_available,20.0,Brian Thomas Jr.,WR,74,34,T4,18,0.9978,
player_available,20.0,Brian Thomas Jr.,WR,74,34,T4,23,0.9962,
player_available,20.0,Brian Thomas Jr.,WR,74,34,T4,38,0.964,
player_available,20.0,Brian Thomas Jr.,WR,74,34,T4,43,0.9417,
player_available,20.0,Brian Thomas Jr.,WR,74,34,T4,58,0.79,
player_available,20.0,Brian Thomas Jr.,WR,74,34,T4,63,0.7225,
player_available,20.0,Brian Thomas Jr.,WR,74,34,T4,78,0.4012,
player_available,20.0,Brian Thomas Jr.,WR,74,34,T4,83,0.317,
player_available,20.0,Brian Thomas Jr.,WR,74,34,T4,98,0.0848,
player_available,20.0,Brian Thomas Jr.,WR,74,34,T4,103,0.036,
player_available,20.0,Brian Thomas Jr.,WR,74,34,T4,118,0.0013,
player_available,20.0,Brian Thomas Jr.,WR,74,34,T4,123,0.0003,
player_available,20.0,Brian Thomas Jr.,WR,74,34,T4,138,0.0,
player_available,20.0,Brian Thomas Jr.,WR,74,34,T4,143,0.0,
player_available,20.0,Brian Thomas Jr.,WR,74,34,T4,158,0.0,
player_available,20.0,Dak Prescott,QB,75,10,T3,3,1.0,
player_available,20.0,Dak Prescott,QB,75,10,T3,18,0.9988,
player_available,20.0,Dak Prescott,QB,75,10,T3,23,0.997,
player_available,20.0,Dak Prescott,QB,75,10,T3,38,0.9708,
player_available,20.0,Dak Prescott,QB,75,10,T3,43,0.9535,
player_available,20.0,Dak Prescott,QB,75,10,T3,58,0.823,
player_available,20.0,Dak Prescott,QB,75,10,T3,63,0.7705,
player_available,20.0,Dak Prescott,QB,75,10,T3,78,0.5827,
player_available,20.0,Dak Prescott,QB,75,10,T3,83,0.5278,
player_available,20.0,Dak Prescott,QB,75,10,T3,98,0.3917,
player_available,20.0,Dak Prescott,QB,75,10,T3,103,0.223,
player_available,20.0,Dak Prescott,QB,75,10,T3,118,0.0238,
player_available,20.0,Dak Prescott,QB,75,10,T3,123,0.006,
player_available,20.0,Dak Prescott,QB,75,10,T3,138,0.0005,
player_available,20.0,Dak Prescott,QB,75,10,T3,143,0.0003,
player_available,20.0,Dak Prescott,QB,75,10,T3,158,0.0,
player_available,20.0,Kyle Pitts Sr.,TE,76,7,T3,3,1.0,
player_available,20.0,Kyle Pitts Sr.,TE,76,7,T3,18,0.998,
player_available,20.0,Kyle Pitts Sr.,TE,76,7,T3,23,0.9965,
player_available,20.0,Kyle Pitts Sr.,TE,76,7,T3,38,0.9738,
player_available,20.0,Kyle Pitts Sr.,TE,76,7,T3,43,0.9585,
player_available,20.0,Kyle Pitts Sr.,TE,76,7,T3,58,0.828,
player_available,20.0,Kyle Pitts Sr.,TE,76,7,T3,63,0.751,
player_available,20.0,Kyle Pitts Sr.,TE,76,7,T3,78,0.4427,
player_available,20.0,Kyle Pitts Sr.,TE,76,7,T3,83,0.3342,
player_available,20.0,Kyle Pitts Sr.,TE,76,7,T3,98,0.0905,
player_available,20.0,Kyle Pitts Sr.,TE,76,7,T3,103,0.042,
player_available,20.0,Kyle Pitts Sr.,TE,76,7,T3,118,0.0013,
player_available,20.0,Kyle Pitts Sr.,TE,76,7,T3,123,0.0005,
player_available,20.0,Kyle Pitts Sr.,TE,76,7,T3,138,0.0,
player_available,20.0,Kyle Pitts Sr.,TE,76,7,T3,143,0.0,
player_available,20.0,Kyle Pitts Sr.,TE,76,7,T3,158,0.0,
player_available,20.0,Chris Godwin Jr.,WR,77,35,T4,3,1.0,
player_available,20.0,Chris Godwin Jr.,WR,77,35,T4,18,0.9998,
player_available,20.0,Chris Godwin Jr.,WR,77,35,T4,23,0.998,
player_available,20.0,Chris Godwin Jr.,WR,77,35,T4,38,0.9782,
player_available,20.0,Chris Godwin Jr.,WR,77,35,T4,43,0.9635,
player_available,20.0,Chris Godwin Jr.,WR,77,35,T4,58,0.8478,
player_available,20.0,Chris Godwin Jr.,WR,77,35,T4,63,0.7847,
player_available,20.0,Chris Godwin Jr.,WR,77,35,T4,78,0.466,
player_available,20.0,Chris Godwin Jr.,WR,77,35,T4,83,0.3735,
player_available,20.0,Chris Godwin Jr.,WR,77,35,T4,98,0.1082,
player_available,20.0,Chris Godwin Jr.,WR,77,35,T4,103,0.0645,
player_available,20.0,Chris Godwin Jr.,WR,77,35,T4,118,0.0067,
player_available,20.0,Chris Godwin Jr.,WR,77,35,T4,123,0.0003,
player_available,20.0,Chris Godwin Jr.,WR,77,35,T4,138,0.0,
player_available,20.0,Chris Godwin Jr.,WR,77,35,T4,143,0.0,
player_available,20.0,Chris Godwin Jr.,WR,77,35,T4,158,0.0,
player_available,20.0,Tony Pollard,RB,78,26,T4,3,1.0,
player_available,20.0,Tony Pollard,RB,78,26,T4,18,0.9982,
player_available,20.0,Tony Pollard,RB,78,26,T4,23,0.9962,
player_available,20.0,Tony Pollard,RB,78,26,T4,38,0.9745,
player_available,20.0,Tony Pollard,RB,78,26,T4,43,0.9593,
player_available,20.0,Tony Pollard,RB,78,26,T4,58,0.8435,
player_available,20.0,Tony Pollard,RB,78,26,T4,63,0.7782,
player_available,20.0,Tony Pollard,RB,78,26,T4,78,0.4868,
player_available,20.0,Tony Pollard,RB,78,26,T4,83,0.39,
player_available,20.0,Tony Pollard,RB,78,26,T4,98,0.123,
player_available,20.0,Tony Pollard,RB,78,26,T4,103,0.0703,
player_available,20.0,Tony Pollard,RB,78,26,T4,118,0.0103,
player_available,20.0,Tony Pollard,RB,78,26,T4,123,0.0005,
player_available,20.0,Tony Pollard,RB,78,26,T4,138,0.0,
player_available,20.0,Tony Pollard,RB,78,26,T4,143,0.0,
player_available,20.0,Tony Pollard,RB,78,26,T4,158,0.0,
player_available,20.0,Rhamondre Stevenson,RB,79,27,T4,3,1.0,
player_available,20.0,Rhamondre Stevenson,RB,79,27,T4,18,0.999,
player_available,20.0,Rhamondre Stevenson,RB,79,27,T4,23,0.9982,
player_available,20.0,Rhamondre Stevenson,RB,79,27,T4,38,0.9788,
player_available,20.0,Rhamondre Stevenson,RB,79,27,T4,43,0.9657,
player_available,20.0,Rhamondre Stevenson,RB,79,27,T4,58,0.8602,
player_available,20.0,Rhamondre Stevenson,RB,79,27,T4,63,0.8007,
player_available,20.0,Rhamondre Stevenson,RB,79,27,T4,78,0.5148,
player_available,20.0,Rhamondre Stevenson,RB,79,27,T4,83,0.4193,
player_available,20.0,Rhamondre Stevenson,RB,79,27,T4,98,0.1383,
player_available,20.0,Rhamondre Stevenson,RB,79,27,T4,103,0.083,
player_available,20.0,Rhamondre Stevenson,RB,79,27,T4,118,0.0132,
player_available,20.0,Rhamondre Stevenson,RB,79,27,T4,123,0.0008,
player_available,20.0,Rhamondre Stevenson,RB,79,27,T4,138,0.0,
player_available,20.0,Rhamondre Stevenson,RB,79,27,T4,143,0.0,
player_available,20.0,Rhamondre Stevenson,RB,79,27,T4,158,0.0,
player_available,20.0,Chuba Hubbard,RB,80,28,T4,3,1.0,
player_available,20.0,Chuba Hubbard,RB,80,28,T4,18,0.999,
player_available,20.0,Chuba Hubbard,RB,80,28,T4,23,0.9985,
player_available,20.0,Chuba Hubbard,RB,80,28,T4,38,0.9838,
player_available,20.0,Chuba Hubbard,RB,80,28,T4,43,0.9742,
player_available,20.0,Chuba Hubbard,RB,80,28,T4,58,0.88,
player_available,20.0,Chuba Hubbard,RB,80,28,T4,63,0.827,
player_available,20.0,Chuba Hubbard,RB,80,28,T4,78,0.5357,
player_available,20.0,Chuba Hubbard,RB,80,28,T4,83,0.4382,
player_available,20.0,Chuba Hubbard,RB,80,28,T4,98,0.1557,
player_available,20.0,Chuba Hubbard,RB,80,28,T4,103,0.0983,
player_available,20.0,Chuba Hubbard,RB,80,28,T4,118,0.0182,
player_available,20.0,Chuba Hubbard,RB,80,28,T4,123,0.0015,
player_available,20.0,Chuba Hubbard,RB,80,28,T4,138,0.0,
player_available,20.0,Chuba Hubbard,RB,80,28,T4,143,0.0,
player_available,20.0,Chuba Hubbard,RB,80,28,T4,158,0.0,
tier_available,20.0,,QB,,,T1,3,1.0,P(>=1 of QB T1 on board)
tier_available,20.0,,QB,,,T1,18,0.9485,P(>=1 of QB T1 on board)
tier_available,20.0,,QB,,,T1,23,0.9005,P(>=1 of QB T1 on board)
tier_available,20.0,,QB,,,T1,38,0.5893,P(>=1 of QB T1 on board)
tier_available,20.0,,QB,,,T1,43,0.469,P(>=1 of QB T1 on board)
tier_available,20.0,,QB,,,T1,58,0.1385,P(>=1 of QB T1 on board)
tier_available,20.0,,QB,,,T1,63,0.0382,P(>=1 of QB T1 on board)
tier_available,20.0,,QB,,,T1,78,0.0022,P(>=1 of QB T1 on board)
tier_available,20.0,,QB,,,T1,83,0.0003,P(>=1 of QB T1 on board)
tier_available,20.0,,QB,,,T1,98,0.0,P(>=1 of QB T1 on board)
tier_available,20.0,,QB,,,T1,103,0.0,P(>=1 of QB T1 on board)
tier_available,20.0,,QB,,,T1,118,0.0,P(>=1 of QB T1 on board)
tier_available,20.0,,QB,,,T1,123,0.0,P(>=1 of QB T1 on board)
tier_available,20.0,,QB,,,T1,138,0.0,P(>=1 of QB T1 on board)
tier_available,20.0,,QB,,,T1,143,0.0,P(>=1 of QB T1 on board)
tier_available,20.0,,QB,,,T1,158,0.0,P(>=1 of QB T1 on board)
tier_available,20.0,,QB,,,T2,3,1.0,P(>=1 of QB T2 on board)
tier_available,20.0,,QB,,,T2,18,1.0,P(>=1 of QB T2 on board)
tier_available,20.0,,QB,,,T2,23,1.0,P(>=1 of QB T2 on board)
tier_available,20.0,,QB,,,T2,38,0.996,P(>=1 of QB T2 on board)
tier_available,20.0,,QB,,,T2,43,0.9868,P(>=1 of QB T2 on board)
tier_available,20.0,,QB,,,T2,58,0.8305,P(>=1 of QB T2 on board)
tier_available,20.0,,QB,,,T2,63,0.7332,P(>=1 of QB T2 on board)
tier_available,20.0,,QB,,,T2,78,0.4025,P(>=1 of QB T2 on board)
tier_available,20.0,,QB,,,T2,83,0.1752,P(>=1 of QB T2 on board)
tier_available,20.0,,QB,,,T2,98,0.0235,P(>=1 of QB T2 on board)
tier_available,20.0,,QB,,,T2,103,0.0003,P(>=1 of QB T2 on board)
tier_available,20.0,,QB,,,T2,118,0.0,P(>=1 of QB T2 on board)
tier_available,20.0,,QB,,,T2,123,0.0,P(>=1 of QB T2 on board)
tier_available,20.0,,QB,,,T2,138,0.0,P(>=1 of QB T2 on board)
tier_available,20.0,,QB,,,T2,143,0.0,P(>=1 of QB T2 on board)
tier_available,20.0,,QB,,,T2,158,0.0,P(>=1 of QB T2 on board)
tier_available,20.0,,QB,,,T3,3,1.0,P(>=1 of QB T3 on board)
tier_available,20.0,,QB,,,T3,18,1.0,P(>=1 of QB T3 on board)
tier_available,20.0,,QB,,,T3,23,1.0,P(>=1 of QB T3 on board)
tier_available,20.0,,QB,,,T3,38,1.0,P(>=1 of QB T3 on board)
tier_available,20.0,,QB,,,T3,43,1.0,P(>=1 of QB T3 on board)
tier_available,20.0,,QB,,,T3,58,1.0,P(>=1 of QB T3 on board)
tier_available,20.0,,QB,,,T3,63,1.0,P(>=1 of QB T3 on board)
tier_available,20.0,,QB,,,T3,78,0.9998,P(>=1 of QB T3 on board)
tier_available,20.0,,QB,,,T3,83,0.9998,P(>=1 of QB T3 on board)
tier_available,20.0,,QB,,,T3,98,0.9812,P(>=1 of QB T3 on board)
tier_available,20.0,,QB,,,T3,103,0.9052,P(>=1 of QB T3 on board)
tier_available,20.0,,QB,,,T3,118,0.4098,P(>=1 of QB T3 on board)
tier_available,20.0,,QB,,,T3,123,0.142,P(>=1 of QB T3 on board)
tier_available,20.0,,QB,,,T3,138,0.0245,P(>=1 of QB T3 on board)
tier_available,20.0,,QB,,,T3,143,0.0138,P(>=1 of QB T3 on board)
tier_available,20.0,,QB,,,T3,158,0.0,P(>=1 of QB T3 on board)
tier_available,20.0,,QB,,,T4,3,1.0,P(>=1 of QB T4 on board)
tier_available,20.0,,QB,,,T4,18,1.0,P(>=1 of QB T4 on board)
tier_available,20.0,,QB,,,T4,23,1.0,P(>=1 of QB T4 on board)
tier_available,20.0,,QB,,,T4,38,1.0,P(>=1 of QB T4 on board)
tier_available,20.0,,QB,,,T4,43,1.0,P(>=1 of QB T4 on board)
tier_available,20.0,,QB,,,T4,58,1.0,P(>=1 of QB T4 on board)
tier_available,20.0,,QB,,,T4,63,1.0,P(>=1 of QB T4 on board)
tier_available,20.0,,QB,,,T4,78,1.0,P(>=1 of QB T4 on board)
tier_available,20.0,,QB,,,T4,83,1.0,P(>=1 of QB T4 on board)
tier_available,20.0,,QB,,,T4,98,1.0,P(>=1 of QB T4 on board)
tier_available,20.0,,QB,,,T4,103,1.0,P(>=1 of QB T4 on board)
tier_available,20.0,,QB,,,T4,118,1.0,P(>=1 of QB T4 on board)
tier_available,20.0,,QB,,,T4,123,0.9982,P(>=1 of QB T4 on board)
tier_available,20.0,,QB,,,T4,138,0.8798,P(>=1 of QB T4 on board)
tier_available,20.0,,QB,,,T4,143,0.7625,P(>=1 of QB T4 on board)
tier_available,20.0,,QB,,,T4,158,0.0,P(>=1 of QB T4 on board)
tier_available,20.0,,RB,,,T1,3,1.0,P(>=1 of RB T1 on board)
tier_available,20.0,,RB,,,T1,18,0.8163,P(>=1 of RB T1 on board)
tier_available,20.0,,RB,,,T1,23,0.5218,P(>=1 of RB T1 on board)
tier_available,20.0,,RB,,,T1,38,0.0858,P(>=1 of RB T1 on board)
tier_available,20.0,,RB,,,T1,43,0.0055,P(>=1 of RB T1 on board)
tier_available,20.0,,RB,,,T1,58,0.0,P(>=1 of RB T1 on board)
tier_available,20.0,,RB,,,T1,63,0.0,P(>=1 of RB T1 on board)
tier_available,20.0,,RB,,,T1,78,0.0,P(>=1 of RB T1 on board)
tier_available,20.0,,RB,,,T1,83,0.0,P(>=1 of RB T1 on board)
tier_available,20.0,,RB,,,T1,98,0.0,P(>=1 of RB T1 on board)
tier_available,20.0,,RB,,,T1,103,0.0,P(>=1 of RB T1 on board)
tier_available,20.0,,RB,,,T1,118,0.0,P(>=1 of RB T1 on board)
tier_available,20.0,,RB,,,T1,123,0.0,P(>=1 of RB T1 on board)
tier_available,20.0,,RB,,,T1,138,0.0,P(>=1 of RB T1 on board)
tier_available,20.0,,RB,,,T1,143,0.0,P(>=1 of RB T1 on board)
tier_available,20.0,,RB,,,T1,158,0.0,P(>=1 of RB T1 on board)
tier_available,20.0,,RB,,,T2,3,1.0,P(>=1 of RB T2 on board)
tier_available,20.0,,RB,,,T2,18,0.9982,P(>=1 of RB T2 on board)
tier_available,20.0,,RB,,,T2,23,0.9895,P(>=1 of RB T2 on board)
tier_available,20.0,,RB,,,T2,38,0.748,P(>=1 of RB T2 on board)
tier_available,20.0,,RB,,,T2,43,0.4808,P(>=1 of RB T2 on board)
tier_available,20.0,,RB,,,T2,58,0.0695,P(>=1 of RB T2 on board)
tier_available,20.0,,RB,,,T2,63,0.0047,P(>=1 of RB T2 on board)
tier_available,20.0,,RB,,,T2,78,0.0,P(>=1 of RB T2 on board)
tier_available,20.0,,RB,,,T2,83,0.0,P(>=1 of RB T2 on board)
tier_available,20.0,,RB,,,T2,98,0.0,P(>=1 of RB T2 on board)
tier_available,20.0,,RB,,,T2,103,0.0,P(>=1 of RB T2 on board)
tier_available,20.0,,RB,,,T2,118,0.0,P(>=1 of RB T2 on board)
tier_available,20.0,,RB,,,T2,123,0.0,P(>=1 of RB T2 on board)
tier_available,20.0,,RB,,,T2,138,0.0,P(>=1 of RB T2 on board)
tier_available,20.0,,RB,,,T2,143,0.0,P(>=1 of RB T2 on board)
tier_available,20.0,,RB,,,T2,158,0.0,P(>=1 of RB T2 on board)
tier_available,20.0,,RB,,,T3,3,1.0,P(>=1 of RB T3 on board)
tier_available,20.0,,RB,,,T3,18,1.0,P(>=1 of RB T3 on board)
tier_available,20.0,,RB,,,T3,23,1.0,P(>=1 of RB T3 on board)
tier_available,20.0,,RB,,,T3,38,1.0,P(>=1 of RB T3 on board)
tier_available,20.0,,RB,,,T3,43,1.0,P(>=1 of RB T3 on board)
tier_available,20.0,,RB,,,T3,58,0.986,P(>=1 of RB T3 on board)
tier_available,20.0,,RB,,,T3,63,0.9385,P(>=1 of RB T3 on board)
tier_available,20.0,,RB,,,T3,78,0.4385,P(>=1 of RB T3 on board)
tier_available,20.0,,RB,,,T3,83,0.1665,P(>=1 of RB T3 on board)
tier_available,20.0,,RB,,,T3,98,0.0092,P(>=1 of RB T3 on board)
tier_available,20.0,,RB,,,T3,103,0.0003,P(>=1 of RB T3 on board)
tier_available,20.0,,RB,,,T3,118,0.0,P(>=1 of RB T3 on board)
tier_available,20.0,,RB,,,T3,123,0.0,P(>=1 of RB T3 on board)
tier_available,20.0,,RB,,,T3,138,0.0,P(>=1 of RB T3 on board)
tier_available,20.0,,RB,,,T3,143,0.0,P(>=1 of RB T3 on board)
tier_available,20.0,,RB,,,T3,158,0.0,P(>=1 of RB T3 on board)
tier_available,20.0,,RB,,,T4,3,1.0,P(>=1 of RB T4 on board)
tier_available,20.0,,RB,,,T4,18,1.0,P(>=1 of RB T4 on board)
tier_available,20.0,,RB,,,T4,23,1.0,P(>=1 of RB T4 on board)
tier_available,20.0,,RB,,,T4,38,1.0,P(>=1 of RB T4 on board)
tier_available,20.0,,RB,,,T4,43,1.0,P(>=1 of RB T4 on board)
tier_available,20.0,,RB,,,T4,58,1.0,P(>=1 of RB T4 on board)
tier_available,20.0,,RB,,,T4,63,1.0,P(>=1 of RB T4 on board)
tier_available,20.0,,RB,,,T4,78,1.0,P(>=1 of RB T4 on board)
tier_available,20.0,,RB,,,T4,83,1.0,P(>=1 of RB T4 on board)
tier_available,20.0,,RB,,,T4,98,0.9995,P(>=1 of RB T4 on board)
tier_available,20.0,,RB,,,T4,103,0.9902,P(>=1 of RB T4 on board)
tier_available,20.0,,RB,,,T4,118,0.8183,P(>=1 of RB T4 on board)
tier_available,20.0,,RB,,,T4,123,0.6532,P(>=1 of RB T4 on board)
tier_available,20.0,,RB,,,T4,138,0.1663,P(>=1 of RB T4 on board)
tier_available,20.0,,RB,,,T4,143,0.0262,P(>=1 of RB T4 on board)
tier_available,20.0,,RB,,,T4,158,0.0,P(>=1 of RB T4 on board)
tier_available,20.0,,WR,,,T1,3,1.0,P(>=1 of WR T1 on board)
tier_available,20.0,,WR,,,T1,18,0.8047,P(>=1 of WR T1 on board)
tier_available,20.0,,WR,,,T1,23,0.4457,P(>=1 of WR T1 on board)
tier_available,20.0,,WR,,,T1,38,0.0393,P(>=1 of WR T1 on board)
tier_available,20.0,,WR,,,T1,43,0.0013,P(>=1 of WR T1 on board)
tier_available,20.0,,WR,,,T1,58,0.0,P(>=1 of WR T1 on board)
tier_available,20.0,,WR,,,T1,63,0.0,P(>=1 of WR T1 on board)
tier_available,20.0,,WR,,,T1,78,0.0,P(>=1 of WR T1 on board)
tier_available,20.0,,WR,,,T1,83,0.0,P(>=1 of WR T1 on board)
tier_available,20.0,,WR,,,T1,98,0.0,P(>=1 of WR T1 on board)
tier_available,20.0,,WR,,,T1,103,0.0,P(>=1 of WR T1 on board)
tier_available,20.0,,WR,,,T1,118,0.0,P(>=1 of WR T1 on board)
tier_available,20.0,,WR,,,T1,123,0.0,P(>=1 of WR T1 on board)
tier_available,20.0,,WR,,,T1,138,0.0,P(>=1 of WR T1 on board)
tier_available,20.0,,WR,,,T1,143,0.0,P(>=1 of WR T1 on board)
tier_available,20.0,,WR,,,T1,158,0.0,P(>=1 of WR T1 on board)
tier_available,20.0,,WR,,,T2,3,1.0,P(>=1 of WR T2 on board)
tier_available,20.0,,WR,,,T2,18,0.9985,P(>=1 of WR T2 on board)
tier_available,20.0,,WR,,,T2,23,0.9825,P(>=1 of WR T2 on board)
tier_available,20.0,,WR,,,T2,38,0.6322,P(>=1 of WR T2 on board)
tier_available,20.0,,WR,,,T2,43,0.299,P(>=1 of WR T2 on board)
tier_available,20.0,,WR,,,T2,58,0.0232,P(>=1 of WR T2 on board)
tier_available,20.0,,WR,,,T2,63,0.0005,P(>=1 of WR T2 on board)
tier_available,20.0,,WR,,,T2,78,0.0,P(>=1 of WR T2 on board)
tier_available,20.0,,WR,,,T2,83,0.0,P(>=1 of WR T2 on board)
tier_available,20.0,,WR,,,T2,98,0.0,P(>=1 of WR T2 on board)
tier_available,20.0,,WR,,,T2,103,0.0,P(>=1 of WR T2 on board)
tier_available,20.0,,WR,,,T2,118,0.0,P(>=1 of WR T2 on board)
tier_available,20.0,,WR,,,T2,123,0.0,P(>=1 of WR T2 on board)
tier_available,20.0,,WR,,,T2,138,0.0,P(>=1 of WR T2 on board)
tier_available,20.0,,WR,,,T2,143,0.0,P(>=1 of WR T2 on board)
tier_available,20.0,,WR,,,T2,158,0.0,P(>=1 of WR T2 on board)
tier_available,20.0,,WR,,,T3,3,1.0,P(>=1 of WR T3 on board)
tier_available,20.0,,WR,,,T3,18,1.0,P(>=1 of WR T3 on board)
tier_available,20.0,,WR,,,T3,23,1.0,P(>=1 of WR T3 on board)
tier_available,20.0,,WR,,,T3,38,1.0,P(>=1 of WR T3 on board)
tier_available,20.0,,WR,,,T3,43,0.9995,P(>=1 of WR T3 on board)
tier_available,20.0,,WR,,,T3,58,0.8702,P(>=1 of WR T3 on board)
tier_available,20.0,,WR,,,T3,63,0.6218,P(>=1 of WR T3 on board)
tier_available,20.0,,WR,,,T3,78,0.1092,P(>=1 of WR T3 on board)
tier_available,20.0,,WR,,,T3,83,0.0138,P(>=1 of WR T3 on board)
tier_available,20.0,,WR,,,T3,98,0.0,P(>=1 of WR T3 on board)
tier_available,20.0,,WR,,,T3,103,0.0,P(>=1 of WR T3 on board)
tier_available,20.0,,WR,,,T3,118,0.0,P(>=1 of WR T3 on board)
tier_available,20.0,,WR,,,T3,123,0.0,P(>=1 of WR T3 on board)
tier_available,20.0,,WR,,,T3,138,0.0,P(>=1 of WR T3 on board)
tier_available,20.0,,WR,,,T3,143,0.0,P(>=1 of WR T3 on board)
tier_available,20.0,,WR,,,T3,158,0.0,P(>=1 of WR T3 on board)
tier_available,20.0,,WR,,,T4,3,1.0,P(>=1 of WR T4 on board)
tier_available,20.0,,WR,,,T4,18,1.0,P(>=1 of WR T4 on board)
tier_available,20.0,,WR,,,T4,23,1.0,P(>=1 of WR T4 on board)
tier_available,20.0,,WR,,,T4,38,1.0,P(>=1 of WR T4 on board)
tier_available,20.0,,WR,,,T4,43,1.0,P(>=1 of WR T4 on board)
tier_available,20.0,,WR,,,T4,58,1.0,P(>=1 of WR T4 on board)
tier_available,20.0,,WR,,,T4,63,1.0,P(>=1 of WR T4 on board)
tier_available,20.0,,WR,,,T4,78,1.0,P(>=1 of WR T4 on board)
tier_available,20.0,,WR,,,T4,83,1.0,P(>=1 of WR T4 on board)
tier_available,20.0,,WR,,,T4,98,0.997,P(>=1 of WR T4 on board)
tier_available,20.0,,WR,,,T4,103,0.9788,P(>=1 of WR T4 on board)
tier_available,20.0,,WR,,,T4,118,0.6505,P(>=1 of WR T4 on board)
tier_available,20.0,,WR,,,T4,123,0.4215,P(>=1 of WR T4 on board)
tier_available,20.0,,WR,,,T4,138,0.0925,P(>=1 of WR T4 on board)
tier_available,20.0,,WR,,,T4,143,0.014,P(>=1 of WR T4 on board)
tier_available,20.0,,WR,,,T4,158,0.0,P(>=1 of WR T4 on board)
tier_available,20.0,,TE,,,T1,3,0.9988,P(>=1 of TE T1 on board)
tier_available,20.0,,TE,,,T1,18,0.8307,P(>=1 of TE T1 on board)
tier_available,20.0,,TE,,,T1,23,0.7177,P(>=1 of TE T1 on board)
tier_available,20.0,,TE,,,T1,38,0.3155,P(>=1 of TE T1 on board)
tier_available,20.0,,TE,,,T1,43,0.1578,P(>=1 of TE T1 on board)
tier_available,20.0,,TE,,,T1,58,0.0138,P(>=1 of TE T1 on board)
tier_available,20.0,,TE,,,T1,63,0.0005,P(>=1 of TE T1 on board)
tier_available,20.0,,TE,,,T1,78,0.0,P(>=1 of TE T1 on board)
tier_available,20.0,,TE,,,T1,83,0.0,P(>=1 of TE T1 on board)
tier_available,20.0,,TE,,,T1,98,0.0,P(>=1 of TE T1 on board)
tier_available,20.0,,TE,,,T1,103,0.0,P(>=1 of TE T1 on board)
tier_available,20.0,,TE,,,T1,118,0.0,P(>=1 of TE T1 on board)
tier_available,20.0,,TE,,,T1,123,0.0,P(>=1 of TE T1 on board)
tier_available,20.0,,TE,,,T1,138,0.0,P(>=1 of TE T1 on board)
tier_available,20.0,,TE,,,T1,143,0.0,P(>=1 of TE T1 on board)
tier_available,20.0,,TE,,,T1,158,0.0,P(>=1 of TE T1 on board)
tier_available,20.0,,TE,,,T2,3,1.0,P(>=1 of TE T2 on board)
tier_available,20.0,,TE,,,T2,18,1.0,P(>=1 of TE T2 on board)
tier_available,20.0,,TE,,,T2,23,1.0,P(>=1 of TE T2 on board)
tier_available,20.0,,TE,,,T2,38,0.9942,P(>=1 of TE T2 on board)
tier_available,20.0,,TE,,,T2,43,0.9825,P(>=1 of TE T2 on board)
tier_available,20.0,,TE,,,T2,58,0.845,P(>=1 of TE T2 on board)
tier_available,20.0,,TE,,,T2,63,0.7432,P(>=1 of TE T2 on board)
tier_available,20.0,,TE,,,T2,78,0.3317,P(>=1 of TE T2 on board)
tier_available,20.0,,TE,,,T2,83,0.1965,P(>=1 of TE T2 on board)
tier_available,20.0,,TE,,,T2,98,0.0312,P(>=1 of TE T2 on board)
tier_available,20.0,,TE,,,T2,103,0.0057,P(>=1 of TE T2 on board)
tier_available,20.0,,TE,,,T2,118,0.0,P(>=1 of TE T2 on board)
tier_available,20.0,,TE,,,T2,123,0.0,P(>=1 of TE T2 on board)
tier_available,20.0,,TE,,,T2,138,0.0,P(>=1 of TE T2 on board)
tier_available,20.0,,TE,,,T2,143,0.0,P(>=1 of TE T2 on board)
tier_available,20.0,,TE,,,T2,158,0.0,P(>=1 of TE T2 on board)
tier_available,20.0,,TE,,,T3,3,1.0,P(>=1 of TE T3 on board)
tier_available,20.0,,TE,,,T3,18,1.0,P(>=1 of TE T3 on board)
tier_available,20.0,,TE,,,T3,23,1.0,P(>=1 of TE T3 on board)
tier_available,20.0,,TE,,,T3,38,1.0,P(>=1 of TE T3 on board)
tier_available,20.0,,TE,,,T3,43,1.0,P(>=1 of TE T3 on board)
tier_available,20.0,,TE,,,T3,58,1.0,P(>=1 of TE T3 on board)
tier_available,20.0,,TE,,,T3,63,1.0,P(>=1 of TE T3 on board)
tier_available,20.0,,TE,,,T3,78,0.997,P(>=1 of TE T3 on board)
tier_available,20.0,,TE,,,T3,83,0.9895,P(>=1 of TE T3 on board)
tier_available,20.0,,TE,,,T3,98,0.7485,P(>=1 of TE T3 on board)
tier_available,20.0,,TE,,,T3,103,0.5753,P(>=1 of TE T3 on board)
tier_available,20.0,,TE,,,T3,118,0.1113,P(>=1 of TE T3 on board)
tier_available,20.0,,TE,,,T3,123,0.038,P(>=1 of TE T3 on board)
tier_available,20.0,,TE,,,T3,138,0.0013,P(>=1 of TE T3 on board)
tier_available,20.0,,TE,,,T3,143,0.0,P(>=1 of TE T3 on board)
tier_available,20.0,,TE,,,T3,158,0.0,P(>=1 of TE T3 on board)
tier_available,20.0,,TE,,,T4,3,1.0,P(>=1 of TE T4 on board)
tier_available,20.0,,TE,,,T4,18,1.0,P(>=1 of TE T4 on board)
tier_available,20.0,,TE,,,T4,23,1.0,P(>=1 of TE T4 on board)
tier_available,20.0,,TE,,,T4,38,1.0,P(>=1 of TE T4 on board)
tier_available,20.0,,TE,,,T4,43,1.0,P(>=1 of TE T4 on board)
tier_available,20.0,,TE,,,T4,58,1.0,P(>=1 of TE T4 on board)
tier_available,20.0,,TE,,,T4,63,1.0,P(>=1 of TE T4 on board)
tier_available,20.0,,TE,,,T4,78,1.0,P(>=1 of TE T4 on board)
tier_available,20.0,,TE,,,T4,83,1.0,P(>=1 of TE T4 on board)
tier_available,20.0,,TE,,,T4,98,1.0,P(>=1 of TE T4 on board)
tier_available,20.0,,TE,,,T4,103,1.0,P(>=1 of TE T4 on board)
tier_available,20.0,,TE,,,T4,118,0.9968,P(>=1 of TE T4 on board)
tier_available,20.0,,TE,,,T4,123,0.968,P(>=1 of TE T4 on board)
tier_available,20.0,,TE,,,T4,138,0.445,P(>=1 of TE T4 on board)
tier_available,20.0,,TE,,,T4,143,0.2785,P(>=1 of TE T4 on board)
tier_available,20.0,,TE,,,T4,158,0.0,P(>=1 of TE T4 on board)
best_available_dist,20.0,,QB,,,,3,1.0,p10 of best-available QB positional rank
best_available_dist,20.0,,QB,,,,3,1.0,p25 of best-available QB positional rank
best_available_dist,20.0,,QB,,,,3,1.0,median of best-available QB positional rank
best_available_dist,20.0,,QB,,,,3,1.0,p75 of best-available QB positional rank
best_available_dist,20.0,,QB,,,,3,1.0,p90 of best-available QB positional rank
best_available_dist,20.0,,QB,,,,3,1.02,mean of best-available QB positional rank
best_available_dist,20.0,,QB,,,,18,1.0,p10 of best-available QB positional rank
best_available_dist,20.0,,QB,,,,18,1.0,p25 of best-available QB positional rank
best_available_dist,20.0,,QB,,,,18,1.0,median of best-available QB positional rank
best_available_dist,20.0,,QB,,,,18,2.0,p75 of best-available QB positional rank
best_available_dist,20.0,,QB,,,,18,2.0,p90 of best-available QB positional rank
best_available_dist,20.0,,QB,,,,18,1.35,mean of best-available QB positional rank
best_available_dist,20.0,,QB,,,,23,1.0,p10 of best-available QB positional rank
best_available_dist,20.0,,QB,,,,23,1.0,p25 of best-available QB positional rank
best_available_dist,20.0,,QB,,,,23,1.0,median of best-available QB positional rank
best_available_dist,20.0,,QB,,,,23,2.0,p75 of best-available QB positional rank
best_available_dist,20.0,,QB,,,,23,2.0,p90 of best-available QB positional rank
best_available_dist,20.0,,QB,,,,23,1.51,mean of best-available QB positional rank
best_available_dist,20.0,,QB,,,,38,1.0,p10 of best-available QB positional rank
best_available_dist,20.0,,QB,,,,38,1.0,p25 of best-available QB positional rank
best_available_dist,20.0,,QB,,,,38,2.0,median of best-available QB positional rank
best_available_dist,20.0,,QB,,,,38,3.0,p75 of best-available QB positional rank
best_available_dist,20.0,,QB,,,,38,4.0,p90 of best-available QB positional rank
best_available_dist,20.0,,QB,,,,38,2.42,mean of best-available QB positional rank
best_available_dist,20.0,,QB,,,,43,1.0,p10 of best-available QB positional rank
best_available_dist,20.0,,QB,,,,43,2.0,p25 of best-available QB positional rank
best_available_dist,20.0,,QB,,,,43,3.0,median of best-available QB positional rank
best_available_dist,20.0,,QB,,,,43,4.0,p75 of best-available QB positional rank
best_available_dist,20.0,,QB,,,,43,5.0,p90 of best-available QB positional rank
best_available_dist,20.0,,QB,,,,43,2.82,mean of best-available QB positional rank
best_available_dist,20.0,,QB,,,,58,2.0,p10 of best-available QB positional rank
best_available_dist,20.0,,QB,,,,58,4.0,p25 of best-available QB positional rank
best_available_dist,20.0,,QB,,,,58,5.0,median of best-available QB positional rank
best_available_dist,20.0,,QB,,,,58,6.0,p75 of best-available QB positional rank
best_available_dist,20.0,,QB,,,,58,7.0,p90 of best-available QB positional rank
best_available_dist,20.0,,QB,,,,58,4.62,mean of best-available QB positional rank
best_available_dist,20.0,,QB,,,,63,4.0,p10 of best-available QB positional rank
best_available_dist,20.0,,QB,,,,63,4.75,p25 of best-available QB positional rank
best_available_dist,20.0,,QB,,,,63,5.0,median of best-available QB positional rank
best_available_dist,20.0,,QB,,,,63,7.0,p75 of best-available QB positional rank
best_available_dist,20.0,,QB,,,,63,7.0,p90 of best-available QB positional rank
best_available_dist,20.0,,QB,,,,63,5.48,mean of best-available QB positional rank
best_available_dist,20.0,,QB,,,,78,5.0,p10 of best-available QB positional rank
best_available_dist,20.0,,QB,,,,78,6.0,p25 of best-available QB positional rank
best_available_dist,20.0,,QB,,,,78,7.0,median of best-available QB positional rank
best_available_dist,20.0,,QB,,,,78,8.0,p75 of best-available QB positional rank
best_available_dist,20.0,,QB,,,,78,9.0,p90 of best-available QB positional rank
best_available_dist,20.0,,QB,,,,78,6.92,mean of best-available QB positional rank
best_available_dist,20.0,,QB,,,,83,6.0,p10 of best-available QB positional rank
best_available_dist,20.0,,QB,,,,83,7.0,p25 of best-available QB positional rank
best_available_dist,20.0,,QB,,,,83,8.0,median of best-available QB positional rank
best_available_dist,20.0,,QB,,,,83,9.0,p75 of best-available QB positional rank
best_available_dist,20.0,,QB,,,,83,10.0,p90 of best-available QB positional rank
best_available_dist,20.0,,QB,,,,83,7.87,mean of best-available QB positional rank
best_available_dist,20.0,,QB,,,,98,7.0,p10 of best-available QB positional rank
best_available_dist,20.0,,QB,,,,98,8.0,p25 of best-available QB positional rank
best_available_dist,20.0,,QB,,,,98,9.0,median of best-available QB positional rank
best_available_dist,20.0,,QB,,,,98,11.0,p75 of best-available QB positional rank
best_available_dist,20.0,,QB,,,,98,11.0,p90 of best-available QB positional rank
best_available_dist,20.0,,QB,,,,98,9.34,mean of best-available QB positional rank
best_available_dist,20.0,,QB,,,,103,9.0,p10 of best-available QB positional rank
best_available_dist,20.0,,QB,,,,103,10.0,p25 of best-available QB positional rank
best_available_dist,20.0,,QB,,,,103,11.0,median of best-available QB positional rank
best_available_dist,20.0,,QB,,,,103,12.0,p75 of best-available QB positional rank
best_available_dist,20.0,,QB,,,,103,12.0,p90 of best-available QB positional rank
best_available_dist,20.0,,QB,,,,103,10.82,mean of best-available QB positional rank
best_available_dist,20.0,,QB,,,,118,11.0,p10 of best-available QB positional rank
best_available_dist,20.0,,QB,,,,118,12.0,p25 of best-available QB positional rank
best_available_dist,20.0,,QB,,,,118,13.0,median of best-available QB positional rank
best_available_dist,20.0,,QB,,,,118,14.0,p75 of best-available QB positional rank
best_available_dist,20.0,,QB,,,,118,16.0,p90 of best-available QB positional rank
best_available_dist,20.0,,QB,,,,118,13.1,mean of best-available QB positional rank
best_available_dist,20.0,,QB,,,,123,12.0,p10 of best-available QB positional rank
best_available_dist,20.0,,QB,,,,123,13.0,p25 of best-available QB positional rank
best_available_dist,20.0,,QB,,,,123,15.0,median of best-available QB positional rank
best_available_dist,20.0,,QB,,,,123,16.0,p75 of best-available QB positional rank
best_available_dist,20.0,,QB,,,,123,17.0,p90 of best-available QB positional rank
best_available_dist,20.0,,QB,,,,123,14.7,mean of best-available QB positional rank
best_available_dist,20.0,,QB,,,,138,14.0,p10 of best-available QB positional rank
best_available_dist,20.0,,QB,,,,138,16.0,p25 of best-available QB positional rank
best_available_dist,20.0,,QB,,,,138,18.0,median of best-available QB positional rank
best_available_dist,20.0,,QB,,,,138,19.0,p75 of best-available QB positional rank
best_available_dist,20.0,,QB,,,,138,21.0,p90 of best-available QB positional rank
best_available_dist,20.0,,QB,,,,138,17.56,mean of best-available QB positional rank
best_available_dist,20.0,,QB,,,,143,15.0,p10 of best-available QB positional rank
best_available_dist,20.0,,QB,,,,143,17.0,p25 of best-available QB positional rank
best_available_dist,20.0,,QB,,,,143,19.0,median of best-available QB positional rank
best_available_dist,20.0,,QB,,,,143,20.0,p75 of best-available QB positional rank
best_available_dist,20.0,,QB,,,,143,21.0,p90 of best-available QB positional rank
best_available_dist,20.0,,QB,,,,143,18.44,mean of best-available QB positional rank
best_available_dist,20.0,,RB,,,,3,1.0,p10 of best-available RB positional rank
best_available_dist,20.0,,RB,,,,3,1.0,p25 of best-available RB positional rank
best_available_dist,20.0,,RB,,,,3,1.0,median of best-available RB positional rank
best_available_dist,20.0,,RB,,,,3,1.0,p75 of best-available RB positional rank
best_available_dist,20.0,,RB,,,,3,2.0,p90 of best-available RB positional rank
best_available_dist,20.0,,RB,,,,3,1.17,mean of best-available RB positional rank
best_available_dist,20.0,,RB,,,,18,1.0,p10 of best-available RB positional rank
best_available_dist,20.0,,RB,,,,18,2.0,p25 of best-available RB positional rank
best_available_dist,20.0,,RB,,,,18,3.0,median of best-available RB positional rank
best_available_dist,20.0,,RB,,,,18,4.0,p75 of best-available RB positional rank
best_available_dist,20.0,,RB,,,,18,5.0,p90 of best-available RB positional rank
best_available_dist,20.0,,RB,,,,18,2.98,mean of best-available RB positional rank
best_available_dist,20.0,,RB,,,,23,3.0,p10 of best-available RB positional rank
best_available_dist,20.0,,RB,,,,23,3.0,p25 of best-available RB positional rank
best_available_dist,20.0,,RB,,,,23,4.0,median of best-available RB positional rank
best_available_dist,20.0,,RB,,,,23,6.0,p75 of best-available RB positional rank
best_available_dist,20.0,,RB,,,,23,7.0,p90 of best-available RB positional rank
best_available_dist,20.0,,RB,,,,23,4.64,mean of best-available RB positional rank
best_available_dist,20.0,,RB,,,,38,5.0,p10 of best-available RB positional rank
best_available_dist,20.0,,RB,,,,38,6.0,p25 of best-available RB positional rank
best_available_dist,20.0,,RB,,,,38,8.0,median of best-available RB positional rank
best_available_dist,20.0,,RB,,,,38,10.0,p75 of best-available RB positional rank
best_available_dist,20.0,,RB,,,,38,12.0,p90 of best-available RB positional rank
best_available_dist,20.0,,RB,,,,38,8.15,mean of best-available RB positional rank
best_available_dist,20.0,,RB,,,,43,7.0,p10 of best-available RB positional rank
best_available_dist,20.0,,RB,,,,43,9.0,p25 of best-available RB positional rank
best_available_dist,20.0,,RB,,,,43,11.0,median of best-available RB positional rank
best_available_dist,20.0,,RB,,,,43,12.0,p75 of best-available RB positional rank
best_available_dist,20.0,,RB,,,,43,13.0,p90 of best-available RB positional rank
best_available_dist,20.0,,RB,,,,43,10.38,mean of best-available RB positional rank
best_available_dist,20.0,,RB,,,,58,11.0,p10 of best-available RB positional rank
best_available_dist,20.0,,RB,,,,58,12.0,p25 of best-available RB positional rank
best_available_dist,20.0,,RB,,,,58,14.0,median of best-available RB positional rank
best_available_dist,20.0,,RB,,,,58,16.0,p75 of best-available RB positional rank
best_available_dist,20.0,,RB,,,,58,18.0,p90 of best-available RB positional rank
best_available_dist,20.0,,RB,,,,58,14.28,mean of best-available RB positional rank
best_available_dist,20.0,,RB,,,,63,12.0,p10 of best-available RB positional rank
best_available_dist,20.0,,RB,,,,63,14.0,p25 of best-available RB positional rank
best_available_dist,20.0,,RB,,,,63,16.0,median of best-available RB positional rank
best_available_dist,20.0,,RB,,,,63,18.0,p75 of best-available RB positional rank
best_available_dist,20.0,,RB,,,,63,20.0,p90 of best-available RB positional rank
best_available_dist,20.0,,RB,,,,63,16.18,mean of best-available RB positional rank
best_available_dist,20.0,,RB,,,,78,17.0,p10 of best-available RB positional rank
best_available_dist,20.0,,RB,,,,78,19.0,p25 of best-available RB positional rank
best_available_dist,20.0,,RB,,,,78,21.0,median of best-available RB positional rank
best_available_dist,20.0,,RB,,,,78,24.0,p75 of best-available RB positional rank
best_available_dist,20.0,,RB,,,,78,26.0,p90 of best-available RB positional rank
best_available_dist,20.0,,RB,,,,78,21.2,mean of best-available RB positional rank
best_available_dist,20.0,,RB,,,,83,20.0,p10 of best-available RB positional rank
best_available_dist,20.0,,RB,,,,83,22.0,p25 of best-available RB positional rank
best_available_dist,20.0,,RB,,,,83,24.0,median of best-available RB positional rank
best_available_dist,20.0,,RB,,,,83,26.0,p75 of best-available RB positional rank
best_available_dist,20.0,,RB,,,,83,28.0,p90 of best-available RB positional rank
best_available_dist,20.0,,RB,,,,83,23.91,mean of best-available RB positional rank
best_available_dist,20.0,,RB,,,,98,25.0,p10 of best-available RB positional rank
best_available_dist,20.0,,RB,,,,98,27.0,p25 of best-available RB positional rank
best_available_dist,20.0,,RB,,,,98,29.0,median of best-available RB positional rank
best_available_dist,20.0,,RB,,,,98,31.0,p75 of best-available RB positional rank
best_available_dist,20.0,,RB,,,,98,33.0,p90 of best-available RB positional rank
best_available_dist,20.0,,RB,,,,98,28.94,mean of best-available RB positional rank
best_available_dist,20.0,,RB,,,,103,27.0,p10 of best-available RB positional rank
best_available_dist,20.0,,RB,,,,103,29.0,p25 of best-available RB positional rank
best_available_dist,20.0,,RB,,,,103,31.0,median of best-available RB positional rank
best_available_dist,20.0,,RB,,,,103,33.0,p75 of best-available RB positional rank
best_available_dist,20.0,,RB,,,,103,34.0,p90 of best-available RB positional rank
best_available_dist,20.0,,RB,,,,103,30.64,mean of best-available RB positional rank
best_available_dist,20.0,,RB,,,,118,30.0,p10 of best-available RB positional rank
best_available_dist,20.0,,RB,,,,118,32.0,p25 of best-available RB positional rank
best_available_dist,20.0,,RB,,,,118,34.0,median of best-available RB positional rank
best_available_dist,20.0,,RB,,,,118,36.0,p75 of best-available RB positional rank
best_available_dist,20.0,,RB,,,,118,37.0,p90 of best-available RB positional rank
best_available_dist,20.0,,RB,,,,118,33.69,mean of best-available RB positional rank
best_available_dist,20.0,,RB,,,,123,32.0,p10 of best-available RB positional rank
best_available_dist,20.0,,RB,,,,123,33.0,p25 of best-available RB positional rank
best_available_dist,20.0,,RB,,,,123,35.0,median of best-available RB positional rank
best_available_dist,20.0,,RB,,,,123,37.0,p75 of best-available RB positional rank
best_available_dist,20.0,,RB,,,,123,38.0,p90 of best-available RB positional rank
best_available_dist,20.0,,RB,,,,123,35.23,mean of best-available RB positional rank
best_available_dist,20.0,,RB,,,,138,35.0,p10 of best-available RB positional rank
best_available_dist,20.0,,RB,,,,138,37.0,p25 of best-available RB positional rank
best_available_dist,20.0,,RB,,,,138,39.0,median of best-available RB positional rank
best_available_dist,20.0,,RB,,,,138,40.0,p75 of best-available RB positional rank
best_available_dist,20.0,,RB,,,,138,42.0,p90 of best-available RB positional rank
best_available_dist,20.0,,RB,,,,138,38.68,mean of best-available RB positional rank
best_available_dist,20.0,,RB,,,,143,37.0,p10 of best-available RB positional rank
best_available_dist,20.0,,RB,,,,143,39.0,p25 of best-available RB positional rank
best_available_dist,20.0,,RB,,,,143,41.0,median of best-available RB positional rank
best_available_dist,20.0,,RB,,,,143,43.0,p75 of best-available RB positional rank
best_available_dist,20.0,,RB,,,,143,44.0,p90 of best-available RB positional rank
best_available_dist,20.0,,RB,,,,143,40.9,mean of best-available RB positional rank
best_available_dist,20.0,,WR,,,,3,1.0,p10 of best-available WR positional rank
best_available_dist,20.0,,WR,,,,3,1.0,p25 of best-available WR positional rank
best_available_dist,20.0,,WR,,,,3,1.0,median of best-available WR positional rank
best_available_dist,20.0,,WR,,,,3,1.0,p75 of best-available WR positional rank
best_available_dist,20.0,,WR,,,,3,2.0,p90 of best-available WR positional rank
best_available_dist,20.0,,WR,,,,3,1.2,mean of best-available WR positional rank
best_available_dist,20.0,,WR,,,,18,2.0,p10 of best-available WR positional rank
best_available_dist,20.0,,WR,,,,18,2.0,p25 of best-available WR positional rank
best_available_dist,20.0,,WR,,,,18,3.0,median of best-available WR positional rank
best_available_dist,20.0,,WR,,,,18,5.0,p75 of best-available WR positional rank
best_available_dist,20.0,,WR,,,,18,7.0,p90 of best-available WR positional rank
best_available_dist,20.0,,WR,,,,18,3.95,mean of best-available WR positional rank
best_available_dist,20.0,,WR,,,,23,3.0,p10 of best-available WR positional rank
best_available_dist,20.0,,WR,,,,23,4.0,p25 of best-available WR positional rank
best_available_dist,20.0,,WR,,,,23,6.0,median of best-available WR positional rank
best_available_dist,20.0,,WR,,,,23,8.0,p75 of best-available WR positional rank
best_available_dist,20.0,,WR,,,,23,9.0,p90 of best-available WR positional rank
best_available_dist,20.0,,WR,,,,23,6.04,mean of best-available WR positional rank
best_available_dist,20.0,,WR,,,,38,7.0,p10 of best-available WR positional rank
best_available_dist,20.0,,WR,,,,38,9.0,p25 of best-available WR positional rank
best_available_dist,20.0,,WR,,,,38,11.0,median of best-available WR positional rank
best_available_dist,20.0,,WR,,,,38,14.0,p75 of best-available WR positional rank
best_available_dist,20.0,,WR,,,,38,16.0,p90 of best-available WR positional rank
best_available_dist,20.0,,WR,,,,38,11.24,mean of best-available WR positional rank
best_available_dist,20.0,,WR,,,,43,11.0,p10 of best-available WR positional rank
best_available_dist,20.0,,WR,,,,43,12.0,p25 of best-available WR positional rank
best_available_dist,20.0,,WR,,,,43,14.0,median of best-available WR positional rank
best_available_dist,20.0,,WR,,,,43,16.0,p75 of best-available WR positional rank
best_available_dist,20.0,,WR,,,,43,18.0,p90 of best-available WR positional rank
best_available_dist,20.0,,WR,,,,43,14.3,mean of best-available WR positional rank
best_available_dist,20.0,,WR,,,,58,15.0,p10 of best-available WR positional rank
best_available_dist,20.0,,WR,,,,58,17.0,p25 of best-available WR positional rank
best_available_dist,20.0,,WR,,,,58,20.0,median of best-available WR positional rank
best_available_dist,20.0,,WR,,,,58,23.0,p75 of best-available WR positional rank
best_available_dist,20.0,,WR,,,,58,25.0,p90 of best-available WR positional rank
best_available_dist,20.0,,WR,,,,58,19.96,mean of best-available WR positional rank
best_available_dist,20.0,,WR,,,,63,19.0,p10 of best-available WR positional rank
best_available_dist,20.0,,WR,,,,63,21.0,p25 of best-available WR positional rank
best_available_dist,20.0,,WR,,,,63,24.0,median of best-available WR positional rank
best_available_dist,20.0,,WR,,,,63,26.0,p75 of best-available WR positional rank
best_available_dist,20.0,,WR,,,,63,28.0,p90 of best-available WR positional rank
best_available_dist,20.0,,WR,,,,63,23.51,mean of best-available WR positional rank
best_available_dist,20.0,,WR,,,,78,24.0,p10 of best-available WR positional rank
best_available_dist,20.0,,WR,,,,78,27.0,p25 of best-available WR positional rank
best_available_dist,20.0,,WR,,,,78,30.0,median of best-available WR positional rank
best_available_dist,20.0,,WR,,,,78,32.0,p75 of best-available WR positional rank
best_available_dist,20.0,,WR,,,,78,33.0,p90 of best-available WR positional rank
best_available_dist,20.0,,WR,,,,78,29.2,mean of best-available WR positional rank
best_available_dist,20.0,,WR,,,,83,28.0,p10 of best-available WR positional rank
best_available_dist,20.0,,WR,,,,83,30.0,p25 of best-available WR positional rank
best_available_dist,20.0,,WR,,,,83,32.0,median of best-available WR positional rank
best_available_dist,20.0,,WR,,,,83,34.0,p75 of best-available WR positional rank
best_available_dist,20.0,,WR,,,,83,35.0,p90 of best-available WR positional rank
best_available_dist,20.0,,WR,,,,83,31.76,mean of best-available WR positional rank
best_available_dist,20.0,,WR,,,,98,32.0,p10 of best-available WR positional rank
best_available_dist,20.0,,WR,,,,98,34.0,p25 of best-available WR positional rank
best_available_dist,20.0,,WR,,,,98,37.0,median of best-available WR positional rank
best_available_dist,20.0,,WR,,,,98,39.0,p75 of best-available WR positional rank
best_available_dist,20.0,,WR,,,,98,42.0,p90 of best-available WR positional rank
best_available_dist,20.0,,WR,,,,98,36.94,mean of best-available WR positional rank
best_available_dist,20.0,,WR,,,,103,35.0,p10 of best-available WR positional rank
best_available_dist,20.0,,WR,,,,103,37.0,p25 of best-available WR positional rank
best_available_dist,20.0,,WR,,,,103,39.0,median of best-available WR positional rank
best_available_dist,20.0,,WR,,,,103,42.0,p75 of best-available WR positional rank
best_available_dist,20.0,,WR,,,,103,44.0,p90 of best-available WR positional rank
best_available_dist,20.0,,WR,,,,103,39.2,mean of best-available WR positional rank
best_available_dist,20.0,,WR,,,,118,39.0,p10 of best-available WR positional rank
best_available_dist,20.0,,WR,,,,118,42.0,p25 of best-available WR positional rank
best_available_dist,20.0,,WR,,,,118,44.0,median of best-available WR positional rank
best_available_dist,20.0,,WR,,,,118,46.0,p75 of best-available WR positional rank
best_available_dist,20.0,,WR,,,,118,48.0,p90 of best-available WR positional rank
best_available_dist,20.0,,WR,,,,118,43.97,mean of best-available WR positional rank
best_available_dist,20.0,,WR,,,,123,43.0,p10 of best-available WR positional rank
best_available_dist,20.0,,WR,,,,123,44.0,p25 of best-available WR positional rank
best_available_dist,20.0,,WR,,,,123,46.0,median of best-available WR positional rank
best_available_dist,20.0,,WR,,,,123,48.0,p75 of best-available WR positional rank
best_available_dist,20.0,,WR,,,,123,49.0,p90 of best-available WR positional rank
best_available_dist,20.0,,WR,,,,123,45.93,mean of best-available WR positional rank
best_available_dist,20.0,,WR,,,,138,46.0,p10 of best-available WR positional rank
best_available_dist,20.0,,WR,,,,138,47.0,p25 of best-available WR positional rank
best_available_dist,20.0,,WR,,,,138,49.0,median of best-available WR positional rank
best_available_dist,20.0,,WR,,,,138,51.0,p75 of best-available WR positional rank
best_available_dist,20.0,,WR,,,,138,52.0,p90 of best-available WR positional rank
best_available_dist,20.0,,WR,,,,138,49.12,mean of best-available WR positional rank
best_available_dist,20.0,,WR,,,,143,48.0,p10 of best-available WR positional rank
best_available_dist,20.0,,WR,,,,143,50.0,p25 of best-available WR positional rank
best_available_dist,20.0,,WR,,,,143,51.0,median of best-available WR positional rank
best_available_dist,20.0,,WR,,,,143,53.0,p75 of best-available WR positional rank
best_available_dist,20.0,,WR,,,,143,54.0,p90 of best-available WR positional rank
best_available_dist,20.0,,WR,,,,143,51.11,mean of best-available WR positional rank
best_available_dist,20.0,,TE,,,,3,1.0,p10 of best-available TE positional rank
best_available_dist,20.0,,TE,,,,3,1.0,p25 of best-available TE positional rank
best_available_dist,20.0,,TE,,,,3,1.0,median of best-available TE positional rank
best_available_dist,20.0,,TE,,,,3,1.0,p75 of best-available TE positional rank
best_available_dist,20.0,,TE,,,,3,1.0,p90 of best-available TE positional rank
best_available_dist,20.0,,TE,,,,3,1.05,mean of best-available TE positional rank
best_available_dist,20.0,,TE,,,,18,1.0,p10 of best-available TE positional rank
best_available_dist,20.0,,TE,,,,18,1.0,p25 of best-available TE positional rank
best_available_dist,20.0,,TE,,,,18,1.0,median of best-available TE positional rank
best_available_dist,20.0,,TE,,,,18,2.0,p75 of best-available TE positional rank
best_available_dist,20.0,,TE,,,,18,3.0,p90 of best-available TE positional rank
best_available_dist,20.0,,TE,,,,18,1.68,mean of best-available TE positional rank
best_available_dist,20.0,,TE,,,,23,1.0,p10 of best-available TE positional rank
best_available_dist,20.0,,TE,,,,23,1.0,p25 of best-available TE positional rank
best_available_dist,20.0,,TE,,,,23,2.0,median of best-available TE positional rank
best_available_dist,20.0,,TE,,,,23,3.0,p75 of best-available TE positional rank
best_available_dist,20.0,,TE,,,,23,3.0,p90 of best-available TE positional rank
best_available_dist,20.0,,TE,,,,23,1.94,mean of best-available TE positional rank
best_available_dist,20.0,,TE,,,,38,1.0,p10 of best-available TE positional rank
best_available_dist,20.0,,TE,,,,38,2.0,p25 of best-available TE positional rank
best_available_dist,20.0,,TE,,,,38,3.0,median of best-available TE positional rank
best_available_dist,20.0,,TE,,,,38,4.0,p75 of best-available TE positional rank
best_available_dist,20.0,,TE,,,,38,4.0,p90 of best-available TE positional rank
best_available_dist,20.0,,TE,,,,38,2.96,mean of best-available TE positional rank
best_available_dist,20.0,,TE,,,,43,2.0,p10 of best-available TE positional rank
best_available_dist,20.0,,TE,,,,43,3.0,p25 of best-available TE positional rank
best_available_dist,20.0,,TE,,,,43,3.0,median of best-available TE positional rank
best_available_dist,20.0,,TE,,,,43,4.0,p75 of best-available TE positional rank
best_available_dist,20.0,,TE,,,,43,5.0,p90 of best-available TE positional rank
best_available_dist,20.0,,TE,,,,43,3.44,mean of best-available TE positional rank
best_available_dist,20.0,,TE,,,,58,3.0,p10 of best-available TE positional rank
best_available_dist,20.0,,TE,,,,58,4.0,p25 of best-available TE positional rank
best_available_dist,20.0,,TE,,,,58,5.0,median of best-available TE positional rank
best_available_dist,20.0,,TE,,,,58,5.0,p75 of best-available TE positional rank
best_available_dist,20.0,,TE,,,,58,6.0,p90 of best-available TE positional rank
best_available_dist,20.0,,TE,,,,58,4.54,mean of best-available TE positional rank
best_available_dist,20.0,,TE,,,,63,4.0,p10 of best-available TE positional rank
best_available_dist,20.0,,TE,,,,63,4.0,p25 of best-available TE positional rank
best_available_dist,20.0,,TE,,,,63,5.0,median of best-available TE positional rank
best_available_dist,20.0,,TE,,,,63,6.0,p75 of best-available TE positional rank
best_available_dist,20.0,,TE,,,,63,6.0,p90 of best-available TE positional rank
best_available_dist,20.0,,TE,,,,63,4.95,mean of best-available TE positional rank
best_available_dist,20.0,,TE,,,,78,5.0,p10 of best-available TE positional rank
best_available_dist,20.0,,TE,,,,78,5.0,p25 of best-available TE positional rank
best_available_dist,20.0,,TE,,,,78,6.0,median of best-available TE positional rank
best_available_dist,20.0,,TE,,,,78,8.0,p75 of best-available TE positional rank
best_available_dist,20.0,,TE,,,,78,9.0,p90 of best-available TE positional rank
best_available_dist,20.0,,TE,,,,78,6.41,mean of best-available TE positional rank
best_available_dist,20.0,,TE,,,,83,5.0,p10 of best-available TE positional rank
best_available_dist,20.0,,TE,,,,83,6.0,p25 of best-available TE positional rank
best_available_dist,20.0,,TE,,,,83,7.0,median of best-available TE positional rank
best_available_dist,20.0,,TE,,,,83,8.0,p75 of best-available TE positional rank
best_available_dist,20.0,,TE,,,,83,9.0,p90 of best-available TE positional rank
best_available_dist,20.0,,TE,,,,83,7.13,mean of best-available TE positional rank
best_available_dist,20.0,,TE,,,,98,7.0,p10 of best-available TE positional rank
best_available_dist,20.0,,TE,,,,98,8.0,p25 of best-available TE positional rank
best_available_dist,20.0,,TE,,,,98,9.0,median of best-available TE positional rank
best_available_dist,20.0,,TE,,,,98,10.0,p75 of best-available TE positional rank
best_available_dist,20.0,,TE,,,,98,12.0,p90 of best-available TE positional rank
best_available_dist,20.0,,TE,,,,98,9.36,mean of best-available TE positional rank
best_available_dist,20.0,,TE,,,,103,8.0,p10 of best-available TE positional rank
best_available_dist,20.0,,TE,,,,103,9.0,p25 of best-available TE positional rank
best_available_dist,20.0,,TE,,,,103,10.0,median of best-available TE positional rank
best_available_dist,20.0,,TE,,,,103,12.0,p75 of best-available TE positional rank
best_available_dist,20.0,,TE,,,,103,13.0,p90 of best-available TE positional rank
best_available_dist,20.0,,TE,,,,103,10.31,mean of best-available TE positional rank
best_available_dist,20.0,,TE,,,,118,10.0,p10 of best-available TE positional rank
best_available_dist,20.0,,TE,,,,118,12.0,p25 of best-available TE positional rank
best_available_dist,20.0,,TE,,,,118,14.0,median of best-available TE positional rank
best_available_dist,20.0,,TE,,,,118,15.0,p75 of best-available TE positional rank
best_available_dist,20.0,,TE,,,,118,16.0,p90 of best-available TE positional rank
best_available_dist,20.0,,TE,,,,118,13.61,mean of best-available TE positional rank
best_available_dist,20.0,,TE,,,,123,12.0,p10 of best-available TE positional rank
best_available_dist,20.0,,TE,,,,123,14.0,p25 of best-available TE positional rank
best_available_dist,20.0,,TE,,,,123,15.0,median of best-available TE positional rank
best_available_dist,20.0,,TE,,,,123,16.0,p75 of best-available TE positional rank
best_available_dist,20.0,,TE,,,,123,18.0,p90 of best-available TE positional rank
best_available_dist,20.0,,TE,,,,123,15.01,mean of best-available TE positional rank
best_available_dist,20.0,,TE,,,,138,16.0,p10 of best-available TE positional rank
best_available_dist,20.0,,TE,,,,138,17.0,p25 of best-available TE positional rank
best_available_dist,20.0,,TE,,,,138,19.0,median of best-available TE positional rank
best_available_dist,20.0,,TE,,,,138,21.0,p75 of best-available TE positional rank
best_available_dist,20.0,,TE,,,,138,22.0,p90 of best-available TE positional rank
best_available_dist,20.0,,TE,,,,138,18.87,mean of best-available TE positional rank
best_available_dist,20.0,,TE,,,,143,17.0,p10 of best-available TE positional rank
best_available_dist,20.0,,TE,,,,143,18.0,p25 of best-available TE positional rank
best_available_dist,20.0,,TE,,,,143,20.0,median of best-available TE positional rank
best_available_dist,20.0,,TE,,,,143,22.0,p75 of best-available TE positional rank
best_available_dist,20.0,,TE,,,,143,23.0,p90 of best-available TE positional rank
best_available_dist,20.0,,TE,,,,143,20.02,mean of best-available TE positional rank
